observed_at,date,player,actor,side,price,value_then,lag_h,premium_pct,round_bid
2026-08-13T09:24Z,2026-08-11T21:24,giacomo quagliata,BurtonGM89,buy,4000000,3289433,0.1,21.60,1
2026-08-13T09:24Z,2026-08-11T21:24,carlos romero,BurtonGM89,buy,45739000,40587172,0.1,12.69,0
2026-08-13T09:24Z,2026-08-11T21:24,fabio cardoso,Magic Mike 333,buy,949269,925408,0.1,2.58,0
2026-08-13T09:24Z,2026-08-11T21:24,beñat turrientes,miguel_autentico,buy,6892898,6794227,0.1,1.45,0
2026-08-13T09:24Z,2026-08-11T21:42,unai egiluz,BurtonGM89,sell,468693,432999,0.4,8.24,0
2026-08-13T09:24Z,2026-08-11T22:24,dani vivian,Albert Laporta,sell,11664367,12210287,0.3,-4.47,0
2026-08-13T09:24Z,2026-08-11T22:25,manuel fernandez,Albert Laporta,sell,373500,,,,0
2026-08-13T09:24Z,2026-08-11T22:25,pathe ciss,Albert Laporta,sell,10393147,11475255,0.3,-9.43,0
2026-08-13T09:24Z,2026-08-11T22:26,javi puado,Albert Laporta,sell,8041411,7327284,0.3,9.75,0
2026-08-13T09:24Z,2026-08-12T21:24,abde ezzalzouli,Albert Laporta,buy,49991863,48704731,8.8,2.64,0
2026-08-13T09:24Z,2026-08-12T21:24,santi comesaña,BurtonGM89,buy,35276000,32307977,8.8,9.19,0
2026-08-13T09:24Z,2026-08-12T21:24,jon karrikaburu,Magic Mike 333,buy,700000,603778,8.8,15.94,1
2026-08-13T09:24Z,2026-08-12T21:24,pedro diaz,Magic Mike 333,buy,2050000,1864693,8.8,9.94,1
2026-08-13T09:24Z,2026-08-12T21:24,raphinha,Magic Mike 333,buy,80000000,76787126,8.8,4.18,1
2026-08-13T09:24Z,2026-08-12T21:24,marko dmitrovic,BurtonGM89,buy,40010000,36835548,8.8,8.62,1
2026-08-13T10:41Z,2026-08-11T21:24,giacomo quagliata,BurtonGM89,buy,4000000,3289433,0.1,21.60,1
2026-08-13T10:41Z,2026-08-11T21:24,carlos romero,BurtonGM89,buy,45739000,40587172,0.1,12.69,0
2026-08-13T10:41Z,2026-08-11T21:24,fabio cardoso,Magic Mike 333,buy,949269,925408,0.1,2.58,0
2026-08-13T10:41Z,2026-08-11T21:24,beñat turrientes,miguel_autentico,buy,6892898,6794227,0.1,1.45,0
2026-08-13T10:41Z,2026-08-11T21:42,unai egiluz,BurtonGM89,sell,468693,432999,0.4,8.24,0
2026-08-13T10:41Z,2026-08-11T22:24,dani vivian,Albert Laporta,sell,11664367,12210287,0.3,-4.47,0
2026-08-13T10:41Z,2026-08-11T22:25,manuel fernandez,Albert Laporta,sell,373500,,,,0
2026-08-13T10:41Z,2026-08-11T22:25,pathe ciss,Albert Laporta,sell,10393147,11475255,0.3,-9.43,0
2026-08-13T10:41Z,2026-08-11T22:26,javi puado,Albert Laporta,sell,8041411,7327284,0.3,9.75,0
2026-08-13T10:41Z,2026-08-12T21:24,abde ezzalzouli,Albert Laporta,buy,49991863,48704731,8.8,2.64,0
2026-08-13T10:41Z,2026-08-12T21:24,santi comesaña,BurtonGM89,buy,35276000,32307977,8.8,9.19,0
2026-08-13T10:41Z,2026-08-12T21:24,jon karrikaburu,Magic Mike 333,buy,700000,603778,8.8,15.94,1
2026-08-13T10:41Z,2026-08-12T21:24,pedro diaz,Magic Mike 333,buy,2050000,1864693,8.8,9.94,1
2026-08-13T10:41Z,2026-08-12T21:24,raphinha,Magic Mike 333,buy,80000000,76787126,8.8,4.18,1
2026-08-13T10:41Z,2026-08-12T21:24,marko dmitrovic,BurtonGM89,buy,40010000,36835548,8.8,8.62,1
2026-08-13T11:00Z,2026-08-11T21:24,giacomo quagliata,BurtonGM89,buy,4000000,3289433,0.1,21.60,1
2026-08-13T11:00Z,2026-08-11T21:24,carlos romero,BurtonGM89,buy,45739000,40587172,0.1,12.69,0
2026-08-13T11:00Z,2026-08-11T21:24,fabio cardoso,Magic Mike 333,buy,949269,925408,0.1,2.58,0
2026-08-13T11:00Z,2026-08-11T21:24,beñat turrientes,miguel_autentico,buy,6892898,6794227,0.1,1.45,0
2026-08-13T11:00Z,2026-08-11T21:42,unai egiluz,BurtonGM89,sell,468693,432999,0.4,8.24,0
2026-08-13T11:00Z,2026-08-11T22:24,dani vivian,Albert Laporta,sell,11664367,12210287,0.3,-4.47,0
2026-08-13T11:00Z,2026-08-11T22:25,manuel fernandez,Albert Laporta,sell,373500,,,,0
2026-08-13T11:00Z,2026-08-11T22:25,pathe ciss,Albert Laporta,sell,10393147,11475255,0.3,-9.43,0
2026-08-13T11:00Z,2026-08-11T22:26,javi puado,Albert Laporta,sell,8041411,7327284,0.3,9.75,0
2026-08-13T11:00Z,2026-08-12T21:24,abde ezzalzouli,Albert Laporta,buy,49991863,48704731,8.8,2.64,0
2026-08-13T11:00Z,2026-08-12T21:24,santi comesaña,BurtonGM89,buy,35276000,32307977,8.8,9.19,0
2026-08-13T11:00Z,2026-08-12T21:24,jon karrikaburu,Magic Mike 333,buy,700000,603778,8.8,15.94,1
2026-08-13T11:00Z,2026-08-12T21:24,pedro diaz,Magic Mike 333,buy,2050000,1864693,8.8,9.94,1
2026-08-13T11:00Z,2026-08-12T21:24,raphinha,Magic Mike 333,buy,80000000,76787126,8.8,4.18,1
2026-08-13T11:00Z,2026-08-12T21:24,marko dmitrovic,BurtonGM89,buy,40010000,36835548,8.8,8.62,1
2026-08-13T11:20Z,2026-08-11T21:24,giacomo quagliata,BurtonGM89,buy,4000000,3289433,0.1,21.60,1
2026-08-13T11:20Z,2026-08-11T21:24,carlos romero,BurtonGM89,buy,45739000,40587172,0.1,12.69,0
2026-08-13T11:20Z,2026-08-11T21:24,fabio cardoso,Magic Mike 333,buy,949269,925408,0.1,2.58,0
2026-08-13T11:20Z,2026-08-11T21:24,beñat turrientes,miguel_autentico,buy,6892898,6794227,0.1,1.45,0
2026-08-13T11:20Z,2026-08-11T21:42,unai egiluz,BurtonGM89,sell,468693,432999,0.4,8.24,0
2026-08-13T11:20Z,2026-08-11T22:24,dani vivian,Albert Laporta,sell,11664367,12210287,0.3,-4.47,0
2026-08-13T11:20Z,2026-08-11T22:25,manuel fernandez,Albert Laporta,sell,373500,,,,0
2026-08-13T11:20Z,2026-08-11T22:25,pathe ciss,Albert Laporta,sell,10393147,11475255,0.3,-9.43,0
2026-08-13T11:20Z,2026-08-11T22:26,javi puado,Albert Laporta,sell,8041411,7327284,0.3,9.75,0
2026-08-13T11:20Z,2026-08-12T21:24,abde ezzalzouli,Albert Laporta,buy,49991863,48704731,8.8,2.64,0
2026-08-13T11:20Z,2026-08-12T21:24,santi comesaña,BurtonGM89,buy,35276000,32307977,8.8,9.19,0
2026-08-13T11:20Z,2026-08-12T21:24,jon karrikaburu,Magic Mike 333,buy,700000,603778,8.8,15.94,1
2026-08-13T11:20Z,2026-08-12T21:24,pedro diaz,Magic Mike 333,buy,2050000,1864693,8.8,9.94,1
2026-08-13T11:20Z,2026-08-12T21:24,raphinha,Magic Mike 333,buy,80000000,76787126,8.8,4.18,1
2026-08-13T11:20Z,2026-08-12T21:24,marko dmitrovic,BurtonGM89,buy,40010000,36835548,8.8,8.62,1
2026-08-13T11:20Z,2026-08-13T12:12,orri steinn oskarsson,miguel_autentico,sell,8567036,8000328,0.8,7.08,0
2026-08-13T11:20Z,2026-08-13T12:12,dani martinez,miguel_autentico,sell,425612,412199,0.8,3.25,0
2026-08-13T11:20Z,2026-08-13T12:13,hugo duro,miguel_autentico,sell,8800811,8490435,0.8,3.66,0
2026-08-13T15:35Z,2026-08-11T21:24,giacomo quagliata,BurtonGM89,buy,4000000,3289433,0.1,21.60,1
2026-08-13T15:35Z,2026-08-11T21:24,carlos romero,BurtonGM89,buy,45739000,40587172,0.1,12.69,0
2026-08-13T15:35Z,2026-08-11T21:24,fabio cardoso,Magic Mike 333,buy,949269,925408,0.1,2.58,0
2026-08-13T15:35Z,2026-08-11T21:24,beñat turrientes,miguel_autentico,buy,6892898,6794227,0.1,1.45,0
2026-08-13T15:35Z,2026-08-11T21:42,unai egiluz,BurtonGM89,sell,468693,432999,0.4,8.24,0
2026-08-13T15:35Z,2026-08-11T22:24,dani vivian,Albert Laporta,sell,11664367,12210287,0.3,-4.47,0
2026-08-13T15:35Z,2026-08-11T22:25,manuel fernandez,Albert Laporta,sell,373500,,,,0
2026-08-13T15:35Z,2026-08-11T22:25,pathe ciss,Albert Laporta,sell,10393147,11475255,0.3,-9.43,0
2026-08-13T15:35Z,2026-08-11T22:26,javi puado,Albert Laporta,sell,8041411,7327284,0.3,9.75,0
2026-08-13T15:35Z,2026-08-12T21:24,abde ezzalzouli,Albert Laporta,buy,49991863,48704731,8.8,2.64,0
2026-08-13T15:35Z,2026-08-12T21:24,santi comesaña,BurtonGM89,buy,35276000,32307977,8.8,9.19,0
2026-08-13T15:35Z,2026-08-12T21:24,jon karrikaburu,Magic Mike 333,buy,700000,603778,8.8,15.94,1
2026-08-13T15:35Z,2026-08-12T21:24,pedro diaz,Magic Mike 333,buy,2050000,1864693,8.8,9.94,1
2026-08-13T15:35Z,2026-08-12T21:24,raphinha,Magic Mike 333,buy,80000000,76787126,8.8,4.18,1
2026-08-13T15:35Z,2026-08-12T21:24,marko dmitrovic,BurtonGM89,buy,40010000,36835548,8.8,8.62,1
2026-08-13T15:35Z,2026-08-13T12:12,orri steinn oskarsson,miguel_autentico,sell,8567036,8000328,0.8,7.08,0
2026-08-13T15:35Z,2026-08-13T12:12,dani martinez,miguel_autentico,sell,425612,412199,0.8,3.25,0
2026-08-13T15:35Z,2026-08-13T12:13,hugo duro,miguel_autentico,sell,8800811,8490435,0.8,3.66,0
2026-08-13T19:46Z,2026-08-11T21:24,giacomo quagliata,BurtonGM89,buy,4000000,3289433,0.1,21.60,1
2026-08-13T19:46Z,2026-08-11T21:24,carlos romero,BurtonGM89,buy,45739000,40587172,0.1,12.69,0
2026-08-13T19:46Z,2026-08-11T21:24,fabio cardoso,Magic Mike 333,buy,949269,925408,0.1,2.58,0
2026-08-13T19:46Z,2026-08-11T21:24,beñat turrientes,miguel_autentico,buy,6892898,6794227,0.1,1.45,0
2026-08-13T19:46Z,2026-08-11T21:42,unai egiluz,BurtonGM89,sell,468693,432999,0.4,8.24,0
2026-08-13T19:46Z,2026-08-11T22:24,dani vivian,Albert Laporta,sell,11664367,12210287,0.3,-4.47,0
2026-08-13T19:46Z,2026-08-11T22:25,manuel fernandez,Albert Laporta,sell,373500,,,,0
2026-08-13T19:46Z,2026-08-11T22:25,pathe ciss,Albert Laporta,sell,10393147,11475255,0.3,-9.43,0
2026-08-13T19:46Z,2026-08-11T22:26,javi puado,Albert Laporta,sell,8041411,7327284,0.3,9.75,0
2026-08-13T19:46Z,2026-08-12T21:24,abde ezzalzouli,Albert Laporta,buy,49991863,48704731,8.8,2.64,0
2026-08-13T19:46Z,2026-08-12T21:24,santi comesaña,BurtonGM89,buy,35276000,32307977,8.8,9.19,0
2026-08-13T19:46Z,2026-08-12T21:24,jon karrikaburu,Magic Mike 333,buy,700000,603778,8.8,15.94,1
2026-08-13T19:46Z,2026-08-12T21:24,pedro diaz,Magic Mike 333,buy,2050000,1864693,8.8,9.94,1
2026-08-13T19:46Z,2026-08-12T21:24,raphinha,Magic Mike 333,buy,80000000,76787126,8.8,4.18,1
2026-08-13T19:46Z,2026-08-12T21:24,marko dmitrovic,BurtonGM89,buy,40010000,36835548,8.8,8.62,1
2026-08-13T19:46Z,2026-08-13T12:12,orri steinn oskarsson,miguel_autentico,sell,8567036,8000328,0.8,7.08,0
2026-08-13T19:46Z,2026-08-13T12:12,dani martinez,miguel_autentico,sell,425612,412199,0.8,3.25,0
2026-08-13T19:46Z,2026-08-13T12:13,hugo duro,miguel_autentico,sell,8800811,8490435,0.8,3.66,0
2026-08-13T21:45Z,2026-08-11T21:24,giacomo quagliata,BurtonGM89,buy,4000000,3289433,0.1,21.60,1
2026-08-13T21:45Z,2026-08-11T21:24,carlos romero,BurtonGM89,buy,45739000,40587172,0.1,12.69,0
2026-08-13T21:45Z,2026-08-11T21:24,fabio cardoso,Magic Mike 333,buy,949269,925408,0.1,2.58,0
2026-08-13T21:45Z,2026-08-11T21:24,beñat turrientes,miguel_autentico,buy,6892898,6794227,0.1,1.45,0
2026-08-13T21:45Z,2026-08-11T21:42,unai egiluz,BurtonGM89,sell,468693,432999,0.4,8.24,0
2026-08-13T21:45Z,2026-08-11T22:24,dani vivian,Albert Laporta,sell,11664367,12210287,0.3,-4.47,0
2026-08-13T21:45Z,2026-08-11T22:25,manuel fernandez,Albert Laporta,sell,373500,,,,0
2026-08-13T21:45Z,2026-08-11T22:25,pathe ciss,Albert Laporta,sell,10393147,11475255,0.3,-9.43,0
2026-08-13T21:45Z,2026-08-11T22:26,javi puado,Albert Laporta,sell,8041411,7327284,0.3,9.75,0
2026-08-13T21:45Z,2026-08-12T21:24,abde ezzalzouli,Albert Laporta,buy,49991863,48704731,8.8,2.64,0
2026-08-13T21:45Z,2026-08-12T21:24,santi comesaña,BurtonGM89,buy,35276000,32307977,8.8,9.19,0
2026-08-13T21:45Z,2026-08-12T21:24,jon karrikaburu,Magic Mike 333,buy,700000,603778,8.8,15.94,1
2026-08-13T21:45Z,2026-08-12T21:24,pedro diaz,Magic Mike 333,buy,2050000,1864693,8.8,9.94,1
2026-08-13T21:45Z,2026-08-12T21:24,raphinha,Magic Mike 333,buy,80000000,76787126,8.8,4.18,1
2026-08-13T21:45Z,2026-08-12T21:24,marko dmitrovic,BurtonGM89,buy,40010000,36835548,8.8,8.62,1
2026-08-13T21:45Z,2026-08-13T12:12,orri steinn oskarsson,miguel_autentico,sell,8567036,8000328,0.8,7.08,0
2026-08-13T21:45Z,2026-08-13T12:12,dani martinez,miguel_autentico,sell,425612,412199,0.8,3.25,0
2026-08-13T21:45Z,2026-08-13T12:13,hugo duro,miguel_autentico,sell,8800811,8490435,0.8,3.66,0
2026-08-13T22:15Z,2026-08-11T21:24,giacomo quagliata,BurtonGM89,buy,4000000,3289433,0.1,21.60,1
2026-08-13T22:15Z,2026-08-11T21:24,carlos romero,BurtonGM89,buy,45739000,40587172,0.1,12.69,0
2026-08-13T22:15Z,2026-08-11T21:24,fabio cardoso,Magic Mike 333,buy,949269,925408,0.1,2.58,0
2026-08-13T22:15Z,2026-08-11T21:24,beñat turrientes,miguel_autentico,buy,6892898,6794227,0.1,1.45,0
2026-08-13T22:15Z,2026-08-11T21:42,unai egiluz,BurtonGM89,sell,468693,432999,0.4,8.24,0
2026-08-13T22:15Z,2026-08-11T22:24,dani vivian,Albert Laporta,sell,11664367,12210287,0.3,-4.47,0
2026-08-13T22:15Z,2026-08-11T22:25,manuel fernandez,Albert Laporta,sell,373500,,,,0
2026-08-13T22:15Z,2026-08-11T22:25,pathe ciss,Albert Laporta,sell,10393147,11475255,0.3,-9.43,0
2026-08-13T22:15Z,2026-08-11T22:26,javi puado,Albert Laporta,sell,8041411,7327284,0.3,9.75,0
2026-08-13T22:15Z,2026-08-12T21:24,abde ezzalzouli,Albert Laporta,buy,49991863,48704731,8.8,2.64,0
2026-08-13T22:15Z,2026-08-12T21:24,santi comesaña,BurtonGM89,buy,35276000,32307977,8.8,9.19,0
2026-08-13T22:15Z,2026-08-12T21:24,jon karrikaburu,Magic Mike 333,buy,700000,603778,8.8,15.94,1
2026-08-13T22:15Z,2026-08-12T21:24,pedro diaz,Magic Mike 333,buy,2050000,1864693,8.8,9.94,1
2026-08-13T22:15Z,2026-08-12T21:24,raphinha,Magic Mike 333,buy,80000000,76787126,8.8,4.18,1
2026-08-13T22:15Z,2026-08-12T21:24,marko dmitrovic,BurtonGM89,buy,40010000,36835548,8.8,8.62,1
2026-08-13T22:15Z,2026-08-13T12:12,orri steinn oskarsson,miguel_autentico,sell,8567036,8000328,0.8,7.08,0
2026-08-13T22:15Z,2026-08-13T12:12,dani martinez,miguel_autentico,sell,425612,412199,0.8,3.25,0
2026-08-13T22:15Z,2026-08-13T12:13,hugo duro,miguel_autentico,sell,8800811,8490435,0.8,3.66,0
2026-08-13T22:15Z,2026-08-13T21:24,leandro cabrera,Albert Laporta,buy,17500002,16666574,3.8,5.00,0
2026-08-13T22:15Z,2026-08-13T21:24,arda guler,Albert Laporta,buy,50836360,50836360,3.8,0.00,0
2026-08-13T22:15Z,2026-08-13T21:24,giuliano simeone,SusoGattuso,buy,44652302,44739423,3.8,-0.19,0
2026-08-13T22:15Z,2026-08-13T21:24,asier villalibre,Albert Laporta,buy,6954257,6954257,3.8,0.00,0
2026-08-13T22:15Z,2026-08-13T21:24,denis suarez,BurtonGM89,buy,2580315,2580315,3.8,0.00,0
2026-08-13T22:15Z,2026-08-13T21:25,juan musso,BurtonGM89,sell,4748599,4676990,3.9,1.53,0
2026-08-13T22:15Z,2026-08-13T21:26,iago aspas,BurtonGM89,sell,7275530,7352988,3.9,-1.05,0
2026-08-13T22:15Z,2026-08-13T21:26,unai lopez,BurtonGM89,sell,5762182,5786111,3.9,-0.41,0
2026-08-13T22:15Z,2026-08-13T21:26,joaquin muñoz,BurtonGM89,sell,6489738,6985824,3.9,-7.10,0
2026-08-13T22:15Z,2026-08-13T21:26,aliou dieng,BurtonGM89,sell,5284122,4909583,3.9,7.63,0
2026-08-13T23:23Z,2026-08-11T21:24,giacomo quagliata,BurtonGM89,buy,4000000,3289433,0.1,21.60,1
2026-08-13T23:23Z,2026-08-11T21:24,carlos romero,BurtonGM89,buy,45739000,40587172,0.1,12.69,0
2026-08-13T23:23Z,2026-08-11T21:24,fabio cardoso,Magic Mike 333,buy,949269,925408,0.1,2.58,0
2026-08-13T23:23Z,2026-08-11T21:24,beñat turrientes,miguel_autentico,buy,6892898,6794227,0.1,1.45,0
2026-08-13T23:23Z,2026-08-11T21:42,unai egiluz,BurtonGM89,sell,468693,432999,0.4,8.24,0
2026-08-13T23:23Z,2026-08-11T22:24,dani vivian,Albert Laporta,sell,11664367,12210287,0.3,-4.47,0
2026-08-13T23:23Z,2026-08-11T22:25,manuel fernandez,Albert Laporta,sell,373500,,,,0
2026-08-13T23:23Z,2026-08-11T22:25,pathe ciss,Albert Laporta,sell,10393147,11475255,0.3,-9.43,0
2026-08-13T23:23Z,2026-08-11T22:26,javi puado,Albert Laporta,sell,8041411,7327284,0.3,9.75,0
2026-08-13T23:23Z,2026-08-12T21:24,abde ezzalzouli,Albert Laporta,buy,49991863,48704731,8.8,2.64,0
2026-08-13T23:23Z,2026-08-12T21:24,santi comesaña,BurtonGM89,buy,35276000,32307977,8.8,9.19,0
2026-08-13T23:23Z,2026-08-12T21:24,jon karrikaburu,Magic Mike 333,buy,700000,603778,8.8,15.94,1
2026-08-13T23:23Z,2026-08-12T21:24,pedro diaz,Magic Mike 333,buy,2050000,1864693,8.8,9.94,1
2026-08-13T23:23Z,2026-08-12T21:24,raphinha,Magic Mike 333,buy,80000000,76787126,8.8,4.18,1
2026-08-13T23:23Z,2026-08-12T21:24,marko dmitrovic,BurtonGM89,buy,40010000,36835548,8.8,8.62,1
2026-08-13T23:23Z,2026-08-13T12:12,orri steinn oskarsson,miguel_autentico,sell,8567036,8000328,0.8,7.08,0
2026-08-13T23:23Z,2026-08-13T12:12,dani martinez,miguel_autentico,sell,425612,412199,0.8,3.25,0
2026-08-13T23:23Z,2026-08-13T12:13,hugo duro,miguel_autentico,sell,8800811,8490435,0.8,3.66,0
2026-08-13T23:23Z,2026-08-13T21:24,leandro cabrera,Albert Laporta,buy,17500002,16666574,3.8,5.00,0
2026-08-13T23:23Z,2026-08-13T21:24,arda guler,Albert Laporta,buy,50836360,50836360,3.8,0.00,0
2026-08-13T23:23Z,2026-08-13T21:24,giuliano simeone,SusoGattuso,buy,44652302,44739423,3.8,-0.19,0
2026-08-13T23:23Z,2026-08-13T21:24,asier villalibre,Albert Laporta,buy,6954257,6954257,3.8,0.00,0
2026-08-13T23:23Z,2026-08-13T21:24,denis suarez,BurtonGM89,buy,2580315,2580315,3.8,0.00,0
2026-08-13T23:23Z,2026-08-13T21:25,juan musso,BurtonGM89,sell,4748599,4676990,3.9,1.53,0
2026-08-13T23:23Z,2026-08-13T21:26,iago aspas,BurtonGM89,sell,7275530,7352988,3.9,-1.05,0
2026-08-13T23:23Z,2026-08-13T21:26,unai lopez,BurtonGM89,sell,5762182,5786111,3.9,-0.41,0
2026-08-13T23:23Z,2026-08-13T21:26,joaquin muñoz,BurtonGM89,sell,6489738,6985824,3.9,-7.10,0
2026-08-13T23:23Z,2026-08-13T21:26,aliou dieng,BurtonGM89,sell,5284122,4909583,3.9,7.63,0
2026-08-14T10:40Z,2026-08-11T21:24,giacomo quagliata,BurtonGM89,buy,4000000,3289433,0.1,21.60,1
2026-08-14T10:40Z,2026-08-11T21:24,carlos romero,BurtonGM89,buy,45739000,40587172,0.1,12.69,0
2026-08-14T10:40Z,2026-08-11T21:24,fabio cardoso,Magic Mike 333,buy,949269,925408,0.1,2.58,0
2026-08-14T10:40Z,2026-08-11T21:24,beñat turrientes,miguel_autentico,buy,6892898,6794227,0.1,1.45,0
2026-08-14T10:40Z,2026-08-11T21:42,unai egiluz,BurtonGM89,sell,468693,432999,0.4,8.24,0
2026-08-14T10:40Z,2026-08-11T22:24,dani vivian,Albert Laporta,sell,11664367,12210287,0.3,-4.47,0
2026-08-14T10:40Z,2026-08-11T22:25,manuel fernandez,Albert Laporta,sell,373500,,,,0
2026-08-14T10:40Z,2026-08-11T22:25,pathe ciss,Albert Laporta,sell,10393147,11475255,0.3,-9.43,0
2026-08-14T10:40Z,2026-08-11T22:26,javi puado,Albert Laporta,sell,8041411,7327284,0.3,9.75,0
2026-08-14T10:40Z,2026-08-12T21:24,abde ezzalzouli,Albert Laporta,buy,49991863,48704731,8.8,2.64,0
2026-08-14T10:40Z,2026-08-12T21:24,santi comesaña,BurtonGM89,buy,35276000,32307977,8.8,9.19,0
2026-08-14T10:40Z,2026-08-12T21:24,jon karrikaburu,Magic Mike 333,buy,700000,603778,8.8,15.94,1
2026-08-14T10:40Z,2026-08-12T21:24,pedro diaz,Magic Mike 333,buy,2050000,1864693,8.8,9.94,1
2026-08-14T10:40Z,2026-08-12T21:24,raphinha,Magic Mike 333,buy,80000000,76787126,8.8,4.18,1
2026-08-14T10:40Z,2026-08-12T21:24,marko dmitrovic,BurtonGM89,buy,40010000,36835548,8.8,8.62,1
2026-08-14T10:40Z,2026-08-13T12:12,orri steinn oskarsson,miguel_autentico,sell,8567036,8000328,0.8,7.08,0
2026-08-14T10:40Z,2026-08-13T12:12,dani martinez,miguel_autentico,sell,425612,412199,0.8,3.25,0
2026-08-14T10:40Z,2026-08-13T12:13,hugo duro,miguel_autentico,sell,8800811,8490435,0.8,3.66,0
2026-08-14T10:40Z,2026-08-13T21:24,leandro cabrera,Albert Laporta,buy,17500002,16666574,3.8,5.00,0
2026-08-14T10:40Z,2026-08-13T21:24,arda guler,Albert Laporta,buy,50836360,50836360,3.8,0.00,0
2026-08-14T10:40Z,2026-08-13T21:24,giuliano simeone,SusoGattuso,buy,44652302,44739423,3.8,-0.19,0
2026-08-14T10:40Z,2026-08-13T21:24,asier villalibre,Albert Laporta,buy,6954257,6954257,3.8,0.00,0
2026-08-14T10:40Z,2026-08-13T21:24,denis suarez,BurtonGM89,buy,2580315,2580315,3.8,0.00,0
2026-08-14T10:40Z,2026-08-13T21:25,juan musso,BurtonGM89,sell,4748599,4676990,3.9,1.53,0
2026-08-14T10:40Z,2026-08-13T21:26,iago aspas,BurtonGM89,sell,7275530,7352988,3.9,-1.05,0
2026-08-14T10:40Z,2026-08-13T21:26,unai lopez,BurtonGM89,sell,5762182,5786111,3.9,-0.41,0
2026-08-14T10:40Z,2026-08-13T21:26,joaquin muñoz,BurtonGM89,sell,6489738,6985824,3.9,-7.10,0
2026-08-14T10:40Z,2026-08-13T21:26,aliou dieng,BurtonGM89,sell,5284122,4909583,3.9,7.63,0
2026-08-14T20:48Z,2026-08-11T21:24,giacomo quagliata,BurtonGM89,buy,4000000,3289433,0.1,21.60,1
2026-08-14T20:48Z,2026-08-11T21:24,carlos romero,BurtonGM89,buy,45739000,40587172,0.1,12.69,0
2026-08-14T20:48Z,2026-08-11T21:24,fabio cardoso,Magic Mike 333,buy,949269,925408,0.1,2.58,0
2026-08-14T20:48Z,2026-08-11T21:24,beñat turrientes,miguel_autentico,buy,6892898,6794227,0.1,1.45,0
2026-08-14T20:48Z,2026-08-11T21:42,unai egiluz,BurtonGM89,sell,468693,432999,0.4,8.24,0
2026-08-14T20:48Z,2026-08-11T22:24,dani vivian,Albert Laporta,sell,11664367,12210287,0.3,-4.47,0
2026-08-14T20:48Z,2026-08-11T22:25,manuel fernandez,Albert Laporta,sell,373500,,,,0
2026-08-14T20:48Z,2026-08-11T22:25,pathe ciss,Albert Laporta,sell,10393147,11475255,0.3,-9.43,0
2026-08-14T20:48Z,2026-08-11T22:26,javi puado,Albert Laporta,sell,8041411,7327284,0.3,9.75,0
2026-08-14T20:48Z,2026-08-12T21:24,abde ezzalzouli,Albert Laporta,buy,49991863,48704731,8.8,2.64,0
2026-08-14T20:48Z,2026-08-12T21:24,santi comesaña,BurtonGM89,buy,35276000,32307977,8.8,9.19,0
2026-08-14T20:48Z,2026-08-12T21:24,jon karrikaburu,Magic Mike 333,buy,700000,603778,8.8,15.94,1
2026-08-14T20:48Z,2026-08-12T21:24,pedro diaz,Magic Mike 333,buy,2050000,1864693,8.8,9.94,1
2026-08-14T20:48Z,2026-08-12T21:24,raphinha,Magic Mike 333,buy,80000000,76787126,8.8,4.18,1
2026-08-14T20:48Z,2026-08-12T21:24,marko dmitrovic,BurtonGM89,buy,40010000,36835548,8.8,8.62,1
2026-08-14T20:48Z,2026-08-13T12:12,orri steinn oskarsson,miguel_autentico,sell,8567036,8000328,0.8,7.08,0
2026-08-14T20:48Z,2026-08-13T12:12,dani martinez,miguel_autentico,sell,425612,412199,0.8,3.25,0
2026-08-14T20:48Z,2026-08-13T12:13,hugo duro,miguel_autentico,sell,8800811,8490435,0.8,3.66,0
2026-08-14T20:48Z,2026-08-13T21:24,leandro cabrera,Albert Laporta,buy,17500002,16666574,3.8,5.00,0
2026-08-14T20:48Z,2026-08-13T21:24,arda guler,Albert Laporta,buy,50836360,50836360,3.8,0.00,0
2026-08-14T20:48Z,2026-08-13T21:24,giuliano simeone,SusoGattuso,buy,44652302,44739423,3.8,-0.19,0
2026-08-14T20:48Z,2026-08-13T21:24,asier villalibre,Albert Laporta,buy,6954257,6954257,3.8,0.00,0
2026-08-14T20:48Z,2026-08-13T21:24,denis suarez,BurtonGM89,buy,2580315,2580315,3.8,0.00,0
2026-08-14T20:48Z,2026-08-13T21:25,juan musso,BurtonGM89,sell,4748599,4676990,3.9,1.53,0
2026-08-14T20:48Z,2026-08-13T21:26,iago aspas,BurtonGM89,sell,7275530,7352988,3.9,-1.05,0
2026-08-14T20:48Z,2026-08-13T21:26,unai lopez,BurtonGM89,sell,5762182,5786111,3.9,-0.41,0
2026-08-14T20:48Z,2026-08-13T21:26,joaquin muñoz,BurtonGM89,sell,6489738,6985824,3.9,-7.10,0
2026-08-14T20:48Z,2026-08-13T21:26,aliou dieng,BurtonGM89,sell,5284122,4909583,3.9,7.63,0
2026-08-14T20:48Z,2026-08-14T12:50,lucas boye,Magic Mike 333,sell,14013107,12511193,0.2,12.00,0
2026-08-14T20:48Z,2026-08-14T21:24,ionut radu,miguel_autentico,buy,39655832,39711707,8.8,-0.14,0
2026-08-14T20:48Z,2026-08-14T21:24,agoume,miguel_autentico,buy,5891526,5791526,8.8,1.73,0
2026-08-14T20:48Z,2026-08-14T21:24,eriksson,miguel_autentico,buy,2933863,2933863,8.8,0.00,0
2026-08-14T20:48Z,2026-08-14T21:24,gavi,Magic Mike 333,buy,35500000,33400322,8.8,6.29,1
2026-08-14T20:48Z,2026-08-14T21:24,t. morente,Magic Mike 333,buy,2033651,1986145,8.8,2.39,0
2026-08-14T20:48Z,2026-08-14T21:24,aramburu,SusoGattuso,buy,17785551,17175226,8.8,3.55,0
2026-08-14T21:57Z,2026-08-11T21:24,giacomo quagliata,BurtonGM89,buy,4000000,3289433,0.1,21.60,1
2026-08-14T21:57Z,2026-08-11T21:24,carlos romero,BurtonGM89,buy,45739000,40587172,0.1,12.69,0
2026-08-14T21:57Z,2026-08-11T21:24,fabio cardoso,Magic Mike 333,buy,949269,925408,0.1,2.58,0
2026-08-14T21:57Z,2026-08-11T21:24,beñat turrientes,miguel_autentico,buy,6892898,6794227,0.1,1.45,0
2026-08-14T21:57Z,2026-08-11T21:42,unai egiluz,BurtonGM89,sell,468693,432999,0.4,8.24,0
2026-08-14T21:57Z,2026-08-11T22:24,dani vivian,Albert Laporta,sell,11664367,12210287,0.3,-4.47,0
2026-08-14T21:57Z,2026-08-11T22:25,manuel fernandez,Albert Laporta,sell,373500,,,,0
2026-08-14T21:57Z,2026-08-11T22:25,pathe ciss,Albert Laporta,sell,10393147,11475255,0.3,-9.43,0
2026-08-14T21:57Z,2026-08-11T22:26,javi puado,Albert Laporta,sell,8041411,7327284,0.3,9.75,0
2026-08-14T21:57Z,2026-08-12T21:24,abde ezzalzouli,Albert Laporta,buy,49991863,48704731,8.8,2.64,0
2026-08-14T21:57Z,2026-08-12T21:24,santi comesaña,BurtonGM89,buy,35276000,32307977,8.8,9.19,0
2026-08-14T21:57Z,2026-08-12T21:24,jon karrikaburu,Magic Mike 333,buy,700000,603778,8.8,15.94,1
2026-08-14T21:57Z,2026-08-12T21:24,pedro diaz,Magic Mike 333,buy,2050000,1864693,8.8,9.94,1
2026-08-14T21:57Z,2026-08-12T21:24,raphinha,Magic Mike 333,buy,80000000,76787126,8.8,4.18,1
2026-08-14T21:57Z,2026-08-12T21:24,marko dmitrovic,BurtonGM89,buy,40010000,36835548,8.8,8.62,1
2026-08-14T21:57Z,2026-08-13T12:12,orri steinn oskarsson,miguel_autentico,sell,8567036,8000328,0.8,7.08,0
2026-08-14T21:57Z,2026-08-13T12:12,dani martinez,miguel_autentico,sell,425612,412199,0.8,3.25,0
2026-08-14T21:57Z,2026-08-13T12:13,hugo duro,miguel_autentico,sell,8800811,8490435,0.8,3.66,0
2026-08-14T21:57Z,2026-08-13T21:24,leandro cabrera,Albert Laporta,buy,17500002,16666574,3.8,5.00,0
2026-08-14T21:57Z,2026-08-13T21:24,arda guler,Albert Laporta,buy,50836360,50836360,3.8,0.00,0
2026-08-14T21:57Z,2026-08-13T21:24,giuliano simeone,SusoGattuso,buy,44652302,44739423,3.8,-0.19,0
2026-08-14T21:57Z,2026-08-13T21:24,asier villalibre,Albert Laporta,buy,6954257,6954257,3.8,0.00,0
2026-08-14T21:57Z,2026-08-13T21:24,denis suarez,BurtonGM89,buy,2580315,2580315,3.8,0.00,0
2026-08-14T21:57Z,2026-08-13T21:25,juan musso,BurtonGM89,sell,4748599,4676990,3.9,1.53,0
2026-08-14T21:57Z,2026-08-13T21:26,iago aspas,BurtonGM89,sell,7275530,7352988,3.9,-1.05,0
2026-08-14T21:57Z,2026-08-13T21:26,unai lopez,BurtonGM89,sell,5762182,5786111,3.9,-0.41,0
2026-08-14T21:57Z,2026-08-13T21:26,joaquin muñoz,BurtonGM89,sell,6489738,6985824,3.9,-7.10,0
2026-08-14T21:57Z,2026-08-13T21:26,aliou dieng,BurtonGM89,sell,5284122,4909583,3.9,7.63,0
2026-08-14T21:57Z,2026-08-14T12:50,lucas boye,Magic Mike 333,sell,14013107,12511193,0.2,12.00,0
2026-08-14T21:57Z,2026-08-14T21:24,ionut radu,miguel_autentico,buy,39655832,39711707,8.8,-0.14,0
2026-08-14T21:57Z,2026-08-14T21:24,agoume,miguel_autentico,buy,5891526,5791526,8.8,1.73,0
2026-08-14T21:57Z,2026-08-14T21:24,eriksson,miguel_autentico,buy,2933863,2933863,8.8,0.00,0
2026-08-14T21:57Z,2026-08-14T21:24,gavi,Magic Mike 333,buy,35500000,33400322,8.8,6.29,1
2026-08-14T21:57Z,2026-08-14T21:24,t. morente,Magic Mike 333,buy,2033651,1986145,8.8,2.39,0
2026-08-14T21:57Z,2026-08-14T21:24,aramburu,SusoGattuso,buy,17785551,17175226,8.8,3.55,0
2026-08-14T22:57Z,2026-08-11T21:24,giacomo quagliata,BurtonGM89,buy,4000000,3289433,0.1,21.60,1
2026-08-14T22:57Z,2026-08-11T21:24,carlos romero,BurtonGM89,buy,45739000,40587172,0.1,12.69,0
2026-08-14T22:57Z,2026-08-11T21:24,fabio cardoso,Magic Mike 333,buy,949269,925408,0.1,2.58,0
2026-08-14T22:57Z,2026-08-11T21:24,beñat turrientes,miguel_autentico,buy,6892898,6794227,0.1,1.45,0
2026-08-14T22:57Z,2026-08-11T21:42,unai egiluz,BurtonGM89,sell,468693,432999,0.4,8.24,0
2026-08-14T22:57Z,2026-08-11T22:24,dani vivian,Albert Laporta,sell,11664367,12210287,0.3,-4.47,0
2026-08-14T22:57Z,2026-08-11T22:25,manuel fernandez,Albert Laporta,sell,373500,,,,0
2026-08-14T22:57Z,2026-08-11T22:25,pathe ciss,Albert Laporta,sell,10393147,11475255,0.3,-9.43,0
2026-08-14T22:57Z,2026-08-11T22:26,javi puado,Albert Laporta,sell,8041411,7327284,0.3,9.75,0
2026-08-14T22:57Z,2026-08-12T21:24,abde ezzalzouli,Albert Laporta,buy,49991863,48704731,8.8,2.64,0
2026-08-14T22:57Z,2026-08-12T21:24,santi comesaña,BurtonGM89,buy,35276000,32307977,8.8,9.19,0
2026-08-14T22:57Z,2026-08-12T21:24,jon karrikaburu,Magic Mike 333,buy,700000,603778,8.8,15.94,1
2026-08-14T22:57Z,2026-08-12T21:24,pedro diaz,Magic Mike 333,buy,2050000,1864693,8.8,9.94,1
2026-08-14T22:57Z,2026-08-12T21:24,raphinha,Magic Mike 333,buy,80000000,76787126,8.8,4.18,1
2026-08-14T22:57Z,2026-08-12T21:24,marko dmitrovic,BurtonGM89,buy,40010000,36835548,8.8,8.62,1
2026-08-14T22:57Z,2026-08-13T12:12,orri steinn oskarsson,miguel_autentico,sell,8567036,8000328,0.8,7.08,0
2026-08-14T22:57Z,2026-08-13T12:12,dani martinez,miguel_autentico,sell,425612,412199,0.8,3.25,0
2026-08-14T22:57Z,2026-08-13T12:13,hugo duro,miguel_autentico,sell,8800811,8490435,0.8,3.66,0
2026-08-14T22:57Z,2026-08-13T21:24,leandro cabrera,Albert Laporta,buy,17500002,16666574,3.8,5.00,0
2026-08-14T22:57Z,2026-08-13T21:24,arda guler,Albert Laporta,buy,50836360,50836360,3.8,0.00,0
2026-08-14T22:57Z,2026-08-13T21:24,giuliano simeone,SusoGattuso,buy,44652302,44739423,3.8,-0.19,0
2026-08-14T22:57Z,2026-08-13T21:24,asier villalibre,Albert Laporta,buy,6954257,6954257,3.8,0.00,0
2026-08-14T22:57Z,2026-08-13T21:24,denis suarez,BurtonGM89,buy,2580315,2580315,3.8,0.00,0
2026-08-14T22:57Z,2026-08-13T21:25,juan musso,BurtonGM89,sell,4748599,4676990,3.9,1.53,0
2026-08-14T22:57Z,2026-08-13T21:26,iago aspas,BurtonGM89,sell,7275530,7352988,3.9,-1.05,0
2026-08-14T22:57Z,2026-08-13T21:26,unai lopez,BurtonGM89,sell,5762182,5786111,3.9,-0.41,0
2026-08-14T22:57Z,2026-08-13T21:26,joaquin muñoz,BurtonGM89,sell,6489738,6985824,3.9,-7.10,0
2026-08-14T22:57Z,2026-08-13T21:26,aliou dieng,BurtonGM89,sell,5284122,4909583,3.9,7.63,0
2026-08-14T22:57Z,2026-08-14T12:50,lucas boye,Magic Mike 333,sell,14013107,12511193,0.2,12.00,0
2026-08-14T22:57Z,2026-08-14T21:24,ionut radu,miguel_autentico,buy,39655832,39711707,8.8,-0.14,0
2026-08-14T22:57Z,2026-08-14T21:24,agoume,miguel_autentico,buy,5891526,5791526,8.8,1.73,0
2026-08-14T22:57Z,2026-08-14T21:24,eriksson,miguel_autentico,buy,2933863,2933863,8.8,0.00,0
2026-08-14T22:57Z,2026-08-14T21:24,gavi,Magic Mike 333,buy,35500000,33400322,8.8,6.29,1
2026-08-14T22:57Z,2026-08-14T21:24,t. morente,Magic Mike 333,buy,2033651,1986145,8.8,2.39,0
2026-08-14T22:57Z,2026-08-14T21:24,aramburu,SusoGattuso,buy,17785551,17175226,8.8,3.55,0
2026-08-15T07:02Z,2026-08-11T21:24,giacomo quagliata,BurtonGM89,buy,4000000,3289433,0.1,21.60,1
2026-08-15T07:02Z,2026-08-11T21:24,carlos romero,BurtonGM89,buy,45739000,40587172,0.1,12.69,0
2026-08-15T07:02Z,2026-08-11T21:24,fabio cardoso,Magic Mike 333,buy,949269,925408,0.1,2.58,0
2026-08-15T07:02Z,2026-08-11T21:24,beñat turrientes,miguel_autentico,buy,6892898,6794227,0.1,1.45,0
2026-08-15T07:02Z,2026-08-11T21:42,unai egiluz,BurtonGM89,sell,468693,432999,0.4,8.24,0
2026-08-15T07:02Z,2026-08-11T22:24,dani vivian,Albert Laporta,sell,11664367,12210287,0.3,-4.47,0
2026-08-15T07:02Z,2026-08-11T22:25,manuel fernandez,Albert Laporta,sell,373500,,,,0
2026-08-15T07:02Z,2026-08-11T22:25,pathe ciss,Albert Laporta,sell,10393147,11475255,0.3,-9.43,0
2026-08-15T07:02Z,2026-08-11T22:26,javi puado,Albert Laporta,sell,8041411,7327284,0.3,9.75,0
2026-08-15T07:02Z,2026-08-12T21:24,abde ezzalzouli,Albert Laporta,buy,49991863,48704731,8.8,2.64,0
2026-08-15T07:02Z,2026-08-12T21:24,santi comesaña,BurtonGM89,buy,35276000,32307977,8.8,9.19,0
2026-08-15T07:02Z,2026-08-12T21:24,jon karrikaburu,Magic Mike 333,buy,700000,603778,8.8,15.94,1
2026-08-15T07:02Z,2026-08-12T21:24,pedro diaz,Magic Mike 333,buy,2050000,1864693,8.8,9.94,1
2026-08-15T07:02Z,2026-08-12T21:24,raphinha,Magic Mike 333,buy,80000000,76787126,8.8,4.18,1
2026-08-15T07:02Z,2026-08-12T21:24,marko dmitrovic,BurtonGM89,buy,40010000,36835548,8.8,8.62,1
2026-08-15T07:02Z,2026-08-13T12:12,orri steinn oskarsson,miguel_autentico,sell,8567036,8000328,0.8,7.08,0
2026-08-15T07:02Z,2026-08-13T12:12,dani martinez,miguel_autentico,sell,425612,412199,0.8,3.25,0
2026-08-15T07:02Z,2026-08-13T12:13,hugo duro,miguel_autentico,sell,8800811,8490435,0.8,3.66,0
2026-08-15T07:02Z,2026-08-13T21:24,leandro cabrera,Albert Laporta,buy,17500002,16666574,3.8,5.00,0
2026-08-15T07:02Z,2026-08-13T21:24,arda guler,Albert Laporta,buy,50836360,50836360,3.8,0.00,0
2026-08-15T07:02Z,2026-08-13T21:24,giuliano simeone,SusoGattuso,buy,44652302,44739423,3.8,-0.19,0
2026-08-15T07:02Z,2026-08-13T21:24,asier villalibre,Albert Laporta,buy,6954257,6954257,3.8,0.00,0
2026-08-15T07:02Z,2026-08-13T21:24,denis suarez,BurtonGM89,buy,2580315,2580315,3.8,0.00,0
2026-08-15T07:02Z,2026-08-13T21:25,juan musso,BurtonGM89,sell,4748599,4676990,3.9,1.53,0
2026-08-15T07:02Z,2026-08-13T21:26,iago aspas,BurtonGM89,sell,7275530,7352988,3.9,-1.05,0
2026-08-15T07:02Z,2026-08-13T21:26,unai lopez,BurtonGM89,sell,5762182,5786111,3.9,-0.41,0
2026-08-15T07:02Z,2026-08-13T21:26,joaquin muñoz,BurtonGM89,sell,6489738,6985824,3.9,-7.10,0
2026-08-15T07:02Z,2026-08-13T21:26,aliou dieng,BurtonGM89,sell,5284122,4909583,3.9,7.63,0
2026-08-15T07:02Z,2026-08-14T12:50,lucas boye,Magic Mike 333,sell,14013107,12511193,0.2,12.00,0
2026-08-15T07:02Z,2026-08-14T21:24,ionut radu,miguel_autentico,buy,39655832,39711707,8.8,-0.14,0
2026-08-15T07:02Z,2026-08-14T21:24,agoume,miguel_autentico,buy,5891526,5791526,8.8,1.73,0
2026-08-15T07:02Z,2026-08-14T21:24,eriksson,miguel_autentico,buy,2933863,2933863,8.8,0.00,0
2026-08-15T07:02Z,2026-08-14T21:24,gavi,Magic Mike 333,buy,35500000,33400322,8.8,6.29,1
2026-08-15T07:02Z,2026-08-14T21:24,t. morente,Magic Mike 333,buy,2033651,1986145,8.8,2.39,0
2026-08-15T07:02Z,2026-08-14T21:24,aramburu,SusoGattuso,buy,17785551,17175226,8.8,3.55,0
2026-08-15T07:20Z,2026-08-11T21:24,giacomo quagliata,BurtonGM89,buy,4000000,3289433,0.1,21.60,1
2026-08-15T07:20Z,2026-08-11T21:24,carlos romero,BurtonGM89,buy,45739000,40587172,0.1,12.69,0
2026-08-15T07:20Z,2026-08-11T21:24,fabio cardoso,Magic Mike 333,buy,949269,925408,0.1,2.58,0
2026-08-15T07:20Z,2026-08-11T21:24,beñat turrientes,miguel_autentico,buy,6892898,6794227,0.1,1.45,0
2026-08-15T07:20Z,2026-08-11T21:42,unai egiluz,BurtonGM89,sell,468693,432999,0.4,8.24,0
2026-08-15T07:20Z,2026-08-11T22:24,dani vivian,Albert Laporta,sell,11664367,12210287,0.3,-4.47,0
2026-08-15T07:20Z,2026-08-11T22:25,manuel fernandez,Albert Laporta,sell,373500,,,,0
2026-08-15T07:20Z,2026-08-11T22:25,pathe ciss,Albert Laporta,sell,10393147,11475255,0.3,-9.43,0
2026-08-15T07:20Z,2026-08-11T22:26,javi puado,Albert Laporta,sell,8041411,7327284,0.3,9.75,0
2026-08-15T07:20Z,2026-08-12T21:24,abde ezzalzouli,Albert Laporta,buy,49991863,48704731,8.8,2.64,0
2026-08-15T07:20Z,2026-08-12T21:24,santi comesaña,BurtonGM89,buy,35276000,32307977,8.8,9.19,0
2026-08-15T07:20Z,2026-08-12T21:24,jon karrikaburu,Magic Mike 333,buy,700000,603778,8.8,15.94,1
2026-08-15T07:20Z,2026-08-12T21:24,pedro diaz,Magic Mike 333,buy,2050000,1864693,8.8,9.94,1
2026-08-15T07:20Z,2026-08-12T21:24,raphinha,Magic Mike 333,buy,80000000,76787126,8.8,4.18,1
2026-08-15T07:20Z,2026-08-12T21:24,marko dmitrovic,BurtonGM89,buy,40010000,36835548,8.8,8.62,1
2026-08-15T07:20Z,2026-08-13T12:12,orri steinn oskarsson,miguel_autentico,sell,8567036,8000328,0.8,7.08,0
2026-08-15T07:20Z,2026-08-13T12:12,dani martinez,miguel_autentico,sell,425612,412199,0.8,3.25,0
2026-08-15T07:20Z,2026-08-13T12:13,hugo duro,miguel_autentico,sell,8800811,8490435,0.8,3.66,0
2026-08-15T07:20Z,2026-08-13T21:24,leandro cabrera,Albert Laporta,buy,17500002,16666574,3.8,5.00,0
2026-08-15T07:20Z,2026-08-13T21:24,arda guler,Albert Laporta,buy,50836360,50836360,3.8,0.00,0
2026-08-15T07:20Z,2026-08-13T21:24,giuliano simeone,SusoGattuso,buy,44652302,44739423,3.8,-0.19,0
2026-08-15T07:20Z,2026-08-13T21:24,asier villalibre,Albert Laporta,buy,6954257,6954257,3.8,0.00,0
2026-08-15T07:20Z,2026-08-13T21:24,denis suarez,BurtonGM89,buy,2580315,2580315,3.8,0.00,0
2026-08-15T07:20Z,2026-08-13T21:25,juan musso,BurtonGM89,sell,4748599,4676990,3.9,1.53,0
2026-08-15T07:20Z,2026-08-13T21:26,iago aspas,BurtonGM89,sell,7275530,7352988,3.9,-1.05,0
2026-08-15T07:20Z,2026-08-13T21:26,unai lopez,BurtonGM89,sell,5762182,5786111,3.9,-0.41,0
2026-08-15T07:20Z,2026-08-13T21:26,joaquin muñoz,BurtonGM89,sell,6489738,6985824,3.9,-7.10,0
2026-08-15T07:20Z,2026-08-13T21:26,aliou dieng,BurtonGM89,sell,5284122,4909583,3.9,7.63,0
2026-08-15T07:20Z,2026-08-14T12:50,lucas boye,Magic Mike 333,sell,14013107,12511193,0.2,12.00,0
2026-08-15T07:20Z,2026-08-14T21:24,ionut radu,miguel_autentico,buy,39655832,39711707,8.8,-0.14,0
2026-08-15T07:20Z,2026-08-14T21:24,agoume,miguel_autentico,buy,5891526,5791526,8.8,1.73,0
2026-08-15T07:20Z,2026-08-14T21:24,eriksson,miguel_autentico,buy,2933863,2933863,8.8,0.00,0
2026-08-15T07:20Z,2026-08-14T21:24,gavi,Magic Mike 333,buy,35500000,33400322,8.8,6.29,1
2026-08-15T07:20Z,2026-08-14T21:24,t. morente,Magic Mike 333,buy,2033651,1986145,8.8,2.39,0
2026-08-15T07:20Z,2026-08-14T21:24,aramburu,SusoGattuso,buy,17785551,17175226,8.8,3.55,0
2026-08-15T08:26Z,2026-08-11T21:24,giacomo quagliata,BurtonGM89,buy,4000000,3289433,0.1,21.60,1
2026-08-15T08:26Z,2026-08-11T21:24,carlos romero,BurtonGM89,buy,45739000,40587172,0.1,12.69,0
2026-08-15T08:26Z,2026-08-11T21:24,fabio cardoso,Magic Mike 333,buy,949269,925408,0.1,2.58,0
2026-08-15T08:26Z,2026-08-11T21:24,beñat turrientes,miguel_autentico,buy,6892898,6794227,0.1,1.45,0
2026-08-15T08:26Z,2026-08-11T21:42,unai egiluz,BurtonGM89,sell,468693,432999,0.4,8.24,0
2026-08-15T08:26Z,2026-08-11T22:24,dani vivian,Albert Laporta,sell,11664367,12210287,0.3,-4.47,0
2026-08-15T08:26Z,2026-08-11T22:25,manuel fernandez,Albert Laporta,sell,373500,,,,0
2026-08-15T08:26Z,2026-08-11T22:25,pathe ciss,Albert Laporta,sell,10393147,11475255,0.3,-9.43,0
2026-08-15T08:26Z,2026-08-11T22:26,javi puado,Albert Laporta,sell,8041411,7327284,0.3,9.75,0
2026-08-15T08:26Z,2026-08-12T21:24,abde ezzalzouli,Albert Laporta,buy,49991863,48704731,8.8,2.64,0
2026-08-15T08:26Z,2026-08-12T21:24,santi comesaña,BurtonGM89,buy,35276000,32307977,8.8,9.19,0
2026-08-15T08:26Z,2026-08-12T21:24,jon karrikaburu,Magic Mike 333,buy,700000,603778,8.8,15.94,1
2026-08-15T08:26Z,2026-08-12T21:24,pedro diaz,Magic Mike 333,buy,2050000,1864693,8.8,9.94,1
2026-08-15T08:26Z,2026-08-12T21:24,raphinha,Magic Mike 333,buy,80000000,76787126,8.8,4.18,1
2026-08-15T08:26Z,2026-08-12T21:24,marko dmitrovic,BurtonGM89,buy,40010000,36835548,8.8,8.62,1
2026-08-15T08:26Z,2026-08-13T12:12,orri steinn oskarsson,miguel_autentico,sell,8567036,8000328,0.8,7.08,0
2026-08-15T08:26Z,2026-08-13T12:12,dani martinez,miguel_autentico,sell,425612,412199,0.8,3.25,0
2026-08-15T08:26Z,2026-08-13T12:13,hugo duro,miguel_autentico,sell,8800811,8490435,0.8,3.66,0
2026-08-15T08:26Z,2026-08-13T21:24,leandro cabrera,Albert Laporta,buy,17500002,16666574,3.8,5.00,0
2026-08-15T08:26Z,2026-08-13T21:24,arda guler,Albert Laporta,buy,50836360,50836360,3.8,0.00,0
2026-08-15T08:26Z,2026-08-13T21:24,giuliano simeone,SusoGattuso,buy,44652302,44739423,3.8,-0.19,0
2026-08-15T08:26Z,2026-08-13T21:24,asier villalibre,Albert Laporta,buy,6954257,6954257,3.8,0.00,0
2026-08-15T08:26Z,2026-08-13T21:24,denis suarez,BurtonGM89,buy,2580315,2580315,3.8,0.00,0
2026-08-15T08:26Z,2026-08-13T21:25,juan musso,BurtonGM89,sell,4748599,4676990,3.9,1.53,0
2026-08-15T08:26Z,2026-08-13T21:26,iago aspas,BurtonGM89,sell,7275530,7352988,3.9,-1.05,0
2026-08-15T08:26Z,2026-08-13T21:26,unai lopez,BurtonGM89,sell,5762182,5786111,3.9,-0.41,0
2026-08-15T08:26Z,2026-08-13T21:26,joaquin muñoz,BurtonGM89,sell,6489738,6985824,3.9,-7.10,0
2026-08-15T08:26Z,2026-08-13T21:26,aliou dieng,BurtonGM89,sell,5284122,4909583,3.9,7.63,0
2026-08-15T08:26Z,2026-08-14T12:50,lucas boye,Magic Mike 333,sell,14013107,12511193,0.2,12.00,0
2026-08-15T08:26Z,2026-08-14T21:24,ionut radu,miguel_autentico,buy,39655832,39711707,8.8,-0.14,0
2026-08-15T08:26Z,2026-08-14T21:24,agoume,miguel_autentico,buy,5891526,5791526,8.8,1.73,0
2026-08-15T08:26Z,2026-08-14T21:24,eriksson,miguel_autentico,buy,2933863,2933863,8.8,0.00,0
2026-08-15T08:26Z,2026-08-14T21:24,gavi,Magic Mike 333,buy,35500000,33400322,8.8,6.29,1
2026-08-15T08:26Z,2026-08-14T21:24,t. morente,Magic Mike 333,buy,2033651,1986145,8.8,2.39,0
2026-08-15T08:26Z,2026-08-14T21:24,aramburu,SusoGattuso,buy,17785551,17175226,8.8,3.55,0
2026-08-15T08:33Z,2026-08-11T21:24,giacomo quagliata,BurtonGM89,buy,4000000,3289433,0.1,21.60,1
2026-08-15T08:33Z,2026-08-11T21:24,carlos romero,BurtonGM89,buy,45739000,40587172,0.1,12.69,0
2026-08-15T08:33Z,2026-08-11T21:24,fabio cardoso,Magic Mike 333,buy,949269,925408,0.1,2.58,0
2026-08-15T08:33Z,2026-08-11T21:24,beñat turrientes,miguel_autentico,buy,6892898,6794227,0.1,1.45,0
2026-08-15T08:33Z,2026-08-11T21:42,unai egiluz,BurtonGM89,sell,468693,432999,0.4,8.24,0
2026-08-15T08:33Z,2026-08-11T22:24,dani vivian,Albert Laporta,sell,11664367,12210287,0.3,-4.47,0
2026-08-15T08:33Z,2026-08-11T22:25,manuel fernandez,Albert Laporta,sell,373500,,,,0
2026-08-15T08:33Z,2026-08-11T22:25,pathe ciss,Albert Laporta,sell,10393147,11475255,0.3,-9.43,0
2026-08-15T08:33Z,2026-08-11T22:26,javi puado,Albert Laporta,sell,8041411,7327284,0.3,9.75,0
2026-08-15T08:33Z,2026-08-12T21:24,abde ezzalzouli,Albert Laporta,buy,49991863,48704731,8.8,2.64,0
2026-08-15T08:33Z,2026-08-12T21:24,santi comesaña,BurtonGM89,buy,35276000,32307977,8.8,9.19,0
2026-08-15T08:33Z,2026-08-12T21:24,jon karrikaburu,Magic Mike 333,buy,700000,603778,8.8,15.94,1
2026-08-15T08:33Z,2026-08-12T21:24,pedro diaz,Magic Mike 333,buy,2050000,1864693,8.8,9.94,1
2026-08-15T08:33Z,2026-08-12T21:24,raphinha,Magic Mike 333,buy,80000000,76787126,8.8,4.18,1
2026-08-15T08:33Z,2026-08-12T21:24,marko dmitrovic,BurtonGM89,buy,40010000,36835548,8.8,8.62,1
2026-08-15T08:33Z,2026-08-13T12:12,orri steinn oskarsson,miguel_autentico,sell,8567036,8000328,0.8,7.08,0
2026-08-15T08:33Z,2026-08-13T12:12,dani martinez,miguel_autentico,sell,425612,412199,0.8,3.25,0
2026-08-15T08:33Z,2026-08-13T12:13,hugo duro,miguel_autentico,sell,8800811,8490435,0.8,3.66,0
2026-08-15T08:33Z,2026-08-13T21:24,leandro cabrera,Albert Laporta,buy,17500002,16666574,3.8,5.00,0
2026-08-15T08:33Z,2026-08-13T21:24,arda guler,Albert Laporta,buy,50836360,50836360,3.8,0.00,0
2026-08-15T08:33Z,2026-08-13T21:24,giuliano simeone,SusoGattuso,buy,44652302,44739423,3.8,-0.19,0
2026-08-15T08:33Z,2026-08-13T21:24,asier villalibre,Albert Laporta,buy,6954257,6954257,3.8,0.00,0
2026-08-15T08:33Z,2026-08-13T21:24,denis suarez,BurtonGM89,buy,2580315,2580315,3.8,0.00,0
2026-08-15T08:33Z,2026-08-13T21:25,juan musso,BurtonGM89,sell,4748599,4676990,3.9,1.53,0
2026-08-15T08:33Z,2026-08-13T21:26,iago aspas,BurtonGM89,sell,7275530,7352988,3.9,-1.05,0
2026-08-15T08:33Z,2026-08-13T21:26,unai lopez,BurtonGM89,sell,5762182,5786111,3.9,-0.41,0
2026-08-15T08:33Z,2026-08-13T21:26,joaquin muñoz,BurtonGM89,sell,6489738,6985824,3.9,-7.10,0
2026-08-15T08:33Z,2026-08-13T21:26,aliou dieng,BurtonGM89,sell,5284122,4909583,3.9,7.63,0
2026-08-15T08:33Z,2026-08-14T12:50,lucas boye,Magic Mike 333,sell,14013107,12511193,0.2,12.00,0
2026-08-15T08:33Z,2026-08-14T21:24,ionut radu,miguel_autentico,buy,39655832,39711707,8.8,-0.14,0
2026-08-15T08:33Z,2026-08-14T21:24,agoume,miguel_autentico,buy,5891526,5791526,8.8,1.73,0
2026-08-15T08:33Z,2026-08-14T21:24,eriksson,miguel_autentico,buy,2933863,2933863,8.8,0.00,0
2026-08-15T08:33Z,2026-08-14T21:24,gavi,Magic Mike 333,buy,35500000,33400322,8.8,6.29,1
2026-08-15T08:33Z,2026-08-14T21:24,t. morente,Magic Mike 333,buy,2033651,1986145,8.8,2.39,0
2026-08-15T08:33Z,2026-08-14T21:24,aramburu,SusoGattuso,buy,17785551,17175226,8.8,3.55,0
2026-08-15T10:14Z,2026-08-11T21:24,giacomo quagliata,BurtonGM89,buy,4000000,3289433,0.1,21.60,1
2026-08-15T10:14Z,2026-08-11T21:24,carlos romero,BurtonGM89,buy,45739000,40587172,0.1,12.69,0
2026-08-15T10:14Z,2026-08-11T21:24,fabio cardoso,Magic Mike 333,buy,949269,925408,0.1,2.58,0
2026-08-15T10:14Z,2026-08-11T21:24,beñat turrientes,miguel_autentico,buy,6892898,6794227,0.1,1.45,0
2026-08-15T10:14Z,2026-08-11T21:42,unai egiluz,BurtonGM89,sell,468693,432999,0.4,8.24,0
2026-08-15T10:14Z,2026-08-11T22:24,dani vivian,Albert Laporta,sell,11664367,12210287,0.3,-4.47,0
2026-08-15T10:14Z,2026-08-11T22:25,manuel fernandez,Albert Laporta,sell,373500,,,,0
2026-08-15T10:14Z,2026-08-11T22:25,pathe ciss,Albert Laporta,sell,10393147,11475255,0.3,-9.43,0
2026-08-15T10:14Z,2026-08-11T22:26,javi puado,Albert Laporta,sell,8041411,7327284,0.3,9.75,0
2026-08-15T10:14Z,2026-08-12T21:24,abde ezzalzouli,Albert Laporta,buy,49991863,48704731,8.8,2.64,0
2026-08-15T10:14Z,2026-08-12T21:24,santi comesaña,BurtonGM89,buy,35276000,32307977,8.8,9.19,0
2026-08-15T10:14Z,2026-08-12T21:24,jon karrikaburu,Magic Mike 333,buy,700000,603778,8.8,15.94,1
2026-08-15T10:14Z,2026-08-12T21:24,pedro diaz,Magic Mike 333,buy,2050000,1864693,8.8,9.94,1
2026-08-15T10:14Z,2026-08-12T21:24,raphinha,Magic Mike 333,buy,80000000,76787126,8.8,4.18,1
2026-08-15T10:14Z,2026-08-12T21:24,marko dmitrovic,BurtonGM89,buy,40010000,36835548,8.8,8.62,1
2026-08-15T10:14Z,2026-08-13T12:12,orri steinn oskarsson,miguel_autentico,sell,8567036,8000328,0.8,7.08,0
2026-08-15T10:14Z,2026-08-13T12:12,dani martinez,miguel_autentico,sell,425612,412199,0.8,3.25,0
2026-08-15T10:14Z,2026-08-13T12:13,hugo duro,miguel_autentico,sell,8800811,8490435,0.8,3.66,0
2026-08-15T10:14Z,2026-08-13T21:24,leandro cabrera,Albert Laporta,buy,17500002,16666574,3.8,5.00,0
2026-08-15T10:14Z,2026-08-13T21:24,arda guler,Albert Laporta,buy,50836360,50836360,3.8,0.00,0
2026-08-15T10:14Z,2026-08-13T21:24,giuliano simeone,SusoGattuso,buy,44652302,44739423,3.8,-0.19,0
2026-08-15T10:14Z,2026-08-13T21:24,asier villalibre,Albert Laporta,buy,6954257,6954257,3.8,0.00,0
2026-08-15T10:14Z,2026-08-13T21:24,denis suarez,BurtonGM89,buy,2580315,2580315,3.8,0.00,0
2026-08-15T10:14Z,2026-08-13T21:25,juan musso,BurtonGM89,sell,4748599,4676990,3.9,1.53,0
2026-08-15T10:14Z,2026-08-13T21:26,iago aspas,BurtonGM89,sell,7275530,7352988,3.9,-1.05,0
2026-08-15T10:14Z,2026-08-13T21:26,unai lopez,BurtonGM89,sell,5762182,5786111,3.9,-0.41,0
2026-08-15T10:14Z,2026-08-13T21:26,joaquin muñoz,BurtonGM89,sell,6489738,6985824,3.9,-7.10,0
2026-08-15T10:14Z,2026-08-13T21:26,aliou dieng,BurtonGM89,sell,5284122,4909583,3.9,7.63,0
2026-08-15T10:14Z,2026-08-14T12:50,lucas boye,Magic Mike 333,sell,14013107,12511193,0.2,12.00,0
2026-08-15T10:14Z,2026-08-14T21:24,ionut radu,miguel_autentico,buy,39655832,39711707,8.8,-0.14,0
2026-08-15T10:14Z,2026-08-14T21:24,agoume,miguel_autentico,buy,5891526,5791526,8.8,1.73,0
2026-08-15T10:14Z,2026-08-14T21:24,eriksson,miguel_autentico,buy,2933863,2933863,8.8,0.00,0
2026-08-15T10:14Z,2026-08-14T21:24,gavi,Magic Mike 333,buy,35500000,33400322,8.8,6.29,1
2026-08-15T10:14Z,2026-08-14T21:24,t. morente,Magic Mike 333,buy,2033651,1986145,8.8,2.39,0
2026-08-15T10:14Z,2026-08-14T21:24,aramburu,SusoGattuso,buy,17785551,17175226,8.8,3.55,0
2026-08-15T10:50Z,2026-08-11T21:24,giacomo quagliata,BurtonGM89,buy,4000000,3289433,0.1,21.60,1
2026-08-15T10:50Z,2026-08-11T21:24,carlos romero,BurtonGM89,buy,45739000,40587172,0.1,12.69,0
2026-08-15T10:50Z,2026-08-11T21:24,fabio cardoso,Magic Mike 333,buy,949269,925408,0.1,2.58,0
2026-08-15T10:50Z,2026-08-11T21:24,beñat turrientes,miguel_autentico,buy,6892898,6794227,0.1,1.45,0
2026-08-15T10:50Z,2026-08-11T21:42,unai egiluz,BurtonGM89,sell,468693,432999,0.4,8.24,0
2026-08-15T10:50Z,2026-08-11T22:24,dani vivian,Albert Laporta,sell,11664367,12210287,0.3,-4.47,0
2026-08-15T10:50Z,2026-08-11T22:25,manuel fernandez,Albert Laporta,sell,373500,,,,0
2026-08-15T10:50Z,2026-08-11T22:25,pathe ciss,Albert Laporta,sell,10393147,11475255,0.3,-9.43,0
2026-08-15T10:50Z,2026-08-11T22:26,javi puado,Albert Laporta,sell,8041411,7327284,0.3,9.75,0
2026-08-15T10:50Z,2026-08-12T21:24,abde ezzalzouli,Albert Laporta,buy,49991863,48704731,8.8,2.64,0
2026-08-15T10:50Z,2026-08-12T21:24,santi comesaña,BurtonGM89,buy,35276000,32307977,8.8,9.19,0
2026-08-15T10:50Z,2026-08-12T21:24,jon karrikaburu,Magic Mike 333,buy,700000,603778,8.8,15.94,1
2026-08-15T10:50Z,2026-08-12T21:24,pedro diaz,Magic Mike 333,buy,2050000,1864693,8.8,9.94,1
2026-08-15T10:50Z,2026-08-12T21:24,raphinha,Magic Mike 333,buy,80000000,76787126,8.8,4.18,1
2026-08-15T10:50Z,2026-08-12T21:24,marko dmitrovic,BurtonGM89,buy,40010000,36835548,8.8,8.62,1
2026-08-15T10:50Z,2026-08-13T12:12,orri steinn oskarsson,miguel_autentico,sell,8567036,8000328,0.8,7.08,0
2026-08-15T10:50Z,2026-08-13T12:12,dani martinez,miguel_autentico,sell,425612,412199,0.8,3.25,0
2026-08-15T10:50Z,2026-08-13T12:13,hugo duro,miguel_autentico,sell,8800811,8490435,0.8,3.66,0
2026-08-15T10:50Z,2026-08-13T21:24,leandro cabrera,Albert Laporta,buy,17500002,16666574,3.8,5.00,0
2026-08-15T10:50Z,2026-08-13T21:24,arda guler,Albert Laporta,buy,50836360,50836360,3.8,0.00,0
2026-08-15T10:50Z,2026-08-13T21:24,giuliano simeone,SusoGattuso,buy,44652302,44739423,3.8,-0.19,0
2026-08-15T10:50Z,2026-08-13T21:24,asier villalibre,Albert Laporta,buy,6954257,6954257,3.8,0.00,0
2026-08-15T10:50Z,2026-08-13T21:24,denis suarez,BurtonGM89,buy,2580315,2580315,3.8,0.00,0
2026-08-15T10:50Z,2026-08-13T21:25,juan musso,BurtonGM89,sell,4748599,4676990,3.9,1.53,0
2026-08-15T10:50Z,2026-08-13T21:26,iago aspas,BurtonGM89,sell,7275530,7352988,3.9,-1.05,0
2026-08-15T10:50Z,2026-08-13T21:26,unai lopez,BurtonGM89,sell,5762182,5786111,3.9,-0.41,0
2026-08-15T10:50Z,2026-08-13T21:26,joaquin muñoz,BurtonGM89,sell,6489738,6985824,3.9,-7.10,0
2026-08-15T10:50Z,2026-08-13T21:26,aliou dieng,BurtonGM89,sell,5284122,4909583,3.9,7.63,0
2026-08-15T10:50Z,2026-08-14T12:50,lucas boye,Magic Mike 333,sell,14013107,12511193,0.2,12.00,0
2026-08-15T10:50Z,2026-08-14T21:24,ionut radu,miguel_autentico,buy,39655832,39711707,8.8,-0.14,0
2026-08-15T10:50Z,2026-08-14T21:24,agoume,miguel_autentico,buy,5891526,5791526,8.8,1.73,0
2026-08-15T10:50Z,2026-08-14T21:24,eriksson,miguel_autentico,buy,2933863,2933863,8.8,0.00,0
2026-08-15T10:50Z,2026-08-14T21:24,gavi,Magic Mike 333,buy,35500000,33400322,8.8,6.29,1
2026-08-15T10:50Z,2026-08-14T21:24,t. morente,Magic Mike 333,buy,2033651,1986145,8.8,2.39,0
2026-08-15T10:50Z,2026-08-14T21:24,aramburu,SusoGattuso,buy,17785551,17175226,8.8,3.55,0
2026-08-15T15:49Z,2026-08-11T21:24,giacomo quagliata,BurtonGM89,buy,4000000,3289433,0.1,21.60,1
2026-08-15T15:49Z,2026-08-11T21:24,carlos romero,BurtonGM89,buy,45739000,40587172,0.1,12.69,0
2026-08-15T15:49Z,2026-08-11T21:24,fabio cardoso,Magic Mike 333,buy,949269,925408,0.1,2.58,0
2026-08-15T15:49Z,2026-08-11T21:24,beñat turrientes,miguel_autentico,buy,6892898,6794227,0.1,1.45,0
2026-08-15T15:49Z,2026-08-11T21:42,unai egiluz,BurtonGM89,sell,468693,432999,0.4,8.24,0
2026-08-15T15:49Z,2026-08-11T22:24,dani vivian,Albert Laporta,sell,11664367,12210287,0.3,-4.47,0
2026-08-15T15:49Z,2026-08-11T22:25,manuel fernandez,Albert Laporta,sell,373500,,,,0
2026-08-15T15:49Z,2026-08-11T22:25,pathe ciss,Albert Laporta,sell,10393147,11475255,0.3,-9.43,0
2026-08-15T15:49Z,2026-08-11T22:26,javi puado,Albert Laporta,sell,8041411,7327284,0.3,9.75,0
2026-08-15T15:49Z,2026-08-12T21:24,abde ezzalzouli,Albert Laporta,buy,49991863,48704731,8.8,2.64,0
2026-08-15T15:49Z,2026-08-12T21:24,santi comesaña,BurtonGM89,buy,35276000,32307977,8.8,9.19,0
2026-08-15T15:49Z,2026-08-12T21:24,jon karrikaburu,Magic Mike 333,buy,700000,603778,8.8,15.94,1
2026-08-15T15:49Z,2026-08-12T21:24,pedro diaz,Magic Mike 333,buy,2050000,1864693,8.8,9.94,1
2026-08-15T15:49Z,2026-08-12T21:24,raphinha,Magic Mike 333,buy,80000000,76787126,8.8,4.18,1
2026-08-15T15:49Z,2026-08-12T21:24,marko dmitrovic,BurtonGM89,buy,40010000,36835548,8.8,8.62,1
2026-08-15T15:49Z,2026-08-13T12:12,orri steinn oskarsson,miguel_autentico,sell,8567036,8000328,0.8,7.08,0
2026-08-15T15:49Z,2026-08-13T12:12,dani martinez,miguel_autentico,sell,425612,412199,0.8,3.25,0
2026-08-15T15:49Z,2026-08-13T12:13,hugo duro,miguel_autentico,sell,8800811,8490435,0.8,3.66,0
2026-08-15T15:49Z,2026-08-13T21:24,leandro cabrera,Albert Laporta,buy,17500002,16666574,3.8,5.00,0
2026-08-15T15:49Z,2026-08-13T21:24,arda guler,Albert Laporta,buy,50836360,50836360,3.8,0.00,0
2026-08-15T15:49Z,2026-08-13T21:24,giuliano simeone,SusoGattuso,buy,44652302,44739423,3.8,-0.19,0
2026-08-15T15:49Z,2026-08-13T21:24,asier villalibre,Albert Laporta,buy,6954257,6954257,3.8,0.00,0
2026-08-15T15:49Z,2026-08-13T21:24,denis suarez,BurtonGM89,buy,2580315,2580315,3.8,0.00,0
2026-08-15T15:49Z,2026-08-13T21:25,juan musso,BurtonGM89,sell,4748599,4676990,3.9,1.53,0
2026-08-15T15:49Z,2026-08-13T21:26,iago aspas,BurtonGM89,sell,7275530,7352988,3.9,-1.05,0
2026-08-15T15:49Z,2026-08-13T21:26,unai lopez,BurtonGM89,sell,5762182,5786111,3.9,-0.41,0
2026-08-15T15:49Z,2026-08-13T21:26,joaquin muñoz,BurtonGM89,sell,6489738,6985824,3.9,-7.10,0
2026-08-15T15:49Z,2026-08-13T21:26,aliou dieng,BurtonGM89,sell,5284122,4909583,3.9,7.63,0
2026-08-15T15:49Z,2026-08-14T12:50,lucas boye,Magic Mike 333,sell,14013107,12511193,0.2,12.00,0
2026-08-15T15:49Z,2026-08-14T21:24,ionut radu,miguel_autentico,buy,39655832,39711707,8.8,-0.14,0
2026-08-15T15:49Z,2026-08-14T21:24,agoume,miguel_autentico,buy,5891526,5791526,8.8,1.73,0
2026-08-15T15:49Z,2026-08-14T21:24,eriksson,miguel_autentico,buy,2933863,2933863,8.8,0.00,0
2026-08-15T15:49Z,2026-08-14T21:24,gavi,Magic Mike 333,buy,35500000,33400322,8.8,6.29,1
2026-08-15T15:49Z,2026-08-14T21:24,t. morente,Magic Mike 333,buy,2033651,1986145,8.8,2.39,0
2026-08-15T15:49Z,2026-08-14T21:24,aramburu,SusoGattuso,buy,17785551,17175226,8.8,3.55,0
2026-08-15T16:58Z,2026-08-11T21:24,giacomo quagliata,BurtonGM89,buy,4000000,3289433,0.1,21.60,1
2026-08-15T16:58Z,2026-08-11T21:24,carlos romero,BurtonGM89,buy,45739000,40587172,0.1,12.69,0
2026-08-15T16:58Z,2026-08-11T21:24,fabio cardoso,Magic Mike 333,buy,949269,925408,0.1,2.58,0
2026-08-15T16:58Z,2026-08-11T21:24,beñat turrientes,miguel_autentico,buy,6892898,6794227,0.1,1.45,0
2026-08-15T16:58Z,2026-08-11T21:42,unai egiluz,BurtonGM89,sell,468693,432999,0.4,8.24,0
2026-08-15T16:58Z,2026-08-11T22:24,dani vivian,Albert Laporta,sell,11664367,12210287,0.3,-4.47,0
2026-08-15T16:58Z,2026-08-11T22:25,manuel fernandez,Albert Laporta,sell,373500,,,,0
2026-08-15T16:58Z,2026-08-11T22:25,pathe ciss,Albert Laporta,sell,10393147,11475255,0.3,-9.43,0
2026-08-15T16:58Z,2026-08-11T22:26,javi puado,Albert Laporta,sell,8041411,7327284,0.3,9.75,0
2026-08-15T16:58Z,2026-08-12T21:24,abde ezzalzouli,Albert Laporta,buy,49991863,48704731,8.8,2.64,0
2026-08-15T16:58Z,2026-08-12T21:24,santi comesaña,BurtonGM89,buy,35276000,32307977,8.8,9.19,0
2026-08-15T16:58Z,2026-08-12T21:24,jon karrikaburu,Magic Mike 333,buy,700000,603778,8.8,15.94,1
2026-08-15T16:58Z,2026-08-12T21:24,pedro diaz,Magic Mike 333,buy,2050000,1864693,8.8,9.94,1
2026-08-15T16:58Z,2026-08-12T21:24,raphinha,Magic Mike 333,buy,80000000,76787126,8.8,4.18,1
2026-08-15T16:58Z,2026-08-12T21:24,marko dmitrovic,BurtonGM89,buy,40010000,36835548,8.8,8.62,1
2026-08-15T16:58Z,2026-08-13T12:12,orri steinn oskarsson,miguel_autentico,sell,8567036,8000328,0.8,7.08,0
2026-08-15T16:58Z,2026-08-13T12:12,dani martinez,miguel_autentico,sell,425612,412199,0.8,3.25,0
2026-08-15T16:58Z,2026-08-13T12:13,hugo duro,miguel_autentico,sell,8800811,8490435,0.8,3.66,0
2026-08-15T16:58Z,2026-08-13T21:24,leandro cabrera,Albert Laporta,buy,17500002,16666574,3.8,5.00,0
2026-08-15T16:58Z,2026-08-13T21:24,arda guler,Albert Laporta,buy,50836360,50836360,3.8,0.00,0
2026-08-15T16:58Z,2026-08-13T21:24,giuliano simeone,SusoGattuso,buy,44652302,44739423,3.8,-0.19,0
2026-08-15T16:58Z,2026-08-13T21:24,asier villalibre,Albert Laporta,buy,6954257,6954257,3.8,0.00,0
2026-08-15T16:58Z,2026-08-13T21:24,denis suarez,BurtonGM89,buy,2580315,2580315,3.8,0.00,0
2026-08-15T16:58Z,2026-08-13T21:25,juan musso,BurtonGM89,sell,4748599,4676990,3.9,1.53,0
2026-08-15T16:58Z,2026-08-13T21:26,iago aspas,BurtonGM89,sell,7275530,7352988,3.9,-1.05,0
2026-08-15T16:58Z,2026-08-13T21:26,unai lopez,BurtonGM89,sell,5762182,5786111,3.9,-0.41,0
2026-08-15T16:58Z,2026-08-13T21:26,joaquin muñoz,BurtonGM89,sell,6489738,6985824,3.9,-7.10,0
2026-08-15T16:58Z,2026-08-13T21:26,aliou dieng,BurtonGM89,sell,5284122,4909583,3.9,7.63,0
2026-08-15T16:58Z,2026-08-14T12:50,lucas boye,Magic Mike 333,sell,14013107,12511193,0.2,12.00,0
2026-08-15T16:58Z,2026-08-14T21:24,ionut radu,miguel_autentico,buy,39655832,39711707,8.8,-0.14,0
2026-08-15T16:58Z,2026-08-14T21:24,agoume,miguel_autentico,buy,5891526,5791526,8.8,1.73,0
2026-08-15T16:58Z,2026-08-14T21:24,eriksson,miguel_autentico,buy,2933863,2933863,8.8,0.00,0
2026-08-15T16:58Z,2026-08-14T21:24,gavi,Magic Mike 333,buy,35500000,33400322,8.8,6.29,1
2026-08-15T16:58Z,2026-08-14T21:24,t. morente,Magic Mike 333,buy,2033651,1986145,8.8,2.39,0
2026-08-15T16:58Z,2026-08-14T21:24,aramburu,SusoGattuso,buy,17785551,17175226,8.8,3.55,0
2026-08-15T22:19Z,2026-08-11T21:24,giacomo quagliata,BurtonGM89,buy,4000000,3289433,0.1,21.60,1
2026-08-15T22:19Z,2026-08-11T21:24,carlos romero,BurtonGM89,buy,45739000,40587172,0.1,12.69,0
2026-08-15T22:19Z,2026-08-11T21:24,fabio cardoso,Magic Mike 333,buy,949269,925408,0.1,2.58,0
2026-08-15T22:19Z,2026-08-11T21:24,beñat turrientes,miguel_autentico,buy,6892898,6794227,0.1,1.45,0
2026-08-15T22:19Z,2026-08-11T21:42,unai egiluz,BurtonGM89,sell,468693,432999,0.4,8.24,0
2026-08-15T22:19Z,2026-08-11T22:24,dani vivian,Albert Laporta,sell,11664367,12210287,0.3,-4.47,0
2026-08-15T22:19Z,2026-08-11T22:25,manuel fernandez,Albert Laporta,sell,373500,,,,0
2026-08-15T22:19Z,2026-08-11T22:25,pathe ciss,Albert Laporta,sell,10393147,11475255,0.3,-9.43,0
2026-08-15T22:19Z,2026-08-11T22:26,javi puado,Albert Laporta,sell,8041411,7327284,0.3,9.75,0
2026-08-15T22:19Z,2026-08-12T21:24,abde ezzalzouli,Albert Laporta,buy,49991863,48704731,8.8,2.64,0
2026-08-15T22:19Z,2026-08-12T21:24,santi comesaña,BurtonGM89,buy,35276000,32307977,8.8,9.19,0
2026-08-15T22:19Z,2026-08-12T21:24,jon karrikaburu,Magic Mike 333,buy,700000,603778,8.8,15.94,1
2026-08-15T22:19Z,2026-08-12T21:24,pedro diaz,Magic Mike 333,buy,2050000,1864693,8.8,9.94,1
2026-08-15T22:19Z,2026-08-12T21:24,raphinha,Magic Mike 333,buy,80000000,76787126,8.8,4.18,1
2026-08-15T22:19Z,2026-08-12T21:24,marko dmitrovic,BurtonGM89,buy,40010000,36835548,8.8,8.62,1
2026-08-15T22:19Z,2026-08-13T12:12,orri steinn oskarsson,miguel_autentico,sell,8567036,8000328,0.8,7.08,0
2026-08-15T22:19Z,2026-08-13T12:12,dani martinez,miguel_autentico,sell,425612,412199,0.8,3.25,0
2026-08-15T22:19Z,2026-08-13T12:13,hugo duro,miguel_autentico,sell,8800811,8490435,0.8,3.66,0
2026-08-15T22:19Z,2026-08-13T21:24,leandro cabrera,Albert Laporta,buy,17500002,16666574,3.8,5.00,0
2026-08-15T22:19Z,2026-08-13T21:24,arda guler,Albert Laporta,buy,50836360,50836360,3.8,0.00,0
2026-08-15T22:19Z,2026-08-13T21:24,giuliano simeone,SusoGattuso,buy,44652302,44739423,3.8,-0.19,0
2026-08-15T22:19Z,2026-08-13T21:24,asier villalibre,Albert Laporta,buy,6954257,6954257,3.8,0.00,0
2026-08-15T22:19Z,2026-08-13T21:24,denis suarez,BurtonGM89,buy,2580315,2580315,3.8,0.00,0
2026-08-15T22:19Z,2026-08-13T21:25,juan musso,BurtonGM89,sell,4748599,4676990,3.9,1.53,0
2026-08-15T22:19Z,2026-08-13T21:26,iago aspas,BurtonGM89,sell,7275530,7352988,3.9,-1.05,0
2026-08-15T22:19Z,2026-08-13T21:26,unai lopez,BurtonGM89,sell,5762182,5786111,3.9,-0.41,0
2026-08-15T22:19Z,2026-08-13T21:26,joaquin muñoz,BurtonGM89,sell,6489738,6985824,3.9,-7.10,0
2026-08-15T22:19Z,2026-08-13T21:26,aliou dieng,BurtonGM89,sell,5284122,4909583,3.9,7.63,0
2026-08-15T22:19Z,2026-08-14T12:50,lucas boye,Magic Mike 333,sell,14013107,12511193,0.2,12.00,0
2026-08-15T22:19Z,2026-08-14T21:24,ionut radu,miguel_autentico,buy,39655832,39711707,8.8,-0.14,0
2026-08-15T22:19Z,2026-08-14T21:24,lucien agoume,miguel_autentico,buy,5891526,5791526,8.8,1.73,0
2026-08-15T22:19Z,2026-08-14T21:24,simon eriksson,miguel_autentico,buy,2933863,2933863,8.8,0.00,0
2026-08-15T22:19Z,2026-08-14T21:24,pablo gavi,Magic Mike 333,buy,35500000,33400322,8.8,6.29,1
2026-08-15T22:19Z,2026-08-14T21:24,tete morente,Magic Mike 333,buy,2033651,1986145,8.8,2.39,0
2026-08-15T22:19Z,2026-08-14T21:24,jon aramburu,SusoGattuso,buy,17785551,17175226,8.8,3.55,0
2026-08-15T22:19Z,2026-08-14T21:24,facundo buonanotte,Albert Laporta,buy,7331515,,,,0
2026-08-15T22:19Z,2026-08-14T21:24,clemens riedel,SusoGattuso,buy,4599626,4657417,8.8,-1.24,0
2026-08-15T22:19Z,2026-08-14T21:24,mario martin,SusoGattuso,buy,3831432,3743424,8.8,2.35,0
2026-08-15T22:19Z,2026-08-14T21:24,pablo fornals,miguel_autentico,buy,58220110,58303775,8.8,-0.14,0
2026-08-15T22:19Z,2026-08-14T21:24,santiago mouriño,Albert Laporta,buy,40516387,40597493,8.8,-0.20,0
2026-08-15T22:19Z,2026-08-14T21:51,pedro bigas,Albert Laporta,sell,5323361,5298333,9.2,0.47,0
2026-08-15T22:55Z,2026-08-11T21:24,giacomo quagliata,BurtonGM89,buy,4000000,3289433,0.1,21.60,1
2026-08-15T22:55Z,2026-08-11T21:24,carlos romero,BurtonGM89,buy,45739000,40587172,0.1,12.69,0
2026-08-15T22:55Z,2026-08-11T21:24,fabio cardoso,Magic Mike 333,buy,949269,925408,0.1,2.58,0
2026-08-15T22:55Z,2026-08-11T21:24,beñat turrientes,miguel_autentico,buy,6892898,6794227,0.1,1.45,0
2026-08-15T22:55Z,2026-08-11T21:42,unai egiluz,BurtonGM89,sell,468693,432999,0.4,8.24,0
2026-08-15T22:55Z,2026-08-11T22:24,dani vivian,Albert Laporta,sell,11664367,12210287,0.3,-4.47,0
2026-08-15T22:55Z,2026-08-11T22:25,manuel fernandez,Albert Laporta,sell,373500,,,,0
2026-08-15T22:55Z,2026-08-11T22:25,pathe ciss,Albert Laporta,sell,10393147,11475255,0.3,-9.43,0
2026-08-15T22:55Z,2026-08-11T22:26,javi puado,Albert Laporta,sell,8041411,7327284,0.3,9.75,0
2026-08-15T22:55Z,2026-08-12T21:24,abde ezzalzouli,Albert Laporta,buy,49991863,48704731,8.8,2.64,0
2026-08-15T22:55Z,2026-08-12T21:24,santi comesaña,BurtonGM89,buy,35276000,32307977,8.8,9.19,0
2026-08-15T22:55Z,2026-08-12T21:24,jon karrikaburu,Magic Mike 333,buy,700000,603778,8.8,15.94,1
2026-08-15T22:55Z,2026-08-12T21:24,pedro diaz,Magic Mike 333,buy,2050000,1864693,8.8,9.94,1
2026-08-15T22:55Z,2026-08-12T21:24,raphinha,Magic Mike 333,buy,80000000,76787126,8.8,4.18,1
2026-08-15T22:55Z,2026-08-12T21:24,marko dmitrovic,BurtonGM89,buy,40010000,36835548,8.8,8.62,1
2026-08-15T22:55Z,2026-08-13T12:12,orri steinn oskarsson,miguel_autentico,sell,8567036,8000328,0.8,7.08,0
2026-08-15T22:55Z,2026-08-13T12:12,dani martinez,miguel_autentico,sell,425612,412199,0.8,3.25,0
2026-08-15T22:55Z,2026-08-13T12:13,hugo duro,miguel_autentico,sell,8800811,8490435,0.8,3.66,0
2026-08-15T22:55Z,2026-08-13T21:24,leandro cabrera,Albert Laporta,buy,17500002,16666574,3.8,5.00,0
2026-08-15T22:55Z,2026-08-13T21:24,arda guler,Albert Laporta,buy,50836360,50836360,3.8,0.00,0
2026-08-15T22:55Z,2026-08-13T21:24,giuliano simeone,SusoGattuso,buy,44652302,44739423,3.8,-0.19,0
2026-08-15T22:55Z,2026-08-13T21:24,asier villalibre,Albert Laporta,buy,6954257,6954257,3.8,0.00,0
2026-08-15T22:55Z,2026-08-13T21:24,denis suarez,BurtonGM89,buy,2580315,2580315,3.8,0.00,0
2026-08-15T22:55Z,2026-08-13T21:25,juan musso,BurtonGM89,sell,4748599,4676990,3.9,1.53,0
2026-08-15T22:55Z,2026-08-13T21:26,iago aspas,BurtonGM89,sell,7275530,7352988,3.9,-1.05,0
2026-08-15T22:55Z,2026-08-13T21:26,unai lopez,BurtonGM89,sell,5762182,5786111,3.9,-0.41,0
2026-08-15T22:55Z,2026-08-13T21:26,joaquin muñoz,BurtonGM89,sell,6489738,6985824,3.9,-7.10,0
2026-08-15T22:55Z,2026-08-13T21:26,aliou dieng,BurtonGM89,sell,5284122,4909583,3.9,7.63,0
2026-08-15T22:55Z,2026-08-14T12:50,lucas boye,Magic Mike 333,sell,14013107,12511193,0.2,12.00,0
2026-08-15T22:55Z,2026-08-14T21:24,ionut radu,miguel_autentico,buy,39655832,39711707,8.8,-0.14,0
2026-08-15T22:55Z,2026-08-14T21:24,lucien agoume,miguel_autentico,buy,5891526,5791526,8.8,1.73,0
2026-08-15T22:55Z,2026-08-14T21:24,simon eriksson,miguel_autentico,buy,2933863,2933863,8.8,0.00,0
2026-08-15T22:55Z,2026-08-14T21:24,pablo gavi,Magic Mike 333,buy,35500000,33400322,8.8,6.29,1
2026-08-15T22:55Z,2026-08-14T21:24,tete morente,Magic Mike 333,buy,2033651,1986145,8.8,2.39,0
2026-08-15T22:55Z,2026-08-14T21:24,jon aramburu,SusoGattuso,buy,17785551,17175226,8.8,3.55,0
2026-08-15T22:55Z,2026-08-14T21:24,facundo buonanotte,Albert Laporta,buy,7331515,,,,0
2026-08-15T22:55Z,2026-08-14T21:24,clemens riedel,SusoGattuso,buy,4599626,4657417,8.8,-1.24,0
2026-08-15T22:55Z,2026-08-14T21:24,mario martin,SusoGattuso,buy,3831432,3743424,8.8,2.35,0
2026-08-15T22:55Z,2026-08-14T21:24,pablo fornals,miguel_autentico,buy,58220110,58303775,8.8,-0.14,0
2026-08-15T22:55Z,2026-08-14T21:24,santiago mouriño,Albert Laporta,buy,40516387,40597493,8.8,-0.20,0
2026-08-15T22:55Z,2026-08-14T21:51,pedro bigas,Albert Laporta,sell,5323361,5298333,9.2,0.47,0
2026-08-16T08:40Z,2026-08-11T21:24,giacomo quagliata,BurtonGM89,buy,4000000,3289433,0.1,21.60,1
2026-08-16T08:40Z,2026-08-11T21:24,carlos romero,BurtonGM89,buy,45739000,40587172,0.1,12.69,0
2026-08-16T08:40Z,2026-08-11T21:24,fabio cardoso,Magic Mike 333,buy,949269,925408,0.1,2.58,0
2026-08-16T08:40Z,2026-08-11T21:24,beñat turrientes,miguel_autentico,buy,6892898,6794227,0.1,1.45,0
2026-08-16T08:40Z,2026-08-11T21:42,unai egiluz,BurtonGM89,sell,468693,432999,0.4,8.24,0
2026-08-16T08:40Z,2026-08-11T22:24,dani vivian,Albert Laporta,sell,11664367,12210287,0.3,-4.47,0
2026-08-16T08:40Z,2026-08-11T22:25,manuel fernandez,Albert Laporta,sell,373500,,,,0
2026-08-16T08:40Z,2026-08-11T22:25,pathe ciss,Albert Laporta,sell,10393147,11475255,0.3,-9.43,0
2026-08-16T08:40Z,2026-08-11T22:26,javi puado,Albert Laporta,sell,8041411,7327284,0.3,9.75,0
2026-08-16T08:40Z,2026-08-12T21:24,abde ezzalzouli,Albert Laporta,buy,49991863,48704731,8.8,2.64,0
2026-08-16T08:40Z,2026-08-12T21:24,santi comesaña,BurtonGM89,buy,35276000,32307977,8.8,9.19,0
2026-08-16T08:40Z,2026-08-12T21:24,jon karrikaburu,Magic Mike 333,buy,700000,603778,8.8,15.94,1
2026-08-16T08:40Z,2026-08-12T21:24,pedro diaz,Magic Mike 333,buy,2050000,1864693,8.8,9.94,1
2026-08-16T08:40Z,2026-08-12T21:24,raphinha,Magic Mike 333,buy,80000000,76787126,8.8,4.18,1
2026-08-16T08:40Z,2026-08-12T21:24,marko dmitrovic,BurtonGM89,buy,40010000,36835548,8.8,8.62,1
2026-08-16T08:40Z,2026-08-13T12:12,orri steinn oskarsson,miguel_autentico,sell,8567036,8000328,0.8,7.08,0
2026-08-16T08:40Z,2026-08-13T12:12,dani martinez,miguel_autentico,sell,425612,412199,0.8,3.25,0
2026-08-16T08:40Z,2026-08-13T12:13,hugo duro,miguel_autentico,sell,8800811,8490435,0.8,3.66,0
2026-08-16T08:40Z,2026-08-13T21:24,leandro cabrera,Albert Laporta,buy,17500002,16666574,3.8,5.00,0
2026-08-16T08:40Z,2026-08-13T21:24,arda guler,Albert Laporta,buy,50836360,50836360,3.8,0.00,0
2026-08-16T08:40Z,2026-08-13T21:24,giuliano simeone,SusoGattuso,buy,44652302,44739423,3.8,-0.19,0
2026-08-16T08:40Z,2026-08-13T21:24,asier villalibre,Albert Laporta,buy,6954257,6954257,3.8,0.00,0
2026-08-16T08:40Z,2026-08-13T21:24,denis suarez,BurtonGM89,buy,2580315,2580315,3.8,0.00,0
2026-08-16T08:40Z,2026-08-13T21:25,juan musso,BurtonGM89,sell,4748599,4676990,3.9,1.53,0
2026-08-16T08:40Z,2026-08-13T21:26,iago aspas,BurtonGM89,sell,7275530,7352988,3.9,-1.05,0
2026-08-16T08:40Z,2026-08-13T21:26,unai lopez,BurtonGM89,sell,5762182,5786111,3.9,-0.41,0
2026-08-16T08:40Z,2026-08-13T21:26,joaquin muñoz,BurtonGM89,sell,6489738,6985824,3.9,-7.10,0
2026-08-16T08:40Z,2026-08-13T21:26,aliou dieng,BurtonGM89,sell,5284122,4909583,3.9,7.63,0
2026-08-16T08:40Z,2026-08-14T12:50,lucas boye,Magic Mike 333,sell,14013107,12511193,0.2,12.00,0
2026-08-16T08:40Z,2026-08-14T21:24,ionut radu,miguel_autentico,buy,39655832,39711707,8.8,-0.14,0
2026-08-16T08:40Z,2026-08-14T21:24,lucien agoume,miguel_autentico,buy,5891526,5791526,8.8,1.73,0
2026-08-16T08:40Z,2026-08-14T21:24,simon eriksson,miguel_autentico,buy,2933863,2933863,8.8,0.00,0
2026-08-16T08:40Z,2026-08-14T21:24,pablo gavi,Magic Mike 333,buy,35500000,33400322,8.8,6.29,1
2026-08-16T08:40Z,2026-08-14T21:24,tete morente,Magic Mike 333,buy,2033651,1986145,8.8,2.39,0
2026-08-16T08:40Z,2026-08-14T21:24,jon aramburu,SusoGattuso,buy,17785551,17175226,8.8,3.55,0
2026-08-16T08:40Z,2026-08-14T21:24,facundo buonanotte,Albert Laporta,buy,7331515,,,,0
2026-08-16T08:40Z,2026-08-14T21:24,clemens riedel,SusoGattuso,buy,4599626,4657417,8.8,-1.24,0
2026-08-16T08:40Z,2026-08-14T21:24,mario martin,SusoGattuso,buy,3831432,3743424,8.8,2.35,0
2026-08-16T08:40Z,2026-08-14T21:24,pablo fornals,miguel_autentico,buy,58220110,58303775,8.8,-0.14,0
2026-08-16T08:40Z,2026-08-14T21:24,santiago mouriño,Albert Laporta,buy,40516387,40597493,8.8,-0.20,0
2026-08-16T08:40Z,2026-08-14T21:51,pedro bigas,Albert Laporta,sell,5323361,5298333,9.2,0.47,0
2026-08-16T08:43Z,2026-08-11T21:24,giacomo quagliata,BurtonGM89,buy,4000000,3289433,0.1,21.60,1
2026-08-16T08:43Z,2026-08-11T21:24,carlos romero,BurtonGM89,buy,45739000,40587172,0.1,12.69,0
2026-08-16T08:43Z,2026-08-11T21:24,fabio cardoso,Magic Mike 333,buy,949269,925408,0.1,2.58,0
2026-08-16T08:43Z,2026-08-11T21:24,beñat turrientes,miguel_autentico,buy,6892898,6794227,0.1,1.45,0
2026-08-16T08:43Z,2026-08-11T21:42,unai egiluz,BurtonGM89,sell,468693,432999,0.4,8.24,0
2026-08-16T08:43Z,2026-08-11T22:24,dani vivian,Albert Laporta,sell,11664367,12210287,0.3,-4.47,0
2026-08-16T08:43Z,2026-08-11T22:25,manuel fernandez,Albert Laporta,sell,373500,,,,0
2026-08-16T08:43Z,2026-08-11T22:25,pathe ciss,Albert Laporta,sell,10393147,11475255,0.3,-9.43,0
2026-08-16T08:43Z,2026-08-11T22:26,javi puado,Albert Laporta,sell,8041411,7327284,0.3,9.75,0
2026-08-16T08:43Z,2026-08-12T21:24,abde ezzalzouli,Albert Laporta,buy,49991863,48704731,8.8,2.64,0
2026-08-16T08:43Z,2026-08-12T21:24,santi comesaña,BurtonGM89,buy,35276000,32307977,8.8,9.19,0
2026-08-16T08:43Z,2026-08-12T21:24,jon karrikaburu,Magic Mike 333,buy,700000,603778,8.8,15.94,1
2026-08-16T08:43Z,2026-08-12T21:24,pedro diaz,Magic Mike 333,buy,2050000,1864693,8.8,9.94,1
2026-08-16T08:43Z,2026-08-12T21:24,raphinha,Magic Mike 333,buy,80000000,76787126,8.8,4.18,1
2026-08-16T08:43Z,2026-08-12T21:24,marko dmitrovic,BurtonGM89,buy,40010000,36835548,8.8,8.62,1
2026-08-16T08:43Z,2026-08-13T12:12,orri steinn oskarsson,miguel_autentico,sell,8567036,8000328,0.8,7.08,0
2026-08-16T08:43Z,2026-08-13T12:12,dani martinez,miguel_autentico,sell,425612,412199,0.8,3.25,0
2026-08-16T08:43Z,2026-08-13T12:13,hugo duro,miguel_autentico,sell,8800811,8490435,0.8,3.66,0
2026-08-16T08:43Z,2026-08-13T21:24,leandro cabrera,Albert Laporta,buy,17500002,16666574,3.8,5.00,0
2026-08-16T08:43Z,2026-08-13T21:24,arda guler,Albert Laporta,buy,50836360,50836360,3.8,0.00,0
2026-08-16T08:43Z,2026-08-13T21:24,giuliano simeone,SusoGattuso,buy,44652302,44739423,3.8,-0.19,0
2026-08-16T08:43Z,2026-08-13T21:24,asier villalibre,Albert Laporta,buy,6954257,6954257,3.8,0.00,0
2026-08-16T08:43Z,2026-08-13T21:24,denis suarez,BurtonGM89,buy,2580315,2580315,3.8,0.00,0
2026-08-16T08:43Z,2026-08-13T21:25,juan musso,BurtonGM89,sell,4748599,4676990,3.9,1.53,0
2026-08-16T08:43Z,2026-08-13T21:26,iago aspas,BurtonGM89,sell,7275530,7352988,3.9,-1.05,0
2026-08-16T08:43Z,2026-08-13T21:26,unai lopez,BurtonGM89,sell,5762182,5786111,3.9,-0.41,0
2026-08-16T08:43Z,2026-08-13T21:26,joaquin muñoz,BurtonGM89,sell,6489738,6985824,3.9,-7.10,0
2026-08-16T08:43Z,2026-08-13T21:26,aliou dieng,BurtonGM89,sell,5284122,4909583,3.9,7.63,0
2026-08-16T08:43Z,2026-08-14T12:50,lucas boye,Magic Mike 333,sell,14013107,12511193,0.2,12.00,0
2026-08-16T08:43Z,2026-08-14T21:24,ionut radu,miguel_autentico,buy,39655832,39711707,8.8,-0.14,0
2026-08-16T08:43Z,2026-08-14T21:24,lucien agoume,miguel_autentico,buy,5891526,5791526,8.8,1.73,0
2026-08-16T08:43Z,2026-08-14T21:24,simon eriksson,miguel_autentico,buy,2933863,2933863,8.8,0.00,0
2026-08-16T08:43Z,2026-08-14T21:24,pablo gavi,Magic Mike 333,buy,35500000,33400322,8.8,6.29,1
2026-08-16T08:43Z,2026-08-14T21:24,tete morente,Magic Mike 333,buy,2033651,1986145,8.8,2.39,0
2026-08-16T08:43Z,2026-08-14T21:24,jon aramburu,SusoGattuso,buy,17785551,17175226,8.8,3.55,0
2026-08-16T08:43Z,2026-08-14T21:24,facundo buonanotte,Albert Laporta,buy,7331515,,,,0
2026-08-16T08:43Z,2026-08-14T21:24,clemens riedel,SusoGattuso,buy,4599626,4657417,8.8,-1.24,0
2026-08-16T08:43Z,2026-08-14T21:24,mario martin,SusoGattuso,buy,3831432,3743424,8.8,2.35,0
2026-08-16T08:43Z,2026-08-14T21:24,pablo fornals,miguel_autentico,buy,58220110,58303775,8.8,-0.14,0
2026-08-16T08:43Z,2026-08-14T21:24,santiago mouriño,Albert Laporta,buy,40516387,40597493,8.8,-0.20,0
2026-08-16T08:43Z,2026-08-14T21:51,pedro bigas,Albert Laporta,sell,5323361,5298333,9.2,0.47,0
2026-08-16T09:20Z,2026-08-11T21:24,giacomo quagliata,BurtonGM89,buy,4000000,3289433,0.1,21.60,1
2026-08-16T09:20Z,2026-08-11T21:24,carlos romero,BurtonGM89,buy,45739000,40587172,0.1,12.69,0
2026-08-16T09:20Z,2026-08-11T21:24,fabio cardoso,Magic Mike 333,buy,949269,925408,0.1,2.58,0
2026-08-16T09:20Z,2026-08-11T21:24,beñat turrientes,miguel_autentico,buy,6892898,6794227,0.1,1.45,0
2026-08-16T09:20Z,2026-08-11T21:42,unai egiluz,BurtonGM89,sell,468693,432999,0.4,8.24,0
2026-08-16T09:20Z,2026-08-11T22:24,dani vivian,Albert Laporta,sell,11664367,12210287,0.3,-4.47,0
2026-08-16T09:20Z,2026-08-11T22:25,manuel fernandez,Albert Laporta,sell,373500,,,,0
2026-08-16T09:20Z,2026-08-11T22:25,pathe ciss,Albert Laporta,sell,10393147,11475255,0.3,-9.43,0
2026-08-16T09:20Z,2026-08-11T22:26,javi puado,Albert Laporta,sell,8041411,7327284,0.3,9.75,0
2026-08-16T09:20Z,2026-08-12T21:24,abde ezzalzouli,Albert Laporta,buy,49991863,48704731,8.8,2.64,0
2026-08-16T09:20Z,2026-08-12T21:24,santi comesaña,BurtonGM89,buy,35276000,32307977,8.8,9.19,0
2026-08-16T09:20Z,2026-08-12T21:24,jon karrikaburu,Magic Mike 333,buy,700000,603778,8.8,15.94,1
2026-08-16T09:20Z,2026-08-12T21:24,pedro diaz,Magic Mike 333,buy,2050000,1864693,8.8,9.94,1
2026-08-16T09:20Z,2026-08-12T21:24,raphinha,Magic Mike 333,buy,80000000,76787126,8.8,4.18,1
2026-08-16T09:20Z,2026-08-12T21:24,marko dmitrovic,BurtonGM89,buy,40010000,36835548,8.8,8.62,1
2026-08-16T09:20Z,2026-08-13T12:12,orri steinn oskarsson,miguel_autentico,sell,8567036,8000328,0.8,7.08,0
2026-08-16T09:20Z,2026-08-13T12:12,dani martinez,miguel_autentico,sell,425612,412199,0.8,3.25,0
2026-08-16T09:20Z,2026-08-13T12:13,hugo duro,miguel_autentico,sell,8800811,8490435,0.8,3.66,0
2026-08-16T09:20Z,2026-08-13T21:24,leandro cabrera,Albert Laporta,buy,17500002,16666574,3.8,5.00,0
2026-08-16T09:20Z,2026-08-13T21:24,arda guler,Albert Laporta,buy,50836360,50836360,3.8,0.00,0
2026-08-16T09:20Z,2026-08-13T21:24,giuliano simeone,SusoGattuso,buy,44652302,44739423,3.8,-0.19,0
2026-08-16T09:20Z,2026-08-13T21:24,asier villalibre,Albert Laporta,buy,6954257,6954257,3.8,0.00,0
2026-08-16T09:20Z,2026-08-13T21:24,denis suarez,BurtonGM89,buy,2580315,2580315,3.8,0.00,0
2026-08-16T09:20Z,2026-08-13T21:25,juan musso,BurtonGM89,sell,4748599,4676990,3.9,1.53,0
2026-08-16T09:20Z,2026-08-13T21:26,iago aspas,BurtonGM89,sell,7275530,7352988,3.9,-1.05,0
2026-08-16T09:20Z,2026-08-13T21:26,unai lopez,BurtonGM89,sell,5762182,5786111,3.9,-0.41,0
2026-08-16T09:20Z,2026-08-13T21:26,joaquin muñoz,BurtonGM89,sell,6489738,6985824,3.9,-7.10,0
2026-08-16T09:20Z,2026-08-13T21:26,aliou dieng,BurtonGM89,sell,5284122,4909583,3.9,7.63,0
2026-08-16T09:20Z,2026-08-14T12:50,lucas boye,Magic Mike 333,sell,14013107,12511193,0.2,12.00,0
2026-08-16T09:20Z,2026-08-14T21:24,ionut radu,miguel_autentico,buy,39655832,39711707,8.8,-0.14,0
2026-08-16T09:20Z,2026-08-14T21:24,lucien agoume,miguel_autentico,buy,5891526,5791526,8.8,1.73,0
2026-08-16T09:20Z,2026-08-14T21:24,simon eriksson,miguel_autentico,buy,2933863,2933863,8.8,0.00,0
2026-08-16T09:20Z,2026-08-14T21:24,pablo gavi,Magic Mike 333,buy,35500000,33400322,8.8,6.29,1
2026-08-16T09:20Z,2026-08-14T21:24,tete morente,Magic Mike 333,buy,2033651,1986145,8.8,2.39,0
2026-08-16T09:20Z,2026-08-14T21:24,jon aramburu,SusoGattuso,buy,17785551,17175226,8.8,3.55,0
2026-08-16T09:20Z,2026-08-14T21:24,facundo buonanotte,Albert Laporta,buy,7331515,,,,0
2026-08-16T09:20Z,2026-08-14T21:24,clemens riedel,SusoGattuso,buy,4599626,4657417,8.8,-1.24,0
2026-08-16T09:20Z,2026-08-14T21:24,mario martin,SusoGattuso,buy,3831432,3743424,8.8,2.35,0
2026-08-16T09:20Z,2026-08-14T21:24,pablo fornals,miguel_autentico,buy,58220110,58303775,8.8,-0.14,0
2026-08-16T09:20Z,2026-08-14T21:24,santiago mouriño,Albert Laporta,buy,40516387,40597493,8.8,-0.20,0
2026-08-16T09:20Z,2026-08-14T21:51,pedro bigas,Albert Laporta,sell,5323361,5298333,9.2,0.47,0
2026-08-16T09:28Z,2026-08-11T21:24,giacomo quagliata,BurtonGM89,buy,4000000,3289433,0.1,21.60,1
2026-08-16T09:28Z,2026-08-11T21:24,carlos romero,BurtonGM89,buy,45739000,40587172,0.1,12.69,0
2026-08-16T09:28Z,2026-08-11T21:24,fabio cardoso,Magic Mike 333,buy,949269,925408,0.1,2.58,0
2026-08-16T09:28Z,2026-08-11T21:24,beñat turrientes,miguel_autentico,buy,6892898,6794227,0.1,1.45,0
2026-08-16T09:28Z,2026-08-11T21:42,unai egiluz,BurtonGM89,sell,468693,432999,0.4,8.24,0
2026-08-16T09:28Z,2026-08-11T22:24,dani vivian,Albert Laporta,sell,11664367,12210287,0.3,-4.47,0
2026-08-16T09:28Z,2026-08-11T22:25,manuel fernandez,Albert Laporta,sell,373500,,,,0
2026-08-16T09:28Z,2026-08-11T22:25,pathe ciss,Albert Laporta,sell,10393147,11475255,0.3,-9.43,0
2026-08-16T09:28Z,2026-08-11T22:26,javi puado,Albert Laporta,sell,8041411,7327284,0.3,9.75,0
2026-08-16T09:28Z,2026-08-12T21:24,abde ezzalzouli,Albert Laporta,buy,49991863,48704731,8.8,2.64,0
2026-08-16T09:28Z,2026-08-12T21:24,santi comesaña,BurtonGM89,buy,35276000,32307977,8.8,9.19,0
2026-08-16T09:28Z,2026-08-12T21:24,jon karrikaburu,Magic Mike 333,buy,700000,603778,8.8,15.94,1
2026-08-16T09:28Z,2026-08-12T21:24,pedro diaz,Magic Mike 333,buy,2050000,1864693,8.8,9.94,1
2026-08-16T09:28Z,2026-08-12T21:24,raphinha,Magic Mike 333,buy,80000000,76787126,8.8,4.18,1
2026-08-16T09:28Z,2026-08-12T21:24,marko dmitrovic,BurtonGM89,buy,40010000,36835548,8.8,8.62,1
2026-08-16T09:28Z,2026-08-13T12:12,orri steinn oskarsson,miguel_autentico,sell,8567036,8000328,0.8,7.08,0
2026-08-16T09:28Z,2026-08-13T12:12,dani martinez,miguel_autentico,sell,425612,412199,0.8,3.25,0
2026-08-16T09:28Z,2026-08-13T12:13,hugo duro,miguel_autentico,sell,8800811,8490435,0.8,3.66,0
2026-08-16T09:28Z,2026-08-13T21:24,leandro cabrera,Albert Laporta,buy,17500002,16666574,3.8,5.00,0
2026-08-16T09:28Z,2026-08-13T21:24,arda guler,Albert Laporta,buy,50836360,50836360,3.8,0.00,0
2026-08-16T09:28Z,2026-08-13T21:24,giuliano simeone,SusoGattuso,buy,44652302,44739423,3.8,-0.19,0
2026-08-16T09:28Z,2026-08-13T21:24,asier villalibre,Albert Laporta,buy,6954257,6954257,3.8,0.00,0
2026-08-16T09:28Z,2026-08-13T21:24,denis suarez,BurtonGM89,buy,2580315,2580315,3.8,0.00,0
2026-08-16T09:28Z,2026-08-13T21:25,juan musso,BurtonGM89,sell,4748599,4676990,3.9,1.53,0
2026-08-16T09:28Z,2026-08-13T21:26,iago aspas,BurtonGM89,sell,7275530,7352988,3.9,-1.05,0
2026-08-16T09:28Z,2026-08-13T21:26,unai lopez,BurtonGM89,sell,5762182,5786111,3.9,-0.41,0
2026-08-16T09:28Z,2026-08-13T21:26,joaquin muñoz,BurtonGM89,sell,6489738,6985824,3.9,-7.10,0
2026-08-16T09:28Z,2026-08-13T21:26,aliou dieng,BurtonGM89,sell,5284122,4909583,3.9,7.63,0
2026-08-16T09:28Z,2026-08-14T12:50,lucas boye,Magic Mike 333,sell,14013107,12511193,0.2,12.00,0
2026-08-16T09:28Z,2026-08-14T21:24,ionut radu,miguel_autentico,buy,39655832,39711707,8.8,-0.14,0
2026-08-16T09:28Z,2026-08-14T21:24,lucien agoume,miguel_autentico,buy,5891526,5791526,8.8,1.73,0
2026-08-16T09:28Z,2026-08-14T21:24,simon eriksson,miguel_autentico,buy,2933863,2933863,8.8,0.00,0
2026-08-16T09:28Z,2026-08-14T21:24,pablo gavi,Magic Mike 333,buy,35500000,33400322,8.8,6.29,1
2026-08-16T09:28Z,2026-08-14T21:24,tete morente,Magic Mike 333,buy,2033651,1986145,8.8,2.39,0
2026-08-16T09:28Z,2026-08-14T21:24,jon aramburu,SusoGattuso,buy,17785551,17175226,8.8,3.55,0
2026-08-16T09:28Z,2026-08-14T21:24,facundo buonanotte,Albert Laporta,buy,7331515,,,,0
2026-08-16T09:28Z,2026-08-14T21:24,clemens riedel,SusoGattuso,buy,4599626,4657417,8.8,-1.24,0
2026-08-16T09:28Z,2026-08-14T21:24,mario martin,SusoGattuso,buy,3831432,3743424,8.8,2.35,0
2026-08-16T09:28Z,2026-08-14T21:24,pablo fornals,miguel_autentico,buy,58220110,58303775,8.8,-0.14,0
2026-08-16T09:28Z,2026-08-14T21:24,santiago mouriño,Albert Laporta,buy,40516387,40597493,8.8,-0.20,0
2026-08-16T09:28Z,2026-08-14T21:51,pedro bigas,Albert Laporta,sell,5323361,5298333,9.2,0.47,0
2026-08-16T09:58Z,2026-08-11T21:24,giacomo quagliata,BurtonGM89,buy,4000000,3289433,0.1,21.60,1
2026-08-16T09:58Z,2026-08-11T21:24,carlos romero,BurtonGM89,buy,45739000,40587172,0.1,12.69,0
2026-08-16T09:58Z,2026-08-11T21:24,fabio cardoso,Magic Mike 333,buy,949269,925408,0.1,2.58,0
2026-08-16T09:58Z,2026-08-11T21:24,beñat turrientes,miguel_autentico,buy,6892898,6794227,0.1,1.45,0
2026-08-16T09:58Z,2026-08-11T21:42,unai egiluz,BurtonGM89,sell,468693,432999,0.4,8.24,0
2026-08-16T09:58Z,2026-08-11T22:24,dani vivian,Albert Laporta,sell,11664367,12210287,0.3,-4.47,0
2026-08-16T09:58Z,2026-08-11T22:25,manuel fernandez,Albert Laporta,sell,373500,,,,0
2026-08-16T09:58Z,2026-08-11T22:25,pathe ciss,Albert Laporta,sell,10393147,11475255,0.3,-9.43,0
2026-08-16T09:58Z,2026-08-11T22:26,javi puado,Albert Laporta,sell,8041411,7327284,0.3,9.75,0
2026-08-16T09:58Z,2026-08-12T21:24,abde ezzalzouli,Albert Laporta,buy,49991863,48704731,8.8,2.64,0
2026-08-16T09:58Z,2026-08-12T21:24,santi comesaña,BurtonGM89,buy,35276000,32307977,8.8,9.19,0
2026-08-16T09:58Z,2026-08-12T21:24,jon karrikaburu,Magic Mike 333,buy,700000,603778,8.8,15.94,1
2026-08-16T09:58Z,2026-08-12T21:24,pedro diaz,Magic Mike 333,buy,2050000,1864693,8.8,9.94,1
2026-08-16T09:58Z,2026-08-12T21:24,raphinha,Magic Mike 333,buy,80000000,76787126,8.8,4.18,1
2026-08-16T09:58Z,2026-08-12T21:24,marko dmitrovic,BurtonGM89,buy,40010000,36835548,8.8,8.62,1
2026-08-16T09:58Z,2026-08-13T12:12,orri steinn oskarsson,miguel_autentico,sell,8567036,8000328,0.8,7.08,0
2026-08-16T09:58Z,2026-08-13T12:12,dani martinez,miguel_autentico,sell,425612,412199,0.8,3.25,0
2026-08-16T09:58Z,2026-08-13T12:13,hugo duro,miguel_autentico,sell,8800811,8490435,0.8,3.66,0
2026-08-16T09:58Z,2026-08-13T21:24,leandro cabrera,Albert Laporta,buy,17500002,16666574,3.8,5.00,0
2026-08-16T09:58Z,2026-08-13T21:24,arda guler,Albert Laporta,buy,50836360,50836360,3.8,0.00,0
2026-08-16T09:58Z,2026-08-13T21:24,giuliano simeone,SusoGattuso,buy,44652302,44739423,3.8,-0.19,0
2026-08-16T09:58Z,2026-08-13T21:24,asier villalibre,Albert Laporta,buy,6954257,6954257,3.8,0.00,0
2026-08-16T09:58Z,2026-08-13T21:24,denis suarez,BurtonGM89,buy,2580315,2580315,3.8,0.00,0
2026-08-16T09:58Z,2026-08-13T21:25,juan musso,BurtonGM89,sell,4748599,4676990,3.9,1.53,0
2026-08-16T09:58Z,2026-08-13T21:26,iago aspas,BurtonGM89,sell,7275530,7352988,3.9,-1.05,0
2026-08-16T09:58Z,2026-08-13T21:26,unai lopez,BurtonGM89,sell,5762182,5786111,3.9,-0.41,0
2026-08-16T09:58Z,2026-08-13T21:26,joaquin muñoz,BurtonGM89,sell,6489738,6985824,3.9,-7.10,0
2026-08-16T09:58Z,2026-08-13T21:26,aliou dieng,BurtonGM89,sell,5284122,4909583,3.9,7.63,0
2026-08-16T09:58Z,2026-08-14T12:50,lucas boye,Magic Mike 333,sell,14013107,12511193,0.2,12.00,0
2026-08-16T09:58Z,2026-08-14T21:24,ionut radu,miguel_autentico,buy,39655832,39711707,8.8,-0.14,0
2026-08-16T09:58Z,2026-08-14T21:24,lucien agoume,miguel_autentico,buy,5891526,5791526,8.8,1.73,0
2026-08-16T09:58Z,2026-08-14T21:24,simon eriksson,miguel_autentico,buy,2933863,2933863,8.8,0.00,0
2026-08-16T09:58Z,2026-08-14T21:24,pablo gavi,Magic Mike 333,buy,35500000,33400322,8.8,6.29,1
2026-08-16T09:58Z,2026-08-14T21:24,tete morente,Magic Mike 333,buy,2033651,1986145,8.8,2.39,0
2026-08-16T09:58Z,2026-08-14T21:24,jon aramburu,SusoGattuso,buy,17785551,17175226,8.8,3.55,0
2026-08-16T09:58Z,2026-08-14T21:24,facundo buonanotte,Albert Laporta,buy,7331515,,,,0
2026-08-16T09:58Z,2026-08-14T21:24,clemens riedel,SusoGattuso,buy,4599626,4657417,8.8,-1.24,0
2026-08-16T09:58Z,2026-08-14T21:24,mario martin,SusoGattuso,buy,3831432,3743424,8.8,2.35,0
2026-08-16T09:58Z,2026-08-14T21:24,pablo fornals,miguel_autentico,buy,58220110,58303775,8.8,-0.14,0
2026-08-16T09:58Z,2026-08-14T21:24,santiago mouriño,Albert Laporta,buy,40516387,40597493,8.8,-0.20,0
2026-08-16T09:58Z,2026-08-14T21:51,pedro bigas,Albert Laporta,sell,5323361,5298333,9.2,0.47,0
2026-08-16T17:26Z,2026-08-11T21:24,giacomo quagliata,BurtonGM89,buy,4000000,3289433,0.1,21.60,1
2026-08-16T17:26Z,2026-08-11T21:24,carlos romero,BurtonGM89,buy,45739000,40587172,0.1,12.69,0
2026-08-16T17:26Z,2026-08-11T21:24,fabio cardoso,Magic Mike 333,buy,949269,925408,0.1,2.58,0
2026-08-16T17:26Z,2026-08-11T21:24,beñat turrientes,miguel_autentico,buy,6892898,6794227,0.1,1.45,0
2026-08-16T17:26Z,2026-08-11T21:42,unai egiluz,BurtonGM89,sell,468693,432999,0.4,8.24,0
2026-08-16T17:26Z,2026-08-11T22:24,dani vivian,Albert Laporta,sell,11664367,12210287,0.3,-4.47,0
2026-08-16T17:26Z,2026-08-11T22:25,manuel fernandez,Albert Laporta,sell,373500,,,,0
2026-08-16T17:26Z,2026-08-11T22:25,pathe ciss,Albert Laporta,sell,10393147,11475255,0.3,-9.43,0
2026-08-16T17:26Z,2026-08-11T22:26,javi puado,Albert Laporta,sell,8041411,7327284,0.3,9.75,0
2026-08-16T17:26Z,2026-08-12T21:24,abde ezzalzouli,Albert Laporta,buy,49991863,48704731,8.8,2.64,0
2026-08-16T17:26Z,2026-08-12T21:24,santi comesaña,BurtonGM89,buy,35276000,32307977,8.8,9.19,0
2026-08-16T17:26Z,2026-08-12T21:24,jon karrikaburu,Magic Mike 333,buy,700000,603778,8.8,15.94,1
2026-08-16T17:26Z,2026-08-12T21:24,pedro diaz,Magic Mike 333,buy,2050000,1864693,8.8,9.94,1
2026-08-16T17:26Z,2026-08-12T21:24,raphinha,Magic Mike 333,buy,80000000,76787126,8.8,4.18,1
2026-08-16T17:26Z,2026-08-12T21:24,marko dmitrovic,BurtonGM89,buy,40010000,36835548,8.8,8.62,1
2026-08-16T17:26Z,2026-08-13T12:12,orri steinn oskarsson,miguel_autentico,sell,8567036,8000328,0.8,7.08,0
2026-08-16T17:26Z,2026-08-13T12:12,dani martinez,miguel_autentico,sell,425612,412199,0.8,3.25,0
2026-08-16T17:26Z,2026-08-13T12:13,hugo duro,miguel_autentico,sell,8800811,8490435,0.8,3.66,0
2026-08-16T17:26Z,2026-08-13T21:24,leandro cabrera,Albert Laporta,buy,17500002,16666574,3.8,5.00,0
2026-08-16T17:26Z,2026-08-13T21:24,arda guler,Albert Laporta,buy,50836360,50836360,3.8,0.00,0
2026-08-16T17:26Z,2026-08-13T21:24,giuliano simeone,SusoGattuso,buy,44652302,44739423,3.8,-0.19,0
2026-08-16T17:26Z,2026-08-13T21:24,asier villalibre,Albert Laporta,buy,6954257,6954257,3.8,0.00,0
2026-08-16T17:26Z,2026-08-13T21:24,denis suarez,BurtonGM89,buy,2580315,2580315,3.8,0.00,0
2026-08-16T17:26Z,2026-08-13T21:25,juan musso,BurtonGM89,sell,4748599,4676990,3.9,1.53,0
2026-08-16T17:26Z,2026-08-13T21:26,iago aspas,BurtonGM89,sell,7275530,7352988,3.9,-1.05,0
2026-08-16T17:26Z,2026-08-13T21:26,unai lopez,BurtonGM89,sell,5762182,5786111,3.9,-0.41,0
2026-08-16T17:26Z,2026-08-13T21:26,joaquin muñoz,BurtonGM89,sell,6489738,6985824,3.9,-7.10,0
2026-08-16T17:26Z,2026-08-13T21:26,aliou dieng,BurtonGM89,sell,5284122,4909583,3.9,7.63,0
2026-08-16T17:26Z,2026-08-14T12:50,lucas boye,Magic Mike 333,sell,14013107,12511193,0.2,12.00,0
2026-08-16T17:26Z,2026-08-14T21:24,ionut radu,miguel_autentico,buy,39655832,39711707,8.8,-0.14,0
2026-08-16T17:26Z,2026-08-14T21:24,lucien agoume,miguel_autentico,buy,5891526,5791526,8.8,1.73,0
2026-08-16T17:26Z,2026-08-14T21:24,simon eriksson,miguel_autentico,buy,2933863,2933863,8.8,0.00,0
2026-08-16T17:26Z,2026-08-14T21:24,pablo gavi,Magic Mike 333,buy,35500000,33400322,8.8,6.29,1
2026-08-16T17:26Z,2026-08-14T21:24,tete morente,Magic Mike 333,buy,2033651,1986145,8.8,2.39,0
2026-08-16T17:26Z,2026-08-14T21:24,jon aramburu,SusoGattuso,buy,17785551,17175226,8.8,3.55,0
2026-08-16T17:26Z,2026-08-14T21:24,facundo buonanotte,Albert Laporta,buy,7331515,,,,0
2026-08-16T17:26Z,2026-08-14T21:24,clemens riedel,SusoGattuso,buy,4599626,4657417,8.8,-1.24,0
2026-08-16T17:26Z,2026-08-14T21:24,mario martin,SusoGattuso,buy,3831432,3743424,8.8,2.35,0
2026-08-16T17:26Z,2026-08-14T21:24,pablo fornals,miguel_autentico,buy,58220110,58303775,8.8,-0.14,0
2026-08-16T17:26Z,2026-08-14T21:24,santiago mouriño,Albert Laporta,buy,40516387,40597493,8.8,-0.20,0
2026-08-16T17:26Z,2026-08-14T21:51,pedro bigas,Albert Laporta,sell,5323361,5298333,9.2,0.47,0
2026-08-16T22:14Z,2026-08-11T21:24,giacomo quagliata,BurtonGM89,buy,4000000,3289433,0.1,21.60,1
2026-08-16T22:14Z,2026-08-11T21:24,carlos romero,BurtonGM89,buy,45739000,40587172,0.1,12.69,0
2026-08-16T22:14Z,2026-08-11T21:24,fabio cardoso,Magic Mike 333,buy,949269,925408,0.1,2.58,0
2026-08-16T22:14Z,2026-08-11T21:24,beñat turrientes,miguel_autentico,buy,6892898,6794227,0.1,1.45,0
2026-08-16T22:14Z,2026-08-11T21:42,unai egiluz,BurtonGM89,sell,468693,432999,0.4,8.24,0
2026-08-16T22:14Z,2026-08-11T22:24,dani vivian,Albert Laporta,sell,11664367,12210287,0.3,-4.47,0
2026-08-16T22:14Z,2026-08-11T22:25,manuel fernandez,Albert Laporta,sell,373500,,,,0
2026-08-16T22:14Z,2026-08-11T22:25,pathe ciss,Albert Laporta,sell,10393147,11475255,0.3,-9.43,0
2026-08-16T22:14Z,2026-08-11T22:26,javi puado,Albert Laporta,sell,8041411,7327284,0.3,9.75,0
2026-08-16T22:14Z,2026-08-12T21:24,abde ezzalzouli,Albert Laporta,buy,49991863,48704731,8.8,2.64,0
2026-08-16T22:14Z,2026-08-12T21:24,santi comesaña,BurtonGM89,buy,35276000,32307977,8.8,9.19,0
2026-08-16T22:14Z,2026-08-12T21:24,jon karrikaburu,Magic Mike 333,buy,700000,603778,8.8,15.94,1
2026-08-16T22:14Z,2026-08-12T21:24,pedro diaz,Magic Mike 333,buy,2050000,1864693,8.8,9.94,1
2026-08-16T22:14Z,2026-08-12T21:24,raphinha,Magic Mike 333,buy,80000000,76787126,8.8,4.18,1
2026-08-16T22:14Z,2026-08-12T21:24,marko dmitrovic,BurtonGM89,buy,40010000,36835548,8.8,8.62,1
2026-08-16T22:14Z,2026-08-13T12:12,orri steinn oskarsson,miguel_autentico,sell,8567036,8000328,0.8,7.08,0
2026-08-16T22:14Z,2026-08-13T12:12,dani martinez,miguel_autentico,sell,425612,412199,0.8,3.25,0
2026-08-16T22:14Z,2026-08-13T12:13,hugo duro,miguel_autentico,sell,8800811,8490435,0.8,3.66,0
2026-08-16T22:14Z,2026-08-13T21:24,leandro cabrera,Albert Laporta,buy,17500002,16666574,3.8,5.00,0
2026-08-16T22:14Z,2026-08-13T21:24,arda guler,Albert Laporta,buy,50836360,50836360,3.8,0.00,0
2026-08-16T22:14Z,2026-08-13T21:24,giuliano simeone,SusoGattuso,buy,44652302,44739423,3.8,-0.19,0
2026-08-16T22:14Z,2026-08-13T21:24,asier villalibre,Albert Laporta,buy,6954257,6954257,3.8,0.00,0
2026-08-16T22:14Z,2026-08-13T21:24,denis suarez,BurtonGM89,buy,2580315,2580315,3.8,0.00,0
2026-08-16T22:14Z,2026-08-13T21:25,juan musso,BurtonGM89,sell,4748599,4676990,3.9,1.53,0
2026-08-16T22:14Z,2026-08-13T21:26,iago aspas,BurtonGM89,sell,7275530,7352988,3.9,-1.05,0
2026-08-16T22:14Z,2026-08-13T21:26,unai lopez,BurtonGM89,sell,5762182,5786111,3.9,-0.41,0
2026-08-16T22:14Z,2026-08-13T21:26,joaquin muñoz,BurtonGM89,sell,6489738,6985824,3.9,-7.10,0
2026-08-16T22:14Z,2026-08-13T21:26,aliou dieng,BurtonGM89,sell,5284122,4909583,3.9,7.63,0
2026-08-16T22:14Z,2026-08-14T12:50,lucas boye,Magic Mike 333,sell,14013107,12511193,0.2,12.00,0
2026-08-16T22:14Z,2026-08-14T21:24,ionut radu,miguel_autentico,buy,39655832,39711707,8.8,-0.14,0
2026-08-16T22:14Z,2026-08-14T21:24,lucien agoume,miguel_autentico,buy,5891526,5791526,8.8,1.73,0
2026-08-16T22:14Z,2026-08-14T21:24,simon eriksson,miguel_autentico,buy,2933863,2933863,8.8,0.00,0
2026-08-16T22:14Z,2026-08-14T21:24,pablo gavi,Magic Mike 333,buy,35500000,33400322,8.8,6.29,1
2026-08-16T22:14Z,2026-08-14T21:24,tete morente,Magic Mike 333,buy,2033651,1986145,8.8,2.39,0
2026-08-16T22:14Z,2026-08-14T21:24,jon aramburu,SusoGattuso,buy,17785551,17175226,8.8,3.55,0
2026-08-16T22:14Z,2026-08-14T21:24,facundo buonanotte,Albert Laporta,buy,7331515,,,,0
2026-08-16T22:14Z,2026-08-14T21:24,clemens riedel,SusoGattuso,buy,4599626,4657417,8.8,-1.24,0
2026-08-16T22:14Z,2026-08-14T21:24,mario martin,SusoGattuso,buy,3831432,3743424,8.8,2.35,0
2026-08-16T22:14Z,2026-08-14T21:24,pablo fornals,miguel_autentico,buy,58220110,58303775,8.8,-0.14,0
2026-08-16T22:14Z,2026-08-14T21:24,santiago mouriño,Albert Laporta,buy,40516387,40597493,8.8,-0.20,0
2026-08-16T22:14Z,2026-08-14T21:24,huijsen,BurtonGM89,buy,32901000,31445591,8.8,4.63,0
2026-08-16T22:14Z,2026-08-14T21:24,paredes,BurtonGM89,buy,5350000,4961926,8.8,7.82,1
2026-08-16T22:14Z,2026-08-14T21:26,militao,BurtonGM89,sell,12012022,12398518,8.8,-3.12,0
2026-08-16T22:14Z,2026-08-14T21:51,pedro bigas,Albert Laporta,sell,5323361,5298333,9.2,0.47,0
2026-08-16T22:55Z,2026-08-11T21:24,giacomo quagliata,BurtonGM89,buy,4000000,3289433,0.1,21.60,1
2026-08-16T22:55Z,2026-08-11T21:24,carlos romero,BurtonGM89,buy,45739000,40587172,0.1,12.69,0
2026-08-16T22:55Z,2026-08-11T21:24,fabio cardoso,Magic Mike 333,buy,949269,925408,0.1,2.58,0
2026-08-16T22:55Z,2026-08-11T21:24,beñat turrientes,miguel_autentico,buy,6892898,6794227,0.1,1.45,0
2026-08-16T22:55Z,2026-08-11T21:42,unai egiluz,BurtonGM89,sell,468693,432999,0.4,8.24,0
2026-08-16T22:55Z,2026-08-11T22:24,dani vivian,Albert Laporta,sell,11664367,12210287,0.3,-4.47,0
2026-08-16T22:55Z,2026-08-11T22:25,manuel fernandez,Albert Laporta,sell,373500,,,,0
2026-08-16T22:55Z,2026-08-11T22:25,pathe ciss,Albert Laporta,sell,10393147,11475255,0.3,-9.43,0
2026-08-16T22:55Z,2026-08-11T22:26,javi puado,Albert Laporta,sell,8041411,7327284,0.3,9.75,0
2026-08-16T22:55Z,2026-08-12T21:24,abde ezzalzouli,Albert Laporta,buy,49991863,48704731,8.8,2.64,0
2026-08-16T22:55Z,2026-08-12T21:24,santi comesaña,BurtonGM89,buy,35276000,32307977,8.8,9.19,0
2026-08-16T22:55Z,2026-08-12T21:24,jon karrikaburu,Magic Mike 333,buy,700000,603778,8.8,15.94,1
2026-08-16T22:55Z,2026-08-12T21:24,pedro diaz,Magic Mike 333,buy,2050000,1864693,8.8,9.94,1
2026-08-16T22:55Z,2026-08-12T21:24,raphinha,Magic Mike 333,buy,80000000,76787126,8.8,4.18,1
2026-08-16T22:55Z,2026-08-12T21:24,marko dmitrovic,BurtonGM89,buy,40010000,36835548,8.8,8.62,1
2026-08-16T22:55Z,2026-08-13T12:12,orri steinn oskarsson,miguel_autentico,sell,8567036,8000328,0.8,7.08,0
2026-08-16T22:55Z,2026-08-13T12:12,dani martinez,miguel_autentico,sell,425612,412199,0.8,3.25,0
2026-08-16T22:55Z,2026-08-13T12:13,hugo duro,miguel_autentico,sell,8800811,8490435,0.8,3.66,0
2026-08-16T22:55Z,2026-08-13T21:24,leandro cabrera,Albert Laporta,buy,17500002,16666574,3.8,5.00,0
2026-08-16T22:55Z,2026-08-13T21:24,arda guler,Albert Laporta,buy,50836360,50836360,3.8,0.00,0
2026-08-16T22:55Z,2026-08-13T21:24,giuliano simeone,SusoGattuso,buy,44652302,44739423,3.8,-0.19,0
2026-08-16T22:55Z,2026-08-13T21:24,asier villalibre,Albert Laporta,buy,6954257,6954257,3.8,0.00,0
2026-08-16T22:55Z,2026-08-13T21:24,denis suarez,BurtonGM89,buy,2580315,2580315,3.8,0.00,0
2026-08-16T22:55Z,2026-08-13T21:25,juan musso,BurtonGM89,sell,4748599,4676990,3.9,1.53,0
2026-08-16T22:55Z,2026-08-13T21:26,iago aspas,BurtonGM89,sell,7275530,7352988,3.9,-1.05,0
2026-08-16T22:55Z,2026-08-13T21:26,unai lopez,BurtonGM89,sell,5762182,5786111,3.9,-0.41,0
2026-08-16T22:55Z,2026-08-13T21:26,joaquin muñoz,BurtonGM89,sell,6489738,6985824,3.9,-7.10,0
2026-08-16T22:55Z,2026-08-13T21:26,aliou dieng,BurtonGM89,sell,5284122,4909583,3.9,7.63,0
2026-08-16T22:55Z,2026-08-14T12:50,lucas boye,Magic Mike 333,sell,14013107,12511193,0.2,12.00,0
2026-08-16T22:55Z,2026-08-14T21:24,ionut radu,miguel_autentico,buy,39655832,39711707,8.8,-0.14,0
2026-08-16T22:55Z,2026-08-14T21:24,lucien agoume,miguel_autentico,buy,5891526,5791526,8.8,1.73,0
2026-08-16T22:55Z,2026-08-14T21:24,simon eriksson,miguel_autentico,buy,2933863,2933863,8.8,0.00,0
2026-08-16T22:55Z,2026-08-14T21:24,pablo gavi,Magic Mike 333,buy,35500000,33400322,8.8,6.29,1
2026-08-16T22:55Z,2026-08-14T21:24,tete morente,Magic Mike 333,buy,2033651,1986145,8.8,2.39,0
2026-08-16T22:55Z,2026-08-14T21:24,jon aramburu,SusoGattuso,buy,17785551,17175226,8.8,3.55,0
2026-08-16T22:55Z,2026-08-14T21:24,facundo buonanotte,Albert Laporta,buy,7331515,6830769,-51.5,7.33,0
2026-08-16T22:55Z,2026-08-14T21:24,clemens riedel,SusoGattuso,buy,4599626,4657417,8.8,-1.24,0
2026-08-16T22:55Z,2026-08-14T21:24,mario martin,SusoGattuso,buy,3831432,3743424,8.8,2.35,0
2026-08-16T22:55Z,2026-08-14T21:24,pablo fornals,miguel_autentico,buy,58220110,58303775,8.8,-0.14,0
2026-08-16T22:55Z,2026-08-14T21:24,santiago mouriño,Albert Laporta,buy,40516387,40597493,8.8,-0.20,0
2026-08-16T22:55Z,2026-08-14T21:24,huijsen,BurtonGM89,buy,32901000,31445591,8.8,4.63,0
2026-08-16T22:55Z,2026-08-14T21:24,paredes,BurtonGM89,buy,5350000,4961926,8.8,7.82,1
2026-08-16T22:55Z,2026-08-14T21:26,militao,BurtonGM89,sell,12012022,12398518,8.8,-3.12,0
2026-08-16T22:55Z,2026-08-14T21:51,pedro bigas,Albert Laporta,sell,5323361,5298333,9.2,0.47,0
2026-08-17T10:17Z,2026-08-11T21:24,giacomo quagliata,BurtonGM89,buy,4000000,3289433,0.1,21.60,1
2026-08-17T10:17Z,2026-08-11T21:24,carlos romero,BurtonGM89,buy,45739000,40587172,0.1,12.69,0
2026-08-17T10:17Z,2026-08-11T21:24,fabio cardoso,Magic Mike 333,buy,949269,925408,0.1,2.58,0
2026-08-17T10:17Z,2026-08-11T21:24,beñat turrientes,miguel_autentico,buy,6892898,6794227,0.1,1.45,0
2026-08-17T10:17Z,2026-08-11T21:42,unai egiluz,BurtonGM89,sell,468693,432999,0.4,8.24,0
2026-08-17T10:17Z,2026-08-11T22:24,dani vivian,Albert Laporta,sell,11664367,12210287,0.3,-4.47,0
2026-08-17T10:17Z,2026-08-11T22:25,manuel fernandez,Albert Laporta,sell,373500,,,,0
2026-08-17T10:17Z,2026-08-11T22:25,pathe ciss,Albert Laporta,sell,10393147,11475255,0.3,-9.43,0
2026-08-17T10:17Z,2026-08-11T22:26,javi puado,Albert Laporta,sell,8041411,7327284,0.3,9.75,0
2026-08-17T10:17Z,2026-08-12T21:24,abde ezzalzouli,Albert Laporta,buy,49991863,48704731,8.8,2.64,0
2026-08-17T10:17Z,2026-08-12T21:24,santi comesaña,BurtonGM89,buy,35276000,32307977,8.8,9.19,0
2026-08-17T10:17Z,2026-08-12T21:24,jon karrikaburu,Magic Mike 333,buy,700000,603778,8.8,15.94,1
2026-08-17T10:17Z,2026-08-12T21:24,pedro diaz,Magic Mike 333,buy,2050000,1864693,8.8,9.94,1
2026-08-17T10:17Z,2026-08-12T21:24,raphinha,Magic Mike 333,buy,80000000,76787126,8.8,4.18,1
2026-08-17T10:17Z,2026-08-12T21:24,marko dmitrovic,BurtonGM89,buy,40010000,36835548,8.8,8.62,1
2026-08-17T10:17Z,2026-08-13T12:12,orri steinn oskarsson,miguel_autentico,sell,8567036,8000328,0.8,7.08,0
2026-08-17T10:17Z,2026-08-13T12:12,dani martinez,miguel_autentico,sell,425612,412199,0.8,3.25,0
2026-08-17T10:17Z,2026-08-13T12:13,hugo duro,miguel_autentico,sell,8800811,8490435,0.8,3.66,0
2026-08-17T10:17Z,2026-08-13T21:24,leandro cabrera,Albert Laporta,buy,17500002,16666574,3.8,5.00,0
2026-08-17T10:17Z,2026-08-13T21:24,arda guler,Albert Laporta,buy,50836360,50836360,3.8,0.00,0
2026-08-17T10:17Z,2026-08-13T21:24,giuliano simeone,SusoGattuso,buy,44652302,44739423,3.8,-0.19,0
2026-08-17T10:17Z,2026-08-13T21:24,asier villalibre,Albert Laporta,buy,6954257,6954257,3.8,0.00,0
2026-08-17T10:17Z,2026-08-13T21:24,denis suarez,BurtonGM89,buy,2580315,2580315,3.8,0.00,0
2026-08-17T10:17Z,2026-08-13T21:25,juan musso,BurtonGM89,sell,4748599,4676990,3.9,1.53,0
2026-08-17T10:17Z,2026-08-13T21:26,iago aspas,BurtonGM89,sell,7275530,7352988,3.9,-1.05,0
2026-08-17T10:17Z,2026-08-13T21:26,unai lopez,BurtonGM89,sell,5762182,5786111,3.9,-0.41,0
2026-08-17T10:17Z,2026-08-13T21:26,joaquin muñoz,BurtonGM89,sell,6489738,6985824,3.9,-7.10,0
2026-08-17T10:17Z,2026-08-13T21:26,aliou dieng,BurtonGM89,sell,5284122,4909583,3.9,7.63,0
2026-08-17T10:17Z,2026-08-14T12:50,lucas boye,Magic Mike 333,sell,14013107,12511193,0.2,12.00,0
2026-08-17T10:17Z,2026-08-14T21:24,ionut radu,miguel_autentico,buy,39655832,39711707,8.8,-0.14,0
2026-08-17T10:17Z,2026-08-14T21:24,lucien agoume,miguel_autentico,buy,5891526,5791526,8.8,1.73,0
2026-08-17T10:17Z,2026-08-14T21:24,simon eriksson,miguel_autentico,buy,2933863,2933863,8.8,0.00,0
2026-08-17T10:17Z,2026-08-14T21:24,pablo gavi,Magic Mike 333,buy,35500000,33400322,8.8,6.29,1
2026-08-17T10:17Z,2026-08-14T21:24,tete morente,Magic Mike 333,buy,2033651,1986145,8.8,2.39,0
2026-08-17T10:17Z,2026-08-14T21:24,jon aramburu,SusoGattuso,buy,17785551,17175226,8.8,3.55,0
2026-08-17T10:17Z,2026-08-14T21:24,facundo buonanotte,Albert Laporta,buy,7331515,6830769,-51.5,7.33,0
2026-08-17T10:17Z,2026-08-14T21:24,clemens riedel,SusoGattuso,buy,4599626,4657417,8.8,-1.24,0
2026-08-17T10:17Z,2026-08-14T21:24,mario martin,SusoGattuso,buy,3831432,3743424,8.8,2.35,0
2026-08-17T10:17Z,2026-08-14T21:24,pablo fornals,miguel_autentico,buy,58220110,58303775,8.8,-0.14,0
2026-08-17T10:17Z,2026-08-14T21:24,santiago mouriño,Albert Laporta,buy,40516387,40597493,8.8,-0.20,0
2026-08-17T10:17Z,2026-08-14T21:24,huijsen,BurtonGM89,buy,32901000,31445591,8.8,4.63,0
2026-08-17T10:17Z,2026-08-14T21:24,paredes,BurtonGM89,buy,5350000,4961926,8.8,7.82,1
2026-08-17T10:17Z,2026-08-14T21:26,militao,BurtonGM89,sell,12012022,12398518,8.8,-3.12,0
2026-08-17T10:17Z,2026-08-14T21:51,pedro bigas,Albert Laporta,sell,5323361,5298333,9.2,0.47,0
2026-08-17T22:33Z,2026-08-11T21:24,giacomo quagliata,BurtonGM89,buy,4000000,3289433,0.1,21.60,1
2026-08-17T22:33Z,2026-08-11T21:24,carlos romero,BurtonGM89,buy,45739000,40587172,0.1,12.69,0
2026-08-17T22:33Z,2026-08-11T21:24,fabio cardoso,Magic Mike 333,buy,949269,925408,0.1,2.58,0
2026-08-17T22:33Z,2026-08-11T21:24,beñat turrientes,miguel_autentico,buy,6892898,6794227,0.1,1.45,0
2026-08-17T22:33Z,2026-08-11T21:42,unai egiluz,BurtonGM89,sell,468693,432999,0.4,8.24,0
2026-08-17T22:33Z,2026-08-11T22:24,dani vivian,Albert Laporta,sell,11664367,12210287,0.3,-4.47,0
2026-08-17T22:33Z,2026-08-11T22:25,manuel fernandez,Albert Laporta,sell,373500,,,,0
2026-08-17T22:33Z,2026-08-11T22:25,pathe ciss,Albert Laporta,sell,10393147,11475255,0.3,-9.43,0
2026-08-17T22:33Z,2026-08-11T22:26,javi puado,Albert Laporta,sell,8041411,7327284,0.3,9.75,0
2026-08-17T22:33Z,2026-08-12T21:24,abde ezzalzouli,Albert Laporta,buy,49991863,48704731,8.8,2.64,0
2026-08-17T22:33Z,2026-08-12T21:24,santi comesaña,BurtonGM89,buy,35276000,32307977,8.8,9.19,0
2026-08-17T22:33Z,2026-08-12T21:24,jon karrikaburu,Magic Mike 333,buy,700000,603778,8.8,15.94,1
2026-08-17T22:33Z,2026-08-12T21:24,pedro diaz,Magic Mike 333,buy,2050000,1864693,8.8,9.94,1
2026-08-17T22:33Z,2026-08-12T21:24,raphinha,Magic Mike 333,buy,80000000,76787126,8.8,4.18,1
2026-08-17T22:33Z,2026-08-12T21:24,marko dmitrovic,BurtonGM89,buy,40010000,36835548,8.8,8.62,1
2026-08-17T22:33Z,2026-08-13T12:12,orri steinn oskarsson,miguel_autentico,sell,8567036,8000328,0.8,7.08,0
2026-08-17T22:33Z,2026-08-13T12:12,dani martinez,miguel_autentico,sell,425612,412199,0.8,3.25,0
2026-08-17T22:33Z,2026-08-13T12:13,hugo duro,miguel_autentico,sell,8800811,8490435,0.8,3.66,0
2026-08-17T22:33Z,2026-08-13T21:24,leandro cabrera,Albert Laporta,buy,17500002,16666574,3.8,5.00,0
2026-08-17T22:33Z,2026-08-13T21:24,arda guler,Albert Laporta,buy,50836360,50836360,3.8,0.00,0
2026-08-17T22:33Z,2026-08-13T21:24,giuliano simeone,SusoGattuso,buy,44652302,44739423,3.8,-0.19,0
2026-08-17T22:33Z,2026-08-13T21:24,asier villalibre,Albert Laporta,buy,6954257,6954257,3.8,0.00,0
2026-08-17T22:33Z,2026-08-13T21:24,denis suarez,BurtonGM89,buy,2580315,2580315,3.8,0.00,0
2026-08-17T22:33Z,2026-08-13T21:25,juan musso,BurtonGM89,sell,4748599,4676990,3.9,1.53,0
2026-08-17T22:33Z,2026-08-13T21:26,iago aspas,BurtonGM89,sell,7275530,7352988,3.9,-1.05,0
2026-08-17T22:33Z,2026-08-13T21:26,unai lopez,BurtonGM89,sell,5762182,5786111,3.9,-0.41,0
2026-08-17T22:33Z,2026-08-13T21:26,joaquin muñoz,BurtonGM89,sell,6489738,6985824,3.9,-7.10,0
2026-08-17T22:33Z,2026-08-13T21:26,aliou dieng,BurtonGM89,sell,5284122,4909583,3.9,7.63,0
2026-08-17T22:33Z,2026-08-14T12:50,lucas boye,Magic Mike 333,sell,14013107,12511193,0.2,12.00,0
2026-08-17T22:33Z,2026-08-14T21:24,ionut radu,miguel_autentico,buy,39655832,39711707,8.8,-0.14,0
2026-08-17T22:33Z,2026-08-14T21:24,lucien agoume,miguel_autentico,buy,5891526,5791526,8.8,1.73,0
2026-08-17T22:33Z,2026-08-14T21:24,simon eriksson,miguel_autentico,buy,2933863,2933863,8.8,0.00,0
2026-08-17T22:33Z,2026-08-14T21:24,pablo gavi,Magic Mike 333,buy,35500000,33400322,8.8,6.29,1
2026-08-17T22:33Z,2026-08-14T21:24,tete morente,Magic Mike 333,buy,2033651,1986145,8.8,2.39,0
2026-08-17T22:33Z,2026-08-14T21:24,jon aramburu,SusoGattuso,buy,17785551,17175226,8.8,3.55,0
2026-08-17T22:33Z,2026-08-14T21:24,facundo buonanotte,Albert Laporta,buy,7331515,6830769,-51.5,7.33,0
2026-08-17T22:33Z,2026-08-14T21:24,clemens riedel,SusoGattuso,buy,4599626,4657417,8.8,-1.24,0
2026-08-17T22:33Z,2026-08-14T21:24,mario martin,SusoGattuso,buy,3831432,3743424,8.8,2.35,0
2026-08-17T22:33Z,2026-08-14T21:24,pablo fornals,miguel_autentico,buy,58220110,58303775,8.8,-0.14,0
2026-08-17T22:33Z,2026-08-14T21:24,santiago mouriño,Albert Laporta,buy,40516387,40597493,8.8,-0.20,0
2026-08-17T22:33Z,2026-08-14T21:24,huijsen,BurtonGM89,buy,32901000,31445591,8.8,4.63,0
2026-08-17T22:33Z,2026-08-14T21:24,paredes,BurtonGM89,buy,5350000,4961926,8.8,7.82,1
2026-08-17T22:33Z,2026-08-14T21:26,militao,BurtonGM89,sell,12012022,12398518,8.8,-3.12,0
2026-08-17T22:33Z,2026-08-14T21:51,pedro bigas,Albert Laporta,sell,5323361,5298333,9.2,0.47,0
2026-08-17T22:58Z,2026-08-11T21:24,giacomo quagliata,BurtonGM89,buy,4000000,3289433,0.1,21.60,1
2026-08-17T22:58Z,2026-08-11T21:24,carlos romero,BurtonGM89,buy,45739000,40587172,0.1,12.69,0
2026-08-17T22:58Z,2026-08-11T21:24,fabio cardoso,Magic Mike 333,buy,949269,925408,0.1,2.58,0
2026-08-17T22:58Z,2026-08-11T21:24,beñat turrientes,miguel_autentico,buy,6892898,6794227,0.1,1.45,0
2026-08-17T22:58Z,2026-08-11T21:42,unai egiluz,BurtonGM89,sell,468693,432999,0.4,8.24,0
2026-08-17T22:58Z,2026-08-11T22:24,dani vivian,Albert Laporta,sell,11664367,12210287,0.3,-4.47,0
2026-08-17T22:58Z,2026-08-11T22:25,manuel fernandez,Albert Laporta,sell,373500,,,,0
2026-08-17T22:58Z,2026-08-11T22:25,pathe ciss,Albert Laporta,sell,10393147,11475255,0.3,-9.43,0
2026-08-17T22:58Z,2026-08-11T22:26,javi puado,Albert Laporta,sell,8041411,7327284,0.3,9.75,0
2026-08-17T22:58Z,2026-08-12T21:24,abde ezzalzouli,Albert Laporta,buy,49991863,48704731,8.8,2.64,0
2026-08-17T22:58Z,2026-08-12T21:24,santi comesaña,BurtonGM89,buy,35276000,32307977,8.8,9.19,0
2026-08-17T22:58Z,2026-08-12T21:24,jon karrikaburu,Magic Mike 333,buy,700000,603778,8.8,15.94,1
2026-08-17T22:58Z,2026-08-12T21:24,pedro diaz,Magic Mike 333,buy,2050000,1864693,8.8,9.94,1
2026-08-17T22:58Z,2026-08-12T21:24,raphinha,Magic Mike 333,buy,80000000,76787126,8.8,4.18,1
2026-08-17T22:58Z,2026-08-12T21:24,marko dmitrovic,BurtonGM89,buy,40010000,36835548,8.8,8.62,1
2026-08-17T22:58Z,2026-08-13T12:12,orri steinn oskarsson,miguel_autentico,sell,8567036,8000328,0.8,7.08,0
2026-08-17T22:58Z,2026-08-13T12:12,dani martinez,miguel_autentico,sell,425612,412199,0.8,3.25,0
2026-08-17T22:58Z,2026-08-13T12:13,hugo duro,miguel_autentico,sell,8800811,8490435,0.8,3.66,0
2026-08-17T22:58Z,2026-08-13T21:24,leandro cabrera,Albert Laporta,buy,17500002,16666574,3.8,5.00,0
2026-08-17T22:58Z,2026-08-13T21:24,arda guler,Albert Laporta,buy,50836360,50836360,3.8,0.00,0
2026-08-17T22:58Z,2026-08-13T21:24,giuliano simeone,SusoGattuso,buy,44652302,44739423,3.8,-0.19,0
2026-08-17T22:58Z,2026-08-13T21:24,asier villalibre,Albert Laporta,buy,6954257,6954257,3.8,0.00,0
2026-08-17T22:58Z,2026-08-13T21:24,denis suarez,BurtonGM89,buy,2580315,2580315,3.8,0.00,0
2026-08-17T22:58Z,2026-08-13T21:25,juan musso,BurtonGM89,sell,4748599,4676990,3.9,1.53,0
2026-08-17T22:58Z,2026-08-13T21:26,iago aspas,BurtonGM89,sell,7275530,7352988,3.9,-1.05,0
2026-08-17T22:58Z,2026-08-13T21:26,unai lopez,BurtonGM89,sell,5762182,5786111,3.9,-0.41,0
2026-08-17T22:58Z,2026-08-13T21:26,joaquin muñoz,BurtonGM89,sell,6489738,6985824,3.9,-7.10,0
2026-08-17T22:58Z,2026-08-13T21:26,aliou dieng,BurtonGM89,sell,5284122,4909583,3.9,7.63,0
2026-08-17T22:58Z,2026-08-14T12:50,lucas boye,Magic Mike 333,sell,14013107,12511193,0.2,12.00,0
2026-08-17T22:58Z,2026-08-14T21:24,ionut radu,miguel_autentico,buy,39655832,39711707,8.8,-0.14,0
2026-08-17T22:58Z,2026-08-14T21:24,lucien agoume,miguel_autentico,buy,5891526,5791526,8.8,1.73,0
2026-08-17T22:58Z,2026-08-14T21:24,simon eriksson,miguel_autentico,buy,2933863,2933863,8.8,0.00,0
2026-08-17T22:58Z,2026-08-14T21:24,pablo gavi,Magic Mike 333,buy,35500000,33400322,8.8,6.29,1
2026-08-17T22:58Z,2026-08-14T21:24,tete morente,Magic Mike 333,buy,2033651,1986145,8.8,2.39,0
2026-08-17T22:58Z,2026-08-14T21:24,jon aramburu,SusoGattuso,buy,17785551,17175226,8.8,3.55,0
2026-08-17T22:58Z,2026-08-14T21:24,facundo buonanotte,Albert Laporta,buy,7331515,6830769,-51.5,7.33,0
2026-08-17T22:58Z,2026-08-14T21:24,clemens riedel,SusoGattuso,buy,4599626,4657417,8.8,-1.24,0
2026-08-17T22:58Z,2026-08-14T21:24,mario martin,SusoGattuso,buy,3831432,3743424,8.8,2.35,0
2026-08-17T22:58Z,2026-08-14T21:24,pablo fornals,miguel_autentico,buy,58220110,58303775,8.8,-0.14,0
2026-08-17T22:58Z,2026-08-14T21:24,santiago mouriño,Albert Laporta,buy,40516387,40597493,8.8,-0.20,0
2026-08-17T22:58Z,2026-08-14T21:24,huijsen,BurtonGM89,buy,32901000,31445591,8.8,4.63,0
2026-08-17T22:58Z,2026-08-14T21:24,paredes,BurtonGM89,buy,5350000,4961926,8.8,7.82,1
2026-08-17T22:58Z,2026-08-14T21:26,militao,BurtonGM89,sell,12012022,12398518,8.8,-3.12,0
2026-08-17T22:58Z,2026-08-14T21:51,pedro bigas,Albert Laporta,sell,5323361,5298333,9.2,0.47,0
2026-08-17T23:04Z,2026-08-11T21:24,giacomo quagliata,BurtonGM89,buy,4000000,3289433,0.1,21.60,1
2026-08-17T23:04Z,2026-08-11T21:24,carlos romero,BurtonGM89,buy,45739000,40587172,0.1,12.69,0
2026-08-17T23:04Z,2026-08-11T21:24,fabio cardoso,Magic Mike 333,buy,949269,925408,0.1,2.58,0
2026-08-17T23:04Z,2026-08-11T21:24,beñat turrientes,miguel_autentico,buy,6892898,6794227,0.1,1.45,0
2026-08-17T23:04Z,2026-08-11T21:42,unai egiluz,BurtonGM89,sell,468693,432999,0.4,8.24,0
2026-08-17T23:04Z,2026-08-11T22:24,dani vivian,Albert Laporta,sell,11664367,12210287,0.3,-4.47,0
2026-08-17T23:04Z,2026-08-11T22:25,manuel fernandez,Albert Laporta,sell,373500,,,,0
2026-08-17T23:04Z,2026-08-11T22:25,pathe ciss,Albert Laporta,sell,10393147,11475255,0.3,-9.43,0
2026-08-17T23:04Z,2026-08-11T22:26,javi puado,Albert Laporta,sell,8041411,7327284,0.3,9.75,0
2026-08-17T23:04Z,2026-08-12T21:24,abde ezzalzouli,Albert Laporta,buy,49991863,48704731,8.8,2.64,0
2026-08-17T23:04Z,2026-08-12T21:24,santi comesaña,BurtonGM89,buy,35276000,32307977,8.8,9.19,0
2026-08-17T23:04Z,2026-08-12T21:24,jon karrikaburu,Magic Mike 333,buy,700000,603778,8.8,15.94,1
2026-08-17T23:04Z,2026-08-12T21:24,pedro diaz,Magic Mike 333,buy,2050000,1864693,8.8,9.94,1
2026-08-17T23:04Z,2026-08-12T21:24,raphinha,Magic Mike 333,buy,80000000,76787126,8.8,4.18,1
2026-08-17T23:04Z,2026-08-12T21:24,marko dmitrovic,BurtonGM89,buy,40010000,36835548,8.8,8.62,1
2026-08-17T23:04Z,2026-08-13T12:12,orri steinn oskarsson,miguel_autentico,sell,8567036,8000328,0.8,7.08,0
2026-08-17T23:04Z,2026-08-13T12:12,dani martinez,miguel_autentico,sell,425612,412199,0.8,3.25,0
2026-08-17T23:04Z,2026-08-13T12:13,hugo duro,miguel_autentico,sell,8800811,8490435,0.8,3.66,0
2026-08-17T23:04Z,2026-08-13T21:24,leandro cabrera,Albert Laporta,buy,17500002,16666574,3.8,5.00,0
2026-08-17T23:04Z,2026-08-13T21:24,arda guler,Albert Laporta,buy,50836360,50836360,3.8,0.00,0
2026-08-17T23:04Z,2026-08-13T21:24,giuliano simeone,SusoGattuso,buy,44652302,44739423,3.8,-0.19,0
2026-08-17T23:04Z,2026-08-13T21:24,asier villalibre,Albert Laporta,buy,6954257,6954257,3.8,0.00,0
2026-08-17T23:04Z,2026-08-13T21:24,denis suarez,BurtonGM89,buy,2580315,2580315,3.8,0.00,0
2026-08-17T23:04Z,2026-08-13T21:25,juan musso,BurtonGM89,sell,4748599,4676990,3.9,1.53,0
2026-08-17T23:04Z,2026-08-13T21:26,iago aspas,BurtonGM89,sell,7275530,7352988,3.9,-1.05,0
2026-08-17T23:04Z,2026-08-13T21:26,unai lopez,BurtonGM89,sell,5762182,5786111,3.9,-0.41,0
2026-08-17T23:04Z,2026-08-13T21:26,joaquin muñoz,BurtonGM89,sell,6489738,6985824,3.9,-7.10,0
2026-08-17T23:04Z,2026-08-13T21:26,aliou dieng,BurtonGM89,sell,5284122,4909583,3.9,7.63,0
2026-08-17T23:04Z,2026-08-14T12:50,lucas boye,Magic Mike 333,sell,14013107,12511193,0.2,12.00,0
2026-08-17T23:04Z,2026-08-14T21:24,ionut radu,miguel_autentico,buy,39655832,39711707,8.8,-0.14,0
2026-08-17T23:04Z,2026-08-14T21:24,lucien agoume,miguel_autentico,buy,5891526,5791526,8.8,1.73,0
2026-08-17T23:04Z,2026-08-14T21:24,simon eriksson,miguel_autentico,buy,2933863,2933863,8.8,0.00,0
2026-08-17T23:04Z,2026-08-14T21:24,pablo gavi,Magic Mike 333,buy,35500000,33400322,8.8,6.29,1
2026-08-17T23:04Z,2026-08-14T21:24,tete morente,Magic Mike 333,buy,2033651,1986145,8.8,2.39,0
2026-08-17T23:04Z,2026-08-14T21:24,jon aramburu,SusoGattuso,buy,17785551,17175226,8.8,3.55,0
2026-08-17T23:04Z,2026-08-14T21:24,facundo buonanotte,Albert Laporta,buy,7331515,6830769,-51.5,7.33,0
2026-08-17T23:04Z,2026-08-14T21:24,clemens riedel,SusoGattuso,buy,4599626,4657417,8.8,-1.24,0
2026-08-17T23:04Z,2026-08-14T21:24,mario martin,SusoGattuso,buy,3831432,3743424,8.8,2.35,0
2026-08-17T23:04Z,2026-08-14T21:24,pablo fornals,miguel_autentico,buy,58220110,58303775,8.8,-0.14,0
2026-08-17T23:04Z,2026-08-14T21:24,santiago mouriño,Albert Laporta,buy,40516387,40597493,8.8,-0.20,0
2026-08-17T23:04Z,2026-08-14T21:24,huijsen,BurtonGM89,buy,32901000,31445591,8.8,4.63,0
2026-08-17T23:04Z,2026-08-14T21:24,paredes,BurtonGM89,buy,5350000,4961926,8.8,7.82,1
2026-08-17T23:04Z,2026-08-14T21:26,militao,BurtonGM89,sell,12012022,12398518,8.8,-3.12,0
2026-08-17T23:04Z,2026-08-14T21:51,pedro bigas,Albert Laporta,sell,5323361,5298333,9.2,0.47,0
2026-08-17T23:26Z,2026-08-11T22:24,Cardoso,Magic Mike 333,buy,949269,,,,0
2026-08-17T23:26Z,2026-08-11T22:24,C. Romero,BurtonGM89,buy,45739000,6220559,0.3,635.29,0
2026-08-17T23:26Z,2026-08-11T22:24,Quagliata,BurtonGM89,buy,4000000,3289433,0.3,21.60,1
2026-08-17T23:26Z,2026-08-11T22:24,Turrientes,miguel_autentico,buy,6892898,6794227,0.3,1.45,0
2026-08-17T23:26Z,2026-08-11T22:42,Egiluz,BurtonGM89,sell,468693,432999,0.6,8.24,0
2026-08-17T23:26Z,2026-08-11T23:24,Vivian,Albert Laporta,sell,11664367,12210287,1.3,-4.47,0
2026-08-17T23:26Z,2026-08-11T23:25,Manuel Fernández,Albert Laporta,sell,373500,,,,0
2026-08-17T23:26Z,2026-08-11T23:25,Pathé I. Ciss,Albert Laporta,sell,10393147,11475255,1.3,-9.43,0
2026-08-17T23:26Z,2026-08-11T23:26,Puado,Albert Laporta,sell,8041411,7327284,1.4,9.75,0
2026-08-17T23:26Z,2026-08-12T22:24,Pedro Díaz,Magic Mike 333,buy,2050000,1864693,9.8,9.94,1
2026-08-17T23:26Z,2026-08-12T22:24,Dmitrovic,BurtonGM89,buy,40010000,36835548,9.8,8.62,1
2026-08-17T23:26Z,2026-08-12T22:24,Raphinha,Magic Mike 333,buy,80000000,76787126,9.8,4.18,1
2026-08-17T23:26Z,2026-08-12T22:24,Karrikaburu,Magic Mike 333,buy,700000,603778,9.8,15.94,1
2026-08-17T23:26Z,2026-08-12T22:24,Comesaña,BurtonGM89,buy,35276000,32307977,9.8,9.19,0
2026-08-17T23:26Z,2026-08-12T22:24,Ez Abde,Albert Laporta,buy,49991863,48704731,9.8,2.64,0
2026-08-17T23:26Z,2026-08-13T13:12,Oskarsson,miguel_autentico,sell,8567036,8000328,0.2,7.08,0
2026-08-17T23:26Z,2026-08-13T13:12,D. Martínez,miguel_autentico,sell,425612,,,,0
2026-08-17T23:26Z,2026-08-13T13:13,Hugo Duro,miguel_autentico,sell,8800811,8490435,0.2,3.66,0
2026-08-17T23:26Z,2026-08-13T22:24,Denis Suárez,BurtonGM89,buy,2580315,2575532,0.7,0.19,0
2026-08-17T23:26Z,2026-08-13T22:24,Villalibre,Albert Laporta,buy,6954257,6939774,0.7,0.21,0
2026-08-17T23:26Z,2026-08-13T22:24,Cabrera,Albert Laporta,buy,17500002,16610263,0.7,5.36,0
2026-08-17T23:26Z,2026-08-13T22:24,Arda Güler,Albert Laporta,buy,50836360,50676787,0.7,0.31,0
2026-08-17T23:26Z,2026-08-13T22:24,Giuliano,SusoGattuso,buy,44652302,44652300,0.7,0.00,0
2026-08-17T23:26Z,2026-08-13T22:25,J. Musso,BurtonGM89,sell,4748599,4670460,0.7,1.67,0
2026-08-17T23:26Z,2026-08-13T22:26,Iago Aspas,BurtonGM89,sell,7275530,7339145,0.7,-0.87,0
2026-08-17T23:26Z,2026-08-13T22:26,Unai Lopez,BurtonGM89,sell,5762182,5768771,0.7,-0.11,0
2026-08-17T23:26Z,2026-08-13T22:26,Joaquín,BurtonGM89,sell,6489738,,,,0
2026-08-17T23:26Z,2026-08-13T22:26,Dieng,BurtonGM89,sell,5284122,4902368,0.7,7.79,0
2026-08-17T23:26Z,2026-08-13T23:40,Purić,SusoGattuso,sell,476265,434872,1.9,9.52,0
2026-08-17T23:26Z,2026-08-14T13:49,Asencio,Magic Mike 333,sell,5130033,4709272,1.2,8.93,0
2026-08-17T23:26Z,2026-08-14T13:50,Lucas Boyé,Magic Mike 333,sell,14013107,12511193,1.2,12.00,0
2026-08-17T23:26Z,2026-08-14T22:24,T. Morente,Magic Mike 333,buy,2033651,1986145,9.8,2.39,0
2026-08-17T23:26Z,2026-08-14T22:24,Ionut Radu,miguel_autentico,buy,39655832,39711707,9.8,-0.14,0
2026-08-17T23:26Z,2026-08-14T22:24,Agoumé,miguel_autentico,buy,5891526,5791526,9.8,1.73,0
2026-08-17T23:26Z,2026-08-14T22:24,Gavi,Magic Mike 333,buy,35500000,33400322,9.8,6.29,1
2026-08-17T23:26Z,2026-08-14T22:24,Eriksson,miguel_autentico,buy,2933863,2933863,9.8,0.00,0
2026-08-17T23:26Z,2026-08-14T22:24,Aramburu,SusoGattuso,buy,17785551,17175226,9.8,3.55,0
2026-08-17T23:26Z,2026-08-14T22:51,R.P. Bigas,Albert Laporta,sell,5323361,5298333,0.1,0.47,0
2026-08-17T23:26Z,2026-08-15T22:24,Mouriño,Albert Laporta,buy,40516387,40479623,1.1,0.09,0
2026-08-17T23:26Z,2026-08-15T22:24,Mario Martín,SusoGattuso,buy,3831432,3831432,1.1,0.00,0
2026-08-17T23:26Z,2026-08-15T22:24,Fornals,miguel_autentico,buy,58220110,57927383,1.1,0.51,0
2026-08-17T23:26Z,2026-08-15T22:24,Riedel,SusoGattuso,buy,4599626,4599626,1.1,0.00,0
2026-08-17T23:26Z,2026-08-15T22:24,Buonanotte,Albert Laporta,buy,7331515,6830769,-26.5,7.33,0
2026-08-17T23:26Z,2026-08-16T22:24,Huijsen,BurtonGM89,buy,32901000,32460459,10.4,1.36,0
2026-08-17T23:26Z,2026-08-16T22:24,Paredes,BurtonGM89,buy,5350000,5141603,10.4,4.05,1
2026-08-17T23:26Z,2026-08-16T22:26,E. Militão,BurtonGM89,sell,12012022,11728483,10.5,2.42,0
2026-08-17T23:26Z,2026-08-17T00:20,Eriksson,miguel_autentico,sell,3121862,2908104,12.4,7.35,0
2026-08-17T23:26Z,2026-08-17T00:21,Rubén García,miguel_autentico,sell,15202722,13858194,12.4,9.70,0
2026-08-17T23:26Z,2026-08-17T22:24,Tenaglia,BurtonGM89,buy,14992195,15020464,10.2,-0.19,0
2026-08-17T23:26Z,2026-08-17T22:24,Leo Román,SusoGattuso,buy,37157570,37202789,10.2,-0.12,0
2026-08-17T23:26Z,2026-08-17T22:28,Quagliata,BurtonGM89,sell,2951083,3188395,10.2,-7.44,0
2026-08-17T23:26Z,2026-08-17T22:29,Gorrotxa,BurtonGM89,sell,6655879,6058408,10.2,9.86,0
2026-08-17T23:28Z,2026-08-11T22:24,Cardoso,Magic Mike 333,buy,949269,,,,0
2026-08-17T23:28Z,2026-08-11T22:24,C. Romero,BurtonGM89,buy,45739000,6220559,0.3,635.29,0
2026-08-17T23:28Z,2026-08-11T22:24,Quagliata,BurtonGM89,buy,4000000,3289433,0.3,21.60,1
2026-08-17T23:28Z,2026-08-11T22:24,Turrientes,miguel_autentico,buy,6892898,6794227,0.3,1.45,0
2026-08-17T23:28Z,2026-08-11T22:42,Egiluz,BurtonGM89,sell,468693,432999,0.6,8.24,0
2026-08-17T23:28Z,2026-08-11T23:24,Vivian,Albert Laporta,sell,11664367,12210287,1.3,-4.47,0
2026-08-17T23:28Z,2026-08-11T23:25,Manuel Fernández,Albert Laporta,sell,373500,,,,0
2026-08-17T23:28Z,2026-08-11T23:25,Pathé I. Ciss,Albert Laporta,sell,10393147,11475255,1.3,-9.43,0
2026-08-17T23:28Z,2026-08-11T23:26,Puado,Albert Laporta,sell,8041411,7327284,1.4,9.75,0
2026-08-17T23:28Z,2026-08-12T22:24,Pedro Díaz,Magic Mike 333,buy,2050000,1864693,9.8,9.94,1
2026-08-17T23:28Z,2026-08-12T22:24,Dmitrovic,BurtonGM89,buy,40010000,36835548,9.8,8.62,1
2026-08-17T23:28Z,2026-08-12T22:24,Raphinha,Magic Mike 333,buy,80000000,76787126,9.8,4.18,1
2026-08-17T23:28Z,2026-08-12T22:24,Karrikaburu,Magic Mike 333,buy,700000,603778,9.8,15.94,1
2026-08-17T23:28Z,2026-08-12T22:24,Comesaña,BurtonGM89,buy,35276000,32307977,9.8,9.19,0
2026-08-17T23:28Z,2026-08-12T22:24,Ez Abde,Albert Laporta,buy,49991863,48704731,9.8,2.64,0
2026-08-17T23:28Z,2026-08-13T13:12,Oskarsson,miguel_autentico,sell,8567036,8000328,0.2,7.08,0
2026-08-17T23:28Z,2026-08-13T13:12,D. Martínez,miguel_autentico,sell,425612,,,,0
2026-08-17T23:28Z,2026-08-13T13:13,Hugo Duro,miguel_autentico,sell,8800811,8490435,0.2,3.66,0
2026-08-17T23:28Z,2026-08-13T22:24,Denis Suárez,BurtonGM89,buy,2580315,2575532,0.7,0.19,0
2026-08-17T23:28Z,2026-08-13T22:24,Villalibre,Albert Laporta,buy,6954257,6939774,0.7,0.21,0
2026-08-17T23:28Z,2026-08-13T22:24,Cabrera,Albert Laporta,buy,17500002,16610263,0.7,5.36,0
2026-08-17T23:28Z,2026-08-13T22:24,Arda Güler,Albert Laporta,buy,50836360,50676787,0.7,0.31,0
2026-08-17T23:28Z,2026-08-13T22:24,Giuliano,SusoGattuso,buy,44652302,44652300,0.7,0.00,0
2026-08-17T23:28Z,2026-08-13T22:25,J. Musso,BurtonGM89,sell,4748599,4670460,0.7,1.67,0
2026-08-17T23:28Z,2026-08-13T22:26,Iago Aspas,BurtonGM89,sell,7275530,7339145,0.7,-0.87,0
2026-08-17T23:28Z,2026-08-13T22:26,Unai Lopez,BurtonGM89,sell,5762182,5768771,0.7,-0.11,0
2026-08-17T23:28Z,2026-08-13T22:26,Joaquín,BurtonGM89,sell,6489738,,,,0
2026-08-17T23:28Z,2026-08-13T22:26,Dieng,BurtonGM89,sell,5284122,4902368,0.7,7.79,0
2026-08-17T23:28Z,2026-08-13T23:40,Purić,SusoGattuso,sell,476265,434872,1.9,9.52,0
2026-08-17T23:28Z,2026-08-14T13:49,Asencio,Magic Mike 333,sell,5130033,4709272,1.2,8.93,0
2026-08-17T23:28Z,2026-08-14T13:50,Lucas Boyé,Magic Mike 333,sell,14013107,12511193,1.2,12.00,0
2026-08-17T23:28Z,2026-08-14T22:24,T. Morente,Magic Mike 333,buy,2033651,1986145,9.8,2.39,0
2026-08-17T23:28Z,2026-08-14T22:24,Ionut Radu,miguel_autentico,buy,39655832,39711707,9.8,-0.14,0
2026-08-17T23:28Z,2026-08-14T22:24,Agoumé,miguel_autentico,buy,5891526,5791526,9.8,1.73,0
2026-08-17T23:28Z,2026-08-14T22:24,Gavi,Magic Mike 333,buy,35500000,33400322,9.8,6.29,1
2026-08-17T23:28Z,2026-08-14T22:24,Eriksson,miguel_autentico,buy,2933863,2933863,9.8,0.00,0
2026-08-17T23:28Z,2026-08-14T22:24,Aramburu,SusoGattuso,buy,17785551,17175226,9.8,3.55,0
2026-08-17T23:28Z,2026-08-14T22:51,R.P. Bigas,Albert Laporta,sell,5323361,5298333,0.1,0.47,0
2026-08-17T23:28Z,2026-08-15T22:24,Mouriño,Albert Laporta,buy,40516387,40479623,1.1,0.09,0
2026-08-17T23:28Z,2026-08-15T22:24,Mario Martín,SusoGattuso,buy,3831432,3831432,1.1,0.00,0
2026-08-17T23:28Z,2026-08-15T22:24,Fornals,miguel_autentico,buy,58220110,57927383,1.1,0.51,0
2026-08-17T23:28Z,2026-08-15T22:24,Riedel,SusoGattuso,buy,4599626,4599626,1.1,0.00,0
2026-08-17T23:28Z,2026-08-15T22:24,Buonanotte,Albert Laporta,buy,7331515,6830769,-26.5,7.33,0
2026-08-17T23:28Z,2026-08-16T22:24,Huijsen,BurtonGM89,buy,32901000,32460459,10.4,1.36,0
2026-08-17T23:28Z,2026-08-16T22:24,Paredes,BurtonGM89,buy,5350000,5141603,10.4,4.05,1
2026-08-17T23:28Z,2026-08-16T22:26,E. Militão,BurtonGM89,sell,12012022,11728483,10.5,2.42,0
2026-08-17T23:28Z,2026-08-17T00:20,Eriksson,miguel_autentico,sell,3121862,2908104,12.4,7.35,0
2026-08-17T23:28Z,2026-08-17T00:21,Rubén García,miguel_autentico,sell,15202722,13858194,12.4,9.70,0
2026-08-17T23:28Z,2026-08-17T22:24,Tenaglia,BurtonGM89,buy,14992195,15020464,10.2,-0.19,0
2026-08-17T23:28Z,2026-08-17T22:24,Leo Román,SusoGattuso,buy,37157570,37202789,10.2,-0.12,0
2026-08-17T23:28Z,2026-08-17T22:28,Quagliata,BurtonGM89,sell,2951083,3188395,10.2,-7.44,0
2026-08-17T23:28Z,2026-08-17T22:29,Gorrotxa,BurtonGM89,sell,6655879,6058408,10.2,9.86,0
2026-08-17T23:33Z,2026-08-11T22:24,Cardoso,Magic Mike 333,buy,949269,,,,0
2026-08-17T23:33Z,2026-08-11T22:24,C. Romero,BurtonGM89,buy,45739000,6220559,0.3,635.29,0
2026-08-17T23:33Z,2026-08-11T22:24,Quagliata,BurtonGM89,buy,4000000,3289433,0.3,21.60,1
2026-08-17T23:33Z,2026-08-11T22:24,Turrientes,miguel_autentico,buy,6892898,6794227,0.3,1.45,0
2026-08-17T23:33Z,2026-08-11T22:42,Egiluz,BurtonGM89,sell,468693,432999,0.6,8.24,0
2026-08-17T23:33Z,2026-08-11T23:24,Vivian,Albert Laporta,sell,11664367,12210287,1.3,-4.47,0
2026-08-17T23:33Z,2026-08-11T23:25,Manuel Fernández,Albert Laporta,sell,373500,,,,0
2026-08-17T23:33Z,2026-08-11T23:25,Pathé I. Ciss,Albert Laporta,sell,10393147,11475255,1.3,-9.43,0
2026-08-17T23:33Z,2026-08-11T23:26,Puado,Albert Laporta,sell,8041411,7327284,1.4,9.75,0
2026-08-17T23:33Z,2026-08-12T22:24,Pedro Díaz,Magic Mike 333,buy,2050000,1864693,9.8,9.94,1
2026-08-17T23:33Z,2026-08-12T22:24,Dmitrovic,BurtonGM89,buy,40010000,36835548,9.8,8.62,1
2026-08-17T23:33Z,2026-08-12T22:24,Raphinha,Magic Mike 333,buy,80000000,76787126,9.8,4.18,1
2026-08-17T23:33Z,2026-08-12T22:24,Karrikaburu,Magic Mike 333,buy,700000,603778,9.8,15.94,1
2026-08-17T23:33Z,2026-08-12T22:24,Comesaña,BurtonGM89,buy,35276000,32307977,9.8,9.19,0
2026-08-17T23:33Z,2026-08-12T22:24,Ez Abde,Albert Laporta,buy,49991863,48704731,9.8,2.64,0
2026-08-17T23:33Z,2026-08-13T13:12,Oskarsson,miguel_autentico,sell,8567036,8000328,0.2,7.08,0
2026-08-17T23:33Z,2026-08-13T13:12,D. Martínez,miguel_autentico,sell,425612,,,,0
2026-08-17T23:33Z,2026-08-13T13:13,Hugo Duro,miguel_autentico,sell,8800811,8490435,0.2,3.66,0
2026-08-17T23:33Z,2026-08-13T22:24,Denis Suárez,BurtonGM89,buy,2580315,2575532,0.7,0.19,0
2026-08-17T23:33Z,2026-08-13T22:24,Villalibre,Albert Laporta,buy,6954257,6939774,0.7,0.21,0
2026-08-17T23:33Z,2026-08-13T22:24,Cabrera,Albert Laporta,buy,17500002,16610263,0.7,5.36,0
2026-08-17T23:33Z,2026-08-13T22:24,Arda Güler,Albert Laporta,buy,50836360,50676787,0.7,0.31,0
2026-08-17T23:33Z,2026-08-13T22:24,Giuliano,SusoGattuso,buy,44652302,44652300,0.7,0.00,0
2026-08-17T23:33Z,2026-08-13T22:25,J. Musso,BurtonGM89,sell,4748599,4670460,0.7,1.67,0
2026-08-17T23:33Z,2026-08-13T22:26,Iago Aspas,BurtonGM89,sell,7275530,7339145,0.7,-0.87,0
2026-08-17T23:33Z,2026-08-13T22:26,Unai Lopez,BurtonGM89,sell,5762182,5768771,0.7,-0.11,0
2026-08-17T23:33Z,2026-08-13T22:26,Joaquín,BurtonGM89,sell,6489738,,,,0
2026-08-17T23:33Z,2026-08-13T22:26,Dieng,BurtonGM89,sell,5284122,4902368,0.7,7.79,0
2026-08-17T23:33Z,2026-08-13T23:40,Purić,SusoGattuso,sell,476265,434872,1.9,9.52,0
2026-08-17T23:33Z,2026-08-14T13:49,Asencio,Magic Mike 333,sell,5130033,4709272,1.2,8.93,0
2026-08-17T23:33Z,2026-08-14T13:50,Lucas Boyé,Magic Mike 333,sell,14013107,12511193,1.2,12.00,0
2026-08-17T23:33Z,2026-08-14T22:24,T. Morente,Magic Mike 333,buy,2033651,1986145,9.8,2.39,0
2026-08-17T23:33Z,2026-08-14T22:24,Ionut Radu,miguel_autentico,buy,39655832,39711707,9.8,-0.14,0
2026-08-17T23:33Z,2026-08-14T22:24,Agoumé,miguel_autentico,buy,5891526,5791526,9.8,1.73,0
2026-08-17T23:33Z,2026-08-14T22:24,Gavi,Magic Mike 333,buy,35500000,33400322,9.8,6.29,1
2026-08-17T23:33Z,2026-08-14T22:24,Eriksson,miguel_autentico,buy,2933863,2933863,9.8,0.00,0
2026-08-17T23:33Z,2026-08-14T22:24,Aramburu,SusoGattuso,buy,17785551,17175226,9.8,3.55,0
2026-08-17T23:33Z,2026-08-14T22:51,R.P. Bigas,Albert Laporta,sell,5323361,5298333,0.1,0.47,0
2026-08-17T23:33Z,2026-08-15T22:24,Mouriño,Albert Laporta,buy,40516387,40479623,1.1,0.09,0
2026-08-17T23:33Z,2026-08-15T22:24,Mario Martín,SusoGattuso,buy,3831432,3831432,1.1,0.00,0
2026-08-17T23:33Z,2026-08-15T22:24,Fornals,miguel_autentico,buy,58220110,57927383,1.1,0.51,0
2026-08-17T23:33Z,2026-08-15T22:24,Riedel,SusoGattuso,buy,4599626,4599626,1.1,0.00,0
2026-08-17T23:33Z,2026-08-15T22:24,Buonanotte,Albert Laporta,buy,7331515,6830769,-26.5,7.33,0
2026-08-17T23:33Z,2026-08-16T22:24,Huijsen,BurtonGM89,buy,32901000,32460459,10.4,1.36,0
2026-08-17T23:33Z,2026-08-16T22:24,Paredes,BurtonGM89,buy,5350000,5141603,10.4,4.05,1
2026-08-17T23:33Z,2026-08-16T22:26,E. Militão,BurtonGM89,sell,12012022,11728483,10.5,2.42,0
2026-08-17T23:33Z,2026-08-17T00:20,Eriksson,miguel_autentico,sell,3121862,2908104,12.4,7.35,0
2026-08-17T23:33Z,2026-08-17T00:21,Rubén García,miguel_autentico,sell,15202722,13858194,12.4,9.70,0
2026-08-17T23:33Z,2026-08-17T22:24,Tenaglia,BurtonGM89,buy,14992195,15020464,10.2,-0.19,0
2026-08-17T23:33Z,2026-08-17T22:24,Leo Román,SusoGattuso,buy,37157570,37202789,10.2,-0.12,0
2026-08-17T23:33Z,2026-08-17T22:28,Quagliata,BurtonGM89,sell,2951083,3188395,10.2,-7.44,0
2026-08-17T23:33Z,2026-08-17T22:29,Gorrotxa,BurtonGM89,sell,6655879,6058408,10.2,9.86,0
2026-08-17T23:36Z,2026-08-11T22:24,Cardoso,Magic Mike 333,buy,949269,,,,0
2026-08-17T23:36Z,2026-08-11T22:24,C. Romero,BurtonGM89,buy,45739000,6220559,0.3,635.29,0
2026-08-17T23:36Z,2026-08-11T22:24,Quagliata,BurtonGM89,buy,4000000,3289433,0.3,21.60,1
2026-08-17T23:36Z,2026-08-11T22:24,Turrientes,miguel_autentico,buy,6892898,6794227,0.3,1.45,0
2026-08-17T23:36Z,2026-08-11T22:42,Egiluz,BurtonGM89,sell,468693,432999,0.6,8.24,0
2026-08-17T23:36Z,2026-08-11T23:24,Vivian,Albert Laporta,sell,11664367,12210287,1.3,-4.47,0
2026-08-17T23:36Z,2026-08-11T23:25,Manuel Fernández,Albert Laporta,sell,373500,,,,0
2026-08-17T23:36Z,2026-08-11T23:25,Pathé I. Ciss,Albert Laporta,sell,10393147,11475255,1.3,-9.43,0
2026-08-17T23:36Z,2026-08-11T23:26,Puado,Albert Laporta,sell,8041411,7327284,1.4,9.75,0
2026-08-17T23:36Z,2026-08-12T22:24,Pedro Díaz,Magic Mike 333,buy,2050000,1864693,9.8,9.94,1
2026-08-17T23:36Z,2026-08-12T22:24,Dmitrovic,BurtonGM89,buy,40010000,36835548,9.8,8.62,1
2026-08-17T23:36Z,2026-08-12T22:24,Raphinha,Magic Mike 333,buy,80000000,76787126,9.8,4.18,1
2026-08-17T23:36Z,2026-08-12T22:24,Karrikaburu,Magic Mike 333,buy,700000,603778,9.8,15.94,1
2026-08-17T23:36Z,2026-08-12T22:24,Comesaña,BurtonGM89,buy,35276000,32307977,9.8,9.19,0
2026-08-17T23:36Z,2026-08-12T22:24,Ez Abde,Albert Laporta,buy,49991863,48704731,9.8,2.64,0
2026-08-17T23:36Z,2026-08-13T13:12,Oskarsson,miguel_autentico,sell,8567036,8000328,0.2,7.08,0
2026-08-17T23:36Z,2026-08-13T13:12,D. Martínez,miguel_autentico,sell,425612,,,,0
2026-08-17T23:36Z,2026-08-13T13:13,Hugo Duro,miguel_autentico,sell,8800811,8490435,0.2,3.66,0
2026-08-17T23:36Z,2026-08-13T22:24,Denis Suárez,BurtonGM89,buy,2580315,2575532,0.7,0.19,0
2026-08-17T23:36Z,2026-08-13T22:24,Villalibre,Albert Laporta,buy,6954257,6939774,0.7,0.21,0
2026-08-17T23:36Z,2026-08-13T22:24,Cabrera,Albert Laporta,buy,17500002,16610263,0.7,5.36,0
2026-08-17T23:36Z,2026-08-13T22:24,Arda Güler,Albert Laporta,buy,50836360,50676787,0.7,0.31,0
2026-08-17T23:36Z,2026-08-13T22:24,Giuliano,SusoGattuso,buy,44652302,44652300,0.7,0.00,0
2026-08-17T23:36Z,2026-08-13T22:25,J. Musso,BurtonGM89,sell,4748599,4670460,0.7,1.67,0
2026-08-17T23:36Z,2026-08-13T22:26,Iago Aspas,BurtonGM89,sell,7275530,7339145,0.7,-0.87,0
2026-08-17T23:36Z,2026-08-13T22:26,Unai Lopez,BurtonGM89,sell,5762182,5768771,0.7,-0.11,0
2026-08-17T23:36Z,2026-08-13T22:26,Joaquín,BurtonGM89,sell,6489738,,,,0
2026-08-17T23:36Z,2026-08-13T22:26,Dieng,BurtonGM89,sell,5284122,4902368,0.7,7.79,0
2026-08-17T23:36Z,2026-08-13T23:40,Purić,SusoGattuso,sell,476265,434872,1.9,9.52,0
2026-08-17T23:36Z,2026-08-14T13:49,Asencio,Magic Mike 333,sell,5130033,4709272,1.2,8.93,0
2026-08-17T23:36Z,2026-08-14T13:50,Lucas Boyé,Magic Mike 333,sell,14013107,12511193,1.2,12.00,0
2026-08-17T23:36Z,2026-08-14T22:24,T. Morente,Magic Mike 333,buy,2033651,1986145,9.8,2.39,0
2026-08-17T23:36Z,2026-08-14T22:24,Ionut Radu,miguel_autentico,buy,39655832,39711707,9.8,-0.14,0
2026-08-17T23:36Z,2026-08-14T22:24,Agoumé,miguel_autentico,buy,5891526,5791526,9.8,1.73,0
2026-08-17T23:36Z,2026-08-14T22:24,Gavi,Magic Mike 333,buy,35500000,33400322,9.8,6.29,1
2026-08-17T23:36Z,2026-08-14T22:24,Eriksson,miguel_autentico,buy,2933863,2933863,9.8,0.00,0
2026-08-17T23:36Z,2026-08-14T22:24,Aramburu,SusoGattuso,buy,17785551,17175226,9.8,3.55,0
2026-08-17T23:36Z,2026-08-14T22:51,R.P. Bigas,Albert Laporta,sell,5323361,5298333,0.1,0.47,0
2026-08-17T23:36Z,2026-08-15T22:24,Mouriño,Albert Laporta,buy,40516387,40479623,1.1,0.09,0
2026-08-17T23:36Z,2026-08-15T22:24,Mario Martín,SusoGattuso,buy,3831432,3831432,1.1,0.00,0
2026-08-17T23:36Z,2026-08-15T22:24,Fornals,miguel_autentico,buy,58220110,57927383,1.1,0.51,0
2026-08-17T23:36Z,2026-08-15T22:24,Riedel,SusoGattuso,buy,4599626,4599626,1.1,0.00,0
2026-08-17T23:36Z,2026-08-15T22:24,Buonanotte,Albert Laporta,buy,7331515,6830769,-26.5,7.33,0
2026-08-17T23:36Z,2026-08-16T22:24,Huijsen,BurtonGM89,buy,32901000,32460459,10.4,1.36,0
2026-08-17T23:36Z,2026-08-16T22:24,Paredes,BurtonGM89,buy,5350000,5141603,10.4,4.05,1
2026-08-17T23:36Z,2026-08-16T22:26,E. Militão,BurtonGM89,sell,12012022,11728483,10.5,2.42,0
2026-08-17T23:36Z,2026-08-17T00:20,Eriksson,miguel_autentico,sell,3121862,2908104,12.4,7.35,0
2026-08-17T23:36Z,2026-08-17T00:21,Rubén García,miguel_autentico,sell,15202722,13858194,12.4,9.70,0
2026-08-17T23:36Z,2026-08-17T22:24,Tenaglia,BurtonGM89,buy,14992195,15020464,10.2,-0.19,0
2026-08-17T23:36Z,2026-08-17T22:24,Leo Román,SusoGattuso,buy,37157570,37202789,10.2,-0.12,0
2026-08-17T23:36Z,2026-08-17T22:28,Quagliata,BurtonGM89,sell,2951083,3188395,10.2,-7.44,0
2026-08-17T23:36Z,2026-08-17T22:29,Gorrotxa,BurtonGM89,sell,6655879,6058408,10.2,9.86,0
2026-08-17T23:40Z,2026-08-11T22:24,Cardoso,Magic Mike 333,buy,949269,,,,0
2026-08-17T23:40Z,2026-08-11T22:24,C. Romero,BurtonGM89,buy,45739000,6220559,0.3,635.29,0
2026-08-17T23:40Z,2026-08-11T22:24,Quagliata,BurtonGM89,buy,4000000,3289433,0.3,21.60,1
2026-08-17T23:40Z,2026-08-11T22:24,Turrientes,miguel_autentico,buy,6892898,6794227,0.3,1.45,0
2026-08-17T23:40Z,2026-08-11T22:42,Egiluz,BurtonGM89,sell,468693,432999,0.6,8.24,0
2026-08-17T23:40Z,2026-08-11T23:24,Vivian,Albert Laporta,sell,11664367,12210287,1.3,-4.47,0
2026-08-17T23:40Z,2026-08-11T23:25,Manuel Fernández,Albert Laporta,sell,373500,,,,0
2026-08-17T23:40Z,2026-08-11T23:25,Pathé I. Ciss,Albert Laporta,sell,10393147,11475255,1.3,-9.43,0
2026-08-17T23:40Z,2026-08-11T23:26,Puado,Albert Laporta,sell,8041411,7327284,1.4,9.75,0
2026-08-17T23:40Z,2026-08-12T22:24,Pedro Díaz,Magic Mike 333,buy,2050000,1864693,9.8,9.94,1
2026-08-17T23:40Z,2026-08-12T22:24,Dmitrovic,BurtonGM89,buy,40010000,36835548,9.8,8.62,1
2026-08-17T23:40Z,2026-08-12T22:24,Raphinha,Magic Mike 333,buy,80000000,76787126,9.8,4.18,1
2026-08-17T23:40Z,2026-08-12T22:24,Karrikaburu,Magic Mike 333,buy,700000,603778,9.8,15.94,1
2026-08-17T23:40Z,2026-08-12T22:24,Comesaña,BurtonGM89,buy,35276000,32307977,9.8,9.19,0
2026-08-17T23:40Z,2026-08-12T22:24,Ez Abde,Albert Laporta,buy,49991863,48704731,9.8,2.64,0
2026-08-17T23:40Z,2026-08-13T13:12,Oskarsson,miguel_autentico,sell,8567036,8000328,0.2,7.08,0
2026-08-17T23:40Z,2026-08-13T13:12,D. Martínez,miguel_autentico,sell,425612,,,,0
2026-08-17T23:40Z,2026-08-13T13:13,Hugo Duro,miguel_autentico,sell,8800811,8490435,0.2,3.66,0
2026-08-17T23:40Z,2026-08-13T22:24,Denis Suárez,BurtonGM89,buy,2580315,2575532,0.7,0.19,0
2026-08-17T23:40Z,2026-08-13T22:24,Villalibre,Albert Laporta,buy,6954257,6939774,0.7,0.21,0
2026-08-17T23:40Z,2026-08-13T22:24,Cabrera,Albert Laporta,buy,17500002,16610263,0.7,5.36,0
2026-08-17T23:40Z,2026-08-13T22:24,Arda Güler,Albert Laporta,buy,50836360,50676787,0.7,0.31,0
2026-08-17T23:40Z,2026-08-13T22:24,Giuliano,SusoGattuso,buy,44652302,44652300,0.7,0.00,0
2026-08-17T23:40Z,2026-08-13T22:25,J. Musso,BurtonGM89,sell,4748599,4670460,0.7,1.67,0
2026-08-17T23:40Z,2026-08-13T22:26,Iago Aspas,BurtonGM89,sell,7275530,7339145,0.7,-0.87,0
2026-08-17T23:40Z,2026-08-13T22:26,Unai Lopez,BurtonGM89,sell,5762182,5768771,0.7,-0.11,0
2026-08-17T23:40Z,2026-08-13T22:26,Joaquín,BurtonGM89,sell,6489738,,,,0
2026-08-17T23:40Z,2026-08-13T22:26,Dieng,BurtonGM89,sell,5284122,4902368,0.7,7.79,0
2026-08-17T23:40Z,2026-08-13T23:40,Purić,SusoGattuso,sell,476265,434872,1.9,9.52,0
2026-08-17T23:40Z,2026-08-14T13:49,Asencio,Magic Mike 333,sell,5130033,4709272,1.2,8.93,0
2026-08-17T23:40Z,2026-08-14T13:50,Lucas Boyé,Magic Mike 333,sell,14013107,12511193,1.2,12.00,0
2026-08-17T23:40Z,2026-08-14T22:24,T. Morente,Magic Mike 333,buy,2033651,1986145,9.8,2.39,0
2026-08-17T23:40Z,2026-08-14T22:24,Ionut Radu,miguel_autentico,buy,39655832,39711707,9.8,-0.14,0
2026-08-17T23:40Z,2026-08-14T22:24,Agoumé,miguel_autentico,buy,5891526,5791526,9.8,1.73,0
2026-08-17T23:40Z,2026-08-14T22:24,Gavi,Magic Mike 333,buy,35500000,33400322,9.8,6.29,1
2026-08-17T23:40Z,2026-08-14T22:24,Eriksson,miguel_autentico,buy,2933863,2933863,9.8,0.00,0
2026-08-17T23:40Z,2026-08-14T22:24,Aramburu,SusoGattuso,buy,17785551,17175226,9.8,3.55,0
2026-08-17T23:40Z,2026-08-14T22:51,R.P. Bigas,Albert Laporta,sell,5323361,5298333,0.1,0.47,0
2026-08-17T23:40Z,2026-08-15T22:24,Mouriño,Albert Laporta,buy,40516387,40479623,1.1,0.09,0
2026-08-17T23:40Z,2026-08-15T22:24,Mario Martín,SusoGattuso,buy,3831432,3831432,1.1,0.00,0
2026-08-17T23:40Z,2026-08-15T22:24,Fornals,miguel_autentico,buy,58220110,57927383,1.1,0.51,0
2026-08-17T23:40Z,2026-08-15T22:24,Riedel,SusoGattuso,buy,4599626,4599626,1.1,0.00,0
2026-08-17T23:40Z,2026-08-15T22:24,Buonanotte,Albert Laporta,buy,7331515,6830769,-26.5,7.33,0
2026-08-17T23:40Z,2026-08-16T22:24,Huijsen,BurtonGM89,buy,32901000,32460459,10.4,1.36,0
2026-08-17T23:40Z,2026-08-16T22:24,Paredes,BurtonGM89,buy,5350000,5141603,10.4,4.05,1
2026-08-17T23:40Z,2026-08-16T22:26,E. Militão,BurtonGM89,sell,12012022,11728483,10.5,2.42,0
2026-08-17T23:40Z,2026-08-17T00:20,Eriksson,miguel_autentico,sell,3121862,2908104,12.4,7.35,0
2026-08-17T23:40Z,2026-08-17T00:21,Rubén García,miguel_autentico,sell,15202722,13858194,12.4,9.70,0
2026-08-17T23:40Z,2026-08-17T22:24,Tenaglia,BurtonGM89,buy,14992195,15020464,10.2,-0.19,0
2026-08-17T23:40Z,2026-08-17T22:24,Leo Román,SusoGattuso,buy,37157570,37202789,10.2,-0.12,0
2026-08-17T23:40Z,2026-08-17T22:28,Quagliata,BurtonGM89,sell,2951083,3188395,10.2,-7.44,0
2026-08-17T23:40Z,2026-08-17T22:29,Gorrotxa,BurtonGM89,sell,6655879,6058408,10.2,9.86,0
2026-08-17T23:41Z,2026-08-11T22:24,Cardoso,Magic Mike 333,buy,949269,,,,0
2026-08-17T23:41Z,2026-08-11T22:24,C. Romero,BurtonGM89,buy,45739000,6220559,0.3,635.29,0
2026-08-17T23:41Z,2026-08-11T22:24,Quagliata,BurtonGM89,buy,4000000,3289433,0.3,21.60,1
2026-08-17T23:41Z,2026-08-11T22:24,Turrientes,miguel_autentico,buy,6892898,6794227,0.3,1.45,0
2026-08-17T23:41Z,2026-08-11T22:42,Egiluz,BurtonGM89,sell,468693,432999,0.6,8.24,0
2026-08-17T23:41Z,2026-08-11T23:24,Vivian,Albert Laporta,sell,11664367,12210287,1.3,-4.47,0
2026-08-17T23:41Z,2026-08-11T23:25,Manuel Fernández,Albert Laporta,sell,373500,,,,0
2026-08-17T23:41Z,2026-08-11T23:25,Pathé I. Ciss,Albert Laporta,sell,10393147,11475255,1.3,-9.43,0
2026-08-17T23:41Z,2026-08-11T23:26,Puado,Albert Laporta,sell,8041411,7327284,1.4,9.75,0
2026-08-17T23:41Z,2026-08-12T22:24,Pedro Díaz,Magic Mike 333,buy,2050000,1864693,9.8,9.94,1
2026-08-17T23:41Z,2026-08-12T22:24,Dmitrovic,BurtonGM89,buy,40010000,36835548,9.8,8.62,1
2026-08-17T23:41Z,2026-08-12T22:24,Raphinha,Magic Mike 333,buy,80000000,76787126,9.8,4.18,1
2026-08-17T23:41Z,2026-08-12T22:24,Karrikaburu,Magic Mike 333,buy,700000,603778,9.8,15.94,1
2026-08-17T23:41Z,2026-08-12T22:24,Comesaña,BurtonGM89,buy,35276000,32307977,9.8,9.19,0
2026-08-17T23:41Z,2026-08-12T22:24,Ez Abde,Albert Laporta,buy,49991863,48704731,9.8,2.64,0
2026-08-17T23:41Z,2026-08-13T13:12,Oskarsson,miguel_autentico,sell,8567036,8000328,0.2,7.08,0
2026-08-17T23:41Z,2026-08-13T13:12,D. Martínez,miguel_autentico,sell,425612,,,,0
2026-08-17T23:41Z,2026-08-13T13:13,Hugo Duro,miguel_autentico,sell,8800811,8490435,0.2,3.66,0
2026-08-17T23:41Z,2026-08-13T22:24,Denis Suárez,BurtonGM89,buy,2580315,2575532,0.7,0.19,0
2026-08-17T23:41Z,2026-08-13T22:24,Villalibre,Albert Laporta,buy,6954257,6939774,0.7,0.21,0
2026-08-17T23:41Z,2026-08-13T22:24,Cabrera,Albert Laporta,buy,17500002,16610263,0.7,5.36,0
2026-08-17T23:41Z,2026-08-13T22:24,Arda Güler,Albert Laporta,buy,50836360,50676787,0.7,0.31,0
2026-08-17T23:41Z,2026-08-13T22:24,Giuliano,SusoGattuso,buy,44652302,44652300,0.7,0.00,0
2026-08-17T23:41Z,2026-08-13T22:25,J. Musso,BurtonGM89,sell,4748599,4670460,0.7,1.67,0
2026-08-17T23:41Z,2026-08-13T22:26,Iago Aspas,BurtonGM89,sell,7275530,7339145,0.7,-0.87,0
2026-08-17T23:41Z,2026-08-13T22:26,Unai Lopez,BurtonGM89,sell,5762182,5768771,0.7,-0.11,0
2026-08-17T23:41Z,2026-08-13T22:26,Joaquín,BurtonGM89,sell,6489738,,,,0
2026-08-17T23:41Z,2026-08-13T22:26,Dieng,BurtonGM89,sell,5284122,4902368,0.7,7.79,0
2026-08-17T23:41Z,2026-08-13T23:40,Purić,SusoGattuso,sell,476265,434872,1.9,9.52,0
2026-08-17T23:41Z,2026-08-14T13:49,Asencio,Magic Mike 333,sell,5130033,4709272,1.2,8.93,0
2026-08-17T23:41Z,2026-08-14T13:50,Lucas Boyé,Magic Mike 333,sell,14013107,12511193,1.2,12.00,0
2026-08-17T23:41Z,2026-08-14T22:24,T. Morente,Magic Mike 333,buy,2033651,1986145,9.8,2.39,0
2026-08-17T23:41Z,2026-08-14T22:24,Ionut Radu,miguel_autentico,buy,39655832,39711707,9.8,-0.14,0
2026-08-17T23:41Z,2026-08-14T22:24,Agoumé,miguel_autentico,buy,5891526,5791526,9.8,1.73,0
2026-08-17T23:41Z,2026-08-14T22:24,Gavi,Magic Mike 333,buy,35500000,33400322,9.8,6.29,1
2026-08-17T23:41Z,2026-08-14T22:24,Eriksson,miguel_autentico,buy,2933863,2933863,9.8,0.00,0
2026-08-17T23:41Z,2026-08-14T22:24,Aramburu,SusoGattuso,buy,17785551,17175226,9.8,3.55,0
2026-08-17T23:41Z,2026-08-14T22:51,R.P. Bigas,Albert Laporta,sell,5323361,5298333,0.1,0.47,0
2026-08-17T23:41Z,2026-08-15T22:24,Mouriño,Albert Laporta,buy,40516387,40479623,1.1,0.09,0
2026-08-17T23:41Z,2026-08-15T22:24,Mario Martín,SusoGattuso,buy,3831432,3831432,1.1,0.00,0
2026-08-17T23:41Z,2026-08-15T22:24,Fornals,miguel_autentico,buy,58220110,57927383,1.1,0.51,0
2026-08-17T23:41Z,2026-08-15T22:24,Riedel,SusoGattuso,buy,4599626,4599626,1.1,0.00,0
2026-08-17T23:41Z,2026-08-15T22:24,Buonanotte,Albert Laporta,buy,7331515,6830769,-26.5,7.33,0
2026-08-17T23:41Z,2026-08-16T22:24,Huijsen,BurtonGM89,buy,32901000,32460459,10.4,1.36,0
2026-08-17T23:41Z,2026-08-16T22:24,Paredes,BurtonGM89,buy,5350000,5141603,10.4,4.05,1
2026-08-17T23:41Z,2026-08-16T22:26,E. Militão,BurtonGM89,sell,12012022,11728483,10.5,2.42,0
2026-08-17T23:41Z,2026-08-17T00:20,Eriksson,miguel_autentico,sell,3121862,2908104,12.4,7.35,0
2026-08-17T23:41Z,2026-08-17T00:21,Rubén García,miguel_autentico,sell,15202722,13858194,12.4,9.70,0
2026-08-17T23:41Z,2026-08-17T22:24,Tenaglia,BurtonGM89,buy,14992195,15020464,10.2,-0.19,0
2026-08-17T23:41Z,2026-08-17T22:24,Leo Román,SusoGattuso,buy,37157570,37202789,10.2,-0.12,0
2026-08-17T23:41Z,2026-08-17T22:28,Quagliata,BurtonGM89,sell,2951083,3188395,10.2,-7.44,0
2026-08-17T23:41Z,2026-08-17T22:29,Gorrotxa,BurtonGM89,sell,6655879,6058408,10.2,9.86,0
2026-08-17T23:47Z,2026-08-11T22:24,Cardoso,Magic Mike 333,buy,949269,,,,0
2026-08-17T23:47Z,2026-08-11T22:24,C. Romero,BurtonGM89,buy,45739000,6220559,0.3,635.29,0
2026-08-17T23:47Z,2026-08-11T22:24,Quagliata,BurtonGM89,buy,4000000,3289433,0.3,21.60,1
2026-08-17T23:47Z,2026-08-11T22:24,Turrientes,miguel_autentico,buy,6892898,6794227,0.3,1.45,0
2026-08-17T23:47Z,2026-08-11T22:42,Egiluz,BurtonGM89,sell,468693,432999,0.6,8.24,0
2026-08-17T23:47Z,2026-08-11T23:24,Vivian,Albert Laporta,sell,11664367,12210287,1.3,-4.47,0
2026-08-17T23:47Z,2026-08-11T23:25,Manuel Fernández,Albert Laporta,sell,373500,,,,0
2026-08-17T23:47Z,2026-08-11T23:25,Pathé I. Ciss,Albert Laporta,sell,10393147,11475255,1.3,-9.43,0
2026-08-17T23:47Z,2026-08-11T23:26,Puado,Albert Laporta,sell,8041411,7327284,1.4,9.75,0
2026-08-17T23:47Z,2026-08-12T22:24,Pedro Díaz,Magic Mike 333,buy,2050000,1864693,9.8,9.94,1
2026-08-17T23:47Z,2026-08-12T22:24,Dmitrovic,BurtonGM89,buy,40010000,36835548,9.8,8.62,1
2026-08-17T23:47Z,2026-08-12T22:24,Raphinha,Magic Mike 333,buy,80000000,76787126,9.8,4.18,1
2026-08-17T23:47Z,2026-08-12T22:24,Karrikaburu,Magic Mike 333,buy,700000,603778,9.8,15.94,1
2026-08-17T23:47Z,2026-08-12T22:24,Comesaña,BurtonGM89,buy,35276000,32307977,9.8,9.19,0
2026-08-17T23:47Z,2026-08-12T22:24,Ez Abde,Albert Laporta,buy,49991863,48704731,9.8,2.64,0
2026-08-17T23:47Z,2026-08-13T13:12,Oskarsson,miguel_autentico,sell,8567036,8000328,0.2,7.08,0
2026-08-17T23:47Z,2026-08-13T13:12,D. Martínez,miguel_autentico,sell,425612,,,,0
2026-08-17T23:47Z,2026-08-13T13:13,Hugo Duro,miguel_autentico,sell,8800811,8490435,0.2,3.66,0
2026-08-17T23:47Z,2026-08-13T22:24,Denis Suárez,BurtonGM89,buy,2580315,2575532,0.7,0.19,0
2026-08-17T23:47Z,2026-08-13T22:24,Villalibre,Albert Laporta,buy,6954257,6939774,0.7,0.21,0
2026-08-17T23:47Z,2026-08-13T22:24,Cabrera,Albert Laporta,buy,17500002,16610263,0.7,5.36,0
2026-08-17T23:47Z,2026-08-13T22:24,Arda Güler,Albert Laporta,buy,50836360,50676787,0.7,0.31,0
2026-08-17T23:47Z,2026-08-13T22:24,Giuliano,SusoGattuso,buy,44652302,44652300,0.7,0.00,0
2026-08-17T23:47Z,2026-08-13T22:25,J. Musso,BurtonGM89,sell,4748599,4670460,0.7,1.67,0
2026-08-17T23:47Z,2026-08-13T22:26,Iago Aspas,BurtonGM89,sell,7275530,7339145,0.7,-0.87,0
2026-08-17T23:47Z,2026-08-13T22:26,Unai Lopez,BurtonGM89,sell,5762182,5768771,0.7,-0.11,0
2026-08-17T23:47Z,2026-08-13T22:26,Joaquín,BurtonGM89,sell,6489738,,,,0
2026-08-17T23:47Z,2026-08-13T22:26,Dieng,BurtonGM89,sell,5284122,4902368,0.7,7.79,0
2026-08-17T23:47Z,2026-08-13T23:40,Purić,SusoGattuso,sell,476265,434872,1.9,9.52,0
2026-08-17T23:47Z,2026-08-14T13:49,Asencio,Magic Mike 333,sell,5130033,4709272,1.2,8.93,0
2026-08-17T23:47Z,2026-08-14T13:50,Lucas Boyé,Magic Mike 333,sell,14013107,12511193,1.2,12.00,0
2026-08-17T23:47Z,2026-08-14T22:24,T. Morente,Magic Mike 333,buy,2033651,1986145,9.8,2.39,0
2026-08-17T23:47Z,2026-08-14T22:24,Ionut Radu,miguel_autentico,buy,39655832,39711707,9.8,-0.14,0
2026-08-17T23:47Z,2026-08-14T22:24,Agoumé,miguel_autentico,buy,5891526,5791526,9.8,1.73,0
2026-08-17T23:47Z,2026-08-14T22:24,Gavi,Magic Mike 333,buy,35500000,33400322,9.8,6.29,1
2026-08-17T23:47Z,2026-08-14T22:24,Eriksson,miguel_autentico,buy,2933863,2933863,9.8,0.00,0
2026-08-17T23:47Z,2026-08-14T22:24,Aramburu,SusoGattuso,buy,17785551,17175226,9.8,3.55,0
2026-08-17T23:47Z,2026-08-14T22:51,R.P. Bigas,Albert Laporta,sell,5323361,5298333,0.1,0.47,0
2026-08-17T23:47Z,2026-08-15T22:24,Mouriño,Albert Laporta,buy,40516387,40479623,1.1,0.09,0
2026-08-17T23:47Z,2026-08-15T22:24,Mario Martín,SusoGattuso,buy,3831432,3831432,1.1,0.00,0
2026-08-17T23:47Z,2026-08-15T22:24,Fornals,miguel_autentico,buy,58220110,57927383,1.1,0.51,0
2026-08-17T23:47Z,2026-08-15T22:24,Riedel,SusoGattuso,buy,4599626,4599626,1.1,0.00,0
2026-08-17T23:47Z,2026-08-15T22:24,Buonanotte,Albert Laporta,buy,7331515,6830769,-26.5,7.33,0
2026-08-17T23:47Z,2026-08-16T22:24,Huijsen,BurtonGM89,buy,32901000,32460459,10.4,1.36,0
2026-08-17T23:47Z,2026-08-16T22:24,Paredes,BurtonGM89,buy,5350000,5141603,10.4,4.05,1
2026-08-17T23:47Z,2026-08-16T22:26,E. Militão,BurtonGM89,sell,12012022,11728483,10.5,2.42,0
2026-08-17T23:47Z,2026-08-17T00:20,Eriksson,miguel_autentico,sell,3121862,2908104,12.4,7.35,0
2026-08-17T23:47Z,2026-08-17T00:21,Rubén García,miguel_autentico,sell,15202722,13858194,12.4,9.70,0
2026-08-17T23:47Z,2026-08-17T22:24,Tenaglia,BurtonGM89,buy,14992195,15020464,10.2,-0.19,0
2026-08-17T23:47Z,2026-08-17T22:24,Leo Román,SusoGattuso,buy,37157570,37202789,10.2,-0.12,0
2026-08-17T23:47Z,2026-08-17T22:28,Quagliata,BurtonGM89,sell,2951083,3188395,10.2,-7.44,0
2026-08-17T23:47Z,2026-08-17T22:29,Gorrotxa,BurtonGM89,sell,6655879,6058408,10.2,9.86,0
2026-08-17T23:59Z,2026-08-11T22:24,Cardoso,Magic Mike 333,buy,949269,,,,0
2026-08-17T23:59Z,2026-08-11T22:24,C. Romero,BurtonGM89,buy,45739000,6220559,0.3,635.29,0
2026-08-17T23:59Z,2026-08-11T22:24,Quagliata,BurtonGM89,buy,4000000,3289433,0.3,21.60,1
2026-08-17T23:59Z,2026-08-11T22:24,Turrientes,miguel_autentico,buy,6892898,6794227,0.3,1.45,0
2026-08-17T23:59Z,2026-08-11T22:42,Egiluz,BurtonGM89,sell,468693,432999,0.6,8.24,0
2026-08-17T23:59Z,2026-08-11T23:24,Vivian,Albert Laporta,sell,11664367,12210287,1.3,-4.47,0
2026-08-17T23:59Z,2026-08-11T23:25,Manuel Fernández,Albert Laporta,sell,373500,,,,0
2026-08-17T23:59Z,2026-08-11T23:25,Pathé I. Ciss,Albert Laporta,sell,10393147,11475255,1.3,-9.43,0
2026-08-17T23:59Z,2026-08-11T23:26,Puado,Albert Laporta,sell,8041411,7327284,1.4,9.75,0
2026-08-17T23:59Z,2026-08-12T22:24,Pedro Díaz,Magic Mike 333,buy,2050000,1864693,9.8,9.94,1
2026-08-17T23:59Z,2026-08-12T22:24,Dmitrovic,BurtonGM89,buy,40010000,36835548,9.8,8.62,1
2026-08-17T23:59Z,2026-08-12T22:24,Raphinha,Magic Mike 333,buy,80000000,76787126,9.8,4.18,1
2026-08-17T23:59Z,2026-08-12T22:24,Karrikaburu,Magic Mike 333,buy,700000,603778,9.8,15.94,1
2026-08-17T23:59Z,2026-08-12T22:24,Comesaña,BurtonGM89,buy,35276000,32307977,9.8,9.19,0
2026-08-17T23:59Z,2026-08-12T22:24,Ez Abde,Albert Laporta,buy,49991863,48704731,9.8,2.64,0
2026-08-17T23:59Z,2026-08-13T13:12,Oskarsson,miguel_autentico,sell,8567036,8000328,0.2,7.08,0
2026-08-17T23:59Z,2026-08-13T13:12,D. Martínez,miguel_autentico,sell,425612,,,,0
2026-08-17T23:59Z,2026-08-13T13:13,Hugo Duro,miguel_autentico,sell,8800811,8490435,0.2,3.66,0
2026-08-17T23:59Z,2026-08-13T22:24,Denis Suárez,BurtonGM89,buy,2580315,2575532,0.7,0.19,0
2026-08-17T23:59Z,2026-08-13T22:24,Villalibre,Albert Laporta,buy,6954257,6939774,0.7,0.21,0
2026-08-17T23:59Z,2026-08-13T22:24,Cabrera,Albert Laporta,buy,17500002,16610263,0.7,5.36,0
2026-08-17T23:59Z,2026-08-13T22:24,Arda Güler,Albert Laporta,buy,50836360,50676787,0.7,0.31,0
2026-08-17T23:59Z,2026-08-13T22:24,Giuliano,SusoGattuso,buy,44652302,44652300,0.7,0.00,0
2026-08-17T23:59Z,2026-08-13T22:25,J. Musso,BurtonGM89,sell,4748599,4670460,0.7,1.67,0
2026-08-17T23:59Z,2026-08-13T22:26,Iago Aspas,BurtonGM89,sell,7275530,7339145,0.7,-0.87,0
2026-08-17T23:59Z,2026-08-13T22:26,Unai Lopez,BurtonGM89,sell,5762182,5768771,0.7,-0.11,0
2026-08-17T23:59Z,2026-08-13T22:26,Joaquín,BurtonGM89,sell,6489738,,,,0
2026-08-17T23:59Z,2026-08-13T22:26,Dieng,BurtonGM89,sell,5284122,4902368,0.7,7.79,0
2026-08-17T23:59Z,2026-08-13T23:40,Purić,SusoGattuso,sell,476265,434872,1.9,9.52,0
2026-08-17T23:59Z,2026-08-14T13:49,Asencio,Magic Mike 333,sell,5130033,4709272,1.2,8.93,0
2026-08-17T23:59Z,2026-08-14T13:50,Lucas Boyé,Magic Mike 333,sell,14013107,12511193,1.2,12.00,0
2026-08-17T23:59Z,2026-08-14T22:24,T. Morente,Magic Mike 333,buy,2033651,1986145,9.8,2.39,0
2026-08-17T23:59Z,2026-08-14T22:24,Ionut Radu,miguel_autentico,buy,39655832,39711707,9.8,-0.14,0
2026-08-17T23:59Z,2026-08-14T22:24,Agoumé,miguel_autentico,buy,5891526,5791526,9.8,1.73,0
2026-08-17T23:59Z,2026-08-14T22:24,Gavi,Magic Mike 333,buy,35500000,33400322,9.8,6.29,1
2026-08-17T23:59Z,2026-08-14T22:24,Eriksson,miguel_autentico,buy,2933863,2933863,9.8,0.00,0
2026-08-17T23:59Z,2026-08-14T22:24,Aramburu,SusoGattuso,buy,17785551,17175226,9.8,3.55,0
2026-08-17T23:59Z,2026-08-14T22:51,R.P. Bigas,Albert Laporta,sell,5323361,5298333,0.1,0.47,0
2026-08-17T23:59Z,2026-08-15T22:24,Mouriño,Albert Laporta,buy,40516387,40479623,1.1,0.09,0
2026-08-17T23:59Z,2026-08-15T22:24,Mario Martín,SusoGattuso,buy,3831432,3831432,1.1,0.00,0
2026-08-17T23:59Z,2026-08-15T22:24,Fornals,miguel_autentico,buy,58220110,57927383,1.1,0.51,0
2026-08-17T23:59Z,2026-08-15T22:24,Riedel,SusoGattuso,buy,4599626,4599626,1.1,0.00,0
2026-08-17T23:59Z,2026-08-15T22:24,Buonanotte,Albert Laporta,buy,7331515,6830769,-26.5,7.33,0
2026-08-17T23:59Z,2026-08-16T22:24,Huijsen,BurtonGM89,buy,32901000,32460459,10.4,1.36,0
2026-08-17T23:59Z,2026-08-16T22:24,Paredes,BurtonGM89,buy,5350000,5141603,10.4,4.05,1
2026-08-17T23:59Z,2026-08-16T22:26,E. Militão,BurtonGM89,sell,12012022,11728483,10.5,2.42,0
2026-08-17T23:59Z,2026-08-17T00:20,Eriksson,miguel_autentico,sell,3121862,2908104,12.4,7.35,0
2026-08-17T23:59Z,2026-08-17T00:21,Rubén García,miguel_autentico,sell,15202722,13858194,12.4,9.70,0
2026-08-17T23:59Z,2026-08-17T22:24,Tenaglia,BurtonGM89,buy,14992195,15020464,10.2,-0.19,0
2026-08-17T23:59Z,2026-08-17T22:24,Leo Román,SusoGattuso,buy,37157570,37202789,10.2,-0.12,0
2026-08-17T23:59Z,2026-08-17T22:28,Quagliata,BurtonGM89,sell,2951083,3188395,10.2,-7.44,0
2026-08-17T23:59Z,2026-08-17T22:29,Gorrotxa,BurtonGM89,sell,6655879,6058408,10.2,9.86,0
2026-08-18T00:09Z,2026-08-11T22:24,Cardoso,Magic Mike 333,buy,949269,,,,0
2026-08-18T00:09Z,2026-08-11T22:24,C. Romero,BurtonGM89,buy,45739000,6220559,0.3,635.29,0
2026-08-18T00:09Z,2026-08-11T22:24,Quagliata,BurtonGM89,buy,4000000,3289433,0.3,21.60,1
2026-08-18T00:09Z,2026-08-11T22:24,Turrientes,miguel_autentico,buy,6892898,6794227,0.3,1.45,0
2026-08-18T00:09Z,2026-08-11T22:42,Egiluz,BurtonGM89,sell,468693,432999,0.6,8.24,0
2026-08-18T00:09Z,2026-08-11T23:24,Vivian,Albert Laporta,sell,11664367,12210287,1.3,-4.47,0
2026-08-18T00:09Z,2026-08-11T23:25,Manuel Fernández,Albert Laporta,sell,373500,,,,0
2026-08-18T00:09Z,2026-08-11T23:25,Pathé I. Ciss,Albert Laporta,sell,10393147,11475255,1.3,-9.43,0
2026-08-18T00:09Z,2026-08-11T23:26,Puado,Albert Laporta,sell,8041411,7327284,1.4,9.75,0
2026-08-18T00:09Z,2026-08-12T22:24,Pedro Díaz,Magic Mike 333,buy,2050000,1864693,9.8,9.94,1
2026-08-18T00:09Z,2026-08-12T22:24,Dmitrovic,BurtonGM89,buy,40010000,36835548,9.8,8.62,1
2026-08-18T00:09Z,2026-08-12T22:24,Raphinha,Magic Mike 333,buy,80000000,76787126,9.8,4.18,1
2026-08-18T00:09Z,2026-08-12T22:24,Karrikaburu,Magic Mike 333,buy,700000,603778,9.8,15.94,1
2026-08-18T00:09Z,2026-08-12T22:24,Comesaña,BurtonGM89,buy,35276000,32307977,9.8,9.19,0
2026-08-18T00:09Z,2026-08-12T22:24,Ez Abde,Albert Laporta,buy,49991863,48704731,9.8,2.64,0
2026-08-18T00:09Z,2026-08-13T13:12,Oskarsson,miguel_autentico,sell,8567036,8000328,0.2,7.08,0
2026-08-18T00:09Z,2026-08-13T13:12,D. Martínez,miguel_autentico,sell,425612,,,,0
2026-08-18T00:09Z,2026-08-13T13:13,Hugo Duro,miguel_autentico,sell,8800811,8490435,0.2,3.66,0
2026-08-18T00:09Z,2026-08-13T22:24,Denis Suárez,BurtonGM89,buy,2580315,2575532,0.7,0.19,0
2026-08-18T00:09Z,2026-08-13T22:24,Villalibre,Albert Laporta,buy,6954257,6939774,0.7,0.21,0
2026-08-18T00:09Z,2026-08-13T22:24,Cabrera,Albert Laporta,buy,17500002,16610263,0.7,5.36,0
2026-08-18T00:09Z,2026-08-13T22:24,Arda Güler,Albert Laporta,buy,50836360,50676787,0.7,0.31,0
2026-08-18T00:09Z,2026-08-13T22:24,Giuliano,SusoGattuso,buy,44652302,44652300,0.7,0.00,0
2026-08-18T00:09Z,2026-08-13T22:25,J. Musso,BurtonGM89,sell,4748599,4670460,0.7,1.67,0
2026-08-18T00:09Z,2026-08-13T22:26,Iago Aspas,BurtonGM89,sell,7275530,7339145,0.7,-0.87,0
2026-08-18T00:09Z,2026-08-13T22:26,Unai Lopez,BurtonGM89,sell,5762182,5768771,0.7,-0.11,0
2026-08-18T00:09Z,2026-08-13T22:26,Joaquín,BurtonGM89,sell,6489738,,,,0
2026-08-18T00:09Z,2026-08-13T22:26,Dieng,BurtonGM89,sell,5284122,4902368,0.7,7.79,0
2026-08-18T00:09Z,2026-08-13T23:40,Purić,SusoGattuso,sell,476265,434872,1.9,9.52,0
2026-08-18T00:09Z,2026-08-14T13:49,Asencio,Magic Mike 333,sell,5130033,4709272,1.2,8.93,0
2026-08-18T00:09Z,2026-08-14T13:50,Lucas Boyé,Magic Mike 333,sell,14013107,12511193,1.2,12.00,0
2026-08-18T00:09Z,2026-08-14T22:24,T. Morente,Magic Mike 333,buy,2033651,1986145,9.8,2.39,0
2026-08-18T00:09Z,2026-08-14T22:24,Ionut Radu,miguel_autentico,buy,39655832,39711707,9.8,-0.14,0
2026-08-18T00:09Z,2026-08-14T22:24,Agoumé,miguel_autentico,buy,5891526,5791526,9.8,1.73,0
2026-08-18T00:09Z,2026-08-14T22:24,Gavi,Magic Mike 333,buy,35500000,33400322,9.8,6.29,1
2026-08-18T00:09Z,2026-08-14T22:24,Eriksson,miguel_autentico,buy,2933863,2933863,9.8,0.00,0
2026-08-18T00:09Z,2026-08-14T22:24,Aramburu,SusoGattuso,buy,17785551,17175226,9.8,3.55,0
2026-08-18T00:09Z,2026-08-14T22:51,R.P. Bigas,Albert Laporta,sell,5323361,5298333,0.1,0.47,0
2026-08-18T00:09Z,2026-08-15T22:24,Mouriño,Albert Laporta,buy,40516387,40479623,1.1,0.09,0
2026-08-18T00:09Z,2026-08-15T22:24,Mario Martín,SusoGattuso,buy,3831432,3831432,1.1,0.00,0
2026-08-18T00:09Z,2026-08-15T22:24,Fornals,miguel_autentico,buy,58220110,57927383,1.1,0.51,0
2026-08-18T00:09Z,2026-08-15T22:24,Riedel,SusoGattuso,buy,4599626,4599626,1.1,0.00,0
2026-08-18T00:09Z,2026-08-15T22:24,Buonanotte,Albert Laporta,buy,7331515,6830769,-26.5,7.33,0
2026-08-18T00:09Z,2026-08-16T22:24,Huijsen,BurtonGM89,buy,32901000,32460459,10.4,1.36,0
2026-08-18T00:09Z,2026-08-16T22:24,Paredes,BurtonGM89,buy,5350000,5141603,10.4,4.05,1
2026-08-18T00:09Z,2026-08-16T22:26,E. Militão,BurtonGM89,sell,12012022,11728483,10.5,2.42,0
2026-08-18T00:09Z,2026-08-17T00:20,Eriksson,miguel_autentico,sell,3121862,2908104,12.4,7.35,0
2026-08-18T00:09Z,2026-08-17T00:21,Rubén García,miguel_autentico,sell,15202722,13858194,12.4,9.70,0
2026-08-18T00:09Z,2026-08-17T22:24,Tenaglia,BurtonGM89,buy,14992195,15020464,10.2,-0.19,0
2026-08-18T00:09Z,2026-08-17T22:24,Leo Román,SusoGattuso,buy,37157570,37202789,10.2,-0.12,0
2026-08-18T00:09Z,2026-08-17T22:28,Quagliata,BurtonGM89,sell,2951083,3188395,10.2,-7.44,0
2026-08-18T00:09Z,2026-08-17T22:29,Gorrotxa,BurtonGM89,sell,6655879,6058408,10.2,9.86,0
2026-08-18T00:13Z,2026-08-11T22:24,Cardoso,Magic Mike 333,buy,949269,,,,0
2026-08-18T00:13Z,2026-08-11T22:24,C. Romero,BurtonGM89,buy,45739000,6220559,0.3,635.29,0
2026-08-18T00:13Z,2026-08-11T22:24,Quagliata,BurtonGM89,buy,4000000,3289433,0.3,21.60,1
2026-08-18T00:13Z,2026-08-11T22:24,Turrientes,miguel_autentico,buy,6892898,6794227,0.3,1.45,0
2026-08-18T00:13Z,2026-08-11T22:42,Egiluz,BurtonGM89,sell,468693,432999,0.6,8.24,0
2026-08-18T00:13Z,2026-08-11T23:24,Vivian,Albert Laporta,sell,11664367,12210287,1.3,-4.47,0
2026-08-18T00:13Z,2026-08-11T23:25,Manuel Fernández,Albert Laporta,sell,373500,,,,0
2026-08-18T00:13Z,2026-08-11T23:25,Pathé I. Ciss,Albert Laporta,sell,10393147,11475255,1.3,-9.43,0
2026-08-18T00:13Z,2026-08-11T23:26,Puado,Albert Laporta,sell,8041411,7327284,1.4,9.75,0
2026-08-18T00:13Z,2026-08-12T22:24,Pedro Díaz,Magic Mike 333,buy,2050000,1864693,9.8,9.94,1
2026-08-18T00:13Z,2026-08-12T22:24,Dmitrovic,BurtonGM89,buy,40010000,36835548,9.8,8.62,1
2026-08-18T00:13Z,2026-08-12T22:24,Raphinha,Magic Mike 333,buy,80000000,76787126,9.8,4.18,1
2026-08-18T00:13Z,2026-08-12T22:24,Karrikaburu,Magic Mike 333,buy,700000,603778,9.8,15.94,1
2026-08-18T00:13Z,2026-08-12T22:24,Comesaña,BurtonGM89,buy,35276000,32307977,9.8,9.19,0
2026-08-18T00:13Z,2026-08-12T22:24,Ez Abde,Albert Laporta,buy,49991863,48704731,9.8,2.64,0
2026-08-18T00:13Z,2026-08-13T13:12,Oskarsson,miguel_autentico,sell,8567036,8000328,0.2,7.08,0
2026-08-18T00:13Z,2026-08-13T13:12,D. Martínez,miguel_autentico,sell,425612,,,,0
2026-08-18T00:13Z,2026-08-13T13:13,Hugo Duro,miguel_autentico,sell,8800811,8490435,0.2,3.66,0
2026-08-18T00:13Z,2026-08-13T22:24,Denis Suárez,BurtonGM89,buy,2580315,2575532,0.7,0.19,0
2026-08-18T00:13Z,2026-08-13T22:24,Villalibre,Albert Laporta,buy,6954257,6939774,0.7,0.21,0
2026-08-18T00:13Z,2026-08-13T22:24,Cabrera,Albert Laporta,buy,17500002,16610263,0.7,5.36,0
2026-08-18T00:13Z,2026-08-13T22:24,Arda Güler,Albert Laporta,buy,50836360,50676787,0.7,0.31,0
2026-08-18T00:13Z,2026-08-13T22:24,Giuliano,SusoGattuso,buy,44652302,44652300,0.7,0.00,0
2026-08-18T00:13Z,2026-08-13T22:25,J. Musso,BurtonGM89,sell,4748599,4670460,0.7,1.67,0
2026-08-18T00:13Z,2026-08-13T22:26,Iago Aspas,BurtonGM89,sell,7275530,7339145,0.7,-0.87,0
2026-08-18T00:13Z,2026-08-13T22:26,Unai Lopez,BurtonGM89,sell,5762182,5768771,0.7,-0.11,0
2026-08-18T00:13Z,2026-08-13T22:26,Joaquín,BurtonGM89,sell,6489738,,,,0
2026-08-18T00:13Z,2026-08-13T22:26,Dieng,BurtonGM89,sell,5284122,4902368,0.7,7.79,0
2026-08-18T00:13Z,2026-08-13T23:40,Purić,SusoGattuso,sell,476265,434872,1.9,9.52,0
2026-08-18T00:13Z,2026-08-14T13:49,Asencio,Magic Mike 333,sell,5130033,4709272,1.2,8.93,0
2026-08-18T00:13Z,2026-08-14T13:50,Lucas Boyé,Magic Mike 333,sell,14013107,12511193,1.2,12.00,0
2026-08-18T00:13Z,2026-08-14T22:24,T. Morente,Magic Mike 333,buy,2033651,1986145,9.8,2.39,0
2026-08-18T00:13Z,2026-08-14T22:24,Ionut Radu,miguel_autentico,buy,39655832,39711707,9.8,-0.14,0
2026-08-18T00:13Z,2026-08-14T22:24,Agoumé,miguel_autentico,buy,5891526,5791526,9.8,1.73,0
2026-08-18T00:13Z,2026-08-14T22:24,Gavi,Magic Mike 333,buy,35500000,33400322,9.8,6.29,1
2026-08-18T00:13Z,2026-08-14T22:24,Eriksson,miguel_autentico,buy,2933863,2933863,9.8,0.00,0
2026-08-18T00:13Z,2026-08-14T22:24,Aramburu,SusoGattuso,buy,17785551,17175226,9.8,3.55,0
2026-08-18T00:13Z,2026-08-14T22:51,R.P. Bigas,Albert Laporta,sell,5323361,5298333,0.1,0.47,0
2026-08-18T00:13Z,2026-08-15T22:24,Mouriño,Albert Laporta,buy,40516387,40479623,1.1,0.09,0
2026-08-18T00:13Z,2026-08-15T22:24,Mario Martín,SusoGattuso,buy,3831432,3831432,1.1,0.00,0
2026-08-18T00:13Z,2026-08-15T22:24,Fornals,miguel_autentico,buy,58220110,57927383,1.1,0.51,0
2026-08-18T00:13Z,2026-08-15T22:24,Riedel,SusoGattuso,buy,4599626,4599626,1.1,0.00,0
2026-08-18T00:13Z,2026-08-15T22:24,Buonanotte,Albert Laporta,buy,7331515,6830769,-26.5,7.33,0
2026-08-18T00:13Z,2026-08-16T22:24,Huijsen,BurtonGM89,buy,32901000,32460459,10.4,1.36,0
2026-08-18T00:13Z,2026-08-16T22:24,Paredes,BurtonGM89,buy,5350000,5141603,10.4,4.05,1
2026-08-18T00:13Z,2026-08-16T22:26,E. Militão,BurtonGM89,sell,12012022,11728483,10.5,2.42,0
2026-08-18T00:13Z,2026-08-17T00:20,Eriksson,miguel_autentico,sell,3121862,2908104,12.4,7.35,0
2026-08-18T00:13Z,2026-08-17T00:21,Rubén García,miguel_autentico,sell,15202722,13858194,12.4,9.70,0
2026-08-18T00:13Z,2026-08-17T22:24,Tenaglia,BurtonGM89,buy,14992195,15020464,10.2,-0.19,0
2026-08-18T00:13Z,2026-08-17T22:24,Leo Román,SusoGattuso,buy,37157570,37202789,10.2,-0.12,0
2026-08-18T00:13Z,2026-08-17T22:28,Quagliata,BurtonGM89,sell,2951083,3188395,10.2,-7.44,0
2026-08-18T00:13Z,2026-08-17T22:29,Gorrotxa,BurtonGM89,sell,6655879,6058408,10.2,9.86,0
