observed_at,player,value,start_pct,ff_id
2026-08-14T20:48Z,alex freeman,2478421,30,
2026-08-14T20:48Z,arda guler,51282413,60,
2026-08-14T20:48Z,ayoze perez,16818596,50,
2026-08-14T20:48Z,Bright Ede,,60,
2026-08-14T20:48Z,clemens riedel,4657417,50,
2026-08-14T20:48Z,dani vivian,11138189,30,
2026-08-14T20:48Z,Facundo Buonanotte,,40,
2026-08-14T20:48Z,ferran jutgla,9374049,80,
2026-08-14T20:48Z,giacomo quagliata,3285663,50,
2026-08-14T20:48Z,ilaix moriba,10245914,50,
2026-08-14T20:48Z,marc roca,5334336,60,
2026-08-14T20:48Z,mario martin,3743424,80,
2026-08-14T20:48Z,matias dituro,7297239,90,
2026-08-14T20:48Z,oriol rey,741966,50,
2026-08-14T20:48Z,pablo fornals,58303775,80,
2026-08-14T20:48Z,pedro bigas,5298333,50,
2026-08-14T20:48Z,pelayo fernandez,1722279,50,
2026-08-14T20:48Z,quilindschy hartman,9052099,50,
2026-08-14T20:48Z,santiago mouriño,40597493,70,
2026-08-14T20:48Z,wojciech szczesny,2398211,20,
2026-08-14T20:48Z,zakaria eddahchouri,1906239,30,
2026-08-14T21:57Z,alex freeman,2478421,30,
2026-08-14T21:57Z,arda guler,51282413,60,
2026-08-14T21:57Z,ayoze perez,16818596,50,
2026-08-14T21:57Z,Bright Ede,,60,
2026-08-14T21:57Z,clemens riedel,4657417,50,
2026-08-14T21:57Z,dani vivian,11138189,30,
2026-08-14T21:57Z,Facundo Buonanotte,,40,
2026-08-14T21:57Z,ferran jutgla,9374049,80,
2026-08-14T21:57Z,giacomo quagliata,3285663,50,
2026-08-14T21:57Z,ilaix moriba,10245914,50,
2026-08-14T21:57Z,marc roca,5334336,60,
2026-08-14T21:57Z,mario martin,3743424,80,
2026-08-14T21:57Z,matias dituro,7297239,90,
2026-08-14T21:57Z,oriol rey,741966,50,
2026-08-14T21:57Z,pablo fornals,58303775,80,
2026-08-14T21:57Z,pedro bigas,5298333,50,
2026-08-14T21:57Z,pelayo fernandez,1722279,50,
2026-08-14T21:57Z,quilindschy hartman,9052099,50,
2026-08-14T21:57Z,santiago mouriño,40597493,70,
2026-08-14T21:57Z,wojciech szczesny,2398211,20,
2026-08-14T21:57Z,zakaria eddahchouri,1906239,30,
2026-08-15T07:02Z,alex freeman,2446170,30,
2026-08-15T07:02Z,arda guler,51979704,60,
2026-08-15T07:02Z,ayoze perez,17044355,50,
2026-08-15T07:02Z,Bright Ede,,60,
2026-08-15T07:02Z,clemens riedel,4599626,50,
2026-08-15T07:02Z,dani vivian,10819933,30,
2026-08-15T07:02Z,Facundo Buonanotte,,40,
2026-08-15T07:02Z,ferran jutgla,9457860,80,
2026-08-15T07:02Z,giacomo quagliata,3270037,50,
2026-08-15T07:02Z,ilaix moriba,10169057,50,
2026-08-15T07:02Z,marc roca,5350068,60,
2026-08-15T07:02Z,mario martin,3831432,80,
2026-08-15T07:02Z,matias dituro,7483749,90,
2026-08-15T07:02Z,oriol rey,734196,50,
2026-08-15T07:02Z,pablo fornals,57927383,80,
2026-08-15T07:02Z,pedro bigas,5173960,50,
2026-08-15T07:02Z,pelayo fernandez,1722279,50,
2026-08-15T07:02Z,quilindschy hartman,8887784,50,
2026-08-15T07:02Z,santiago mouriño,40479623,70,
2026-08-15T07:02Z,wojciech szczesny,2352050,20,
2026-08-15T07:02Z,zakaria eddahchouri,1880948,30,
2026-08-15T07:20Z,alex freeman,2446170,30,
2026-08-15T07:20Z,arda guler,51979704,60,
2026-08-15T07:20Z,ayoze perez,17044355,50,
2026-08-15T07:20Z,Bright Ede,,60,
2026-08-15T07:20Z,clemens riedel,4599626,50,
2026-08-15T07:20Z,dani vivian,10819933,30,
2026-08-15T07:20Z,Facundo Buonanotte,,40,
2026-08-15T07:20Z,ferran jutgla,9457860,80,
2026-08-15T07:20Z,giacomo quagliata,3270037,50,
2026-08-15T07:20Z,ilaix moriba,10169057,50,
2026-08-15T07:20Z,marc roca,5350068,60,
2026-08-15T07:20Z,mario martin,3831432,80,
2026-08-15T07:20Z,matias dituro,7483749,90,
2026-08-15T07:20Z,oriol rey,734196,50,
2026-08-15T07:20Z,pablo fornals,57927383,80,
2026-08-15T07:20Z,pedro bigas,5173960,50,
2026-08-15T07:20Z,pelayo fernandez,1722279,50,
2026-08-15T07:20Z,quilindschy hartman,8887784,50,
2026-08-15T07:20Z,santiago mouriño,40479623,70,
2026-08-15T07:20Z,wojciech szczesny,2352050,20,
2026-08-15T07:20Z,zakaria eddahchouri,1880948,30,
2026-08-15T08:26Z,alex freeman,2446170,30,
2026-08-15T08:26Z,arda guler,51979704,60,
2026-08-15T08:26Z,ayoze perez,17044355,50,
2026-08-15T08:26Z,Bright Ede,,60,
2026-08-15T08:26Z,clemens riedel,4599626,50,
2026-08-15T08:26Z,dani vivian,10819933,30,
2026-08-15T08:26Z,Facundo Buonanotte,,40,
2026-08-15T08:26Z,ferran jutgla,9457860,80,
2026-08-15T08:26Z,giacomo quagliata,3270037,50,
2026-08-15T08:26Z,ilaix moriba,10169057,50,
2026-08-15T08:26Z,marc roca,5350068,60,
2026-08-15T08:26Z,mario martin,3831432,80,
2026-08-15T08:26Z,matias dituro,7483749,90,
2026-08-15T08:26Z,oriol rey,734196,50,
2026-08-15T08:26Z,pablo fornals,57927383,80,
2026-08-15T08:26Z,pedro bigas,5173960,50,
2026-08-15T08:26Z,pelayo fernandez,1722279,50,
2026-08-15T08:26Z,quilindschy hartman,8887784,50,
2026-08-15T08:26Z,santiago mouriño,40479623,70,
2026-08-15T08:26Z,wojciech szczesny,2352050,20,
2026-08-15T08:26Z,zakaria eddahchouri,1880948,30,
2026-08-15T08:33Z,alex freeman,2446170,30,
2026-08-15T08:33Z,arda guler,51979704,60,
2026-08-15T08:33Z,ayoze perez,17044355,50,
2026-08-15T08:33Z,Bright Ede,,60,
2026-08-15T08:33Z,clemens riedel,4599626,50,
2026-08-15T08:33Z,dani vivian,10819933,30,
2026-08-15T08:33Z,Facundo Buonanotte,,40,
2026-08-15T08:33Z,ferran jutgla,9457860,80,
2026-08-15T08:33Z,giacomo quagliata,3270037,50,
2026-08-15T08:33Z,ilaix moriba,10169057,50,
2026-08-15T08:33Z,marc roca,5350068,60,
2026-08-15T08:33Z,mario martin,3831432,80,
2026-08-15T08:33Z,matias dituro,7483749,90,
2026-08-15T08:33Z,oriol rey,734196,50,
2026-08-15T08:33Z,pablo fornals,57927383,80,
2026-08-15T08:33Z,pedro bigas,5173960,50,
2026-08-15T08:33Z,pelayo fernandez,1722279,50,
2026-08-15T08:33Z,quilindschy hartman,8887784,50,
2026-08-15T08:33Z,santiago mouriño,40479623,70,
2026-08-15T08:33Z,wojciech szczesny,2352050,20,
2026-08-15T08:33Z,zakaria eddahchouri,1880948,30,
2026-08-15T10:14Z,alex freeman,2446170,30,
2026-08-15T10:14Z,arda guler,51979704,60,
2026-08-15T10:14Z,ayoze perez,17044355,50,
2026-08-15T10:14Z,Bright Ede,,60,
2026-08-15T10:14Z,clemens riedel,4599626,50,
2026-08-15T10:14Z,dani vivian,10819933,30,
2026-08-15T10:14Z,Facundo Buonanotte,,40,
2026-08-15T10:14Z,ferran jutgla,9457860,80,
2026-08-15T10:14Z,giacomo quagliata,3270037,50,
2026-08-15T10:14Z,ilaix moriba,10169057,50,
2026-08-15T10:14Z,marc roca,5350068,60,
2026-08-15T10:14Z,mario martin,3831432,80,
2026-08-15T10:14Z,matias dituro,7483749,90,
2026-08-15T10:14Z,oriol rey,734196,50,
2026-08-15T10:14Z,pablo fornals,57927383,80,
2026-08-15T10:14Z,pedro bigas,5173960,50,
2026-08-15T10:14Z,pelayo fernandez,1722279,50,
2026-08-15T10:14Z,quilindschy hartman,8887784,50,
2026-08-15T10:14Z,santiago mouriño,40479623,70,
2026-08-15T10:14Z,wojciech szczesny,2352050,20,
2026-08-15T10:14Z,zakaria eddahchouri,1880948,30,
2026-08-15T10:50Z,alex freeman,2446170,30,
2026-08-15T10:50Z,arda guler,51979704,60,
2026-08-15T10:50Z,ayoze perez,17044355,50,
2026-08-15T10:50Z,Bright Ede,,60,
2026-08-15T10:50Z,clemens riedel,4599626,50,
2026-08-15T10:50Z,dani vivian,10819933,30,
2026-08-15T10:50Z,Facundo Buonanotte,,40,
2026-08-15T10:50Z,ferran jutgla,9457860,80,
2026-08-15T10:50Z,giacomo quagliata,3270037,50,
2026-08-15T10:50Z,ilaix moriba,10169057,50,
2026-08-15T10:50Z,marc roca,5350068,60,
2026-08-15T10:50Z,mario martin,3831432,80,
2026-08-15T10:50Z,matias dituro,7483749,90,
2026-08-15T10:50Z,oriol rey,734196,50,
2026-08-15T10:50Z,pablo fornals,57927383,80,
2026-08-15T10:50Z,pedro bigas,5173960,50,
2026-08-15T10:50Z,pelayo fernandez,1722279,50,
2026-08-15T10:50Z,quilindschy hartman,8887784,50,
2026-08-15T10:50Z,santiago mouriño,40479623,70,
2026-08-15T10:50Z,wojciech szczesny,2352050,20,
2026-08-15T10:50Z,zakaria eddahchouri,1880948,30,
2026-08-15T22:19Z,aitor paredes,5066124,70,
2026-08-15T22:19Z,antonio rudiger,27738349,50,
2026-08-15T22:19Z,arda guler,51979704,60,
2026-08-15T22:19Z,ayoze perez,17044355,50,
2026-08-15T22:19Z,carlos espi,8742183,30,
2026-08-15T22:19Z,dean huijsen,31925943,70,
2026-08-15T22:19Z,eder militao,12041791,0,
2026-08-15T22:19Z,eric garcia,44747542,50,
2026-08-15T22:19Z,ferran jutgla,9457860,80,
2026-08-15T22:19Z,gonçalo guedes,34127668,50,
2026-08-15T22:19Z,ilaix moriba,10169057,50,
2026-08-15T22:19Z,ilias akhomach,5203309,10,
2026-08-15T22:19Z,jon ander olasagasti,4326499,90,
2026-08-15T22:19Z,jorge cabello,837296,10,
2026-08-15T22:19Z,lucas torro,2483512,50,
2026-08-15T22:19Z,marc roca,5350068,60,
2026-08-15T22:19Z,matias dituro,7483749,90,
2026-08-15T22:19Z,miguel loureiro,3754551,50,
2026-08-15T22:19Z,wojciech szczesny,2352050,20,
2026-08-15T22:19Z,yeremay hernandez,51573206,30,
2026-08-16T09:28Z,aitor paredes,5141603,70,
2026-08-16T09:28Z,antonio rudiger,27972981,50,
2026-08-16T09:28Z,arda guler,52651995,60,
2026-08-16T09:28Z,ayoze perez,17352024,50,
2026-08-16T09:28Z,carlos espi,8869571,30,
2026-08-16T09:28Z,dean huijsen,32460459,70,
2026-08-16T09:28Z,eder militao,11728483,0,
2026-08-16T09:28Z,eric garcia,44534752,50,
2026-08-16T09:28Z,ferran jutgla,9506551,80,
2026-08-16T09:28Z,gonçalo guedes,33135587,50,
2026-08-16T09:28Z,ilaix moriba,10086454,50,
2026-08-16T09:28Z,ilias akhomach,5122165,10,
2026-08-16T09:28Z,jon ander olasagasti,4382766,90,
2026-08-16T09:28Z,jorge cabello,819073,10,
2026-08-16T09:28Z,lucas torro,2466986,50,
2026-08-16T09:28Z,marc roca,5403735,60,
2026-08-16T09:28Z,matias dituro,7572315,90,
2026-08-16T09:28Z,miguel loureiro,3715099,50,
2026-08-16T09:28Z,wojciech szczesny,2308693,20,
2026-08-16T09:28Z,yeremay hernandez,50616368,30,
2026-08-16T15:15Z,eder militao,11728483,0,
2026-08-16T15:33Z,aitor paredes,5141603,70,
2026-08-16T15:33Z,antonio rudiger,27972981,50,
2026-08-16T15:33Z,ayoze perez,17352024,50,
2026-08-16T15:33Z,carlos espi,8869571,30,
2026-08-16T15:33Z,dean huijsen,32460459,70,
2026-08-16T15:33Z,eder militao,11728483,0,
2026-08-16T15:33Z,gonçalo guedes,33135587,50,
2026-08-16T15:33Z,ilias akhomach,5122165,10,
2026-08-16T15:33Z,jon ander olasagasti,4382766,90,
2026-08-16T15:33Z,jorge cabello,819073,10,
2026-08-16T15:33Z,lucas torro,2466986,50,
2026-08-16T15:33Z,marc roca,5403735,60,
2026-08-16T15:33Z,matias dituro,7572315,90,
2026-08-16T15:33Z,wojciech szczesny,2308693,20,
2026-08-16T15:33Z,yeremay hernandez,50616368,30,
2026-08-16T22:14Z,abde ezzalzouli,44395627,30,
2026-08-16T22:14Z,aitor paredes,5141603,70,
2026-08-16T22:14Z,arda guler,52651995,60,
2026-08-16T22:14Z,asier villalibre,7249976,70,
2026-08-16T22:14Z,ayoze perez,17352024,50,
2026-08-16T22:14Z,carlos espi,8869571,30,
2026-08-16T22:14Z,charlie patino,507500,0,
2026-08-16T22:14Z,dani cardenas,586960,5,
2026-08-16T22:14Z,dean huijsen,32460459,70,
2026-08-16T22:14Z,ferran jutgla,9506551,80,
2026-08-16T22:14Z,giacomo quagliata,3244856,50,
2026-08-16T22:14Z,ilaix moriba,10086454,50,
2026-08-16T22:14Z,iñaki williams,27360660,60,
2026-08-16T22:14Z,ivan balliu,968786,70,
2026-08-16T22:14Z,john chetauya,677560,20,
2026-08-16T22:14Z,juan foyth,12236452,50,
2026-08-16T22:14Z,karl etta eyong,25699219,50,
2026-08-16T22:14Z,leandro cabrera,17006166,95,
2026-08-16T22:14Z,leo roman,36829681,80,
2026-08-16T22:14Z,manu hernando,1743424,50,
2026-08-16T22:14Z,marc roca,5403735,60,
2026-08-16T22:14Z,matias dituro,7572315,90,
2026-08-16T22:14Z,nahuel tenaglia,14472093,90,
2026-08-16T22:14Z,oscar valentin,3654976,70,
2026-08-16T22:14Z,saba sazonov,1224989,30,
2026-08-16T22:14Z,santiago mouriño,40219248,70,
2026-08-16T22:14Z,wojciech szczesny,2308693,20,
2026-08-17T23:04Z,abde ezzalzouli,42927674,30,
2026-08-17T23:04Z,aitor mañas,523226,30,
2026-08-17T23:04Z,aitor paredes,5292134,70,
2026-08-17T23:04Z,andriy lunin,2081695,30,
2026-08-17T23:04Z,angeliño,15537090,50,
2026-08-17T23:04Z,antonio blanco,14803449,90,
2026-08-17T23:04Z,arda guler,54547883,60,
2026-08-17T23:04Z,asier villalibre,7235042,70,
2026-08-17T23:04Z,ayoze perez,17704854,50,
2026-08-17T23:04Z,beñat prados,1366137,30,
2026-08-17T23:04Z,beñat turrientes,7073131,60,
2026-08-17T23:04Z,carl starfelt,14087470,60,
2026-08-17T23:04Z,carlos espi,9305617,30,
2026-08-17T23:04Z,carlos puga,5102130,70,
2026-08-17T23:04Z,dani lorenzo,9604577,90,
2026-08-17T23:04Z,dean huijsen,34050589,70,
2026-08-17T23:04Z,denis suarez,2423219,50,
2026-08-17T23:04Z,edin terzic,7179353,,
2026-08-17T23:04Z,edu altozano,584002,,
2026-08-17T23:04Z,ferran jutgla,9561951,80,
2026-08-17T23:04Z,ilaix moriba,9827371,50,
2026-08-17T23:04Z,iñigo ruiz de galarreta,12650951,70,
2026-08-17T23:04Z,isi palazon,20197802,80,
2026-08-17T23:04Z,jon moncayola,6933138,90,
2026-08-17T23:04Z,juan foyth,12898244,70,
2026-08-17T23:04Z,karl etta eyong,25505804,50,
2026-08-17T23:04Z,leandro cabrera,16532608,0,
2026-08-17T23:04Z,lucien agoume,5760043,80,
2026-08-17T23:04Z,marc bartra,27594034,50,
2026-08-17T23:04Z,marc roca,5382179,60,
2026-08-17T23:04Z,marcos alonso,28589508,90,
2026-08-17T23:04Z,matias dituro,7751180,90,
2026-08-17T23:04Z,nahuel tenaglia,15621725,90,
2026-08-17T23:04Z,pablo fornals,57032839,80,
2026-08-17T23:04Z,pedri gonzalez,90239837,50,
2026-08-17T23:04Z,pol lozano,2185790,30,
2026-08-17T23:04Z,quilindschy hartman,8289301,30,
2026-08-17T23:04Z,santiago mouriño,38378600,70,
2026-08-17T23:04Z,wojciech szczesny,2206146,20,
2026-08-17T23:26Z,abde ezzalzouli,42927674,30,
2026-08-17T23:26Z,aitor mañas,523226,30,
2026-08-17T23:26Z,aitor paredes,5292134,70,
2026-08-17T23:26Z,andriy lunin,2081695,30,
2026-08-17T23:26Z,angeliño,15537090,50,
2026-08-17T23:26Z,antonio blanco,14803449,90,
2026-08-17T23:26Z,arda guler,54547883,60,
2026-08-17T23:26Z,asier villalibre,7235042,70,
2026-08-17T23:26Z,ayoze perez,17704854,50,
2026-08-17T23:26Z,beñat prados,1366137,30,
2026-08-17T23:26Z,beñat turrientes,7073131,60,
2026-08-17T23:26Z,carl starfelt,14087470,60,
2026-08-17T23:26Z,carlos espi,9305617,30,
2026-08-17T23:26Z,carlos puga,5102130,70,
2026-08-17T23:26Z,dani lorenzo,9604577,90,
2026-08-17T23:26Z,dean huijsen,34050589,70,
2026-08-17T23:26Z,denis suarez,2423219,50,
2026-08-17T23:26Z,edin terzic,7179353,,
2026-08-17T23:26Z,edu altozano,584002,,
2026-08-17T23:26Z,ferran jutgla,9561951,80,
2026-08-17T23:26Z,ilaix moriba,9827371,50,
2026-08-17T23:26Z,iñigo ruiz de galarreta,12650951,70,
2026-08-17T23:26Z,isi palazon,20197802,80,
2026-08-17T23:26Z,jon moncayola,6933138,90,
2026-08-17T23:26Z,juan foyth,12898244,70,
2026-08-17T23:26Z,karl etta eyong,25505804,50,
2026-08-17T23:26Z,leandro cabrera,16532608,0,
2026-08-17T23:26Z,lucien agoume,5760043,80,
2026-08-17T23:26Z,marc bartra,27594034,50,
2026-08-17T23:26Z,marc roca,5382179,60,
2026-08-17T23:26Z,marcos alonso,28589508,90,
2026-08-17T23:26Z,matias dituro,7751180,90,
2026-08-17T23:26Z,nahuel tenaglia,15621725,90,
2026-08-17T23:26Z,pablo fornals,57032839,80,
2026-08-17T23:26Z,pedri gonzalez,90239837,50,
2026-08-17T23:26Z,pol lozano,2185790,30,
2026-08-17T23:26Z,quilindschy hartman,8289301,30,
2026-08-17T23:26Z,santiago mouriño,38378600,70,
2026-08-17T23:26Z,wojciech szczesny,2206146,20,
2026-08-17T23:28Z,abde ezzalzouli,42927674,30,
2026-08-17T23:28Z,aitor mañas,523226,30,
2026-08-17T23:28Z,aitor paredes,5292134,70,
2026-08-17T23:28Z,andriy lunin,2081695,30,
2026-08-17T23:28Z,angeliño,15537090,50,
2026-08-17T23:28Z,antonio blanco,14803449,90,
2026-08-17T23:28Z,arda guler,54547883,60,
2026-08-17T23:28Z,asier villalibre,7235042,70,
2026-08-17T23:28Z,ayoze perez,17704854,50,
2026-08-17T23:28Z,beñat prados,1366137,30,
2026-08-17T23:28Z,beñat turrientes,7073131,60,
2026-08-17T23:28Z,carl starfelt,14087470,60,
2026-08-17T23:28Z,carlos espi,9305617,30,
2026-08-17T23:28Z,carlos puga,5102130,70,
2026-08-17T23:28Z,dani lorenzo,9604577,90,
2026-08-17T23:28Z,dean huijsen,34050589,70,
2026-08-17T23:28Z,denis suarez,2423219,50,
2026-08-17T23:28Z,edin terzic,7179353,,
2026-08-17T23:28Z,edu altozano,584002,,
2026-08-17T23:28Z,ferran jutgla,9561951,80,
2026-08-17T23:28Z,ilaix moriba,9827371,50,
2026-08-17T23:28Z,iñigo ruiz de galarreta,12650951,70,
2026-08-17T23:28Z,isi palazon,20197802,80,
2026-08-17T23:28Z,jon moncayola,6933138,90,
2026-08-17T23:28Z,juan foyth,12898244,70,
2026-08-17T23:28Z,karl etta eyong,25505804,50,
2026-08-17T23:28Z,leandro cabrera,16532608,0,
2026-08-17T23:28Z,lucien agoume,5760043,80,
2026-08-17T23:28Z,marc bartra,27594034,50,
2026-08-17T23:28Z,marc roca,5382179,60,
2026-08-17T23:28Z,marcos alonso,28589508,90,
2026-08-17T23:28Z,matias dituro,7751180,90,
2026-08-17T23:28Z,nahuel tenaglia,15621725,90,
2026-08-17T23:28Z,pablo fornals,57032839,80,
2026-08-17T23:28Z,pedri gonzalez,90239837,50,
2026-08-17T23:28Z,pol lozano,2185790,30,
2026-08-17T23:28Z,quilindschy hartman,8289301,30,
2026-08-17T23:28Z,santiago mouriño,38378600,70,
2026-08-17T23:28Z,wojciech szczesny,2206146,20,
2026-08-17T23:33Z,abde ezzalzouli,42927674,30,
2026-08-17T23:33Z,aitor mañas,523226,30,
2026-08-17T23:33Z,aitor paredes,5292134,70,
2026-08-17T23:33Z,andriy lunin,2081695,30,
2026-08-17T23:33Z,angeliño,15537090,50,
2026-08-17T23:33Z,antonio blanco,14803449,90,
2026-08-17T23:33Z,arda guler,54547883,60,
2026-08-17T23:33Z,asier villalibre,7235042,70,
2026-08-17T23:33Z,ayoze perez,17704854,50,
2026-08-17T23:33Z,beñat prados,1366137,30,
2026-08-17T23:33Z,beñat turrientes,7073131,60,
2026-08-17T23:33Z,carl starfelt,14087470,60,
2026-08-17T23:33Z,carlos espi,9305617,30,
2026-08-17T23:33Z,carlos puga,5102130,70,
2026-08-17T23:33Z,dani lorenzo,9604577,90,
2026-08-17T23:33Z,dean huijsen,34050589,70,
2026-08-17T23:33Z,denis suarez,2423219,50,
2026-08-17T23:33Z,edin terzic,7179353,,
2026-08-17T23:33Z,edu altozano,584002,,
2026-08-17T23:33Z,ferran jutgla,9561951,80,
2026-08-17T23:33Z,ilaix moriba,9827371,50,
2026-08-17T23:33Z,iñigo ruiz de galarreta,12650951,70,
2026-08-17T23:33Z,isi palazon,20197802,80,
2026-08-17T23:33Z,jon moncayola,6933138,90,
2026-08-17T23:33Z,juan foyth,12898244,70,
2026-08-17T23:33Z,karl etta eyong,25505804,50,
2026-08-17T23:33Z,leandro cabrera,16532608,0,
2026-08-17T23:33Z,lucien agoume,5760043,80,
2026-08-17T23:33Z,marc bartra,27594034,50,
2026-08-17T23:33Z,marc roca,5382179,60,
2026-08-17T23:33Z,marcos alonso,28589508,90,
2026-08-17T23:33Z,matias dituro,7751180,90,
2026-08-17T23:33Z,nahuel tenaglia,15621725,90,
2026-08-17T23:33Z,pablo fornals,57032839,80,
2026-08-17T23:33Z,pedri gonzalez,90239837,50,
2026-08-17T23:33Z,pol lozano,2185790,30,
2026-08-17T23:33Z,quilindschy hartman,8289301,30,
2026-08-17T23:33Z,santiago mouriño,38378600,70,
2026-08-17T23:33Z,wojciech szczesny,2206146,20,
2026-08-17T23:36Z,abde ezzalzouli,42927674,30,
2026-08-17T23:36Z,aitor mañas,523226,30,
2026-08-17T23:36Z,aitor paredes,5292134,70,
2026-08-17T23:36Z,andriy lunin,2081695,30,
2026-08-17T23:36Z,angeliño,15537090,50,
2026-08-17T23:36Z,antonio blanco,14803449,90,
2026-08-17T23:36Z,arda guler,54547883,60,
2026-08-17T23:36Z,asier villalibre,7235042,70,
2026-08-17T23:36Z,ayoze perez,17704854,50,
2026-08-17T23:36Z,beñat prados,1366137,30,
2026-08-17T23:36Z,beñat turrientes,7073131,60,
2026-08-17T23:36Z,carl starfelt,14087470,60,
2026-08-17T23:36Z,carlos espi,9305617,30,
2026-08-17T23:36Z,carlos puga,5102130,70,
2026-08-17T23:36Z,dani lorenzo,9604577,90,
2026-08-17T23:36Z,dean huijsen,34050589,70,
2026-08-17T23:36Z,denis suarez,2423219,50,
2026-08-17T23:36Z,edin terzic,7179353,,
2026-08-17T23:36Z,edu altozano,584002,,
2026-08-17T23:36Z,ferran jutgla,9561951,80,
2026-08-17T23:36Z,ilaix moriba,9827371,50,
2026-08-17T23:36Z,iñigo ruiz de galarreta,12650951,70,
2026-08-17T23:36Z,isi palazon,20197802,80,
2026-08-17T23:36Z,jon moncayola,6933138,90,
2026-08-17T23:36Z,juan foyth,12898244,70,
2026-08-17T23:36Z,karl etta eyong,25505804,50,
2026-08-17T23:36Z,leandro cabrera,16532608,0,
2026-08-17T23:36Z,lucien agoume,5760043,80,
2026-08-17T23:36Z,marc bartra,27594034,50,
2026-08-17T23:36Z,marc roca,5382179,60,
2026-08-17T23:36Z,marcos alonso,28589508,90,
2026-08-17T23:36Z,matias dituro,7751180,90,
2026-08-17T23:36Z,nahuel tenaglia,15621725,90,
2026-08-17T23:36Z,pablo fornals,57032839,80,
2026-08-17T23:36Z,pedri gonzalez,90239837,50,
2026-08-17T23:36Z,pol lozano,2185790,30,
2026-08-17T23:36Z,quilindschy hartman,8289301,30,
2026-08-17T23:36Z,santiago mouriño,38378600,70,
2026-08-17T23:36Z,wojciech szczesny,2206146,20,
2026-08-17T23:36Z,abde ezzalzouli,42927674,30,
2026-08-17T23:36Z,aitor mañas,523226,30,
2026-08-17T23:36Z,aitor paredes,5292134,70,
2026-08-17T23:36Z,andriy lunin,2081695,30,
2026-08-17T23:36Z,angeliño,15537090,50,
2026-08-17T23:36Z,antonio blanco,14803449,90,
2026-08-17T23:36Z,arda guler,54547883,60,
2026-08-17T23:36Z,asier villalibre,7235042,70,
2026-08-17T23:36Z,ayoze perez,17704854,50,
2026-08-17T23:36Z,beñat prados,1366137,30,
2026-08-17T23:36Z,beñat turrientes,7073131,60,
2026-08-17T23:36Z,carl starfelt,14087470,60,
2026-08-17T23:36Z,carlos espi,9305617,30,
2026-08-17T23:36Z,carlos puga,5102130,70,
2026-08-17T23:36Z,dani lorenzo,9604577,90,
2026-08-17T23:36Z,dean huijsen,34050589,70,
2026-08-17T23:36Z,denis suarez,2423219,50,
2026-08-17T23:36Z,edin terzic,7179353,,
2026-08-17T23:36Z,edu altozano,584002,,
2026-08-17T23:36Z,ferran jutgla,9561951,80,
2026-08-17T23:36Z,ilaix moriba,9827371,50,
2026-08-17T23:36Z,iñigo ruiz de galarreta,12650951,70,
2026-08-17T23:36Z,isi palazon,20197802,80,
2026-08-17T23:36Z,jon moncayola,6933138,90,
2026-08-17T23:36Z,juan foyth,12898244,70,
2026-08-17T23:36Z,karl etta eyong,25505804,50,
2026-08-17T23:36Z,leandro cabrera,16532608,0,
2026-08-17T23:36Z,lucien agoume,5760043,80,
2026-08-17T23:36Z,marc bartra,27594034,50,
2026-08-17T23:36Z,marc roca,5382179,60,
2026-08-17T23:36Z,marcos alonso,28589508,90,
2026-08-17T23:36Z,matias dituro,7751180,90,
2026-08-17T23:36Z,nahuel tenaglia,15621725,90,
2026-08-17T23:36Z,pablo fornals,57032839,80,
2026-08-17T23:36Z,pedri gonzalez,90239837,50,
2026-08-17T23:36Z,pol lozano,2185790,30,
2026-08-17T23:36Z,quilindschy hartman,8289301,30,
2026-08-17T23:36Z,santiago mouriño,38378600,70,
2026-08-17T23:36Z,wojciech szczesny,2206146,20,
2026-08-17T23:39Z,abde ezzalzouli,42927674,30,
2026-08-17T23:39Z,aitor mañas,523226,30,
2026-08-17T23:39Z,aitor paredes,5292134,70,
2026-08-17T23:39Z,andriy lunin,2081695,30,
2026-08-17T23:39Z,angeliño,15537090,50,
2026-08-17T23:39Z,antonio blanco,14803449,90,
2026-08-17T23:39Z,arda guler,54547883,60,
2026-08-17T23:39Z,asier villalibre,7235042,70,
2026-08-17T23:39Z,ayoze perez,17704854,50,
2026-08-17T23:39Z,beñat prados,1366137,30,
2026-08-17T23:39Z,beñat turrientes,7073131,60,
2026-08-17T23:39Z,carl starfelt,14087470,60,
2026-08-17T23:39Z,carlos espi,9305617,30,
2026-08-17T23:39Z,carlos puga,5102130,70,
2026-08-17T23:39Z,dani lorenzo,9604577,90,
2026-08-17T23:39Z,dean huijsen,34050589,70,
2026-08-17T23:39Z,denis suarez,2423219,50,
2026-08-17T23:39Z,edin terzic,7179353,,
2026-08-17T23:39Z,edu altozano,584002,,
2026-08-17T23:39Z,ferran jutgla,9561951,80,
2026-08-17T23:39Z,ilaix moriba,9827371,50,
2026-08-17T23:39Z,iñigo ruiz de galarreta,12650951,70,
2026-08-17T23:39Z,isi palazon,20197802,80,
2026-08-17T23:39Z,jon moncayola,6933138,90,
2026-08-17T23:39Z,juan foyth,12898244,70,
2026-08-17T23:39Z,karl etta eyong,25505804,50,
2026-08-17T23:39Z,leandro cabrera,16532608,0,
2026-08-17T23:39Z,lucien agoume,5760043,80,
2026-08-17T23:39Z,marc bartra,27594034,50,
2026-08-17T23:39Z,marc roca,5382179,60,
2026-08-17T23:39Z,marcos alonso,28589508,90,
2026-08-17T23:39Z,matias dituro,7751180,90,
2026-08-17T23:39Z,nahuel tenaglia,15621725,90,
2026-08-17T23:39Z,pablo fornals,57032839,80,
2026-08-17T23:39Z,pedri gonzalez,90239837,50,
2026-08-17T23:39Z,pol lozano,2185790,30,
2026-08-17T23:39Z,quilindschy hartman,8289301,30,
2026-08-17T23:39Z,santiago mouriño,38378600,70,
2026-08-17T23:39Z,wojciech szczesny,2206146,20,
2026-08-17T23:41Z,abde ezzalzouli,42927674,30,
2026-08-17T23:41Z,aitor mañas,523226,30,
2026-08-17T23:41Z,aitor paredes,5292134,70,
2026-08-17T23:41Z,andriy lunin,2081695,30,
2026-08-17T23:41Z,angeliño,15537090,50,
2026-08-17T23:41Z,antonio blanco,14803449,90,
2026-08-17T23:41Z,arda guler,54547883,60,
2026-08-17T23:41Z,asier villalibre,7235042,70,
2026-08-17T23:41Z,ayoze perez,17704854,50,
2026-08-17T23:41Z,beñat prados,1366137,30,
2026-08-17T23:41Z,beñat turrientes,7073131,60,
2026-08-17T23:41Z,carl starfelt,14087470,60,
2026-08-17T23:41Z,carlos espi,9305617,30,
2026-08-17T23:41Z,carlos puga,5102130,70,
2026-08-17T23:41Z,dani lorenzo,9604577,90,
2026-08-17T23:41Z,dean huijsen,34050589,70,
2026-08-17T23:41Z,denis suarez,2423219,50,
2026-08-17T23:41Z,edin terzic,7179353,,
2026-08-17T23:41Z,edu altozano,584002,,
2026-08-17T23:41Z,ferran jutgla,9561951,80,
2026-08-17T23:41Z,ilaix moriba,9827371,50,
2026-08-17T23:41Z,iñigo ruiz de galarreta,12650951,70,
2026-08-17T23:41Z,isi palazon,20197802,80,
2026-08-17T23:41Z,jon moncayola,6933138,90,
2026-08-17T23:41Z,juan foyth,12898244,70,
2026-08-17T23:41Z,karl etta eyong,25505804,50,
2026-08-17T23:41Z,leandro cabrera,16532608,0,
2026-08-17T23:41Z,lucien agoume,5760043,80,
2026-08-17T23:41Z,marc bartra,27594034,50,
2026-08-17T23:41Z,marc roca,5382179,60,
2026-08-17T23:41Z,marcos alonso,28589508,90,
2026-08-17T23:41Z,matias dituro,7751180,90,
2026-08-17T23:41Z,nahuel tenaglia,15621725,90,
2026-08-17T23:41Z,pablo fornals,57032839,80,
2026-08-17T23:41Z,pedri gonzalez,90239837,50,
2026-08-17T23:41Z,pol lozano,2185790,30,
2026-08-17T23:41Z,quilindschy hartman,8289301,30,
2026-08-17T23:41Z,santiago mouriño,38378600,70,
2026-08-17T23:41Z,wojciech szczesny,2206146,20,
2026-08-17T23:47Z,abde ezzalzouli,42927674,30,
2026-08-17T23:47Z,aitor mañas,523226,30,
2026-08-17T23:47Z,aitor paredes,5292134,70,
2026-08-17T23:47Z,andriy lunin,2081695,30,
2026-08-17T23:47Z,angeliño,15537090,50,
2026-08-17T23:47Z,antonio blanco,14803449,90,
2026-08-17T23:47Z,arda guler,54547883,60,
2026-08-17T23:47Z,asier villalibre,7235042,70,
2026-08-17T23:47Z,ayoze perez,17704854,50,
2026-08-17T23:47Z,beñat prados,1366137,30,
2026-08-17T23:47Z,beñat turrientes,7073131,60,
2026-08-17T23:47Z,carl starfelt,14087470,60,
2026-08-17T23:47Z,carlos espi,9305617,30,
2026-08-17T23:47Z,carlos puga,5102130,70,
2026-08-17T23:47Z,dani lorenzo,9604577,90,
2026-08-17T23:47Z,dean huijsen,34050589,70,
2026-08-17T23:47Z,denis suarez,2423219,50,
2026-08-17T23:47Z,edin terzic,7179353,,
2026-08-17T23:47Z,edu altozano,584002,,
2026-08-17T23:47Z,ferran jutgla,9561951,80,
2026-08-17T23:47Z,ilaix moriba,9827371,50,
2026-08-17T23:47Z,iñigo ruiz de galarreta,12650951,70,
2026-08-17T23:47Z,isi palazon,20197802,80,
2026-08-17T23:47Z,jon moncayola,6933138,90,
2026-08-17T23:47Z,juan foyth,12898244,70,
2026-08-17T23:47Z,karl etta eyong,25505804,50,
2026-08-17T23:47Z,leandro cabrera,16532608,0,
2026-08-17T23:47Z,lucien agoume,5760043,80,
2026-08-17T23:47Z,marc bartra,27594034,50,
2026-08-17T23:47Z,marc roca,5382179,60,
2026-08-17T23:47Z,marcos alonso,28589508,90,
2026-08-17T23:47Z,matias dituro,7751180,90,
2026-08-17T23:47Z,nahuel tenaglia,15621725,90,
2026-08-17T23:47Z,pablo fornals,57032839,80,
2026-08-17T23:47Z,pedri gonzalez,90239837,50,
2026-08-17T23:47Z,pol lozano,2185790,30,
2026-08-17T23:47Z,quilindschy hartman,8289301,30,
2026-08-17T23:47Z,santiago mouriño,38378600,70,
2026-08-17T23:47Z,wojciech szczesny,2206146,20,
2026-08-17T23:58Z,abde ezzalzouli,42927674,30,
2026-08-17T23:58Z,aitor mañas,523226,30,
2026-08-17T23:58Z,aitor paredes,5292134,70,
2026-08-17T23:58Z,andriy lunin,2081695,30,
2026-08-17T23:58Z,angeliño,15537090,50,
2026-08-17T23:58Z,antonio blanco,14803449,90,
2026-08-17T23:58Z,arda guler,54547883,60,
2026-08-17T23:58Z,asier villalibre,7235042,70,
2026-08-17T23:58Z,ayoze perez,17704854,50,
2026-08-17T23:58Z,beñat prados,1366137,30,
2026-08-17T23:58Z,beñat turrientes,7073131,60,
2026-08-17T23:58Z,carl starfelt,14087470,60,
2026-08-17T23:58Z,carlos espi,9305617,30,
2026-08-17T23:58Z,carlos puga,5102130,70,
2026-08-17T23:58Z,dani lorenzo,9604577,90,
2026-08-17T23:58Z,dean huijsen,34050589,70,
2026-08-17T23:58Z,denis suarez,2423219,50,
2026-08-17T23:58Z,edin terzic,7179353,,
2026-08-17T23:58Z,edu altozano,584002,,
2026-08-17T23:58Z,ferran jutgla,9561951,80,
2026-08-17T23:58Z,ilaix moriba,9827371,50,
2026-08-17T23:58Z,iñigo ruiz de galarreta,12650951,70,
2026-08-17T23:58Z,isi palazon,20197802,80,
2026-08-17T23:58Z,jon moncayola,6933138,90,
2026-08-17T23:58Z,juan foyth,12898244,70,
2026-08-17T23:58Z,karl etta eyong,25505804,50,
2026-08-17T23:58Z,leandro cabrera,16532608,0,
2026-08-17T23:58Z,lucien agoume,5760043,80,
2026-08-17T23:58Z,marc bartra,27594034,50,
2026-08-17T23:58Z,marc roca,5382179,60,
2026-08-17T23:58Z,marcos alonso,28589508,90,
2026-08-17T23:58Z,matias dituro,7751180,90,
2026-08-17T23:58Z,nahuel tenaglia,15621725,90,
2026-08-17T23:58Z,pablo fornals,57032839,80,
2026-08-17T23:58Z,pedri gonzalez,90239837,50,
2026-08-17T23:58Z,pol lozano,2185790,30,
2026-08-17T23:58Z,quilindschy hartman,8289301,30,
2026-08-17T23:58Z,santiago mouriño,38378600,70,
2026-08-17T23:58Z,wojciech szczesny,2206146,20,
2026-08-18T00:01Z,abde ezzalzouli,42927674,30,
2026-08-18T00:01Z,aitor mañas,523226,30,
2026-08-18T00:01Z,aitor paredes,5292134,70,
2026-08-18T00:01Z,andriy lunin,2081695,30,
2026-08-18T00:01Z,angeliño,15537090,50,
2026-08-18T00:01Z,antonio blanco,14803449,90,
2026-08-18T00:01Z,arda guler,54547883,60,
2026-08-18T00:01Z,asier villalibre,7235042,70,
2026-08-18T00:01Z,ayoze perez,17704854,50,
2026-08-18T00:01Z,beñat prados,1366137,30,
2026-08-18T00:01Z,beñat turrientes,7073131,60,
2026-08-18T00:01Z,carl starfelt,14087470,60,
2026-08-18T00:01Z,carlos espi,9305617,30,
2026-08-18T00:01Z,carlos puga,5102130,70,
2026-08-18T00:01Z,dani lorenzo,9604577,90,
2026-08-18T00:01Z,dean huijsen,34050589,70,
2026-08-18T00:01Z,denis suarez,2423219,50,
2026-08-18T00:01Z,edin terzic,7179353,,
2026-08-18T00:01Z,edu altozano,584002,,
2026-08-18T00:01Z,ferran jutgla,9561951,80,
2026-08-18T00:01Z,ilaix moriba,9827371,50,
2026-08-18T00:01Z,iñigo ruiz de galarreta,12650951,70,
2026-08-18T00:01Z,isi palazon,20197802,80,
2026-08-18T00:01Z,jon moncayola,6933138,90,
2026-08-18T00:01Z,juan foyth,12898244,70,
2026-08-18T00:01Z,karl etta eyong,25505804,50,
2026-08-18T00:01Z,leandro cabrera,16532608,0,
2026-08-18T00:01Z,lucien agoume,5760043,80,
2026-08-18T00:01Z,marc bartra,27594034,50,
2026-08-18T00:01Z,marc roca,5382179,60,
2026-08-18T00:01Z,marcos alonso,28589508,90,
2026-08-18T00:01Z,matias dituro,7751180,90,
2026-08-18T00:01Z,nahuel tenaglia,15621725,90,
2026-08-18T00:01Z,pablo fornals,57032839,80,
2026-08-18T00:01Z,pedri gonzalez,90239837,50,
2026-08-18T00:01Z,pol lozano,2185790,30,
2026-08-18T00:01Z,quilindschy hartman,8289301,30,
2026-08-18T00:01Z,santiago mouriño,38378600,70,
2026-08-18T00:01Z,wojciech szczesny,2206146,20,
2026-08-18T00:08Z,abde ezzalzouli,42927674,30,
2026-08-18T00:08Z,aitor mañas,523226,30,
2026-08-18T00:08Z,aitor paredes,5292134,70,
2026-08-18T00:08Z,andriy lunin,2081695,30,
2026-08-18T00:08Z,angeliño,15537090,50,
2026-08-18T00:08Z,antonio blanco,14803449,90,
2026-08-18T00:08Z,arda guler,54547883,60,
2026-08-18T00:08Z,asier villalibre,7235042,70,
2026-08-18T00:08Z,ayoze perez,17704854,50,
2026-08-18T00:08Z,beñat prados,1366137,30,
2026-08-18T00:08Z,beñat turrientes,7073131,60,
2026-08-18T00:08Z,carl starfelt,14087470,60,
2026-08-18T00:08Z,carlos espi,9305617,30,
2026-08-18T00:08Z,carlos puga,5102130,70,
2026-08-18T00:08Z,dani lorenzo,9604577,90,
2026-08-18T00:08Z,dean huijsen,34050589,70,
2026-08-18T00:08Z,denis suarez,2423219,50,
2026-08-18T00:08Z,edin terzic,7179353,,
2026-08-18T00:08Z,edu altozano,584002,,
2026-08-18T00:08Z,ferran jutgla,9561951,80,
2026-08-18T00:08Z,ilaix moriba,9827371,50,
2026-08-18T00:08Z,iñigo ruiz de galarreta,12650951,70,
2026-08-18T00:08Z,isi palazon,20197802,80,
2026-08-18T00:08Z,jon moncayola,6933138,90,
2026-08-18T00:08Z,juan foyth,12898244,70,
2026-08-18T00:08Z,karl etta eyong,25505804,50,
2026-08-18T00:08Z,leandro cabrera,16532608,0,
2026-08-18T00:08Z,lucien agoume,5760043,80,
2026-08-18T00:08Z,marc bartra,27594034,50,
2026-08-18T00:08Z,marc roca,5382179,60,
2026-08-18T00:08Z,marcos alonso,28589508,90,
2026-08-18T00:08Z,matias dituro,7751180,90,
2026-08-18T00:08Z,nahuel tenaglia,15621725,90,
2026-08-18T00:08Z,pablo fornals,57032839,80,
2026-08-18T00:08Z,pedri gonzalez,90239837,50,
2026-08-18T00:08Z,pol lozano,2185790,30,
2026-08-18T00:08Z,quilindschy hartman,8289301,30,
2026-08-18T00:08Z,santiago mouriño,38378600,70,
2026-08-18T00:08Z,wojciech szczesny,2206146,20,
2026-08-18T00:13Z,abde ezzalzouli,42927674,30,
2026-08-18T00:13Z,aitor mañas,523226,30,
2026-08-18T00:13Z,aitor paredes,5292134,70,
2026-08-18T00:13Z,andriy lunin,2081695,30,
2026-08-18T00:13Z,angeliño,15537090,50,
2026-08-18T00:13Z,antonio blanco,14803449,90,
2026-08-18T00:13Z,arda guler,54547883,60,
2026-08-18T00:13Z,asier villalibre,7235042,70,
2026-08-18T00:13Z,ayoze perez,17704854,50,
2026-08-18T00:13Z,beñat prados,1366137,30,
2026-08-18T00:13Z,beñat turrientes,7073131,60,
2026-08-18T00:13Z,carl starfelt,14087470,60,
2026-08-18T00:13Z,carlos espi,9305617,30,
2026-08-18T00:13Z,carlos puga,5102130,70,
2026-08-18T00:13Z,dani lorenzo,9604577,90,
2026-08-18T00:13Z,dean huijsen,34050589,70,
2026-08-18T00:13Z,denis suarez,2423219,50,
2026-08-18T00:13Z,edin terzic,7179353,,
2026-08-18T00:13Z,edu altozano,584002,,
2026-08-18T00:13Z,ferran jutgla,9561951,80,
2026-08-18T00:13Z,ilaix moriba,9827371,50,
2026-08-18T00:13Z,iñigo ruiz de galarreta,12650951,70,
2026-08-18T00:13Z,isi palazon,20197802,80,
2026-08-18T00:13Z,jon moncayola,6933138,90,
2026-08-18T00:13Z,juan foyth,12898244,70,
2026-08-18T00:13Z,karl etta eyong,25505804,50,
2026-08-18T00:13Z,leandro cabrera,16532608,0,
2026-08-18T00:13Z,lucien agoume,5760043,80,
2026-08-18T00:13Z,marc bartra,27594034,50,
2026-08-18T00:13Z,marc roca,5382179,60,
2026-08-18T00:13Z,marcos alonso,28589508,90,
2026-08-18T00:13Z,matias dituro,7751180,90,
2026-08-18T00:13Z,nahuel tenaglia,15621725,90,
2026-08-18T00:13Z,pablo fornals,57032839,80,
2026-08-18T00:13Z,pedri gonzalez,90239837,50,
2026-08-18T00:13Z,pol lozano,2185790,30,
2026-08-18T00:13Z,quilindschy hartman,8289301,30,
2026-08-18T00:13Z,santiago mouriño,38378600,70,
2026-08-18T00:13Z,wojciech szczesny,2206146,20,
2026-08-18T00:22Z,abde ezzalzouli,42927674,30,
2026-08-18T00:22Z,aitor mañas,523226,30,
2026-08-18T00:22Z,aitor paredes,5292134,70,
2026-08-18T00:22Z,andriy lunin,2081695,30,
2026-08-18T00:22Z,angeliño,15537090,50,
2026-08-18T00:22Z,antonio blanco,14803449,90,
2026-08-18T00:22Z,arda guler,54547883,60,
2026-08-18T00:22Z,asier villalibre,7235042,70,
2026-08-18T00:22Z,ayoze perez,17704854,50,
2026-08-18T00:22Z,beñat prados,1366137,30,
2026-08-18T00:22Z,beñat turrientes,7073131,60,
2026-08-18T00:22Z,carl starfelt,14087470,60,
2026-08-18T00:22Z,carlos espi,9305617,30,
2026-08-18T00:22Z,carlos puga,5102130,70,
2026-08-18T00:22Z,dani lorenzo,9604577,90,
2026-08-18T00:22Z,dean huijsen,34050589,70,
2026-08-18T00:22Z,denis suarez,2423219,50,
2026-08-18T00:22Z,edin terzic,7179353,,
2026-08-18T00:22Z,edu altozano,584002,,
2026-08-18T00:22Z,ferran jutgla,9561951,80,
2026-08-18T00:22Z,ilaix moriba,9827371,50,
2026-08-18T00:22Z,iñigo ruiz de galarreta,12650951,70,
2026-08-18T00:22Z,isi palazon,20197802,80,
2026-08-18T00:22Z,jon moncayola,6933138,90,
2026-08-18T00:22Z,juan foyth,12898244,70,
2026-08-18T00:22Z,karl etta eyong,25505804,50,
2026-08-18T00:22Z,leandro cabrera,16532608,0,
2026-08-18T00:22Z,lucien agoume,5760043,80,
2026-08-18T00:22Z,marc bartra,27594034,50,
2026-08-18T00:22Z,marc roca,5382179,60,
2026-08-18T00:22Z,marcos alonso,28589508,90,
2026-08-18T00:22Z,matias dituro,7751180,90,
2026-08-18T00:22Z,nahuel tenaglia,15621725,90,
2026-08-18T00:22Z,pablo fornals,57032839,80,
2026-08-18T00:22Z,pedri gonzalez,90239837,50,
2026-08-18T00:22Z,pol lozano,2185790,30,
2026-08-18T00:22Z,quilindschy hartman,8289301,30,
2026-08-18T00:22Z,santiago mouriño,38378600,70,
2026-08-18T00:22Z,wojciech szczesny,2206146,20,
2026-08-18T00:22Z,abde ezzalzouli,42927674,30,
2026-08-18T00:22Z,aitor mañas,523226,30,
2026-08-18T00:22Z,aitor paredes,5292134,70,
2026-08-18T00:22Z,andriy lunin,2081695,30,
2026-08-18T00:22Z,angeliño,15537090,50,
2026-08-18T00:22Z,antonio blanco,14803449,90,
2026-08-18T00:22Z,arda guler,54547883,60,
2026-08-18T00:22Z,asier villalibre,7235042,70,
2026-08-18T00:22Z,ayoze perez,17704854,50,
2026-08-18T00:22Z,beñat prados,1366137,30,
2026-08-18T00:22Z,beñat turrientes,7073131,60,
2026-08-18T00:22Z,carl starfelt,14087470,60,
2026-08-18T00:22Z,carlos espi,9305617,30,
2026-08-18T00:22Z,carlos puga,5102130,70,
2026-08-18T00:22Z,dani lorenzo,9604577,90,
2026-08-18T00:22Z,dean huijsen,34050589,70,
2026-08-18T00:22Z,denis suarez,2423219,50,
2026-08-18T00:22Z,edin terzic,7179353,,
2026-08-18T00:22Z,edu altozano,584002,,
2026-08-18T00:22Z,ferran jutgla,9561951,80,
2026-08-18T00:22Z,ilaix moriba,9827371,50,
2026-08-18T00:22Z,iñigo ruiz de galarreta,12650951,70,
2026-08-18T00:22Z,isi palazon,20197802,80,
2026-08-18T00:22Z,jon moncayola,6933138,90,
2026-08-18T00:22Z,juan foyth,12898244,70,
2026-08-18T00:22Z,karl etta eyong,25505804,50,
2026-08-18T00:22Z,leandro cabrera,16532608,0,
2026-08-18T00:22Z,lucien agoume,5760043,80,
2026-08-18T00:22Z,marc bartra,27594034,50,
2026-08-18T00:22Z,marc roca,5382179,60,
2026-08-18T00:22Z,marcos alonso,28589508,90,
2026-08-18T00:22Z,matias dituro,7751180,90,
2026-08-18T00:22Z,nahuel tenaglia,15621725,90,
2026-08-18T00:22Z,pablo fornals,57032839,80,
2026-08-18T00:22Z,pedri gonzalez,90239837,50,
2026-08-18T00:22Z,pol lozano,2185790,30,
2026-08-18T00:22Z,quilindschy hartman,8289301,30,
2026-08-18T00:22Z,santiago mouriño,38378600,70,
2026-08-18T00:22Z,wojciech szczesny,2206146,20,
2026-08-18T00:23Z,abde ezzalzouli,42927674,30,
2026-08-18T00:23Z,aitor mañas,523226,30,
2026-08-18T00:23Z,aitor paredes,5292134,70,
2026-08-18T00:23Z,andriy lunin,2081695,30,
2026-08-18T00:23Z,angeliño,15537090,50,
2026-08-18T00:23Z,antonio blanco,14803449,90,
2026-08-18T00:23Z,arda guler,54547883,60,
2026-08-18T00:23Z,asier villalibre,7235042,70,
2026-08-18T00:23Z,ayoze perez,17704854,50,
2026-08-18T00:23Z,beñat prados,1366137,30,
2026-08-18T00:23Z,beñat turrientes,7073131,60,
2026-08-18T00:23Z,carl starfelt,14087470,60,
2026-08-18T00:23Z,carlos espi,9305617,30,
2026-08-18T00:23Z,carlos puga,5102130,70,
2026-08-18T00:23Z,dani lorenzo,9604577,90,
2026-08-18T00:23Z,dean huijsen,34050589,70,
2026-08-18T00:23Z,denis suarez,2423219,50,
2026-08-18T00:23Z,edin terzic,7179353,,
2026-08-18T00:23Z,edu altozano,584002,,
2026-08-18T00:23Z,ferran jutgla,9561951,80,
2026-08-18T00:23Z,ilaix moriba,9827371,50,
2026-08-18T00:23Z,iñigo ruiz de galarreta,12650951,70,
2026-08-18T00:23Z,isi palazon,20197802,80,
2026-08-18T00:23Z,jon moncayola,6933138,90,
2026-08-18T00:23Z,juan foyth,12898244,70,
2026-08-18T00:23Z,karl etta eyong,25505804,50,
2026-08-18T00:23Z,leandro cabrera,16532608,0,
2026-08-18T00:23Z,lucien agoume,5760043,80,
2026-08-18T00:23Z,marc bartra,27594034,50,
2026-08-18T00:23Z,marc roca,5382179,60,
2026-08-18T00:23Z,marcos alonso,28589508,90,
2026-08-18T00:23Z,matias dituro,7751180,90,
2026-08-18T00:23Z,nahuel tenaglia,15621725,90,
2026-08-18T00:23Z,pablo fornals,57032839,80,
2026-08-18T00:23Z,pedri gonzalez,90239837,50,
2026-08-18T00:23Z,pol lozano,2185790,30,
2026-08-18T00:23Z,quilindschy hartman,8289301,30,
2026-08-18T00:23Z,santiago mouriño,38378600,70,
2026-08-18T00:23Z,wojciech szczesny,2206146,20,
2026-08-18T00:23Z,abde ezzalzouli,42927674,30,
2026-08-18T00:23Z,aitor mañas,523226,30,
2026-08-18T00:23Z,aitor paredes,5292134,70,
2026-08-18T00:23Z,andriy lunin,2081695,30,
2026-08-18T00:23Z,angeliño,15537090,50,
2026-08-18T00:23Z,antonio blanco,14803449,90,
2026-08-18T00:23Z,arda guler,54547883,60,
2026-08-18T00:23Z,asier villalibre,7235042,70,
2026-08-18T00:23Z,ayoze perez,17704854,50,
2026-08-18T00:23Z,beñat prados,1366137,30,
2026-08-18T00:23Z,beñat turrientes,7073131,60,
2026-08-18T00:23Z,carl starfelt,14087470,60,
2026-08-18T00:23Z,carlos espi,9305617,30,
2026-08-18T00:23Z,carlos puga,5102130,70,
2026-08-18T00:23Z,dani lorenzo,9604577,90,
2026-08-18T00:23Z,dean huijsen,34050589,70,
2026-08-18T00:23Z,denis suarez,2423219,50,
2026-08-18T00:23Z,edin terzic,7179353,,
2026-08-18T00:23Z,edu altozano,584002,,
2026-08-18T00:23Z,ferran jutgla,9561951,80,
2026-08-18T00:23Z,ilaix moriba,9827371,50,
2026-08-18T00:23Z,iñigo ruiz de galarreta,12650951,70,
2026-08-18T00:23Z,isi palazon,20197802,80,
2026-08-18T00:23Z,jon moncayola,6933138,90,
2026-08-18T00:23Z,juan foyth,12898244,70,
2026-08-18T00:23Z,karl etta eyong,25505804,50,
2026-08-18T00:23Z,leandro cabrera,16532608,0,
2026-08-18T00:23Z,lucien agoume,5760043,80,
2026-08-18T00:23Z,marc bartra,27594034,50,
2026-08-18T00:23Z,marc roca,5382179,60,
2026-08-18T00:23Z,marcos alonso,28589508,90,
2026-08-18T00:23Z,matias dituro,7751180,90,
2026-08-18T00:23Z,nahuel tenaglia,15621725,90,
2026-08-18T00:23Z,pablo fornals,57032839,80,
2026-08-18T00:23Z,pedri gonzalez,90239837,50,
2026-08-18T00:23Z,pol lozano,2185790,30,
2026-08-18T00:23Z,quilindschy hartman,8289301,30,
2026-08-18T00:23Z,santiago mouriño,38378600,70,
2026-08-18T00:23Z,wojciech szczesny,2206146,20,
2026-08-18T00:24Z,abde ezzalzouli,42927674,30,
2026-08-18T00:24Z,aitor mañas,523226,30,
2026-08-18T00:24Z,aitor paredes,5292134,70,
2026-08-18T00:24Z,andriy lunin,2081695,30,
2026-08-18T00:24Z,angeliño,15537090,50,
2026-08-18T00:24Z,antonio blanco,14803449,90,
2026-08-18T00:24Z,arda guler,54547883,60,
2026-08-18T00:24Z,asier villalibre,7235042,70,
2026-08-18T00:24Z,ayoze perez,17704854,50,
2026-08-18T00:24Z,beñat prados,1366137,30,
2026-08-18T00:24Z,beñat turrientes,7073131,60,
2026-08-18T00:24Z,carl starfelt,14087470,60,
2026-08-18T00:24Z,carlos espi,9305617,30,
2026-08-18T00:24Z,carlos puga,5102130,70,
2026-08-18T00:24Z,dani lorenzo,9604577,90,
2026-08-18T00:24Z,dean huijsen,34050589,70,
2026-08-18T00:24Z,denis suarez,2423219,50,
2026-08-18T00:24Z,edin terzic,7179353,,
2026-08-18T00:24Z,edu altozano,584002,,
2026-08-18T00:24Z,ferran jutgla,9561951,80,
2026-08-18T00:24Z,ilaix moriba,9827371,50,
2026-08-18T00:24Z,iñigo ruiz de galarreta,12650951,70,
2026-08-18T00:24Z,isi palazon,20197802,80,
2026-08-18T00:24Z,jon moncayola,6933138,90,
2026-08-18T00:24Z,juan foyth,12898244,70,
2026-08-18T00:24Z,karl etta eyong,25505804,50,
2026-08-18T00:24Z,leandro cabrera,16532608,0,
2026-08-18T00:24Z,lucien agoume,5760043,80,
2026-08-18T00:24Z,marc bartra,27594034,50,
2026-08-18T00:24Z,marc roca,5382179,60,
2026-08-18T00:24Z,marcos alonso,28589508,90,
2026-08-18T00:24Z,matias dituro,7751180,90,
2026-08-18T00:24Z,nahuel tenaglia,15621725,90,
2026-08-18T00:24Z,pablo fornals,57032839,80,
2026-08-18T00:24Z,pedri gonzalez,90239837,50,
2026-08-18T00:24Z,pol lozano,2185790,30,
2026-08-18T00:24Z,quilindschy hartman,8289301,30,
2026-08-18T00:24Z,santiago mouriño,38378600,70,
2026-08-18T00:24Z,wojciech szczesny,2206146,20,
2026-08-18T00:27Z,abde ezzalzouli,42927674,30,
2026-08-18T00:27Z,aitor mañas,523226,30,
2026-08-18T00:27Z,aitor paredes,5292134,70,
2026-08-18T00:27Z,andriy lunin,2081695,30,
2026-08-18T00:27Z,angeliño,15537090,50,
2026-08-18T00:27Z,antonio blanco,14803449,90,
2026-08-18T00:27Z,arda guler,54547883,60,
2026-08-18T00:27Z,asier villalibre,7235042,70,
2026-08-18T00:27Z,ayoze perez,17704854,50,
2026-08-18T00:27Z,beñat prados,1366137,30,
2026-08-18T00:27Z,beñat turrientes,7073131,60,
2026-08-18T00:27Z,carl starfelt,14087470,60,
2026-08-18T00:27Z,carlos espi,9305617,30,
2026-08-18T00:27Z,carlos puga,5102130,70,
2026-08-18T00:27Z,dani lorenzo,9604577,90,
2026-08-18T00:27Z,dean huijsen,34050589,70,
2026-08-18T00:27Z,denis suarez,2423219,50,
2026-08-18T00:27Z,edin terzic,7179353,,
2026-08-18T00:27Z,edu altozano,584002,,
2026-08-18T00:27Z,ferran jutgla,9561951,80,
2026-08-18T00:27Z,ilaix moriba,9827371,50,
2026-08-18T00:27Z,iñigo ruiz de galarreta,12650951,70,
2026-08-18T00:27Z,isi palazon,20197802,80,
2026-08-18T00:27Z,jon moncayola,6933138,90,
2026-08-18T00:27Z,juan foyth,12898244,70,
2026-08-18T00:27Z,karl etta eyong,25505804,50,
2026-08-18T00:27Z,leandro cabrera,16532608,0,
2026-08-18T00:27Z,lucien agoume,5760043,80,
2026-08-18T00:27Z,marc bartra,27594034,50,
2026-08-18T00:27Z,marc roca,5382179,60,
2026-08-18T00:27Z,marcos alonso,28589508,90,
2026-08-18T00:27Z,matias dituro,7751180,90,
2026-08-18T00:27Z,nahuel tenaglia,15621725,90,
2026-08-18T00:27Z,pablo fornals,57032839,80,
2026-08-18T00:27Z,pedri gonzalez,90239837,50,
2026-08-18T00:27Z,pol lozano,2185790,30,
2026-08-18T00:27Z,quilindschy hartman,8289301,30,
2026-08-18T00:27Z,santiago mouriño,38378600,70,
2026-08-18T00:27Z,wojciech szczesny,2206146,20,
2026-08-18T00:36Z,abde ezzalzouli,42927674,30,
2026-08-18T00:36Z,aitor mañas,523226,30,
2026-08-18T00:36Z,aitor paredes,5292134,70,
2026-08-18T00:36Z,andriy lunin,2081695,30,
2026-08-18T00:36Z,angeliño,15537090,50,
2026-08-18T00:36Z,antonio blanco,14803449,90,
2026-08-18T00:36Z,arda guler,54547883,60,
2026-08-18T00:36Z,asier villalibre,7235042,70,
2026-08-18T00:36Z,ayoze perez,17704854,50,
2026-08-18T00:36Z,beñat prados,1366137,30,
2026-08-18T00:36Z,beñat turrientes,7073131,60,
2026-08-18T00:36Z,carl starfelt,14087470,60,
2026-08-18T00:36Z,carlos espi,9305617,30,
2026-08-18T00:36Z,carlos puga,5102130,70,
2026-08-18T00:36Z,dani lorenzo,9604577,90,
2026-08-18T00:36Z,dean huijsen,34050589,70,
2026-08-18T00:36Z,denis suarez,2423219,50,
2026-08-18T00:36Z,edin terzic,7179353,,
2026-08-18T00:36Z,edu altozano,584002,,
2026-08-18T00:36Z,ferran jutgla,9561951,80,
2026-08-18T00:36Z,ilaix moriba,9827371,50,
2026-08-18T00:36Z,iñigo ruiz de galarreta,12650951,70,
2026-08-18T00:36Z,isi palazon,20197802,80,
2026-08-18T00:36Z,jon moncayola,6933138,90,
2026-08-18T00:36Z,juan foyth,12898244,70,
2026-08-18T00:36Z,karl etta eyong,25505804,50,
2026-08-18T00:36Z,leandro cabrera,16532608,0,
2026-08-18T00:36Z,lucien agoume,5760043,80,
2026-08-18T00:36Z,marc bartra,27594034,50,
2026-08-18T00:36Z,marc roca,5382179,60,
2026-08-18T00:36Z,marcos alonso,28589508,90,
2026-08-18T00:36Z,matias dituro,7751180,90,
2026-08-18T00:36Z,nahuel tenaglia,15621725,90,
2026-08-18T00:36Z,pablo fornals,57032839,80,
2026-08-18T00:36Z,pedri gonzalez,90239837,50,
2026-08-18T00:36Z,pol lozano,2185790,30,
2026-08-18T00:36Z,quilindschy hartman,8289301,30,
2026-08-18T00:36Z,santiago mouriño,38378600,70,
2026-08-18T00:36Z,wojciech szczesny,2206146,20,
2026-08-18T00:51Z,abde ezzalzouli,42927674,30,
2026-08-18T00:51Z,aitor mañas,523226,30,
2026-08-18T00:51Z,aitor paredes,5292134,70,
2026-08-18T00:51Z,andriy lunin,2081695,30,
2026-08-18T00:51Z,angeliño,15537090,50,
2026-08-18T00:51Z,antonio blanco,14803449,90,
2026-08-18T00:51Z,arda guler,54547883,60,
2026-08-18T00:51Z,asier villalibre,7235042,70,
2026-08-18T00:51Z,ayoze perez,17704854,50,
2026-08-18T00:51Z,beñat prados,1366137,30,
2026-08-18T00:51Z,beñat turrientes,7073131,60,
2026-08-18T00:51Z,carl starfelt,14087470,60,
2026-08-18T00:51Z,carlos espi,9305617,30,
2026-08-18T00:51Z,carlos puga,5102130,70,
2026-08-18T00:51Z,dani lorenzo,9604577,90,
2026-08-18T00:51Z,dean huijsen,34050589,70,
2026-08-18T00:51Z,denis suarez,2423219,50,
2026-08-18T00:51Z,edin terzic,7179353,,
2026-08-18T00:51Z,edu altozano,584002,,
2026-08-18T00:51Z,ferran jutgla,9561951,80,
2026-08-18T00:51Z,ilaix moriba,9827371,50,
2026-08-18T00:51Z,iñigo ruiz de galarreta,12650951,70,
2026-08-18T00:51Z,isi palazon,20197802,80,
2026-08-18T00:51Z,jon moncayola,6933138,90,
2026-08-18T00:51Z,juan foyth,12898244,70,
2026-08-18T00:51Z,karl etta eyong,25505804,50,
2026-08-18T00:51Z,leandro cabrera,16532608,0,
2026-08-18T00:51Z,lucien agoume,5760043,80,
2026-08-18T00:51Z,marc bartra,27594034,50,
2026-08-18T00:51Z,marc roca,5382179,60,
2026-08-18T00:51Z,marcos alonso,28589508,90,
2026-08-18T00:51Z,matias dituro,7751180,90,
2026-08-18T00:51Z,nahuel tenaglia,15621725,90,
2026-08-18T00:51Z,pablo fornals,57032839,80,
2026-08-18T00:51Z,pedri gonzalez,90239837,50,
2026-08-18T00:51Z,pol lozano,2185790,30,
2026-08-18T00:51Z,quilindschy hartman,8289301,30,
2026-08-18T00:51Z,santiago mouriño,38378600,70,
2026-08-18T00:51Z,wojciech szczesny,2206146,20,
2026-08-18T01:24Z,abde ezzalzouli,42927674,30,
2026-08-18T01:24Z,aitor mañas,523226,30,
2026-08-18T01:24Z,aitor paredes,5292134,70,
2026-08-18T01:24Z,andriy lunin,2081695,30,
2026-08-18T01:24Z,angeliño,15537090,50,
2026-08-18T01:24Z,antonio blanco,14803449,90,
2026-08-18T01:24Z,arda guler,54547883,60,
2026-08-18T01:24Z,asier villalibre,7235042,70,
2026-08-18T01:24Z,ayoze perez,17704854,50,
2026-08-18T01:24Z,beñat prados,1366137,30,
2026-08-18T01:24Z,beñat turrientes,7073131,60,
2026-08-18T01:24Z,carl starfelt,14087470,60,
2026-08-18T01:24Z,carlos espi,9305617,30,
2026-08-18T01:24Z,carlos puga,5102130,70,
2026-08-18T01:24Z,dani lorenzo,9604577,90,
2026-08-18T01:24Z,dean huijsen,34050589,70,
2026-08-18T01:24Z,denis suarez,2423219,50,
2026-08-18T01:24Z,edin terzic,7179353,,
2026-08-18T01:24Z,edu altozano,584002,,
2026-08-18T01:24Z,ferran jutgla,9561951,80,
2026-08-18T01:24Z,ilaix moriba,9827371,50,
2026-08-18T01:24Z,iñigo ruiz de galarreta,12650951,70,
2026-08-18T01:24Z,isi palazon,20197802,80,
2026-08-18T01:24Z,jon moncayola,6933138,90,
2026-08-18T01:24Z,juan foyth,12898244,70,
2026-08-18T01:24Z,karl etta eyong,25505804,50,
2026-08-18T01:24Z,leandro cabrera,16532608,0,
2026-08-18T01:24Z,lucien agoume,5760043,80,
2026-08-18T01:24Z,marc bartra,27594034,50,
2026-08-18T01:24Z,marc roca,5382179,60,
2026-08-18T01:24Z,marcos alonso,28589508,90,
2026-08-18T01:24Z,matias dituro,7751180,90,
2026-08-18T01:24Z,nahuel tenaglia,15621725,90,
2026-08-18T01:24Z,pablo fornals,57032839,80,
2026-08-18T01:24Z,pedri gonzalez,90239837,50,
2026-08-18T01:24Z,pol lozano,2185790,30,
2026-08-18T01:24Z,quilindschy hartman,8289301,30,
2026-08-18T01:24Z,santiago mouriño,38378600,70,
2026-08-18T01:24Z,wojciech szczesny,2206146,20,
2026-08-18T01:29Z,abde ezzalzouli,42927674,30,
2026-08-18T01:29Z,aitor mañas,523226,30,
2026-08-18T01:29Z,aitor paredes,5292134,70,
2026-08-18T01:29Z,andriy lunin,2081695,30,
2026-08-18T01:29Z,angeliño,15537090,50,
2026-08-18T01:29Z,antonio blanco,14803449,90,
2026-08-18T01:29Z,arda guler,54547883,60,
2026-08-18T01:29Z,asier villalibre,7235042,70,
2026-08-18T01:29Z,ayoze perez,17704854,50,
2026-08-18T01:29Z,beñat prados,1366137,30,
2026-08-18T01:29Z,beñat turrientes,7073131,60,
2026-08-18T01:29Z,carl starfelt,14087470,60,
2026-08-18T01:29Z,carlos espi,9305617,30,
2026-08-18T01:29Z,carlos puga,5102130,70,
2026-08-18T01:29Z,dani lorenzo,9604577,90,
2026-08-18T01:29Z,dean huijsen,34050589,70,
2026-08-18T01:29Z,denis suarez,2423219,50,
2026-08-18T01:29Z,edin terzic,7179353,,
2026-08-18T01:29Z,edu altozano,584002,,
2026-08-18T01:29Z,ferran jutgla,9561951,80,
2026-08-18T01:29Z,ilaix moriba,9827371,50,
2026-08-18T01:29Z,iñigo ruiz de galarreta,12650951,70,
2026-08-18T01:29Z,isi palazon,20197802,80,
2026-08-18T01:29Z,jon moncayola,6933138,90,
2026-08-18T01:29Z,juan foyth,12898244,70,
2026-08-18T01:29Z,karl etta eyong,25505804,50,
2026-08-18T01:29Z,leandro cabrera,16532608,0,
2026-08-18T01:29Z,lucien agoume,5760043,80,
2026-08-18T01:29Z,marc bartra,27594034,50,
2026-08-18T01:29Z,marc roca,5382179,60,
2026-08-18T01:29Z,marcos alonso,28589508,90,
2026-08-18T01:29Z,matias dituro,7751180,90,
2026-08-18T01:29Z,nahuel tenaglia,15621725,90,
2026-08-18T01:29Z,pablo fornals,57032839,80,
2026-08-18T01:29Z,pedri gonzalez,90239837,50,
2026-08-18T01:29Z,pol lozano,2185790,30,
2026-08-18T01:29Z,quilindschy hartman,8289301,30,
2026-08-18T01:29Z,santiago mouriño,38378600,70,
2026-08-18T01:29Z,wojciech szczesny,2206146,20,
2026-08-18T01:43Z,abde ezzalzouli,42927674,30,
2026-08-18T01:43Z,aitor mañas,523226,30,
2026-08-18T01:43Z,aitor paredes,5292134,70,
2026-08-18T01:43Z,andriy lunin,2081695,30,
2026-08-18T01:43Z,angeliño,15537090,50,
2026-08-18T01:43Z,antonio blanco,14803449,90,
2026-08-18T01:43Z,arda guler,54547883,60,
2026-08-18T01:43Z,asier villalibre,7235042,70,
2026-08-18T01:43Z,ayoze perez,17704854,50,
2026-08-18T01:43Z,beñat prados,1366137,30,
2026-08-18T01:43Z,beñat turrientes,7073131,60,
2026-08-18T01:43Z,carl starfelt,14087470,60,
2026-08-18T01:43Z,carlos espi,9305617,30,
2026-08-18T01:43Z,carlos puga,5102130,70,
2026-08-18T01:43Z,dani lorenzo,9604577,90,
2026-08-18T01:43Z,dean huijsen,34050589,70,
2026-08-18T01:43Z,denis suarez,2423219,50,
2026-08-18T01:43Z,edin terzic,7179353,,
2026-08-18T01:43Z,edu altozano,584002,,
2026-08-18T01:43Z,ferran jutgla,9561951,80,
2026-08-18T01:43Z,ilaix moriba,9827371,50,
2026-08-18T01:43Z,iñigo ruiz de galarreta,12650951,70,
2026-08-18T01:43Z,isi palazon,20197802,80,
2026-08-18T01:43Z,jon moncayola,6933138,90,
2026-08-18T01:43Z,juan foyth,12898244,70,
2026-08-18T01:43Z,karl etta eyong,25505804,50,
2026-08-18T01:43Z,leandro cabrera,16532608,0,
2026-08-18T01:43Z,lucien agoume,5760043,80,
2026-08-18T01:43Z,marc bartra,27594034,50,
2026-08-18T01:43Z,marc roca,5382179,60,
2026-08-18T01:43Z,marcos alonso,28589508,90,
2026-08-18T01:43Z,matias dituro,7751180,90,
2026-08-18T01:43Z,nahuel tenaglia,15621725,90,
2026-08-18T01:43Z,pablo fornals,57032839,80,
2026-08-18T01:43Z,pedri gonzalez,90239837,50,
2026-08-18T01:43Z,pol lozano,2185790,30,
2026-08-18T01:43Z,quilindschy hartman,8289301,30,
2026-08-18T01:43Z,santiago mouriño,38378600,70,
2026-08-18T01:43Z,wojciech szczesny,2206146,20,
2026-08-18T01:48Z,abde ezzalzouli,42927674,30,
2026-08-18T01:48Z,aitor mañas,523226,30,
2026-08-18T01:48Z,aitor paredes,5292134,70,
2026-08-18T01:48Z,andriy lunin,2081695,30,
2026-08-18T01:48Z,angeliño,15537090,0,
2026-08-18T01:48Z,antonio blanco,14803449,90,
2026-08-18T01:48Z,arda guler,54547883,60,
2026-08-18T01:48Z,asier villalibre,7235042,70,
2026-08-18T01:48Z,ayoze perez,17704854,50,
2026-08-18T01:48Z,beñat prados,1366137,30,
2026-08-18T01:48Z,beñat turrientes,7073131,50,
2026-08-18T01:48Z,carl starfelt,14087470,60,
2026-08-18T01:48Z,carlos espi,9305617,30,
2026-08-18T01:48Z,carlos puga,5102130,70,
2026-08-18T01:48Z,dani lorenzo,9604577,90,
2026-08-18T01:48Z,dean huijsen,34050589,70,
2026-08-18T01:48Z,denis suarez,2423219,50,
2026-08-18T01:48Z,edin terzic,7179353,,
2026-08-18T01:48Z,edu altozano,584002,,
2026-08-18T01:48Z,ferran jutgla,9561951,80,
2026-08-18T01:48Z,ilaix moriba,9827371,50,
2026-08-18T01:48Z,iñigo ruiz de galarreta,12650951,70,
2026-08-18T01:48Z,isi palazon,20197802,80,
2026-08-18T01:48Z,jon moncayola,6933138,90,
2026-08-18T01:48Z,juan foyth,12898244,70,
2026-08-18T01:48Z,karl etta eyong,25505804,50,
2026-08-18T01:48Z,leandro cabrera,16532608,0,
2026-08-18T01:48Z,lucien agoume,5760043,80,
2026-08-18T01:48Z,marc bartra,27594034,50,
2026-08-18T01:48Z,marc roca,5382179,60,
2026-08-18T01:48Z,marcos alonso,28589508,90,
2026-08-18T01:48Z,matias dituro,7751180,100,
2026-08-18T01:48Z,nahuel tenaglia,15621725,90,
2026-08-18T01:48Z,pablo fornals,57032839,80,
2026-08-18T01:48Z,pedri gonzalez,90239837,50,
2026-08-18T01:48Z,pol lozano,2185790,30,
2026-08-18T01:48Z,quilindschy hartman,8289301,30,
2026-08-18T01:48Z,santiago mouriño,38378600,70,
2026-08-18T01:48Z,wojciech szczesny,2206146,20,
2026-08-18T01:54Z,abde ezzalzouli,42927674,30,
2026-08-18T01:54Z,aitor mañas,523226,30,
2026-08-18T01:54Z,aitor paredes,5292134,70,
2026-08-18T01:54Z,andriy lunin,2081695,30,
2026-08-18T01:54Z,angeliño,15537090,0,
2026-08-18T01:54Z,antonio blanco,14803449,90,
2026-08-18T01:54Z,arda guler,54547883,60,
2026-08-18T01:54Z,asier villalibre,7235042,70,
2026-08-18T01:54Z,ayoze perez,17704854,50,
2026-08-18T01:54Z,beñat prados,1366137,30,
2026-08-18T01:54Z,beñat turrientes,7073131,50,
2026-08-18T01:54Z,carl starfelt,14087470,60,
2026-08-18T01:54Z,carlos espi,9305617,30,
2026-08-18T01:54Z,carlos puga,5102130,70,
2026-08-18T01:54Z,dani lorenzo,9604577,90,
2026-08-18T01:54Z,dean huijsen,34050589,70,
2026-08-18T01:54Z,denis suarez,2423219,50,
2026-08-18T01:54Z,edin terzic,7179353,,
2026-08-18T01:54Z,edu altozano,584002,,
2026-08-18T01:54Z,ferran jutgla,9561951,80,
2026-08-18T01:54Z,ilaix moriba,9827371,50,
2026-08-18T01:54Z,iñigo ruiz de galarreta,12650951,70,
2026-08-18T01:54Z,isi palazon,20197802,80,
2026-08-18T01:54Z,jon moncayola,6933138,90,
2026-08-18T01:54Z,juan foyth,12898244,70,
2026-08-18T01:54Z,karl etta eyong,25505804,50,
2026-08-18T01:54Z,leandro cabrera,16532608,0,
2026-08-18T01:54Z,lucien agoume,5760043,80,
2026-08-18T01:54Z,marc bartra,27594034,50,
2026-08-18T01:54Z,marc roca,5382179,60,
2026-08-18T01:54Z,marcos alonso,28589508,90,
2026-08-18T01:54Z,matias dituro,7751180,100,
2026-08-18T01:54Z,nahuel tenaglia,15621725,90,
2026-08-18T01:54Z,pablo fornals,57032839,80,
2026-08-18T01:54Z,pedri gonzalez,90239837,50,
2026-08-18T01:54Z,pol lozano,2185790,30,
2026-08-18T01:54Z,quilindschy hartman,8289301,30,
2026-08-18T01:54Z,santiago mouriño,38378600,70,
2026-08-18T01:54Z,wojciech szczesny,2206146,20,
2026-08-18T09:31Z,abde ezzalzouli,42927674,30,
2026-08-18T09:31Z,aitor mañas,523226,30,
2026-08-18T09:31Z,aitor paredes,5292134,70,
2026-08-18T09:31Z,andriy lunin,2081695,30,
2026-08-18T09:31Z,angeliño,15537090,0,
2026-08-18T09:31Z,antonio blanco,14803449,90,
2026-08-18T09:31Z,arda guler,54547883,60,
2026-08-18T09:31Z,asier villalibre,7235042,70,
2026-08-18T09:31Z,ayoze perez,17704854,50,
2026-08-18T09:31Z,beñat prados,1366137,30,
2026-08-18T09:31Z,beñat turrientes,7073131,50,
2026-08-18T09:31Z,carl starfelt,14087470,60,
2026-08-18T09:31Z,carlos espi,9305617,30,
2026-08-18T09:31Z,carlos puga,5102130,70,
2026-08-18T09:31Z,dani lorenzo,9604577,90,
2026-08-18T09:31Z,dean huijsen,34050589,70,
2026-08-18T09:31Z,denis suarez,2423219,50,
2026-08-18T09:31Z,edin terzic,7179353,,
2026-08-18T09:31Z,edu altozano,584002,,
2026-08-18T09:31Z,ferran jutgla,9561951,80,
2026-08-18T09:31Z,ilaix moriba,9827371,50,
2026-08-18T09:31Z,iñigo ruiz de galarreta,12650951,70,
2026-08-18T09:31Z,isi palazon,20197802,80,
2026-08-18T09:31Z,jon moncayola,6933138,90,
2026-08-18T09:31Z,juan foyth,12898244,70,
2026-08-18T09:31Z,karl etta eyong,25505804,50,
2026-08-18T09:31Z,leandro cabrera,16532608,0,
2026-08-18T09:31Z,lucien agoume,5760043,80,
2026-08-18T09:31Z,marc bartra,27594034,50,
2026-08-18T09:31Z,marc roca,5382179,60,
2026-08-18T09:31Z,marcos alonso,28589508,90,
2026-08-18T09:31Z,matias dituro,7751180,100,
2026-08-18T09:31Z,nahuel tenaglia,15621725,90,
2026-08-18T09:31Z,pablo fornals,57032839,80,
2026-08-18T09:31Z,pedri gonzalez,90239837,50,
2026-08-18T09:31Z,pol lozano,2185790,30,
2026-08-18T09:31Z,quilindschy hartman,8289301,30,
2026-08-18T09:31Z,santiago mouriño,38378600,70,
2026-08-18T09:31Z,wojciech szczesny,2206146,20,
2026-08-18T09:43Z,abde ezzalzouli,42927674,30,
2026-08-18T09:43Z,aitor mañas,523226,30,
2026-08-18T09:43Z,aitor paredes,5292134,70,
2026-08-18T09:43Z,andriy lunin,2081695,30,
2026-08-18T09:43Z,angeliño,15537090,0,
2026-08-18T09:43Z,antonio blanco,14803449,90,
2026-08-18T09:43Z,arda guler,54547883,60,
2026-08-18T09:43Z,ayoze perez,17704854,50,
2026-08-18T09:43Z,beñat prados,1366137,30,
2026-08-18T09:43Z,beñat turrientes,7073131,50,
2026-08-18T09:43Z,carl starfelt,14087470,60,
2026-08-18T09:43Z,carlos espi,9305617,30,
2026-08-18T09:43Z,carlos puga,5102130,70,
2026-08-18T09:43Z,dani lorenzo,9604577,90,
2026-08-18T09:43Z,dean huijsen,34050589,70,
2026-08-18T09:43Z,denis suarez,2423219,50,
2026-08-18T09:43Z,edin terzic,7179353,,
2026-08-18T09:43Z,edu altozano,584002,,
2026-08-18T09:43Z,ferran jutgla,9561951,80,
2026-08-18T09:43Z,ilaix moriba,9827371,50,
2026-08-18T09:43Z,iñigo ruiz de galarreta,12650951,70,
2026-08-18T09:43Z,isi palazon,20197802,80,
2026-08-18T09:43Z,jon moncayola,6933138,90,
2026-08-18T09:43Z,juan foyth,12898244,70,
2026-08-18T09:43Z,karl etta eyong,25505804,50,
2026-08-18T09:43Z,leandro cabrera,16532608,0,
2026-08-18T09:43Z,lucien agoume,5760043,80,
2026-08-18T09:43Z,marc bartra,27594034,50,
2026-08-18T09:43Z,marc roca,5382179,60,
2026-08-18T09:43Z,marcos alonso,28589508,90,
2026-08-18T09:43Z,matias dituro,7751180,100,
2026-08-18T09:43Z,nahuel tenaglia,15621725,90,
2026-08-18T09:43Z,pablo fornals,57032839,80,
2026-08-18T09:43Z,pedri gonzalez,90239837,50,
2026-08-18T09:43Z,pol lozano,2185790,30,
2026-08-18T09:43Z,quilindschy hartman,8289301,30,
2026-08-18T09:43Z,santiago mouriño,38378600,70,
2026-08-18T09:43Z,wojciech szczesny,2206146,20,
2026-08-18T12:43Z,abde ezzalzouli,42927674,30,
2026-08-18T12:43Z,aitor mañas,523226,30,
2026-08-18T12:43Z,aitor paredes,5292134,70,
2026-08-18T12:43Z,andriy lunin,2081695,30,
2026-08-18T12:43Z,angeliño,15537090,0,
2026-08-18T12:43Z,antonio blanco,14803449,90,
2026-08-18T12:43Z,arda guler,54547883,60,
2026-08-18T12:43Z,ayoze perez,17704854,50,
2026-08-18T12:43Z,beñat prados,1366137,30,
2026-08-18T12:43Z,beñat turrientes,7073131,50,
2026-08-18T12:43Z,carl starfelt,14087470,60,
2026-08-18T12:43Z,carlos espi,9305617,30,
2026-08-18T12:43Z,carlos puga,5102130,70,
2026-08-18T12:43Z,dani lorenzo,9604577,90,
2026-08-18T12:43Z,dean huijsen,34050589,70,
2026-08-18T12:43Z,denis suarez,2423219,50,
2026-08-18T12:43Z,edin terzic,7179353,,
2026-08-18T12:43Z,edu altozano,584002,,
2026-08-18T12:43Z,ferran jutgla,9561951,80,
2026-08-18T12:43Z,ilaix moriba,9827371,50,
2026-08-18T12:43Z,iñigo ruiz de galarreta,12650951,70,
2026-08-18T12:43Z,isi palazon,20197802,80,
2026-08-18T12:43Z,jon moncayola,6933138,90,
2026-08-18T12:43Z,juan foyth,12898244,70,
2026-08-18T12:43Z,karl etta eyong,25505804,50,
2026-08-18T12:43Z,leandro cabrera,16532608,0,
2026-08-18T12:43Z,lucien agoume,5760043,80,
2026-08-18T12:43Z,marc bartra,27594034,50,
2026-08-18T12:43Z,marc roca,5382179,60,
2026-08-18T12:43Z,marcos alonso,28589508,90,
2026-08-18T12:43Z,matias dituro,7751180,100,
2026-08-18T12:43Z,nahuel tenaglia,15621725,90,
2026-08-18T12:43Z,pablo fornals,57032839,80,
2026-08-18T12:43Z,pedri gonzalez,90239837,50,
2026-08-18T12:43Z,pol lozano,2185790,30,
2026-08-18T12:43Z,quilindschy hartman,8289301,30,
2026-08-18T12:43Z,santiago mouriño,38378600,70,
2026-08-18T12:43Z,wojciech szczesny,2206146,20,
2026-08-18T14:53Z,abde ezzalzouli,42927674,30,
2026-08-18T14:53Z,aitor mañas,523226,30,
2026-08-18T14:53Z,aitor paredes,5292134,70,
2026-08-18T14:53Z,andriy lunin,2081695,30,
2026-08-18T14:53Z,angeliño,15537090,0,
2026-08-18T14:53Z,antonio blanco,14803449,90,
2026-08-18T14:53Z,arda guler,54547883,60,
2026-08-18T14:53Z,ayoze perez,17704854,50,
2026-08-18T14:53Z,beñat prados,1366137,30,
2026-08-18T14:53Z,beñat turrientes,7073131,50,
2026-08-18T14:53Z,carl starfelt,14087470,60,
2026-08-18T14:53Z,carlos espi,9305617,30,
2026-08-18T14:53Z,carlos puga,5102130,70,
2026-08-18T14:53Z,dani lorenzo,9604577,90,
2026-08-18T14:53Z,dean huijsen,34050589,70,
2026-08-18T14:53Z,denis suarez,2423219,50,
2026-08-18T14:53Z,edin terzic,7179353,,
2026-08-18T14:53Z,edu altozano,584002,,
2026-08-18T14:53Z,ferran jutgla,9561951,80,
2026-08-18T14:53Z,ilaix moriba,9827371,50,
2026-08-18T14:53Z,iñigo ruiz de galarreta,12650951,70,
2026-08-18T14:53Z,isi palazon,20197802,80,
2026-08-18T14:53Z,jon moncayola,6933138,90,
2026-08-18T14:53Z,juan foyth,12898244,70,
2026-08-18T14:53Z,karl etta eyong,25505804,50,
2026-08-18T14:53Z,leandro cabrera,16532608,0,
2026-08-18T14:53Z,lucien agoume,5760043,80,
2026-08-18T14:53Z,marc bartra,27594034,50,
2026-08-18T14:53Z,marc roca,5382179,60,
2026-08-18T14:53Z,marcos alonso,28589508,90,
2026-08-18T14:53Z,matias dituro,7751180,100,
2026-08-18T14:53Z,nahuel tenaglia,15621725,90,
2026-08-18T14:53Z,pablo fornals,57032839,80,
2026-08-18T14:53Z,pedri gonzalez,90239837,50,
2026-08-18T14:53Z,pol lozano,2185790,30,
2026-08-18T14:53Z,quilindschy hartman,8289301,30,
2026-08-18T14:53Z,santiago mouriño,38378600,70,
2026-08-18T14:53Z,wojciech szczesny,2206146,20,
2026-08-18T14:58Z,abde ezzalzouli,42927674,30,
2026-08-18T14:58Z,aitor mañas,523226,30,
2026-08-18T14:58Z,aitor paredes,5292134,70,
2026-08-18T14:58Z,andriy lunin,2081695,30,
2026-08-18T14:58Z,angeliño,15537090,0,
2026-08-18T14:58Z,antonio blanco,14803449,90,
2026-08-18T14:58Z,arda guler,54547883,60,
2026-08-18T14:58Z,ayoze perez,17704854,50,
2026-08-18T14:58Z,beñat prados,1366137,30,
2026-08-18T14:58Z,beñat turrientes,7073131,50,
2026-08-18T14:58Z,carl starfelt,14087470,60,
2026-08-18T14:58Z,carlos espi,9305617,30,
2026-08-18T14:58Z,carlos puga,5102130,70,
2026-08-18T14:58Z,dani lorenzo,9604577,90,
2026-08-18T14:58Z,dean huijsen,34050589,70,
2026-08-18T14:58Z,denis suarez,2423219,50,
2026-08-18T14:58Z,edin terzic,7179353,,
2026-08-18T14:58Z,edu altozano,584002,,
2026-08-18T14:58Z,ferran jutgla,9561951,80,
2026-08-18T14:58Z,ilaix moriba,9827371,50,
2026-08-18T14:58Z,iñigo ruiz de galarreta,12650951,70,
2026-08-18T14:58Z,isi palazon,20197802,80,
2026-08-18T14:58Z,jon moncayola,6933138,90,
2026-08-18T14:58Z,juan foyth,12898244,70,
2026-08-18T14:58Z,karl etta eyong,25505804,50,
2026-08-18T14:58Z,leandro cabrera,16532608,0,
2026-08-18T14:58Z,lucien agoume,5760043,80,
2026-08-18T14:58Z,marc bartra,27594034,50,
2026-08-18T14:58Z,marc roca,5382179,60,
2026-08-18T14:58Z,marcos alonso,28589508,90,
2026-08-18T14:58Z,matias dituro,7751180,100,
2026-08-18T14:58Z,nahuel tenaglia,15621725,90,
2026-08-18T14:58Z,pablo fornals,57032839,80,
2026-08-18T14:58Z,pedri gonzalez,90239837,50,
2026-08-18T14:58Z,pol lozano,2185790,30,
2026-08-18T14:58Z,quilindschy hartman,8289301,30,
2026-08-18T14:58Z,santiago mouriño,38378600,70,
2026-08-18T14:58Z,wojciech szczesny,2206146,20,
2026-08-18T20:50Z,abde ezzalzouli,42927674,30,
2026-08-18T20:50Z,aitor mañas,523226,30,
2026-08-18T20:50Z,aitor paredes,5292134,70,
2026-08-18T20:50Z,andriy lunin,2081695,30,
2026-08-18T20:50Z,angeliño,15537090,0,
2026-08-18T20:50Z,antonio blanco,14803449,90,
2026-08-18T20:50Z,arda guler,54547883,60,
2026-08-18T20:50Z,ayoze perez,17704854,50,
2026-08-18T20:50Z,beñat prados,1366137,30,
2026-08-18T20:50Z,beñat turrientes,7073131,50,
2026-08-18T20:50Z,carl starfelt,14087470,60,
2026-08-18T20:50Z,carlos espi,9305617,30,
2026-08-18T20:50Z,carlos puga,5102130,70,
2026-08-18T20:50Z,dani lorenzo,9604577,90,
2026-08-18T20:50Z,dean huijsen,34050589,70,
2026-08-18T20:50Z,denis suarez,2423219,50,
2026-08-18T20:50Z,edin terzic,7179353,,
2026-08-18T20:50Z,edu altozano,584002,,
2026-08-18T20:50Z,ferran jutgla,9561951,80,
2026-08-18T20:50Z,ilaix moriba,9827371,50,
2026-08-18T20:50Z,iñigo ruiz de galarreta,12650951,70,
2026-08-18T20:50Z,isi palazon,20197802,80,
2026-08-18T20:50Z,jon moncayola,6933138,90,
2026-08-18T20:50Z,juan foyth,12898244,70,
2026-08-18T20:50Z,karl etta eyong,25505804,50,
2026-08-18T20:50Z,leandro cabrera,16532608,0,
2026-08-18T20:50Z,lucien agoume,5760043,80,
2026-08-18T20:50Z,marc bartra,27594034,50,
2026-08-18T20:50Z,marc roca,5382179,60,
2026-08-18T20:50Z,marcos alonso,28589508,90,
2026-08-18T20:50Z,matias dituro,7751180,100,
2026-08-18T20:50Z,nahuel tenaglia,15621725,90,
2026-08-18T20:50Z,pablo fornals,57032839,80,
2026-08-18T20:50Z,pedri gonzalez,90239837,50,
2026-08-18T20:50Z,pol lozano,2185790,30,
2026-08-18T20:50Z,quilindschy hartman,8289301,30,
2026-08-18T20:50Z,santiago mouriño,38378600,70,
2026-08-18T20:50Z,wojciech szczesny,2206146,20,
2026-08-18T21:09Z,abde ezzalzouli,42927674,30,
2026-08-18T21:09Z,aitor mañas,523226,30,
2026-08-18T21:09Z,aitor paredes,5292134,70,
2026-08-18T21:09Z,andriy lunin,2081695,30,
2026-08-18T21:09Z,angeliño,15537090,0,
2026-08-18T21:09Z,antonio blanco,14803449,90,
2026-08-18T21:09Z,arda guler,54547883,60,
2026-08-18T21:09Z,ayoze perez,17704854,50,
2026-08-18T21:09Z,beñat prados,1366137,30,
2026-08-18T21:09Z,beñat turrientes,7073131,50,
2026-08-18T21:09Z,carl starfelt,14087470,60,
2026-08-18T21:09Z,carlos espi,9305617,30,
2026-08-18T21:09Z,carlos puga,5102130,70,
2026-08-18T21:09Z,dani lorenzo,9604577,90,
2026-08-18T21:09Z,dean huijsen,34050589,70,
2026-08-18T21:09Z,denis suarez,2423219,50,
2026-08-18T21:09Z,edin terzic,7179353,,
2026-08-18T21:09Z,edu altozano,584002,,
2026-08-18T21:09Z,ferran jutgla,9561951,80,
2026-08-18T21:09Z,ilaix moriba,9827371,50,
2026-08-18T21:09Z,iñigo ruiz de galarreta,12650951,70,
2026-08-18T21:09Z,isi palazon,20197802,80,
2026-08-18T21:09Z,jon moncayola,6933138,90,
2026-08-18T21:09Z,juan foyth,12898244,70,
2026-08-18T21:09Z,karl etta eyong,25505804,50,
2026-08-18T21:09Z,leandro cabrera,16532608,0,
2026-08-18T21:09Z,lucien agoume,5760043,80,
2026-08-18T21:09Z,marc bartra,27594034,50,
2026-08-18T21:09Z,marc roca,5382179,60,
2026-08-18T21:09Z,marcos alonso,28589508,90,
2026-08-18T21:09Z,matias dituro,7751180,100,
2026-08-18T21:09Z,nahuel tenaglia,15621725,90,
2026-08-18T21:09Z,pablo fornals,57032839,80,
2026-08-18T21:09Z,pedri gonzalez,90239837,50,
2026-08-18T21:09Z,pol lozano,2185790,30,
2026-08-18T21:09Z,quilindschy hartman,8289301,30,
2026-08-18T21:09Z,santiago mouriño,38378600,70,
2026-08-18T21:09Z,wojciech szczesny,2206146,20,
2026-08-18T21:48Z,abde ezzalzouli,42927674,30,
2026-08-18T21:48Z,aitor mañas,523226,30,
2026-08-18T21:48Z,aitor paredes,5292134,70,
2026-08-18T21:48Z,andriy lunin,2081695,30,
2026-08-18T21:48Z,angeliño,15537090,0,
2026-08-18T21:48Z,antonio blanco,14803449,90,
2026-08-18T21:48Z,arda guler,54547883,60,
2026-08-18T21:48Z,ayoze perez,17704854,50,
2026-08-18T21:48Z,beñat prados,1366137,30,
2026-08-18T21:48Z,beñat turrientes,7073131,50,
2026-08-18T21:48Z,carl starfelt,14087470,60,
2026-08-18T21:48Z,carlos espi,9305617,30,
2026-08-18T21:48Z,carlos puga,5102130,70,
2026-08-18T21:48Z,dani lorenzo,9604577,90,
2026-08-18T21:48Z,dean huijsen,34050589,70,
2026-08-18T21:48Z,denis suarez,2423219,50,
2026-08-18T21:48Z,edin terzic,7179353,,
2026-08-18T21:48Z,edu altozano,584002,,
2026-08-18T21:48Z,ferran jutgla,9561951,80,
2026-08-18T21:48Z,ilaix moriba,9827371,50,
2026-08-18T21:48Z,iñigo ruiz de galarreta,12650951,70,
2026-08-18T21:48Z,isi palazon,20197802,80,
2026-08-18T21:48Z,jon moncayola,6933138,90,
2026-08-18T21:48Z,juan foyth,12898244,70,
2026-08-18T21:48Z,karl etta eyong,25505804,50,
2026-08-18T21:48Z,leandro cabrera,16532608,0,
2026-08-18T21:48Z,lucien agoume,5760043,80,
2026-08-18T21:48Z,marc bartra,27594034,50,
2026-08-18T21:48Z,marc roca,5382179,60,
2026-08-18T21:48Z,marcos alonso,28589508,90,
2026-08-18T21:48Z,matias dituro,7751180,100,
2026-08-18T21:48Z,nahuel tenaglia,15621725,90,
2026-08-18T21:48Z,pablo fornals,57032839,80,
2026-08-18T21:48Z,pedri gonzalez,90239837,50,
2026-08-18T21:48Z,pol lozano,2185790,30,
2026-08-18T21:48Z,quilindschy hartman,8289301,30,
2026-08-18T21:48Z,santiago mouriño,38378600,70,
2026-08-18T21:48Z,wojciech szczesny,2206146,20,
2026-08-18T22:16Z,abde ezzalzouli,42927674,30,
2026-08-18T22:16Z,aitor mañas,523226,30,
2026-08-18T22:16Z,aitor paredes,5292134,70,
2026-08-18T22:16Z,andriy lunin,2081695,30,
2026-08-18T22:16Z,angeliño,15537090,0,
2026-08-18T22:16Z,antonio blanco,14803449,90,
2026-08-18T22:16Z,arda guler,54547883,60,
2026-08-18T22:16Z,ayoze perez,17704854,50,
2026-08-18T22:16Z,beñat prados,1366137,30,
2026-08-18T22:16Z,beñat turrientes,7073131,50,
2026-08-18T22:16Z,carl starfelt,14087470,60,
2026-08-18T22:16Z,carlos espi,9305617,30,
2026-08-18T22:16Z,carlos puga,5102130,70,
2026-08-18T22:16Z,dani lorenzo,9604577,90,
2026-08-18T22:16Z,dean huijsen,34050589,70,
2026-08-18T22:16Z,denis suarez,2423219,50,
2026-08-18T22:16Z,edin terzic,7179353,,
2026-08-18T22:16Z,edu altozano,584002,,
2026-08-18T22:16Z,ferran jutgla,9561951,80,
2026-08-18T22:16Z,ilaix moriba,9827371,50,
2026-08-18T22:16Z,iñigo ruiz de galarreta,12650951,70,
2026-08-18T22:16Z,isi palazon,20197802,80,
2026-08-18T22:16Z,jon moncayola,6933138,90,
2026-08-18T22:16Z,juan foyth,12898244,70,
2026-08-18T22:16Z,karl etta eyong,25505804,50,
2026-08-18T22:16Z,leandro cabrera,16532608,0,
2026-08-18T22:16Z,lucien agoume,5760043,80,
2026-08-18T22:16Z,marc bartra,27594034,50,
2026-08-18T22:16Z,marc roca,5382179,60,
2026-08-18T22:16Z,marcos alonso,28589508,90,
2026-08-18T22:16Z,matias dituro,7751180,100,
2026-08-18T22:16Z,nahuel tenaglia,15621725,90,
2026-08-18T22:16Z,pablo fornals,57032839,80,
2026-08-18T22:16Z,pedri gonzalez,90239837,50,
2026-08-18T22:16Z,pol lozano,2185790,30,
2026-08-18T22:16Z,quilindschy hartman,8289301,30,
2026-08-18T22:16Z,santiago mouriño,38378600,70,
2026-08-18T22:16Z,wojciech szczesny,2206146,20,
2026-08-18T22:34Z,abde ezzalzouli,42927674,30,
2026-08-18T22:34Z,aitor mañas,523226,30,
2026-08-18T22:34Z,aitor paredes,5292134,70,
2026-08-18T22:34Z,andriy lunin,2081695,30,
2026-08-18T22:34Z,angeliño,15537090,0,
2026-08-18T22:34Z,antonio blanco,14803449,90,
2026-08-18T22:34Z,arda guler,54547883,60,
2026-08-18T22:34Z,ayoze perez,17704854,50,
2026-08-18T22:34Z,beñat prados,1366137,30,
2026-08-18T22:34Z,beñat turrientes,7073131,50,
2026-08-18T22:34Z,carl starfelt,14087470,60,
2026-08-18T22:34Z,carlos espi,9305617,30,
2026-08-18T22:34Z,carlos puga,5102130,70,
2026-08-18T22:34Z,dani lorenzo,9604577,90,
2026-08-18T22:34Z,dean huijsen,34050589,70,
2026-08-18T22:34Z,denis suarez,2423219,50,
2026-08-18T22:34Z,edin terzic,7179353,,
2026-08-18T22:34Z,edu altozano,584002,,
2026-08-18T22:34Z,ferran jutgla,9561951,80,
2026-08-18T22:34Z,ilaix moriba,9827371,50,
2026-08-18T22:34Z,iñigo ruiz de galarreta,12650951,70,
2026-08-18T22:34Z,isi palazon,20197802,80,
2026-08-18T22:34Z,jon moncayola,6933138,90,
2026-08-18T22:34Z,juan foyth,12898244,70,
2026-08-18T22:34Z,karl etta eyong,25505804,50,
2026-08-18T22:34Z,leandro cabrera,16532608,0,
2026-08-18T22:34Z,lucien agoume,5760043,80,
2026-08-18T22:34Z,marc bartra,27594034,50,
2026-08-18T22:34Z,marc roca,5382179,60,
2026-08-18T22:34Z,marcos alonso,28589508,90,
2026-08-18T22:34Z,matias dituro,7751180,100,
2026-08-18T22:34Z,nahuel tenaglia,15621725,90,
2026-08-18T22:34Z,pablo fornals,57032839,80,
2026-08-18T22:34Z,pedri gonzalez,90239837,50,
2026-08-18T22:34Z,pol lozano,2185790,30,
2026-08-18T22:34Z,quilindschy hartman,8289301,30,
2026-08-18T22:34Z,santiago mouriño,38378600,70,
2026-08-18T22:34Z,wojciech szczesny,2206146,20,
2026-08-18T22:44Z,abde ezzalzouli,42090016,30,
2026-08-18T22:44Z,abiel osorio,1320886,,
2026-08-18T22:44Z,aitor paredes,5385813,70,
2026-08-18T22:44Z,antonio blanco,14731133,90,
2026-08-18T22:44Z,arda guler,56090061,60,
2026-08-18T22:44Z,ayoze perez,17664470,50,
2026-08-18T22:44Z,beñat turrientes,6956237,50,
2026-08-18T22:44Z,carlos espi,9563853,30,
2026-08-18T22:44Z,carlos puga,5012308,70,
2026-08-18T22:44Z,cesar tarrega,9139919,80,
2026-08-18T22:44Z,dani lorenzo,9446672,90,
2026-08-18T22:44Z,dean huijsen,35049155,70,
2026-08-18T22:44Z,denis suarez,2388577,50,
2026-08-18T22:44Z,ferran jutgla,9566381,80,
2026-08-18T22:44Z,iago aspas,6930450,40,
2026-08-18T22:44Z,ilaix moriba,9645774,50,
2026-08-18T22:44Z,iñigo perez,2099445,,
2026-08-18T22:44Z,isi palazon,20471475,80,
2026-08-18T22:44Z,izan merino,6015339,70,
2026-08-18T22:44Z,javi puado,5728641,0,
2026-08-18T22:44Z,joan garcia,70886933,80,
2026-08-18T22:44Z,johnny cardoso,5412259,30,
2026-08-18T22:44Z,juan foyth,13306196,70,
2026-08-18T22:44Z,karl etta eyong,24970145,50,
2026-08-18T22:44Z,leandro cabrera,16007804,0,
2026-08-18T22:44Z,manel usedo,744851,,
2026-08-18T22:44Z,marc roca,5348551,60,
2026-08-18T22:44Z,mario martin,4092313,70,
2026-08-18T22:44Z,mario soriano,27549308,100,
2026-08-18T22:44Z,matias dituro,7888908,100,
2026-08-18T22:44Z,matias vecino,1827987,20,
2026-08-18T22:44Z,nico guillen,4697714,50,
2026-08-18T22:44Z,peque,2051836,50,
2026-08-18T22:44Z,peter gulacsi,4107482,40,
2026-08-18T22:44Z,quilindschy hartman,8048919,30,
2026-08-18T22:44Z,santiago mouriño,37273620,70,
2026-08-18T22:44Z,trent alexander-arnold,22364018,50,
2026-08-18T22:44Z,yuri berchiche,12294334,70,
2026-08-18T22:50Z,abde ezzalzouli,42090016,30,
2026-08-18T22:50Z,abiel osorio,1320886,,
2026-08-18T22:50Z,aitor paredes,5385813,70,
2026-08-18T22:50Z,antonio blanco,14731133,90,
2026-08-18T22:50Z,arda guler,56090061,60,
2026-08-18T22:50Z,ayoze perez,17664470,50,
2026-08-18T22:50Z,beñat turrientes,6956237,50,
2026-08-18T22:50Z,carlos espi,9563853,30,
2026-08-18T22:50Z,carlos puga,5012308,70,
2026-08-18T22:50Z,cesar tarrega,9139919,80,
2026-08-18T22:50Z,dani lorenzo,9446672,90,
2026-08-18T22:50Z,dean huijsen,35049155,70,
2026-08-18T22:50Z,denis suarez,2388577,50,
2026-08-18T22:50Z,ferran jutgla,9566381,80,
2026-08-18T22:50Z,iago aspas,6930450,40,
2026-08-18T22:50Z,ilaix moriba,9645774,50,
2026-08-18T22:50Z,iñigo perez,2099445,,
2026-08-18T22:50Z,isi palazon,20471475,80,
2026-08-18T22:50Z,izan merino,6015339,70,
2026-08-18T22:50Z,javi puado,5728641,0,
2026-08-18T22:50Z,joan garcia,70886933,80,
2026-08-18T22:50Z,johnny cardoso,5412259,30,
2026-08-18T22:50Z,juan foyth,13306196,70,
2026-08-18T22:50Z,karl etta eyong,24970145,50,
2026-08-18T22:50Z,leandro cabrera,16007804,0,
2026-08-18T22:50Z,manel usedo,744851,,
2026-08-18T22:50Z,marc roca,5348551,60,
2026-08-18T22:50Z,mario martin,4092313,70,
2026-08-18T22:50Z,mario soriano,27549308,100,
2026-08-18T22:50Z,matias dituro,7888908,100,
2026-08-18T22:50Z,matias vecino,1827987,20,
2026-08-18T22:50Z,nico guillen,4697714,50,
2026-08-18T22:50Z,peque,2051836,50,
2026-08-18T22:50Z,peter gulacsi,4107482,40,
2026-08-18T22:50Z,quilindschy hartman,8048919,30,
2026-08-18T22:50Z,santiago mouriño,37273620,70,
2026-08-18T22:50Z,trent alexander-arnold,22364018,50,
2026-08-18T22:50Z,yuri berchiche,12294334,70,
2026-08-18T23:02Z,abde ezzalzouli,42090016,30,
2026-08-18T23:02Z,abiel osorio,1320886,,
2026-08-18T23:02Z,aitor paredes,5385813,70,
2026-08-18T23:02Z,antonio blanco,14731133,90,
2026-08-18T23:02Z,arda guler,56090061,60,
2026-08-18T23:02Z,ayoze perez,17664470,50,
2026-08-18T23:02Z,beñat turrientes,6956237,50,
2026-08-18T23:02Z,carlos espi,9563853,30,
2026-08-18T23:02Z,carlos puga,5012308,70,
2026-08-18T23:02Z,cesar tarrega,9139919,80,
2026-08-18T23:02Z,dani lorenzo,9446672,90,
2026-08-18T23:02Z,dean huijsen,35049155,70,
2026-08-18T23:02Z,denis suarez,2388577,50,
2026-08-18T23:02Z,ferran jutgla,9566381,80,
2026-08-18T23:02Z,iago aspas,6930450,40,
2026-08-18T23:02Z,ilaix moriba,9645774,50,
2026-08-18T23:02Z,iñigo perez,2099445,,
2026-08-18T23:02Z,isi palazon,20471475,80,
2026-08-18T23:02Z,izan merino,6015339,70,
2026-08-18T23:02Z,javi puado,5728641,0,
2026-08-18T23:02Z,joan garcia,70886933,80,
2026-08-18T23:02Z,johnny cardoso,5412259,30,
2026-08-18T23:02Z,juan foyth,13306196,70,
2026-08-18T23:02Z,karl etta eyong,24970145,50,
2026-08-18T23:02Z,leandro cabrera,16007804,0,
2026-08-18T23:02Z,manel usedo,744851,,
2026-08-18T23:02Z,marc roca,5348551,60,
2026-08-18T23:02Z,mario martin,4092313,70,
2026-08-18T23:02Z,mario soriano,27549308,100,
2026-08-18T23:02Z,matias dituro,7888908,100,
2026-08-18T23:02Z,matias vecino,1827987,20,
2026-08-18T23:02Z,nico guillen,4697714,50,
2026-08-18T23:02Z,peque,2051836,50,
2026-08-18T23:02Z,peter gulacsi,4107482,40,
2026-08-18T23:02Z,quilindschy hartman,8048919,30,
2026-08-18T23:02Z,santiago mouriño,37273620,70,
2026-08-18T23:02Z,trent alexander-arnold,22364018,50,
2026-08-18T23:02Z,yuri berchiche,12294334,70,
2026-08-18T23:06Z,abde ezzalzouli,42090016,30,
2026-08-18T23:06Z,abiel osorio,1320886,,
2026-08-18T23:06Z,aitor paredes,5385813,70,
2026-08-18T23:06Z,antonio blanco,14731133,90,
2026-08-18T23:06Z,arda guler,56090061,60,
2026-08-18T23:06Z,ayoze perez,17664470,50,
2026-08-18T23:06Z,beñat turrientes,6956237,50,
2026-08-18T23:06Z,carlos espi,9563853,30,
2026-08-18T23:06Z,carlos puga,5012308,70,
2026-08-18T23:06Z,cesar tarrega,9139919,80,
2026-08-18T23:06Z,dani lorenzo,9446672,90,
2026-08-18T23:06Z,dean huijsen,35049155,70,
2026-08-18T23:06Z,denis suarez,2388577,50,
2026-08-18T23:06Z,ferran jutgla,9566381,80,
2026-08-18T23:06Z,iago aspas,6930450,40,
2026-08-18T23:06Z,ilaix moriba,9645774,50,
2026-08-18T23:06Z,iñigo perez,2099445,,
2026-08-18T23:06Z,isi palazon,20471475,80,
2026-08-18T23:06Z,izan merino,6015339,70,
2026-08-18T23:06Z,javi puado,5728641,0,
2026-08-18T23:06Z,joan garcia,70886933,80,
2026-08-18T23:06Z,johnny cardoso,5412259,30,
2026-08-18T23:06Z,juan foyth,13306196,70,
2026-08-18T23:06Z,karl etta eyong,24970145,50,
2026-08-18T23:06Z,leandro cabrera,16007804,0,
2026-08-18T23:06Z,manel usedo,744851,,
2026-08-18T23:06Z,marc roca,5348551,60,
2026-08-18T23:06Z,mario martin,4092313,70,
2026-08-18T23:06Z,mario soriano,27549308,100,
2026-08-18T23:06Z,matias dituro,7888908,100,
2026-08-18T23:06Z,matias vecino,1827987,20,
2026-08-18T23:06Z,nico guillen,4697714,50,
2026-08-18T23:06Z,peque,2051836,50,
2026-08-18T23:06Z,peter gulacsi,4107482,40,
2026-08-18T23:06Z,quilindschy hartman,8048919,30,
2026-08-18T23:06Z,santiago mouriño,37273620,70,
2026-08-18T23:06Z,trent alexander-arnold,22364018,50,
2026-08-18T23:06Z,yuri berchiche,12294334,70,
2026-08-18T23:47Z,abde ezzalzouli,42090016,30,
2026-08-18T23:47Z,abiel osorio,1320886,,
2026-08-18T23:47Z,aitor paredes,5385813,70,
2026-08-18T23:47Z,antonio blanco,14731133,90,
2026-08-18T23:47Z,arda guler,56090061,60,
2026-08-18T23:47Z,ayoze perez,17664470,50,
2026-08-18T23:47Z,beñat turrientes,6956237,50,
2026-08-18T23:47Z,carlos espi,9563853,30,
2026-08-18T23:47Z,carlos puga,5012308,70,
2026-08-18T23:47Z,cesar tarrega,9139919,80,
2026-08-18T23:47Z,dani lorenzo,9446672,90,
2026-08-18T23:47Z,dean huijsen,35049155,70,
2026-08-18T23:47Z,denis suarez,2388577,50,
2026-08-18T23:47Z,ferran jutgla,9566381,80,
2026-08-18T23:47Z,iago aspas,6930450,40,
2026-08-18T23:47Z,ilaix moriba,9645774,50,
2026-08-18T23:47Z,iñigo perez,2099445,,
2026-08-18T23:47Z,isi palazon,20471475,80,
2026-08-18T23:47Z,izan merino,6015339,70,
2026-08-18T23:47Z,javi puado,5728641,0,
2026-08-18T23:47Z,joan garcia,70886933,80,
2026-08-18T23:47Z,johnny cardoso,5412259,30,
2026-08-18T23:47Z,juan foyth,13306196,70,
2026-08-18T23:47Z,karl etta eyong,24970145,50,
2026-08-18T23:47Z,leandro cabrera,16007804,0,
2026-08-18T23:47Z,manel usedo,744851,,
2026-08-18T23:47Z,marc roca,5348551,60,
2026-08-18T23:47Z,mario martin,4092313,70,
2026-08-18T23:47Z,mario soriano,27549308,100,
2026-08-18T23:47Z,matias dituro,7888908,100,
2026-08-18T23:47Z,matias vecino,1827987,20,
2026-08-18T23:47Z,nico guillen,4697714,50,
2026-08-18T23:47Z,peque,2051836,50,
2026-08-18T23:47Z,peter gulacsi,4107482,40,
2026-08-18T23:47Z,quilindschy hartman,8048919,30,
2026-08-18T23:47Z,santiago mouriño,37273620,70,
2026-08-18T23:47Z,trent alexander-arnold,22364018,50,
2026-08-18T23:47Z,yuri berchiche,12294334,70,
2026-08-18T23:52Z,abde ezzalzouli,42090016,30,
2026-08-18T23:52Z,abiel osorio,1320886,,
2026-08-18T23:52Z,aitor paredes,5385813,70,
2026-08-18T23:52Z,antonio blanco,14731133,90,
2026-08-18T23:52Z,arda guler,56090061,60,
2026-08-18T23:52Z,ayoze perez,17664470,50,
2026-08-18T23:52Z,beñat turrientes,6956237,50,
2026-08-18T23:52Z,carlos espi,9563853,30,
2026-08-18T23:52Z,carlos puga,5012308,70,
2026-08-18T23:52Z,cesar tarrega,9139919,80,
2026-08-18T23:52Z,dani lorenzo,9446672,90,
2026-08-18T23:52Z,dean huijsen,35049155,70,
2026-08-18T23:52Z,denis suarez,2388577,50,
2026-08-18T23:52Z,ferran jutgla,9566381,80,
2026-08-18T23:52Z,iago aspas,6930450,40,
2026-08-18T23:52Z,ilaix moriba,9645774,50,
2026-08-18T23:52Z,iñigo perez,2099445,,
2026-08-18T23:52Z,isi palazon,20471475,80,
2026-08-18T23:52Z,izan merino,6015339,70,
2026-08-18T23:52Z,javi puado,5728641,0,
2026-08-18T23:52Z,joan garcia,70886933,80,
2026-08-18T23:52Z,johnny cardoso,5412259,30,
2026-08-18T23:52Z,juan foyth,13306196,70,
2026-08-18T23:52Z,karl etta eyong,24970145,50,
2026-08-18T23:52Z,leandro cabrera,16007804,0,
2026-08-18T23:52Z,manel usedo,744851,,
2026-08-18T23:52Z,marc roca,5348551,60,
2026-08-18T23:52Z,mario martin,4092313,70,
2026-08-18T23:52Z,mario soriano,27549308,100,
2026-08-18T23:52Z,matias dituro,7888908,100,
2026-08-18T23:52Z,matias vecino,1827987,20,
2026-08-18T23:52Z,nico guillen,4697714,50,
2026-08-18T23:52Z,peque,2051836,50,
2026-08-18T23:52Z,peter gulacsi,4107482,40,
2026-08-18T23:52Z,quilindschy hartman,8048919,30,
2026-08-18T23:52Z,santiago mouriño,37273620,70,
2026-08-18T23:52Z,trent alexander-arnold,22364018,50,
2026-08-18T23:52Z,yuri berchiche,12294334,70,
2026-08-18T23:54Z,abde ezzalzouli,42090016,30,
2026-08-18T23:54Z,abiel osorio,1320886,,
2026-08-18T23:54Z,aitor paredes,5385813,70,
2026-08-18T23:54Z,antonio blanco,14731133,90,
2026-08-18T23:54Z,arda guler,56090061,60,
2026-08-18T23:54Z,ayoze perez,17664470,50,
2026-08-18T23:54Z,beñat turrientes,6956237,50,
2026-08-18T23:54Z,carlos espi,9563853,30,
2026-08-18T23:54Z,carlos puga,5012308,70,
2026-08-18T23:54Z,cesar tarrega,9139919,80,
2026-08-18T23:54Z,dani lorenzo,9446672,90,
2026-08-18T23:54Z,dean huijsen,35049155,70,
2026-08-18T23:54Z,denis suarez,2388577,50,
2026-08-18T23:54Z,ferran jutgla,9566381,80,
2026-08-18T23:54Z,iago aspas,6930450,40,
2026-08-18T23:54Z,ilaix moriba,9645774,50,
2026-08-18T23:54Z,iñigo perez,2099445,,
2026-08-18T23:54Z,isi palazon,20471475,80,
2026-08-18T23:54Z,izan merino,6015339,70,
2026-08-18T23:54Z,javi puado,5728641,0,
2026-08-18T23:54Z,joan garcia,70886933,80,
2026-08-18T23:54Z,johnny cardoso,5412259,30,
2026-08-18T23:54Z,juan foyth,13306196,70,
2026-08-18T23:54Z,karl etta eyong,24970145,50,
2026-08-18T23:54Z,leandro cabrera,16007804,0,
2026-08-18T23:54Z,manel usedo,744851,,
2026-08-18T23:54Z,marc roca,5348551,60,
2026-08-18T23:54Z,mario martin,4092313,70,
2026-08-18T23:54Z,mario soriano,27549308,100,
2026-08-18T23:54Z,matias dituro,7888908,100,
2026-08-18T23:54Z,matias vecino,1827987,20,
2026-08-18T23:54Z,nico guillen,4697714,50,
2026-08-18T23:54Z,peque,2051836,50,
2026-08-18T23:54Z,peter gulacsi,4107482,40,
2026-08-18T23:54Z,quilindschy hartman,8048919,30,
2026-08-18T23:54Z,santiago mouriño,37273620,70,
2026-08-18T23:54Z,trent alexander-arnold,22364018,50,
2026-08-18T23:54Z,yuri berchiche,12294334,70,
2026-08-19T00:00Z,abde ezzalzouli,42090016,30,
2026-08-19T00:00Z,abiel osorio,1320886,,
2026-08-19T00:00Z,aitor paredes,5385813,70,
2026-08-19T00:00Z,antonio blanco,14731133,90,
2026-08-19T00:00Z,arda guler,56090061,60,
2026-08-19T00:00Z,ayoze perez,17664470,50,
2026-08-19T00:00Z,beñat turrientes,6956237,50,
2026-08-19T00:00Z,carlos espi,9563853,30,
2026-08-19T00:00Z,carlos puga,5012308,70,
2026-08-19T00:00Z,cesar tarrega,9139919,80,
2026-08-19T00:00Z,dani lorenzo,9446672,90,
2026-08-19T00:00Z,dean huijsen,35049155,70,
2026-08-19T00:00Z,denis suarez,2388577,50,
2026-08-19T00:00Z,ferran jutgla,9566381,80,
2026-08-19T00:00Z,iago aspas,6930450,40,
2026-08-19T00:00Z,ilaix moriba,9645774,50,
2026-08-19T00:00Z,iñigo perez,2099445,,
2026-08-19T00:00Z,isi palazon,20471475,80,
2026-08-19T00:00Z,izan merino,6015339,70,
2026-08-19T00:00Z,javi puado,5728641,0,
2026-08-19T00:00Z,joan garcia,70886933,80,
2026-08-19T00:00Z,johnny cardoso,5412259,30,
2026-08-19T00:00Z,juan foyth,13306196,70,
2026-08-19T00:00Z,karl etta eyong,24970145,50,
2026-08-19T00:00Z,leandro cabrera,16007804,0,
2026-08-19T00:00Z,manel usedo,744851,,
2026-08-19T00:00Z,marc roca,5348551,60,
2026-08-19T00:00Z,mario martin,4092313,70,
2026-08-19T00:00Z,mario soriano,27549308,100,
2026-08-19T00:00Z,matias dituro,7888908,100,
2026-08-19T00:00Z,matias vecino,1827987,20,
2026-08-19T00:00Z,nico guillen,4697714,50,
2026-08-19T00:00Z,peque,2051836,50,
2026-08-19T00:00Z,peter gulacsi,4107482,40,
2026-08-19T00:00Z,quilindschy hartman,8048919,30,
2026-08-19T00:00Z,santiago mouriño,37273620,70,
2026-08-19T00:00Z,trent alexander-arnold,22364018,50,
2026-08-19T00:00Z,yuri berchiche,12294334,70,
2026-08-19T00:05Z,abde ezzalzouli,42090016,30,
2026-08-19T00:05Z,abiel osorio,1320886,0,
2026-08-19T00:05Z,aitor paredes,5385813,70,
2026-08-19T00:05Z,antonio blanco,14731133,90,
2026-08-19T00:05Z,arda guler,56090061,60,
2026-08-19T00:05Z,ayoze perez,17664470,50,
2026-08-19T00:05Z,beñat turrientes,6956237,50,
2026-08-19T00:05Z,carlos espi,9563853,30,
2026-08-19T00:05Z,carlos puga,5012308,70,
2026-08-19T00:05Z,cesar tarrega,9139919,80,
2026-08-19T00:05Z,dani lorenzo,9446672,90,
2026-08-19T00:05Z,dean huijsen,35049155,70,
2026-08-19T00:05Z,denis suarez,2388577,50,
2026-08-19T00:05Z,ferran jutgla,9566381,80,
2026-08-19T00:05Z,iago aspas,6930450,40,
2026-08-19T00:05Z,ilaix moriba,9645774,50,
2026-08-19T00:05Z,iñigo perez,2099445,,
2026-08-19T00:05Z,isi palazon,20471475,80,
2026-08-19T00:05Z,izan merino,6015339,70,
2026-08-19T00:05Z,javi puado,5728641,0,
2026-08-19T00:05Z,joan garcia,70886933,80,
2026-08-19T00:05Z,johnny cardoso,5412259,30,
2026-08-19T00:05Z,juan foyth,13306196,70,
2026-08-19T00:05Z,karl etta eyong,24970145,50,
2026-08-19T00:05Z,leandro cabrera,16007804,0,
2026-08-19T00:05Z,manel usedo,744851,,
2026-08-19T00:05Z,marc roca,5348551,60,
2026-08-19T00:05Z,mario martin,4092313,70,
2026-08-19T00:05Z,mario soriano,27549308,80,
2026-08-19T00:05Z,matias dituro,7888908,90,
2026-08-19T00:05Z,matias vecino,1827987,20,
2026-08-19T00:05Z,nico guillen,4697714,50,
2026-08-19T00:05Z,omar el hilali,9760951,80,
2026-08-19T00:05Z,peque,2051836,50,
2026-08-19T00:05Z,peter gulacsi,4107482,40,
2026-08-19T00:05Z,quilindschy hartman,8048919,30,
2026-08-19T00:05Z,santiago mouriño,37273620,70,
2026-08-19T00:05Z,trent alexander-arnold,22364018,50,
2026-08-19T00:05Z,yuri berchiche,12294334,70,
2026-08-19T00:17Z,abde ezzalzouli,42090016,30,
2026-08-19T00:17Z,abiel osorio,1320886,0,
2026-08-19T00:17Z,aitor paredes,5385813,70,
2026-08-19T00:17Z,antonio blanco,14731133,90,
2026-08-19T00:17Z,arda guler,56090061,60,
2026-08-19T00:17Z,ayoze perez,17664470,50,
2026-08-19T00:17Z,beñat turrientes,6956237,50,
2026-08-19T00:17Z,carlos espi,9563853,30,
2026-08-19T00:17Z,carlos puga,5012308,70,
2026-08-19T00:17Z,cesar tarrega,9139919,80,
2026-08-19T00:17Z,dani lorenzo,9446672,90,
2026-08-19T00:17Z,dean huijsen,35049155,70,
2026-08-19T00:17Z,denis suarez,2388577,50,
2026-08-19T00:17Z,ferran jutgla,9566381,80,
2026-08-19T00:17Z,iago aspas,6930450,40,
2026-08-19T00:17Z,ilaix moriba,9645774,50,
2026-08-19T00:17Z,iñigo perez,2099445,,
2026-08-19T00:17Z,isi palazon,20471475,80,
2026-08-19T00:17Z,izan merino,6015339,70,
2026-08-19T00:17Z,javi puado,5728641,0,
2026-08-19T00:17Z,joan garcia,70886933,80,
2026-08-19T00:17Z,johnny cardoso,5412259,30,
2026-08-19T00:17Z,juan foyth,13306196,70,
2026-08-19T00:17Z,karl etta eyong,24970145,50,
2026-08-19T00:17Z,leandro cabrera,16007804,0,
2026-08-19T00:17Z,manel usedo,744851,,
2026-08-19T00:17Z,marc roca,5348551,60,
2026-08-19T00:17Z,mario martin,4092313,70,
2026-08-19T00:17Z,mario soriano,27549308,80,
2026-08-19T00:17Z,matias dituro,7888908,90,
2026-08-19T00:17Z,matias vecino,1827987,20,
2026-08-19T00:17Z,nico guillen,4697714,50,
2026-08-19T00:17Z,omar el hilali,9760951,80,
2026-08-19T00:17Z,peque,2051836,50,
2026-08-19T00:17Z,peter gulacsi,4107482,40,
2026-08-19T00:17Z,quilindschy hartman,8048919,30,
2026-08-19T00:17Z,santiago mouriño,37273620,70,
2026-08-19T00:17Z,trent alexander-arnold,22364018,50,
2026-08-19T00:17Z,yuri berchiche,12294334,70,
2026-08-19T00:20Z,abde ezzalzouli,42090016,30,
2026-08-19T00:20Z,abiel osorio,1320886,0,
2026-08-19T00:20Z,aitor paredes,5385813,70,
2026-08-19T00:20Z,antonio blanco,14731133,90,
2026-08-19T00:20Z,arda guler,56090061,60,
2026-08-19T00:20Z,ayoze perez,17664470,50,
2026-08-19T00:20Z,beñat turrientes,6956237,50,
2026-08-19T00:20Z,carlos espi,9563853,30,
2026-08-19T00:20Z,carlos puga,5012308,70,
2026-08-19T00:20Z,cesar tarrega,9139919,80,
2026-08-19T00:20Z,dani lorenzo,9446672,90,
2026-08-19T00:20Z,dean huijsen,35049155,70,
2026-08-19T00:20Z,denis suarez,2388577,50,
2026-08-19T00:20Z,ferran jutgla,9566381,80,
2026-08-19T00:20Z,iago aspas,6930450,40,
2026-08-19T00:20Z,ilaix moriba,9645774,50,
2026-08-19T00:20Z,iñigo perez,2099445,,
2026-08-19T00:20Z,isi palazon,20471475,80,
2026-08-19T00:20Z,izan merino,6015339,70,
2026-08-19T00:20Z,javi puado,5728641,0,
2026-08-19T00:20Z,joan garcia,70886933,80,
2026-08-19T00:20Z,johnny cardoso,5412259,30,
2026-08-19T00:20Z,juan foyth,13306196,70,
2026-08-19T00:20Z,karl etta eyong,24970145,50,
2026-08-19T00:20Z,leandro cabrera,16007804,0,
2026-08-19T00:20Z,manel usedo,744851,,
2026-08-19T00:20Z,marc roca,5348551,60,
2026-08-19T00:20Z,mario martin,4092313,70,
2026-08-19T00:20Z,mario soriano,27549308,80,
2026-08-19T00:20Z,matias dituro,7888908,90,
2026-08-19T00:20Z,matias vecino,1827987,20,
2026-08-19T00:20Z,nico guillen,4697714,50,
2026-08-19T00:20Z,omar el hilali,9760951,80,
2026-08-19T00:20Z,peque,2051836,50,
2026-08-19T00:20Z,peter gulacsi,4107482,40,
2026-08-19T00:20Z,quilindschy hartman,8048919,30,
2026-08-19T00:20Z,santiago mouriño,37273620,70,
2026-08-19T00:20Z,trent alexander-arnold,22364018,50,
2026-08-19T00:20Z,yuri berchiche,12294334,70,
2026-08-19T00:27Z,abde ezzalzouli,42090016,30,
2026-08-19T00:27Z,abiel osorio,1320886,0,
2026-08-19T00:27Z,aitor paredes,5385813,70,
2026-08-19T00:27Z,antonio blanco,14731133,90,
2026-08-19T00:27Z,arda guler,56090061,60,
2026-08-19T00:27Z,ayoze perez,17664470,50,
2026-08-19T00:27Z,beñat turrientes,6956237,50,
2026-08-19T00:27Z,carlos espi,9563853,30,
2026-08-19T00:27Z,carlos puga,5012308,70,
2026-08-19T00:27Z,cesar tarrega,9139919,80,
2026-08-19T00:27Z,dani lorenzo,9446672,90,
2026-08-19T00:27Z,dean huijsen,35049155,70,
2026-08-19T00:27Z,denis suarez,2388577,50,
2026-08-19T00:27Z,ferran jutgla,9566381,80,
2026-08-19T00:27Z,iago aspas,6930450,40,
2026-08-19T00:27Z,ilaix moriba,9645774,50,
2026-08-19T00:27Z,iñigo perez,2099445,,
2026-08-19T00:27Z,isi palazon,20471475,80,
2026-08-19T00:27Z,izan merino,6015339,70,
2026-08-19T00:27Z,javi puado,5728641,0,
2026-08-19T00:27Z,joan garcia,70886933,80,
2026-08-19T00:27Z,johnny cardoso,5412259,30,
2026-08-19T00:27Z,juan foyth,13306196,70,
2026-08-19T00:27Z,karl etta eyong,24970145,50,
2026-08-19T00:27Z,leandro cabrera,16007804,0,
2026-08-19T00:27Z,manel usedo,744851,,
2026-08-19T00:27Z,marc roca,5348551,60,
2026-08-19T00:27Z,mario martin,4092313,70,
2026-08-19T00:27Z,mario soriano,27549308,80,
2026-08-19T00:27Z,matias dituro,7888908,90,
2026-08-19T00:27Z,matias vecino,1827987,20,
2026-08-19T00:27Z,nico guillen,4697714,50,
2026-08-19T00:27Z,omar el hilali,9760951,80,
2026-08-19T00:27Z,peque,2051836,50,
2026-08-19T00:27Z,peter gulacsi,4107482,40,
2026-08-19T00:27Z,quilindschy hartman,8048919,30,
2026-08-19T00:27Z,santiago mouriño,37273620,70,
2026-08-19T00:27Z,trent alexander-arnold,22364018,50,
2026-08-19T00:27Z,yuri berchiche,12294334,70,
2026-08-19T00:28Z,abde ezzalzouli,42090016,30,
2026-08-19T00:28Z,abiel osorio,1320886,0,
2026-08-19T00:28Z,aitor paredes,5385813,70,
2026-08-19T00:28Z,antonio blanco,14731133,90,
2026-08-19T00:28Z,arda guler,56090061,60,
2026-08-19T00:28Z,ayoze perez,17664470,50,
2026-08-19T00:28Z,beñat turrientes,6956237,50,
2026-08-19T00:28Z,carlos espi,9563853,30,
2026-08-19T00:28Z,carlos puga,5012308,70,
2026-08-19T00:28Z,cesar tarrega,9139919,80,
2026-08-19T00:28Z,dani lorenzo,9446672,90,
2026-08-19T00:28Z,dean huijsen,35049155,70,
2026-08-19T00:28Z,denis suarez,2388577,50,
2026-08-19T00:28Z,ferran jutgla,9566381,80,
2026-08-19T00:28Z,iago aspas,6930450,40,
2026-08-19T00:28Z,ilaix moriba,9645774,50,
2026-08-19T00:28Z,iñigo perez,2099445,,
2026-08-19T00:28Z,isi palazon,20471475,80,
2026-08-19T00:28Z,izan merino,6015339,70,
2026-08-19T00:28Z,javi puado,5728641,0,
2026-08-19T00:28Z,joan garcia,70886933,80,
2026-08-19T00:28Z,johnny cardoso,5412259,30,
2026-08-19T00:28Z,juan foyth,13306196,70,
2026-08-19T00:28Z,karl etta eyong,24970145,50,
2026-08-19T00:28Z,leandro cabrera,16007804,0,
2026-08-19T00:28Z,manel usedo,744851,,
2026-08-19T00:28Z,marc roca,5348551,60,
2026-08-19T00:28Z,mario martin,4092313,70,
2026-08-19T00:28Z,mario soriano,27549308,80,
2026-08-19T00:28Z,matias dituro,7888908,90,
2026-08-19T00:28Z,matias vecino,1827987,20,
2026-08-19T00:28Z,nico guillen,4697714,50,
2026-08-19T00:28Z,omar el hilali,9760951,80,
2026-08-19T00:28Z,peque,2051836,50,
2026-08-19T00:28Z,peter gulacsi,4107482,40,
2026-08-19T00:28Z,quilindschy hartman,8048919,30,
2026-08-19T00:28Z,santiago mouriño,37273620,70,
2026-08-19T00:28Z,trent alexander-arnold,22364018,50,
2026-08-19T00:28Z,yuri berchiche,12294334,70,
2026-08-19T00:29Z,abde ezzalzouli,42090016,30,
2026-08-19T00:29Z,abiel osorio,1320886,0,
2026-08-19T00:29Z,aitor paredes,5385813,70,
2026-08-19T00:29Z,antonio blanco,14731133,90,
2026-08-19T00:29Z,arda guler,56090061,60,
2026-08-19T00:29Z,ayoze perez,17664470,50,
2026-08-19T00:29Z,beñat turrientes,6956237,50,
2026-08-19T00:29Z,carlos espi,9563853,30,
2026-08-19T00:29Z,carlos puga,5012308,70,
2026-08-19T00:29Z,cesar tarrega,9139919,80,
2026-08-19T00:29Z,dani lorenzo,9446672,90,
2026-08-19T00:29Z,dean huijsen,35049155,70,
2026-08-19T00:29Z,denis suarez,2388577,50,
2026-08-19T00:29Z,ferran jutgla,9566381,80,
2026-08-19T00:29Z,iago aspas,6930450,40,
2026-08-19T00:29Z,ilaix moriba,9645774,50,
2026-08-19T00:29Z,iñigo perez,2099445,,
2026-08-19T00:29Z,isi palazon,20471475,80,
2026-08-19T00:29Z,izan merino,6015339,70,
2026-08-19T00:29Z,javi puado,5728641,0,
2026-08-19T00:29Z,joan garcia,70886933,80,
2026-08-19T00:29Z,johnny cardoso,5412259,30,
2026-08-19T00:29Z,juan foyth,13306196,70,
2026-08-19T00:29Z,karl etta eyong,24970145,50,
2026-08-19T00:29Z,leandro cabrera,16007804,0,
2026-08-19T00:29Z,manel usedo,744851,,
2026-08-19T00:29Z,marc roca,5348551,60,
2026-08-19T00:29Z,mario martin,4092313,70,
2026-08-19T00:29Z,mario soriano,27549308,80,
2026-08-19T00:29Z,matias dituro,7888908,90,
2026-08-19T00:29Z,matias vecino,1827987,20,
2026-08-19T00:29Z,nico guillen,4697714,50,
2026-08-19T00:29Z,omar el hilali,9760951,80,
2026-08-19T00:29Z,peque,2051836,50,
2026-08-19T00:29Z,peter gulacsi,4107482,40,
2026-08-19T00:29Z,quilindschy hartman,8048919,30,
2026-08-19T00:29Z,santiago mouriño,37273620,70,
2026-08-19T00:29Z,trent alexander-arnold,22364018,50,
2026-08-19T00:29Z,yuri berchiche,12294334,70,
2026-08-19T08:37Z,abde ezzalzouli,42090016,30,
2026-08-19T08:37Z,abiel osorio,1320886,0,
2026-08-19T08:37Z,aitor paredes,5385813,70,
2026-08-19T08:37Z,antonio blanco,14731133,90,
2026-08-19T08:37Z,arda guler,56090061,60,
2026-08-19T08:37Z,ayoze perez,17664470,50,
2026-08-19T08:37Z,beñat turrientes,6956237,50,
2026-08-19T08:37Z,carlos espi,9563853,30,
2026-08-19T08:37Z,carlos puga,5012308,70,
2026-08-19T08:37Z,cesar tarrega,9139919,80,
2026-08-19T08:37Z,dani lorenzo,9446672,90,
2026-08-19T08:37Z,dean huijsen,35049155,70,
2026-08-19T08:37Z,denis suarez,2388577,50,
2026-08-19T08:37Z,ferran jutgla,9566381,80,
2026-08-19T08:37Z,iago aspas,6930450,40,
2026-08-19T08:37Z,ilaix moriba,9645774,50,
2026-08-19T08:37Z,iñigo perez,2099445,,
2026-08-19T08:37Z,isi palazon,20471475,80,
2026-08-19T08:37Z,izan merino,6015339,70,
2026-08-19T08:37Z,javi puado,5728641,0,
2026-08-19T08:37Z,joan garcia,70886933,80,
2026-08-19T08:37Z,johnny cardoso,5412259,30,
2026-08-19T08:37Z,juan foyth,13306196,70,
2026-08-19T08:37Z,karl etta eyong,24970145,50,
2026-08-19T08:37Z,leandro cabrera,16007804,0,
2026-08-19T08:37Z,manel usedo,744851,,
2026-08-19T08:37Z,marc roca,5348551,60,
2026-08-19T08:37Z,mario martin,4092313,70,
2026-08-19T08:37Z,mario soriano,27549308,80,
2026-08-19T08:37Z,matias dituro,7888908,90,
2026-08-19T08:37Z,matias vecino,1827987,20,
2026-08-19T08:37Z,nico guillen,4697714,50,
2026-08-19T08:37Z,omar el hilali,9760951,80,
2026-08-19T08:37Z,peque,2051836,50,
2026-08-19T08:37Z,peter gulacsi,4107482,40,
2026-08-19T08:37Z,quilindschy hartman,8048919,30,
2026-08-19T08:37Z,santiago mouriño,37273620,70,
2026-08-19T08:37Z,trent alexander-arnold,22364018,50,
2026-08-19T08:37Z,yuri berchiche,12294334,70,
2026-08-19T08:40Z,abde ezzalzouli,42090016,30,
2026-08-19T08:40Z,abiel osorio,1320886,0,
2026-08-19T08:40Z,aitor paredes,5385813,70,
2026-08-19T08:40Z,antonio blanco,14731133,90,
2026-08-19T08:40Z,arda guler,56090061,60,
2026-08-19T08:40Z,ayoze perez,17664470,50,
2026-08-19T08:40Z,beñat turrientes,6956237,50,
2026-08-19T08:40Z,carlos espi,9563853,30,
2026-08-19T08:40Z,carlos puga,5012308,70,
2026-08-19T08:40Z,cesar tarrega,9139919,80,
2026-08-19T08:40Z,dani lorenzo,9446672,90,
2026-08-19T08:40Z,dean huijsen,35049155,70,
2026-08-19T08:40Z,denis suarez,2388577,50,
2026-08-19T08:40Z,ferran jutgla,9566381,80,
2026-08-19T08:40Z,iago aspas,6930450,40,
2026-08-19T08:40Z,ilaix moriba,9645774,50,
2026-08-19T08:40Z,iñigo perez,2099445,,
2026-08-19T08:40Z,isi palazon,20471475,80,
2026-08-19T08:40Z,izan merino,6015339,70,
2026-08-19T08:40Z,javi puado,5728641,0,
2026-08-19T08:40Z,joan garcia,70886933,80,
2026-08-19T08:40Z,johnny cardoso,5412259,30,
2026-08-19T08:40Z,juan foyth,13306196,70,
2026-08-19T08:40Z,karl etta eyong,24970145,50,
2026-08-19T08:40Z,leandro cabrera,16007804,0,
2026-08-19T08:40Z,manel usedo,744851,,
2026-08-19T08:40Z,marc roca,5348551,60,
2026-08-19T08:40Z,mario martin,4092313,70,
2026-08-19T08:40Z,mario soriano,27549308,80,
2026-08-19T08:40Z,matias dituro,7888908,90,
2026-08-19T08:40Z,matias vecino,1827987,20,
2026-08-19T08:40Z,nico guillen,4697714,50,
2026-08-19T08:40Z,omar el hilali,9760951,80,
2026-08-19T08:40Z,peque,2051836,50,
2026-08-19T08:40Z,peter gulacsi,4107482,40,
2026-08-19T08:40Z,quilindschy hartman,8048919,30,
2026-08-19T08:40Z,santiago mouriño,37273620,70,
2026-08-19T08:40Z,trent alexander-arnold,22364018,50,
2026-08-19T08:40Z,yuri berchiche,12294334,70,
2026-08-19T08:40Z,abde ezzalzouli,42090016,30,
2026-08-19T08:40Z,abiel osorio,1320886,0,
2026-08-19T08:40Z,aitor paredes,5385813,70,
2026-08-19T08:40Z,antonio blanco,14731133,90,
2026-08-19T08:40Z,arda guler,56090061,60,
2026-08-19T08:40Z,ayoze perez,17664470,50,
2026-08-19T08:40Z,beñat turrientes,6956237,50,
2026-08-19T08:40Z,carlos espi,9563853,30,
2026-08-19T08:40Z,carlos puga,5012308,70,
2026-08-19T08:40Z,cesar tarrega,9139919,80,
2026-08-19T08:40Z,dani lorenzo,9446672,90,
2026-08-19T08:40Z,dean huijsen,35049155,70,
2026-08-19T08:40Z,denis suarez,2388577,50,
2026-08-19T08:40Z,ferran jutgla,9566381,80,
2026-08-19T08:40Z,iago aspas,6930450,40,
2026-08-19T08:40Z,ilaix moriba,9645774,50,
2026-08-19T08:40Z,iñigo perez,2099445,,
2026-08-19T08:40Z,isi palazon,20471475,80,
2026-08-19T08:40Z,izan merino,6015339,70,
2026-08-19T08:40Z,javi puado,5728641,0,
2026-08-19T08:40Z,joan garcia,70886933,80,
2026-08-19T08:40Z,johnny cardoso,5412259,30,
2026-08-19T08:40Z,juan foyth,13306196,70,
2026-08-19T08:40Z,karl etta eyong,24970145,50,
2026-08-19T08:40Z,leandro cabrera,16007804,0,
2026-08-19T08:40Z,manel usedo,744851,,
2026-08-19T08:40Z,marc roca,5348551,60,
2026-08-19T08:40Z,mario martin,4092313,70,
2026-08-19T08:40Z,mario soriano,27549308,80,
2026-08-19T08:40Z,matias dituro,7888908,90,
2026-08-19T08:40Z,matias vecino,1827987,20,
2026-08-19T08:40Z,nico guillen,4697714,50,
2026-08-19T08:40Z,omar el hilali,9760951,80,
2026-08-19T08:40Z,peque,2051836,50,
2026-08-19T08:40Z,peter gulacsi,4107482,40,
2026-08-19T08:40Z,quilindschy hartman,8048919,30,
2026-08-19T08:40Z,santiago mouriño,37273620,70,
2026-08-19T08:40Z,trent alexander-arnold,22364018,50,
2026-08-19T08:40Z,yuri berchiche,12294334,70,
2026-08-19T08:49Z,abde ezzalzouli,42090016,30,
2026-08-19T08:49Z,abiel osorio,1320886,0,
2026-08-19T08:49Z,aitor paredes,5385813,70,
2026-08-19T08:49Z,antonio blanco,14731133,90,
2026-08-19T08:49Z,arda guler,56090061,60,
2026-08-19T08:49Z,ayoze perez,17664470,50,
2026-08-19T08:49Z,beñat turrientes,6956237,50,
2026-08-19T08:49Z,carlos espi,9563853,30,
2026-08-19T08:49Z,carlos puga,5012308,70,
2026-08-19T08:49Z,cesar tarrega,9139919,80,
2026-08-19T08:49Z,dani lorenzo,9446672,90,
2026-08-19T08:49Z,dean huijsen,35049155,70,
2026-08-19T08:49Z,denis suarez,2388577,50,
2026-08-19T08:49Z,ferran jutgla,9566381,80,
2026-08-19T08:49Z,iago aspas,6930450,40,
2026-08-19T08:49Z,ilaix moriba,9645774,50,
2026-08-19T08:49Z,iñigo perez,2099445,,
2026-08-19T08:49Z,isi palazon,20471475,80,
2026-08-19T08:49Z,izan merino,6015339,70,
2026-08-19T08:49Z,javi puado,5728641,0,
2026-08-19T08:49Z,joan garcia,70886933,80,
2026-08-19T08:49Z,johnny cardoso,5412259,30,
2026-08-19T08:49Z,juan foyth,13306196,70,
2026-08-19T08:49Z,karl etta eyong,24970145,50,
2026-08-19T08:49Z,leandro cabrera,16007804,0,
2026-08-19T08:49Z,manel usedo,744851,,
2026-08-19T08:49Z,marc roca,5348551,60,
2026-08-19T08:49Z,mario martin,4092313,70,
2026-08-19T08:49Z,mario soriano,27549308,80,
2026-08-19T08:49Z,matias dituro,7888908,90,
2026-08-19T08:49Z,matias vecino,1827987,20,
2026-08-19T08:49Z,nico guillen,4697714,50,
2026-08-19T08:49Z,omar el hilali,9760951,80,
2026-08-19T08:49Z,peque,2051836,50,
2026-08-19T08:49Z,peter gulacsi,4107482,40,
2026-08-19T08:49Z,quilindschy hartman,8048919,30,
2026-08-19T08:49Z,santiago mouriño,37273620,70,
2026-08-19T08:49Z,trent alexander-arnold,22364018,50,
2026-08-19T08:49Z,yuri berchiche,12294334,70,
2026-08-19T08:50Z,abde ezzalzouli,42090016,30,
2026-08-19T08:50Z,abiel osorio,1320886,0,
2026-08-19T08:50Z,aitor paredes,5385813,70,
2026-08-19T08:50Z,antonio blanco,14731133,90,
2026-08-19T08:50Z,arda guler,56090061,60,
2026-08-19T08:50Z,ayoze perez,17664470,50,
2026-08-19T08:50Z,beñat turrientes,6956237,50,
2026-08-19T08:50Z,carlos espi,9563853,30,
2026-08-19T08:50Z,carlos puga,5012308,70,
2026-08-19T08:50Z,cesar tarrega,9139919,80,
2026-08-19T08:50Z,dani lorenzo,9446672,90,
2026-08-19T08:50Z,dean huijsen,35049155,70,
2026-08-19T08:50Z,denis suarez,2388577,50,
2026-08-19T08:50Z,ferran jutgla,9566381,80,
2026-08-19T08:50Z,iago aspas,6930450,40,
2026-08-19T08:50Z,ilaix moriba,9645774,50,
2026-08-19T08:50Z,iñigo perez,2099445,,
2026-08-19T08:50Z,isi palazon,20471475,80,
2026-08-19T08:50Z,izan merino,6015339,70,
2026-08-19T08:50Z,javi puado,5728641,0,
2026-08-19T08:50Z,joan garcia,70886933,80,
2026-08-19T08:50Z,johnny cardoso,5412259,30,
2026-08-19T08:50Z,juan foyth,13306196,70,
2026-08-19T08:50Z,karl etta eyong,24970145,50,
2026-08-19T08:50Z,leandro cabrera,16007804,0,
2026-08-19T08:50Z,manel usedo,744851,,
2026-08-19T08:50Z,marc roca,5348551,60,
2026-08-19T08:50Z,mario martin,4092313,70,
2026-08-19T08:50Z,mario soriano,27549308,80,
2026-08-19T08:50Z,matias dituro,7888908,90,
2026-08-19T08:50Z,matias vecino,1827987,20,
2026-08-19T08:50Z,nico guillen,4697714,50,
2026-08-19T08:50Z,omar el hilali,9760951,80,
2026-08-19T08:50Z,peque,2051836,50,
2026-08-19T08:50Z,peter gulacsi,4107482,40,
2026-08-19T08:50Z,quilindschy hartman,8048919,30,
2026-08-19T08:50Z,santiago mouriño,37273620,70,
2026-08-19T08:50Z,trent alexander-arnold,22364018,50,
2026-08-19T08:50Z,yuri berchiche,12294334,70,
2026-08-19T08:52Z,abde ezzalzouli,42090016,30,
2026-08-19T08:52Z,abiel osorio,1320886,0,
2026-08-19T08:52Z,aitor paredes,5385813,70,
2026-08-19T08:52Z,antonio blanco,14731133,90,
2026-08-19T08:52Z,arda guler,56090061,60,
2026-08-19T08:52Z,ayoze perez,17664470,50,
2026-08-19T08:52Z,beñat turrientes,6956237,50,
2026-08-19T08:52Z,carlos espi,9563853,30,
2026-08-19T08:52Z,carlos puga,5012308,70,
2026-08-19T08:52Z,cesar tarrega,9139919,80,
2026-08-19T08:52Z,dani lorenzo,9446672,90,
2026-08-19T08:52Z,dean huijsen,35049155,70,
2026-08-19T08:52Z,denis suarez,2388577,50,
2026-08-19T08:52Z,ferran jutgla,9566381,80,
2026-08-19T08:52Z,iago aspas,6930450,40,
2026-08-19T08:52Z,ilaix moriba,9645774,50,
2026-08-19T08:52Z,iñigo perez,2099445,,
2026-08-19T08:52Z,isi palazon,20471475,80,
2026-08-19T08:52Z,izan merino,6015339,70,
2026-08-19T08:52Z,javi puado,5728641,0,
2026-08-19T08:52Z,joan garcia,70886933,80,
2026-08-19T08:52Z,johnny cardoso,5412259,30,
2026-08-19T08:52Z,juan foyth,13306196,70,
2026-08-19T08:52Z,karl etta eyong,24970145,50,
2026-08-19T08:52Z,leandro cabrera,16007804,0,
2026-08-19T08:52Z,manel usedo,744851,,
2026-08-19T08:52Z,marc roca,5348551,60,
2026-08-19T08:52Z,mario martin,4092313,70,
2026-08-19T08:52Z,mario soriano,27549308,80,
2026-08-19T08:52Z,matias dituro,7888908,90,
2026-08-19T08:52Z,matias vecino,1827987,20,
2026-08-19T08:52Z,nico guillen,4697714,50,
2026-08-19T08:52Z,omar el hilali,9760951,80,
2026-08-19T08:52Z,peque,2051836,50,
2026-08-19T08:52Z,peter gulacsi,4107482,40,
2026-08-19T08:52Z,quilindschy hartman,8048919,30,
2026-08-19T08:52Z,santiago mouriño,37273620,70,
2026-08-19T08:52Z,trent alexander-arnold,22364018,50,
2026-08-19T08:52Z,yuri berchiche,12294334,70,
2026-08-19T08:55Z,abde ezzalzouli,42090016,30,
2026-08-19T08:55Z,abiel osorio,1320886,0,
2026-08-19T08:55Z,aitor paredes,5385813,70,
2026-08-19T08:55Z,antonio blanco,14731133,90,
2026-08-19T08:55Z,arda guler,56090061,60,
2026-08-19T08:55Z,ayoze perez,17664470,50,
2026-08-19T08:55Z,beñat turrientes,6956237,50,
2026-08-19T08:55Z,carlos espi,9563853,30,
2026-08-19T08:55Z,carlos puga,5012308,70,
2026-08-19T08:55Z,cesar tarrega,9139919,80,
2026-08-19T08:55Z,dani lorenzo,9446672,90,
2026-08-19T08:55Z,dean huijsen,35049155,70,
2026-08-19T08:55Z,denis suarez,2388577,50,
2026-08-19T08:55Z,ferran jutgla,9566381,80,
2026-08-19T08:55Z,iago aspas,6930450,40,
2026-08-19T08:55Z,ilaix moriba,9645774,50,
2026-08-19T08:55Z,iñigo perez,2099445,,
2026-08-19T08:55Z,isi palazon,20471475,80,
2026-08-19T08:55Z,izan merino,6015339,70,
2026-08-19T08:55Z,javi puado,5728641,0,
2026-08-19T08:55Z,joan garcia,70886933,80,
2026-08-19T08:55Z,johnny cardoso,5412259,30,
2026-08-19T08:55Z,juan foyth,13306196,70,
2026-08-19T08:55Z,karl etta eyong,24970145,50,
2026-08-19T08:55Z,leandro cabrera,16007804,0,
2026-08-19T08:55Z,manel usedo,744851,,
2026-08-19T08:55Z,marc roca,5348551,60,
2026-08-19T08:55Z,mario martin,4092313,70,
2026-08-19T08:55Z,mario soriano,27549308,80,
2026-08-19T08:55Z,matias dituro,7888908,90,
2026-08-19T08:55Z,matias vecino,1827987,20,
2026-08-19T08:55Z,nico guillen,4697714,50,
2026-08-19T08:55Z,omar el hilali,9760951,80,
2026-08-19T08:55Z,peque,2051836,50,
2026-08-19T08:55Z,peter gulacsi,4107482,40,
2026-08-19T08:55Z,quilindschy hartman,8048919,30,
2026-08-19T08:55Z,santiago mouriño,37273620,70,
2026-08-19T08:55Z,trent alexander-arnold,22364018,50,
2026-08-19T08:55Z,yuri berchiche,12294334,70,
2026-08-19T08:55Z,abde ezzalzouli,42090016,30,
2026-08-19T08:55Z,abiel osorio,1320886,0,
2026-08-19T08:55Z,aitor paredes,5385813,70,
2026-08-19T08:55Z,antonio blanco,14731133,90,
2026-08-19T08:55Z,arda guler,56090061,60,
2026-08-19T08:55Z,ayoze perez,17664470,50,
2026-08-19T08:55Z,beñat turrientes,6956237,50,
2026-08-19T08:55Z,carlos espi,9563853,30,
2026-08-19T08:55Z,carlos puga,5012308,70,
2026-08-19T08:55Z,cesar tarrega,9139919,80,
2026-08-19T08:55Z,dani lorenzo,9446672,90,
2026-08-19T08:55Z,dean huijsen,35049155,70,
2026-08-19T08:55Z,denis suarez,2388577,50,
2026-08-19T08:55Z,ferran jutgla,9566381,80,
2026-08-19T08:55Z,iago aspas,6930450,40,
2026-08-19T08:55Z,ilaix moriba,9645774,50,
2026-08-19T08:55Z,iñigo perez,2099445,,
2026-08-19T08:55Z,isi palazon,20471475,80,
2026-08-19T08:55Z,izan merino,6015339,70,
2026-08-19T08:55Z,javi puado,5728641,0,
2026-08-19T08:55Z,joan garcia,70886933,80,
2026-08-19T08:55Z,johnny cardoso,5412259,30,
2026-08-19T08:55Z,juan foyth,13306196,70,
2026-08-19T08:55Z,karl etta eyong,24970145,50,
2026-08-19T08:55Z,leandro cabrera,16007804,0,
2026-08-19T08:55Z,manel usedo,744851,,
2026-08-19T08:55Z,marc roca,5348551,60,
2026-08-19T08:55Z,mario martin,4092313,70,
2026-08-19T08:55Z,mario soriano,27549308,80,
2026-08-19T08:55Z,matias dituro,7888908,90,
2026-08-19T08:55Z,matias vecino,1827987,20,
2026-08-19T08:55Z,nico guillen,4697714,50,
2026-08-19T08:55Z,omar el hilali,9760951,80,
2026-08-19T08:55Z,peque,2051836,50,
2026-08-19T08:55Z,peter gulacsi,4107482,40,
2026-08-19T08:55Z,quilindschy hartman,8048919,30,
2026-08-19T08:55Z,santiago mouriño,37273620,70,
2026-08-19T08:55Z,trent alexander-arnold,22364018,50,
2026-08-19T08:55Z,yuri berchiche,12294334,70,
2026-08-19T08:56Z,abde ezzalzouli,42090016,30,
2026-08-19T08:56Z,abiel osorio,1320886,0,
2026-08-19T08:56Z,aitor paredes,5385813,70,
2026-08-19T08:56Z,antonio blanco,14731133,90,
2026-08-19T08:56Z,arda guler,56090061,60,
2026-08-19T08:56Z,ayoze perez,17664470,50,
2026-08-19T08:56Z,beñat turrientes,6956237,50,
2026-08-19T08:56Z,carlos espi,9563853,30,
2026-08-19T08:56Z,carlos puga,5012308,70,
2026-08-19T08:56Z,cesar tarrega,9139919,80,
2026-08-19T08:56Z,dani lorenzo,9446672,90,
2026-08-19T08:56Z,dean huijsen,35049155,70,
2026-08-19T08:56Z,denis suarez,2388577,50,
2026-08-19T08:56Z,ferran jutgla,9566381,80,
2026-08-19T08:56Z,iago aspas,6930450,40,
2026-08-19T08:56Z,ilaix moriba,9645774,50,
2026-08-19T08:56Z,iñigo perez,2099445,,
2026-08-19T08:56Z,isi palazon,20471475,80,
2026-08-19T08:56Z,izan merino,6015339,70,
2026-08-19T08:56Z,javi puado,5728641,0,
2026-08-19T08:56Z,joan garcia,70886933,80,
2026-08-19T08:56Z,johnny cardoso,5412259,30,
2026-08-19T08:56Z,juan foyth,13306196,70,
2026-08-19T08:56Z,karl etta eyong,24970145,50,
2026-08-19T08:56Z,leandro cabrera,16007804,0,
2026-08-19T08:56Z,manel usedo,744851,,
2026-08-19T08:56Z,marc roca,5348551,60,
2026-08-19T08:56Z,mario martin,4092313,70,
2026-08-19T08:56Z,mario soriano,27549308,80,
2026-08-19T08:56Z,matias dituro,7888908,90,
2026-08-19T08:56Z,matias vecino,1827987,20,
2026-08-19T08:56Z,nico guillen,4697714,50,
2026-08-19T08:56Z,omar el hilali,9760951,80,
2026-08-19T08:56Z,peque,2051836,50,
2026-08-19T08:56Z,peter gulacsi,4107482,40,
2026-08-19T08:56Z,quilindschy hartman,8048919,30,
2026-08-19T08:56Z,santiago mouriño,37273620,70,
2026-08-19T08:56Z,trent alexander-arnold,22364018,50,
2026-08-19T08:56Z,yuri berchiche,12294334,70,
2026-08-19T09:03Z,abde ezzalzouli,42090016,30,
2026-08-19T09:03Z,abiel osorio,1320886,0,
2026-08-19T09:03Z,aitor paredes,5385813,70,
2026-08-19T09:03Z,antonio blanco,14731133,90,
2026-08-19T09:03Z,arda guler,56090061,60,
2026-08-19T09:03Z,ayoze perez,17664470,50,
2026-08-19T09:03Z,beñat turrientes,6956237,50,
2026-08-19T09:03Z,carlos espi,9563853,30,
2026-08-19T09:03Z,carlos puga,5012308,70,
2026-08-19T09:03Z,cesar tarrega,9139919,80,
2026-08-19T09:03Z,dani lorenzo,9446672,90,
2026-08-19T09:03Z,dean huijsen,35049155,70,
2026-08-19T09:03Z,denis suarez,2388577,50,
2026-08-19T09:03Z,ferran jutgla,9566381,80,
2026-08-19T09:03Z,iago aspas,6930450,40,
2026-08-19T09:03Z,ilaix moriba,9645774,50,
2026-08-19T09:03Z,iñigo perez,2099445,,
2026-08-19T09:03Z,isi palazon,20471475,80,
2026-08-19T09:03Z,izan merino,6015339,70,
2026-08-19T09:03Z,javi puado,5728641,0,
2026-08-19T09:03Z,joan garcia,70886933,80,
2026-08-19T09:03Z,johnny cardoso,5412259,30,
2026-08-19T09:03Z,juan foyth,13306196,70,
2026-08-19T09:03Z,karl etta eyong,24970145,50,
2026-08-19T09:03Z,leandro cabrera,16007804,0,
2026-08-19T09:03Z,manel usedo,744851,,
2026-08-19T09:03Z,marc roca,5348551,60,
2026-08-19T09:03Z,mario martin,4092313,70,
2026-08-19T09:03Z,mario soriano,27549308,80,
2026-08-19T09:03Z,matias dituro,7888908,90,
2026-08-19T09:03Z,matias vecino,1827987,20,
2026-08-19T09:03Z,nico guillen,4697714,50,
2026-08-19T09:03Z,omar el hilali,9760951,80,
2026-08-19T09:03Z,peque,2051836,50,
2026-08-19T09:03Z,peter gulacsi,4107482,40,
2026-08-19T09:03Z,quilindschy hartman,8048919,30,
2026-08-19T09:03Z,santiago mouriño,37273620,70,
2026-08-19T09:03Z,trent alexander-arnold,22364018,50,
2026-08-19T09:03Z,yuri berchiche,12294334,70,
2026-08-19T09:04Z,abde ezzalzouli,42090016,30,
2026-08-19T09:04Z,abiel osorio,1320886,0,
2026-08-19T09:04Z,aitor paredes,5385813,70,
2026-08-19T09:04Z,antonio blanco,14731133,90,
2026-08-19T09:04Z,arda guler,56090061,60,
2026-08-19T09:04Z,ayoze perez,17664470,50,
2026-08-19T09:04Z,beñat turrientes,6956237,50,
2026-08-19T09:04Z,carlos espi,9563853,30,
2026-08-19T09:04Z,carlos puga,5012308,70,
2026-08-19T09:04Z,cesar tarrega,9139919,80,
2026-08-19T09:04Z,dani lorenzo,9446672,90,
2026-08-19T09:04Z,dean huijsen,35049155,70,
2026-08-19T09:04Z,denis suarez,2388577,50,
2026-08-19T09:04Z,ferran jutgla,9566381,80,
2026-08-19T09:04Z,iago aspas,6930450,40,
2026-08-19T09:04Z,ilaix moriba,9645774,50,
2026-08-19T09:04Z,iñigo perez,2099445,,
2026-08-19T09:04Z,isi palazon,20471475,80,
2026-08-19T09:04Z,izan merino,6015339,70,
2026-08-19T09:04Z,javi puado,5728641,0,
2026-08-19T09:04Z,joan garcia,70886933,80,
2026-08-19T09:04Z,johnny cardoso,5412259,30,
2026-08-19T09:04Z,juan foyth,13306196,70,
2026-08-19T09:04Z,karl etta eyong,24970145,50,
2026-08-19T09:04Z,leandro cabrera,16007804,0,
2026-08-19T09:04Z,manel usedo,744851,,
2026-08-19T09:04Z,marc roca,5348551,60,
2026-08-19T09:04Z,mario martin,4092313,70,
2026-08-19T09:04Z,mario soriano,27549308,80,
2026-08-19T09:04Z,matias dituro,7888908,90,
2026-08-19T09:04Z,matias vecino,1827987,20,
2026-08-19T09:04Z,nico guillen,4697714,50,
2026-08-19T09:04Z,omar el hilali,9760951,80,
2026-08-19T09:04Z,peque,2051836,50,
2026-08-19T09:04Z,peter gulacsi,4107482,40,
2026-08-19T09:04Z,quilindschy hartman,8048919,30,
2026-08-19T09:04Z,santiago mouriño,37273620,70,
2026-08-19T09:04Z,trent alexander-arnold,22364018,50,
2026-08-19T09:04Z,yuri berchiche,12294334,70,
2026-08-19T09:05Z,abde ezzalzouli,42090016,30,
2026-08-19T09:05Z,abiel osorio,1320886,0,
2026-08-19T09:05Z,aitor paredes,5385813,70,
2026-08-19T09:05Z,antonio blanco,14731133,90,
2026-08-19T09:05Z,arda guler,56090061,60,
2026-08-19T09:05Z,ayoze perez,17664470,50,
2026-08-19T09:05Z,beñat turrientes,6956237,50,
2026-08-19T09:05Z,carlos espi,9563853,30,
2026-08-19T09:05Z,carlos puga,5012308,70,
2026-08-19T09:05Z,cesar tarrega,9139919,80,
2026-08-19T09:05Z,dani lorenzo,9446672,90,
2026-08-19T09:05Z,dean huijsen,35049155,70,
2026-08-19T09:05Z,denis suarez,2388577,50,
2026-08-19T09:05Z,ferran jutgla,9566381,80,
2026-08-19T09:05Z,iago aspas,6930450,40,
2026-08-19T09:05Z,ilaix moriba,9645774,50,
2026-08-19T09:05Z,iñigo perez,2099445,,
2026-08-19T09:05Z,isi palazon,20471475,80,
2026-08-19T09:05Z,izan merino,6015339,70,
2026-08-19T09:05Z,javi puado,5728641,0,
2026-08-19T09:05Z,joan garcia,70886933,80,
2026-08-19T09:05Z,johnny cardoso,5412259,30,
2026-08-19T09:05Z,juan foyth,13306196,70,
2026-08-19T09:05Z,karl etta eyong,24970145,50,
2026-08-19T09:05Z,leandro cabrera,16007804,0,
2026-08-19T09:05Z,manel usedo,744851,,
2026-08-19T09:05Z,marc roca,5348551,60,
2026-08-19T09:05Z,mario martin,4092313,70,
2026-08-19T09:05Z,mario soriano,27549308,80,
2026-08-19T09:05Z,matias dituro,7888908,90,
2026-08-19T09:05Z,matias vecino,1827987,20,
2026-08-19T09:05Z,nico guillen,4697714,50,
2026-08-19T09:05Z,omar el hilali,9760951,80,
2026-08-19T09:05Z,peque,2051836,50,
2026-08-19T09:05Z,peter gulacsi,4107482,40,
2026-08-19T09:05Z,quilindschy hartman,8048919,30,
2026-08-19T09:05Z,santiago mouriño,37273620,70,
2026-08-19T09:05Z,trent alexander-arnold,22364018,50,
2026-08-19T09:05Z,yuri berchiche,12294334,70,
2026-08-19T09:05Z,abde ezzalzouli,42090016,30,
2026-08-19T09:05Z,abiel osorio,1320886,0,
2026-08-19T09:05Z,aitor paredes,5385813,70,
2026-08-19T09:05Z,antonio blanco,14731133,90,
2026-08-19T09:05Z,arda guler,56090061,60,
2026-08-19T09:05Z,ayoze perez,17664470,50,
2026-08-19T09:05Z,beñat turrientes,6956237,50,
2026-08-19T09:05Z,carlos espi,9563853,30,
2026-08-19T09:05Z,carlos puga,5012308,70,
2026-08-19T09:05Z,cesar tarrega,9139919,80,
2026-08-19T09:05Z,dani lorenzo,9446672,90,
2026-08-19T09:05Z,dean huijsen,35049155,70,
2026-08-19T09:05Z,denis suarez,2388577,50,
2026-08-19T09:05Z,ferran jutgla,9566381,80,
2026-08-19T09:05Z,iago aspas,6930450,40,
2026-08-19T09:05Z,ilaix moriba,9645774,50,
2026-08-19T09:05Z,iñigo perez,2099445,,
2026-08-19T09:05Z,isi palazon,20471475,80,
2026-08-19T09:05Z,izan merino,6015339,70,
2026-08-19T09:05Z,javi puado,5728641,0,
2026-08-19T09:05Z,joan garcia,70886933,80,
2026-08-19T09:05Z,johnny cardoso,5412259,30,
2026-08-19T09:05Z,juan foyth,13306196,70,
2026-08-19T09:05Z,karl etta eyong,24970145,50,
2026-08-19T09:05Z,leandro cabrera,16007804,0,
2026-08-19T09:05Z,manel usedo,744851,,
2026-08-19T09:05Z,marc roca,5348551,60,
2026-08-19T09:05Z,mario martin,4092313,70,
2026-08-19T09:05Z,mario soriano,27549308,80,
2026-08-19T09:05Z,matias dituro,7888908,90,
2026-08-19T09:05Z,matias vecino,1827987,20,
2026-08-19T09:05Z,nico guillen,4697714,50,
2026-08-19T09:05Z,omar el hilali,9760951,80,
2026-08-19T09:05Z,peque,2051836,50,
2026-08-19T09:05Z,peter gulacsi,4107482,40,
2026-08-19T09:05Z,quilindschy hartman,8048919,30,
2026-08-19T09:05Z,santiago mouriño,37273620,70,
2026-08-19T09:05Z,trent alexander-arnold,22364018,50,
2026-08-19T09:05Z,yuri berchiche,12294334,70,
2026-08-19T09:06Z,abde ezzalzouli,42090016,30,
2026-08-19T09:06Z,abiel osorio,1320886,0,
2026-08-19T09:06Z,aitor paredes,5385813,70,
2026-08-19T09:06Z,antonio blanco,14731133,90,
2026-08-19T09:06Z,arda guler,56090061,60,
2026-08-19T09:06Z,ayoze perez,17664470,50,
2026-08-19T09:06Z,beñat turrientes,6956237,50,
2026-08-19T09:06Z,carlos espi,9563853,30,
2026-08-19T09:06Z,carlos puga,5012308,70,
2026-08-19T09:06Z,cesar tarrega,9139919,80,
2026-08-19T09:06Z,dani lorenzo,9446672,90,
2026-08-19T09:06Z,dean huijsen,35049155,70,
2026-08-19T09:06Z,denis suarez,2388577,50,
2026-08-19T09:06Z,ferran jutgla,9566381,80,
2026-08-19T09:06Z,iago aspas,6930450,40,
2026-08-19T09:06Z,ilaix moriba,9645774,50,
2026-08-19T09:06Z,iñigo perez,2099445,,
2026-08-19T09:06Z,isi palazon,20471475,80,
2026-08-19T09:06Z,izan merino,6015339,70,
2026-08-19T09:06Z,javi puado,5728641,0,
2026-08-19T09:06Z,joan garcia,70886933,80,
2026-08-19T09:06Z,johnny cardoso,5412259,30,
2026-08-19T09:06Z,juan foyth,13306196,70,
2026-08-19T09:06Z,karl etta eyong,24970145,50,
2026-08-19T09:06Z,leandro cabrera,16007804,0,
2026-08-19T09:06Z,manel usedo,744851,,
2026-08-19T09:06Z,marc roca,5348551,60,
2026-08-19T09:06Z,mario martin,4092313,70,
2026-08-19T09:06Z,mario soriano,27549308,80,
2026-08-19T09:06Z,matias dituro,7888908,90,
2026-08-19T09:06Z,matias vecino,1827987,20,
2026-08-19T09:06Z,nico guillen,4697714,50,
2026-08-19T09:06Z,omar el hilali,9760951,80,
2026-08-19T09:06Z,peque,2051836,50,
2026-08-19T09:06Z,peter gulacsi,4107482,40,
2026-08-19T09:06Z,quilindschy hartman,8048919,30,
2026-08-19T09:06Z,santiago mouriño,37273620,70,
2026-08-19T09:06Z,trent alexander-arnold,22364018,50,
2026-08-19T09:06Z,yuri berchiche,12294334,70,
2026-08-19T09:08Z,abde ezzalzouli,42090016,30,
2026-08-19T09:08Z,abiel osorio,1320886,0,
2026-08-19T09:08Z,aitor paredes,5385813,70,
2026-08-19T09:08Z,antonio blanco,14731133,90,
2026-08-19T09:08Z,arda guler,56090061,60,
2026-08-19T09:08Z,ayoze perez,17664470,50,
2026-08-19T09:08Z,beñat turrientes,6956237,50,
2026-08-19T09:08Z,carlos espi,9563853,30,
2026-08-19T09:08Z,carlos puga,5012308,70,
2026-08-19T09:08Z,cesar tarrega,9139919,80,
2026-08-19T09:08Z,dani lorenzo,9446672,90,
2026-08-19T09:08Z,dean huijsen,35049155,70,
2026-08-19T09:08Z,denis suarez,2388577,50,
2026-08-19T09:08Z,ferran jutgla,9566381,80,
2026-08-19T09:08Z,iago aspas,6930450,40,
2026-08-19T09:08Z,ilaix moriba,9645774,50,
2026-08-19T09:08Z,iñigo perez,2099445,,
2026-08-19T09:08Z,isi palazon,20471475,80,
2026-08-19T09:08Z,izan merino,6015339,70,
2026-08-19T09:08Z,javi puado,5728641,0,
2026-08-19T09:08Z,joan garcia,70886933,80,
2026-08-19T09:08Z,johnny cardoso,5412259,30,
2026-08-19T09:08Z,juan foyth,13306196,70,
2026-08-19T09:08Z,karl etta eyong,24970145,50,
2026-08-19T09:08Z,leandro cabrera,16007804,0,
2026-08-19T09:08Z,manel usedo,744851,,
2026-08-19T09:08Z,marc roca,5348551,60,
2026-08-19T09:08Z,mario martin,4092313,70,
2026-08-19T09:08Z,mario soriano,27549308,80,
2026-08-19T09:08Z,matias dituro,7888908,90,
2026-08-19T09:08Z,matias vecino,1827987,20,
2026-08-19T09:08Z,nico guillen,4697714,50,
2026-08-19T09:08Z,omar el hilali,9760951,80,
2026-08-19T09:08Z,peque,2051836,50,
2026-08-19T09:08Z,peter gulacsi,4107482,40,
2026-08-19T09:08Z,quilindschy hartman,8048919,30,
2026-08-19T09:08Z,santiago mouriño,37273620,70,
2026-08-19T09:08Z,trent alexander-arnold,22364018,50,
2026-08-19T09:08Z,yuri berchiche,12294334,70,
2026-08-19T09:10Z,abde ezzalzouli,42090016,30,
2026-08-19T09:10Z,abiel osorio,1320886,0,
2026-08-19T09:10Z,aitor paredes,5385813,70,
2026-08-19T09:10Z,antonio blanco,14731133,90,
2026-08-19T09:10Z,arda guler,56090061,60,
2026-08-19T09:10Z,ayoze perez,17664470,50,
2026-08-19T09:10Z,beñat turrientes,6956237,50,
2026-08-19T09:10Z,carlos espi,9563853,30,
2026-08-19T09:10Z,carlos puga,5012308,70,
2026-08-19T09:10Z,cesar tarrega,9139919,80,
2026-08-19T09:10Z,dani lorenzo,9446672,90,
2026-08-19T09:10Z,dean huijsen,35049155,70,
2026-08-19T09:10Z,denis suarez,2388577,50,
2026-08-19T09:10Z,ferran jutgla,9566381,80,
2026-08-19T09:10Z,iago aspas,6930450,40,
2026-08-19T09:10Z,ilaix moriba,9645774,50,
2026-08-19T09:10Z,iñigo perez,2099445,,
2026-08-19T09:10Z,isi palazon,20471475,80,
2026-08-19T09:10Z,izan merino,6015339,70,
2026-08-19T09:10Z,javi puado,5728641,0,
2026-08-19T09:10Z,joan garcia,70886933,80,
2026-08-19T09:10Z,johnny cardoso,5412259,30,
2026-08-19T09:10Z,juan foyth,13306196,70,
2026-08-19T09:10Z,karl etta eyong,24970145,50,
2026-08-19T09:10Z,leandro cabrera,16007804,0,
2026-08-19T09:10Z,manel usedo,744851,,
2026-08-19T09:10Z,marc roca,5348551,60,
2026-08-19T09:10Z,mario martin,4092313,70,
2026-08-19T09:10Z,mario soriano,27549308,80,
2026-08-19T09:10Z,matias dituro,7888908,90,
2026-08-19T09:10Z,matias vecino,1827987,20,
2026-08-19T09:10Z,nico guillen,4697714,50,
2026-08-19T09:10Z,omar el hilali,9760951,80,
2026-08-19T09:10Z,peque,2051836,50,
2026-08-19T09:10Z,peter gulacsi,4107482,40,
2026-08-19T09:10Z,quilindschy hartman,8048919,30,
2026-08-19T09:10Z,santiago mouriño,37273620,70,
2026-08-19T09:10Z,trent alexander-arnold,22364018,50,
2026-08-19T09:10Z,yuri berchiche,12294334,70,
2026-08-19T09:10Z,abde ezzalzouli,42090016,30,
2026-08-19T09:10Z,abiel osorio,1320886,0,
2026-08-19T09:10Z,aitor paredes,5385813,70,
2026-08-19T09:10Z,antonio blanco,14731133,90,
2026-08-19T09:10Z,arda guler,56090061,60,
2026-08-19T09:10Z,ayoze perez,17664470,50,
2026-08-19T09:10Z,beñat turrientes,6956237,50,
2026-08-19T09:10Z,carlos espi,9563853,30,
2026-08-19T09:10Z,carlos puga,5012308,70,
2026-08-19T09:10Z,cesar tarrega,9139919,80,
2026-08-19T09:10Z,dani lorenzo,9446672,90,
2026-08-19T09:10Z,dean huijsen,35049155,70,
2026-08-19T09:10Z,denis suarez,2388577,50,
2026-08-19T09:10Z,ferran jutgla,9566381,80,
2026-08-19T09:10Z,iago aspas,6930450,40,
2026-08-19T09:10Z,ilaix moriba,9645774,50,
2026-08-19T09:10Z,iñigo perez,2099445,,
2026-08-19T09:10Z,isi palazon,20471475,80,
2026-08-19T09:10Z,izan merino,6015339,70,
2026-08-19T09:10Z,javi puado,5728641,0,
2026-08-19T09:10Z,joan garcia,70886933,80,
2026-08-19T09:10Z,johnny cardoso,5412259,30,
2026-08-19T09:10Z,juan foyth,13306196,70,
2026-08-19T09:10Z,karl etta eyong,24970145,50,
2026-08-19T09:10Z,leandro cabrera,16007804,0,
2026-08-19T09:10Z,manel usedo,744851,,
2026-08-19T09:10Z,marc roca,5348551,60,
2026-08-19T09:10Z,mario martin,4092313,70,
2026-08-19T09:10Z,mario soriano,27549308,80,
2026-08-19T09:10Z,matias dituro,7888908,90,
2026-08-19T09:10Z,matias vecino,1827987,20,
2026-08-19T09:10Z,nico guillen,4697714,50,
2026-08-19T09:10Z,omar el hilali,9760951,80,
2026-08-19T09:10Z,peque,2051836,50,
2026-08-19T09:10Z,peter gulacsi,4107482,40,
2026-08-19T09:10Z,quilindschy hartman,8048919,30,
2026-08-19T09:10Z,santiago mouriño,37273620,70,
2026-08-19T09:10Z,trent alexander-arnold,22364018,50,
2026-08-19T09:10Z,yuri berchiche,12294334,70,
2026-08-19T09:10Z,abde ezzalzouli,42090016,30,
2026-08-19T09:10Z,abiel osorio,1320886,0,
2026-08-19T09:10Z,aitor paredes,5385813,70,
2026-08-19T09:10Z,antonio blanco,14731133,90,
2026-08-19T09:10Z,arda guler,56090061,60,
2026-08-19T09:10Z,ayoze perez,17664470,50,
2026-08-19T09:10Z,beñat turrientes,6956237,50,
2026-08-19T09:10Z,carlos espi,9563853,30,
2026-08-19T09:10Z,carlos puga,5012308,70,
2026-08-19T09:10Z,cesar tarrega,9139919,80,
2026-08-19T09:10Z,dani lorenzo,9446672,90,
2026-08-19T09:10Z,dean huijsen,35049155,70,
2026-08-19T09:10Z,denis suarez,2388577,50,
2026-08-19T09:10Z,ferran jutgla,9566381,80,
2026-08-19T09:10Z,iago aspas,6930450,40,
2026-08-19T09:10Z,ilaix moriba,9645774,50,
2026-08-19T09:10Z,iñigo perez,2099445,,
2026-08-19T09:10Z,isi palazon,20471475,80,
2026-08-19T09:10Z,izan merino,6015339,70,
2026-08-19T09:10Z,javi puado,5728641,0,
2026-08-19T09:10Z,joan garcia,70886933,80,
2026-08-19T09:10Z,johnny cardoso,5412259,30,
2026-08-19T09:10Z,juan foyth,13306196,70,
2026-08-19T09:10Z,karl etta eyong,24970145,50,
2026-08-19T09:10Z,leandro cabrera,16007804,0,
2026-08-19T09:10Z,manel usedo,744851,,
2026-08-19T09:10Z,marc roca,5348551,60,
2026-08-19T09:10Z,mario martin,4092313,70,
2026-08-19T09:10Z,mario soriano,27549308,80,
2026-08-19T09:10Z,matias dituro,7888908,90,
2026-08-19T09:10Z,matias vecino,1827987,20,
2026-08-19T09:10Z,nico guillen,4697714,50,
2026-08-19T09:10Z,omar el hilali,9760951,80,
2026-08-19T09:10Z,peque,2051836,50,
2026-08-19T09:10Z,peter gulacsi,4107482,40,
2026-08-19T09:10Z,quilindschy hartman,8048919,30,
2026-08-19T09:10Z,santiago mouriño,37273620,70,
2026-08-19T09:10Z,trent alexander-arnold,22364018,50,
2026-08-19T09:10Z,yuri berchiche,12294334,70,
2026-08-19T09:10Z,abde ezzalzouli,42090016,30,
2026-08-19T09:10Z,abiel osorio,1320886,0,
2026-08-19T09:10Z,aitor paredes,5385813,70,
2026-08-19T09:10Z,antonio blanco,14731133,90,
2026-08-19T09:10Z,arda guler,56090061,60,
2026-08-19T09:10Z,ayoze perez,17664470,50,
2026-08-19T09:10Z,beñat turrientes,6956237,50,
2026-08-19T09:10Z,carlos espi,9563853,30,
2026-08-19T09:10Z,carlos puga,5012308,70,
2026-08-19T09:10Z,cesar tarrega,9139919,80,
2026-08-19T09:10Z,dani lorenzo,9446672,90,
2026-08-19T09:10Z,dean huijsen,35049155,70,
2026-08-19T09:10Z,denis suarez,2388577,50,
2026-08-19T09:10Z,ferran jutgla,9566381,80,
2026-08-19T09:10Z,iago aspas,6930450,40,
2026-08-19T09:10Z,ilaix moriba,9645774,50,
2026-08-19T09:10Z,iñigo perez,2099445,,
2026-08-19T09:10Z,isi palazon,20471475,80,
2026-08-19T09:10Z,izan merino,6015339,70,
2026-08-19T09:10Z,javi puado,5728641,0,
2026-08-19T09:10Z,joan garcia,70886933,80,
2026-08-19T09:10Z,johnny cardoso,5412259,30,
2026-08-19T09:10Z,juan foyth,13306196,70,
2026-08-19T09:10Z,karl etta eyong,24970145,50,
2026-08-19T09:10Z,leandro cabrera,16007804,0,
2026-08-19T09:10Z,manel usedo,744851,,
2026-08-19T09:10Z,marc roca,5348551,60,
2026-08-19T09:10Z,mario martin,4092313,70,
2026-08-19T09:10Z,mario soriano,27549308,80,
2026-08-19T09:10Z,matias dituro,7888908,90,
2026-08-19T09:10Z,matias vecino,1827987,20,
2026-08-19T09:10Z,nico guillen,4697714,50,
2026-08-19T09:10Z,omar el hilali,9760951,80,
2026-08-19T09:10Z,peque,2051836,50,
2026-08-19T09:10Z,peter gulacsi,4107482,40,
2026-08-19T09:10Z,quilindschy hartman,8048919,30,
2026-08-19T09:10Z,santiago mouriño,37273620,70,
2026-08-19T09:10Z,trent alexander-arnold,22364018,50,
2026-08-19T09:10Z,yuri berchiche,12294334,70,
2026-08-19T09:11Z,abde ezzalzouli,42090016,30,
2026-08-19T09:11Z,abiel osorio,1320886,0,
2026-08-19T09:11Z,aitor paredes,5385813,70,
2026-08-19T09:11Z,antonio blanco,14731133,90,
2026-08-19T09:11Z,arda guler,56090061,60,
2026-08-19T09:11Z,ayoze perez,17664470,50,
2026-08-19T09:11Z,beñat turrientes,6956237,50,
2026-08-19T09:11Z,carlos espi,9563853,30,
2026-08-19T09:11Z,carlos puga,5012308,70,
2026-08-19T09:11Z,cesar tarrega,9139919,80,
2026-08-19T09:11Z,dani lorenzo,9446672,90,
2026-08-19T09:11Z,dean huijsen,35049155,70,
2026-08-19T09:11Z,denis suarez,2388577,50,
2026-08-19T09:11Z,ferran jutgla,9566381,80,
2026-08-19T09:11Z,iago aspas,6930450,40,
2026-08-19T09:11Z,ilaix moriba,9645774,50,
2026-08-19T09:11Z,iñigo perez,2099445,,
2026-08-19T09:11Z,isi palazon,20471475,80,
2026-08-19T09:11Z,izan merino,6015339,70,
2026-08-19T09:11Z,javi puado,5728641,0,
2026-08-19T09:11Z,joan garcia,70886933,80,
2026-08-19T09:11Z,johnny cardoso,5412259,30,
2026-08-19T09:11Z,juan foyth,13306196,70,
2026-08-19T09:11Z,karl etta eyong,24970145,50,
2026-08-19T09:11Z,leandro cabrera,16007804,0,
2026-08-19T09:11Z,manel usedo,744851,,
2026-08-19T09:11Z,marc roca,5348551,60,
2026-08-19T09:11Z,mario martin,4092313,70,
2026-08-19T09:11Z,mario soriano,27549308,80,
2026-08-19T09:11Z,matias dituro,7888908,90,
2026-08-19T09:11Z,matias vecino,1827987,20,
2026-08-19T09:11Z,nico guillen,4697714,50,
2026-08-19T09:11Z,omar el hilali,9760951,80,
2026-08-19T09:11Z,peque,2051836,50,
2026-08-19T09:11Z,peter gulacsi,4107482,40,
2026-08-19T09:11Z,quilindschy hartman,8048919,30,
2026-08-19T09:11Z,santiago mouriño,37273620,70,
2026-08-19T09:11Z,trent alexander-arnold,22364018,50,
2026-08-19T09:11Z,yuri berchiche,12294334,70,
2026-08-19T09:12Z,abde ezzalzouli,42090016,30,
2026-08-19T09:12Z,abiel osorio,1320886,0,
2026-08-19T09:12Z,aitor paredes,5385813,70,
2026-08-19T09:12Z,antonio blanco,14731133,90,
2026-08-19T09:12Z,arda guler,56090061,60,
2026-08-19T09:12Z,ayoze perez,17664470,50,
2026-08-19T09:12Z,beñat turrientes,6956237,50,
2026-08-19T09:12Z,carlos espi,9563853,30,
2026-08-19T09:12Z,carlos puga,5012308,70,
2026-08-19T09:12Z,cesar tarrega,9139919,80,
2026-08-19T09:12Z,dani lorenzo,9446672,90,
2026-08-19T09:12Z,dean huijsen,35049155,70,
2026-08-19T09:12Z,denis suarez,2388577,50,
2026-08-19T09:12Z,ferran jutgla,9566381,80,
2026-08-19T09:12Z,iago aspas,6930450,40,
2026-08-19T09:12Z,igor zubeldia,10295291,60,
2026-08-19T09:12Z,ilaix moriba,9645774,50,
2026-08-19T09:12Z,iñigo perez,2099445,,
2026-08-19T09:12Z,isi palazon,20471475,80,
2026-08-19T09:12Z,izan merino,6015339,70,
2026-08-19T09:12Z,javi puado,5728641,0,
2026-08-19T09:12Z,joan garcia,70886933,80,
2026-08-19T09:12Z,johnny cardoso,5412259,30,
2026-08-19T09:12Z,juan foyth,13306196,70,
2026-08-19T09:12Z,karl etta eyong,24970145,50,
2026-08-19T09:12Z,leandro cabrera,16007804,0,
2026-08-19T09:12Z,manel usedo,744851,,
2026-08-19T09:12Z,marc roca,5348551,60,
2026-08-19T09:12Z,mario martin,4092313,70,
2026-08-19T09:12Z,mario soriano,27549308,80,
2026-08-19T09:12Z,matias dituro,7888908,90,
2026-08-19T09:12Z,matias vecino,1827987,20,
2026-08-19T09:12Z,nico guillen,4697714,50,
2026-08-19T09:12Z,omar el hilali,9760951,80,
2026-08-19T09:12Z,peque,2051836,50,
2026-08-19T09:12Z,peter gulacsi,4107482,40,
2026-08-19T09:12Z,quilindschy hartman,8048919,30,
2026-08-19T09:12Z,santiago mouriño,37273620,70,
2026-08-19T09:12Z,trent alexander-arnold,22364018,50,
2026-08-19T09:12Z,yuri berchiche,12294334,70,
2026-08-19T09:12Z,abde ezzalzouli,42090016,30,
2026-08-19T09:12Z,abiel osorio,1320886,0,
2026-08-19T09:12Z,aitor paredes,5385813,70,
2026-08-19T09:12Z,antonio blanco,14731133,90,
2026-08-19T09:12Z,arda guler,56090061,60,
2026-08-19T09:12Z,ayoze perez,17664470,50,
2026-08-19T09:12Z,beñat turrientes,6956237,50,
2026-08-19T09:12Z,carlos espi,9563853,30,
2026-08-19T09:12Z,carlos puga,5012308,70,
2026-08-19T09:12Z,cesar tarrega,9139919,80,
2026-08-19T09:12Z,dani lorenzo,9446672,90,
2026-08-19T09:12Z,dean huijsen,35049155,70,
2026-08-19T09:12Z,denis suarez,2388577,50,
2026-08-19T09:12Z,ferran jutgla,9566381,80,
2026-08-19T09:12Z,iago aspas,6930450,40,
2026-08-19T09:12Z,igor zubeldia,10295291,60,
2026-08-19T09:12Z,ilaix moriba,9645774,50,
2026-08-19T09:12Z,iñigo perez,2099445,,
2026-08-19T09:12Z,isi palazon,20471475,80,
2026-08-19T09:12Z,izan merino,6015339,70,
2026-08-19T09:12Z,javi puado,5728641,0,
2026-08-19T09:12Z,joan garcia,70886933,80,
2026-08-19T09:12Z,johnny cardoso,5412259,30,
2026-08-19T09:12Z,juan foyth,13306196,70,
2026-08-19T09:12Z,karl etta eyong,24970145,50,
2026-08-19T09:12Z,leandro cabrera,16007804,0,
2026-08-19T09:12Z,manel usedo,744851,,
2026-08-19T09:12Z,marc roca,5348551,60,
2026-08-19T09:12Z,mario martin,4092313,70,
2026-08-19T09:12Z,mario soriano,27549308,80,
2026-08-19T09:12Z,matias dituro,7888908,90,
2026-08-19T09:12Z,matias vecino,1827987,20,
2026-08-19T09:12Z,nico guillen,4697714,50,
2026-08-19T09:12Z,omar el hilali,9760951,80,
2026-08-19T09:12Z,peque,2051836,50,
2026-08-19T09:12Z,peter gulacsi,4107482,40,
2026-08-19T09:12Z,quilindschy hartman,8048919,30,
2026-08-19T09:12Z,santiago mouriño,37273620,70,
2026-08-19T09:12Z,trent alexander-arnold,22364018,50,
2026-08-19T09:12Z,yuri berchiche,12294334,70,
2026-08-19T09:13Z,abde ezzalzouli,42090016,30,
2026-08-19T09:13Z,abiel osorio,1320886,0,
2026-08-19T09:13Z,aitor paredes,5385813,70,
2026-08-19T09:13Z,antonio blanco,14731133,90,
2026-08-19T09:13Z,arda guler,56090061,60,
2026-08-19T09:13Z,ayoze perez,17664470,50,
2026-08-19T09:13Z,beñat turrientes,6956237,50,
2026-08-19T09:13Z,carlos espi,9563853,30,
2026-08-19T09:13Z,carlos puga,5012308,70,
2026-08-19T09:13Z,cesar tarrega,9139919,80,
2026-08-19T09:13Z,dani lorenzo,9446672,90,
2026-08-19T09:13Z,dean huijsen,35049155,70,
2026-08-19T09:13Z,denis suarez,2388577,50,
2026-08-19T09:13Z,ferran jutgla,9566381,80,
2026-08-19T09:13Z,iago aspas,6930450,40,
2026-08-19T09:13Z,igor zubeldia,10295291,60,
2026-08-19T09:13Z,ilaix moriba,9645774,50,
2026-08-19T09:13Z,iñigo perez,2099445,,
2026-08-19T09:13Z,isi palazon,20471475,80,
2026-08-19T09:13Z,izan merino,6015339,70,
2026-08-19T09:13Z,javi puado,5728641,0,
2026-08-19T09:13Z,joan garcia,70886933,80,
2026-08-19T09:13Z,johnny cardoso,5412259,30,
2026-08-19T09:13Z,juan foyth,13306196,70,
2026-08-19T09:13Z,karl etta eyong,24970145,50,
2026-08-19T09:13Z,leandro cabrera,16007804,0,
2026-08-19T09:13Z,manel usedo,744851,,
2026-08-19T09:13Z,marc roca,5348551,60,
2026-08-19T09:13Z,mario martin,4092313,70,
2026-08-19T09:13Z,mario soriano,27549308,80,
2026-08-19T09:13Z,matias dituro,7888908,90,
2026-08-19T09:13Z,matias vecino,1827987,20,
2026-08-19T09:13Z,nico guillen,4697714,50,
2026-08-19T09:13Z,omar el hilali,9760951,80,
2026-08-19T09:13Z,peque,2051836,50,
2026-08-19T09:13Z,peter gulacsi,4107482,40,
2026-08-19T09:13Z,quilindschy hartman,8048919,30,
2026-08-19T09:13Z,santiago mouriño,37273620,70,
2026-08-19T09:13Z,trent alexander-arnold,22364018,50,
2026-08-19T09:13Z,yuri berchiche,12294334,70,
2026-08-19T09:13Z,abde ezzalzouli,42090016,30,
2026-08-19T09:13Z,abiel osorio,1320886,0,
2026-08-19T09:13Z,aitor paredes,5385813,70,
2026-08-19T09:13Z,antonio blanco,14731133,90,
2026-08-19T09:13Z,arda guler,56090061,60,
2026-08-19T09:13Z,ayoze perez,17664470,50,
2026-08-19T09:13Z,beñat turrientes,6956237,50,
2026-08-19T09:13Z,carlos espi,9563853,30,
2026-08-19T09:13Z,carlos puga,5012308,70,
2026-08-19T09:13Z,cesar tarrega,9139919,80,
2026-08-19T09:13Z,dani lorenzo,9446672,90,
2026-08-19T09:13Z,dean huijsen,35049155,70,
2026-08-19T09:13Z,denis suarez,2388577,50,
2026-08-19T09:13Z,ferran jutgla,9566381,80,
2026-08-19T09:13Z,iago aspas,6930450,40,
2026-08-19T09:13Z,igor zubeldia,10295291,60,
2026-08-19T09:13Z,ilaix moriba,9645774,50,
2026-08-19T09:13Z,iñigo perez,2099445,,
2026-08-19T09:13Z,isi palazon,20471475,80,
2026-08-19T09:13Z,izan merino,6015339,70,
2026-08-19T09:13Z,javi puado,5728641,0,
2026-08-19T09:13Z,joan garcia,70886933,80,
2026-08-19T09:13Z,johnny cardoso,5412259,30,
2026-08-19T09:13Z,juan foyth,13306196,70,
2026-08-19T09:13Z,karl etta eyong,24970145,50,
2026-08-19T09:13Z,leandro cabrera,16007804,0,
2026-08-19T09:13Z,manel usedo,744851,,
2026-08-19T09:13Z,marc roca,5348551,60,
2026-08-19T09:13Z,mario martin,4092313,70,
2026-08-19T09:13Z,mario soriano,27549308,80,
2026-08-19T09:13Z,matias dituro,7888908,90,
2026-08-19T09:13Z,matias vecino,1827987,20,
2026-08-19T09:13Z,nico guillen,4697714,50,
2026-08-19T09:13Z,omar el hilali,9760951,80,
2026-08-19T09:13Z,peque,2051836,50,
2026-08-19T09:13Z,peter gulacsi,4107482,40,
2026-08-19T09:13Z,quilindschy hartman,8048919,30,
2026-08-19T09:13Z,santiago mouriño,37273620,70,
2026-08-19T09:13Z,trent alexander-arnold,22364018,50,
2026-08-19T09:13Z,yuri berchiche,12294334,70,
2026-08-19T09:42Z,abde ezzalzouli,42090016,30,
2026-08-19T09:42Z,abiel osorio,1320886,0,
2026-08-19T09:42Z,aitor paredes,5385813,70,
2026-08-19T09:42Z,antonio blanco,14731133,90,
2026-08-19T09:42Z,arda guler,56090061,60,
2026-08-19T09:42Z,ayoze perez,17664470,50,
2026-08-19T09:42Z,beñat turrientes,6956237,50,
2026-08-19T09:42Z,carlos espi,9563853,30,
2026-08-19T09:42Z,carlos puga,5012308,70,
2026-08-19T09:42Z,cesar tarrega,9139919,80,
2026-08-19T09:42Z,dani lorenzo,9446672,90,
2026-08-19T09:42Z,dean huijsen,35049155,70,
2026-08-19T09:42Z,denis suarez,2388577,50,
2026-08-19T09:42Z,ferran jutgla,9566381,80,
2026-08-19T09:42Z,iago aspas,6930450,40,
2026-08-19T09:42Z,igor zubeldia,10295291,60,
2026-08-19T09:42Z,ilaix moriba,9645774,50,
2026-08-19T09:42Z,iñigo perez,2099445,,
2026-08-19T09:42Z,isi palazon,20471475,80,
2026-08-19T09:42Z,izan merino,6015339,70,
2026-08-19T09:42Z,javi puado,5728641,0,
2026-08-19T09:42Z,joan garcia,70886933,80,
2026-08-19T09:42Z,johnny cardoso,5412259,30,
2026-08-19T09:42Z,juan foyth,13306196,70,
2026-08-19T09:42Z,karl etta eyong,24970145,50,
2026-08-19T09:42Z,leandro cabrera,16007804,0,
2026-08-19T09:42Z,manel usedo,744851,,
2026-08-19T09:42Z,marc roca,5348551,60,
2026-08-19T09:42Z,mario martin,4092313,70,
2026-08-19T09:42Z,mario soriano,27549308,80,
2026-08-19T09:42Z,matias dituro,7888908,90,
2026-08-19T09:42Z,matias vecino,1827987,20,
2026-08-19T09:42Z,nico guillen,4697714,50,
2026-08-19T09:42Z,omar el hilali,9760951,80,
2026-08-19T09:42Z,peque,2051836,50,
2026-08-19T09:42Z,peter gulacsi,4107482,40,
2026-08-19T09:42Z,quilindschy hartman,8048919,30,
2026-08-19T09:42Z,santiago mouriño,37273620,70,
2026-08-19T09:42Z,trent alexander-arnold,22364018,50,
2026-08-19T09:42Z,yuri berchiche,12294334,70,
2026-08-19T10:18Z,abde ezzalzouli,42090016,30,
2026-08-19T10:18Z,abiel osorio,1320886,0,
2026-08-19T10:18Z,aitor paredes,5385813,70,
2026-08-19T10:18Z,antonio blanco,14731133,90,
2026-08-19T10:18Z,arda guler,56090061,60,
2026-08-19T10:18Z,ayoze perez,17664470,50,
2026-08-19T10:18Z,beñat turrientes,6956237,50,
2026-08-19T10:18Z,carlos espi,9563853,30,
2026-08-19T10:18Z,carlos puga,5012308,70,
2026-08-19T10:18Z,cesar tarrega,9139919,80,
2026-08-19T10:18Z,dani lorenzo,9446672,90,
2026-08-19T10:18Z,dean huijsen,35049155,70,
2026-08-19T10:18Z,denis suarez,2388577,50,
2026-08-19T10:18Z,ferran jutgla,9566381,80,
2026-08-19T10:18Z,iago aspas,6930450,40,
2026-08-19T10:18Z,igor zubeldia,10295291,60,
2026-08-19T10:18Z,ilaix moriba,9645774,50,
2026-08-19T10:18Z,iñigo perez,2099445,,
2026-08-19T10:18Z,isi palazon,20471475,80,
2026-08-19T10:18Z,izan merino,6015339,70,
2026-08-19T10:18Z,javi puado,5728641,0,
2026-08-19T10:18Z,joan garcia,70886933,80,
2026-08-19T10:18Z,johnny cardoso,5412259,30,
2026-08-19T10:18Z,juan foyth,13306196,70,
2026-08-19T10:18Z,karl etta eyong,24970145,50,
2026-08-19T10:18Z,leandro cabrera,16007804,0,
2026-08-19T10:18Z,manel usedo,744851,,
2026-08-19T10:18Z,marc roca,5348551,60,
2026-08-19T10:18Z,mario martin,4092313,70,
2026-08-19T10:18Z,mario soriano,27549308,80,
2026-08-19T10:18Z,matias dituro,7888908,90,
2026-08-19T10:18Z,matias vecino,1827987,20,
2026-08-19T10:18Z,nico guillen,4697714,50,
2026-08-19T10:18Z,omar el hilali,9760951,80,
2026-08-19T10:18Z,peque,2051836,50,
2026-08-19T10:18Z,peter gulacsi,4107482,40,
2026-08-19T10:18Z,quilindschy hartman,8048919,30,
2026-08-19T10:18Z,santiago mouriño,37273620,70,
2026-08-19T10:18Z,trent alexander-arnold,22364018,50,
2026-08-19T10:18Z,yuri berchiche,12294334,70,
2026-08-19T12:46Z,abde ezzalzouli,42090016,30,
2026-08-19T12:46Z,abiel osorio,1320886,0,
2026-08-19T12:46Z,aitor paredes,5385813,70,
2026-08-19T12:46Z,antonio blanco,14731133,90,
2026-08-19T12:46Z,arda guler,56090061,60,
2026-08-19T12:46Z,ayoze perez,17664470,50,
2026-08-19T12:46Z,beñat turrientes,6956237,50,
2026-08-19T12:46Z,carlos espi,9563853,30,
2026-08-19T12:46Z,carlos puga,5012308,70,
2026-08-19T12:46Z,cesar tarrega,9139919,80,
2026-08-19T12:46Z,dani lorenzo,9446672,90,
2026-08-19T12:46Z,dean huijsen,35049155,70,
2026-08-19T12:46Z,denis suarez,2388577,50,
2026-08-19T12:46Z,ferran jutgla,9566381,80,
2026-08-19T12:46Z,iago aspas,6930450,40,
2026-08-19T12:46Z,igor zubeldia,10295291,60,
2026-08-19T12:46Z,ilaix moriba,9645774,50,
2026-08-19T12:46Z,iñigo perez,2099445,,
2026-08-19T12:46Z,isi palazon,20471475,80,
2026-08-19T12:46Z,izan merino,6015339,70,
2026-08-19T12:46Z,javi puado,5728641,0,
2026-08-19T12:46Z,joan garcia,70886933,80,
2026-08-19T12:46Z,johnny cardoso,5412259,30,
2026-08-19T12:46Z,juan foyth,13306196,70,
2026-08-19T12:46Z,karl etta eyong,24970145,50,
2026-08-19T12:46Z,leandro cabrera,16007804,0,
2026-08-19T12:46Z,manel usedo,744851,,
2026-08-19T12:46Z,marc roca,5348551,60,
2026-08-19T12:46Z,mario martin,4092313,70,
2026-08-19T12:46Z,mario soriano,27549308,80,
2026-08-19T12:46Z,matias dituro,7888908,90,
2026-08-19T12:46Z,matias vecino,1827987,20,
2026-08-19T12:46Z,nico guillen,4697714,50,
2026-08-19T12:46Z,omar el hilali,9760951,80,
2026-08-19T12:46Z,peque,2051836,50,
2026-08-19T12:46Z,peter gulacsi,4107482,40,
2026-08-19T12:46Z,quilindschy hartman,8048919,30,
2026-08-19T12:46Z,santiago mouriño,37273620,70,
2026-08-19T12:46Z,trent alexander-arnold,22364018,50,
2026-08-19T12:46Z,yuri berchiche,12294334,70,
2026-08-19T14:52Z,abde ezzalzouli,42090016,30,
2026-08-19T14:52Z,abiel osorio,1320886,0,
2026-08-19T14:52Z,aitor paredes,5385813,70,
2026-08-19T14:52Z,antonio blanco,14731133,90,
2026-08-19T14:52Z,arda guler,56090061,60,
2026-08-19T14:52Z,ayoze perez,17664470,50,
2026-08-19T14:52Z,beñat turrientes,6956237,50,
2026-08-19T14:52Z,carlos espi,9563853,30,
2026-08-19T14:52Z,carlos puga,5012308,70,
2026-08-19T14:52Z,cesar tarrega,9139919,80,
2026-08-19T14:52Z,dani lorenzo,9446672,90,
2026-08-19T14:52Z,dean huijsen,35049155,70,
2026-08-19T14:52Z,denis suarez,2388577,50,
2026-08-19T14:52Z,ferran jutgla,9566381,80,
2026-08-19T14:52Z,iago aspas,6930450,40,
2026-08-19T14:52Z,igor zubeldia,10295291,60,
2026-08-19T14:52Z,ilaix moriba,9645774,50,
2026-08-19T14:52Z,iñigo perez,2099445,,
2026-08-19T14:52Z,isi palazon,20471475,80,
2026-08-19T14:52Z,izan merino,6015339,70,
2026-08-19T14:52Z,javi puado,5728641,0,
2026-08-19T14:52Z,joan garcia,70886933,80,
2026-08-19T14:52Z,johnny cardoso,5412259,30,
2026-08-19T14:52Z,juan foyth,13306196,70,
2026-08-19T14:52Z,karl etta eyong,24970145,50,
2026-08-19T14:52Z,leandro cabrera,16007804,0,
2026-08-19T14:52Z,manel usedo,744851,,
2026-08-19T14:52Z,marc roca,5348551,60,
2026-08-19T14:52Z,mario martin,4092313,70,
2026-08-19T14:52Z,mario soriano,27549308,80,
2026-08-19T14:52Z,matias dituro,7888908,90,
2026-08-19T14:52Z,matias vecino,1827987,20,
2026-08-19T14:52Z,nico guillen,4697714,50,
2026-08-19T14:52Z,omar el hilali,9760951,80,
2026-08-19T14:52Z,peque,2051836,50,
2026-08-19T14:52Z,peter gulacsi,4107482,40,
2026-08-19T14:52Z,quilindschy hartman,8048919,30,
2026-08-19T14:52Z,santiago mouriño,37273620,70,
2026-08-19T14:52Z,trent alexander-arnold,22364018,50,
2026-08-19T14:52Z,yuri berchiche,12294334,70,
2026-08-19T14:53Z,abde ezzalzouli,42090016,30,
2026-08-19T14:53Z,abiel osorio,1320886,0,
2026-08-19T14:53Z,aitor paredes,5385813,70,
2026-08-19T14:53Z,antonio blanco,14731133,90,
2026-08-19T14:53Z,arda guler,56090061,60,
2026-08-19T14:53Z,ayoze perez,17664470,50,
2026-08-19T14:53Z,beñat turrientes,6956237,50,
2026-08-19T14:53Z,carlos espi,9563853,30,
2026-08-19T14:53Z,carlos puga,5012308,70,
2026-08-19T14:53Z,cesar tarrega,9139919,80,
2026-08-19T14:53Z,dani lorenzo,9446672,90,
2026-08-19T14:53Z,dean huijsen,35049155,70,
2026-08-19T14:53Z,denis suarez,2388577,50,
2026-08-19T14:53Z,ferran jutgla,9566381,80,
2026-08-19T14:53Z,iago aspas,6930450,40,
2026-08-19T14:53Z,igor zubeldia,10295291,60,
2026-08-19T14:53Z,ilaix moriba,9645774,50,
2026-08-19T14:53Z,iñigo perez,2099445,,
2026-08-19T14:53Z,isi palazon,20471475,80,
2026-08-19T14:53Z,izan merino,6015339,70,
2026-08-19T14:53Z,javi puado,5728641,0,
2026-08-19T14:53Z,joan garcia,70886933,80,
2026-08-19T14:53Z,johnny cardoso,5412259,30,
2026-08-19T14:53Z,juan foyth,13306196,70,
2026-08-19T14:53Z,karl etta eyong,24970145,50,
2026-08-19T14:53Z,leandro cabrera,16007804,0,
2026-08-19T14:53Z,manel usedo,744851,,
2026-08-19T14:53Z,marc roca,5348551,60,
2026-08-19T14:53Z,mario martin,4092313,70,
2026-08-19T14:53Z,mario soriano,27549308,80,
2026-08-19T14:53Z,matias dituro,7888908,90,
2026-08-19T14:53Z,matias vecino,1827987,20,
2026-08-19T14:53Z,nico guillen,4697714,50,
2026-08-19T14:53Z,omar el hilali,9760951,80,
2026-08-19T14:53Z,peque,2051836,50,
2026-08-19T14:53Z,peter gulacsi,4107482,40,
2026-08-19T14:53Z,quilindschy hartman,8048919,30,
2026-08-19T14:53Z,santiago mouriño,37273620,70,
2026-08-19T14:53Z,trent alexander-arnold,22364018,50,
2026-08-19T14:53Z,yuri berchiche,12294334,70,
2026-08-19T14:54Z,abde ezzalzouli,42090016,30,
2026-08-19T14:54Z,abiel osorio,1320886,0,
2026-08-19T14:54Z,aitor paredes,5385813,70,
2026-08-19T14:54Z,antonio blanco,14731133,90,
2026-08-19T14:54Z,arda guler,56090061,60,
2026-08-19T14:54Z,ayoze perez,17664470,50,
2026-08-19T14:54Z,beñat turrientes,6956237,50,
2026-08-19T14:54Z,carlos espi,9563853,30,
2026-08-19T14:54Z,carlos puga,5012308,70,
2026-08-19T14:54Z,cesar tarrega,9139919,80,
2026-08-19T14:54Z,dani lorenzo,9446672,90,
2026-08-19T14:54Z,dean huijsen,35049155,70,
2026-08-19T14:54Z,denis suarez,2388577,50,
2026-08-19T14:54Z,ferran jutgla,9566381,80,
2026-08-19T14:54Z,iago aspas,6930450,40,
2026-08-19T14:54Z,igor zubeldia,10295291,60,
2026-08-19T14:54Z,ilaix moriba,9645774,50,
2026-08-19T14:54Z,iñigo perez,2099445,,
2026-08-19T14:54Z,isi palazon,20471475,80,
2026-08-19T14:54Z,izan merino,6015339,70,
2026-08-19T14:54Z,javi puado,5728641,0,
2026-08-19T14:54Z,joan garcia,70886933,80,
2026-08-19T14:54Z,johnny cardoso,5412259,30,
2026-08-19T14:54Z,juan foyth,13306196,70,
2026-08-19T14:54Z,karl etta eyong,24970145,50,
2026-08-19T14:54Z,leandro cabrera,16007804,0,
2026-08-19T14:54Z,manel usedo,744851,,
2026-08-19T14:54Z,marc roca,5348551,60,
2026-08-19T14:54Z,mario martin,4092313,70,
2026-08-19T14:54Z,mario soriano,27549308,80,
2026-08-19T14:54Z,matias dituro,7888908,90,
2026-08-19T14:54Z,matias vecino,1827987,20,
2026-08-19T14:54Z,nico guillen,4697714,50,
2026-08-19T14:54Z,omar el hilali,9760951,80,
2026-08-19T14:54Z,peque,2051836,50,
2026-08-19T14:54Z,peter gulacsi,4107482,40,
2026-08-19T14:54Z,quilindschy hartman,8048919,30,
2026-08-19T14:54Z,santiago mouriño,37273620,70,
2026-08-19T14:54Z,trent alexander-arnold,22364018,50,
2026-08-19T14:54Z,yuri berchiche,12294334,70,
2026-08-19T15:09Z,abde ezzalzouli,42090016,30,
2026-08-19T15:09Z,abiel osorio,1320886,0,
2026-08-19T15:09Z,aitor paredes,5385813,70,
2026-08-19T15:09Z,antonio blanco,14731133,90,
2026-08-19T15:09Z,arda guler,56090061,60,
2026-08-19T15:09Z,ayoze perez,17664470,50,
2026-08-19T15:09Z,beñat turrientes,6956237,50,
2026-08-19T15:09Z,carlos espi,9563853,30,
2026-08-19T15:09Z,carlos puga,5012308,70,
2026-08-19T15:09Z,cesar tarrega,9139919,80,
2026-08-19T15:09Z,dani lorenzo,9446672,90,
2026-08-19T15:09Z,dean huijsen,35049155,70,
2026-08-19T15:09Z,denis suarez,2388577,50,
2026-08-19T15:09Z,ferran jutgla,9566381,80,
2026-08-19T15:09Z,iago aspas,6930450,40,
2026-08-19T15:09Z,igor zubeldia,10295291,60,
2026-08-19T15:09Z,ilaix moriba,9645774,50,
2026-08-19T15:09Z,iñigo perez,2099445,,
2026-08-19T15:09Z,isi palazon,20471475,80,
2026-08-19T15:09Z,izan merino,6015339,70,
2026-08-19T15:09Z,javi puado,5728641,0,
2026-08-19T15:09Z,joan garcia,70886933,80,
2026-08-19T15:09Z,johnny cardoso,5412259,30,
2026-08-19T15:09Z,juan foyth,13306196,70,
2026-08-19T15:09Z,karl etta eyong,24970145,50,
2026-08-19T15:09Z,leandro cabrera,16007804,0,
2026-08-19T15:09Z,manel usedo,744851,,
2026-08-19T15:09Z,marc roca,5348551,60,
2026-08-19T15:09Z,mario martin,4092313,70,
2026-08-19T15:09Z,mario soriano,27549308,80,
2026-08-19T15:09Z,matias dituro,7888908,90,
2026-08-19T15:09Z,matias vecino,1827987,20,
2026-08-19T15:09Z,nico guillen,4697714,50,
2026-08-19T15:09Z,omar el hilali,9760951,80,
2026-08-19T15:09Z,peque,2051836,50,
2026-08-19T15:09Z,peter gulacsi,4107482,40,
2026-08-19T15:09Z,quilindschy hartman,8048919,30,
2026-08-19T15:09Z,santiago mouriño,37273620,70,
2026-08-19T15:09Z,trent alexander-arnold,22364018,50,
2026-08-19T15:09Z,yuri berchiche,12294334,70,
2026-08-19T15:21Z,abde ezzalzouli,42090016,30,
2026-08-19T15:21Z,abiel osorio,1320886,0,
2026-08-19T15:21Z,aitor paredes,5385813,70,
2026-08-19T15:21Z,antonio blanco,14731133,90,
2026-08-19T15:21Z,arda guler,56090061,60,
2026-08-19T15:21Z,ayoze perez,17664470,50,
2026-08-19T15:21Z,beñat turrientes,6956237,50,
2026-08-19T15:21Z,carlos espi,9563853,30,
2026-08-19T15:21Z,carlos puga,5012308,70,
2026-08-19T15:21Z,cesar tarrega,9139919,80,
2026-08-19T15:21Z,dani lorenzo,9446672,90,
2026-08-19T15:21Z,dean huijsen,35049155,70,
2026-08-19T15:21Z,denis suarez,2388577,50,
2026-08-19T15:21Z,ferran jutgla,9566381,80,
2026-08-19T15:21Z,iago aspas,6930450,40,
2026-08-19T15:21Z,igor zubeldia,10295291,60,
2026-08-19T15:21Z,ilaix moriba,9645774,50,
2026-08-19T15:21Z,iñigo perez,2099445,,
2026-08-19T15:21Z,isi palazon,20471475,80,
2026-08-19T15:21Z,izan merino,6015339,70,
2026-08-19T15:21Z,javi puado,5728641,0,
2026-08-19T15:21Z,joan garcia,70886933,80,
2026-08-19T15:21Z,johnny cardoso,5412259,30,
2026-08-19T15:21Z,juan foyth,13306196,70,
2026-08-19T15:21Z,karl etta eyong,24970145,50,
2026-08-19T15:21Z,leandro cabrera,16007804,0,
2026-08-19T15:21Z,manel usedo,744851,,
2026-08-19T15:21Z,marc roca,5348551,60,
2026-08-19T15:21Z,mario martin,4092313,70,
2026-08-19T15:21Z,mario soriano,27549308,80,
2026-08-19T15:21Z,matias dituro,7888908,90,
2026-08-19T15:21Z,matias vecino,1827987,20,
2026-08-19T15:21Z,nico guillen,4697714,50,
2026-08-19T15:21Z,omar el hilali,9760951,80,
2026-08-19T15:21Z,peque,2051836,50,
2026-08-19T15:21Z,peter gulacsi,4107482,40,
2026-08-19T15:21Z,quilindschy hartman,8048919,30,
2026-08-19T15:21Z,santiago mouriño,37273620,70,
2026-08-19T15:21Z,trent alexander-arnold,22364018,50,
2026-08-19T15:21Z,yuri berchiche,12294334,70,
2026-08-19T15:34Z,abde ezzalzouli,42090016,30,
2026-08-19T15:34Z,abiel osorio,1320886,0,
2026-08-19T15:34Z,aitor paredes,5385813,70,
2026-08-19T15:34Z,antonio blanco,14731133,90,
2026-08-19T15:34Z,arda guler,56090061,60,
2026-08-19T15:34Z,ayoze perez,17664470,50,
2026-08-19T15:34Z,beñat turrientes,6956237,50,
2026-08-19T15:34Z,carlos espi,9563853,30,
2026-08-19T15:34Z,carlos puga,5012308,70,
2026-08-19T15:34Z,cesar tarrega,9139919,80,
2026-08-19T15:34Z,dani lorenzo,9446672,90,
2026-08-19T15:34Z,dean huijsen,35049155,70,
2026-08-19T15:34Z,denis suarez,2388577,50,
2026-08-19T15:34Z,ferran jutgla,9566381,80,
2026-08-19T15:34Z,iago aspas,6930450,40,
2026-08-19T15:34Z,igor zubeldia,10295291,60,
2026-08-19T15:34Z,ilaix moriba,9645774,50,
2026-08-19T15:34Z,iñigo perez,2099445,,
2026-08-19T15:34Z,isi palazon,20471475,80,
2026-08-19T15:34Z,izan merino,6015339,70,
2026-08-19T15:34Z,javi puado,5728641,0,
2026-08-19T15:34Z,joan garcia,70886933,80,
2026-08-19T15:34Z,johnny cardoso,5412259,30,
2026-08-19T15:34Z,juan foyth,13306196,70,
2026-08-19T15:34Z,karl etta eyong,24970145,50,
2026-08-19T15:34Z,leandro cabrera,16007804,0,
2026-08-19T15:34Z,manel usedo,744851,,
2026-08-19T15:34Z,marc roca,5348551,60,
2026-08-19T15:34Z,mario martin,4092313,70,
2026-08-19T15:34Z,mario soriano,27549308,80,
2026-08-19T15:34Z,matias dituro,7888908,90,
2026-08-19T15:34Z,matias vecino,1827987,20,
2026-08-19T15:34Z,nico guillen,4697714,50,
2026-08-19T15:34Z,omar el hilali,9760951,80,
2026-08-19T15:34Z,peque,2051836,50,
2026-08-19T15:34Z,peter gulacsi,4107482,40,
2026-08-19T15:34Z,quilindschy hartman,8048919,30,
2026-08-19T15:34Z,santiago mouriño,37273620,70,
2026-08-19T15:34Z,trent alexander-arnold,22364018,50,
2026-08-19T15:34Z,yuri berchiche,12294334,70,
2026-08-19T15:44Z,abde ezzalzouli,42090016,30,
2026-08-19T15:44Z,abiel osorio,1320886,0,
2026-08-19T15:44Z,aitor paredes,5385813,70,
2026-08-19T15:44Z,antonio blanco,14731133,90,
2026-08-19T15:44Z,arda guler,56090061,60,
2026-08-19T15:44Z,ayoze perez,17664470,50,
2026-08-19T15:44Z,beñat turrientes,6956237,50,
2026-08-19T15:44Z,carlos espi,9563853,30,
2026-08-19T15:44Z,carlos puga,5012308,70,
2026-08-19T15:44Z,cesar tarrega,9139919,80,
2026-08-19T15:44Z,dani lorenzo,9446672,90,
2026-08-19T15:44Z,dean huijsen,35049155,70,
2026-08-19T15:44Z,denis suarez,2388577,50,
2026-08-19T15:44Z,ferran jutgla,9566381,80,
2026-08-19T15:44Z,iago aspas,6930450,40,
2026-08-19T15:44Z,igor zubeldia,10295291,60,
2026-08-19T15:44Z,ilaix moriba,9645774,50,
2026-08-19T15:44Z,iñigo perez,2099445,,
2026-08-19T15:44Z,isi palazon,20471475,80,
2026-08-19T15:44Z,izan merino,6015339,70,
2026-08-19T15:44Z,javi puado,5728641,0,
2026-08-19T15:44Z,joan garcia,70886933,80,
2026-08-19T15:44Z,johnny cardoso,5412259,30,
2026-08-19T15:44Z,juan foyth,13306196,70,
2026-08-19T15:44Z,karl etta eyong,24970145,50,
2026-08-19T15:44Z,leandro cabrera,16007804,0,
2026-08-19T15:44Z,manel usedo,744851,,
2026-08-19T15:44Z,marc roca,5348551,60,
2026-08-19T15:44Z,mario martin,4092313,70,
2026-08-19T15:44Z,mario soriano,27549308,80,
2026-08-19T15:44Z,matias dituro,7888908,90,
2026-08-19T15:44Z,matias vecino,1827987,20,
2026-08-19T15:44Z,nico guillen,4697714,50,
2026-08-19T15:44Z,omar el hilali,9760951,80,
2026-08-19T15:44Z,peque,2051836,50,
2026-08-19T15:44Z,peter gulacsi,4107482,40,
2026-08-19T15:44Z,quilindschy hartman,8048919,30,
2026-08-19T15:44Z,santiago mouriño,37273620,70,
2026-08-19T15:44Z,trent alexander-arnold,22364018,50,
2026-08-19T15:44Z,yuri berchiche,12294334,70,
2026-08-19T16:06Z,abde ezzalzouli,42090016,30,
2026-08-19T16:06Z,abiel osorio,1320886,0,
2026-08-19T16:06Z,aitor paredes,5385813,70,
2026-08-19T16:06Z,antonio blanco,14731133,90,
2026-08-19T16:06Z,arda guler,56090061,60,
2026-08-19T16:06Z,ayoze perez,17664470,50,
2026-08-19T16:06Z,beñat turrientes,6956237,50,
2026-08-19T16:06Z,carlos espi,9563853,30,
2026-08-19T16:06Z,carlos puga,5012308,70,
2026-08-19T16:06Z,cesar tarrega,9139919,80,
2026-08-19T16:06Z,dani lorenzo,9446672,90,
2026-08-19T16:06Z,dean huijsen,35049155,70,
2026-08-19T16:06Z,denis suarez,2388577,50,
2026-08-19T16:06Z,ferran jutgla,9566381,80,
2026-08-19T16:06Z,iago aspas,6930450,40,
2026-08-19T16:06Z,igor zubeldia,10295291,60,
2026-08-19T16:06Z,ilaix moriba,9645774,50,
2026-08-19T16:06Z,iñigo perez,2099445,,
2026-08-19T16:06Z,isi palazon,20471475,80,
2026-08-19T16:06Z,izan merino,6015339,70,
2026-08-19T16:06Z,javi puado,5728641,0,
2026-08-19T16:06Z,joan garcia,70886933,80,
2026-08-19T16:06Z,johnny cardoso,5412259,30,
2026-08-19T16:06Z,juan foyth,13306196,70,
2026-08-19T16:06Z,karl etta eyong,24970145,50,
2026-08-19T16:06Z,leandro cabrera,16007804,0,
2026-08-19T16:06Z,manel usedo,744851,,
2026-08-19T16:06Z,marc roca,5348551,60,
2026-08-19T16:06Z,mario martin,4092313,70,
2026-08-19T16:06Z,mario soriano,27549308,80,
2026-08-19T16:06Z,matias dituro,7888908,90,
2026-08-19T16:06Z,matias vecino,1827987,20,
2026-08-19T16:06Z,nico guillen,4697714,50,
2026-08-19T16:06Z,omar el hilali,9760951,80,
2026-08-19T16:06Z,peque,2051836,50,
2026-08-19T16:06Z,peter gulacsi,4107482,40,
2026-08-19T16:06Z,quilindschy hartman,8048919,30,
2026-08-19T16:06Z,santiago mouriño,37273620,70,
2026-08-19T16:06Z,trent alexander-arnold,22364018,50,
2026-08-19T16:06Z,yuri berchiche,12294334,70,
2026-08-19T16:06Z,abde ezzalzouli,42090016,30,
2026-08-19T16:06Z,abiel osorio,1320886,0,
2026-08-19T16:06Z,aitor paredes,5385813,70,
2026-08-19T16:06Z,antonio blanco,14731133,90,
2026-08-19T16:06Z,arda guler,56090061,60,
2026-08-19T16:06Z,ayoze perez,17664470,50,
2026-08-19T16:06Z,beñat turrientes,6956237,50,
2026-08-19T16:06Z,carlos espi,9563853,30,
2026-08-19T16:06Z,carlos puga,5012308,70,
2026-08-19T16:06Z,cesar tarrega,9139919,80,
2026-08-19T16:06Z,dani lorenzo,9446672,90,
2026-08-19T16:06Z,dean huijsen,35049155,70,
2026-08-19T16:06Z,denis suarez,2388577,50,
2026-08-19T16:06Z,ferran jutgla,9566381,80,
2026-08-19T16:06Z,iago aspas,6930450,40,
2026-08-19T16:06Z,igor zubeldia,10295291,60,
2026-08-19T16:06Z,ilaix moriba,9645774,50,
2026-08-19T16:06Z,iñigo perez,2099445,,
2026-08-19T16:06Z,isi palazon,20471475,80,
2026-08-19T16:06Z,izan merino,6015339,70,
2026-08-19T16:06Z,javi puado,5728641,0,
2026-08-19T16:06Z,joan garcia,70886933,80,
2026-08-19T16:06Z,johnny cardoso,5412259,30,
2026-08-19T16:06Z,juan foyth,13306196,70,
2026-08-19T16:06Z,karl etta eyong,24970145,50,
2026-08-19T16:06Z,leandro cabrera,16007804,0,
2026-08-19T16:06Z,manel usedo,744851,,
2026-08-19T16:06Z,marc roca,5348551,60,
2026-08-19T16:06Z,mario martin,4092313,70,
2026-08-19T16:06Z,mario soriano,27549308,80,
2026-08-19T16:06Z,matias dituro,7888908,90,
2026-08-19T16:06Z,matias vecino,1827987,20,
2026-08-19T16:06Z,nico guillen,4697714,50,
2026-08-19T16:06Z,omar el hilali,9760951,80,
2026-08-19T16:06Z,peque,2051836,50,
2026-08-19T16:06Z,peter gulacsi,4107482,40,
2026-08-19T16:06Z,quilindschy hartman,8048919,30,
2026-08-19T16:06Z,santiago mouriño,37273620,70,
2026-08-19T16:06Z,trent alexander-arnold,22364018,50,
2026-08-19T16:06Z,yuri berchiche,12294334,70,
2026-08-19T16:10Z,abde ezzalzouli,42090016,30,
2026-08-19T16:10Z,abiel osorio,1320886,0,
2026-08-19T16:10Z,aitor paredes,5385813,70,
2026-08-19T16:10Z,antonio blanco,14731133,90,
2026-08-19T16:10Z,arda guler,56090061,60,
2026-08-19T16:10Z,ayoze perez,17664470,50,
2026-08-19T16:10Z,beñat turrientes,6956237,50,
2026-08-19T16:10Z,carlos espi,9563853,30,
2026-08-19T16:10Z,carlos puga,5012308,70,
2026-08-19T16:10Z,cesar tarrega,9139919,80,
2026-08-19T16:10Z,dani lorenzo,9446672,90,
2026-08-19T16:10Z,dean huijsen,35049155,70,
2026-08-19T16:10Z,denis suarez,2388577,50,
2026-08-19T16:10Z,ferran jutgla,9566381,80,
2026-08-19T16:10Z,iago aspas,6930450,40,
2026-08-19T16:10Z,igor zubeldia,10295291,60,
2026-08-19T16:10Z,ilaix moriba,9645774,50,
2026-08-19T16:10Z,iñigo perez,2099445,,
2026-08-19T16:10Z,isi palazon,20471475,80,
2026-08-19T16:10Z,izan merino,6015339,70,
2026-08-19T16:10Z,javi puado,5728641,0,
2026-08-19T16:10Z,joan garcia,70886933,80,
2026-08-19T16:10Z,johnny cardoso,5412259,30,
2026-08-19T16:10Z,juan foyth,13306196,70,
2026-08-19T16:10Z,karl etta eyong,24970145,50,
2026-08-19T16:10Z,leandro cabrera,16007804,0,
2026-08-19T16:10Z,manel usedo,744851,,
2026-08-19T16:10Z,marc roca,5348551,60,
2026-08-19T16:10Z,mario martin,4092313,70,
2026-08-19T16:10Z,mario soriano,27549308,80,
2026-08-19T16:10Z,matias dituro,7888908,90,
2026-08-19T16:10Z,matias vecino,1827987,20,
2026-08-19T16:10Z,nico guillen,4697714,50,
2026-08-19T16:10Z,omar el hilali,9760951,80,
2026-08-19T16:10Z,peque,2051836,50,
2026-08-19T16:10Z,peter gulacsi,4107482,40,
2026-08-19T16:10Z,quilindschy hartman,8048919,30,
2026-08-19T16:10Z,santiago mouriño,37273620,70,
2026-08-19T16:10Z,trent alexander-arnold,22364018,50,
2026-08-19T16:10Z,yuri berchiche,12294334,70,
2026-08-19T16:22Z,abde ezzalzouli,42090016,30,
2026-08-19T16:22Z,abiel osorio,1320886,0,
2026-08-19T16:22Z,aitor paredes,5385813,70,
2026-08-19T16:22Z,antonio blanco,14731133,90,
2026-08-19T16:22Z,arda guler,56090061,60,
2026-08-19T16:22Z,ayoze perez,17664470,50,
2026-08-19T16:22Z,beñat turrientes,6956237,50,
2026-08-19T16:22Z,carlos espi,9563853,30,
2026-08-19T16:22Z,carlos puga,5012308,70,
2026-08-19T16:22Z,cesar tarrega,9139919,80,
2026-08-19T16:22Z,dani lorenzo,9446672,90,
2026-08-19T16:22Z,dean huijsen,35049155,70,
2026-08-19T16:22Z,denis suarez,2388577,50,
2026-08-19T16:22Z,ferran jutgla,9566381,80,
2026-08-19T16:22Z,iago aspas,6930450,40,
2026-08-19T16:22Z,igor zubeldia,10295291,60,
2026-08-19T16:22Z,ilaix moriba,9645774,50,
2026-08-19T16:22Z,iñigo perez,2099445,,
2026-08-19T16:22Z,isi palazon,20471475,80,
2026-08-19T16:22Z,izan merino,6015339,70,
2026-08-19T16:22Z,javi puado,5728641,0,
2026-08-19T16:22Z,joan garcia,70886933,80,
2026-08-19T16:22Z,johnny cardoso,5412259,30,
2026-08-19T16:22Z,juan foyth,13306196,70,
2026-08-19T16:22Z,karl etta eyong,24970145,50,
2026-08-19T16:22Z,leandro cabrera,16007804,0,
2026-08-19T16:22Z,manel usedo,744851,,
2026-08-19T16:22Z,marc roca,5348551,60,
2026-08-19T16:22Z,mario martin,4092313,70,
2026-08-19T16:22Z,mario soriano,27549308,80,
2026-08-19T16:22Z,matias dituro,7888908,90,
2026-08-19T16:22Z,matias vecino,1827987,20,
2026-08-19T16:22Z,nico guillen,4697714,50,
2026-08-19T16:22Z,omar el hilali,9760951,80,
2026-08-19T16:22Z,peque,2051836,50,
2026-08-19T16:22Z,peter gulacsi,4107482,40,
2026-08-19T16:22Z,quilindschy hartman,8048919,30,
2026-08-19T16:22Z,santiago mouriño,37273620,70,
2026-08-19T16:22Z,trent alexander-arnold,22364018,50,
2026-08-19T16:22Z,yuri berchiche,12294334,70,
2026-08-19T16:39Z,abde ezzalzouli,42090016,30,
2026-08-19T16:39Z,abiel osorio,1320886,0,
2026-08-19T16:39Z,aitor paredes,5385813,70,
2026-08-19T16:39Z,antonio blanco,14731133,90,
2026-08-19T16:39Z,arda guler,56090061,60,
2026-08-19T16:39Z,ayoze perez,17664470,50,
2026-08-19T16:39Z,beñat turrientes,6956237,50,
2026-08-19T16:39Z,carlos espi,9563853,30,
2026-08-19T16:39Z,carlos puga,5012308,70,
2026-08-19T16:39Z,cesar tarrega,9139919,80,
2026-08-19T16:39Z,dani lorenzo,9446672,90,
2026-08-19T16:39Z,dean huijsen,35049155,70,
2026-08-19T16:39Z,denis suarez,2388577,50,
2026-08-19T16:39Z,ferran jutgla,9566381,80,
2026-08-19T16:39Z,iago aspas,6930450,40,
2026-08-19T16:39Z,igor zubeldia,10295291,60,
2026-08-19T16:39Z,ilaix moriba,9645774,50,
2026-08-19T16:39Z,iñigo perez,2099445,,
2026-08-19T16:39Z,isi palazon,20471475,80,
2026-08-19T16:39Z,izan merino,6015339,70,
2026-08-19T16:39Z,javi puado,5728641,0,
2026-08-19T16:39Z,joan garcia,70886933,80,
2026-08-19T16:39Z,johnny cardoso,5412259,30,
2026-08-19T16:39Z,juan foyth,13306196,70,
2026-08-19T16:39Z,karl etta eyong,24970145,50,
2026-08-19T16:39Z,leandro cabrera,16007804,0,
2026-08-19T16:39Z,manel usedo,744851,,
2026-08-19T16:39Z,marc roca,5348551,60,
2026-08-19T16:39Z,mario martin,4092313,70,
2026-08-19T16:39Z,mario soriano,27549308,80,
2026-08-19T16:39Z,matias dituro,7888908,90,
2026-08-19T16:39Z,matias vecino,1827987,20,
2026-08-19T16:39Z,nico guillen,4697714,50,
2026-08-19T16:39Z,omar el hilali,9760951,80,
2026-08-19T16:39Z,peque,2051836,50,
2026-08-19T16:39Z,peter gulacsi,4107482,40,
2026-08-19T16:39Z,quilindschy hartman,8048919,30,
2026-08-19T16:39Z,santiago mouriño,37273620,70,
2026-08-19T16:39Z,trent alexander-arnold,22364018,50,
2026-08-19T16:39Z,yuri berchiche,12294334,70,
2026-08-19T17:24Z,abde ezzalzouli,42090016,30,
2026-08-19T17:24Z,abiel osorio,1320886,0,
2026-08-19T17:24Z,aitor paredes,5385813,70,
2026-08-19T17:24Z,antonio blanco,14731133,90,
2026-08-19T17:24Z,arda guler,56090061,60,
2026-08-19T17:24Z,ayoze perez,17664470,50,
2026-08-19T17:24Z,beñat turrientes,6956237,50,
2026-08-19T17:24Z,carlos espi,9563853,30,
2026-08-19T17:24Z,carlos puga,5012308,70,
2026-08-19T17:24Z,cesar tarrega,9139919,80,
2026-08-19T17:24Z,dani lorenzo,9446672,90,
2026-08-19T17:24Z,dean huijsen,35049155,70,
2026-08-19T17:24Z,denis suarez,2388577,50,
2026-08-19T17:24Z,ferran jutgla,9566381,80,
2026-08-19T17:24Z,iago aspas,6930450,40,
2026-08-19T17:24Z,igor zubeldia,10295291,60,
2026-08-19T17:24Z,ilaix moriba,9645774,50,
2026-08-19T17:24Z,iñigo perez,2099445,,
2026-08-19T17:24Z,isi palazon,20471475,80,
2026-08-19T17:24Z,izan merino,6015339,70,
2026-08-19T17:24Z,javi puado,5728641,0,
2026-08-19T17:24Z,joan garcia,70886933,80,
2026-08-19T17:24Z,johnny cardoso,5412259,30,
2026-08-19T17:24Z,juan foyth,13306196,70,
2026-08-19T17:24Z,karl etta eyong,24970145,50,
2026-08-19T17:24Z,leandro cabrera,16007804,0,
2026-08-19T17:24Z,manel usedo,744851,,
2026-08-19T17:24Z,marc roca,5348551,60,
2026-08-19T17:24Z,mario martin,4092313,70,
2026-08-19T17:24Z,mario soriano,27549308,80,
2026-08-19T17:24Z,matias dituro,7888908,90,
2026-08-19T17:24Z,matias vecino,1827987,20,
2026-08-19T17:24Z,nico guillen,4697714,50,
2026-08-19T17:24Z,omar el hilali,9760951,80,
2026-08-19T17:24Z,peque,2051836,50,
2026-08-19T17:24Z,peter gulacsi,4107482,40,
2026-08-19T17:24Z,quilindschy hartman,8048919,30,
2026-08-19T17:24Z,santiago mouriño,37273620,70,
2026-08-19T17:24Z,trent alexander-arnold,22364018,50,
2026-08-19T17:24Z,yuri berchiche,12294334,70,
2026-08-19T17:29Z,abde ezzalzouli,42090016,30,
2026-08-19T17:29Z,abiel osorio,1320886,0,
2026-08-19T17:29Z,aitor paredes,5385813,70,
2026-08-19T17:29Z,antonio blanco,14731133,90,
2026-08-19T17:29Z,arda guler,56090061,60,
2026-08-19T17:29Z,ayoze perez,17664470,50,
2026-08-19T17:29Z,beñat turrientes,6956237,50,
2026-08-19T17:29Z,carlos espi,9563853,30,
2026-08-19T17:29Z,carlos puga,5012308,70,
2026-08-19T17:29Z,cesar tarrega,9139919,80,
2026-08-19T17:29Z,dani lorenzo,9446672,90,
2026-08-19T17:29Z,dean huijsen,35049155,70,
2026-08-19T17:29Z,denis suarez,2388577,50,
2026-08-19T17:29Z,ferran jutgla,9566381,80,
2026-08-19T17:29Z,iago aspas,6930450,40,
2026-08-19T17:29Z,igor zubeldia,10295291,60,
2026-08-19T17:29Z,ilaix moriba,9645774,50,
2026-08-19T17:29Z,iñigo perez,2099445,,
2026-08-19T17:29Z,isi palazon,20471475,80,
2026-08-19T17:29Z,izan merino,6015339,70,
2026-08-19T17:29Z,javi puado,5728641,0,
2026-08-19T17:29Z,joan garcia,70886933,80,
2026-08-19T17:29Z,johnny cardoso,5412259,30,
2026-08-19T17:29Z,juan foyth,13306196,70,
2026-08-19T17:29Z,karl etta eyong,24970145,50,
2026-08-19T17:29Z,leandro cabrera,16007804,0,
2026-08-19T17:29Z,manel usedo,744851,,
2026-08-19T17:29Z,marc roca,5348551,60,
2026-08-19T17:29Z,mario martin,4092313,70,
2026-08-19T17:29Z,mario soriano,27549308,80,
2026-08-19T17:29Z,matias dituro,7888908,90,
2026-08-19T17:29Z,matias vecino,1827987,20,
2026-08-19T17:29Z,nico guillen,4697714,50,
2026-08-19T17:29Z,omar el hilali,9760951,80,
2026-08-19T17:29Z,peque,2051836,50,
2026-08-19T17:29Z,peter gulacsi,4107482,40,
2026-08-19T17:29Z,quilindschy hartman,8048919,30,
2026-08-19T17:29Z,santiago mouriño,37273620,70,
2026-08-19T17:29Z,trent alexander-arnold,22364018,50,
2026-08-19T17:29Z,yuri berchiche,12294334,70,
2026-08-19T17:29Z,abde ezzalzouli,42090016,30,
2026-08-19T17:29Z,abiel osorio,1320886,0,
2026-08-19T17:29Z,aitor paredes,5385813,70,
2026-08-19T17:29Z,antonio blanco,14731133,90,
2026-08-19T17:29Z,arda guler,56090061,60,
2026-08-19T17:29Z,ayoze perez,17664470,50,
2026-08-19T17:29Z,beñat turrientes,6956237,50,
2026-08-19T17:29Z,carlos espi,9563853,30,
2026-08-19T17:29Z,carlos puga,5012308,70,
2026-08-19T17:29Z,cesar tarrega,9139919,80,
2026-08-19T17:29Z,dani lorenzo,9446672,90,
2026-08-19T17:29Z,dean huijsen,35049155,70,
2026-08-19T17:29Z,denis suarez,2388577,50,
2026-08-19T17:29Z,ferran jutgla,9566381,80,
2026-08-19T17:29Z,iago aspas,6930450,40,
2026-08-19T17:29Z,igor zubeldia,10295291,60,
2026-08-19T17:29Z,ilaix moriba,9645774,50,
2026-08-19T17:29Z,iñigo perez,2099445,,
2026-08-19T17:29Z,isi palazon,20471475,80,
2026-08-19T17:29Z,izan merino,6015339,70,
2026-08-19T17:29Z,javi puado,5728641,0,
2026-08-19T17:29Z,joan garcia,70886933,80,
2026-08-19T17:29Z,johnny cardoso,5412259,30,
2026-08-19T17:29Z,juan foyth,13306196,70,
2026-08-19T17:29Z,karl etta eyong,24970145,50,
2026-08-19T17:29Z,leandro cabrera,16007804,0,
2026-08-19T17:29Z,manel usedo,744851,,
2026-08-19T17:29Z,marc roca,5348551,60,
2026-08-19T17:29Z,mario martin,4092313,70,
2026-08-19T17:29Z,mario soriano,27549308,80,
2026-08-19T17:29Z,matias dituro,7888908,90,
2026-08-19T17:29Z,matias vecino,1827987,20,
2026-08-19T17:29Z,nico guillen,4697714,50,
2026-08-19T17:29Z,omar el hilali,9760951,80,
2026-08-19T17:29Z,peque,2051836,50,
2026-08-19T17:29Z,peter gulacsi,4107482,40,
2026-08-19T17:29Z,quilindschy hartman,8048919,30,
2026-08-19T17:29Z,santiago mouriño,37273620,70,
2026-08-19T17:29Z,trent alexander-arnold,22364018,50,
2026-08-19T17:29Z,yuri berchiche,12294334,70,
2026-08-19T17:31Z,abde ezzalzouli,42090016,30,
2026-08-19T17:31Z,abiel osorio,1320886,0,
2026-08-19T17:31Z,aitor paredes,5385813,70,
2026-08-19T17:31Z,antonio blanco,14731133,90,
2026-08-19T17:31Z,arda guler,56090061,60,
2026-08-19T17:31Z,ayoze perez,17664470,50,
2026-08-19T17:31Z,beñat turrientes,6956237,50,
2026-08-19T17:31Z,carlos espi,9563853,30,
2026-08-19T17:31Z,carlos puga,5012308,70,
2026-08-19T17:31Z,cesar tarrega,9139919,80,
2026-08-19T17:31Z,dani lorenzo,9446672,90,
2026-08-19T17:31Z,dean huijsen,35049155,70,
2026-08-19T17:31Z,denis suarez,2388577,50,
2026-08-19T17:31Z,ferran jutgla,9566381,80,
2026-08-19T17:31Z,iago aspas,6930450,40,
2026-08-19T17:31Z,igor zubeldia,10295291,60,
2026-08-19T17:31Z,ilaix moriba,9645774,50,
2026-08-19T17:31Z,iñigo perez,2099445,,
2026-08-19T17:31Z,isi palazon,20471475,80,
2026-08-19T17:31Z,izan merino,6015339,70,
2026-08-19T17:31Z,javi puado,5728641,0,
2026-08-19T17:31Z,joan garcia,70886933,80,
2026-08-19T17:31Z,johnny cardoso,5412259,30,
2026-08-19T17:31Z,juan foyth,13306196,70,
2026-08-19T17:31Z,karl etta eyong,24970145,50,
2026-08-19T17:31Z,leandro cabrera,16007804,0,
2026-08-19T17:31Z,manel usedo,744851,,
2026-08-19T17:31Z,marc roca,5348551,60,
2026-08-19T17:31Z,mario martin,4092313,70,
2026-08-19T17:31Z,mario soriano,27549308,80,
2026-08-19T17:31Z,matias dituro,7888908,90,
2026-08-19T17:31Z,matias vecino,1827987,20,
2026-08-19T17:31Z,nico guillen,4697714,50,
2026-08-19T17:31Z,omar el hilali,9760951,80,
2026-08-19T17:31Z,peque,2051836,50,
2026-08-19T17:31Z,peter gulacsi,4107482,40,
2026-08-19T17:31Z,quilindschy hartman,8048919,30,
2026-08-19T17:31Z,santiago mouriño,37273620,70,
2026-08-19T17:31Z,trent alexander-arnold,22364018,50,
2026-08-19T17:31Z,yuri berchiche,12294334,70,
2026-08-19T17:33Z,abde ezzalzouli,42090016,30,
2026-08-19T17:33Z,abiel osorio,1320886,0,
2026-08-19T17:33Z,aitor paredes,5385813,70,
2026-08-19T17:33Z,antonio blanco,14731133,90,
2026-08-19T17:33Z,arda guler,56090061,60,
2026-08-19T17:33Z,ayoze perez,17664470,50,
2026-08-19T17:33Z,beñat turrientes,6956237,50,
2026-08-19T17:33Z,carlos espi,9563853,30,
2026-08-19T17:33Z,carlos puga,5012308,70,
2026-08-19T17:33Z,cesar tarrega,9139919,80,
2026-08-19T17:33Z,dani lorenzo,9446672,90,
2026-08-19T17:33Z,dean huijsen,35049155,70,
2026-08-19T17:33Z,denis suarez,2388577,50,
2026-08-19T17:33Z,ferran jutgla,9566381,80,
2026-08-19T17:33Z,iago aspas,6930450,40,
2026-08-19T17:33Z,igor zubeldia,10295291,60,
2026-08-19T17:33Z,ilaix moriba,9645774,50,
2026-08-19T17:33Z,iñigo perez,2099445,,
2026-08-19T17:33Z,isi palazon,20471475,80,
2026-08-19T17:33Z,izan merino,6015339,70,
2026-08-19T17:33Z,javi puado,5728641,0,
2026-08-19T17:33Z,joan garcia,70886933,80,
2026-08-19T17:33Z,johnny cardoso,5412259,30,
2026-08-19T17:33Z,juan foyth,13306196,70,
2026-08-19T17:33Z,karl etta eyong,24970145,50,
2026-08-19T17:33Z,leandro cabrera,16007804,0,
2026-08-19T17:33Z,manel usedo,744851,,
2026-08-19T17:33Z,marc roca,5348551,60,
2026-08-19T17:33Z,mario martin,4092313,70,
2026-08-19T17:33Z,mario soriano,27549308,80,
2026-08-19T17:33Z,matias dituro,7888908,90,
2026-08-19T17:33Z,matias vecino,1827987,20,
2026-08-19T17:33Z,nico guillen,4697714,50,
2026-08-19T17:33Z,omar el hilali,9760951,80,
2026-08-19T17:33Z,peque,2051836,50,
2026-08-19T17:33Z,peter gulacsi,4107482,40,
2026-08-19T17:33Z,quilindschy hartman,8048919,30,
2026-08-19T17:33Z,santiago mouriño,37273620,70,
2026-08-19T17:33Z,trent alexander-arnold,22364018,50,
2026-08-19T17:33Z,yuri berchiche,12294334,70,
2026-08-19T17:35Z,abde ezzalzouli,42090016,30,
2026-08-19T17:35Z,abiel osorio,1320886,0,
2026-08-19T17:35Z,aitor paredes,5385813,70,
2026-08-19T17:35Z,antonio blanco,14731133,90,
2026-08-19T17:35Z,arda guler,56090061,60,
2026-08-19T17:35Z,ayoze perez,17664470,50,
2026-08-19T17:35Z,beñat turrientes,6956237,50,
2026-08-19T17:35Z,carlos espi,9563853,30,
2026-08-19T17:35Z,carlos puga,5012308,70,
2026-08-19T17:35Z,cesar tarrega,9139919,80,
2026-08-19T17:35Z,dani lorenzo,9446672,90,
2026-08-19T17:35Z,dean huijsen,35049155,70,
2026-08-19T17:35Z,denis suarez,2388577,50,
2026-08-19T17:35Z,ferran jutgla,9566381,80,
2026-08-19T17:35Z,iago aspas,6930450,40,
2026-08-19T17:35Z,igor zubeldia,10295291,60,
2026-08-19T17:35Z,ilaix moriba,9645774,50,
2026-08-19T17:35Z,iñigo perez,2099445,,
2026-08-19T17:35Z,isi palazon,20471475,80,
2026-08-19T17:35Z,izan merino,6015339,70,
2026-08-19T17:35Z,javi puado,5728641,0,
2026-08-19T17:35Z,joan garcia,70886933,80,
2026-08-19T17:35Z,johnny cardoso,5412259,30,
2026-08-19T17:35Z,juan foyth,13306196,70,
2026-08-19T17:35Z,karl etta eyong,24970145,50,
2026-08-19T17:35Z,leandro cabrera,16007804,0,
2026-08-19T17:35Z,manel usedo,744851,,
2026-08-19T17:35Z,marc roca,5348551,60,
2026-08-19T17:35Z,mario martin,4092313,70,
2026-08-19T17:35Z,mario soriano,27549308,80,
2026-08-19T17:35Z,matias dituro,7888908,90,
2026-08-19T17:35Z,matias vecino,1827987,20,
2026-08-19T17:35Z,nico guillen,4697714,50,
2026-08-19T17:35Z,omar el hilali,9760951,80,
2026-08-19T17:35Z,peque,2051836,50,
2026-08-19T17:35Z,peter gulacsi,4107482,40,
2026-08-19T17:35Z,quilindschy hartman,8048919,30,
2026-08-19T17:35Z,santiago mouriño,37273620,70,
2026-08-19T17:35Z,trent alexander-arnold,22364018,50,
2026-08-19T17:35Z,yuri berchiche,12294334,70,
2026-08-19T17:54Z,abde ezzalzouli,42090016,30,
2026-08-19T17:54Z,abiel osorio,1320886,0,
2026-08-19T17:54Z,aitor paredes,5385813,70,
2026-08-19T17:54Z,antonio blanco,14731133,90,
2026-08-19T17:54Z,ayoze perez,17664470,50,
2026-08-19T17:54Z,beñat turrientes,6956237,50,
2026-08-19T17:54Z,carlos espi,9563853,30,
2026-08-19T17:54Z,carlos puga,5012308,70,
2026-08-19T17:54Z,cesar tarrega,9139919,80,
2026-08-19T17:54Z,dani lorenzo,9446672,90,
2026-08-19T17:54Z,dean huijsen,35049155,70,
2026-08-19T17:54Z,denis suarez,2388577,50,
2026-08-19T17:54Z,ferran jutgla,9566381,80,
2026-08-19T17:54Z,iago aspas,6930450,40,
2026-08-19T17:54Z,igor zubeldia,10295291,60,
2026-08-19T17:54Z,ilaix moriba,9645774,50,
2026-08-19T17:54Z,iñigo perez,2099445,,
2026-08-19T17:54Z,isi palazon,20471475,80,
2026-08-19T17:54Z,izan merino,6015339,70,
2026-08-19T17:54Z,javi puado,5728641,0,
2026-08-19T17:54Z,joan garcia,70886933,90,
2026-08-19T17:54Z,johnny cardoso,5412259,30,
2026-08-19T17:54Z,juan foyth,13306196,70,
2026-08-19T17:54Z,karl etta eyong,24970145,50,
2026-08-19T17:54Z,leandro cabrera,16007804,0,
2026-08-19T17:54Z,manel usedo,744851,,
2026-08-19T17:54Z,marc roca,5348551,60,
2026-08-19T17:54Z,mario martin,4092313,70,
2026-08-19T17:54Z,mario soriano,27549308,80,
2026-08-19T17:54Z,matias dituro,7888908,90,
2026-08-19T17:54Z,matias vecino,1827987,0,
2026-08-19T17:54Z,nico guillen,4697714,50,
2026-08-19T17:54Z,omar el hilali,9760951,80,
2026-08-19T17:54Z,peque,2051836,50,
2026-08-19T17:54Z,peter gulacsi,4107482,40,
2026-08-19T17:54Z,quilindschy hartman,8048919,30,
2026-08-19T17:54Z,santiago mouriño,37273620,70,
2026-08-19T17:54Z,trent alexander-arnold,22364018,50,
2026-08-19T17:54Z,yuri berchiche,12294334,70,
2026-08-19T17:57Z,abde ezzalzouli,42090016,30,
2026-08-19T17:57Z,abiel osorio,1320886,0,
2026-08-19T17:57Z,aitor paredes,5385813,70,
2026-08-19T17:57Z,antonio blanco,14731133,90,
2026-08-19T17:57Z,ayoze perez,17664470,50,
2026-08-19T17:57Z,beñat turrientes,6956237,50,
2026-08-19T17:57Z,carlos espi,9563853,30,
2026-08-19T17:57Z,carlos puga,5012308,70,
2026-08-19T17:57Z,cesar tarrega,9139919,80,
2026-08-19T17:57Z,dani lorenzo,9446672,90,
2026-08-19T17:57Z,dean huijsen,35049155,70,
2026-08-19T17:57Z,denis suarez,2388577,50,
2026-08-19T17:57Z,ferran jutgla,9566381,80,
2026-08-19T17:57Z,iago aspas,6930450,40,
2026-08-19T17:57Z,igor zubeldia,10295291,60,
2026-08-19T17:57Z,ilaix moriba,9645774,50,
2026-08-19T17:57Z,iñigo perez,2099445,,
2026-08-19T17:57Z,isi palazon,20471475,80,
2026-08-19T17:57Z,izan merino,6015339,70,
2026-08-19T17:57Z,javi puado,5728641,0,
2026-08-19T17:57Z,joan garcia,70886933,90,
2026-08-19T17:57Z,johnny cardoso,5412259,30,
2026-08-19T17:57Z,juan foyth,13306196,70,
2026-08-19T17:57Z,karl etta eyong,24970145,50,
2026-08-19T17:57Z,leandro cabrera,16007804,0,
2026-08-19T17:57Z,manel usedo,744851,,
2026-08-19T17:57Z,marc roca,5348551,60,
2026-08-19T17:57Z,mario martin,4092313,70,
2026-08-19T17:57Z,mario soriano,27549308,80,
2026-08-19T17:57Z,matias dituro,7888908,90,
2026-08-19T17:57Z,matias vecino,1827987,0,
2026-08-19T17:57Z,nico guillen,4697714,50,
2026-08-19T17:57Z,omar el hilali,9760951,80,
2026-08-19T17:57Z,peque,2051836,50,
2026-08-19T17:57Z,peter gulacsi,4107482,40,
2026-08-19T17:57Z,quilindschy hartman,8048919,30,
2026-08-19T17:57Z,santiago mouriño,37273620,70,
2026-08-19T17:57Z,trent alexander-arnold,22364018,50,
2026-08-19T17:57Z,yuri berchiche,12294334,70,
2026-08-19T17:58Z,abde ezzalzouli,42090016,30,
2026-08-19T17:58Z,abiel osorio,1320886,0,
2026-08-19T17:58Z,aitor paredes,5385813,70,
2026-08-19T17:58Z,antonio blanco,14731133,90,
2026-08-19T17:58Z,ayoze perez,17664470,50,
2026-08-19T17:58Z,beñat turrientes,6956237,50,
2026-08-19T17:58Z,carlos espi,9563853,30,
2026-08-19T17:58Z,carlos puga,5012308,70,
2026-08-19T17:58Z,cesar tarrega,9139919,80,
2026-08-19T17:58Z,dani lorenzo,9446672,90,
2026-08-19T17:58Z,dean huijsen,35049155,70,
2026-08-19T17:58Z,denis suarez,2388577,50,
2026-08-19T17:58Z,ferran jutgla,9566381,80,
2026-08-19T17:58Z,iago aspas,6930450,40,
2026-08-19T17:58Z,igor zubeldia,10295291,60,
2026-08-19T17:58Z,ilaix moriba,9645774,50,
2026-08-19T17:58Z,iñigo perez,2099445,,
2026-08-19T17:58Z,isi palazon,20471475,80,
2026-08-19T17:58Z,izan merino,6015339,70,
2026-08-19T17:58Z,javi puado,5728641,0,
2026-08-19T17:58Z,joan garcia,70886933,90,
2026-08-19T17:58Z,johnny cardoso,5412259,30,
2026-08-19T17:58Z,juan foyth,13306196,70,
2026-08-19T17:58Z,karl etta eyong,24970145,50,
2026-08-19T17:58Z,leandro cabrera,16007804,0,
2026-08-19T17:58Z,manel usedo,744851,,
2026-08-19T17:58Z,marc roca,5348551,60,
2026-08-19T17:58Z,mario martin,4092313,70,
2026-08-19T17:58Z,mario soriano,27549308,80,
2026-08-19T17:58Z,matias dituro,7888908,90,
2026-08-19T17:58Z,matias vecino,1827987,0,
2026-08-19T17:58Z,nico guillen,4697714,50,
2026-08-19T17:58Z,omar el hilali,9760951,80,
2026-08-19T17:58Z,peque,2051836,50,
2026-08-19T17:58Z,peter gulacsi,4107482,40,
2026-08-19T17:58Z,quilindschy hartman,8048919,30,
2026-08-19T17:58Z,santiago mouriño,37273620,70,
2026-08-19T17:58Z,trent alexander-arnold,22364018,50,
2026-08-19T17:58Z,yuri berchiche,12294334,70,
2026-08-19T18:23Z,abde ezzalzouli,42090016,30,
2026-08-19T18:23Z,abiel osorio,1320886,0,
2026-08-19T18:23Z,aitor paredes,5385813,70,
2026-08-19T18:23Z,antonio blanco,14731133,90,
2026-08-19T18:23Z,ayoze perez,17664470,50,
2026-08-19T18:23Z,beñat turrientes,6956237,50,
2026-08-19T18:23Z,carlos espi,9563853,30,
2026-08-19T18:23Z,carlos puga,5012308,70,
2026-08-19T18:23Z,cesar tarrega,9139919,80,
2026-08-19T18:23Z,dean huijsen,35049155,70,
2026-08-19T18:23Z,denis suarez,2388577,50,
2026-08-19T18:23Z,ferran jutgla,9566381,80,
2026-08-19T18:23Z,iago aspas,6930450,40,
2026-08-19T18:23Z,igor zubeldia,10295291,60,
2026-08-19T18:23Z,ilaix moriba,9645774,50,
2026-08-19T18:23Z,iñigo perez,2099445,,
2026-08-19T18:23Z,isi palazon,20471475,80,
2026-08-19T18:23Z,izan merino,6015339,70,
2026-08-19T18:23Z,javi puado,5728641,0,
2026-08-19T18:23Z,joan garcia,70886933,90,
2026-08-19T18:23Z,johnny cardoso,5412259,30,
2026-08-19T18:23Z,juan foyth,13306196,70,
2026-08-19T18:23Z,karl etta eyong,24970145,50,
2026-08-19T18:23Z,leandro cabrera,16007804,0,
2026-08-19T18:23Z,manel usedo,744851,,
2026-08-19T18:23Z,marc roca,5348551,60,
2026-08-19T18:23Z,mario martin,4092313,70,
2026-08-19T18:23Z,mario soriano,27549308,80,
2026-08-19T18:23Z,matias dituro,7888908,90,
2026-08-19T18:23Z,matias vecino,1827987,0,
2026-08-19T18:23Z,nico guillen,4697714,50,
2026-08-19T18:23Z,omar el hilali,9760951,80,
2026-08-19T18:23Z,peque,2051836,50,
2026-08-19T18:23Z,peter gulacsi,4107482,40,
2026-08-19T18:23Z,quilindschy hartman,8048919,30,
2026-08-19T18:23Z,santiago mouriño,37273620,70,
2026-08-19T18:23Z,trent alexander-arnold,22364018,50,
2026-08-19T18:23Z,yuri berchiche,12294334,70,
2026-08-19T18:41Z,abde ezzalzouli,42090016,30,
2026-08-19T18:41Z,abiel osorio,1320886,0,
2026-08-19T18:41Z,aitor paredes,5385813,70,
2026-08-19T18:41Z,antonio blanco,14731133,90,
2026-08-19T18:41Z,ayoze perez,17664470,50,
2026-08-19T18:41Z,beñat turrientes,6956237,50,
2026-08-19T18:41Z,carlos espi,9563853,30,
2026-08-19T18:41Z,carlos puga,5012308,70,
2026-08-19T18:41Z,cesar tarrega,9139919,80,
2026-08-19T18:41Z,dean huijsen,35049155,70,
2026-08-19T18:41Z,denis suarez,2388577,50,
2026-08-19T18:41Z,ferran jutgla,9566381,80,
2026-08-19T18:41Z,iago aspas,6930450,40,
2026-08-19T18:41Z,igor zubeldia,10295291,60,
2026-08-19T18:41Z,ilaix moriba,9645774,50,
2026-08-19T18:41Z,iñigo perez,2099445,,
2026-08-19T18:41Z,isi palazon,20471475,80,
2026-08-19T18:41Z,izan merino,6015339,70,
2026-08-19T18:41Z,javi puado,5728641,0,
2026-08-19T18:41Z,joan garcia,70886933,90,
2026-08-19T18:41Z,johnny cardoso,5412259,30,
2026-08-19T18:41Z,juan foyth,13306196,70,
2026-08-19T18:41Z,karl etta eyong,24970145,50,
2026-08-19T18:41Z,leandro cabrera,16007804,0,
2026-08-19T18:41Z,manel usedo,744851,,
2026-08-19T18:41Z,marc roca,5348551,60,
2026-08-19T18:41Z,mario martin,4092313,70,
2026-08-19T18:41Z,mario soriano,27549308,80,
2026-08-19T18:41Z,matias dituro,7888908,90,
2026-08-19T18:41Z,matias vecino,1827987,0,
2026-08-19T18:41Z,nico guillen,4697714,50,
2026-08-19T18:41Z,omar el hilali,9760951,80,
2026-08-19T18:41Z,peque,2051836,50,
2026-08-19T18:41Z,peter gulacsi,4107482,40,
2026-08-19T18:41Z,quilindschy hartman,8048919,30,
2026-08-19T18:41Z,santiago mouriño,37273620,70,
2026-08-19T18:41Z,trent alexander-arnold,22364018,50,
2026-08-19T18:41Z,yuri berchiche,12294334,70,
2026-08-19T19:04Z,abde ezzalzouli,42090016,30,
2026-08-19T19:04Z,abiel osorio,1320886,0,
2026-08-19T19:04Z,aitor paredes,5385813,70,
2026-08-19T19:04Z,antonio blanco,14731133,90,
2026-08-19T19:04Z,ayoze perez,17664470,50,
2026-08-19T19:04Z,beñat turrientes,6956237,50,
2026-08-19T19:04Z,carlos espi,9563853,30,
2026-08-19T19:04Z,carlos puga,5012308,70,
2026-08-19T19:04Z,cesar tarrega,9139919,80,
2026-08-19T19:04Z,dean huijsen,35049155,70,
2026-08-19T19:04Z,denis suarez,2388577,50,
2026-08-19T19:04Z,ferran jutgla,9566381,80,
2026-08-19T19:04Z,iago aspas,6930450,40,
2026-08-19T19:04Z,igor zubeldia,10295291,60,
2026-08-19T19:04Z,ilaix moriba,9645774,50,
2026-08-19T19:04Z,iñigo perez,2099445,,
2026-08-19T19:04Z,isi palazon,20471475,80,
2026-08-19T19:04Z,izan merino,6015339,70,
2026-08-19T19:04Z,javi puado,5728641,0,
2026-08-19T19:04Z,joan garcia,70886933,90,
2026-08-19T19:04Z,johnny cardoso,5412259,30,
2026-08-19T19:04Z,juan foyth,13306196,70,
2026-08-19T19:04Z,karl etta eyong,24970145,50,
2026-08-19T19:04Z,leandro cabrera,16007804,0,
2026-08-19T19:04Z,manel usedo,744851,,
2026-08-19T19:04Z,marc roca,5348551,60,
2026-08-19T19:04Z,mario martin,4092313,70,
2026-08-19T19:04Z,mario soriano,27549308,80,
2026-08-19T19:04Z,matias dituro,7888908,90,
2026-08-19T19:04Z,matias vecino,1827987,0,
2026-08-19T19:04Z,nico guillen,4697714,50,
2026-08-19T19:04Z,omar el hilali,9760951,80,
2026-08-19T19:04Z,peque,2051836,50,
2026-08-19T19:04Z,peter gulacsi,4107482,40,
2026-08-19T19:04Z,quilindschy hartman,8048919,30,
2026-08-19T19:04Z,santiago mouriño,37273620,70,
2026-08-19T19:04Z,trent alexander-arnold,22364018,50,
2026-08-19T19:04Z,yuri berchiche,12294334,70,
2026-08-19T19:07Z,abde ezzalzouli,42090016,30,
2026-08-19T19:07Z,abiel osorio,1320886,0,
2026-08-19T19:07Z,aitor paredes,5385813,70,
2026-08-19T19:07Z,antonio blanco,14731133,90,
2026-08-19T19:07Z,ayoze perez,17664470,50,
2026-08-19T19:07Z,beñat turrientes,6956237,50,
2026-08-19T19:07Z,carlos espi,9563853,30,
2026-08-19T19:07Z,carlos puga,5012308,70,
2026-08-19T19:07Z,cesar tarrega,9139919,80,
2026-08-19T19:07Z,dean huijsen,35049155,70,
2026-08-19T19:07Z,denis suarez,2388577,50,
2026-08-19T19:07Z,ferran jutgla,9566381,80,
2026-08-19T19:07Z,iago aspas,6930450,40,
2026-08-19T19:07Z,igor zubeldia,10295291,60,
2026-08-19T19:07Z,ilaix moriba,9645774,50,
2026-08-19T19:07Z,iñigo perez,2099445,,
2026-08-19T19:07Z,isi palazon,20471475,80,
2026-08-19T19:07Z,izan merino,6015339,70,
2026-08-19T19:07Z,javi puado,5728641,0,
2026-08-19T19:07Z,joan garcia,70886933,90,
2026-08-19T19:07Z,johnny cardoso,5412259,30,
2026-08-19T19:07Z,juan foyth,13306196,70,
2026-08-19T19:07Z,karl etta eyong,24970145,50,
2026-08-19T19:07Z,leandro cabrera,16007804,0,
2026-08-19T19:07Z,manel usedo,744851,,
2026-08-19T19:07Z,marc roca,5348551,60,
2026-08-19T19:07Z,mario martin,4092313,70,
2026-08-19T19:07Z,mario soriano,27549308,80,
2026-08-19T19:07Z,matias dituro,7888908,90,
2026-08-19T19:07Z,matias vecino,1827987,0,
2026-08-19T19:07Z,nico guillen,4697714,50,
2026-08-19T19:07Z,omar el hilali,9760951,80,
2026-08-19T19:07Z,peque,2051836,50,
2026-08-19T19:07Z,peter gulacsi,4107482,40,
2026-08-19T19:07Z,quilindschy hartman,8048919,30,
2026-08-19T19:07Z,santiago mouriño,37273620,70,
2026-08-19T19:07Z,trent alexander-arnold,22364018,50,
2026-08-19T19:07Z,yuri berchiche,12294334,70,
2026-08-19T19:17Z,abde ezzalzouli,42090016,30,
2026-08-19T19:17Z,abiel osorio,1320886,0,
2026-08-19T19:17Z,aitor paredes,5385813,70,
2026-08-19T19:17Z,antonio blanco,14731133,90,
2026-08-19T19:17Z,ayoze perez,17664470,50,
2026-08-19T19:17Z,beñat turrientes,6956237,50,
2026-08-19T19:17Z,carlos espi,9563853,30,
2026-08-19T19:17Z,carlos puga,5012308,70,
2026-08-19T19:17Z,cesar tarrega,9139919,80,
2026-08-19T19:17Z,dean huijsen,35049155,70,
2026-08-19T19:17Z,denis suarez,2388577,50,
2026-08-19T19:17Z,ferran jutgla,9566381,80,
2026-08-19T19:17Z,iago aspas,6930450,40,
2026-08-19T19:17Z,igor zubeldia,10295291,60,
2026-08-19T19:17Z,ilaix moriba,9645774,50,
2026-08-19T19:17Z,iñigo perez,2099445,,
2026-08-19T19:17Z,isi palazon,20471475,80,
2026-08-19T19:17Z,izan merino,6015339,70,
2026-08-19T19:17Z,javi puado,5728641,0,
2026-08-19T19:17Z,joan garcia,70886933,90,
2026-08-19T19:17Z,johnny cardoso,5412259,30,
2026-08-19T19:17Z,juan foyth,13306196,70,
2026-08-19T19:17Z,karl etta eyong,24970145,50,
2026-08-19T19:17Z,leandro cabrera,16007804,0,
2026-08-19T19:17Z,manel usedo,744851,,
2026-08-19T19:17Z,marc roca,5348551,60,
2026-08-19T19:17Z,mario martin,4092313,70,
2026-08-19T19:17Z,mario soriano,27549308,80,
2026-08-19T19:17Z,matias dituro,7888908,90,
2026-08-19T19:17Z,matias vecino,1827987,0,
2026-08-19T19:17Z,nico guillen,4697714,50,
2026-08-19T19:17Z,omar el hilali,9760951,80,
2026-08-19T19:17Z,peque,2051836,50,
2026-08-19T19:17Z,peter gulacsi,4107482,40,
2026-08-19T19:17Z,quilindschy hartman,8048919,30,
2026-08-19T19:17Z,santiago mouriño,37273620,70,
2026-08-19T19:17Z,trent alexander-arnold,22364018,50,
2026-08-19T19:17Z,yuri berchiche,12294334,70,
2026-08-19T19:18Z,abde ezzalzouli,42090016,30,
2026-08-19T19:18Z,abiel osorio,1320886,0,
2026-08-19T19:18Z,aitor paredes,5385813,70,
2026-08-19T19:18Z,antonio blanco,14731133,90,
2026-08-19T19:18Z,ayoze perez,17664470,50,
2026-08-19T19:18Z,beñat turrientes,6956237,50,
2026-08-19T19:18Z,carlos espi,9563853,30,
2026-08-19T19:18Z,carlos puga,5012308,70,
2026-08-19T19:18Z,cesar tarrega,9139919,80,
2026-08-19T19:18Z,dean huijsen,35049155,70,
2026-08-19T19:18Z,denis suarez,2388577,50,
2026-08-19T19:18Z,ferran jutgla,9566381,80,
2026-08-19T19:18Z,iago aspas,6930450,40,
2026-08-19T19:18Z,igor zubeldia,10295291,60,
2026-08-19T19:18Z,ilaix moriba,9645774,50,
2026-08-19T19:18Z,iñigo perez,2099445,,
2026-08-19T19:18Z,isi palazon,20471475,80,
2026-08-19T19:18Z,izan merino,6015339,70,
2026-08-19T19:18Z,javi puado,5728641,0,
2026-08-19T19:18Z,joan garcia,70886933,90,
2026-08-19T19:18Z,johnny cardoso,5412259,30,
2026-08-19T19:18Z,juan foyth,13306196,70,
2026-08-19T19:18Z,karl etta eyong,24970145,50,
2026-08-19T19:18Z,leandro cabrera,16007804,0,
2026-08-19T19:18Z,manel usedo,744851,,
2026-08-19T19:18Z,marc roca,5348551,60,
2026-08-19T19:18Z,mario martin,4092313,70,
2026-08-19T19:18Z,mario soriano,27549308,80,
2026-08-19T19:18Z,matias dituro,7888908,90,
2026-08-19T19:18Z,matias vecino,1827987,0,
2026-08-19T19:18Z,nico guillen,4697714,50,
2026-08-19T19:18Z,omar el hilali,9760951,80,
2026-08-19T19:18Z,peque,2051836,50,
2026-08-19T19:18Z,peter gulacsi,4107482,40,
2026-08-19T19:18Z,quilindschy hartman,8048919,30,
2026-08-19T19:18Z,santiago mouriño,37273620,70,
2026-08-19T19:18Z,trent alexander-arnold,22364018,50,
2026-08-19T19:18Z,yuri berchiche,12294334,70,
2026-08-19T19:19Z,abde ezzalzouli,42090016,30,
2026-08-19T19:19Z,abiel osorio,1320886,0,
2026-08-19T19:19Z,aitor paredes,5385813,70,
2026-08-19T19:19Z,antonio blanco,14731133,90,
2026-08-19T19:19Z,ayoze perez,17664470,50,
2026-08-19T19:19Z,beñat turrientes,6956237,50,
2026-08-19T19:19Z,carlos espi,9563853,30,
2026-08-19T19:19Z,carlos puga,5012308,70,
2026-08-19T19:19Z,cesar tarrega,9139919,80,
2026-08-19T19:19Z,dean huijsen,35049155,70,
2026-08-19T19:19Z,denis suarez,2388577,50,
2026-08-19T19:19Z,ferran jutgla,9566381,80,
2026-08-19T19:19Z,iago aspas,6930450,40,
2026-08-19T19:19Z,igor zubeldia,10295291,60,
2026-08-19T19:19Z,ilaix moriba,9645774,50,
2026-08-19T19:19Z,iñigo perez,2099445,,
2026-08-19T19:19Z,isi palazon,20471475,80,
2026-08-19T19:19Z,izan merino,6015339,70,
2026-08-19T19:19Z,javi puado,5728641,0,
2026-08-19T19:19Z,joan garcia,70886933,90,
2026-08-19T19:19Z,johnny cardoso,5412259,30,
2026-08-19T19:19Z,juan foyth,13306196,70,
2026-08-19T19:19Z,karl etta eyong,24970145,50,
2026-08-19T19:19Z,leandro cabrera,16007804,0,
2026-08-19T19:19Z,manel usedo,744851,,
2026-08-19T19:19Z,marc roca,5348551,60,
2026-08-19T19:19Z,mario martin,4092313,70,
2026-08-19T19:19Z,mario soriano,27549308,80,
2026-08-19T19:19Z,matias dituro,7888908,90,
2026-08-19T19:19Z,matias vecino,1827987,0,
2026-08-19T19:19Z,nico guillen,4697714,50,
2026-08-19T19:19Z,omar el hilali,9760951,80,
2026-08-19T19:19Z,peque,2051836,50,
2026-08-19T19:19Z,peter gulacsi,4107482,40,
2026-08-19T19:19Z,quilindschy hartman,8048919,30,
2026-08-19T19:19Z,santiago mouriño,37273620,70,
2026-08-19T19:19Z,trent alexander-arnold,22364018,50,
2026-08-19T19:19Z,yuri berchiche,12294334,70,
2026-08-19T19:46Z,abde ezzalzouli,42090016,30,
2026-08-19T19:46Z,abiel osorio,1320886,0,
2026-08-19T19:46Z,aitor paredes,5385813,70,
2026-08-19T19:46Z,antonio blanco,14731133,90,
2026-08-19T19:46Z,ayoze perez,17664470,50,
2026-08-19T19:46Z,beñat turrientes,6956237,50,
2026-08-19T19:46Z,carlos espi,9563853,30,
2026-08-19T19:46Z,carlos puga,5012308,70,
2026-08-19T19:46Z,cesar tarrega,9139919,80,
2026-08-19T19:46Z,dean huijsen,35049155,70,
2026-08-19T19:46Z,denis suarez,2388577,50,
2026-08-19T19:46Z,ferran jutgla,9566381,80,
2026-08-19T19:46Z,iago aspas,6930450,40,
2026-08-19T19:46Z,igor zubeldia,10295291,60,
2026-08-19T19:46Z,ilaix moriba,9645774,50,
2026-08-19T19:46Z,iñigo perez,2099445,,
2026-08-19T19:46Z,isi palazon,20471475,80,
2026-08-19T19:46Z,izan merino,6015339,70,
2026-08-19T19:46Z,javi puado,5728641,0,
2026-08-19T19:46Z,joan garcia,70886933,90,
2026-08-19T19:46Z,johnny cardoso,5412259,30,
2026-08-19T19:46Z,juan foyth,13306196,70,
2026-08-19T19:46Z,karl etta eyong,24970145,50,
2026-08-19T19:46Z,leandro cabrera,16007804,0,
2026-08-19T19:46Z,manel usedo,744851,,
2026-08-19T19:46Z,marc roca,5348551,60,
2026-08-19T19:46Z,mario martin,4092313,70,
2026-08-19T19:46Z,mario soriano,27549308,80,
2026-08-19T19:46Z,matias dituro,7888908,90,
2026-08-19T19:46Z,matias vecino,1827987,0,
2026-08-19T19:46Z,nico guillen,4697714,50,
2026-08-19T19:46Z,omar el hilali,9760951,80,
2026-08-19T19:46Z,peque,2051836,50,
2026-08-19T19:46Z,peter gulacsi,4107482,40,
2026-08-19T19:46Z,quilindschy hartman,8048919,30,
2026-08-19T19:46Z,santiago mouriño,37273620,70,
2026-08-19T19:46Z,trent alexander-arnold,22364018,50,
2026-08-19T19:46Z,yuri berchiche,12294334,70,
2026-08-19T21:40Z,abde ezzalzouli,42090016,30,
2026-08-19T21:40Z,abiel osorio,1320886,0,
2026-08-19T21:40Z,aitor paredes,5385813,70,
2026-08-19T21:40Z,antonio blanco,14731133,90,
2026-08-19T21:40Z,ayoze perez,17664470,50,
2026-08-19T21:40Z,beñat turrientes,6956237,50,
2026-08-19T21:40Z,carlos espi,9563853,30,
2026-08-19T21:40Z,carlos puga,5012308,70,
2026-08-19T21:40Z,cesar tarrega,9139919,80,
2026-08-19T21:40Z,dean huijsen,35049155,70,
2026-08-19T21:40Z,denis suarez,2388577,50,
2026-08-19T21:40Z,ferran jutgla,9566381,80,
2026-08-19T21:40Z,iago aspas,6930450,40,
2026-08-19T21:40Z,igor zubeldia,10295291,60,
2026-08-19T21:40Z,ilaix moriba,9645774,50,
2026-08-19T21:40Z,iñigo perez,2099445,,
2026-08-19T21:40Z,isi palazon,20471475,80,
2026-08-19T21:40Z,izan merino,6015339,70,
2026-08-19T21:40Z,javi puado,5728641,0,
2026-08-19T21:40Z,joan garcia,70886933,90,
2026-08-19T21:40Z,johnny cardoso,5412259,30,
2026-08-19T21:40Z,juan foyth,13306196,70,
2026-08-19T21:40Z,karl etta eyong,24970145,50,
2026-08-19T21:40Z,leandro cabrera,16007804,0,
2026-08-19T21:40Z,manel usedo,744851,,
2026-08-19T21:40Z,marc roca,5348551,60,
2026-08-19T21:40Z,mario martin,4092313,70,
2026-08-19T21:40Z,mario soriano,27549308,80,
2026-08-19T21:40Z,matias dituro,7888908,90,
2026-08-19T21:40Z,matias vecino,1827987,0,
2026-08-19T21:40Z,nico guillen,4697714,50,
2026-08-19T21:40Z,omar el hilali,9760951,80,
2026-08-19T21:40Z,peque,2051836,50,
2026-08-19T21:40Z,peter gulacsi,4107482,40,
2026-08-19T21:40Z,quilindschy hartman,8048919,30,
2026-08-19T21:40Z,santiago mouriño,37273620,70,
2026-08-19T21:40Z,trent alexander-arnold,22364018,50,
2026-08-19T21:40Z,yuri berchiche,12294334,70,
2026-08-19T21:41Z,abde ezzalzouli,42090016,30,
2026-08-19T21:41Z,abiel osorio,1320886,0,
2026-08-19T21:41Z,aitor paredes,5385813,70,
2026-08-19T21:41Z,antonio blanco,14731133,90,
2026-08-19T21:41Z,ayoze perez,17664470,50,
2026-08-19T21:41Z,beñat turrientes,6956237,50,
2026-08-19T21:41Z,carlos espi,9563853,30,
2026-08-19T21:41Z,carlos puga,5012308,70,
2026-08-19T21:41Z,cesar tarrega,9139919,80,
2026-08-19T21:41Z,dean huijsen,35049155,70,
2026-08-19T21:41Z,denis suarez,2388577,50,
2026-08-19T21:41Z,ferran jutgla,9566381,80,
2026-08-19T21:41Z,iago aspas,6930450,40,
2026-08-19T21:41Z,igor zubeldia,10295291,60,
2026-08-19T21:41Z,ilaix moriba,9645774,50,
2026-08-19T21:41Z,iñigo perez,2099445,,
2026-08-19T21:41Z,isi palazon,20471475,80,
2026-08-19T21:41Z,izan merino,6015339,70,
2026-08-19T21:41Z,javi puado,5728641,0,
2026-08-19T21:41Z,joan garcia,70886933,90,
2026-08-19T21:41Z,johnny cardoso,5412259,30,
2026-08-19T21:41Z,juan foyth,13306196,70,
2026-08-19T21:41Z,karl etta eyong,24970145,50,
2026-08-19T21:41Z,leandro cabrera,16007804,0,
2026-08-19T21:41Z,manel usedo,744851,,
2026-08-19T21:41Z,marc roca,5348551,60,
2026-08-19T21:41Z,mario martin,4092313,70,
2026-08-19T21:41Z,mario soriano,27549308,80,
2026-08-19T21:41Z,matias dituro,7888908,90,
2026-08-19T21:41Z,matias vecino,1827987,0,
2026-08-19T21:41Z,nico guillen,4697714,50,
2026-08-19T21:41Z,omar el hilali,9760951,80,
2026-08-19T21:41Z,peque,2051836,50,
2026-08-19T21:41Z,peter gulacsi,4107482,40,
2026-08-19T21:41Z,quilindschy hartman,8048919,30,
2026-08-19T21:41Z,santiago mouriño,37273620,70,
2026-08-19T21:41Z,trent alexander-arnold,22364018,50,
2026-08-19T21:41Z,yuri berchiche,12294334,70,
2026-08-19T22:20Z,aitor paredes,5477677,70,
2026-08-19T22:20Z,alberto calatrava,927472,,
2026-08-19T22:20Z,antonio blanco,14590188,90,
2026-08-19T22:20Z,beñat turrientes,6840616,50,
2026-08-19T22:20Z,carlos espi,9774649,30,
2026-08-19T22:20Z,carlos puga,4962579,70,
2026-08-19T22:20Z,cesar tarrega,9131344,80,
2026-08-19T22:20Z,david soria,22039978,95,
2026-08-19T22:20Z,denis suarez,2367084,50,
2026-08-19T22:20Z,diego ferrer,651339,,
2026-08-19T22:20Z,igor zubeldia,10346166,60,
2026-08-19T22:20Z,iker muñoz,566181,50,
2026-08-19T22:20Z,izan merino,5927091,70,
2026-08-19T22:20Z,jean ives valou,566181,20,
2026-08-19T22:20Z,johnny cardoso,5320779,30,
2026-08-19T22:20Z,jose alberto lopez,867231,,
2026-08-19T22:20Z,juan musso,4056137,10,
2026-08-19T22:20Z,karl etta eyong,24426515,50,
2026-08-19T22:20Z,kevin sanchez,842160,10,
2026-08-19T22:20Z,llorenç serred,533822,,
2026-08-19T22:20Z,manu bueno,742504,40,
2026-08-19T22:20Z,marko dmitrovic,39277920,95,
2026-08-19T22:20Z,omar el hilali,10098553,80,
2026-08-19T22:20Z,pierre-emerick aubameyang,38507025,90,
2026-08-19T22:20Z,yuri berchiche,12311693,70,
2026-08-19T22:22Z,aitor paredes,5477677,70,
2026-08-19T22:22Z,alberto calatrava,927472,,
2026-08-19T22:22Z,antonio blanco,14590188,90,
2026-08-19T22:22Z,beñat turrientes,6840616,50,
2026-08-19T22:22Z,carlos espi,9774649,30,
2026-08-19T22:22Z,carlos puga,4962579,70,
2026-08-19T22:22Z,cesar tarrega,9131344,80,
2026-08-19T22:22Z,david soria,22039978,95,
2026-08-19T22:22Z,denis suarez,2367084,50,
2026-08-19T22:22Z,diego ferrer,651339,,
2026-08-19T22:22Z,igor zubeldia,10346166,60,
2026-08-19T22:22Z,iker muñoz,566181,50,
2026-08-19T22:22Z,izan merino,5927091,70,
2026-08-19T22:22Z,jean ives valou,566181,20,
2026-08-19T22:22Z,johnny cardoso,5320779,30,
2026-08-19T22:22Z,jose alberto lopez,867231,,
2026-08-19T22:22Z,juan musso,4056137,10,
2026-08-19T22:22Z,karl etta eyong,24426515,50,
2026-08-19T22:22Z,kevin sanchez,842160,10,
2026-08-19T22:22Z,llorenç serred,533822,,
2026-08-19T22:22Z,manu bueno,742504,40,
2026-08-19T22:22Z,marko dmitrovic,39277920,95,
2026-08-19T22:22Z,omar el hilali,10098553,80,
2026-08-19T22:22Z,pierre-emerick aubameyang,38507025,90,
2026-08-19T22:22Z,yuri berchiche,12311693,70,
2026-08-19T23:07Z,aitor paredes,5477677,70,
2026-08-19T23:07Z,alberto calatrava,927472,,
2026-08-19T23:07Z,antonio blanco,14590188,90,
2026-08-19T23:07Z,carlos espi,9774649,30,
2026-08-19T23:07Z,carlos puga,4962579,70,
2026-08-19T23:07Z,cesar tarrega,9131344,80,
2026-08-19T23:07Z,david soria,22039978,95,
2026-08-19T23:07Z,denis suarez,2367084,50,
2026-08-19T23:07Z,diego ferrer,651339,,
2026-08-19T23:07Z,igor zubeldia,10346166,60,
2026-08-19T23:07Z,iker muñoz,566181,50,
2026-08-19T23:07Z,ionut radu,37095939,90,
2026-08-19T23:07Z,izan merino,5927091,70,
2026-08-19T23:07Z,jean ives valou,566181,20,
2026-08-19T23:07Z,johnny cardoso,5320779,30,
2026-08-19T23:07Z,jose alberto lopez,867231,,
2026-08-19T23:07Z,juan musso,4056137,10,
2026-08-19T23:07Z,karl etta eyong,24426515,50,
2026-08-19T23:07Z,kevin sanchez,842160,10,
2026-08-19T23:07Z,llorenç serred,533822,,
2026-08-19T23:07Z,manu bueno,742504,40,
2026-08-19T23:07Z,marko dmitrovic,39277920,95,
2026-08-19T23:07Z,omar el hilali,10098553,80,
2026-08-19T23:07Z,pierre-emerick aubameyang,38507025,90,
2026-08-19T23:07Z,yuri berchiche,12311693,70,
2026-08-19T23:16Z,aitor paredes,5477677,70,
2026-08-19T23:16Z,alberto calatrava,927472,,
2026-08-19T23:16Z,antonio blanco,14590188,90,
2026-08-19T23:16Z,carlos espi,9774649,30,
2026-08-19T23:16Z,carlos puga,4962579,70,
2026-08-19T23:16Z,cesar tarrega,9131344,80,
2026-08-19T23:16Z,david soria,22039978,95,
2026-08-19T23:16Z,denis suarez,2367084,50,
2026-08-19T23:16Z,diego ferrer,651339,,
2026-08-19T23:16Z,igor zubeldia,10346166,60,
2026-08-19T23:16Z,iker muñoz,566181,50,
2026-08-19T23:16Z,ionut radu,37095939,90,
2026-08-19T23:16Z,izan merino,5927091,70,
2026-08-19T23:16Z,jean ives valou,566181,20,
2026-08-19T23:16Z,johnny cardoso,5320779,30,
2026-08-19T23:16Z,jose alberto lopez,867231,,
2026-08-19T23:16Z,juan musso,4056137,10,
2026-08-19T23:16Z,karl etta eyong,24426515,50,
2026-08-19T23:16Z,kevin sanchez,842160,10,
2026-08-19T23:16Z,llorenç serred,533822,,
2026-08-19T23:16Z,manu bueno,742504,40,
2026-08-19T23:16Z,marko dmitrovic,39277920,95,
2026-08-19T23:16Z,omar el hilali,10098553,80,
2026-08-19T23:16Z,pierre-emerick aubameyang,38507025,90,
2026-08-19T23:16Z,yuri berchiche,12311693,70,
2026-08-19T23:17Z,aitor paredes,5477677,70,
2026-08-19T23:17Z,alberto calatrava,927472,,
2026-08-19T23:17Z,antonio blanco,14590188,90,
2026-08-19T23:17Z,carlos espi,9774649,30,
2026-08-19T23:17Z,carlos puga,4962579,70,
2026-08-19T23:17Z,cesar tarrega,9131344,80,
2026-08-19T23:17Z,david soria,22039978,95,
2026-08-19T23:17Z,denis suarez,2367084,50,
2026-08-19T23:17Z,diego ferrer,651339,,
2026-08-19T23:17Z,igor zubeldia,10346166,60,
2026-08-19T23:17Z,ionut radu,37095939,90,
2026-08-19T23:17Z,izan merino,5927091,70,
2026-08-19T23:17Z,jean ives valou,566181,20,
2026-08-19T23:17Z,johnny cardoso,5320779,30,
2026-08-19T23:17Z,jose alberto lopez,867231,,
2026-08-19T23:17Z,juan musso,4056137,10,
2026-08-19T23:17Z,karl etta eyong,24426515,50,
2026-08-19T23:17Z,kevin sanchez,842160,10,
2026-08-19T23:17Z,llorenç serred,533822,,
2026-08-19T23:17Z,manu bueno,742504,40,
2026-08-19T23:17Z,marko dmitrovic,39277920,95,
2026-08-19T23:17Z,omar el hilali,10098553,80,
2026-08-19T23:17Z,pierre-emerick aubameyang,38507025,90,
2026-08-19T23:17Z,yuri berchiche,12311693,70,
2026-08-19T23:19Z,aitor paredes,5477677,70,
2026-08-19T23:19Z,alberto calatrava,927472,,
2026-08-19T23:19Z,antonio blanco,14590188,90,
2026-08-19T23:19Z,carlos espi,9774649,30,
2026-08-19T23:19Z,carlos puga,4962579,70,
2026-08-19T23:19Z,cesar tarrega,9131344,80,
2026-08-19T23:19Z,david soria,22039978,95,
2026-08-19T23:19Z,denis suarez,2367084,50,
2026-08-19T23:19Z,diego ferrer,651339,,
2026-08-19T23:19Z,igor zubeldia,10346166,60,
2026-08-19T23:19Z,ionut radu,37095939,90,
2026-08-19T23:19Z,izan merino,5927091,70,
2026-08-19T23:19Z,jean ives valou,566181,20,
2026-08-19T23:19Z,johnny cardoso,5320779,30,
2026-08-19T23:19Z,jose alberto lopez,867231,,
2026-08-19T23:19Z,juan musso,4056137,10,
2026-08-19T23:19Z,karl etta eyong,24426515,50,
2026-08-19T23:19Z,kevin sanchez,842160,10,
2026-08-19T23:19Z,llorenç serred,533822,,
2026-08-19T23:19Z,manu bueno,742504,40,
2026-08-19T23:19Z,marko dmitrovic,39277920,95,
2026-08-19T23:19Z,omar el hilali,10098553,80,
2026-08-19T23:19Z,pierre-emerick aubameyang,38507025,90,
2026-08-19T23:19Z,yuri berchiche,12311693,70,
2026-08-19T23:21Z,aitor paredes,5477677,70,
2026-08-19T23:21Z,alberto calatrava,927472,,
2026-08-19T23:21Z,antonio blanco,14590188,90,
2026-08-19T23:21Z,carlos espi,9774649,30,
2026-08-19T23:21Z,carlos puga,4962579,70,
2026-08-19T23:21Z,cesar tarrega,9131344,80,
2026-08-19T23:21Z,david soria,22039978,95,
2026-08-19T23:21Z,denis suarez,2367084,50,
2026-08-19T23:21Z,diego ferrer,651339,,
2026-08-19T23:21Z,igor zubeldia,10346166,60,
2026-08-19T23:21Z,ionut radu,37095939,90,
2026-08-19T23:21Z,izan merino,5927091,70,
2026-08-19T23:21Z,jean ives valou,566181,20,
2026-08-19T23:21Z,johnny cardoso,5320779,30,
2026-08-19T23:21Z,jose alberto lopez,867231,,
2026-08-19T23:21Z,juan musso,4056137,10,
2026-08-19T23:21Z,karl etta eyong,24426515,50,
2026-08-19T23:21Z,kevin sanchez,842160,10,
2026-08-19T23:21Z,llorenç serred,533822,,
2026-08-19T23:21Z,manu bueno,742504,40,
2026-08-19T23:21Z,marko dmitrovic,39277920,95,
2026-08-19T23:21Z,omar el hilali,10098553,80,
2026-08-19T23:21Z,pierre-emerick aubameyang,38507025,90,
2026-08-19T23:21Z,yuri berchiche,12311693,70,
2026-08-19T23:22Z,aitor paredes,5477677,70,
2026-08-19T23:22Z,alberto calatrava,927472,,
2026-08-19T23:22Z,antonio blanco,14590188,90,
2026-08-19T23:22Z,carlos espi,9774649,30,
2026-08-19T23:22Z,carlos puga,4962579,70,
2026-08-19T23:22Z,cesar tarrega,9131344,80,
2026-08-19T23:22Z,david soria,22039978,95,
2026-08-19T23:22Z,denis suarez,2367084,50,
2026-08-19T23:22Z,diego ferrer,651339,,
2026-08-19T23:22Z,igor zubeldia,10346166,60,
2026-08-19T23:22Z,ionut radu,37095939,90,
2026-08-19T23:22Z,izan merino,5927091,70,
2026-08-19T23:22Z,jean ives valou,566181,20,
2026-08-19T23:22Z,johnny cardoso,5320779,30,
2026-08-19T23:22Z,jose alberto lopez,867231,,
2026-08-19T23:22Z,juan musso,4056137,10,
2026-08-19T23:22Z,karl etta eyong,24426515,50,
2026-08-19T23:22Z,kevin sanchez,842160,10,
2026-08-19T23:22Z,llorenç serred,533822,,
2026-08-19T23:22Z,manu bueno,742504,40,
2026-08-19T23:22Z,marko dmitrovic,39277920,95,
2026-08-19T23:22Z,omar el hilali,10098553,80,
2026-08-19T23:22Z,pierre-emerick aubameyang,38507025,90,
2026-08-19T23:22Z,yuri berchiche,12311693,70,
2026-08-19T23:23Z,aitor paredes,5477677,70,
2026-08-19T23:23Z,alberto calatrava,927472,,
2026-08-19T23:23Z,antonio blanco,14590188,90,
2026-08-19T23:23Z,carlos espi,9774649,30,
2026-08-19T23:23Z,carlos puga,4962579,70,
2026-08-19T23:23Z,cesar tarrega,9131344,80,
2026-08-19T23:23Z,david soria,22039978,95,
2026-08-19T23:23Z,denis suarez,2367084,50,
2026-08-19T23:23Z,diego ferrer,651339,,
2026-08-19T23:23Z,igor zubeldia,10346166,60,
2026-08-19T23:23Z,ionut radu,37095939,90,
2026-08-19T23:23Z,izan merino,5927091,70,
2026-08-19T23:23Z,jean ives valou,566181,20,
2026-08-19T23:23Z,johnny cardoso,5320779,30,
2026-08-19T23:23Z,jose alberto lopez,867231,,
2026-08-19T23:23Z,juan musso,4056137,10,
2026-08-19T23:23Z,karl etta eyong,24426515,50,
2026-08-19T23:23Z,kevin sanchez,842160,10,
2026-08-19T23:23Z,llorenç serred,533822,,
2026-08-19T23:23Z,manu bueno,742504,40,
2026-08-19T23:23Z,marko dmitrovic,39277920,95,
2026-08-19T23:23Z,omar el hilali,10098553,80,
2026-08-19T23:23Z,pierre-emerick aubameyang,38507025,90,
2026-08-19T23:23Z,yuri berchiche,12311693,70,
2026-08-19T23:23Z,aitor paredes,5477677,70,
2026-08-19T23:23Z,alberto calatrava,927472,,
2026-08-19T23:23Z,antonio blanco,14590188,90,
2026-08-19T23:23Z,carlos espi,9774649,30,
2026-08-19T23:23Z,carlos puga,4962579,70,
2026-08-19T23:23Z,cesar tarrega,9131344,80,
2026-08-19T23:23Z,david soria,22039978,95,
2026-08-19T23:23Z,denis suarez,2367084,50,
2026-08-19T23:23Z,diego ferrer,651339,,
2026-08-19T23:23Z,igor zubeldia,10346166,60,
2026-08-19T23:23Z,ionut radu,37095939,90,
2026-08-19T23:23Z,izan merino,5927091,70,
2026-08-19T23:23Z,jean ives valou,566181,20,
2026-08-19T23:23Z,johnny cardoso,5320779,30,
2026-08-19T23:23Z,jose alberto lopez,867231,,
2026-08-19T23:23Z,juan musso,4056137,10,
2026-08-19T23:23Z,karl etta eyong,24426515,50,
2026-08-19T23:23Z,kevin sanchez,842160,10,
2026-08-19T23:23Z,llorenç serred,533822,,
2026-08-19T23:23Z,manu bueno,742504,40,
2026-08-19T23:23Z,marko dmitrovic,39277920,95,
2026-08-19T23:23Z,omar el hilali,10098553,80,
2026-08-19T23:23Z,pierre-emerick aubameyang,38507025,90,
2026-08-19T23:23Z,yuri berchiche,12311693,70,
2026-08-19T23:24Z,aitor paredes,5477677,70,
2026-08-19T23:24Z,alberto calatrava,927472,,
2026-08-19T23:24Z,antonio blanco,14590188,90,
2026-08-19T23:24Z,carlos espi,9774649,30,
2026-08-19T23:24Z,carlos puga,4962579,70,
2026-08-19T23:24Z,cesar tarrega,9131344,80,
2026-08-19T23:24Z,david soria,22039978,95,
2026-08-19T23:24Z,denis suarez,2367084,50,
2026-08-19T23:24Z,diego ferrer,651339,,
2026-08-19T23:24Z,igor zubeldia,10346166,60,
2026-08-19T23:24Z,ionut radu,37095939,90,
2026-08-19T23:24Z,izan merino,5927091,70,
2026-08-19T23:24Z,jean ives valou,566181,20,
2026-08-19T23:24Z,johnny cardoso,5320779,30,
2026-08-19T23:24Z,jose alberto lopez,867231,,
2026-08-19T23:24Z,juan musso,4056137,10,
2026-08-19T23:24Z,karl etta eyong,24426515,50,
2026-08-19T23:24Z,kevin sanchez,842160,10,
2026-08-19T23:24Z,llorenç serred,533822,,
2026-08-19T23:24Z,manu bueno,742504,40,
2026-08-19T23:24Z,marko dmitrovic,39277920,95,
2026-08-19T23:24Z,omar el hilali,10098553,80,
2026-08-19T23:24Z,pierre-emerick aubameyang,38507025,90,
2026-08-19T23:24Z,yuri berchiche,12311693,70,
2026-08-19T23:25Z,aitor paredes,5477677,70,
2026-08-19T23:25Z,alberto calatrava,927472,,
2026-08-19T23:25Z,antonio blanco,14590188,90,
2026-08-19T23:25Z,carlos espi,9774649,30,
2026-08-19T23:25Z,carlos puga,4962579,70,
2026-08-19T23:25Z,cesar tarrega,9131344,80,
2026-08-19T23:25Z,david soria,22039978,95,
2026-08-19T23:25Z,denis suarez,2367084,50,
2026-08-19T23:25Z,diego ferrer,651339,,
2026-08-19T23:25Z,igor zubeldia,10346166,60,
2026-08-19T23:25Z,ionut radu,37095939,90,
2026-08-19T23:25Z,izan merino,5927091,70,
2026-08-19T23:25Z,jean ives valou,566181,20,
2026-08-19T23:25Z,johnny cardoso,5320779,30,
2026-08-19T23:25Z,jose alberto lopez,867231,,
2026-08-19T23:25Z,juan musso,4056137,10,
2026-08-19T23:25Z,karl etta eyong,24426515,50,
2026-08-19T23:25Z,kevin sanchez,842160,10,
2026-08-19T23:25Z,llorenç serred,533822,,
2026-08-19T23:25Z,manu bueno,742504,40,
2026-08-19T23:25Z,marko dmitrovic,39277920,95,
2026-08-19T23:25Z,omar el hilali,10098553,80,
2026-08-19T23:25Z,pierre-emerick aubameyang,38507025,90,
2026-08-19T23:25Z,yuri berchiche,12311693,70,
2026-08-19T23:26Z,aitor paredes,5477677,70,
2026-08-19T23:26Z,alberto calatrava,927472,,
2026-08-19T23:26Z,antonio blanco,14590188,90,
2026-08-19T23:26Z,carlos espi,9774649,30,
2026-08-19T23:26Z,carlos puga,4962579,70,
2026-08-19T23:26Z,cesar tarrega,9131344,80,
2026-08-19T23:26Z,david soria,22039978,95,
2026-08-19T23:26Z,denis suarez,2367084,50,
2026-08-19T23:26Z,diego ferrer,651339,,
2026-08-19T23:26Z,igor zubeldia,10346166,60,
2026-08-19T23:26Z,ionut radu,37095939,90,
2026-08-19T23:26Z,izan merino,5927091,70,
2026-08-19T23:26Z,jean ives valou,566181,20,
2026-08-19T23:26Z,johnny cardoso,5320779,30,
2026-08-19T23:26Z,jose alberto lopez,867231,,
2026-08-19T23:26Z,juan musso,4056137,10,
2026-08-19T23:26Z,karl etta eyong,24426515,50,
2026-08-19T23:26Z,kevin sanchez,842160,10,
2026-08-19T23:26Z,llorenç serred,533822,,
2026-08-19T23:26Z,manu bueno,742504,40,
2026-08-19T23:26Z,marko dmitrovic,39277920,95,
2026-08-19T23:26Z,omar el hilali,10098553,80,
2026-08-19T23:26Z,pierre-emerick aubameyang,38507025,90,
2026-08-19T23:26Z,yuri berchiche,12311693,70,
2026-08-19T23:28Z,aitor paredes,5477677,70,
2026-08-19T23:28Z,alberto calatrava,927472,,
2026-08-19T23:28Z,antonio blanco,14590188,90,
2026-08-19T23:28Z,carlos espi,9774649,30,
2026-08-19T23:28Z,carlos puga,4962579,70,
2026-08-19T23:28Z,cesar tarrega,9131344,80,
2026-08-19T23:28Z,david soria,22039978,95,
2026-08-19T23:28Z,denis suarez,2367084,50,
2026-08-19T23:28Z,diego ferrer,651339,,
2026-08-19T23:28Z,igor zubeldia,10346166,60,
2026-08-19T23:28Z,ionut radu,37095939,90,
2026-08-19T23:28Z,izan merino,5927091,70,
2026-08-19T23:28Z,jean ives valou,566181,20,
2026-08-19T23:28Z,johnny cardoso,5320779,30,
2026-08-19T23:28Z,jose alberto lopez,867231,,
2026-08-19T23:28Z,juan musso,4056137,10,
2026-08-19T23:28Z,karl etta eyong,24426515,50,
2026-08-19T23:28Z,kevin sanchez,842160,10,
2026-08-19T23:28Z,llorenç serred,533822,,
2026-08-19T23:28Z,manu bueno,742504,40,
2026-08-19T23:28Z,marko dmitrovic,39277920,95,
2026-08-19T23:28Z,omar el hilali,10098553,80,
2026-08-19T23:28Z,pierre-emerick aubameyang,38507025,90,
2026-08-19T23:28Z,yuri berchiche,12311693,70,
2026-08-19T23:34Z,aitor paredes,5477677,70,
2026-08-19T23:34Z,alberto calatrava,927472,,
2026-08-19T23:34Z,antonio blanco,14590188,90,
2026-08-19T23:34Z,carlos espi,9774649,30,
2026-08-19T23:34Z,carlos puga,4962579,70,
2026-08-19T23:34Z,cesar tarrega,9131344,80,
2026-08-19T23:34Z,david soria,22039978,95,
2026-08-19T23:34Z,denis suarez,2367084,50,
2026-08-19T23:34Z,diego ferrer,651339,,
2026-08-19T23:34Z,igor zubeldia,10346166,60,
2026-08-19T23:34Z,ionut radu,37095939,90,
2026-08-19T23:34Z,izan merino,5927091,70,
2026-08-19T23:34Z,jean ives valou,566181,20,
2026-08-19T23:34Z,johnny cardoso,5320779,30,
2026-08-19T23:34Z,jose alberto lopez,867231,,
2026-08-19T23:34Z,juan musso,4056137,10,
2026-08-19T23:34Z,karl etta eyong,24426515,50,
2026-08-19T23:34Z,kevin sanchez,842160,10,
2026-08-19T23:34Z,llorenç serred,533822,,
2026-08-19T23:34Z,manu bueno,742504,40,
2026-08-19T23:34Z,marko dmitrovic,39277920,95,
2026-08-19T23:34Z,omar el hilali,10098553,80,
2026-08-19T23:34Z,pierre-emerick aubameyang,38507025,90,
2026-08-19T23:34Z,yuri berchiche,12311693,70,
2026-08-19T23:43Z,aitor paredes,5477677,70,
2026-08-19T23:43Z,alberto calatrava,927472,,
2026-08-19T23:43Z,antonio blanco,14590188,90,
2026-08-19T23:43Z,carlos espi,9774649,30,
2026-08-19T23:43Z,carlos puga,4962579,70,
2026-08-19T23:43Z,cesar tarrega,9131344,80,
2026-08-19T23:43Z,david soria,22039978,95,
2026-08-19T23:43Z,denis suarez,2367084,50,
2026-08-19T23:43Z,diego ferrer,651339,,
2026-08-19T23:43Z,igor zubeldia,10346166,60,
2026-08-19T23:43Z,ionut radu,37095939,90,
2026-08-19T23:43Z,izan merino,5927091,70,
2026-08-19T23:43Z,jean ives valou,566181,20,
2026-08-19T23:43Z,johnny cardoso,5320779,30,
2026-08-19T23:43Z,jose alberto lopez,867231,,
2026-08-19T23:43Z,juan musso,4056137,10,
2026-08-19T23:43Z,karl etta eyong,24426515,50,
2026-08-19T23:43Z,kevin sanchez,842160,10,
2026-08-19T23:43Z,llorenç serred,533822,,
2026-08-19T23:43Z,manu bueno,742504,40,
2026-08-19T23:43Z,marko dmitrovic,39277920,95,
2026-08-19T23:43Z,omar el hilali,10098553,80,
2026-08-19T23:43Z,pierre-emerick aubameyang,38507025,90,
2026-08-19T23:43Z,yuri berchiche,12311693,70,
2026-08-19T23:44Z,aitor paredes,5477677,70,
2026-08-19T23:44Z,alberto calatrava,927472,,
2026-08-19T23:44Z,antonio blanco,14590188,90,
2026-08-19T23:44Z,carlos espi,9774649,30,
2026-08-19T23:44Z,carlos puga,4962579,70,
2026-08-19T23:44Z,cesar tarrega,9131344,80,
2026-08-19T23:44Z,david soria,22039978,95,
2026-08-19T23:44Z,denis suarez,2367084,50,
2026-08-19T23:44Z,diego ferrer,651339,,
2026-08-19T23:44Z,igor zubeldia,10346166,60,
2026-08-19T23:44Z,ionut radu,37095939,90,
2026-08-19T23:44Z,izan merino,5927091,70,
2026-08-19T23:44Z,jean ives valou,566181,20,
2026-08-19T23:44Z,johnny cardoso,5320779,30,
2026-08-19T23:44Z,jose alberto lopez,867231,,
2026-08-19T23:44Z,juan musso,4056137,10,
2026-08-19T23:44Z,karl etta eyong,24426515,50,
2026-08-19T23:44Z,kevin sanchez,842160,10,
2026-08-19T23:44Z,llorenç serred,533822,,
2026-08-19T23:44Z,manu bueno,742504,40,
2026-08-19T23:44Z,marko dmitrovic,39277920,95,
2026-08-19T23:44Z,omar el hilali,10098553,80,
2026-08-19T23:44Z,pierre-emerick aubameyang,38507025,90,
2026-08-19T23:44Z,yuri berchiche,12311693,70,
2026-08-19T23:44Z,aitor paredes,5477677,70,
2026-08-19T23:44Z,alberto calatrava,927472,,
2026-08-19T23:44Z,antonio blanco,14590188,90,
2026-08-19T23:44Z,carlos espi,9774649,30,
2026-08-19T23:44Z,carlos puga,4962579,70,
2026-08-19T23:44Z,cesar tarrega,9131344,80,
2026-08-19T23:44Z,david soria,22039978,95,
2026-08-19T23:44Z,denis suarez,2367084,50,
2026-08-19T23:44Z,diego ferrer,651339,,
2026-08-19T23:44Z,igor zubeldia,10346166,60,
2026-08-19T23:44Z,ionut radu,37095939,90,
2026-08-19T23:44Z,izan merino,5927091,70,
2026-08-19T23:44Z,jean ives valou,566181,20,
2026-08-19T23:44Z,johnny cardoso,5320779,30,
2026-08-19T23:44Z,jose alberto lopez,867231,,
2026-08-19T23:44Z,juan musso,4056137,10,
2026-08-19T23:44Z,karl etta eyong,24426515,50,
2026-08-19T23:44Z,kevin sanchez,842160,10,
2026-08-19T23:44Z,llorenç serred,533822,,
2026-08-19T23:44Z,manu bueno,742504,40,
2026-08-19T23:44Z,marko dmitrovic,39277920,95,
2026-08-19T23:44Z,omar el hilali,10098553,80,
2026-08-19T23:44Z,pierre-emerick aubameyang,38507025,90,
2026-08-19T23:44Z,yuri berchiche,12311693,70,
2026-08-19T23:51Z,aitor paredes,5477677,70,
2026-08-19T23:51Z,alberto calatrava,927472,,
2026-08-19T23:51Z,antonio blanco,14590188,90,
2026-08-19T23:51Z,carlos espi,9774649,30,
2026-08-19T23:51Z,carlos puga,4962579,70,
2026-08-19T23:51Z,cesar tarrega,9131344,80,
2026-08-19T23:51Z,david soria,22039978,95,
2026-08-19T23:51Z,denis suarez,2367084,50,
2026-08-19T23:51Z,diego ferrer,651339,,
2026-08-19T23:51Z,igor zubeldia,10346166,60,
2026-08-19T23:51Z,ionut radu,37095939,90,
2026-08-19T23:51Z,izan merino,5927091,70,
2026-08-19T23:51Z,jean ives valou,566181,20,
2026-08-19T23:51Z,johnny cardoso,5320779,30,
2026-08-19T23:51Z,jose alberto lopez,867231,,
2026-08-19T23:51Z,juan musso,4056137,10,
2026-08-19T23:51Z,karl etta eyong,24426515,50,
2026-08-19T23:51Z,kevin sanchez,842160,10,
2026-08-19T23:51Z,llorenç serred,533822,,
2026-08-19T23:51Z,manu bueno,742504,40,
2026-08-19T23:51Z,marko dmitrovic,39277920,95,
2026-08-19T23:51Z,omar el hilali,10098553,80,
2026-08-19T23:51Z,pierre-emerick aubameyang,38507025,90,
2026-08-19T23:51Z,yuri berchiche,12311693,70,
2026-08-19T23:52Z,aitor paredes,5477677,70,
2026-08-19T23:52Z,alberto calatrava,927472,,
2026-08-19T23:52Z,antonio blanco,14590188,90,
2026-08-19T23:52Z,carlos espi,9774649,30,
2026-08-19T23:52Z,carlos puga,4962579,70,
2026-08-19T23:52Z,cesar tarrega,9131344,80,
2026-08-19T23:52Z,david soria,22039978,95,
2026-08-19T23:52Z,denis suarez,2367084,50,
2026-08-19T23:52Z,diego ferrer,651339,,
2026-08-19T23:52Z,igor zubeldia,10346166,60,
2026-08-19T23:52Z,ionut radu,37095939,90,
2026-08-19T23:52Z,izan merino,5927091,70,
2026-08-19T23:52Z,jean ives valou,566181,20,
2026-08-19T23:52Z,johnny cardoso,5320779,30,
2026-08-19T23:52Z,jose alberto lopez,867231,,
2026-08-19T23:52Z,juan musso,4056137,10,
2026-08-19T23:52Z,karl etta eyong,24426515,50,
2026-08-19T23:52Z,kevin sanchez,842160,10,
2026-08-19T23:52Z,llorenç serred,533822,,
2026-08-19T23:52Z,manu bueno,742504,40,
2026-08-19T23:52Z,marko dmitrovic,39277920,95,
2026-08-19T23:52Z,omar el hilali,10098553,80,
2026-08-19T23:52Z,pierre-emerick aubameyang,38507025,90,
2026-08-19T23:52Z,yuri berchiche,12311693,70,
2026-08-19T23:53Z,aitor paredes,5477677,70,
2026-08-19T23:53Z,alberto calatrava,927472,,
2026-08-19T23:53Z,antonio blanco,14590188,90,
2026-08-19T23:53Z,carlos espi,9774649,30,
2026-08-19T23:53Z,carlos puga,4962579,70,
2026-08-19T23:53Z,cesar tarrega,9131344,80,
2026-08-19T23:53Z,david soria,22039978,95,
2026-08-19T23:53Z,denis suarez,2367084,50,
2026-08-19T23:53Z,diego ferrer,651339,,
2026-08-19T23:53Z,igor zubeldia,10346166,60,
2026-08-19T23:53Z,ionut radu,37095939,90,
2026-08-19T23:53Z,izan merino,5927091,70,
2026-08-19T23:53Z,jean ives valou,566181,20,
2026-08-19T23:53Z,johnny cardoso,5320779,30,
2026-08-19T23:53Z,jose alberto lopez,867231,,
2026-08-19T23:53Z,juan musso,4056137,10,
2026-08-19T23:53Z,karl etta eyong,24426515,50,
2026-08-19T23:53Z,kevin sanchez,842160,10,
2026-08-19T23:53Z,llorenç serred,533822,,
2026-08-19T23:53Z,manu bueno,742504,40,
2026-08-19T23:53Z,marko dmitrovic,39277920,95,
2026-08-19T23:53Z,omar el hilali,10098553,80,
2026-08-19T23:53Z,pierre-emerick aubameyang,38507025,90,
2026-08-19T23:53Z,yuri berchiche,12311693,70,
2026-08-19T23:53Z,aitor paredes,5477677,70,
2026-08-19T23:53Z,alberto calatrava,927472,,
2026-08-19T23:53Z,antonio blanco,14590188,90,
2026-08-19T23:53Z,carlos espi,9774649,30,
2026-08-19T23:53Z,carlos puga,4962579,70,
2026-08-19T23:53Z,cesar tarrega,9131344,80,
2026-08-19T23:53Z,david soria,22039978,95,
2026-08-19T23:53Z,denis suarez,2367084,50,
2026-08-19T23:53Z,diego ferrer,651339,,
2026-08-19T23:53Z,igor zubeldia,10346166,60,
2026-08-19T23:53Z,ionut radu,37095939,90,
2026-08-19T23:53Z,izan merino,5927091,70,
2026-08-19T23:53Z,jean ives valou,566181,20,
2026-08-19T23:53Z,johnny cardoso,5320779,30,
2026-08-19T23:53Z,jose alberto lopez,867231,,
2026-08-19T23:53Z,juan musso,4056137,10,
2026-08-19T23:53Z,karl etta eyong,24426515,50,
2026-08-19T23:53Z,kevin sanchez,842160,10,
2026-08-19T23:53Z,llorenç serred,533822,,
2026-08-19T23:53Z,manu bueno,742504,40,
2026-08-19T23:53Z,marko dmitrovic,39277920,95,
2026-08-19T23:53Z,omar el hilali,10098553,80,
2026-08-19T23:53Z,pierre-emerick aubameyang,38507025,90,
2026-08-19T23:53Z,yuri berchiche,12311693,70,
2026-08-19T23:54Z,aitor paredes,5477677,70,
2026-08-19T23:54Z,alberto calatrava,927472,,
2026-08-19T23:54Z,antonio blanco,14590188,90,
2026-08-19T23:54Z,carlos espi,9774649,30,
2026-08-19T23:54Z,carlos puga,4962579,70,
2026-08-19T23:54Z,cesar tarrega,9131344,80,
2026-08-19T23:54Z,david soria,22039978,95,
2026-08-19T23:54Z,denis suarez,2367084,50,
2026-08-19T23:54Z,diego ferrer,651339,,
2026-08-19T23:54Z,igor zubeldia,10346166,60,
2026-08-19T23:54Z,ionut radu,37095939,90,
2026-08-19T23:54Z,izan merino,5927091,70,
2026-08-19T23:54Z,jean ives valou,566181,20,
2026-08-19T23:54Z,johnny cardoso,5320779,30,
2026-08-19T23:54Z,jose alberto lopez,867231,,
2026-08-19T23:54Z,juan musso,4056137,10,
2026-08-19T23:54Z,karl etta eyong,24426515,50,
2026-08-19T23:54Z,kevin sanchez,842160,10,
2026-08-19T23:54Z,llorenç serred,533822,,
2026-08-19T23:54Z,manu bueno,742504,40,
2026-08-19T23:54Z,marko dmitrovic,39277920,95,
2026-08-19T23:54Z,omar el hilali,10098553,80,
2026-08-19T23:54Z,pierre-emerick aubameyang,38507025,90,
2026-08-19T23:54Z,yuri berchiche,12311693,70,
2026-08-19T23:57Z,aitor paredes,5477677,70,
2026-08-19T23:57Z,alberto calatrava,927472,,
2026-08-19T23:57Z,antonio blanco,14590188,90,
2026-08-19T23:57Z,carlos espi,9774649,30,
2026-08-19T23:57Z,carlos puga,4962579,70,
2026-08-19T23:57Z,cesar tarrega,9131344,80,
2026-08-19T23:57Z,david soria,22039978,95,
2026-08-19T23:57Z,denis suarez,2367084,50,
2026-08-19T23:57Z,diego ferrer,651339,,
2026-08-19T23:57Z,igor zubeldia,10346166,60,
2026-08-19T23:57Z,ionut radu,37095939,90,
2026-08-19T23:57Z,izan merino,5927091,80,
2026-08-19T23:57Z,jean ives valou,566181,20,
2026-08-19T23:57Z,johnny cardoso,5320779,30,
2026-08-19T23:57Z,jose alberto lopez,867231,,
2026-08-19T23:57Z,juan musso,4056137,5,
2026-08-19T23:57Z,karl etta eyong,24426515,50,
2026-08-19T23:57Z,kevin sanchez,842160,10,
2026-08-19T23:57Z,llorenç serred,533822,,
2026-08-19T23:57Z,manu bueno,742504,40,
2026-08-19T23:57Z,marko dmitrovic,39277920,95,
2026-08-19T23:57Z,omar el hilali,10098553,80,
2026-08-19T23:57Z,pierre-emerick aubameyang,38507025,90,
2026-08-19T23:57Z,yuri berchiche,12311693,70,
2026-08-20T06:36Z,aitor paredes,5477677,70,
2026-08-20T06:36Z,alberto calatrava,927472,,
2026-08-20T06:36Z,antonio blanco,14590188,90,
2026-08-20T06:36Z,carlos espi,9774649,30,
2026-08-20T06:36Z,carlos puga,4962579,70,
2026-08-20T06:36Z,cesar tarrega,9131344,80,
2026-08-20T06:36Z,david soria,22039978,95,
2026-08-20T06:36Z,denis suarez,2367084,50,
2026-08-20T06:36Z,diego ferrer,651339,,
2026-08-20T06:36Z,igor zubeldia,10346166,60,
2026-08-20T06:36Z,ionut radu,37095939,90,
2026-08-20T06:36Z,izan merino,5927091,80,
2026-08-20T06:36Z,jean ives valou,566181,20,
2026-08-20T06:36Z,johnny cardoso,5320779,30,
2026-08-20T06:36Z,jose alberto lopez,867231,,
2026-08-20T06:36Z,juan musso,4056137,5,
2026-08-20T06:36Z,karl etta eyong,24426515,50,
2026-08-20T06:36Z,kevin sanchez,842160,10,
2026-08-20T06:36Z,llorenç serred,533822,,
2026-08-20T06:36Z,manu bueno,742504,40,
2026-08-20T06:36Z,marko dmitrovic,39277920,95,
2026-08-20T06:36Z,omar el hilali,10098553,80,
2026-08-20T06:36Z,pierre-emerick aubameyang,38507025,90,
2026-08-20T06:36Z,yuri berchiche,12311693,70,
2026-08-20T06:37Z,aitor paredes,5477677,70,
2026-08-20T06:37Z,alberto calatrava,927472,,
2026-08-20T06:37Z,antonio blanco,14590188,90,
2026-08-20T06:37Z,carlos espi,9774649,30,
2026-08-20T06:37Z,carlos puga,4962579,70,
2026-08-20T06:37Z,cesar tarrega,9131344,80,
2026-08-20T06:37Z,david soria,22039978,95,
2026-08-20T06:37Z,denis suarez,2367084,50,
2026-08-20T06:37Z,diego ferrer,651339,,
2026-08-20T06:37Z,igor zubeldia,10346166,60,
2026-08-20T06:37Z,ionut radu,37095939,90,
2026-08-20T06:37Z,izan merino,5927091,80,
2026-08-20T06:37Z,jean ives valou,566181,20,
2026-08-20T06:37Z,johnny cardoso,5320779,30,
2026-08-20T06:37Z,jose alberto lopez,867231,,
2026-08-20T06:37Z,juan musso,4056137,5,
2026-08-20T06:37Z,karl etta eyong,24426515,50,
2026-08-20T06:37Z,kevin sanchez,842160,10,
2026-08-20T06:37Z,llorenç serred,533822,,
2026-08-20T06:37Z,manu bueno,742504,40,
2026-08-20T06:37Z,marko dmitrovic,39277920,95,
2026-08-20T06:37Z,omar el hilali,10098553,80,
2026-08-20T06:37Z,pierre-emerick aubameyang,38507025,90,
2026-08-20T06:37Z,yuri berchiche,12311693,70,
2026-08-20T06:37Z,aitor paredes,5477677,70,
2026-08-20T06:37Z,alberto calatrava,927472,,
2026-08-20T06:37Z,antonio blanco,14590188,90,
2026-08-20T06:37Z,carlos espi,9774649,30,
2026-08-20T06:37Z,carlos puga,4962579,70,
2026-08-20T06:37Z,cesar tarrega,9131344,80,
2026-08-20T06:37Z,david soria,22039978,95,
2026-08-20T06:37Z,denis suarez,2367084,50,
2026-08-20T06:37Z,diego ferrer,651339,,
2026-08-20T06:37Z,igor zubeldia,10346166,60,
2026-08-20T06:37Z,ionut radu,37095939,90,
2026-08-20T06:37Z,izan merino,5927091,80,
2026-08-20T06:37Z,jean ives valou,566181,20,
2026-08-20T06:37Z,johnny cardoso,5320779,30,
2026-08-20T06:37Z,jose alberto lopez,867231,,
2026-08-20T06:37Z,juan musso,4056137,5,
2026-08-20T06:37Z,karl etta eyong,24426515,50,
2026-08-20T06:37Z,kevin sanchez,842160,10,
2026-08-20T06:37Z,llorenç serred,533822,,
2026-08-20T06:37Z,manu bueno,742504,40,
2026-08-20T06:37Z,marko dmitrovic,39277920,95,
2026-08-20T06:37Z,omar el hilali,10098553,80,
2026-08-20T06:37Z,pierre-emerick aubameyang,38507025,90,
2026-08-20T06:37Z,yuri berchiche,12311693,70,
2026-08-20T06:42Z,aitor paredes,5477677,70,
2026-08-20T06:42Z,alberto calatrava,927472,,
2026-08-20T06:42Z,antonio blanco,14590188,90,
2026-08-20T06:42Z,carlos espi,9774649,30,
2026-08-20T06:42Z,carlos puga,4962579,70,
2026-08-20T06:42Z,cesar tarrega,9131344,80,
2026-08-20T06:42Z,david soria,22039978,95,
2026-08-20T06:42Z,denis suarez,2367084,50,
2026-08-20T06:42Z,diego ferrer,651339,,
2026-08-20T06:42Z,igor zubeldia,10346166,60,
2026-08-20T06:42Z,ionut radu,37095939,90,
2026-08-20T06:42Z,izan merino,5927091,80,
2026-08-20T06:42Z,jean ives valou,566181,20,
2026-08-20T06:42Z,johnny cardoso,5320779,30,
2026-08-20T06:42Z,jose alberto lopez,867231,,
2026-08-20T06:42Z,juan musso,4056137,5,
2026-08-20T06:42Z,karl etta eyong,24426515,50,
2026-08-20T06:42Z,kevin sanchez,842160,10,
2026-08-20T06:42Z,llorenç serred,533822,,
2026-08-20T06:42Z,manu bueno,742504,40,
2026-08-20T06:42Z,marko dmitrovic,39277920,95,
2026-08-20T06:42Z,omar el hilali,10098553,80,
2026-08-20T06:42Z,pierre-emerick aubameyang,38507025,90,
2026-08-20T06:42Z,yuri berchiche,12311693,70,
2026-08-20T06:46Z,aitor paredes,5477677,70,
2026-08-20T06:46Z,alberto calatrava,927472,,
2026-08-20T06:46Z,antonio blanco,14590188,90,
2026-08-20T06:46Z,carlos espi,9774649,30,
2026-08-20T06:46Z,carlos puga,4962579,70,
2026-08-20T06:46Z,cesar tarrega,9131344,80,
2026-08-20T06:46Z,david soria,22039978,95,
2026-08-20T06:46Z,denis suarez,2367084,50,
2026-08-20T06:46Z,diego ferrer,651339,,
2026-08-20T06:46Z,igor zubeldia,10346166,60,
2026-08-20T06:46Z,ionut radu,37095939,90,
2026-08-20T06:46Z,izan merino,5927091,80,
2026-08-20T06:46Z,jean ives valou,566181,20,
2026-08-20T06:46Z,johnny cardoso,5320779,30,
2026-08-20T06:46Z,jose alberto lopez,867231,,
2026-08-20T06:46Z,juan musso,4056137,5,
2026-08-20T06:46Z,karl etta eyong,24426515,50,
2026-08-20T06:46Z,kevin sanchez,842160,10,
2026-08-20T06:46Z,llorenç serred,533822,,
2026-08-20T06:46Z,manu bueno,742504,40,
2026-08-20T06:46Z,marko dmitrovic,39277920,95,
2026-08-20T06:46Z,omar el hilali,10098553,80,
2026-08-20T06:46Z,pierre-emerick aubameyang,38507025,90,
2026-08-20T06:46Z,yuri berchiche,12311693,70,
2026-08-20T06:48Z,aitor paredes,5477677,70,
2026-08-20T06:48Z,alberto calatrava,927472,,
2026-08-20T06:48Z,antonio blanco,14590188,90,
2026-08-20T06:48Z,carlos espi,9774649,30,
2026-08-20T06:48Z,carlos puga,4962579,70,
2026-08-20T06:48Z,cesar tarrega,9131344,80,
2026-08-20T06:48Z,david soria,22039978,95,
2026-08-20T06:48Z,denis suarez,2367084,50,
2026-08-20T06:48Z,diego ferrer,651339,,
2026-08-20T06:48Z,igor zubeldia,10346166,60,
2026-08-20T06:48Z,ionut radu,37095939,90,
2026-08-20T06:48Z,izan merino,5927091,80,
2026-08-20T06:48Z,jean ives valou,566181,20,
2026-08-20T06:48Z,johnny cardoso,5320779,30,
2026-08-20T06:48Z,jose alberto lopez,867231,,
2026-08-20T06:48Z,juan musso,4056137,5,
2026-08-20T06:48Z,karl etta eyong,24426515,50,
2026-08-20T06:48Z,kevin sanchez,842160,10,
2026-08-20T06:48Z,llorenç serred,533822,,
2026-08-20T06:48Z,manu bueno,742504,40,
2026-08-20T06:48Z,marko dmitrovic,39277920,95,
2026-08-20T06:48Z,omar el hilali,10098553,80,
2026-08-20T06:48Z,pierre-emerick aubameyang,38507025,90,
2026-08-20T06:48Z,yuri berchiche,12311693,70,
2026-08-20T06:48Z,aitor paredes,5477677,70,
2026-08-20T06:48Z,alberto calatrava,927472,,
2026-08-20T06:48Z,antonio blanco,14590188,90,
2026-08-20T06:48Z,carlos espi,9774649,30,
2026-08-20T06:48Z,carlos puga,4962579,70,
2026-08-20T06:48Z,cesar tarrega,9131344,80,
2026-08-20T06:48Z,david soria,22039978,95,
2026-08-20T06:48Z,denis suarez,2367084,50,
2026-08-20T06:48Z,diego ferrer,651339,,
2026-08-20T06:48Z,igor zubeldia,10346166,60,
2026-08-20T06:48Z,ionut radu,37095939,90,
2026-08-20T06:48Z,izan merino,5927091,80,
2026-08-20T06:48Z,jean ives valou,566181,20,
2026-08-20T06:48Z,johnny cardoso,5320779,30,
2026-08-20T06:48Z,jose alberto lopez,867231,,
2026-08-20T06:48Z,juan musso,4056137,5,
2026-08-20T06:48Z,karl etta eyong,24426515,50,
2026-08-20T06:48Z,kevin sanchez,842160,10,
2026-08-20T06:48Z,llorenç serred,533822,,
2026-08-20T06:48Z,manu bueno,742504,40,
2026-08-20T06:48Z,marko dmitrovic,39277920,95,
2026-08-20T06:48Z,omar el hilali,10098553,80,
2026-08-20T06:48Z,pierre-emerick aubameyang,38507025,90,
2026-08-20T06:48Z,yuri berchiche,12311693,70,
2026-08-20T07:00Z,aitor paredes,5477677,70,
2026-08-20T07:00Z,alberto calatrava,927472,,
2026-08-20T07:00Z,antonio blanco,14590188,90,
2026-08-20T07:00Z,carlos espi,9774649,30,
2026-08-20T07:00Z,carlos puga,4962579,70,
2026-08-20T07:00Z,cesar tarrega,9131344,80,
2026-08-20T07:00Z,david soria,22039978,95,
2026-08-20T07:00Z,denis suarez,2367084,50,
2026-08-20T07:00Z,diego ferrer,651339,,
2026-08-20T07:00Z,igor zubeldia,10346166,60,
2026-08-20T07:00Z,ionut radu,37095939,90,
2026-08-20T07:00Z,izan merino,5927091,80,
2026-08-20T07:00Z,jean ives valou,566181,20,
2026-08-20T07:00Z,johnny cardoso,5320779,30,
2026-08-20T07:00Z,jose alberto lopez,867231,,
2026-08-20T07:00Z,juan musso,4056137,5,
2026-08-20T07:00Z,karl etta eyong,24426515,50,
2026-08-20T07:00Z,kevin sanchez,842160,10,
2026-08-20T07:00Z,llorenç serred,533822,,
2026-08-20T07:00Z,manu bueno,742504,40,
2026-08-20T07:00Z,marko dmitrovic,39277920,95,
2026-08-20T07:00Z,omar el hilali,10098553,80,
2026-08-20T07:00Z,pierre-emerick aubameyang,38507025,90,
2026-08-20T07:00Z,yuri berchiche,12311693,70,
2026-08-20T07:00Z,aitor paredes,5477677,70,
2026-08-20T07:00Z,alberto calatrava,927472,,
2026-08-20T07:00Z,antonio blanco,14590188,90,
2026-08-20T07:00Z,carlos espi,9774649,30,
2026-08-20T07:00Z,carlos puga,4962579,70,
2026-08-20T07:00Z,cesar tarrega,9131344,80,
2026-08-20T07:00Z,david soria,22039978,95,
2026-08-20T07:00Z,denis suarez,2367084,50,
2026-08-20T07:00Z,diego ferrer,651339,,
2026-08-20T07:00Z,igor zubeldia,10346166,60,
2026-08-20T07:00Z,ionut radu,37095939,90,
2026-08-20T07:00Z,izan merino,5927091,80,
2026-08-20T07:00Z,jean ives valou,566181,20,
2026-08-20T07:00Z,johnny cardoso,5320779,30,
2026-08-20T07:00Z,jose alberto lopez,867231,,
2026-08-20T07:00Z,juan musso,4056137,5,
2026-08-20T07:00Z,karl etta eyong,24426515,50,
2026-08-20T07:00Z,kevin sanchez,842160,10,
2026-08-20T07:00Z,llorenç serred,533822,,
2026-08-20T07:00Z,manu bueno,742504,40,
2026-08-20T07:00Z,marko dmitrovic,39277920,95,
2026-08-20T07:00Z,omar el hilali,10098553,80,
2026-08-20T07:00Z,pierre-emerick aubameyang,38507025,90,
2026-08-20T07:00Z,yuri berchiche,12311693,70,
2026-08-20T06:50Z,aitor paredes,5477677,70,
2026-08-20T06:50Z,alberto calatrava,927472,,
2026-08-20T06:50Z,antonio blanco,14590188,90,
2026-08-20T06:50Z,carlos espi,9774649,30,
2026-08-20T06:50Z,carlos puga,4962579,70,
2026-08-20T06:50Z,cesar tarrega,9131344,80,
2026-08-20T06:50Z,david soria,22039978,95,
2026-08-20T06:50Z,denis suarez,2367084,50,
2026-08-20T06:50Z,diego ferrer,651339,,
2026-08-20T06:50Z,igor zubeldia,10346166,60,
2026-08-20T06:50Z,ionut radu,37095939,90,
2026-08-20T06:50Z,izan merino,5927091,80,
2026-08-20T06:50Z,jean ives valou,566181,20,
2026-08-20T06:50Z,johnny cardoso,5320779,30,
2026-08-20T06:50Z,jose alberto lopez,867231,,
2026-08-20T06:50Z,juan musso,4056137,5,
2026-08-20T06:50Z,karl etta eyong,24426515,50,
2026-08-20T06:50Z,kevin sanchez,842160,10,
2026-08-20T06:50Z,llorenç serred,533822,,
2026-08-20T06:50Z,manu bueno,742504,40,
2026-08-20T06:50Z,marko dmitrovic,39277920,95,
2026-08-20T06:50Z,omar el hilali,10098553,80,
2026-08-20T06:50Z,pierre-emerick aubameyang,38507025,90,
2026-08-20T06:50Z,yuri berchiche,12311693,70,
2026-08-20T06:53Z,aitor paredes,5477677,70,
2026-08-20T06:53Z,alberto calatrava,927472,,
2026-08-20T06:53Z,antonio blanco,14590188,90,
2026-08-20T06:53Z,carlos espi,9774649,30,
2026-08-20T06:53Z,carlos puga,4962579,70,
2026-08-20T06:53Z,cesar tarrega,9131344,80,
2026-08-20T06:53Z,david soria,22039978,95,
2026-08-20T06:53Z,denis suarez,2367084,50,
2026-08-20T06:53Z,diego ferrer,651339,,
2026-08-20T06:53Z,igor zubeldia,10346166,60,
2026-08-20T06:53Z,ionut radu,37095939,90,
2026-08-20T06:53Z,izan merino,5927091,80,
2026-08-20T06:53Z,jean ives valou,566181,20,
2026-08-20T06:53Z,johnny cardoso,5320779,30,
2026-08-20T06:53Z,jose alberto lopez,867231,,
2026-08-20T06:53Z,juan musso,4056137,5,
2026-08-20T06:53Z,karl etta eyong,24426515,50,
2026-08-20T06:53Z,kevin sanchez,842160,10,
2026-08-20T06:53Z,llorenç serred,533822,,
2026-08-20T06:53Z,manu bueno,742504,40,
2026-08-20T06:53Z,marko dmitrovic,39277920,95,
2026-08-20T06:53Z,omar el hilali,10098553,80,
2026-08-20T06:53Z,pierre-emerick aubameyang,38507025,90,
2026-08-20T06:53Z,yuri berchiche,12311693,70,
2026-08-20T06:53Z,aitor paredes,5477677,70,
2026-08-20T06:53Z,alberto calatrava,927472,,
2026-08-20T06:53Z,antonio blanco,14590188,90,
2026-08-20T06:53Z,carlos espi,9774649,30,
2026-08-20T06:53Z,carlos puga,4962579,70,
2026-08-20T06:53Z,cesar tarrega,9131344,80,
2026-08-20T06:53Z,david soria,22039978,95,
2026-08-20T06:53Z,denis suarez,2367084,50,
2026-08-20T06:53Z,diego ferrer,651339,,
2026-08-20T06:53Z,igor zubeldia,10346166,60,
2026-08-20T06:53Z,ionut radu,37095939,90,
2026-08-20T06:53Z,izan merino,5927091,80,
2026-08-20T06:53Z,jean ives valou,566181,20,
2026-08-20T06:53Z,johnny cardoso,5320779,30,
2026-08-20T06:53Z,jose alberto lopez,867231,,
2026-08-20T06:53Z,juan musso,4056137,5,
2026-08-20T06:53Z,karl etta eyong,24426515,50,
2026-08-20T06:53Z,kevin sanchez,842160,10,
2026-08-20T06:53Z,llorenç serred,533822,,
2026-08-20T06:53Z,manu bueno,742504,40,
2026-08-20T06:53Z,marko dmitrovic,39277920,95,
2026-08-20T06:53Z,omar el hilali,10098553,80,
2026-08-20T06:53Z,pierre-emerick aubameyang,38507025,90,
2026-08-20T06:53Z,yuri berchiche,12311693,70,
2026-08-20T07:00Z,aitor paredes,5477677,70,
2026-08-20T07:00Z,alberto calatrava,927472,,
2026-08-20T07:00Z,antonio blanco,14590188,90,
2026-08-20T07:00Z,carlos espi,9774649,30,
2026-08-20T07:00Z,carlos puga,4962579,70,
2026-08-20T07:00Z,cesar tarrega,9131344,80,
2026-08-20T07:00Z,david soria,22039978,95,
2026-08-20T07:00Z,denis suarez,2367084,50,
2026-08-20T07:00Z,diego ferrer,651339,,
2026-08-20T07:00Z,igor zubeldia,10346166,60,
2026-08-20T07:00Z,ionut radu,37095939,90,
2026-08-20T07:00Z,izan merino,5927091,80,
2026-08-20T07:00Z,jean ives valou,566181,20,
2026-08-20T07:00Z,johnny cardoso,5320779,30,
2026-08-20T07:00Z,jose alberto lopez,867231,,
2026-08-20T07:00Z,juan musso,4056137,5,
2026-08-20T07:00Z,karl etta eyong,24426515,50,
2026-08-20T07:00Z,kevin sanchez,842160,10,
2026-08-20T07:00Z,llorenç serred,533822,,
2026-08-20T07:00Z,manu bueno,742504,40,
2026-08-20T07:00Z,marko dmitrovic,39277920,95,
2026-08-20T07:00Z,omar el hilali,10098553,80,
2026-08-20T07:00Z,pierre-emerick aubameyang,38507025,90,
2026-08-20T07:00Z,yuri berchiche,12311693,70,
2026-08-20T07:00Z,aitor paredes,5477677,70,
2026-08-20T07:00Z,alberto calatrava,927472,,
2026-08-20T07:00Z,antonio blanco,14590188,90,
2026-08-20T07:00Z,carlos espi,9774649,30,
2026-08-20T07:00Z,carlos puga,4962579,70,
2026-08-20T07:00Z,cesar tarrega,9131344,80,
2026-08-20T07:00Z,david soria,22039978,95,
2026-08-20T07:00Z,denis suarez,2367084,50,
2026-08-20T07:00Z,diego ferrer,651339,,
2026-08-20T07:00Z,igor zubeldia,10346166,60,
2026-08-20T07:00Z,ionut radu,37095939,90,
2026-08-20T07:00Z,izan merino,5927091,80,
2026-08-20T07:00Z,jean ives valou,566181,20,
2026-08-20T07:00Z,johnny cardoso,5320779,30,
2026-08-20T07:00Z,jose alberto lopez,867231,,
2026-08-20T07:00Z,juan musso,4056137,5,
2026-08-20T07:00Z,karl etta eyong,24426515,50,
2026-08-20T07:00Z,kevin sanchez,842160,10,
2026-08-20T07:00Z,llorenç serred,533822,,
2026-08-20T07:00Z,manu bueno,742504,40,
2026-08-20T07:00Z,marko dmitrovic,39277920,95,
2026-08-20T07:00Z,omar el hilali,10098553,80,
2026-08-20T07:00Z,pierre-emerick aubameyang,38507025,90,
2026-08-20T07:00Z,yuri berchiche,12311693,70,
2026-08-20T07:00Z,aitor paredes,5477677,70,
2026-08-20T07:00Z,alberto calatrava,927472,,
2026-08-20T07:00Z,antonio blanco,14590188,90,
2026-08-20T07:00Z,carlos espi,9774649,30,
2026-08-20T07:00Z,carlos puga,4962579,70,
2026-08-20T07:00Z,cesar tarrega,9131344,80,
2026-08-20T07:00Z,david soria,22039978,95,
2026-08-20T07:00Z,denis suarez,2367084,50,
2026-08-20T07:00Z,diego ferrer,651339,,
2026-08-20T07:00Z,igor zubeldia,10346166,60,
2026-08-20T07:00Z,ionut radu,37095939,90,
2026-08-20T07:00Z,izan merino,5927091,80,
2026-08-20T07:00Z,jean ives valou,566181,20,
2026-08-20T07:00Z,johnny cardoso,5320779,30,
2026-08-20T07:00Z,jose alberto lopez,867231,,
2026-08-20T07:00Z,juan musso,4056137,5,
2026-08-20T07:00Z,karl etta eyong,24426515,50,
2026-08-20T07:00Z,kevin sanchez,842160,10,
2026-08-20T07:00Z,llorenç serred,533822,,
2026-08-20T07:00Z,manu bueno,742504,40,
2026-08-20T07:00Z,marko dmitrovic,39277920,95,
2026-08-20T07:00Z,omar el hilali,10098553,80,
2026-08-20T07:00Z,pierre-emerick aubameyang,38507025,90,
2026-08-20T07:00Z,yuri berchiche,12311693,70,
2026-08-20T07:00Z,aitor paredes,5477677,70,
2026-08-20T07:00Z,alberto calatrava,927472,,
2026-08-20T07:00Z,antonio blanco,14590188,90,
2026-08-20T07:00Z,carlos espi,9774649,30,
2026-08-20T07:00Z,carlos puga,4962579,70,
2026-08-20T07:00Z,cesar tarrega,9131344,80,
2026-08-20T07:00Z,david soria,22039978,95,
2026-08-20T07:00Z,denis suarez,2367084,50,
2026-08-20T07:00Z,diego ferrer,651339,,
2026-08-20T07:00Z,igor zubeldia,10346166,60,
2026-08-20T07:00Z,ionut radu,37095939,90,
2026-08-20T07:00Z,izan merino,5927091,80,
2026-08-20T07:00Z,jean ives valou,566181,20,
2026-08-20T07:00Z,johnny cardoso,5320779,30,
2026-08-20T07:00Z,jose alberto lopez,867231,,
2026-08-20T07:00Z,juan musso,4056137,5,
2026-08-20T07:00Z,karl etta eyong,24426515,50,
2026-08-20T07:00Z,kevin sanchez,842160,10,
2026-08-20T07:00Z,llorenç serred,533822,,
2026-08-20T07:00Z,manu bueno,742504,40,
2026-08-20T07:00Z,marko dmitrovic,39277920,95,
2026-08-20T07:00Z,omar el hilali,10098553,80,
2026-08-20T07:00Z,pierre-emerick aubameyang,38507025,90,
2026-08-20T07:00Z,yuri berchiche,12311693,70,
2026-08-20T07:03Z,aitor paredes,5477677,70,
2026-08-20T07:03Z,alberto calatrava,927472,,
2026-08-20T07:03Z,antonio blanco,14590188,90,
2026-08-20T07:03Z,carlos espi,9774649,30,
2026-08-20T07:03Z,carlos puga,4962579,70,
2026-08-20T07:03Z,cesar tarrega,9131344,80,
2026-08-20T07:03Z,david soria,22039978,95,
2026-08-20T07:03Z,denis suarez,2367084,50,
2026-08-20T07:03Z,diego ferrer,651339,,
2026-08-20T07:03Z,igor zubeldia,10346166,60,
2026-08-20T07:03Z,ionut radu,37095939,90,
2026-08-20T07:03Z,izan merino,5927091,80,
2026-08-20T07:03Z,jean ives valou,566181,20,
2026-08-20T07:03Z,johnny cardoso,5320779,30,
2026-08-20T07:03Z,jose alberto lopez,867231,,
2026-08-20T07:03Z,juan musso,4056137,5,
2026-08-20T07:03Z,karl etta eyong,24426515,50,
2026-08-20T07:03Z,kevin sanchez,842160,10,
2026-08-20T07:03Z,llorenç serred,533822,,
2026-08-20T07:03Z,manu bueno,742504,40,
2026-08-20T07:03Z,marko dmitrovic,39277920,95,
2026-08-20T07:03Z,omar el hilali,10098553,80,
2026-08-20T07:03Z,pierre-emerick aubameyang,38507025,90,
2026-08-20T07:03Z,yuri berchiche,12311693,70,
2026-08-20T07:03Z,aitor paredes,5477677,70,
2026-08-20T07:03Z,alberto calatrava,927472,,
2026-08-20T07:03Z,antonio blanco,14590188,90,
2026-08-20T07:03Z,carlos espi,9774649,30,
2026-08-20T07:03Z,carlos puga,4962579,70,
2026-08-20T07:03Z,cesar tarrega,9131344,80,
2026-08-20T07:03Z,david soria,22039978,95,
2026-08-20T07:03Z,denis suarez,2367084,50,
2026-08-20T07:03Z,diego ferrer,651339,,
2026-08-20T07:03Z,igor zubeldia,10346166,60,
2026-08-20T07:03Z,ionut radu,37095939,90,
2026-08-20T07:03Z,izan merino,5927091,80,
2026-08-20T07:03Z,jean ives valou,566181,20,
2026-08-20T07:03Z,johnny cardoso,5320779,30,
2026-08-20T07:03Z,jose alberto lopez,867231,,
2026-08-20T07:03Z,juan musso,4056137,5,
2026-08-20T07:03Z,karl etta eyong,24426515,50,
2026-08-20T07:03Z,kevin sanchez,842160,10,
2026-08-20T07:03Z,llorenç serred,533822,,
2026-08-20T07:03Z,manu bueno,742504,40,
2026-08-20T07:03Z,marko dmitrovic,39277920,95,
2026-08-20T07:03Z,omar el hilali,10098553,80,
2026-08-20T07:03Z,pierre-emerick aubameyang,38507025,90,
2026-08-20T07:03Z,yuri berchiche,12311693,70,
2026-08-20T07:00Z,aitor paredes,5477677,70,
2026-08-20T07:00Z,alberto calatrava,927472,,
2026-08-20T07:00Z,antonio blanco,14590188,90,
2026-08-20T07:00Z,carlos espi,9774649,30,
2026-08-20T07:00Z,carlos puga,4962579,70,
2026-08-20T07:00Z,cesar tarrega,9131344,80,
2026-08-20T07:00Z,david soria,22039978,95,
2026-08-20T07:00Z,denis suarez,2367084,50,
2026-08-20T07:00Z,diego ferrer,651339,,
2026-08-20T07:00Z,igor zubeldia,10346166,60,
2026-08-20T07:00Z,ionut radu,37095939,90,
2026-08-20T07:00Z,izan merino,5927091,80,
2026-08-20T07:00Z,jean ives valou,566181,20,
2026-08-20T07:00Z,johnny cardoso,5320779,30,
2026-08-20T07:00Z,jose alberto lopez,867231,,
2026-08-20T07:00Z,juan musso,4056137,5,
2026-08-20T07:00Z,karl etta eyong,24426515,50,
2026-08-20T07:00Z,kevin sanchez,842160,10,
2026-08-20T07:00Z,llorenç serred,533822,,
2026-08-20T07:00Z,manu bueno,742504,40,
2026-08-20T07:00Z,marko dmitrovic,39277920,95,
2026-08-20T07:00Z,omar el hilali,10098553,80,
2026-08-20T07:00Z,pierre-emerick aubameyang,38507025,90,
2026-08-20T07:00Z,yuri berchiche,12311693,70,
2026-08-20T07:00Z,aitor paredes,5477677,70,
2026-08-20T07:00Z,alberto calatrava,927472,,
2026-08-20T07:00Z,antonio blanco,14590188,90,
2026-08-20T07:00Z,carlos espi,9774649,30,
2026-08-20T07:00Z,carlos puga,4962579,70,
2026-08-20T07:00Z,cesar tarrega,9131344,80,
2026-08-20T07:00Z,david soria,22039978,95,
2026-08-20T07:00Z,denis suarez,2367084,50,
2026-08-20T07:00Z,diego ferrer,651339,,
2026-08-20T07:00Z,igor zubeldia,10346166,60,
2026-08-20T07:00Z,ionut radu,37095939,90,
2026-08-20T07:00Z,izan merino,5927091,80,
2026-08-20T07:00Z,jean ives valou,566181,20,
2026-08-20T07:00Z,johnny cardoso,5320779,30,
2026-08-20T07:00Z,jose alberto lopez,867231,,
2026-08-20T07:00Z,juan musso,4056137,5,
2026-08-20T07:00Z,karl etta eyong,24426515,50,
2026-08-20T07:00Z,kevin sanchez,842160,10,
2026-08-20T07:00Z,llorenç serred,533822,,
2026-08-20T07:00Z,manu bueno,742504,40,
2026-08-20T07:00Z,marko dmitrovic,39277920,95,
2026-08-20T07:00Z,omar el hilali,10098553,80,
2026-08-20T07:00Z,pierre-emerick aubameyang,38507025,90,
2026-08-20T07:00Z,yuri berchiche,12311693,70,
2026-08-20T07:00Z,aitor paredes,5477677,70,
2026-08-20T07:00Z,alberto calatrava,927472,,
2026-08-20T07:00Z,antonio blanco,14590188,90,
2026-08-20T07:00Z,carlos espi,9774649,30,
2026-08-20T07:00Z,carlos puga,4962579,70,
2026-08-20T07:00Z,cesar tarrega,9131344,80,
2026-08-20T07:00Z,david soria,22039978,95,
2026-08-20T07:00Z,denis suarez,2367084,50,
2026-08-20T07:00Z,diego ferrer,651339,,
2026-08-20T07:00Z,igor zubeldia,10346166,60,
2026-08-20T07:00Z,ionut radu,37095939,90,
2026-08-20T07:00Z,izan merino,5927091,80,
2026-08-20T07:00Z,jean ives valou,566181,20,
2026-08-20T07:00Z,johnny cardoso,5320779,30,
2026-08-20T07:00Z,jose alberto lopez,867231,,
2026-08-20T07:00Z,juan musso,4056137,5,
2026-08-20T07:00Z,karl etta eyong,24426515,50,
2026-08-20T07:00Z,kevin sanchez,842160,10,
2026-08-20T07:00Z,llorenç serred,533822,,
2026-08-20T07:00Z,manu bueno,742504,40,
2026-08-20T07:00Z,marko dmitrovic,39277920,95,
2026-08-20T07:00Z,omar el hilali,10098553,80,
2026-08-20T07:00Z,pierre-emerick aubameyang,38507025,90,
2026-08-20T07:00Z,yuri berchiche,12311693,70,
2026-08-20T07:07Z,aitor paredes,5477677,70,
2026-08-20T07:07Z,alberto calatrava,927472,,
2026-08-20T07:07Z,antonio blanco,14590188,90,
2026-08-20T07:07Z,carlos espi,9774649,30,
2026-08-20T07:07Z,carlos puga,4962579,70,
2026-08-20T07:07Z,cesar tarrega,9131344,80,
2026-08-20T07:07Z,david soria,22039978,95,
2026-08-20T07:07Z,denis suarez,2367084,50,
2026-08-20T07:07Z,diego ferrer,651339,,
2026-08-20T07:07Z,igor zubeldia,10346166,60,
2026-08-20T07:07Z,ionut radu,37095939,90,
2026-08-20T07:07Z,izan merino,5927091,80,
2026-08-20T07:07Z,jean ives valou,566181,20,
2026-08-20T07:07Z,johnny cardoso,5320779,30,
2026-08-20T07:07Z,jose alberto lopez,867231,,
2026-08-20T07:07Z,juan musso,4056137,5,
2026-08-20T07:07Z,karl etta eyong,24426515,50,
2026-08-20T07:07Z,kevin sanchez,842160,10,
2026-08-20T07:07Z,llorenç serred,533822,,
2026-08-20T07:07Z,manu bueno,742504,40,
2026-08-20T07:07Z,marko dmitrovic,39277920,95,
2026-08-20T07:07Z,omar el hilali,10098553,80,
2026-08-20T07:07Z,pierre-emerick aubameyang,38507025,90,
2026-08-20T07:07Z,yuri berchiche,12311693,70,
2026-08-20T07:00Z,aitor paredes,5477677,70,
2026-08-20T07:00Z,alberto calatrava,927472,,
2026-08-20T07:00Z,antonio blanco,14590188,90,
2026-08-20T07:00Z,carlos espi,9774649,30,
2026-08-20T07:00Z,carlos puga,4962579,70,
2026-08-20T07:00Z,cesar tarrega,9131344,80,
2026-08-20T07:00Z,david soria,22039978,95,
2026-08-20T07:00Z,denis suarez,2367084,50,
2026-08-20T07:00Z,diego ferrer,651339,,
2026-08-20T07:00Z,igor zubeldia,10346166,60,
2026-08-20T07:00Z,ionut radu,37095939,90,
2026-08-20T07:00Z,izan merino,5927091,80,
2026-08-20T07:00Z,jean ives valou,566181,20,
2026-08-20T07:00Z,johnny cardoso,5320779,30,
2026-08-20T07:00Z,jose alberto lopez,867231,,
2026-08-20T07:00Z,juan musso,4056137,5,
2026-08-20T07:00Z,karl etta eyong,24426515,50,
2026-08-20T07:00Z,kevin sanchez,842160,10,
2026-08-20T07:00Z,llorenç serred,533822,,
2026-08-20T07:00Z,manu bueno,742504,40,
2026-08-20T07:00Z,marko dmitrovic,39277920,95,
2026-08-20T07:00Z,omar el hilali,10098553,80,
2026-08-20T07:00Z,pierre-emerick aubameyang,38507025,90,
2026-08-20T07:00Z,yuri berchiche,12311693,70,
2026-08-20T07:00Z,aitor paredes,5477677,70,
2026-08-20T07:00Z,alberto calatrava,927472,,
2026-08-20T07:00Z,antonio blanco,14590188,90,
2026-08-20T07:00Z,carlos espi,9774649,30,
2026-08-20T07:00Z,carlos puga,4962579,70,
2026-08-20T07:00Z,cesar tarrega,9131344,80,
2026-08-20T07:00Z,david soria,22039978,95,
2026-08-20T07:00Z,denis suarez,2367084,50,
2026-08-20T07:00Z,diego ferrer,651339,,
2026-08-20T07:00Z,igor zubeldia,10346166,60,
2026-08-20T07:00Z,ionut radu,37095939,90,
2026-08-20T07:00Z,izan merino,5927091,80,
2026-08-20T07:00Z,jean ives valou,566181,20,
2026-08-20T07:00Z,johnny cardoso,5320779,30,
2026-08-20T07:00Z,jose alberto lopez,867231,,
2026-08-20T07:00Z,juan musso,4056137,5,
2026-08-20T07:00Z,karl etta eyong,24426515,50,
2026-08-20T07:00Z,kevin sanchez,842160,10,
2026-08-20T07:00Z,llorenç serred,533822,,
2026-08-20T07:00Z,manu bueno,742504,40,
2026-08-20T07:00Z,marko dmitrovic,39277920,95,
2026-08-20T07:00Z,omar el hilali,10098553,80,
2026-08-20T07:00Z,pierre-emerick aubameyang,38507025,90,
2026-08-20T07:00Z,yuri berchiche,12311693,70,
2026-08-20T07:14Z,aitor paredes,5477677,70,
2026-08-20T07:14Z,alberto calatrava,927472,,
2026-08-20T07:14Z,antonio blanco,14590188,90,
2026-08-20T07:14Z,carlos espi,9774649,30,
2026-08-20T07:14Z,carlos puga,4962579,70,
2026-08-20T07:14Z,cesar tarrega,9131344,80,
2026-08-20T07:14Z,david soria,22039978,95,
2026-08-20T07:14Z,denis suarez,2367084,50,
2026-08-20T07:14Z,diego ferrer,651339,,
2026-08-20T07:14Z,igor zubeldia,10346166,60,
2026-08-20T07:14Z,ionut radu,37095939,90,
2026-08-20T07:14Z,izan merino,5927091,80,
2026-08-20T07:14Z,jean ives valou,566181,20,
2026-08-20T07:14Z,johnny cardoso,5320779,30,
2026-08-20T07:14Z,jose alberto lopez,867231,,
2026-08-20T07:14Z,juan musso,4056137,5,
2026-08-20T07:14Z,karl etta eyong,24426515,50,
2026-08-20T07:14Z,kevin sanchez,842160,10,
2026-08-20T07:14Z,llorenç serred,533822,,
2026-08-20T07:14Z,manu bueno,742504,40,
2026-08-20T07:14Z,marko dmitrovic,39277920,95,
2026-08-20T07:14Z,omar el hilali,10098553,80,
2026-08-20T07:14Z,pierre-emerick aubameyang,38507025,90,
2026-08-20T07:14Z,yuri berchiche,12311693,70,
2026-08-20T07:14Z,aitor paredes,5477677,70,
2026-08-20T07:14Z,alberto calatrava,927472,,
2026-08-20T07:14Z,antonio blanco,14590188,90,
2026-08-20T07:14Z,carlos espi,9774649,30,
2026-08-20T07:14Z,carlos puga,4962579,70,
2026-08-20T07:14Z,cesar tarrega,9131344,80,
2026-08-20T07:14Z,david soria,22039978,95,
2026-08-20T07:14Z,denis suarez,2367084,50,
2026-08-20T07:14Z,diego ferrer,651339,,
2026-08-20T07:14Z,igor zubeldia,10346166,60,
2026-08-20T07:14Z,ionut radu,37095939,90,
2026-08-20T07:14Z,izan merino,5927091,80,
2026-08-20T07:14Z,jean ives valou,566181,20,
2026-08-20T07:14Z,johnny cardoso,5320779,30,
2026-08-20T07:14Z,jose alberto lopez,867231,,
2026-08-20T07:14Z,juan musso,4056137,5,
2026-08-20T07:14Z,karl etta eyong,24426515,50,
2026-08-20T07:14Z,kevin sanchez,842160,10,
2026-08-20T07:14Z,llorenç serred,533822,,
2026-08-20T07:14Z,manu bueno,742504,40,
2026-08-20T07:14Z,marko dmitrovic,39277920,95,
2026-08-20T07:14Z,omar el hilali,10098553,80,
2026-08-20T07:14Z,pierre-emerick aubameyang,38507025,90,
2026-08-20T07:14Z,yuri berchiche,12311693,70,
2026-08-20T07:43Z,aitor paredes,5477677,70,
2026-08-20T07:43Z,alberto calatrava,927472,,
2026-08-20T07:43Z,antonio blanco,14590188,90,
2026-08-20T07:43Z,carlos espi,9774649,30,
2026-08-20T07:43Z,carlos puga,4962579,70,
2026-08-20T07:43Z,cesar tarrega,9131344,80,
2026-08-20T07:43Z,david soria,22039978,95,
2026-08-20T07:43Z,denis suarez,2367084,50,
2026-08-20T07:43Z,diego ferrer,651339,,
2026-08-20T07:43Z,igor zubeldia,10346166,60,
2026-08-20T07:43Z,ionut radu,37095939,90,
2026-08-20T07:43Z,izan merino,5927091,80,
2026-08-20T07:43Z,jean ives valou,566181,20,
2026-08-20T07:43Z,johnny cardoso,5320779,30,
2026-08-20T07:43Z,jose alberto lopez,867231,,
2026-08-20T07:43Z,juan musso,4056137,5,
2026-08-20T07:43Z,karl etta eyong,24426515,50,
2026-08-20T07:43Z,kevin sanchez,842160,10,
2026-08-20T07:43Z,llorenç serred,533822,,
2026-08-20T07:43Z,manu bueno,742504,40,
2026-08-20T07:43Z,marko dmitrovic,39277920,95,
2026-08-20T07:43Z,omar el hilali,10098553,80,
2026-08-20T07:43Z,pierre-emerick aubameyang,38507025,90,
2026-08-20T07:43Z,yuri berchiche,12311693,70,
2026-08-20T07:00Z,aitor paredes,5477677,70,
2026-08-20T07:00Z,alberto calatrava,927472,,
2026-08-20T07:00Z,antonio blanco,14590188,90,
2026-08-20T07:00Z,carlos espi,9774649,30,
2026-08-20T07:00Z,carlos puga,4962579,70,
2026-08-20T07:00Z,cesar tarrega,9131344,80,
2026-08-20T07:00Z,david soria,22039978,95,
2026-08-20T07:00Z,denis suarez,2367084,50,
2026-08-20T07:00Z,diego ferrer,651339,,
2026-08-20T07:00Z,igor zubeldia,10346166,60,
2026-08-20T07:00Z,ionut radu,37095939,90,
2026-08-20T07:00Z,izan merino,5927091,80,
2026-08-20T07:00Z,jean ives valou,566181,20,
2026-08-20T07:00Z,johnny cardoso,5320779,30,
2026-08-20T07:00Z,jose alberto lopez,867231,,
2026-08-20T07:00Z,juan musso,4056137,5,
2026-08-20T07:00Z,karl etta eyong,24426515,50,
2026-08-20T07:00Z,kevin sanchez,842160,10,
2026-08-20T07:00Z,llorenç serred,533822,,
2026-08-20T07:00Z,manu bueno,742504,40,
2026-08-20T07:00Z,marko dmitrovic,39277920,95,
2026-08-20T07:00Z,omar el hilali,10098553,80,
2026-08-20T07:00Z,pierre-emerick aubameyang,38507025,90,
2026-08-20T07:00Z,yuri berchiche,12311693,70,
2026-08-20T07:00Z,aitor paredes,5477677,70,
2026-08-20T07:00Z,alberto calatrava,927472,,
2026-08-20T07:00Z,antonio blanco,14590188,90,
2026-08-20T07:00Z,carlos espi,9774649,30,
2026-08-20T07:00Z,carlos puga,4962579,70,
2026-08-20T07:00Z,cesar tarrega,9131344,80,
2026-08-20T07:00Z,david soria,22039978,95,
2026-08-20T07:00Z,denis suarez,2367084,50,
2026-08-20T07:00Z,diego ferrer,651339,,
2026-08-20T07:00Z,igor zubeldia,10346166,60,
2026-08-20T07:00Z,ionut radu,37095939,90,
2026-08-20T07:00Z,izan merino,5927091,80,
2026-08-20T07:00Z,jean ives valou,566181,20,
2026-08-20T07:00Z,johnny cardoso,5320779,30,
2026-08-20T07:00Z,jose alberto lopez,867231,,
2026-08-20T07:00Z,juan musso,4056137,5,
2026-08-20T07:00Z,karl etta eyong,24426515,50,
2026-08-20T07:00Z,kevin sanchez,842160,10,
2026-08-20T07:00Z,llorenç serred,533822,,
2026-08-20T07:00Z,manu bueno,742504,40,
2026-08-20T07:00Z,marko dmitrovic,39277920,95,
2026-08-20T07:00Z,omar el hilali,10098553,80,
2026-08-20T07:00Z,pierre-emerick aubameyang,38507025,90,
2026-08-20T07:00Z,yuri berchiche,12311693,70,
2026-08-20T07:00Z,aitor paredes,5477677,70,
2026-08-20T07:00Z,alberto calatrava,927472,,
2026-08-20T07:00Z,antonio blanco,14590188,90,
2026-08-20T07:00Z,carlos espi,9774649,30,
2026-08-20T07:00Z,carlos puga,4962579,70,
2026-08-20T07:00Z,cesar tarrega,9131344,80,
2026-08-20T07:00Z,david soria,22039978,95,
2026-08-20T07:00Z,denis suarez,2367084,50,
2026-08-20T07:00Z,diego ferrer,651339,,
2026-08-20T07:00Z,igor zubeldia,10346166,60,
2026-08-20T07:00Z,ionut radu,37095939,90,
2026-08-20T07:00Z,izan merino,5927091,80,
2026-08-20T07:00Z,jean ives valou,566181,20,
2026-08-20T07:00Z,johnny cardoso,5320779,30,
2026-08-20T07:00Z,jose alberto lopez,867231,,
2026-08-20T07:00Z,juan musso,4056137,5,
2026-08-20T07:00Z,karl etta eyong,24426515,50,
2026-08-20T07:00Z,kevin sanchez,842160,10,
2026-08-20T07:00Z,llorenç serred,533822,,
2026-08-20T07:00Z,manu bueno,742504,40,
2026-08-20T07:00Z,marko dmitrovic,39277920,95,
2026-08-20T07:00Z,omar el hilali,10098553,80,
2026-08-20T07:00Z,pierre-emerick aubameyang,38507025,90,
2026-08-20T07:00Z,yuri berchiche,12311693,70,
2026-08-20T07:48Z,aitor paredes,5477677,70,
2026-08-20T07:48Z,alberto calatrava,927472,,
2026-08-20T07:48Z,antonio blanco,14590188,90,
2026-08-20T07:48Z,carlos espi,9774649,30,
2026-08-20T07:48Z,carlos puga,4962579,70,
2026-08-20T07:48Z,cesar tarrega,9131344,80,
2026-08-20T07:48Z,david soria,22039978,95,
2026-08-20T07:48Z,denis suarez,2367084,50,
2026-08-20T07:48Z,diego ferrer,651339,,
2026-08-20T07:48Z,igor zubeldia,10346166,60,
2026-08-20T07:48Z,ionut radu,37095939,90,
2026-08-20T07:48Z,izan merino,5927091,80,
2026-08-20T07:48Z,jean ives valou,566181,20,
2026-08-20T07:48Z,johnny cardoso,5320779,30,
2026-08-20T07:48Z,jose alberto lopez,867231,,
2026-08-20T07:48Z,juan musso,4056137,5,
2026-08-20T07:48Z,karl etta eyong,24426515,50,
2026-08-20T07:48Z,kevin sanchez,842160,10,
2026-08-20T07:48Z,llorenç serred,533822,,
2026-08-20T07:48Z,manu bueno,742504,40,
2026-08-20T07:48Z,marko dmitrovic,39277920,95,
2026-08-20T07:48Z,omar el hilali,10098553,80,
2026-08-20T07:48Z,pierre-emerick aubameyang,38507025,90,
2026-08-20T07:48Z,yuri berchiche,12311693,70,
2026-08-20T07:00Z,aitor paredes,5477677,70,
2026-08-20T07:00Z,alberto calatrava,927472,,
2026-08-20T07:00Z,antonio blanco,14590188,90,
2026-08-20T07:00Z,carlos espi,9774649,30,
2026-08-20T07:00Z,carlos puga,4962579,70,
2026-08-20T07:00Z,cesar tarrega,9131344,80,
2026-08-20T07:00Z,david soria,22039978,95,
2026-08-20T07:00Z,denis suarez,2367084,50,
2026-08-20T07:00Z,diego ferrer,651339,,
2026-08-20T07:00Z,igor zubeldia,10346166,60,
2026-08-20T07:00Z,ionut radu,37095939,90,
2026-08-20T07:00Z,izan merino,5927091,80,
2026-08-20T07:00Z,jean ives valou,566181,20,
2026-08-20T07:00Z,johnny cardoso,5320779,30,
2026-08-20T07:00Z,jose alberto lopez,867231,,
2026-08-20T07:00Z,juan musso,4056137,5,
2026-08-20T07:00Z,karl etta eyong,24426515,50,
2026-08-20T07:00Z,kevin sanchez,842160,10,
2026-08-20T07:00Z,llorenç serred,533822,,
2026-08-20T07:00Z,manu bueno,742504,40,
2026-08-20T07:00Z,marko dmitrovic,39277920,95,
2026-08-20T07:00Z,omar el hilali,10098553,80,
2026-08-20T07:00Z,pierre-emerick aubameyang,38507025,90,
2026-08-20T07:00Z,yuri berchiche,12311693,70,
2026-08-20T07:49Z,aitor paredes,5477677,70,
2026-08-20T07:49Z,alberto calatrava,927472,,
2026-08-20T07:49Z,antonio blanco,14590188,90,
2026-08-20T07:49Z,carlos espi,9774649,30,
2026-08-20T07:49Z,carlos puga,4962579,70,
2026-08-20T07:49Z,cesar tarrega,9131344,80,
2026-08-20T07:49Z,david soria,22039978,95,
2026-08-20T07:49Z,denis suarez,2367084,50,
2026-08-20T07:49Z,diego ferrer,651339,,
2026-08-20T07:49Z,igor zubeldia,10346166,60,
2026-08-20T07:49Z,ionut radu,37095939,90,
2026-08-20T07:49Z,izan merino,5927091,80,
2026-08-20T07:49Z,jean ives valou,566181,20,
2026-08-20T07:49Z,johnny cardoso,5320779,30,
2026-08-20T07:49Z,jose alberto lopez,867231,,
2026-08-20T07:49Z,juan musso,4056137,5,
2026-08-20T07:49Z,karl etta eyong,24426515,50,
2026-08-20T07:49Z,kevin sanchez,842160,10,
2026-08-20T07:49Z,llorenç serred,533822,,
2026-08-20T07:49Z,manu bueno,742504,40,
2026-08-20T07:49Z,marko dmitrovic,39277920,95,
2026-08-20T07:49Z,omar el hilali,10098553,80,
2026-08-20T07:49Z,pierre-emerick aubameyang,38507025,90,
2026-08-20T07:49Z,yuri berchiche,12311693,70,
2026-08-20T08:20Z,10220,,,
2026-08-20T08:20Z,10326,,,
2026-08-20T08:20Z,11180,,,
2026-08-20T08:20Z,12647,,,
2026-08-20T08:20Z,12870,,,
2026-08-20T08:20Z,12891,,,
2026-08-20T08:20Z,13876,,,
2026-08-20T08:20Z,13982,,,
2026-08-20T08:20Z,13983,,,
2026-08-20T08:20Z,14816,,,
2026-08-20T08:20Z,14876,,,
2026-08-20T08:20Z,1778,,,
2026-08-20T08:20Z,18029,,,
2026-08-20T08:20Z,1919,,,
2026-08-20T08:20Z,2802,,,
2026-08-20T08:20Z,3414,,,
2026-08-20T08:20Z,3759,,,
2026-08-20T08:20Z,5942,,,
2026-08-20T08:20Z,5978,,,
2026-08-20T08:20Z,735,,,
2026-08-20T08:20Z,7916,,,
2026-08-20T08:20Z,8737,,,
2026-08-20T08:20Z,9762,,,
2026-08-20T08:20Z,e168,,,
2026-08-20T07:00Z,10220,,,
2026-08-20T07:00Z,10326,,,
2026-08-20T07:00Z,11180,,,
2026-08-20T07:00Z,12647,,,
2026-08-20T07:00Z,12870,,,
2026-08-20T07:00Z,12891,,,
2026-08-20T07:00Z,13876,,,
2026-08-20T07:00Z,13982,,,
2026-08-20T07:00Z,13983,,,
2026-08-20T07:00Z,14816,,,
2026-08-20T07:00Z,14876,,,
2026-08-20T07:00Z,1778,,,
2026-08-20T07:00Z,18029,,,
2026-08-20T07:00Z,1919,,,
2026-08-20T07:00Z,2802,,,
2026-08-20T07:00Z,3414,,,
2026-08-20T07:00Z,3759,,,
2026-08-20T07:00Z,5942,,,
2026-08-20T07:00Z,5978,,,
2026-08-20T07:00Z,735,,,
2026-08-20T07:00Z,7916,,,
2026-08-20T07:00Z,8737,,,
2026-08-20T07:00Z,9762,,,
2026-08-20T07:00Z,e168,,,
2026-08-20T07:00Z,aitor paredes,5477677,70,
2026-08-20T07:00Z,alberto calatrava,927472,,
2026-08-20T07:00Z,antonio blanco,14590188,90,
2026-08-20T07:00Z,carlos espi,9774649,30,
2026-08-20T07:00Z,carlos puga,4962579,70,
2026-08-20T07:00Z,cesar tarrega,9131344,80,
2026-08-20T07:00Z,david soria,22039978,95,
2026-08-20T07:00Z,denis suarez,2367084,50,
2026-08-20T07:00Z,diego ferrer,651339,,
2026-08-20T07:00Z,igor zubeldia,10346166,60,
2026-08-20T07:00Z,ionut radu,37095939,90,
2026-08-20T07:00Z,izan merino,5927091,80,
2026-08-20T07:00Z,jean ives valou,566181,20,
2026-08-20T07:00Z,johnny cardoso,5320779,30,
2026-08-20T07:00Z,jose alberto lopez,867231,,
2026-08-20T07:00Z,juan musso,4056137,5,
2026-08-20T07:00Z,karl etta eyong,24426515,50,
2026-08-20T07:00Z,kevin sanchez,842160,10,
2026-08-20T07:00Z,llorenç serred,533822,,
2026-08-20T07:00Z,manu bueno,742504,40,
2026-08-20T07:00Z,marko dmitrovic,39277920,95,
2026-08-20T07:00Z,omar el hilali,10098553,80,
2026-08-20T07:00Z,pierre-emerick aubameyang,38507025,90,
2026-08-20T07:00Z,yuri berchiche,12311693,70,
2026-08-20T07:00Z,10220,,,
2026-08-20T07:00Z,10326,,,
2026-08-20T07:00Z,11180,,,
2026-08-20T07:00Z,12647,,,
2026-08-20T07:00Z,12870,,,
2026-08-20T07:00Z,12891,,,
2026-08-20T07:00Z,13876,,,
2026-08-20T07:00Z,13982,,,
2026-08-20T07:00Z,13983,,,
2026-08-20T07:00Z,14816,,,
2026-08-20T07:00Z,14876,,,
2026-08-20T07:00Z,1778,,,
2026-08-20T07:00Z,18029,,,
2026-08-20T07:00Z,1919,,,
2026-08-20T07:00Z,2802,,,
2026-08-20T07:00Z,3414,,,
2026-08-20T07:00Z,3759,,,
2026-08-20T07:00Z,5942,,,
2026-08-20T07:00Z,5978,,,
2026-08-20T07:00Z,735,,,
2026-08-20T07:00Z,7916,,,
2026-08-20T07:00Z,8737,,,
2026-08-20T07:00Z,9762,,,
2026-08-20T07:00Z,e168,,,
2026-08-20T07:00Z,10220,,,
2026-08-20T07:00Z,10326,,,
2026-08-20T07:00Z,11180,,,
2026-08-20T07:00Z,12647,,,
2026-08-20T07:00Z,12870,,,
2026-08-20T07:00Z,12891,,,
2026-08-20T07:00Z,13876,,,
2026-08-20T07:00Z,13982,,,
2026-08-20T07:00Z,13983,,,
2026-08-20T07:00Z,14816,,,
2026-08-20T07:00Z,14876,,,
2026-08-20T07:00Z,1778,,,
2026-08-20T07:00Z,18029,,,
2026-08-20T07:00Z,1919,,,
2026-08-20T07:00Z,2802,,,
2026-08-20T07:00Z,3414,,,
2026-08-20T07:00Z,3759,,,
2026-08-20T07:00Z,5942,,,
2026-08-20T07:00Z,5978,,,
2026-08-20T07:00Z,735,,,
2026-08-20T07:00Z,7916,,,
2026-08-20T07:00Z,8737,,,
2026-08-20T07:00Z,9762,,,
2026-08-20T07:00Z,e168,,,
2026-08-20T07:00Z,omar el hilali,10098553,80,
2026-08-20T07:00Z,karl etta eyong,24426515,50,
2026-08-20T07:00Z,manu bueno,742504,40,
2026-08-20T07:00Z,johnny cardoso,5320779,30,
2026-08-20T07:00Z,carlos espi,9774649,30,
2026-08-20T07:00Z,llorenç serred,533822,,
2026-08-20T07:00Z,diego ferrer,651339,,
2026-08-20T07:00Z,carlos puga,4962579,70,
2026-08-20T07:00Z,izan merino,5927091,80,
2026-08-20T07:00Z,jean ives valou,566181,20,
2026-08-20T07:00Z,kevin sanchez,842160,10,
2026-08-20T07:00Z,denis suarez,2367084,50,
2026-08-20T07:00Z,alberto calatrava,927472,,
2026-08-20T07:00Z,david soria,22039978,95,
2026-08-20T07:00Z,igor zubeldia,10346166,60,
2026-08-20T07:00Z,pierre-emerick aubameyang,38507025,90,
2026-08-20T07:00Z,marko dmitrovic,39277920,95,
2026-08-20T07:00Z,juan musso,4056137,5,
2026-08-20T07:00Z,ionut radu,37095939,90,
2026-08-20T07:00Z,yuri berchiche,12311693,70,
2026-08-20T07:00Z,aitor paredes,5477677,70,
2026-08-20T07:00Z,antonio blanco,14590188,90,
2026-08-20T07:00Z,cesar tarrega,9131344,80,
2026-08-20T07:00Z,jose alberto lopez,867231,,
2026-08-20T08:28Z,omar el hilali,10098553,80,
2026-08-20T08:28Z,karl etta eyong,24426515,50,
2026-08-20T08:28Z,manu bueno,742504,40,
2026-08-20T08:28Z,johnny cardoso,5320779,30,
2026-08-20T08:28Z,carlos espi,9774649,30,
2026-08-20T08:28Z,llorenç serred,533822,,
2026-08-20T08:28Z,diego ferrer,651339,,
2026-08-20T08:28Z,carlos puga,4962579,70,
2026-08-20T08:28Z,izan merino,5927091,80,
2026-08-20T08:28Z,jean ives valou,566181,20,
2026-08-20T08:28Z,kevin sanchez,842160,10,
2026-08-20T08:28Z,denis suarez,2367084,50,
2026-08-20T08:28Z,alberto calatrava,927472,,
2026-08-20T08:28Z,david soria,22039978,95,
2026-08-20T08:28Z,igor zubeldia,10346166,60,
2026-08-20T08:28Z,pierre-emerick aubameyang,38507025,90,
2026-08-20T08:28Z,marko dmitrovic,39277920,95,
2026-08-20T08:28Z,juan musso,4056137,5,
2026-08-20T08:28Z,ionut radu,37095939,90,
2026-08-20T08:28Z,yuri berchiche,12311693,70,
2026-08-20T08:28Z,aitor paredes,5477677,70,
2026-08-20T08:28Z,antonio blanco,14590188,90,
2026-08-20T08:28Z,cesar tarrega,9131344,80,
2026-08-20T08:28Z,jose alberto lopez,867231,,
2026-08-20T07:00Z,omar el hilali,10098553,80,
2026-08-20T07:00Z,karl etta eyong,24426515,50,
2026-08-20T07:00Z,manu bueno,742504,40,
2026-08-20T07:00Z,johnny cardoso,5320779,30,
2026-08-20T07:00Z,carlos espi,9774649,30,
2026-08-20T07:00Z,llorenç serred,533822,,
2026-08-20T07:00Z,diego ferrer,651339,,
2026-08-20T07:00Z,carlos puga,4962579,70,
2026-08-20T07:00Z,izan merino,5927091,80,
2026-08-20T07:00Z,jean ives valou,566181,20,
2026-08-20T07:00Z,kevin sanchez,842160,10,
2026-08-20T07:00Z,denis suarez,2367084,50,
2026-08-20T07:00Z,alberto calatrava,927472,,
2026-08-20T07:00Z,david soria,22039978,95,
2026-08-20T07:00Z,igor zubeldia,10346166,60,
2026-08-20T07:00Z,pierre-emerick aubameyang,38507025,90,
2026-08-20T07:00Z,marko dmitrovic,39277920,95,
2026-08-20T07:00Z,juan musso,4056137,5,
2026-08-20T07:00Z,ionut radu,37095939,90,
2026-08-20T07:00Z,yuri berchiche,12311693,70,
2026-08-20T07:00Z,aitor paredes,5477677,70,
2026-08-20T07:00Z,antonio blanco,14590188,90,
2026-08-20T07:00Z,cesar tarrega,9131344,80,
2026-08-20T07:00Z,jose alberto lopez,867231,,
2026-08-20T07:00Z,omar el hilali,10098553,80,
2026-08-20T07:00Z,karl etta eyong,24426515,50,
2026-08-20T07:00Z,manu bueno,742504,40,
2026-08-20T07:00Z,johnny cardoso,5320779,30,
2026-08-20T07:00Z,carlos espi,9774649,30,
2026-08-20T07:00Z,llorenç serred,533822,,
2026-08-20T07:00Z,diego ferrer,651339,,
2026-08-20T07:00Z,carlos puga,4962579,70,
2026-08-20T07:00Z,izan merino,5927091,80,
2026-08-20T07:00Z,jean ives valou,566181,20,
2026-08-20T07:00Z,kevin sanchez,842160,10,
2026-08-20T07:00Z,denis suarez,2367084,50,
2026-08-20T07:00Z,alberto calatrava,927472,,
2026-08-20T07:00Z,david soria,22039978,95,
2026-08-20T07:00Z,igor zubeldia,10346166,60,
2026-08-20T07:00Z,pierre-emerick aubameyang,38507025,90,
2026-08-20T07:00Z,marko dmitrovic,39277920,95,
2026-08-20T07:00Z,juan musso,4056137,5,
2026-08-20T07:00Z,ionut radu,37095939,90,
2026-08-20T07:00Z,yuri berchiche,12311693,70,
2026-08-20T07:00Z,aitor paredes,5477677,70,
2026-08-20T07:00Z,antonio blanco,14590188,90,
2026-08-20T07:00Z,cesar tarrega,9131344,80,
2026-08-20T07:00Z,jose alberto lopez,867231,,
2026-08-20T08:30Z,omar el hilali,10098553,80,
2026-08-20T08:30Z,karl etta eyong,24426515,50,
2026-08-20T08:30Z,manu bueno,742504,40,
2026-08-20T08:30Z,johnny cardoso,5320779,30,
2026-08-20T08:30Z,carlos espi,9774649,30,
2026-08-20T08:30Z,llorenç serred,533822,,
2026-08-20T08:30Z,diego ferrer,651339,,
2026-08-20T08:30Z,carlos puga,4962579,70,
2026-08-20T08:30Z,izan merino,5927091,80,
2026-08-20T08:30Z,jean ives valou,566181,20,
2026-08-20T08:30Z,kevin sanchez,842160,10,
2026-08-20T08:30Z,denis suarez,2367084,50,
2026-08-20T08:30Z,alberto calatrava,927472,,
2026-08-20T08:30Z,david soria,22039978,95,
2026-08-20T08:30Z,igor zubeldia,10346166,60,
2026-08-20T08:30Z,pierre-emerick aubameyang,38507025,90,
2026-08-20T08:30Z,marko dmitrovic,39277920,95,
2026-08-20T08:30Z,juan musso,4056137,5,
2026-08-20T08:30Z,ionut radu,37095939,90,
2026-08-20T08:30Z,yuri berchiche,12311693,70,
2026-08-20T08:30Z,aitor paredes,5477677,70,
2026-08-20T08:30Z,antonio blanco,14590188,90,
2026-08-20T08:30Z,cesar tarrega,9131344,80,
2026-08-20T08:30Z,jose alberto lopez,867231,,
2026-08-20T08:31Z,omar el hilali,10098553,80,
2026-08-20T08:31Z,karl etta eyong,24426515,50,
2026-08-20T08:31Z,manu bueno,742504,40,
2026-08-20T08:31Z,johnny cardoso,5320779,30,
2026-08-20T08:31Z,carlos espi,9774649,30,
2026-08-20T08:31Z,llorenç serred,533822,,
2026-08-20T08:31Z,diego ferrer,651339,,
2026-08-20T08:31Z,carlos puga,4962579,70,
2026-08-20T08:31Z,izan merino,5927091,80,
2026-08-20T08:31Z,jean ives valou,566181,20,
2026-08-20T08:31Z,kevin sanchez,842160,10,
2026-08-20T08:31Z,denis suarez,2367084,50,
2026-08-20T08:31Z,alberto calatrava,927472,,
2026-08-20T08:31Z,david soria,22039978,95,
2026-08-20T08:31Z,igor zubeldia,10346166,60,
2026-08-20T08:31Z,pierre-emerick aubameyang,38507025,90,
2026-08-20T08:31Z,marko dmitrovic,39277920,95,
2026-08-20T08:31Z,juan musso,4056137,5,
2026-08-20T08:31Z,ionut radu,37095939,90,
2026-08-20T08:31Z,yuri berchiche,12311693,70,
2026-08-20T08:31Z,aitor paredes,5477677,70,
2026-08-20T08:31Z,antonio blanco,14590188,90,
2026-08-20T08:31Z,cesar tarrega,9131344,80,
2026-08-20T08:31Z,jose alberto lopez,867231,,
2026-08-20T08:33Z,omar el hilali,10098553,80,
2026-08-20T08:33Z,karl etta eyong,24426515,50,
2026-08-20T08:33Z,manu bueno,742504,40,
2026-08-20T08:33Z,johnny cardoso,5320779,30,
2026-08-20T08:33Z,carlos espi,9774649,30,
2026-08-20T08:33Z,llorenç serred,533822,,
2026-08-20T08:33Z,diego ferrer,651339,,
2026-08-20T08:33Z,carlos puga,4962579,70,
2026-08-20T08:33Z,izan merino,5927091,80,
2026-08-20T08:33Z,jean ives valou,566181,20,
2026-08-20T08:33Z,kevin sanchez,842160,10,
2026-08-20T08:33Z,denis suarez,2367084,50,
2026-08-20T08:33Z,alberto calatrava,927472,,
2026-08-20T08:33Z,david soria,22039978,95,
2026-08-20T08:33Z,igor zubeldia,10346166,60,
2026-08-20T08:33Z,pierre-emerick aubameyang,38507025,90,
2026-08-20T08:33Z,marko dmitrovic,39277920,95,
2026-08-20T08:33Z,juan musso,4056137,5,
2026-08-20T08:33Z,ionut radu,37095939,90,
2026-08-20T08:33Z,yuri berchiche,12311693,70,
2026-08-20T08:33Z,aitor paredes,5477677,70,
2026-08-20T08:33Z,antonio blanco,14590188,90,
2026-08-20T08:33Z,cesar tarrega,9131344,80,
2026-08-20T08:33Z,jose alberto lopez,867231,,
2026-08-20T07:00Z,omar el hilali,10098553,80,
2026-08-20T07:00Z,karl etta eyong,24426515,50,
2026-08-20T07:00Z,manu bueno,742504,40,
2026-08-20T07:00Z,johnny cardoso,5320779,30,
2026-08-20T07:00Z,carlos espi,9774649,30,
2026-08-20T07:00Z,llorenç serred,533822,,
2026-08-20T07:00Z,diego ferrer,651339,,
2026-08-20T07:00Z,carlos puga,4962579,70,
2026-08-20T07:00Z,izan merino,5927091,80,
2026-08-20T07:00Z,jean ives valou,566181,20,
2026-08-20T07:00Z,kevin sanchez,842160,10,
2026-08-20T07:00Z,denis suarez,2367084,50,
2026-08-20T07:00Z,alberto calatrava,927472,,
2026-08-20T07:00Z,david soria,22039978,95,
2026-08-20T07:00Z,igor zubeldia,10346166,60,
2026-08-20T07:00Z,pierre-emerick aubameyang,38507025,90,
2026-08-20T07:00Z,marko dmitrovic,39277920,95,
2026-08-20T07:00Z,juan musso,4056137,5,
2026-08-20T07:00Z,ionut radu,37095939,90,
2026-08-20T07:00Z,yuri berchiche,12311693,70,
2026-08-20T07:00Z,aitor paredes,5477677,70,
2026-08-20T07:00Z,antonio blanco,14590188,90,
2026-08-20T07:00Z,cesar tarrega,9131344,80,
2026-08-20T07:00Z,jose alberto lopez,867231,,
2026-08-20T07:00Z,omar el hilali,10098553,80,
2026-08-20T07:00Z,karl etta eyong,24426515,50,
2026-08-20T07:00Z,manu bueno,742504,40,
2026-08-20T07:00Z,johnny cardoso,5320779,30,
2026-08-20T07:00Z,carlos espi,9774649,30,
2026-08-20T07:00Z,llorenç serred,533822,,
2026-08-20T07:00Z,diego ferrer,651339,,
2026-08-20T07:00Z,carlos puga,4962579,70,
2026-08-20T07:00Z,izan merino,5927091,80,
2026-08-20T07:00Z,jean ives valou,566181,20,
2026-08-20T07:00Z,kevin sanchez,842160,10,
2026-08-20T07:00Z,denis suarez,2367084,50,
2026-08-20T07:00Z,alberto calatrava,927472,,
2026-08-20T07:00Z,david soria,22039978,95,
2026-08-20T07:00Z,igor zubeldia,10346166,60,
2026-08-20T07:00Z,pierre-emerick aubameyang,38507025,90,
2026-08-20T07:00Z,marko dmitrovic,39277920,95,
2026-08-20T07:00Z,juan musso,4056137,5,
2026-08-20T07:00Z,ionut radu,37095939,90,
2026-08-20T07:00Z,yuri berchiche,12311693,70,
2026-08-20T07:00Z,aitor paredes,5477677,70,
2026-08-20T07:00Z,antonio blanco,14590188,90,
2026-08-20T07:00Z,cesar tarrega,9131344,80,
2026-08-20T07:00Z,jose alberto lopez,867231,,
2026-08-20T08:37Z,omar el hilali,10098553,80,
2026-08-20T08:37Z,karl etta eyong,24426515,50,
2026-08-20T08:37Z,manu bueno,742504,40,
2026-08-20T08:37Z,johnny cardoso,5320779,30,
2026-08-20T08:37Z,carlos espi,9774649,30,
2026-08-20T08:37Z,llorenç serred,533822,,
2026-08-20T08:37Z,diego ferrer,651339,,
2026-08-20T08:37Z,carlos puga,4962579,70,
2026-08-20T08:37Z,izan merino,5927091,80,
2026-08-20T08:37Z,jean ives valou,566181,20,
2026-08-20T08:37Z,kevin sanchez,842160,10,
2026-08-20T08:37Z,denis suarez,2367084,50,
2026-08-20T08:37Z,alberto calatrava,927472,,
2026-08-20T08:37Z,david soria,22039978,95,
2026-08-20T08:37Z,igor zubeldia,10346166,60,
2026-08-20T08:37Z,pierre-emerick aubameyang,38507025,90,
2026-08-20T08:37Z,marko dmitrovic,39277920,95,
2026-08-20T08:37Z,juan musso,4056137,5,
2026-08-20T08:37Z,ionut radu,37095939,90,
2026-08-20T08:37Z,yuri berchiche,12311693,70,
2026-08-20T08:37Z,aitor paredes,5477677,70,
2026-08-20T08:37Z,antonio blanco,14590188,90,
2026-08-20T08:37Z,cesar tarrega,9131344,80,
2026-08-20T08:37Z,jose alberto lopez,867231,,
2026-08-20T07:00Z,omar el hilali,10098553,80,
2026-08-20T07:00Z,karl etta eyong,24426515,50,
2026-08-20T07:00Z,manu bueno,742504,40,
2026-08-20T07:00Z,johnny cardoso,5320779,30,
2026-08-20T07:00Z,carlos espi,9774649,30,
2026-08-20T07:00Z,llorenç serred,533822,,
2026-08-20T07:00Z,diego ferrer,651339,,
2026-08-20T07:00Z,carlos puga,4962579,70,
2026-08-20T07:00Z,izan merino,5927091,80,
2026-08-20T07:00Z,jean ives valou,566181,20,
2026-08-20T07:00Z,kevin sanchez,842160,10,
2026-08-20T07:00Z,denis suarez,2367084,50,
2026-08-20T07:00Z,alberto calatrava,927472,,
2026-08-20T07:00Z,david soria,22039978,95,
2026-08-20T07:00Z,igor zubeldia,10346166,60,
2026-08-20T07:00Z,pierre-emerick aubameyang,38507025,90,
2026-08-20T07:00Z,marko dmitrovic,39277920,95,
2026-08-20T07:00Z,juan musso,4056137,5,
2026-08-20T07:00Z,ionut radu,37095939,90,
2026-08-20T07:00Z,yuri berchiche,12311693,70,
2026-08-20T07:00Z,aitor paredes,5477677,70,
2026-08-20T07:00Z,antonio blanco,14590188,90,
2026-08-20T07:00Z,cesar tarrega,9131344,80,
2026-08-20T07:00Z,jose alberto lopez,867231,,
2026-08-20T07:00Z,omar el hilali,10098553,80,
2026-08-20T07:00Z,karl etta eyong,24426515,50,
2026-08-20T07:00Z,manu bueno,742504,40,
2026-08-20T07:00Z,johnny cardoso,5320779,30,
2026-08-20T07:00Z,carlos espi,9774649,30,
2026-08-20T07:00Z,llorenç serred,533822,,
2026-08-20T07:00Z,diego ferrer,651339,,
2026-08-20T07:00Z,carlos puga,4962579,70,
2026-08-20T07:00Z,izan merino,5927091,80,
2026-08-20T07:00Z,jean ives valou,566181,20,
2026-08-20T07:00Z,kevin sanchez,842160,10,
2026-08-20T07:00Z,denis suarez,2367084,50,
2026-08-20T07:00Z,alberto calatrava,927472,,
2026-08-20T07:00Z,david soria,22039978,95,
2026-08-20T07:00Z,igor zubeldia,10346166,60,
2026-08-20T07:00Z,pierre-emerick aubameyang,38507025,90,
2026-08-20T07:00Z,marko dmitrovic,39277920,95,
2026-08-20T07:00Z,juan musso,4056137,5,
2026-08-20T07:00Z,ionut radu,37095939,90,
2026-08-20T07:00Z,yuri berchiche,12311693,70,
2026-08-20T07:00Z,aitor paredes,5477677,70,
2026-08-20T07:00Z,antonio blanco,14590188,90,
2026-08-20T07:00Z,cesar tarrega,9131344,80,
2026-08-20T07:00Z,jose alberto lopez,867231,,
2026-08-20T08:43Z,omar el hilali,10098553,80,
2026-08-20T08:43Z,karl etta eyong,24426515,50,
2026-08-20T08:43Z,manu bueno,742504,40,
2026-08-20T08:43Z,johnny cardoso,5320779,30,
2026-08-20T08:43Z,carlos espi,9774649,30,
2026-08-20T08:43Z,llorenç serred,533822,,
2026-08-20T08:43Z,diego ferrer,651339,,
2026-08-20T08:43Z,carlos puga,4962579,70,
2026-08-20T08:43Z,izan merino,5927091,80,
2026-08-20T08:43Z,jean ives valou,566181,20,
2026-08-20T08:43Z,kevin sanchez,842160,10,
2026-08-20T08:43Z,denis suarez,2367084,50,
2026-08-20T08:43Z,alberto calatrava,927472,,
2026-08-20T08:43Z,david soria,22039978,95,
2026-08-20T08:43Z,igor zubeldia,10346166,60,
2026-08-20T08:43Z,pierre-emerick aubameyang,38507025,90,
2026-08-20T08:43Z,marko dmitrovic,39277920,95,
2026-08-20T08:43Z,juan musso,4056137,5,
2026-08-20T08:43Z,ionut radu,37095939,90,
2026-08-20T08:43Z,yuri berchiche,12311693,70,
2026-08-20T08:43Z,aitor paredes,5477677,70,
2026-08-20T08:43Z,antonio blanco,14590188,90,
2026-08-20T08:43Z,cesar tarrega,9131344,80,
2026-08-20T08:43Z,jose alberto lopez,867231,,
2026-08-20T07:00Z,omar el hilali,10098553,80,
2026-08-20T07:00Z,karl etta eyong,24426515,50,
2026-08-20T07:00Z,manu bueno,742504,40,
2026-08-20T07:00Z,johnny cardoso,5320779,30,
2026-08-20T07:00Z,carlos espi,9774649,30,
2026-08-20T07:00Z,llorenç serred,533822,,
2026-08-20T07:00Z,diego ferrer,651339,,
2026-08-20T07:00Z,carlos puga,4962579,70,
2026-08-20T07:00Z,izan merino,5927091,80,
2026-08-20T07:00Z,jean ives valou,566181,20,
2026-08-20T07:00Z,kevin sanchez,842160,10,
2026-08-20T07:00Z,denis suarez,2367084,50,
2026-08-20T07:00Z,alberto calatrava,927472,,
2026-08-20T07:00Z,david soria,22039978,95,
2026-08-20T07:00Z,igor zubeldia,10346166,60,
2026-08-20T07:00Z,pierre-emerick aubameyang,38507025,90,
2026-08-20T07:00Z,marko dmitrovic,39277920,95,
2026-08-20T07:00Z,juan musso,4056137,5,
2026-08-20T07:00Z,ionut radu,37095939,90,
2026-08-20T07:00Z,yuri berchiche,12311693,70,
2026-08-20T07:00Z,aitor paredes,5477677,70,
2026-08-20T07:00Z,antonio blanco,14590188,90,
2026-08-20T07:00Z,cesar tarrega,9131344,80,
2026-08-20T07:00Z,jose alberto lopez,867231,,
2026-08-20T07:00Z,omar el hilali,10098553,80,
2026-08-20T07:00Z,karl etta eyong,24426515,50,
2026-08-20T07:00Z,manu bueno,742504,40,
2026-08-20T07:00Z,johnny cardoso,5320779,30,
2026-08-20T07:00Z,carlos espi,9774649,30,
2026-08-20T07:00Z,llorenç serred,533822,,
2026-08-20T07:00Z,diego ferrer,651339,,
2026-08-20T07:00Z,carlos puga,4962579,70,
2026-08-20T07:00Z,izan merino,5927091,80,
2026-08-20T07:00Z,jean ives valou,566181,20,
2026-08-20T07:00Z,kevin sanchez,842160,10,
2026-08-20T07:00Z,denis suarez,2367084,50,
2026-08-20T07:00Z,alberto calatrava,927472,,
2026-08-20T07:00Z,david soria,22039978,95,
2026-08-20T07:00Z,igor zubeldia,10346166,60,
2026-08-20T07:00Z,pierre-emerick aubameyang,38507025,90,
2026-08-20T07:00Z,marko dmitrovic,39277920,95,
2026-08-20T07:00Z,juan musso,4056137,5,
2026-08-20T07:00Z,ionut radu,37095939,90,
2026-08-20T07:00Z,yuri berchiche,12311693,70,
2026-08-20T07:00Z,aitor paredes,5477677,70,
2026-08-20T07:00Z,antonio blanco,14590188,90,
2026-08-20T07:00Z,cesar tarrega,9131344,80,
2026-08-20T07:00Z,jose alberto lopez,867231,,
2026-08-20T08:44Z,omar el hilali,10098553,80,
2026-08-20T08:44Z,karl etta eyong,24426515,50,
2026-08-20T08:44Z,manu bueno,742504,40,
2026-08-20T08:44Z,johnny cardoso,5320779,30,
2026-08-20T08:44Z,carlos espi,9774649,30,
2026-08-20T08:44Z,llorenç serred,533822,,
2026-08-20T08:44Z,diego ferrer,651339,,
2026-08-20T08:44Z,carlos puga,4962579,70,
2026-08-20T08:44Z,izan merino,5927091,80,
2026-08-20T08:44Z,jean ives valou,566181,20,
2026-08-20T08:44Z,kevin sanchez,842160,10,
2026-08-20T08:44Z,denis suarez,2367084,50,
2026-08-20T08:44Z,alberto calatrava,927472,,
2026-08-20T08:44Z,david soria,22039978,95,
2026-08-20T08:44Z,igor zubeldia,10346166,60,
2026-08-20T08:44Z,pierre-emerick aubameyang,38507025,90,
2026-08-20T08:44Z,marko dmitrovic,39277920,95,
2026-08-20T08:44Z,juan musso,4056137,5,
2026-08-20T08:44Z,ionut radu,37095939,90,
2026-08-20T08:44Z,yuri berchiche,12311693,70,
2026-08-20T08:44Z,aitor paredes,5477677,70,
2026-08-20T08:44Z,antonio blanco,14590188,90,
2026-08-20T08:44Z,cesar tarrega,9131344,80,
2026-08-20T08:44Z,jose alberto lopez,867231,,
2026-08-20T08:49Z,omar el hilali,10098553,80,
2026-08-20T08:49Z,karl etta eyong,24426515,50,
2026-08-20T08:49Z,manu bueno,742504,40,
2026-08-20T08:49Z,johnny cardoso,5320779,30,
2026-08-20T08:49Z,carlos espi,9774649,30,
2026-08-20T08:49Z,llorenç serred,533822,,
2026-08-20T08:49Z,diego ferrer,651339,,
2026-08-20T08:49Z,carlos puga,4962579,70,
2026-08-20T08:49Z,izan merino,5927091,80,
2026-08-20T08:49Z,jean ives valou,566181,20,
2026-08-20T08:49Z,kevin sanchez,842160,10,
2026-08-20T08:49Z,denis suarez,2367084,50,
2026-08-20T08:49Z,alberto calatrava,927472,,
2026-08-20T08:49Z,david soria,22039978,95,
2026-08-20T08:49Z,igor zubeldia,10346166,60,
2026-08-20T08:49Z,pierre-emerick aubameyang,38507025,90,
2026-08-20T08:49Z,marko dmitrovic,39277920,95,
2026-08-20T08:49Z,juan musso,4056137,5,
2026-08-20T08:49Z,ionut radu,37095939,90,
2026-08-20T08:49Z,yuri berchiche,12311693,70,
2026-08-20T08:49Z,aitor paredes,5477677,70,
2026-08-20T08:49Z,antonio blanco,14590188,90,
2026-08-20T08:49Z,cesar tarrega,9131344,80,
2026-08-20T08:49Z,jose alberto lopez,867231,,
2026-08-20T07:00Z,omar el hilali,10098553,80,
2026-08-20T07:00Z,karl etta eyong,24426515,50,
2026-08-20T07:00Z,manu bueno,742504,40,
2026-08-20T07:00Z,johnny cardoso,5320779,30,
2026-08-20T07:00Z,carlos espi,9774649,30,
2026-08-20T07:00Z,llorenç serred,533822,,
2026-08-20T07:00Z,diego ferrer,651339,,
2026-08-20T07:00Z,carlos puga,4962579,70,
2026-08-20T07:00Z,izan merino,5927091,80,
2026-08-20T07:00Z,jean ives valou,566181,20,
2026-08-20T07:00Z,kevin sanchez,842160,10,
2026-08-20T07:00Z,denis suarez,2367084,50,
2026-08-20T07:00Z,alberto calatrava,927472,,
2026-08-20T07:00Z,david soria,22039978,95,
2026-08-20T07:00Z,igor zubeldia,10346166,60,
2026-08-20T07:00Z,pierre-emerick aubameyang,38507025,90,
2026-08-20T07:00Z,marko dmitrovic,39277920,95,
2026-08-20T07:00Z,juan musso,4056137,5,
2026-08-20T07:00Z,ionut radu,37095939,90,
2026-08-20T07:00Z,yuri berchiche,12311693,70,
2026-08-20T07:00Z,aitor paredes,5477677,70,
2026-08-20T07:00Z,antonio blanco,14590188,90,
2026-08-20T07:00Z,cesar tarrega,9131344,80,
2026-08-20T07:00Z,jose alberto lopez,867231,,
2026-08-20T07:00Z,omar el hilali,10098553,80,
2026-08-20T07:00Z,karl etta eyong,24426515,50,
2026-08-20T07:00Z,manu bueno,742504,40,
2026-08-20T07:00Z,johnny cardoso,5320779,30,
2026-08-20T07:00Z,carlos espi,9774649,30,
2026-08-20T07:00Z,llorenç serred,533822,,
2026-08-20T07:00Z,diego ferrer,651339,,
2026-08-20T07:00Z,carlos puga,4962579,70,
2026-08-20T07:00Z,izan merino,5927091,80,
2026-08-20T07:00Z,jean ives valou,566181,20,
2026-08-20T07:00Z,kevin sanchez,842160,10,
2026-08-20T07:00Z,denis suarez,2367084,50,
2026-08-20T07:00Z,alberto calatrava,927472,,
2026-08-20T07:00Z,david soria,22039978,95,
2026-08-20T07:00Z,igor zubeldia,10346166,60,
2026-08-20T07:00Z,pierre-emerick aubameyang,38507025,90,
2026-08-20T07:00Z,marko dmitrovic,39277920,95,
2026-08-20T07:00Z,juan musso,4056137,5,
2026-08-20T07:00Z,ionut radu,37095939,90,
2026-08-20T07:00Z,yuri berchiche,12311693,70,
2026-08-20T07:00Z,aitor paredes,5477677,70,
2026-08-20T07:00Z,antonio blanco,14590188,90,
2026-08-20T07:00Z,cesar tarrega,9131344,80,
2026-08-20T07:00Z,jose alberto lopez,867231,,
2026-08-20T08:50Z,omar el hilali,10098553,80,
2026-08-20T08:50Z,karl etta eyong,24426515,50,
2026-08-20T08:50Z,manu bueno,742504,40,
2026-08-20T08:50Z,johnny cardoso,5320779,30,
2026-08-20T08:50Z,carlos espi,9774649,30,
2026-08-20T08:50Z,llorenç serred,533822,,
2026-08-20T08:50Z,diego ferrer,651339,,
2026-08-20T08:50Z,carlos puga,4962579,70,
2026-08-20T08:50Z,izan merino,5927091,80,
2026-08-20T08:50Z,jean ives valou,566181,20,
2026-08-20T08:50Z,kevin sanchez,842160,10,
2026-08-20T08:50Z,denis suarez,2367084,50,
2026-08-20T08:50Z,alberto calatrava,927472,,
2026-08-20T08:50Z,david soria,22039978,95,
2026-08-20T08:50Z,igor zubeldia,10346166,60,
2026-08-20T08:50Z,pierre-emerick aubameyang,38507025,90,
2026-08-20T08:50Z,marko dmitrovic,39277920,95,
2026-08-20T08:50Z,juan musso,4056137,5,
2026-08-20T08:50Z,ionut radu,37095939,90,
2026-08-20T08:50Z,yuri berchiche,12311693,70,
2026-08-20T08:50Z,aitor paredes,5477677,70,
2026-08-20T08:50Z,antonio blanco,14590188,90,
2026-08-20T08:50Z,cesar tarrega,9131344,80,
2026-08-20T08:50Z,jose alberto lopez,867231,,
2026-08-20T08:57Z,omar el hilali,10098553,80,
2026-08-20T08:57Z,karl etta eyong,24426515,50,
2026-08-20T08:57Z,manu bueno,742504,40,
2026-08-20T08:57Z,johnny cardoso,5320779,30,
2026-08-20T08:57Z,carlos espi,9774649,30,
2026-08-20T08:57Z,llorenç serred,533822,,
2026-08-20T08:57Z,diego ferrer,651339,,
2026-08-20T08:57Z,carlos puga,4962579,70,
2026-08-20T08:57Z,izan merino,5927091,80,
2026-08-20T08:57Z,jean ives valou,566181,20,
2026-08-20T08:57Z,kevin sanchez,842160,10,
2026-08-20T08:57Z,denis suarez,2367084,50,
2026-08-20T08:57Z,alberto calatrava,927472,,
2026-08-20T08:57Z,david soria,22039978,95,
2026-08-20T08:57Z,igor zubeldia,10346166,60,
2026-08-20T08:57Z,pierre-emerick aubameyang,38507025,90,
2026-08-20T08:57Z,marko dmitrovic,39277920,95,
2026-08-20T08:57Z,juan musso,4056137,5,
2026-08-20T08:57Z,ionut radu,37095939,90,
2026-08-20T08:57Z,yuri berchiche,12311693,70,
2026-08-20T08:57Z,aitor paredes,5477677,70,
2026-08-20T08:57Z,antonio blanco,14590188,90,
2026-08-20T08:57Z,cesar tarrega,9131344,80,
2026-08-20T08:57Z,jose alberto lopez,867231,,
2026-08-20T08:57Z,omar el hilali,10098553,80,
2026-08-20T08:57Z,karl etta eyong,24426515,50,
2026-08-20T08:57Z,manu bueno,742504,40,
2026-08-20T08:57Z,johnny cardoso,5320779,30,
2026-08-20T08:57Z,carlos espi,9774649,30,
2026-08-20T08:57Z,llorenç serred,533822,,
2026-08-20T08:57Z,diego ferrer,651339,,
2026-08-20T08:57Z,carlos puga,4962579,70,
2026-08-20T08:57Z,izan merino,5927091,80,
2026-08-20T08:57Z,jean ives valou,566181,20,
2026-08-20T08:57Z,kevin sanchez,842160,10,
2026-08-20T08:57Z,denis suarez,2367084,50,
2026-08-20T08:57Z,alberto calatrava,927472,,
2026-08-20T08:57Z,david soria,22039978,95,
2026-08-20T08:57Z,igor zubeldia,10346166,60,
2026-08-20T08:57Z,pierre-emerick aubameyang,38507025,90,
2026-08-20T08:57Z,marko dmitrovic,39277920,95,
2026-08-20T08:57Z,juan musso,4056137,5,
2026-08-20T08:57Z,ionut radu,37095939,90,
2026-08-20T08:57Z,yuri berchiche,12311693,70,
2026-08-20T08:57Z,aitor paredes,5477677,70,
2026-08-20T08:57Z,antonio blanco,14590188,90,
2026-08-20T08:57Z,cesar tarrega,9131344,80,
2026-08-20T08:57Z,jose alberto lopez,867231,,
2026-08-20T07:00Z,omar el hilali,10098553,80,
2026-08-20T07:00Z,karl etta eyong,24426515,50,
2026-08-20T07:00Z,manu bueno,742504,40,
2026-08-20T07:00Z,johnny cardoso,5320779,30,
2026-08-20T07:00Z,carlos espi,9774649,30,
2026-08-20T07:00Z,llorenç serred,533822,,
2026-08-20T07:00Z,diego ferrer,651339,,
2026-08-20T07:00Z,carlos puga,4962579,70,
2026-08-20T07:00Z,izan merino,5927091,80,
2026-08-20T07:00Z,jean ives valou,566181,20,
2026-08-20T07:00Z,kevin sanchez,842160,10,
2026-08-20T07:00Z,denis suarez,2367084,50,
2026-08-20T07:00Z,alberto calatrava,927472,,
2026-08-20T07:00Z,david soria,22039978,95,
2026-08-20T07:00Z,igor zubeldia,10346166,60,
2026-08-20T07:00Z,pierre-emerick aubameyang,38507025,90,
2026-08-20T07:00Z,marko dmitrovic,39277920,95,
2026-08-20T07:00Z,juan musso,4056137,5,
2026-08-20T07:00Z,ionut radu,37095939,90,
2026-08-20T07:00Z,yuri berchiche,12311693,70,
2026-08-20T07:00Z,aitor paredes,5477677,70,
2026-08-20T07:00Z,antonio blanco,14590188,90,
2026-08-20T07:00Z,cesar tarrega,9131344,80,
2026-08-20T07:00Z,jose alberto lopez,867231,,
2026-08-20T07:00Z,omar el hilali,10098553,80,
2026-08-20T07:00Z,karl etta eyong,24426515,50,
2026-08-20T07:00Z,manu bueno,742504,40,
2026-08-20T07:00Z,johnny cardoso,5320779,30,
2026-08-20T07:00Z,carlos espi,9774649,30,
2026-08-20T07:00Z,llorenç serred,533822,,
2026-08-20T07:00Z,diego ferrer,651339,,
2026-08-20T07:00Z,carlos puga,4962579,70,
2026-08-20T07:00Z,izan merino,5927091,80,
2026-08-20T07:00Z,jean ives valou,566181,20,
2026-08-20T07:00Z,kevin sanchez,842160,10,
2026-08-20T07:00Z,denis suarez,2367084,50,
2026-08-20T07:00Z,alberto calatrava,927472,,
2026-08-20T07:00Z,david soria,22039978,95,
2026-08-20T07:00Z,igor zubeldia,10346166,60,
2026-08-20T07:00Z,pierre-emerick aubameyang,38507025,90,
2026-08-20T07:00Z,marko dmitrovic,39277920,95,
2026-08-20T07:00Z,juan musso,4056137,5,
2026-08-20T07:00Z,ionut radu,37095939,90,
2026-08-20T07:00Z,yuri berchiche,12311693,70,
2026-08-20T07:00Z,aitor paredes,5477677,70,
2026-08-20T07:00Z,antonio blanco,14590188,90,
2026-08-20T07:00Z,cesar tarrega,9131344,80,
2026-08-20T07:00Z,jose alberto lopez,867231,,
2026-08-20T08:59Z,omar el hilali,10098553,80,
2026-08-20T08:59Z,karl etta eyong,24426515,50,
2026-08-20T08:59Z,manu bueno,742504,40,
2026-08-20T08:59Z,johnny cardoso,5320779,30,
2026-08-20T08:59Z,carlos espi,9774649,30,
2026-08-20T08:59Z,llorenç serred,533822,,
2026-08-20T08:59Z,diego ferrer,651339,,
2026-08-20T08:59Z,carlos puga,4962579,70,
2026-08-20T08:59Z,izan merino,5927091,80,
2026-08-20T08:59Z,jean ives valou,566181,20,
2026-08-20T08:59Z,kevin sanchez,842160,10,
2026-08-20T08:59Z,denis suarez,2367084,50,
2026-08-20T08:59Z,alberto calatrava,927472,,
2026-08-20T08:59Z,david soria,22039978,95,
2026-08-20T08:59Z,igor zubeldia,10346166,60,
2026-08-20T08:59Z,pierre-emerick aubameyang,38507025,90,
2026-08-20T08:59Z,marko dmitrovic,39277920,95,
2026-08-20T08:59Z,juan musso,4056137,5,
2026-08-20T08:59Z,ionut radu,37095939,90,
2026-08-20T08:59Z,yuri berchiche,12311693,70,
2026-08-20T08:59Z,aitor paredes,5477677,70,
2026-08-20T08:59Z,antonio blanco,14590188,90,
2026-08-20T08:59Z,cesar tarrega,9131344,80,
2026-08-20T08:59Z,jose alberto lopez,867231,,
2026-08-20T09:00Z,omar el hilali,10098553,80,
2026-08-20T09:00Z,karl etta eyong,24426515,50,
2026-08-20T09:00Z,manu bueno,742504,40,
2026-08-20T09:00Z,johnny cardoso,5320779,30,
2026-08-20T09:00Z,carlos espi,9774649,30,
2026-08-20T09:00Z,llorenç serred,533822,,
2026-08-20T09:00Z,diego ferrer,651339,,
2026-08-20T09:00Z,carlos puga,4962579,70,
2026-08-20T09:00Z,izan merino,5927091,80,
2026-08-20T09:00Z,jean ives valou,566181,20,
2026-08-20T09:00Z,kevin sanchez,842160,10,
2026-08-20T09:00Z,denis suarez,2367084,50,
2026-08-20T09:00Z,alberto calatrava,927472,,
2026-08-20T09:00Z,david soria,22039978,95,
2026-08-20T09:00Z,igor zubeldia,10346166,60,
2026-08-20T09:00Z,pierre-emerick aubameyang,38507025,90,
2026-08-20T09:00Z,marko dmitrovic,39277920,95,
2026-08-20T09:00Z,juan musso,4056137,5,
2026-08-20T09:00Z,ionut radu,37095939,90,
2026-08-20T09:00Z,yuri berchiche,12311693,70,
2026-08-20T09:00Z,aitor paredes,5477677,70,
2026-08-20T09:00Z,antonio blanco,14590188,90,
2026-08-20T09:00Z,cesar tarrega,9131344,80,
2026-08-20T09:00Z,jose alberto lopez,867231,,
2026-08-20T09:01Z,omar el hilali,10098553,80,10220
2026-08-20T09:01Z,karl etta eyong,24426515,50,10326
2026-08-20T09:01Z,manu bueno,742504,40,11180
2026-08-20T09:01Z,johnny cardoso,5320779,30,12647
2026-08-20T09:01Z,carlos espi,9774649,30,12870
2026-08-20T09:01Z,llorenç serred,533822,,12891
2026-08-20T09:01Z,diego ferrer,651339,,13876
2026-08-20T09:01Z,carlos puga,4962579,70,13982
2026-08-20T09:01Z,izan merino,5927091,80,13983
2026-08-20T09:01Z,jean ives valou,566181,20,14816
2026-08-20T09:01Z,kevin sanchez,842160,10,14876
2026-08-20T09:01Z,denis suarez,2367084,50,1778
2026-08-20T09:01Z,alberto calatrava,927472,,18029
2026-08-20T09:01Z,david soria,22039978,95,1919
2026-08-20T09:01Z,igor zubeldia,10346166,60,2802
2026-08-20T09:01Z,pierre-emerick aubameyang,38507025,90,3414
2026-08-20T09:01Z,marko dmitrovic,39277920,95,3759
2026-08-20T09:01Z,juan musso,4056137,5,5942
2026-08-20T09:01Z,ionut radu,37095939,90,5978
2026-08-20T09:01Z,yuri berchiche,12311693,70,735
2026-08-20T09:01Z,aitor paredes,5477677,70,7916
2026-08-20T09:01Z,antonio blanco,14590188,90,8737
2026-08-20T09:01Z,cesar tarrega,9131344,80,9762
2026-08-20T09:01Z,jose alberto lopez,867231,,e168
2026-08-20T07:00Z,omar el hilali,10098553,80,
2026-08-20T07:00Z,karl etta eyong,24426515,50,
2026-08-20T07:00Z,manu bueno,742504,40,
2026-08-20T07:00Z,johnny cardoso,5320779,30,
2026-08-20T07:00Z,carlos espi,9774649,30,
2026-08-20T07:00Z,llorenç serred,533822,,
2026-08-20T07:00Z,diego ferrer,651339,,
2026-08-20T07:00Z,carlos puga,4962579,70,
2026-08-20T07:00Z,izan merino,5927091,80,
2026-08-20T07:00Z,jean ives valou,566181,20,
2026-08-20T07:00Z,kevin sanchez,842160,10,
2026-08-20T07:00Z,denis suarez,2367084,50,
2026-08-20T07:00Z,alberto calatrava,927472,,
2026-08-20T07:00Z,david soria,22039978,95,
2026-08-20T07:00Z,igor zubeldia,10346166,60,
2026-08-20T07:00Z,pierre-emerick aubameyang,38507025,90,
2026-08-20T07:00Z,marko dmitrovic,39277920,95,
2026-08-20T07:00Z,juan musso,4056137,5,
2026-08-20T07:00Z,ionut radu,37095939,90,
2026-08-20T07:00Z,yuri berchiche,12311693,70,
2026-08-20T07:00Z,aitor paredes,5477677,70,
2026-08-20T07:00Z,antonio blanco,14590188,90,
2026-08-20T07:00Z,cesar tarrega,9131344,80,
2026-08-20T07:00Z,jose alberto lopez,867231,,
2026-08-20T07:00Z,omar el hilali,10098553,80,10220
2026-08-20T07:00Z,karl etta eyong,24426515,50,10326
2026-08-20T07:00Z,manu bueno,742504,40,11180
2026-08-20T07:00Z,johnny cardoso,5320779,30,12647
2026-08-20T07:00Z,carlos espi,9774649,30,12870
2026-08-20T07:00Z,llorenç serred,533822,,12891
2026-08-20T07:00Z,diego ferrer,651339,,13876
2026-08-20T07:00Z,carlos puga,4962579,70,13982
2026-08-20T07:00Z,izan merino,5927091,80,13983
2026-08-20T07:00Z,jean ives valou,566181,20,14816
2026-08-20T07:00Z,kevin sanchez,842160,10,14876
2026-08-20T07:00Z,denis suarez,2367084,50,1778
2026-08-20T07:00Z,alberto calatrava,927472,,18029
2026-08-20T07:00Z,david soria,22039978,95,1919
2026-08-20T07:00Z,igor zubeldia,10346166,60,2802
2026-08-20T07:00Z,pierre-emerick aubameyang,38507025,90,3414
2026-08-20T07:00Z,marko dmitrovic,39277920,95,3759
2026-08-20T07:00Z,juan musso,4056137,5,5942
2026-08-20T07:00Z,ionut radu,37095939,90,5978
2026-08-20T07:00Z,yuri berchiche,12311693,70,735
2026-08-20T07:00Z,aitor paredes,5477677,70,7916
2026-08-20T07:00Z,antonio blanco,14590188,90,8737
2026-08-20T07:00Z,cesar tarrega,9131344,80,9762
2026-08-20T07:00Z,jose alberto lopez,867231,,e168
2026-08-20T09:04Z,omar el hilali,10098553,80,10220
2026-08-20T09:04Z,karl etta eyong,24426515,50,10326
2026-08-20T09:04Z,manu bueno,742504,40,11180
2026-08-20T09:04Z,johnny cardoso,5320779,30,12647
2026-08-20T09:04Z,carlos espi,9774649,30,12870
2026-08-20T09:04Z,llorenç serred,533822,,12891
2026-08-20T09:04Z,diego ferrer,651339,,13876
2026-08-20T09:04Z,carlos puga,4962579,70,13982
2026-08-20T09:04Z,izan merino,5927091,80,13983
2026-08-20T09:04Z,jean ives valou,566181,20,14816
2026-08-20T09:04Z,kevin sanchez,842160,10,14876
2026-08-20T09:04Z,denis suarez,2367084,50,1778
2026-08-20T09:04Z,alberto calatrava,927472,,18029
2026-08-20T09:04Z,david soria,22039978,95,1919
2026-08-20T09:04Z,igor zubeldia,10346166,60,2802
2026-08-20T09:04Z,pierre-emerick aubameyang,38507025,90,3414
2026-08-20T09:04Z,marko dmitrovic,39277920,95,3759
2026-08-20T09:04Z,juan musso,4056137,5,5942
2026-08-20T09:04Z,ionut radu,37095939,90,5978
2026-08-20T09:04Z,yuri berchiche,12311693,70,735
2026-08-20T09:04Z,aitor paredes,5477677,70,7916
2026-08-20T09:04Z,antonio blanco,14590188,90,8737
2026-08-20T09:04Z,cesar tarrega,9131344,80,9762
2026-08-20T09:04Z,jose alberto lopez,867231,,e168
2026-08-20T07:00Z,omar el hilali,10098553,80,10220
2026-08-20T07:00Z,karl etta eyong,24426515,50,10326
2026-08-20T07:00Z,manu bueno,742504,40,11180
2026-08-20T07:00Z,johnny cardoso,5320779,30,12647
2026-08-20T07:00Z,carlos espi,9774649,30,12870
2026-08-20T07:00Z,llorenç serred,533822,,12891
2026-08-20T07:00Z,diego ferrer,651339,,13876
2026-08-20T07:00Z,carlos puga,4962579,70,13982
2026-08-20T07:00Z,izan merino,5927091,80,13983
2026-08-20T07:00Z,jean ives valou,566181,20,14816
2026-08-20T07:00Z,kevin sanchez,842160,10,14876
2026-08-20T07:00Z,denis suarez,2367084,50,1778
2026-08-20T07:00Z,alberto calatrava,927472,,18029
2026-08-20T07:00Z,david soria,22039978,95,1919
2026-08-20T07:00Z,igor zubeldia,10346166,60,2802
2026-08-20T07:00Z,pierre-emerick aubameyang,38507025,90,3414
2026-08-20T07:00Z,marko dmitrovic,39277920,95,3759
2026-08-20T07:00Z,juan musso,4056137,5,5942
2026-08-20T07:00Z,ionut radu,37095939,90,5978
2026-08-20T07:00Z,yuri berchiche,12311693,70,735
2026-08-20T07:00Z,aitor paredes,5477677,70,7916
2026-08-20T07:00Z,antonio blanco,14590188,90,8737
2026-08-20T07:00Z,cesar tarrega,9131344,80,9762
2026-08-20T07:00Z,jose alberto lopez,867231,,e168
2026-08-20T07:00Z,omar el hilali,10098553,80,10220
2026-08-20T07:00Z,karl etta eyong,24426515,50,10326
2026-08-20T07:00Z,manu bueno,742504,40,11180
2026-08-20T07:00Z,johnny cardoso,5320779,30,12647
2026-08-20T07:00Z,carlos espi,9774649,30,12870
2026-08-20T07:00Z,llorenç serred,533822,,12891
2026-08-20T07:00Z,diego ferrer,651339,,13876
2026-08-20T07:00Z,carlos puga,4962579,70,13982
2026-08-20T07:00Z,izan merino,5927091,80,13983
2026-08-20T07:00Z,jean ives valou,566181,20,14816
2026-08-20T07:00Z,kevin sanchez,842160,10,14876
2026-08-20T07:00Z,denis suarez,2367084,50,1778
2026-08-20T07:00Z,alberto calatrava,927472,,18029
2026-08-20T07:00Z,david soria,22039978,95,1919
2026-08-20T07:00Z,igor zubeldia,10346166,60,2802
2026-08-20T07:00Z,pierre-emerick aubameyang,38507025,90,3414
2026-08-20T07:00Z,marko dmitrovic,39277920,95,3759
2026-08-20T07:00Z,juan musso,4056137,5,5942
2026-08-20T07:00Z,ionut radu,37095939,90,5978
2026-08-20T07:00Z,yuri berchiche,12311693,70,735
2026-08-20T07:00Z,aitor paredes,5477677,70,7916
2026-08-20T07:00Z,antonio blanco,14590188,90,8737
2026-08-20T07:00Z,cesar tarrega,9131344,80,9762
2026-08-20T07:00Z,jose alberto lopez,867231,,e168
2026-08-20T09:06Z,omar el hilali,10098553,80,10220
2026-08-20T09:06Z,karl etta eyong,24426515,50,10326
2026-08-20T09:06Z,manu bueno,742504,40,11180
2026-08-20T09:06Z,johnny cardoso,5320779,30,12647
2026-08-20T09:06Z,carlos espi,9774649,30,12870
2026-08-20T09:06Z,llorenç serred,533822,,12891
2026-08-20T09:06Z,diego ferrer,651339,,13876
2026-08-20T09:06Z,carlos puga,4962579,70,13982
2026-08-20T09:06Z,izan merino,5927091,80,13983
2026-08-20T09:06Z,jean ives valou,566181,20,14816
2026-08-20T09:06Z,kevin sanchez,842160,10,14876
2026-08-20T09:06Z,denis suarez,2367084,50,1778
2026-08-20T09:06Z,alberto calatrava,927472,,18029
2026-08-20T09:06Z,david soria,22039978,95,1919
2026-08-20T09:06Z,igor zubeldia,10346166,60,2802
2026-08-20T09:06Z,pierre-emerick aubameyang,38507025,90,3414
2026-08-20T09:06Z,marko dmitrovic,39277920,95,3759
2026-08-20T09:06Z,juan musso,4056137,5,5942
2026-08-20T09:06Z,ionut radu,37095939,90,5978
2026-08-20T09:06Z,yuri berchiche,12311693,70,735
2026-08-20T09:06Z,aitor paredes,5477677,70,7916
2026-08-20T09:06Z,antonio blanco,14590188,90,8737
2026-08-20T09:06Z,cesar tarrega,9131344,80,9762
2026-08-20T09:06Z,jose alberto lopez,867231,,e168
2026-08-20T07:00Z,omar el hilali,10098553,80,10220
2026-08-20T07:00Z,karl etta eyong,24426515,50,10326
2026-08-20T07:00Z,manu bueno,742504,40,11180
2026-08-20T07:00Z,johnny cardoso,5320779,30,12647
2026-08-20T07:00Z,carlos espi,9774649,30,12870
2026-08-20T07:00Z,llorenç serred,533822,,12891
2026-08-20T07:00Z,diego ferrer,651339,,13876
2026-08-20T07:00Z,carlos puga,4962579,70,13982
2026-08-20T07:00Z,izan merino,5927091,80,13983
2026-08-20T07:00Z,jean ives valou,566181,20,14816
2026-08-20T07:00Z,kevin sanchez,842160,10,14876
2026-08-20T07:00Z,denis suarez,2367084,50,1778
2026-08-20T07:00Z,alberto calatrava,927472,,18029
2026-08-20T07:00Z,david soria,22039978,95,1919
2026-08-20T07:00Z,igor zubeldia,10346166,60,2802
2026-08-20T07:00Z,pierre-emerick aubameyang,38507025,90,3414
2026-08-20T07:00Z,marko dmitrovic,39277920,95,3759
2026-08-20T07:00Z,juan musso,4056137,5,5942
2026-08-20T07:00Z,ionut radu,37095939,90,5978
2026-08-20T07:00Z,yuri berchiche,12311693,70,735
2026-08-20T07:00Z,aitor paredes,5477677,70,7916
2026-08-20T07:00Z,antonio blanco,14590188,90,8737
2026-08-20T07:00Z,cesar tarrega,9131344,80,9762
2026-08-20T07:00Z,jose alberto lopez,867231,,e168
2026-08-20T07:00Z,omar el hilali,10098553,80,10220
2026-08-20T07:00Z,karl etta eyong,24426515,50,10326
2026-08-20T07:00Z,manu bueno,742504,40,11180
2026-08-20T07:00Z,johnny cardoso,5320779,30,12647
2026-08-20T07:00Z,carlos espi,9774649,30,12870
2026-08-20T07:00Z,llorenç serred,533822,,12891
2026-08-20T07:00Z,diego ferrer,651339,,13876
2026-08-20T07:00Z,carlos puga,4962579,70,13982
2026-08-20T07:00Z,izan merino,5927091,80,13983
2026-08-20T07:00Z,jean ives valou,566181,20,14816
2026-08-20T07:00Z,kevin sanchez,842160,10,14876
2026-08-20T07:00Z,denis suarez,2367084,50,1778
2026-08-20T07:00Z,alberto calatrava,927472,,18029
2026-08-20T07:00Z,david soria,22039978,95,1919
2026-08-20T07:00Z,igor zubeldia,10346166,60,2802
2026-08-20T07:00Z,pierre-emerick aubameyang,38507025,90,3414
2026-08-20T07:00Z,marko dmitrovic,39277920,95,3759
2026-08-20T07:00Z,juan musso,4056137,5,5942
2026-08-20T07:00Z,ionut radu,37095939,90,5978
2026-08-20T07:00Z,yuri berchiche,12311693,70,735
2026-08-20T07:00Z,aitor paredes,5477677,70,7916
2026-08-20T07:00Z,antonio blanco,14590188,90,8737
2026-08-20T07:00Z,cesar tarrega,9131344,80,9762
2026-08-20T07:00Z,jose alberto lopez,867231,,e168
2026-08-20T09:07Z,omar el hilali,10098553,80,10220
2026-08-20T09:07Z,karl etta eyong,24426515,50,10326
2026-08-20T09:07Z,manu bueno,742504,40,11180
2026-08-20T09:07Z,johnny cardoso,5320779,30,12647
2026-08-20T09:07Z,carlos espi,9774649,30,12870
2026-08-20T09:07Z,llorenç serred,533822,,12891
2026-08-20T09:07Z,diego ferrer,651339,,13876
2026-08-20T09:07Z,carlos puga,4962579,70,13982
2026-08-20T09:07Z,izan merino,5927091,80,13983
2026-08-20T09:07Z,jean ives valou,566181,20,14816
2026-08-20T09:07Z,kevin sanchez,842160,10,14876
2026-08-20T09:07Z,denis suarez,2367084,50,1778
2026-08-20T09:07Z,alberto calatrava,927472,,18029
2026-08-20T09:07Z,david soria,22039978,95,1919
2026-08-20T09:07Z,igor zubeldia,10346166,60,2802
2026-08-20T09:07Z,pierre-emerick aubameyang,38507025,90,3414
2026-08-20T09:07Z,marko dmitrovic,39277920,95,3759
2026-08-20T09:07Z,juan musso,4056137,5,5942
2026-08-20T09:07Z,ionut radu,37095939,90,5978
2026-08-20T09:07Z,yuri berchiche,12311693,70,735
2026-08-20T09:07Z,aitor paredes,5477677,70,7916
2026-08-20T09:07Z,antonio blanco,14590188,90,8737
2026-08-20T09:07Z,cesar tarrega,9131344,80,9762
2026-08-20T09:07Z,jose alberto lopez,867231,,e168
2026-08-20T09:10Z,omar el hilali,10098553,80,10220
2026-08-20T09:10Z,karl etta eyong,24426515,50,10326
2026-08-20T09:10Z,manu bueno,742504,40,11180
2026-08-20T09:10Z,johnny cardoso,5320779,30,12647
2026-08-20T09:10Z,carlos espi,9774649,30,12870
2026-08-20T09:10Z,llorenç serred,533822,,12891
2026-08-20T09:10Z,diego ferrer,651339,,13876
2026-08-20T09:10Z,carlos puga,4962579,70,13982
2026-08-20T09:10Z,izan merino,5927091,80,13983
2026-08-20T09:10Z,jean ives valou,566181,20,14816
2026-08-20T09:10Z,kevin sanchez,842160,10,14876
2026-08-20T09:10Z,denis suarez,2367084,50,1778
2026-08-20T09:10Z,alberto calatrava,927472,,18029
2026-08-20T09:10Z,david soria,22039978,95,1919
2026-08-20T09:10Z,igor zubeldia,10346166,60,2802
2026-08-20T09:10Z,pierre-emerick aubameyang,38507025,90,3414
2026-08-20T09:10Z,marko dmitrovic,39277920,95,3759
2026-08-20T09:10Z,juan musso,4056137,5,5942
2026-08-20T09:10Z,ionut radu,37095939,90,5978
2026-08-20T09:10Z,yuri berchiche,12311693,70,735
2026-08-20T09:10Z,aitor paredes,5477677,70,7916
2026-08-20T09:10Z,antonio blanco,14590188,90,8737
2026-08-20T09:10Z,cesar tarrega,9131344,80,9762
2026-08-20T09:10Z,jose alberto lopez,867231,,e168
2026-08-20T07:00Z,omar el hilali,10098553,80,10220
2026-08-20T07:00Z,karl etta eyong,24426515,50,10326
2026-08-20T07:00Z,manu bueno,742504,40,11180
2026-08-20T07:00Z,johnny cardoso,5320779,30,12647
2026-08-20T07:00Z,carlos espi,9774649,30,12870
2026-08-20T07:00Z,llorenç serred,533822,,12891
2026-08-20T07:00Z,diego ferrer,651339,,13876
2026-08-20T07:00Z,carlos puga,4962579,70,13982
2026-08-20T07:00Z,izan merino,5927091,80,13983
2026-08-20T07:00Z,jean ives valou,566181,20,14816
2026-08-20T07:00Z,kevin sanchez,842160,10,14876
2026-08-20T07:00Z,denis suarez,2367084,50,1778
2026-08-20T07:00Z,alberto calatrava,927472,,18029
2026-08-20T07:00Z,david soria,22039978,95,1919
2026-08-20T07:00Z,igor zubeldia,10346166,60,2802
2026-08-20T07:00Z,pierre-emerick aubameyang,38507025,90,3414
2026-08-20T07:00Z,marko dmitrovic,39277920,95,3759
2026-08-20T07:00Z,juan musso,4056137,5,5942
2026-08-20T07:00Z,ionut radu,37095939,90,5978
2026-08-20T07:00Z,yuri berchiche,12311693,70,735
2026-08-20T07:00Z,aitor paredes,5477677,70,7916
2026-08-20T07:00Z,antonio blanco,14590188,90,8737
2026-08-20T07:00Z,cesar tarrega,9131344,80,9762
2026-08-20T07:00Z,jose alberto lopez,867231,,e168
2026-08-20T07:00Z,omar el hilali,10098553,80,10220
2026-08-20T07:00Z,karl etta eyong,24426515,50,10326
2026-08-20T07:00Z,manu bueno,742504,40,11180
2026-08-20T07:00Z,johnny cardoso,5320779,30,12647
2026-08-20T07:00Z,carlos espi,9774649,30,12870
2026-08-20T07:00Z,llorenç serred,533822,,12891
2026-08-20T07:00Z,diego ferrer,651339,,13876
2026-08-20T07:00Z,carlos puga,4962579,70,13982
2026-08-20T07:00Z,izan merino,5927091,80,13983
2026-08-20T07:00Z,jean ives valou,566181,20,14816
2026-08-20T07:00Z,kevin sanchez,842160,10,14876
2026-08-20T07:00Z,denis suarez,2367084,50,1778
2026-08-20T07:00Z,alberto calatrava,927472,,18029
2026-08-20T07:00Z,david soria,22039978,95,1919
2026-08-20T07:00Z,igor zubeldia,10346166,60,2802
2026-08-20T07:00Z,pierre-emerick aubameyang,38507025,90,3414
2026-08-20T07:00Z,marko dmitrovic,39277920,95,3759
2026-08-20T07:00Z,juan musso,4056137,5,5942
2026-08-20T07:00Z,ionut radu,37095939,90,5978
2026-08-20T07:00Z,yuri berchiche,12311693,70,735
2026-08-20T07:00Z,aitor paredes,5477677,70,7916
2026-08-20T07:00Z,antonio blanco,14590188,90,8737
2026-08-20T07:00Z,cesar tarrega,9131344,80,9762
2026-08-20T07:00Z,jose alberto lopez,867231,,e168
2026-08-20T09:11Z,omar el hilali,10098553,80,10220
2026-08-20T09:11Z,karl etta eyong,24426515,50,10326
2026-08-20T09:11Z,manu bueno,742504,40,11180
2026-08-20T09:11Z,johnny cardoso,5320779,30,12647
2026-08-20T09:11Z,carlos espi,9774649,30,12870
2026-08-20T09:11Z,llorenç serred,533822,,12891
2026-08-20T09:11Z,diego ferrer,651339,,13876
2026-08-20T09:11Z,carlos puga,4962579,70,13982
2026-08-20T09:11Z,izan merino,5927091,80,13983
2026-08-20T09:11Z,jean ives valou,566181,20,14816
2026-08-20T09:11Z,kevin sanchez,842160,10,14876
2026-08-20T09:11Z,denis suarez,2367084,50,1778
2026-08-20T09:11Z,alberto calatrava,927472,,18029
2026-08-20T09:11Z,david soria,22039978,95,1919
2026-08-20T09:11Z,igor zubeldia,10346166,60,2802
2026-08-20T09:11Z,pierre-emerick aubameyang,38507025,90,3414
2026-08-20T09:11Z,marko dmitrovic,39277920,95,3759
2026-08-20T09:11Z,juan musso,4056137,5,5942
2026-08-20T09:11Z,ionut radu,37095939,90,5978
2026-08-20T09:11Z,yuri berchiche,12311693,70,735
2026-08-20T09:11Z,aitor paredes,5477677,70,7916
2026-08-20T09:11Z,antonio blanco,14590188,90,8737
2026-08-20T09:11Z,cesar tarrega,9131344,80,9762
2026-08-20T09:11Z,jose alberto lopez,867231,,e168
2026-08-20T09:15Z,omar el hilali,10098553,80,10220
2026-08-20T09:15Z,karl etta eyong,24426515,50,10326
2026-08-20T09:15Z,manu bueno,742504,40,11180
2026-08-20T09:15Z,johnny cardoso,5320779,30,12647
2026-08-20T09:15Z,carlos espi,9774649,30,12870
2026-08-20T09:15Z,llorenç serred,533822,,12891
2026-08-20T09:15Z,diego ferrer,651339,,13876
2026-08-20T09:15Z,carlos puga,4962579,70,13982
2026-08-20T09:15Z,izan merino,5927091,80,13983
2026-08-20T09:15Z,jean ives valou,566181,20,14816
2026-08-20T09:15Z,kevin sanchez,842160,10,14876
2026-08-20T09:15Z,denis suarez,2367084,50,1778
2026-08-20T09:15Z,alberto calatrava,927472,,18029
2026-08-20T09:15Z,david soria,22039978,95,1919
2026-08-20T09:15Z,igor zubeldia,10346166,60,2802
2026-08-20T09:15Z,pierre-emerick aubameyang,38507025,90,3414
2026-08-20T09:15Z,marko dmitrovic,39277920,95,3759
2026-08-20T09:15Z,juan musso,4056137,5,5942
2026-08-20T09:15Z,ionut radu,37095939,90,5978
2026-08-20T09:15Z,yuri berchiche,12311693,70,735
2026-08-20T09:15Z,aitor paredes,5477677,70,7916
2026-08-20T09:15Z,antonio blanco,14590188,90,8737
2026-08-20T09:15Z,cesar tarrega,9131344,80,9762
2026-08-20T09:15Z,jose alberto lopez,867231,,e168
2026-08-20T07:00Z,omar el hilali,10098553,80,10220
2026-08-20T07:00Z,karl etta eyong,24426515,50,10326
2026-08-20T07:00Z,manu bueno,742504,40,11180
2026-08-20T07:00Z,johnny cardoso,5320779,30,12647
2026-08-20T07:00Z,carlos espi,9774649,30,12870
2026-08-20T07:00Z,llorenç serred,533822,,12891
2026-08-20T07:00Z,diego ferrer,651339,,13876
2026-08-20T07:00Z,carlos puga,4962579,70,13982
2026-08-20T07:00Z,izan merino,5927091,80,13983
2026-08-20T07:00Z,jean ives valou,566181,20,14816
2026-08-20T07:00Z,kevin sanchez,842160,10,14876
2026-08-20T07:00Z,denis suarez,2367084,50,1778
2026-08-20T07:00Z,alberto calatrava,927472,,18029
2026-08-20T07:00Z,david soria,22039978,95,1919
2026-08-20T07:00Z,igor zubeldia,10346166,60,2802
2026-08-20T07:00Z,pierre-emerick aubameyang,38507025,90,3414
2026-08-20T07:00Z,marko dmitrovic,39277920,95,3759
2026-08-20T07:00Z,juan musso,4056137,5,5942
2026-08-20T07:00Z,ionut radu,37095939,90,5978
2026-08-20T07:00Z,yuri berchiche,12311693,70,735
2026-08-20T07:00Z,aitor paredes,5477677,70,7916
2026-08-20T07:00Z,antonio blanco,14590188,90,8737
2026-08-20T07:00Z,cesar tarrega,9131344,80,9762
2026-08-20T07:00Z,jose alberto lopez,867231,,e168
2026-08-20T09:16Z,omar el hilali,10098553,80,10220
2026-08-20T09:16Z,karl etta eyong,24426515,50,10326
2026-08-20T09:16Z,manu bueno,742504,40,11180
2026-08-20T09:16Z,johnny cardoso,5320779,30,12647
2026-08-20T09:16Z,carlos espi,9774649,30,12870
2026-08-20T09:16Z,llorenç serred,533822,,12891
2026-08-20T09:16Z,diego ferrer,651339,,13876
2026-08-20T09:16Z,carlos puga,4962579,70,13982
2026-08-20T09:16Z,izan merino,5927091,80,13983
2026-08-20T09:16Z,jean ives valou,566181,20,14816
2026-08-20T09:16Z,kevin sanchez,842160,10,14876
2026-08-20T09:16Z,denis suarez,2367084,50,1778
2026-08-20T09:16Z,alberto calatrava,927472,,18029
2026-08-20T09:16Z,david soria,22039978,95,1919
2026-08-20T09:16Z,igor zubeldia,10346166,60,2802
2026-08-20T09:16Z,pierre-emerick aubameyang,38507025,90,3414
2026-08-20T09:16Z,marko dmitrovic,39277920,95,3759
2026-08-20T09:16Z,juan musso,4056137,5,5942
2026-08-20T09:16Z,ionut radu,37095939,90,5978
2026-08-20T09:16Z,yuri berchiche,12311693,70,735
2026-08-20T09:16Z,aitor paredes,5477677,70,7916
2026-08-20T09:16Z,antonio blanco,14590188,90,8737
2026-08-20T09:16Z,cesar tarrega,9131344,80,9762
2026-08-20T09:16Z,jose alberto lopez,867231,,e168
2026-08-20T09:19Z,omar el hilali,10098553,80,10220
2026-08-20T09:19Z,karl etta eyong,24426515,50,10326
2026-08-20T09:19Z,manu bueno,742504,40,11180
2026-08-20T09:19Z,johnny cardoso,5320779,30,12647
2026-08-20T09:19Z,carlos espi,9774649,30,12870
2026-08-20T09:19Z,llorenç serred,533822,,12891
2026-08-20T09:19Z,diego ferrer,651339,,13876
2026-08-20T09:19Z,carlos puga,4962579,70,13982
2026-08-20T09:19Z,izan merino,5927091,80,13983
2026-08-20T09:19Z,jean ives valou,566181,20,14816
2026-08-20T09:19Z,kevin sanchez,842160,10,14876
2026-08-20T09:19Z,denis suarez,2367084,50,1778
2026-08-20T09:19Z,alberto calatrava,927472,,18029
2026-08-20T09:19Z,david soria,22039978,95,1919
2026-08-20T09:19Z,igor zubeldia,10346166,60,2802
2026-08-20T09:19Z,pierre-emerick aubameyang,38507025,90,3414
2026-08-20T09:19Z,marko dmitrovic,39277920,95,3759
2026-08-20T09:19Z,juan musso,4056137,5,5942
2026-08-20T09:19Z,ionut radu,37095939,90,5978
2026-08-20T09:19Z,yuri berchiche,12311693,70,735
2026-08-20T09:19Z,aitor paredes,5477677,70,7916
2026-08-20T09:19Z,antonio blanco,14590188,90,8737
2026-08-20T09:19Z,cesar tarrega,9131344,80,9762
2026-08-20T09:19Z,jose alberto lopez,867231,,e168
2026-08-20T09:20Z,omar el hilali,10098553,80,10220
2026-08-20T09:20Z,karl etta eyong,24426515,50,10326
2026-08-20T09:20Z,manu bueno,742504,40,11180
2026-08-20T09:20Z,johnny cardoso,5320779,30,12647
2026-08-20T09:20Z,carlos espi,9774649,30,12870
2026-08-20T09:20Z,llorenç serred,533822,,12891
2026-08-20T09:20Z,diego ferrer,651339,,13876
2026-08-20T09:20Z,carlos puga,4962579,70,13982
2026-08-20T09:20Z,izan merino,5927091,80,13983
2026-08-20T09:20Z,jean ives valou,566181,20,14816
2026-08-20T09:20Z,kevin sanchez,842160,10,14876
2026-08-20T09:20Z,denis suarez,2367084,50,1778
2026-08-20T09:20Z,alberto calatrava,927472,,18029
2026-08-20T09:20Z,david soria,22039978,95,1919
2026-08-20T09:20Z,igor zubeldia,10346166,60,2802
2026-08-20T09:20Z,pierre-emerick aubameyang,38507025,90,3414
2026-08-20T09:20Z,marko dmitrovic,39277920,95,3759
2026-08-20T09:20Z,juan musso,4056137,5,5942
2026-08-20T09:20Z,ionut radu,37095939,90,5978
2026-08-20T09:20Z,yuri berchiche,12311693,70,735
2026-08-20T09:20Z,aitor paredes,5477677,70,7916
2026-08-20T09:20Z,antonio blanco,14590188,90,8737
2026-08-20T09:20Z,cesar tarrega,9131344,80,9762
2026-08-20T09:20Z,jose alberto lopez,867231,,e168
2026-08-20T09:22Z,omar el hilali,10098553,80,10220
2026-08-20T09:22Z,karl etta eyong,24426515,50,10326
2026-08-20T09:22Z,manu bueno,742504,40,11180
2026-08-20T09:22Z,johnny cardoso,5320779,30,12647
2026-08-20T09:22Z,carlos espi,9774649,30,12870
2026-08-20T09:22Z,llorenç serred,533822,,12891
2026-08-20T09:22Z,diego ferrer,651339,,13876
2026-08-20T09:22Z,carlos puga,4962579,70,13982
2026-08-20T09:22Z,izan merino,5927091,80,13983
2026-08-20T09:22Z,jean ives valou,566181,20,14816
2026-08-20T09:22Z,kevin sanchez,842160,10,14876
2026-08-20T09:22Z,denis suarez,2367084,50,1778
2026-08-20T09:22Z,alberto calatrava,927472,,18029
2026-08-20T09:22Z,david soria,22039978,95,1919
2026-08-20T09:22Z,igor zubeldia,10346166,60,2802
2026-08-20T09:22Z,pierre-emerick aubameyang,38507025,90,3414
2026-08-20T09:22Z,marko dmitrovic,39277920,95,3759
2026-08-20T09:22Z,juan musso,4056137,5,5942
2026-08-20T09:22Z,ionut radu,37095939,90,5978
2026-08-20T09:22Z,yuri berchiche,12311693,70,735
2026-08-20T09:22Z,aitor paredes,5477677,70,7916
2026-08-20T09:22Z,antonio blanco,14590188,90,8737
2026-08-20T09:22Z,cesar tarrega,9131344,80,9762
2026-08-20T09:22Z,jose alberto lopez,867231,,e168
2026-08-20T07:00Z,omar el hilali,10098553,80,10220
2026-08-20T07:00Z,karl etta eyong,24426515,50,10326
2026-08-20T07:00Z,manu bueno,742504,40,11180
2026-08-20T07:00Z,johnny cardoso,5320779,30,12647
2026-08-20T07:00Z,carlos espi,9774649,30,12870
2026-08-20T07:00Z,llorenç serred,533822,,12891
2026-08-20T07:00Z,diego ferrer,651339,,13876
2026-08-20T07:00Z,carlos puga,4962579,70,13982
2026-08-20T07:00Z,izan merino,5927091,80,13983
2026-08-20T07:00Z,jean ives valou,566181,20,14816
2026-08-20T07:00Z,kevin sanchez,842160,10,14876
2026-08-20T07:00Z,denis suarez,2367084,50,1778
2026-08-20T07:00Z,alberto calatrava,927472,,18029
2026-08-20T07:00Z,david soria,22039978,95,1919
2026-08-20T07:00Z,igor zubeldia,10346166,60,2802
2026-08-20T07:00Z,pierre-emerick aubameyang,38507025,90,3414
2026-08-20T07:00Z,marko dmitrovic,39277920,95,3759
2026-08-20T07:00Z,juan musso,4056137,5,5942
2026-08-20T07:00Z,ionut radu,37095939,90,5978
2026-08-20T07:00Z,yuri berchiche,12311693,70,735
2026-08-20T07:00Z,aitor paredes,5477677,70,7916
2026-08-20T07:00Z,antonio blanco,14590188,90,8737
2026-08-20T07:00Z,cesar tarrega,9131344,80,9762
2026-08-20T07:00Z,jose alberto lopez,867231,,e168
2026-08-20T09:23Z,omar el hilali,10098553,80,10220
2026-08-20T09:23Z,karl etta eyong,24426515,50,10326
2026-08-20T09:23Z,manu bueno,742504,40,11180
2026-08-20T09:23Z,johnny cardoso,5320779,30,12647
2026-08-20T09:23Z,carlos espi,9774649,30,12870
2026-08-20T09:23Z,llorenç serred,533822,,12891
2026-08-20T09:23Z,diego ferrer,651339,,13876
2026-08-20T09:23Z,carlos puga,4962579,70,13982
2026-08-20T09:23Z,izan merino,5927091,80,13983
2026-08-20T09:23Z,jean ives valou,566181,20,14816
2026-08-20T09:23Z,kevin sanchez,842160,10,14876
2026-08-20T09:23Z,denis suarez,2367084,50,1778
2026-08-20T09:23Z,alberto calatrava,927472,,18029
2026-08-20T09:23Z,david soria,22039978,95,1919
2026-08-20T09:23Z,igor zubeldia,10346166,60,2802
2026-08-20T09:23Z,pierre-emerick aubameyang,38507025,90,3414
2026-08-20T09:23Z,marko dmitrovic,39277920,95,3759
2026-08-20T09:23Z,juan musso,4056137,5,5942
2026-08-20T09:23Z,ionut radu,37095939,90,5978
2026-08-20T09:23Z,yuri berchiche,12311693,70,735
2026-08-20T09:23Z,aitor paredes,5477677,70,7916
2026-08-20T09:23Z,antonio blanco,14590188,90,8737
2026-08-20T09:23Z,cesar tarrega,9131344,80,9762
2026-08-20T09:23Z,jose alberto lopez,867231,,e168
2026-08-20T09:32Z,omar el hilali,10098553,80,10220
2026-08-20T09:32Z,karl etta eyong,24426515,50,10326
2026-08-20T09:32Z,manu bueno,742504,40,11180
2026-08-20T09:32Z,johnny cardoso,5320779,30,12647
2026-08-20T09:32Z,carlos espi,9774649,30,12870
2026-08-20T09:32Z,llorenç serred,533822,,12891
2026-08-20T09:32Z,diego ferrer,651339,,13876
2026-08-20T09:32Z,carlos puga,4962579,70,13982
2026-08-20T09:32Z,izan merino,5927091,80,13983
2026-08-20T09:32Z,jean ives valou,566181,20,14816
2026-08-20T09:32Z,kevin sanchez,842160,10,14876
2026-08-20T09:32Z,denis suarez,2367084,50,1778
2026-08-20T09:32Z,alberto calatrava,927472,,18029
2026-08-20T09:32Z,david soria,22039978,95,1919
2026-08-20T09:32Z,igor zubeldia,10346166,60,2802
2026-08-20T09:32Z,pierre-emerick aubameyang,38507025,90,3414
2026-08-20T09:32Z,marko dmitrovic,39277920,95,3759
2026-08-20T09:32Z,juan musso,4056137,5,5942
2026-08-20T09:32Z,ionut radu,37095939,90,5978
2026-08-20T09:32Z,yuri berchiche,12311693,70,735
2026-08-20T09:32Z,aitor paredes,5477677,70,7916
2026-08-20T09:32Z,antonio blanco,14590188,90,8737
2026-08-20T09:32Z,cesar tarrega,9131344,80,9762
2026-08-20T09:32Z,jose alberto lopez,867231,,e168
2026-08-20T09:33Z,omar el hilali,10098553,80,10220
2026-08-20T09:33Z,karl etta eyong,24426515,50,10326
2026-08-20T09:33Z,manu bueno,742504,40,11180
2026-08-20T09:33Z,johnny cardoso,5320779,30,12647
2026-08-20T09:33Z,carlos espi,9774649,30,12870
2026-08-20T09:33Z,llorenç serred,533822,,12891
2026-08-20T09:33Z,diego ferrer,651339,,13876
2026-08-20T09:33Z,carlos puga,4962579,70,13982
2026-08-20T09:33Z,izan merino,5927091,80,13983
2026-08-20T09:33Z,jean ives valou,566181,20,14816
2026-08-20T09:33Z,kevin sanchez,842160,10,14876
2026-08-20T09:33Z,denis suarez,2367084,50,1778
2026-08-20T09:33Z,alberto calatrava,927472,,18029
2026-08-20T09:33Z,david soria,22039978,95,1919
2026-08-20T09:33Z,igor zubeldia,10346166,60,2802
2026-08-20T09:33Z,pierre-emerick aubameyang,38507025,90,3414
2026-08-20T09:33Z,marko dmitrovic,39277920,95,3759
2026-08-20T09:33Z,juan musso,4056137,5,5942
2026-08-20T09:33Z,ionut radu,37095939,90,5978
2026-08-20T09:33Z,yuri berchiche,12311693,70,735
2026-08-20T09:33Z,aitor paredes,5477677,70,7916
2026-08-20T09:33Z,antonio blanco,14590188,90,8737
2026-08-20T09:33Z,cesar tarrega,9131344,80,9762
2026-08-20T09:33Z,jose alberto lopez,867231,,e168
2026-08-20T09:34Z,omar el hilali,10098553,80,10220
2026-08-20T09:34Z,karl etta eyong,24426515,50,10326
2026-08-20T09:34Z,manu bueno,742504,40,11180
2026-08-20T09:34Z,johnny cardoso,5320779,30,12647
2026-08-20T09:34Z,carlos espi,9774649,30,12870
2026-08-20T09:34Z,llorenç serred,533822,,12891
2026-08-20T09:34Z,diego ferrer,651339,,13876
2026-08-20T09:34Z,carlos puga,4962579,70,13982
2026-08-20T09:34Z,izan merino,5927091,80,13983
2026-08-20T09:34Z,jean ives valou,566181,20,14816
2026-08-20T09:34Z,kevin sanchez,842160,10,14876
2026-08-20T09:34Z,denis suarez,2367084,50,1778
2026-08-20T09:34Z,alberto calatrava,927472,,18029
2026-08-20T09:34Z,david soria,22039978,95,1919
2026-08-20T09:34Z,igor zubeldia,10346166,60,2802
2026-08-20T09:34Z,pierre-emerick aubameyang,38507025,90,3414
2026-08-20T09:34Z,marko dmitrovic,39277920,95,3759
2026-08-20T09:34Z,juan musso,4056137,5,5942
2026-08-20T09:34Z,ionut radu,37095939,90,5978
2026-08-20T09:34Z,yuri berchiche,12311693,70,735
2026-08-20T09:34Z,aitor paredes,5477677,70,7916
2026-08-20T09:34Z,antonio blanco,14590188,90,8737
2026-08-20T09:34Z,cesar tarrega,9131344,80,9762
2026-08-20T09:34Z,jose alberto lopez,867231,,e168
2026-08-20T07:00Z,omar el hilali,10098553,80,10220
2026-08-20T07:00Z,karl etta eyong,24426515,50,10326
2026-08-20T07:00Z,manu bueno,742504,40,11180
2026-08-20T07:00Z,johnny cardoso,5320779,30,12647
2026-08-20T07:00Z,carlos espi,9774649,30,12870
2026-08-20T07:00Z,llorenç serred,533822,,12891
2026-08-20T07:00Z,diego ferrer,651339,,13876
2026-08-20T07:00Z,carlos puga,4962579,70,13982
2026-08-20T07:00Z,izan merino,5927091,80,13983
2026-08-20T07:00Z,jean ives valou,566181,20,14816
2026-08-20T07:00Z,kevin sanchez,842160,10,14876
2026-08-20T07:00Z,denis suarez,2367084,50,1778
2026-08-20T07:00Z,alberto calatrava,927472,,18029
2026-08-20T07:00Z,david soria,22039978,95,1919
2026-08-20T07:00Z,igor zubeldia,10346166,60,2802
2026-08-20T07:00Z,pierre-emerick aubameyang,38507025,90,3414
2026-08-20T07:00Z,marko dmitrovic,39277920,95,3759
2026-08-20T07:00Z,juan musso,4056137,5,5942
2026-08-20T07:00Z,ionut radu,37095939,90,5978
2026-08-20T07:00Z,yuri berchiche,12311693,70,735
2026-08-20T07:00Z,aitor paredes,5477677,70,7916
2026-08-20T07:00Z,antonio blanco,14590188,90,8737
2026-08-20T07:00Z,cesar tarrega,9131344,80,9762
2026-08-20T07:00Z,jose alberto lopez,867231,,e168
2026-08-20T07:00Z,omar el hilali,10098553,80,10220
2026-08-20T07:00Z,karl etta eyong,24426515,50,10326
2026-08-20T07:00Z,manu bueno,742504,40,11180
2026-08-20T07:00Z,johnny cardoso,5320779,30,12647
2026-08-20T07:00Z,carlos espi,9774649,30,12870
2026-08-20T07:00Z,llorenç serred,533822,,12891
2026-08-20T07:00Z,diego ferrer,651339,,13876
2026-08-20T07:00Z,carlos puga,4962579,70,13982
2026-08-20T07:00Z,izan merino,5927091,80,13983
2026-08-20T07:00Z,jean ives valou,566181,20,14816
2026-08-20T07:00Z,kevin sanchez,842160,10,14876
2026-08-20T07:00Z,denis suarez,2367084,50,1778
2026-08-20T07:00Z,alberto calatrava,927472,,18029
2026-08-20T07:00Z,david soria,22039978,95,1919
2026-08-20T07:00Z,igor zubeldia,10346166,60,2802
2026-08-20T07:00Z,pierre-emerick aubameyang,38507025,90,3414
2026-08-20T07:00Z,marko dmitrovic,39277920,95,3759
2026-08-20T07:00Z,juan musso,4056137,5,5942
2026-08-20T07:00Z,ionut radu,37095939,90,5978
2026-08-20T07:00Z,yuri berchiche,12311693,70,735
2026-08-20T07:00Z,aitor paredes,5477677,70,7916
2026-08-20T07:00Z,antonio blanco,14590188,90,8737
2026-08-20T07:00Z,cesar tarrega,9131344,80,9762
2026-08-20T07:00Z,jose alberto lopez,867231,,e168
2026-08-20T09:36Z,omar el hilali,10098553,80,10220
2026-08-20T09:36Z,karl etta eyong,24426515,50,10326
2026-08-20T09:36Z,manu bueno,742504,40,11180
2026-08-20T09:36Z,johnny cardoso,5320779,30,12647
2026-08-20T09:36Z,carlos espi,9774649,30,12870
2026-08-20T09:36Z,llorenç serred,533822,,12891
2026-08-20T09:36Z,diego ferrer,651339,,13876
2026-08-20T09:36Z,carlos puga,4962579,70,13982
2026-08-20T09:36Z,izan merino,5927091,80,13983
2026-08-20T09:36Z,jean ives valou,566181,20,14816
2026-08-20T09:36Z,kevin sanchez,842160,10,14876
2026-08-20T09:36Z,denis suarez,2367084,50,1778
2026-08-20T09:36Z,alberto calatrava,927472,,18029
2026-08-20T09:36Z,david soria,22039978,95,1919
2026-08-20T09:36Z,igor zubeldia,10346166,60,2802
2026-08-20T09:36Z,pierre-emerick aubameyang,38507025,90,3414
2026-08-20T09:36Z,marko dmitrovic,39277920,95,3759
2026-08-20T09:36Z,juan musso,4056137,5,5942
2026-08-20T09:36Z,ionut radu,37095939,90,5978
2026-08-20T09:36Z,yuri berchiche,12311693,70,735
2026-08-20T09:36Z,aitor paredes,5477677,70,7916
2026-08-20T09:36Z,antonio blanco,14590188,90,8737
2026-08-20T09:36Z,cesar tarrega,9131344,80,9762
2026-08-20T09:36Z,jose alberto lopez,867231,,e168
2026-08-20T09:36Z,omar el hilali,10098553,80,10220
2026-08-20T09:36Z,karl etta eyong,24426515,50,10326
2026-08-20T09:36Z,manu bueno,742504,40,11180
2026-08-20T09:36Z,johnny cardoso,5320779,30,12647
2026-08-20T09:36Z,carlos espi,9774649,30,12870
2026-08-20T09:36Z,llorenç serred,533822,,12891
2026-08-20T09:36Z,diego ferrer,651339,,13876
2026-08-20T09:36Z,carlos puga,4962579,70,13982
2026-08-20T09:36Z,izan merino,5927091,80,13983
2026-08-20T09:36Z,jean ives valou,566181,20,14816
2026-08-20T09:36Z,kevin sanchez,842160,10,14876
2026-08-20T09:36Z,denis suarez,2367084,50,1778
2026-08-20T09:36Z,alberto calatrava,927472,,18029
2026-08-20T09:36Z,david soria,22039978,95,1919
2026-08-20T09:36Z,igor zubeldia,10346166,60,2802
2026-08-20T09:36Z,pierre-emerick aubameyang,38507025,90,3414
2026-08-20T09:36Z,marko dmitrovic,39277920,95,3759
2026-08-20T09:36Z,juan musso,4056137,5,5942
2026-08-20T09:36Z,ionut radu,37095939,90,5978
2026-08-20T09:36Z,yuri berchiche,12311693,70,735
2026-08-20T09:36Z,aitor paredes,5477677,70,7916
2026-08-20T09:36Z,antonio blanco,14590188,90,8737
2026-08-20T09:36Z,cesar tarrega,9131344,80,9762
2026-08-20T09:36Z,jose alberto lopez,867231,,e168
2026-08-20T11:10Z,omar el hilali,10098553,80,10220
2026-08-20T11:10Z,karl etta eyong,24426515,50,10326
2026-08-20T11:10Z,manu bueno,742504,40,11180
2026-08-20T11:10Z,johnny cardoso,5320779,30,12647
2026-08-20T11:10Z,carlos espi,9774649,30,12870
2026-08-20T11:10Z,llorenç serred,533822,,12891
2026-08-20T11:10Z,diego ferrer,651339,,13876
2026-08-20T11:10Z,carlos puga,4962579,70,13982
2026-08-20T11:10Z,izan merino,5927091,80,13983
2026-08-20T11:10Z,jean ives valou,566181,20,14816
2026-08-20T11:10Z,kevin sanchez,842160,10,14876
2026-08-20T11:10Z,denis suarez,2367084,50,1778
2026-08-20T11:10Z,alberto calatrava,927472,,18029
2026-08-20T11:10Z,david soria,22039978,95,1919
2026-08-20T11:10Z,igor zubeldia,10346166,60,2802
2026-08-20T11:10Z,pierre-emerick aubameyang,38507025,90,3414
2026-08-20T11:10Z,marko dmitrovic,39277920,95,3759
2026-08-20T11:10Z,juan musso,4056137,5,5942
2026-08-20T11:10Z,ionut radu,37095939,90,5978
2026-08-20T11:10Z,yuri berchiche,12311693,70,735
2026-08-20T11:10Z,aitor paredes,5477677,70,7916
2026-08-20T11:10Z,antonio blanco,14590188,90,8737
2026-08-20T11:10Z,cesar tarrega,9131344,80,9762
2026-08-20T11:10Z,jose alberto lopez,867231,,e168
2026-08-20T07:00Z,omar el hilali,10098553,80,10220
2026-08-20T07:00Z,karl etta eyong,24426515,50,10326
2026-08-20T07:00Z,manu bueno,742504,40,11180
2026-08-20T07:00Z,johnny cardoso,5320779,30,12647
2026-08-20T07:00Z,carlos espi,9774649,30,12870
2026-08-20T07:00Z,llorenç serred,533822,,12891
2026-08-20T07:00Z,diego ferrer,651339,,13876
2026-08-20T07:00Z,carlos puga,4962579,70,13982
2026-08-20T07:00Z,izan merino,5927091,80,13983
2026-08-20T07:00Z,jean ives valou,566181,20,14816
2026-08-20T07:00Z,kevin sanchez,842160,10,14876
2026-08-20T07:00Z,denis suarez,2367084,50,1778
2026-08-20T07:00Z,alberto calatrava,927472,,18029
2026-08-20T07:00Z,david soria,22039978,95,1919
2026-08-20T07:00Z,igor zubeldia,10346166,60,2802
2026-08-20T07:00Z,pierre-emerick aubameyang,38507025,90,3414
2026-08-20T07:00Z,marko dmitrovic,39277920,95,3759
2026-08-20T07:00Z,juan musso,4056137,5,5942
2026-08-20T07:00Z,ionut radu,37095939,90,5978
2026-08-20T07:00Z,yuri berchiche,12311693,70,735
2026-08-20T07:00Z,aitor paredes,5477677,70,7916
2026-08-20T07:00Z,antonio blanco,14590188,90,8737
2026-08-20T07:00Z,cesar tarrega,9131344,80,9762
2026-08-20T07:00Z,jose alberto lopez,867231,,e168
2026-08-20T07:00Z,omar el hilali,10098553,80,10220
2026-08-20T07:00Z,karl etta eyong,24426515,50,10326
2026-08-20T07:00Z,manu bueno,742504,40,11180
2026-08-20T07:00Z,johnny cardoso,5320779,30,12647
2026-08-20T07:00Z,carlos espi,9774649,30,12870
2026-08-20T07:00Z,llorenç serred,533822,,12891
2026-08-20T07:00Z,diego ferrer,651339,,13876
2026-08-20T07:00Z,carlos puga,4962579,70,13982
2026-08-20T07:00Z,izan merino,5927091,80,13983
2026-08-20T07:00Z,jean ives valou,566181,20,14816
2026-08-20T07:00Z,kevin sanchez,842160,10,14876
2026-08-20T07:00Z,denis suarez,2367084,50,1778
2026-08-20T07:00Z,alberto calatrava,927472,,18029
2026-08-20T07:00Z,david soria,22039978,95,1919
2026-08-20T07:00Z,igor zubeldia,10346166,60,2802
2026-08-20T07:00Z,pierre-emerick aubameyang,38507025,90,3414
2026-08-20T07:00Z,marko dmitrovic,39277920,95,3759
2026-08-20T07:00Z,juan musso,4056137,5,5942
2026-08-20T07:00Z,ionut radu,37095939,90,5978
2026-08-20T07:00Z,yuri berchiche,12311693,70,735
2026-08-20T07:00Z,aitor paredes,5477677,70,7916
2026-08-20T07:00Z,antonio blanco,14590188,90,8737
2026-08-20T07:00Z,cesar tarrega,9131344,80,9762
2026-08-20T07:00Z,jose alberto lopez,867231,,e168
2026-08-20T11:12Z,omar el hilali,10098553,80,10220
2026-08-20T11:12Z,karl etta eyong,24426515,50,10326
2026-08-20T11:12Z,manu bueno,742504,40,11180
2026-08-20T11:12Z,johnny cardoso,5320779,30,12647
2026-08-20T11:12Z,carlos espi,9774649,30,12870
2026-08-20T11:12Z,llorenç serred,533822,,12891
2026-08-20T11:12Z,diego ferrer,651339,,13876
2026-08-20T11:12Z,carlos puga,4962579,70,13982
2026-08-20T11:12Z,izan merino,5927091,80,13983
2026-08-20T11:12Z,jean ives valou,566181,20,14816
2026-08-20T11:12Z,kevin sanchez,842160,10,14876
2026-08-20T11:12Z,denis suarez,2367084,50,1778
2026-08-20T11:12Z,alberto calatrava,927472,,18029
2026-08-20T11:12Z,david soria,22039978,95,1919
2026-08-20T11:12Z,igor zubeldia,10346166,60,2802
2026-08-20T11:12Z,pierre-emerick aubameyang,38507025,90,3414
2026-08-20T11:12Z,marko dmitrovic,39277920,95,3759
2026-08-20T11:12Z,juan musso,4056137,5,5942
2026-08-20T11:12Z,ionut radu,37095939,90,5978
2026-08-20T11:12Z,yuri berchiche,12311693,70,735
2026-08-20T11:12Z,aitor paredes,5477677,70,7916
2026-08-20T11:12Z,antonio blanco,14590188,90,8737
2026-08-20T11:12Z,cesar tarrega,9131344,80,9762
2026-08-20T11:12Z,jose alberto lopez,867231,,e168
2026-08-20T11:30Z,omar el hilali,10098553,80,10220
2026-08-20T11:30Z,karl etta eyong,24426515,50,10326
2026-08-20T11:30Z,manu bueno,742504,40,11180
2026-08-20T11:30Z,johnny cardoso,5320779,30,12647
2026-08-20T11:30Z,carlos espi,9774649,30,12870
2026-08-20T11:30Z,llorenç serred,533822,,12891
2026-08-20T11:30Z,diego ferrer,651339,,13876
2026-08-20T11:30Z,carlos puga,4962579,70,13982
2026-08-20T11:30Z,izan merino,5927091,80,13983
2026-08-20T11:30Z,jean ives valou,566181,20,14816
2026-08-20T11:30Z,kevin sanchez,842160,10,14876
2026-08-20T11:30Z,denis suarez,2367084,50,1778
2026-08-20T11:30Z,alberto calatrava,927472,,18029
2026-08-20T11:30Z,david soria,22039978,95,1919
2026-08-20T11:30Z,igor zubeldia,10346166,60,2802
2026-08-20T11:30Z,pierre-emerick aubameyang,38507025,90,3414
2026-08-20T11:30Z,marko dmitrovic,39277920,95,3759
2026-08-20T11:30Z,juan musso,4056137,5,5942
2026-08-20T11:30Z,ionut radu,37095939,90,5978
2026-08-20T11:30Z,yuri berchiche,12311693,70,735
2026-08-20T11:30Z,aitor paredes,5477677,70,7916
2026-08-20T11:30Z,antonio blanco,14590188,90,8737
2026-08-20T11:30Z,cesar tarrega,9131344,80,9762
2026-08-20T11:30Z,jose alberto lopez,867231,,e168
2026-08-20T11:39Z,omar el hilali,10098553,80,10220
2026-08-20T11:39Z,karl etta eyong,24426515,50,10326
2026-08-20T11:39Z,manu bueno,742504,40,11180
2026-08-20T11:39Z,johnny cardoso,5320779,30,12647
2026-08-20T11:39Z,carlos espi,9774649,30,12870
2026-08-20T11:39Z,llorenç serred,533822,,12891
2026-08-20T11:39Z,diego ferrer,651339,,13876
2026-08-20T11:39Z,carlos puga,4962579,70,13982
2026-08-20T11:39Z,izan merino,5927091,80,13983
2026-08-20T11:39Z,jean ives valou,566181,20,14816
2026-08-20T11:39Z,kevin sanchez,842160,10,14876
2026-08-20T11:39Z,denis suarez,2367084,50,1778
2026-08-20T11:39Z,alberto calatrava,927472,,18029
2026-08-20T11:39Z,david soria,22039978,95,1919
2026-08-20T11:39Z,igor zubeldia,10346166,60,2802
2026-08-20T11:39Z,pierre-emerick aubameyang,38507025,90,3414
2026-08-20T11:39Z,marko dmitrovic,39277920,95,3759
2026-08-20T11:39Z,juan musso,4056137,5,5942
2026-08-20T11:39Z,ionut radu,37095939,90,5978
2026-08-20T11:39Z,yuri berchiche,12311693,70,735
2026-08-20T11:39Z,aitor paredes,5477677,70,7916
2026-08-20T11:39Z,antonio blanco,14590188,90,8737
2026-08-20T11:39Z,cesar tarrega,9131344,80,9762
2026-08-20T11:39Z,jose alberto lopez,867231,,e168
2026-08-20T11:45Z,omar el hilali,10098553,80,10220
2026-08-20T11:45Z,karl etta eyong,24426515,50,10326
2026-08-20T11:45Z,manu bueno,742504,40,11180
2026-08-20T11:45Z,johnny cardoso,5320779,30,12647
2026-08-20T11:45Z,carlos espi,9774649,30,12870
2026-08-20T11:45Z,llorenç serred,533822,,12891
2026-08-20T11:45Z,diego ferrer,651339,,13876
2026-08-20T11:45Z,carlos puga,4962579,70,13982
2026-08-20T11:45Z,izan merino,5927091,80,13983
2026-08-20T11:45Z,jean ives valou,566181,20,14816
2026-08-20T11:45Z,kevin sanchez,842160,10,14876
2026-08-20T11:45Z,denis suarez,2367084,50,1778
2026-08-20T11:45Z,alberto calatrava,927472,,18029
2026-08-20T11:45Z,david soria,22039978,95,1919
2026-08-20T11:45Z,igor zubeldia,10346166,60,2802
2026-08-20T11:45Z,pierre-emerick aubameyang,38507025,90,3414
2026-08-20T11:45Z,marko dmitrovic,39277920,95,3759
2026-08-20T11:45Z,juan musso,4056137,5,5942
2026-08-20T11:45Z,ionut radu,37095939,90,5978
2026-08-20T11:45Z,yuri berchiche,12311693,70,735
2026-08-20T11:45Z,aitor paredes,5477677,70,7916
2026-08-20T11:45Z,antonio blanco,14590188,90,8737
2026-08-20T11:45Z,cesar tarrega,9131344,80,9762
2026-08-20T11:45Z,jose alberto lopez,867231,,e168
2026-08-20T11:52Z,omar el hilali,10098553,80,10220
2026-08-20T11:52Z,karl etta eyong,24426515,50,10326
2026-08-20T11:52Z,manu bueno,742504,40,11180
2026-08-20T11:52Z,johnny cardoso,5320779,30,12647
2026-08-20T11:52Z,carlos espi,9774649,30,12870
2026-08-20T11:52Z,llorenç serred,533822,,12891
2026-08-20T11:52Z,diego ferrer,651339,,13876
2026-08-20T11:52Z,carlos puga,4962579,70,13982
2026-08-20T11:52Z,izan merino,5927091,80,13983
2026-08-20T11:52Z,jean ives valou,566181,20,14816
2026-08-20T11:52Z,kevin sanchez,842160,10,14876
2026-08-20T11:52Z,denis suarez,2367084,50,1778
2026-08-20T11:52Z,alberto calatrava,927472,,18029
2026-08-20T11:52Z,david soria,22039978,95,1919
2026-08-20T11:52Z,igor zubeldia,10346166,60,2802
2026-08-20T11:52Z,pierre-emerick aubameyang,38507025,90,3414
2026-08-20T11:52Z,marko dmitrovic,39277920,95,3759
2026-08-20T11:52Z,juan musso,4056137,5,5942
2026-08-20T11:52Z,ionut radu,37095939,90,5978
2026-08-20T11:52Z,yuri berchiche,12311693,70,735
2026-08-20T11:52Z,aitor paredes,5477677,70,7916
2026-08-20T11:52Z,antonio blanco,14590188,90,8737
2026-08-20T11:52Z,cesar tarrega,9131344,80,9762
2026-08-20T11:52Z,jose alberto lopez,867231,,e168
2026-08-20T12:49Z,omar el hilali,10098553,80,10220
2026-08-20T12:49Z,karl etta eyong,24426515,50,10326
2026-08-20T12:49Z,manu bueno,742504,40,11180
2026-08-20T12:49Z,johnny cardoso,5320779,30,12647
2026-08-20T12:49Z,carlos espi,9774649,30,12870
2026-08-20T12:49Z,llorenç serred,533822,,12891
2026-08-20T12:49Z,diego ferrer,651339,,13876
2026-08-20T12:49Z,carlos puga,4962579,70,13982
2026-08-20T12:49Z,izan merino,5927091,80,13983
2026-08-20T12:49Z,jean ives valou,566181,20,14816
2026-08-20T12:49Z,kevin sanchez,842160,10,14876
2026-08-20T12:49Z,denis suarez,2367084,50,1778
2026-08-20T12:49Z,alberto calatrava,927472,,18029
2026-08-20T12:49Z,david soria,22039978,95,1919
2026-08-20T12:49Z,igor zubeldia,10346166,60,2802
2026-08-20T12:49Z,pierre-emerick aubameyang,38507025,90,3414
2026-08-20T12:49Z,marko dmitrovic,39277920,95,3759
2026-08-20T12:49Z,juan musso,4056137,5,5942
2026-08-20T12:49Z,ionut radu,37095939,90,5978
2026-08-20T12:49Z,yuri berchiche,12311693,70,735
2026-08-20T12:49Z,aitor paredes,5477677,70,7916
2026-08-20T12:49Z,antonio blanco,14590188,90,8737
2026-08-20T12:49Z,cesar tarrega,9131344,80,9762
2026-08-20T12:49Z,jose alberto lopez,867231,,e168
2026-08-20T14:11Z,omar el hilali,10098553,80,10220
2026-08-20T14:11Z,karl etta eyong,24426515,50,10326
2026-08-20T14:11Z,manu bueno,742504,40,11180
2026-08-20T14:11Z,johnny cardoso,5320779,30,12647
2026-08-20T14:11Z,carlos espi,9774649,30,12870
2026-08-20T14:11Z,llorenç serred,533822,,12891
2026-08-20T14:11Z,diego ferrer,651339,,13876
2026-08-20T14:11Z,carlos puga,4962579,70,13982
2026-08-20T14:11Z,izan merino,5927091,80,13983
2026-08-20T14:11Z,jean ives valou,566181,20,14816
2026-08-20T14:11Z,kevin sanchez,842160,10,14876
2026-08-20T14:11Z,denis suarez,2367084,50,1778
2026-08-20T14:11Z,alberto calatrava,927472,,18029
2026-08-20T14:11Z,david soria,22039978,95,1919
2026-08-20T14:11Z,igor zubeldia,10346166,60,2802
2026-08-20T14:11Z,pierre-emerick aubameyang,38507025,90,3414
2026-08-20T14:11Z,marko dmitrovic,39277920,95,3759
2026-08-20T14:11Z,juan musso,4056137,5,5942
2026-08-20T14:11Z,ionut radu,37095939,90,5978
2026-08-20T14:11Z,yuri berchiche,12311693,70,735
2026-08-20T14:11Z,aitor paredes,5477677,70,7916
2026-08-20T14:11Z,antonio blanco,14590188,90,8737
2026-08-20T14:11Z,cesar tarrega,9131344,80,9762
2026-08-20T14:11Z,jose alberto lopez,867231,,e168
2026-08-20T14:28Z,omar el hilali,10098553,80,10220
2026-08-20T14:28Z,karl etta eyong,24426515,50,10326
2026-08-20T14:28Z,manu bueno,742504,40,11180
2026-08-20T14:28Z,johnny cardoso,5320779,30,12647
2026-08-20T14:28Z,carlos espi,9774649,30,12870
2026-08-20T14:28Z,llorenç serred,533822,,12891
2026-08-20T14:28Z,diego ferrer,651339,,13876
2026-08-20T14:28Z,carlos puga,4962579,70,13982
2026-08-20T14:28Z,izan merino,5927091,80,13983
2026-08-20T14:28Z,jean ives valou,566181,20,14816
2026-08-20T14:28Z,kevin sanchez,842160,10,14876
2026-08-20T14:28Z,denis suarez,2367084,50,1778
2026-08-20T14:28Z,alberto calatrava,927472,,18029
2026-08-20T14:28Z,david soria,22039978,95,1919
2026-08-20T14:28Z,igor zubeldia,10346166,60,2802
2026-08-20T14:28Z,pierre-emerick aubameyang,38507025,90,3414
2026-08-20T14:28Z,marko dmitrovic,39277920,95,3759
2026-08-20T14:28Z,juan musso,4056137,5,5942
2026-08-20T14:28Z,ionut radu,37095939,90,5978
2026-08-20T14:28Z,yuri berchiche,12311693,70,735
2026-08-20T14:28Z,aitor paredes,5477677,70,7916
2026-08-20T14:28Z,antonio blanco,14590188,90,8737
2026-08-20T14:28Z,cesar tarrega,9131344,80,9762
2026-08-20T14:28Z,jose alberto lopez,867231,,e168
2026-08-20T14:49Z,omar el hilali,10098553,80,10220
2026-08-20T14:49Z,karl etta eyong,24426515,50,10326
2026-08-20T14:49Z,manu bueno,742504,40,11180
2026-08-20T14:49Z,johnny cardoso,5320779,30,12647
2026-08-20T14:49Z,carlos espi,9774649,30,12870
2026-08-20T14:49Z,llorenç serred,533822,,12891
2026-08-20T14:49Z,diego ferrer,651339,,13876
2026-08-20T14:49Z,carlos puga,4962579,70,13982
2026-08-20T14:49Z,izan merino,5927091,80,13983
2026-08-20T14:49Z,jean ives valou,566181,20,14816
2026-08-20T14:49Z,kevin sanchez,842160,10,14876
2026-08-20T14:49Z,denis suarez,2367084,50,1778
2026-08-20T14:49Z,alberto calatrava,927472,,18029
2026-08-20T14:49Z,david soria,22039978,95,1919
2026-08-20T14:49Z,igor zubeldia,10346166,60,2802
2026-08-20T14:49Z,pierre-emerick aubameyang,38507025,90,3414
2026-08-20T14:49Z,marko dmitrovic,39277920,95,3759
2026-08-20T14:49Z,juan musso,4056137,5,5942
2026-08-20T14:49Z,ionut radu,37095939,90,5978
2026-08-20T14:49Z,yuri berchiche,12311693,70,735
2026-08-20T14:49Z,aitor paredes,5477677,70,7916
2026-08-20T14:49Z,antonio blanco,14590188,90,8737
2026-08-20T14:49Z,cesar tarrega,9131344,80,9762
2026-08-20T14:49Z,jose alberto lopez,867231,,e168
2026-08-20T15:17Z,omar el hilali,10098553,80,10220
2026-08-20T15:17Z,karl etta eyong,24426515,50,10326
2026-08-20T15:17Z,manu bueno,742504,40,11180
2026-08-20T15:17Z,johnny cardoso,5320779,30,12647
2026-08-20T15:17Z,carlos espi,9774649,30,12870
2026-08-20T15:17Z,llorenç serred,533822,,12891
2026-08-20T15:17Z,diego ferrer,651339,,13876
2026-08-20T15:17Z,carlos puga,4962579,70,13982
2026-08-20T15:17Z,izan merino,5927091,80,13983
2026-08-20T15:17Z,jean ives valou,566181,20,14816
2026-08-20T15:17Z,kevin sanchez,842160,10,14876
2026-08-20T15:17Z,denis suarez,2367084,50,1778
2026-08-20T15:17Z,alberto calatrava,927472,,18029
2026-08-20T15:17Z,david soria,22039978,95,1919
2026-08-20T15:17Z,igor zubeldia,10346166,60,2802
2026-08-20T15:17Z,pierre-emerick aubameyang,38507025,90,3414
2026-08-20T15:17Z,marko dmitrovic,39277920,95,3759
2026-08-20T15:17Z,juan musso,4056137,5,5942
2026-08-20T15:17Z,ionut radu,37095939,90,5978
2026-08-20T15:17Z,yuri berchiche,12311693,70,735
2026-08-20T15:17Z,aitor paredes,5477677,70,7916
2026-08-20T15:17Z,antonio blanco,14590188,90,8737
2026-08-20T15:17Z,cesar tarrega,9131344,80,9762
2026-08-20T15:17Z,jose alberto lopez,867231,,e168
2026-08-20T17:14Z,omar el hilali,10098553,80,10220
2026-08-20T17:14Z,karl etta eyong,24426515,50,10326
2026-08-20T17:14Z,manu bueno,742504,40,11180
2026-08-20T17:14Z,johnny cardoso,5320779,30,12647
2026-08-20T17:14Z,carlos espi,9774649,30,12870
2026-08-20T17:14Z,llorenç serred,533822,,12891
2026-08-20T17:14Z,diego ferrer,651339,,13876
2026-08-20T17:14Z,carlos puga,4962579,70,13982
2026-08-20T17:14Z,izan merino,5927091,80,13983
2026-08-20T17:14Z,jean ives valou,566181,20,14816
2026-08-20T17:14Z,kevin sanchez,842160,10,14876
2026-08-20T17:14Z,denis suarez,2367084,50,1778
2026-08-20T17:14Z,alberto calatrava,927472,,18029
2026-08-20T17:14Z,david soria,22039978,95,1919
2026-08-20T17:14Z,igor zubeldia,10346166,60,2802
2026-08-20T17:14Z,pierre-emerick aubameyang,38507025,90,3414
2026-08-20T17:14Z,marko dmitrovic,39277920,95,3759
2026-08-20T17:14Z,juan musso,4056137,5,5942
2026-08-20T17:14Z,ionut radu,37095939,90,5978
2026-08-20T17:14Z,yuri berchiche,12311693,70,735
2026-08-20T17:14Z,aitor paredes,5477677,70,7916
2026-08-20T17:14Z,antonio blanco,14590188,90,8737
2026-08-20T17:14Z,cesar tarrega,9131344,80,9762
2026-08-20T17:14Z,jose alberto lopez,867231,,e168
2026-08-20T17:48Z,omar el hilali,10098553,80,10220
2026-08-20T17:48Z,karl etta eyong,24426515,50,10326
2026-08-20T17:48Z,manu bueno,742504,40,11180
2026-08-20T17:48Z,johnny cardoso,5320779,30,12647
2026-08-20T17:48Z,carlos espi,9774649,30,12870
2026-08-20T17:48Z,llorenç serred,533822,,12891
2026-08-20T17:48Z,diego ferrer,651339,,13876
2026-08-20T17:48Z,carlos puga,4962579,70,13982
2026-08-20T17:48Z,izan merino,5927091,80,13983
2026-08-20T17:48Z,jean ives valou,566181,20,14816
2026-08-20T17:48Z,kevin sanchez,842160,10,14876
2026-08-20T17:48Z,denis suarez,2367084,50,1778
2026-08-20T17:48Z,alberto calatrava,927472,,18029
2026-08-20T17:48Z,david soria,22039978,95,1919
2026-08-20T17:48Z,igor zubeldia,10346166,60,2802
2026-08-20T17:48Z,pierre-emerick aubameyang,38507025,90,3414
2026-08-20T17:48Z,marko dmitrovic,39277920,95,3759
2026-08-20T17:48Z,juan musso,4056137,5,5942
2026-08-20T17:48Z,ionut radu,37095939,90,5978
2026-08-20T17:48Z,yuri berchiche,12311693,70,735
2026-08-20T17:48Z,aitor paredes,5477677,70,7916
2026-08-20T17:48Z,antonio blanco,14590188,90,8737
2026-08-20T17:48Z,cesar tarrega,9131344,80,9762
2026-08-20T17:48Z,jose alberto lopez,867231,,e168
2026-08-20T17:51Z,omar el hilali,10098553,80,10220
2026-08-20T17:51Z,karl etta eyong,24426515,50,10326
2026-08-20T17:51Z,manu bueno,742504,40,11180
2026-08-20T17:51Z,johnny cardoso,5320779,30,12647
2026-08-20T17:51Z,carlos espi,9774649,30,12870
2026-08-20T17:51Z,llorenç serred,533822,,12891
2026-08-20T17:51Z,diego ferrer,651339,,13876
2026-08-20T17:51Z,carlos puga,4962579,70,13982
2026-08-20T17:51Z,izan merino,5927091,80,13983
2026-08-20T17:51Z,jean ives valou,566181,20,14816
2026-08-20T17:51Z,kevin sanchez,842160,10,14876
2026-08-20T17:51Z,denis suarez,2367084,50,1778
2026-08-20T17:51Z,alberto calatrava,927472,,18029
2026-08-20T17:51Z,david soria,22039978,95,1919
2026-08-20T17:51Z,igor zubeldia,10346166,60,2802
2026-08-20T17:51Z,pierre-emerick aubameyang,38507025,90,3414
2026-08-20T17:51Z,marko dmitrovic,39277920,95,3759
2026-08-20T17:51Z,juan musso,4056137,5,5942
2026-08-20T17:51Z,ionut radu,37095939,90,5978
2026-08-20T17:51Z,yuri berchiche,12311693,70,735
2026-08-20T17:51Z,aitor paredes,5477677,70,7916
2026-08-20T17:51Z,antonio blanco,14590188,90,8737
2026-08-20T17:51Z,cesar tarrega,9131344,80,9762
2026-08-20T17:51Z,jose alberto lopez,867231,,e168
2026-08-20T18:17Z,omar el hilali,10098553,80,10220
2026-08-20T18:17Z,karl etta eyong,24426515,50,10326
2026-08-20T18:17Z,manu bueno,742504,40,11180
2026-08-20T18:17Z,johnny cardoso,5320779,30,12647
2026-08-20T18:17Z,carlos espi,9774649,30,12870
2026-08-20T18:17Z,llorenç serred,533822,,12891
2026-08-20T18:17Z,diego ferrer,651339,,13876
2026-08-20T18:17Z,carlos puga,4962579,70,13982
2026-08-20T18:17Z,izan merino,5927091,80,13983
2026-08-20T18:17Z,jean ives valou,566181,20,14816
2026-08-20T18:17Z,kevin sanchez,842160,10,14876
2026-08-20T18:17Z,denis suarez,2367084,50,1778
2026-08-20T18:17Z,alberto calatrava,927472,,18029
2026-08-20T18:17Z,david soria,22039978,95,1919
2026-08-20T18:17Z,igor zubeldia,10346166,60,2802
2026-08-20T18:17Z,pierre-emerick aubameyang,38507025,90,3414
2026-08-20T18:17Z,marko dmitrovic,39277920,95,3759
2026-08-20T18:17Z,juan musso,4056137,5,5942
2026-08-20T18:17Z,ionut radu,37095939,90,5978
2026-08-20T18:17Z,yuri berchiche,12311693,70,735
2026-08-20T18:17Z,aitor paredes,5477677,70,7916
2026-08-20T18:17Z,antonio blanco,14590188,90,8737
2026-08-20T18:17Z,cesar tarrega,9131344,80,9762
2026-08-20T18:17Z,jose alberto lopez,867231,,e168
2026-08-20T22:43Z,pablo barrios,42770333,70,10005
2026-08-20T22:43Z,omar el hilali,10451843,80,10220
2026-08-20T22:43Z,karl etta eyong,23999088,40,10326
2026-08-20T22:43Z,antonio sivera,34414159,95,1059
2026-08-20T22:43Z,juan cruz,14605740,50,10823
2026-08-20T22:43Z,santiago mouriño,35379303,70,11678
2026-08-20T22:43Z,johnny cardoso,5199691,30,12647
2026-08-20T22:43Z,carlos espi,9973776,30,12870
2026-08-20T22:43Z,javi rueda,4422008,60,13035
2026-08-20T22:43Z,carlos puga,4982023,70,13982
2026-08-20T22:43Z,izan merino,5852672,80,13983
2026-08-20T22:43Z,adama timera,622199,,17445
2026-08-20T22:43Z,denis suarez,2345882,50,1778
2026-08-20T22:43Z,igor zubeldia,10353067,60,2802
2026-08-20T22:43Z,kiko femenia,3427220,0,3178
2026-08-20T22:43Z,marko dmitrovic,39752821,95,3759
2026-08-20T22:43Z,santi comesaña,31255536,60,5549
2026-08-20T22:43Z,leandro cabrera,15085874,0,582
2026-08-20T22:43Z,ionut radu,36743791,90,5978
2026-08-20T22:43Z,javi galan,11268916,30,6487
2026-08-20T22:43Z,ruben garcia,14091107,60,660
2026-08-20T22:43Z,fernando niño,13543818,70,7081
2026-08-20T22:43Z,yuri berchiche,12393458,60,735
2026-08-20T22:43Z,alex baena,50746823,70,7645
2026-08-20T22:43Z,aitor paredes,5578206,70,7916
2026-08-20T22:43Z,antonio blanco,14554687,90,8737
2026-08-20T22:43Z,abde ezzalzouli,40470533,0,9750
2026-08-20T22:43Z,cesar tarrega,9130462,80,9762
2026-08-20T22:43Z,marc pubill,55301188,30,9823
2026-08-20T22:43Z,antonio hidalgo,1396837,,e170
2026-08-20T22:49Z,pablo barrios,42770333,70,10005
2026-08-20T22:49Z,omar el hilali,10451843,80,10220
2026-08-20T22:49Z,karl etta eyong,23999088,40,10326
2026-08-20T22:49Z,antonio sivera,34414159,95,1059
2026-08-20T22:49Z,juan cruz,14605740,50,10823
2026-08-20T22:49Z,santiago mouriño,35379303,70,11678
2026-08-20T22:49Z,johnny cardoso,5199691,30,12647
2026-08-20T22:49Z,carlos espi,9973776,30,12870
2026-08-20T22:49Z,javi rueda,4422008,60,13035
2026-08-20T22:49Z,carlos puga,4982023,70,13982
2026-08-20T22:49Z,izan merino,5852672,80,13983
2026-08-20T22:49Z,adama timera,622199,,17445
2026-08-20T22:49Z,denis suarez,2345882,50,1778
2026-08-20T22:49Z,igor zubeldia,10353067,60,2802
2026-08-20T22:49Z,kiko femenia,3427220,0,3178
2026-08-20T22:49Z,marko dmitrovic,39752821,95,3759
2026-08-20T22:49Z,santi comesaña,31255536,60,5549
2026-08-20T22:49Z,leandro cabrera,15085874,0,582
2026-08-20T22:49Z,ionut radu,36743791,90,5978
2026-08-20T22:49Z,javi galan,11268916,30,6487
2026-08-20T22:49Z,ruben garcia,14091107,60,660
2026-08-20T22:49Z,fernando niño,13543818,70,7081
2026-08-20T22:49Z,yuri berchiche,12393458,60,735
2026-08-20T22:49Z,alex baena,50746823,70,7645
2026-08-20T22:49Z,aitor paredes,5578206,70,7916
2026-08-20T22:49Z,antonio blanco,14554687,90,8737
2026-08-20T22:49Z,abde ezzalzouli,40470533,0,9750
2026-08-20T22:49Z,cesar tarrega,9130462,80,9762
2026-08-20T22:49Z,marc pubill,55301188,30,9823
2026-08-20T22:49Z,antonio hidalgo,1396837,,e170
2026-08-20T22:50Z,pablo barrios,42770333,70,10005
2026-08-20T22:50Z,omar el hilali,10451843,80,10220
2026-08-20T22:50Z,karl etta eyong,23999088,40,10326
2026-08-20T22:50Z,antonio sivera,34414159,95,1059
2026-08-20T22:50Z,juan cruz,14605740,50,10823
2026-08-20T22:50Z,santiago mouriño,35379303,70,11678
2026-08-20T22:50Z,johnny cardoso,5199691,30,12647
2026-08-20T22:50Z,carlos espi,9973776,30,12870
2026-08-20T22:50Z,javi rueda,4422008,60,13035
2026-08-20T22:50Z,carlos puga,4982023,70,13982
2026-08-20T22:50Z,izan merino,5852672,80,13983
2026-08-20T22:50Z,adama timera,622199,,17445
2026-08-20T22:50Z,denis suarez,2345882,50,1778
2026-08-20T22:50Z,igor zubeldia,10353067,60,2802
2026-08-20T22:50Z,kiko femenia,3427220,0,3178
2026-08-20T22:50Z,marko dmitrovic,39752821,95,3759
2026-08-20T22:50Z,santi comesaña,31255536,60,5549
2026-08-20T22:50Z,leandro cabrera,15085874,0,582
2026-08-20T22:50Z,ionut radu,36743791,90,5978
2026-08-20T22:50Z,javi galan,11268916,30,6487
2026-08-20T22:50Z,ruben garcia,14091107,60,660
2026-08-20T22:50Z,fernando niño,13543818,70,7081
2026-08-20T22:50Z,yuri berchiche,12393458,60,735
2026-08-20T22:50Z,alex baena,50746823,70,7645
2026-08-20T22:50Z,aitor paredes,5578206,70,7916
2026-08-20T22:50Z,antonio blanco,14554687,90,8737
2026-08-20T22:50Z,abde ezzalzouli,40470533,0,9750
2026-08-20T22:50Z,cesar tarrega,9130462,80,9762
2026-08-20T22:50Z,marc pubill,55301188,30,9823
2026-08-20T22:50Z,antonio hidalgo,1396837,,e170
2026-08-20T23:01Z,pablo barrios,41903161,70,10005
2026-08-20T23:01Z,omar el hilali,10451843,80,10220
2026-08-20T23:01Z,karl etta eyong,23999088,40,10326
2026-08-20T23:01Z,antonio sivera,34414159,95,1059
2026-08-20T23:01Z,juan cruz,14605740,50,10823
2026-08-20T23:01Z,santiago mouriño,36327449,70,11678
2026-08-20T23:01Z,johnny cardoso,5199691,30,12647
2026-08-20T23:01Z,carlos espi,9973776,30,12870
2026-08-20T23:01Z,javi rueda,4422008,60,13035
2026-08-20T23:01Z,carlos puga,4982023,70,13982
2026-08-20T23:01Z,izan merino,5852672,80,13983
2026-08-20T23:01Z,adama timera,622199,,17445
2026-08-20T23:01Z,denis suarez,2345882,50,1778
2026-08-20T23:01Z,igor zubeldia,10353067,60,2802
2026-08-20T23:01Z,kiko femenia,3427220,0,3178
2026-08-20T23:01Z,marko dmitrovic,39274445,95,3759
2026-08-20T23:01Z,santi comesaña,32090903,60,5549
2026-08-20T23:01Z,leandro cabrera,15085874,0,582
2026-08-20T23:01Z,ionut radu,36743791,90,5978
2026-08-20T23:01Z,javi galan,11380884,30,6487
2026-08-20T23:01Z,ruben garcia,14091107,60,660
2026-08-20T23:01Z,fernando niño,13796586,70,7081
2026-08-20T23:01Z,yuri berchiche,12393458,60,735
2026-08-20T23:01Z,alex baena,50261871,70,7645
2026-08-20T23:01Z,aitor paredes,5578206,70,7916
2026-08-20T23:01Z,antonio blanco,14589217,90,8737
2026-08-20T23:01Z,abde ezzalzouli,40470533,0,9750
2026-08-20T23:01Z,cesar tarrega,9130451,80,9762
2026-08-20T23:01Z,marc pubill,55301188,30,9823
2026-08-20T23:01Z,antonio hidalgo,1396837,,e170
2026-08-20T23:07Z,pablo barrios,41903161,70,10005
2026-08-20T23:07Z,omar el hilali,10451843,80,10220
2026-08-20T23:07Z,karl etta eyong,23999088,40,10326
2026-08-20T23:07Z,antonio sivera,34414159,95,1059
2026-08-20T23:07Z,juan cruz,14605740,50,10823
2026-08-20T23:07Z,santiago mouriño,36327449,70,11678
2026-08-20T23:07Z,johnny cardoso,5199691,30,12647
2026-08-20T23:07Z,carlos espi,9973776,30,12870
2026-08-20T23:07Z,javi rueda,4422008,60,13035
2026-08-20T23:07Z,carlos puga,4982023,70,13982
2026-08-20T23:07Z,izan merino,5852672,80,13983
2026-08-20T23:07Z,adama timera,622199,,17445
2026-08-20T23:07Z,denis suarez,2345882,50,1778
2026-08-20T23:07Z,igor zubeldia,10353067,60,2802
2026-08-20T23:07Z,kiko femenia,3427220,0,3178
2026-08-20T23:07Z,marko dmitrovic,39274445,95,3759
2026-08-20T23:07Z,santi comesaña,32090903,60,5549
2026-08-20T23:07Z,leandro cabrera,15085874,0,582
2026-08-20T23:07Z,ionut radu,36743791,90,5978
2026-08-20T23:07Z,javi galan,11380884,30,6487
2026-08-20T23:07Z,ruben garcia,14091107,60,660
2026-08-20T23:07Z,fernando niño,13796586,70,7081
2026-08-20T23:07Z,yuri berchiche,12393458,60,735
2026-08-20T23:07Z,alex baena,50261871,70,7645
2026-08-20T23:07Z,aitor paredes,5578206,70,7916
2026-08-20T23:07Z,antonio blanco,14589217,90,8737
2026-08-20T23:07Z,abde ezzalzouli,40470533,0,9750
2026-08-20T23:07Z,cesar tarrega,9130451,80,9762
2026-08-20T23:07Z,marc pubill,55301188,30,9823
2026-08-20T23:07Z,antonio hidalgo,1396837,,e170
2026-08-20T23:12Z,pablo barrios,41903161,70,10005
2026-08-20T23:12Z,omar el hilali,10451843,80,10220
2026-08-20T23:12Z,karl etta eyong,23999088,40,10326
2026-08-20T23:12Z,antonio sivera,34414159,95,1059
2026-08-20T23:12Z,juan cruz,14605740,50,10823
2026-08-20T23:12Z,santiago mouriño,36327449,70,11678
2026-08-20T23:12Z,johnny cardoso,5199691,30,12647
2026-08-20T23:12Z,carlos espi,9973776,30,12870
2026-08-20T23:12Z,javi rueda,4422008,60,13035
2026-08-20T23:12Z,carlos puga,4982023,70,13982
2026-08-20T23:12Z,izan merino,5852672,80,13983
2026-08-20T23:12Z,adama timera,622199,,17445
2026-08-20T23:12Z,denis suarez,2345882,50,1778
2026-08-20T23:12Z,igor zubeldia,10353067,60,2802
2026-08-20T23:12Z,kiko femenia,3427220,0,3178
2026-08-20T23:12Z,marko dmitrovic,39274445,95,3759
2026-08-20T23:12Z,santi comesaña,32090903,60,5549
2026-08-20T23:12Z,leandro cabrera,15085874,0,582
2026-08-20T23:12Z,ionut radu,36743791,90,5978
2026-08-20T23:12Z,javi galan,11380884,30,6487
2026-08-20T23:12Z,ruben garcia,14091107,60,660
2026-08-20T23:12Z,fernando niño,13796586,70,7081
2026-08-20T23:12Z,yuri berchiche,12393458,60,735
2026-08-20T23:12Z,alex baena,50261871,70,7645
2026-08-20T23:12Z,aitor paredes,5578206,70,7916
2026-08-20T23:12Z,antonio blanco,14589217,90,8737
2026-08-20T23:12Z,abde ezzalzouli,40470533,0,9750
2026-08-20T23:12Z,cesar tarrega,9130451,80,9762
2026-08-20T23:12Z,marc pubill,55301188,30,9823
2026-08-20T23:12Z,antonio hidalgo,1396837,,e170
2026-08-20T23:20Z,pablo barrios,41903161,70,10005
2026-08-20T23:20Z,omar el hilali,10451843,80,10220
2026-08-20T23:20Z,karl etta eyong,23999088,40,10326
2026-08-20T23:20Z,antonio sivera,34414159,95,1059
2026-08-20T23:20Z,juan cruz,14605740,50,10823
2026-08-20T23:20Z,santiago mouriño,36327449,70,11678
2026-08-20T23:20Z,johnny cardoso,5199691,30,12647
2026-08-20T23:20Z,carlos espi,9973776,30,12870
2026-08-20T23:20Z,javi rueda,4422008,60,13035
2026-08-20T23:20Z,carlos puga,4982023,70,13982
2026-08-20T23:20Z,izan merino,5852672,80,13983
2026-08-20T23:20Z,adama timera,622199,,17445
2026-08-20T23:20Z,denis suarez,2345882,50,1778
2026-08-20T23:20Z,igor zubeldia,10353067,60,2802
2026-08-20T23:20Z,kiko femenia,3427220,0,3178
2026-08-20T23:20Z,marko dmitrovic,39274445,95,3759
2026-08-20T23:20Z,santi comesaña,32090903,60,5549
2026-08-20T23:20Z,leandro cabrera,15085874,0,582
2026-08-20T23:20Z,ionut radu,36743791,90,5978
2026-08-20T23:20Z,javi galan,11380884,30,6487
2026-08-20T23:20Z,ruben garcia,14091107,60,660
2026-08-20T23:20Z,fernando niño,13796586,70,7081
2026-08-20T23:20Z,yuri berchiche,12393458,60,735
2026-08-20T23:20Z,alex baena,50261871,70,7645
2026-08-20T23:20Z,aitor paredes,5578206,70,7916
2026-08-20T23:20Z,antonio blanco,14589217,90,8737
2026-08-20T23:20Z,abde ezzalzouli,40470533,0,9750
2026-08-20T23:20Z,cesar tarrega,9130451,80,9762
2026-08-20T23:20Z,marc pubill,55301188,30,9823
2026-08-20T23:20Z,antonio hidalgo,1396837,,e170
2026-08-21T05:24Z,pablo barrios,42770333,70,10005
2026-08-21T05:24Z,omar el hilali,10451843,80,10220
2026-08-21T05:24Z,karl etta eyong,23999088,40,10326
2026-08-21T05:24Z,iñigo sainz-maza,679807,30,10338
2026-08-21T05:24Z,antonio sivera,34414159,95,1059
2026-08-21T05:24Z,juan cruz,14605740,50,10823
2026-08-21T05:24Z,santiago mouriño,35379303,70,11678
2026-08-21T05:24Z,johnny cardoso,5199691,30,12647
2026-08-21T05:24Z,carlos espi,9973776,30,12870
2026-08-21T05:24Z,javi rueda,4422008,60,13035
2026-08-21T05:24Z,sergio canales,25960607,80,132
2026-08-21T05:24Z,carlos puga,4982023,70,13982
2026-08-21T05:24Z,izan merino,5852672,80,13983
2026-08-21T05:24Z,adama timera,622199,,17445
2026-08-21T05:24Z,denis suarez,2345882,50,1778
2026-08-21T05:24Z,igor zubeldia,10353067,60,2802
2026-08-21T05:24Z,kiko femenia,3427220,0,3178
2026-08-21T05:24Z,marko dmitrovic,39752821,95,3759
2026-08-21T05:24Z,santi comesaña,31255536,60,5549
2026-08-21T05:24Z,leandro cabrera,15085874,0,582
2026-08-21T05:24Z,ionut radu,36743791,90,5978
2026-08-21T05:24Z,javi galan,11268916,30,6487
2026-08-21T05:24Z,ruben garcia,14091107,60,660
2026-08-21T05:24Z,diego javier llorente,12782327,50,707
2026-08-21T05:24Z,fernando niño,13543818,70,7081
2026-08-21T05:24Z,yuri berchiche,12393458,60,735
2026-08-21T05:24Z,alex baena,50746823,70,7645
2026-08-21T05:24Z,aitor paredes,5578206,70,7916
2026-08-21T05:24Z,antonio blanco,14554687,90,8737
2026-08-21T05:24Z,abde ezzalzouli,40470533,0,9750
2026-08-21T05:24Z,cesar tarrega,9130462,80,9762
2026-08-21T05:24Z,marc pubill,55301188,30,9823
2026-08-21T05:24Z,antonio hidalgo,1396837,,e170
2026-08-21T05:24Z,pablo barrios,42770333,70,10005
2026-08-21T05:24Z,omar el hilali,10451843,80,10220
2026-08-21T05:24Z,karl etta eyong,23999088,40,10326
2026-08-21T05:24Z,iñigo sainz-maza,679807,30,10338
2026-08-21T05:24Z,antonio sivera,34414159,95,1059
2026-08-21T05:24Z,juan cruz,14605740,50,10823
2026-08-21T05:24Z,santiago mouriño,35379303,70,11678
2026-08-21T05:24Z,johnny cardoso,5199691,30,12647
2026-08-21T05:24Z,carlos espi,9973776,30,12870
2026-08-21T05:24Z,javi rueda,4422008,60,13035
2026-08-21T05:24Z,sergio canales,25960607,80,132
2026-08-21T05:24Z,carlos puga,4982023,70,13982
2026-08-21T05:24Z,izan merino,5852672,80,13983
2026-08-21T05:24Z,adama timera,622199,,17445
2026-08-21T05:24Z,denis suarez,2345882,50,1778
2026-08-21T05:24Z,igor zubeldia,10353067,60,2802
2026-08-21T05:24Z,kiko femenia,3427220,0,3178
2026-08-21T05:24Z,marko dmitrovic,39752821,95,3759
2026-08-21T05:24Z,santi comesaña,31255536,60,5549
2026-08-21T05:24Z,leandro cabrera,15085874,0,582
2026-08-21T05:24Z,ionut radu,36743791,90,5978
2026-08-21T05:24Z,javi galan,11268916,30,6487
2026-08-21T05:24Z,ruben garcia,14091107,60,660
2026-08-21T05:24Z,diego javier llorente,12782327,50,707
2026-08-21T05:24Z,fernando niño,13543818,70,7081
2026-08-21T05:24Z,yuri berchiche,12393458,60,735
2026-08-21T05:24Z,alex baena,50746823,70,7645
2026-08-21T05:24Z,aitor paredes,5578206,70,7916
2026-08-21T05:24Z,antonio blanco,14554687,90,8737
2026-08-21T05:24Z,abde ezzalzouli,40470533,0,9750
2026-08-21T05:24Z,cesar tarrega,9130462,80,9762
2026-08-21T05:24Z,marc pubill,55301188,30,9823
2026-08-21T05:24Z,antonio hidalgo,1396837,,e170
2026-08-21T05:34Z,pablo barrios,42770333,70,10005
2026-08-21T05:34Z,omar el hilali,10451843,80,10220
2026-08-21T05:34Z,karl etta eyong,23999088,40,10326
2026-08-21T05:34Z,iñigo sainz-maza,679807,30,10338
2026-08-21T05:34Z,antonio sivera,34414159,95,1059
2026-08-21T05:34Z,juan cruz,14605740,50,10823
2026-08-21T05:34Z,santiago mouriño,35379303,70,11678
2026-08-21T05:34Z,johnny cardoso,5199691,30,12647
2026-08-21T05:34Z,carlos espi,9973776,30,12870
2026-08-21T05:34Z,javi rueda,4422008,60,13035
2026-08-21T05:34Z,sergio canales,25960607,80,132
2026-08-21T05:34Z,carlos puga,4982023,70,13982
2026-08-21T05:34Z,izan merino,5852672,80,13983
2026-08-21T05:34Z,adama timera,622199,,17445
2026-08-21T05:34Z,denis suarez,2345882,50,1778
2026-08-21T05:34Z,igor zubeldia,10353067,60,2802
2026-08-21T05:34Z,kiko femenia,3427220,0,3178
2026-08-21T05:34Z,marko dmitrovic,39752821,95,3759
2026-08-21T05:34Z,santi comesaña,31255536,60,5549
2026-08-21T05:34Z,leandro cabrera,15085874,0,582
2026-08-21T05:34Z,ionut radu,36743791,90,5978
2026-08-21T05:34Z,javi galan,11268916,30,6487
2026-08-21T05:34Z,ruben garcia,14091107,60,660
2026-08-21T05:34Z,diego javier llorente,12782327,50,707
2026-08-21T05:34Z,fernando niño,13543818,70,7081
2026-08-21T05:34Z,yuri berchiche,12393458,60,735
2026-08-21T05:34Z,alex baena,50746823,70,7645
2026-08-21T05:34Z,aitor paredes,5578206,70,7916
2026-08-21T05:34Z,antonio blanco,14554687,90,8737
2026-08-21T05:34Z,abde ezzalzouli,40470533,0,9750
2026-08-21T05:34Z,cesar tarrega,9130462,80,9762
2026-08-21T05:34Z,marc pubill,55301188,30,9823
2026-08-21T05:34Z,antonio hidalgo,1396837,,e170
2026-08-21T06:11Z,pablo barrios,42770333,70,10005
2026-08-21T06:11Z,omar el hilali,10451843,80,10220
2026-08-21T06:11Z,karl etta eyong,23999088,40,10326
2026-08-21T06:11Z,iñigo sainz-maza,679807,30,10338
2026-08-21T06:11Z,antonio sivera,34414159,95,1059
2026-08-21T06:11Z,juan cruz,14605740,50,10823
2026-08-21T06:11Z,santiago mouriño,35379303,70,11678
2026-08-21T06:11Z,johnny cardoso,5199691,30,12647
2026-08-21T06:11Z,carlos espi,9973776,30,12870
2026-08-21T06:11Z,javi rueda,4422008,60,13035
2026-08-21T06:11Z,sergio canales,25960607,80,132
2026-08-21T06:11Z,carlos puga,4982023,70,13982
2026-08-21T06:11Z,izan merino,5852672,80,13983
2026-08-21T06:11Z,adama timera,622199,,17445
2026-08-21T06:11Z,denis suarez,2345882,50,1778
2026-08-21T06:11Z,igor zubeldia,10353067,60,2802
2026-08-21T06:11Z,kiko femenia,3427220,0,3178
2026-08-21T06:11Z,marko dmitrovic,39752821,95,3759
2026-08-21T06:11Z,santi comesaña,31255536,60,5549
2026-08-21T06:11Z,leandro cabrera,15085874,0,582
2026-08-21T06:11Z,ionut radu,36743791,90,5978
2026-08-21T06:11Z,javi galan,11268916,30,6487
2026-08-21T06:11Z,ruben garcia,14091107,60,660
2026-08-21T06:11Z,diego javier llorente,12782327,50,707
2026-08-21T06:11Z,fernando niño,13543818,70,7081
2026-08-21T06:11Z,yuri berchiche,12393458,60,735
2026-08-21T06:11Z,alex baena,50746823,70,7645
2026-08-21T06:11Z,aitor paredes,5578206,70,7916
2026-08-21T06:11Z,antonio blanco,14554687,90,8737
2026-08-21T06:11Z,abde ezzalzouli,40470533,0,9750
2026-08-21T06:11Z,cesar tarrega,9130462,80,9762
2026-08-21T06:11Z,marc pubill,55301188,30,9823
2026-08-21T06:11Z,antonio hidalgo,1396837,,e170
2026-08-21T10:36Z,pablo barrios,42770333,70,10005
2026-08-21T10:36Z,omar el hilali,10451843,80,10220
2026-08-21T10:36Z,karl etta eyong,23999088,40,10326
2026-08-21T10:36Z,iñigo sainz-maza,679807,30,10338
2026-08-21T10:36Z,antonio sivera,34414159,95,1059
2026-08-21T10:36Z,juan cruz,14605740,50,10823
2026-08-21T10:36Z,santiago mouriño,35379303,70,11678
2026-08-21T10:36Z,johnny cardoso,5199691,30,12647
2026-08-21T10:36Z,carlos espi,9973776,30,12870
2026-08-21T10:36Z,javi rueda,4422008,60,13035
2026-08-21T10:36Z,sergio canales,25960607,80,132
2026-08-21T10:36Z,carlos puga,4982023,70,13982
2026-08-21T10:36Z,izan merino,5852672,80,13983
2026-08-21T10:36Z,adama timera,622199,,17445
2026-08-21T10:36Z,denis suarez,2345882,50,1778
2026-08-21T10:36Z,igor zubeldia,10353067,60,2802
2026-08-21T10:36Z,kiko femenia,3427220,0,3178
2026-08-21T10:36Z,marko dmitrovic,39752821,95,3759
2026-08-21T10:36Z,santi comesaña,31255536,60,5549
2026-08-21T10:36Z,leandro cabrera,15085874,0,582
2026-08-21T10:36Z,ionut radu,36743791,90,5978
2026-08-21T10:36Z,javi galan,11268916,30,6487
2026-08-21T10:36Z,ruben garcia,14091107,60,660
2026-08-21T10:36Z,diego javier llorente,12782327,50,707
2026-08-21T10:36Z,fernando niño,13543818,70,7081
2026-08-21T10:36Z,yuri berchiche,12393458,60,735
2026-08-21T10:36Z,alex baena,50746823,70,7645
2026-08-21T10:36Z,aitor paredes,5578206,70,7916
2026-08-21T10:36Z,antonio blanco,14554687,90,8737
2026-08-21T10:36Z,abde ezzalzouli,40470533,0,9750
2026-08-21T10:36Z,cesar tarrega,9130462,80,9762
2026-08-21T10:36Z,marc pubill,55301188,30,9823
2026-08-21T10:36Z,antonio hidalgo,1396837,,e170
2026-08-21T11:52Z,pablo barrios,42770333,70,10005
2026-08-21T11:52Z,omar el hilali,10451843,80,10220
2026-08-21T11:52Z,karl etta eyong,23999088,40,10326
2026-08-21T11:52Z,iñigo sainz-maza,679807,30,10338
2026-08-21T11:52Z,antonio sivera,34414159,95,1059
2026-08-21T11:52Z,tajon buchanan,16734174,30,10638
2026-08-21T11:52Z,juan cruz,14605740,50,10823
2026-08-21T11:52Z,santiago mouriño,35379303,70,11678
2026-08-21T11:52Z,johnny cardoso,5199691,30,12647
2026-08-21T11:52Z,carlos espi,9973776,30,12870
2026-08-21T11:52Z,javi rueda,4422008,60,13035
2026-08-21T11:52Z,sergio canales,25960607,80,132
2026-08-21T11:52Z,carlos puga,4982023,70,13982
2026-08-21T11:52Z,izan merino,5852672,80,13983
2026-08-21T11:52Z,adama timera,622199,,17445
2026-08-21T11:52Z,denis suarez,2345882,50,1778
2026-08-21T11:52Z,igor zubeldia,10353067,60,2802
2026-08-21T11:52Z,kiko femenia,3427220,0,3178
2026-08-21T11:52Z,marko dmitrovic,39752821,95,3759
2026-08-21T11:52Z,santi comesaña,31255536,60,5549
2026-08-21T11:52Z,leandro cabrera,15085874,0,582
2026-08-21T11:52Z,ionut radu,36743791,90,5978
2026-08-21T11:52Z,javi galan,11268916,30,6487
2026-08-21T11:52Z,ruben garcia,14091107,60,660
2026-08-21T11:52Z,diego javier llorente,12782327,50,707
2026-08-21T11:52Z,fernando niño,13543818,70,7081
2026-08-21T11:52Z,yuri berchiche,12393458,60,735
2026-08-21T11:52Z,alex baena,50746823,70,7645
2026-08-21T11:52Z,aitor paredes,5578206,70,7916
2026-08-21T11:52Z,antonio blanco,14554687,90,8737
2026-08-21T11:52Z,abde ezzalzouli,40470533,0,9750
2026-08-21T11:52Z,cesar tarrega,9130462,80,9762
2026-08-21T11:52Z,marc pubill,55301188,30,9823
2026-08-21T11:52Z,antonio hidalgo,1396837,,e170
2026-08-21T12:32Z,pablo barrios,42770333,70,10005
2026-08-21T12:32Z,omar el hilali,10451843,80,10220
2026-08-21T12:32Z,karl etta eyong,23999088,40,10326
2026-08-21T12:32Z,iñigo sainz-maza,679807,30,10338
2026-08-21T12:32Z,antonio sivera,34414159,95,1059
2026-08-21T12:32Z,tajon buchanan,16734174,30,10638
2026-08-21T12:32Z,juan cruz,14605740,50,10823
2026-08-21T12:32Z,santiago mouriño,35379303,70,11678
2026-08-21T12:32Z,johnny cardoso,5199691,30,12647
2026-08-21T12:32Z,carlos espi,9973776,30,12870
2026-08-21T12:32Z,javi rueda,4422008,60,13035
2026-08-21T12:32Z,sergio canales,25960607,80,132
2026-08-21T12:32Z,carlos puga,4982023,70,13982
2026-08-21T12:32Z,izan merino,5852672,80,13983
2026-08-21T12:32Z,adama timera,622199,,17445
2026-08-21T12:32Z,denis suarez,2345882,50,1778
2026-08-21T12:32Z,igor zubeldia,10353067,60,2802
2026-08-21T12:32Z,kiko femenia,3427220,0,3178
2026-08-21T12:32Z,santi comesaña,31255536,60,5549
2026-08-21T12:32Z,leandro cabrera,15085874,0,582
2026-08-21T12:32Z,ionut radu,36743791,90,5978
2026-08-21T12:32Z,javi galan,11268916,30,6487
2026-08-21T12:32Z,ruben garcia,14091107,60,660
2026-08-21T12:32Z,diego javier llorente,12782327,50,707
2026-08-21T12:32Z,fernando niño,13543818,70,7081
2026-08-21T12:32Z,yuri berchiche,12393458,60,735
2026-08-21T12:32Z,alex baena,50746823,70,7645
2026-08-21T12:32Z,aitor paredes,5578206,70,7916
2026-08-21T12:32Z,antonio blanco,14554687,90,8737
2026-08-21T12:32Z,abde ezzalzouli,40470533,0,9750
2026-08-21T12:32Z,cesar tarrega,9130462,80,9762
2026-08-21T12:32Z,marc pubill,55301188,30,9823
2026-08-21T12:32Z,antonio hidalgo,1396837,,e170
2026-08-21T13:47Z,pablo barrios,42770333,70,10005
2026-08-21T13:47Z,omar el hilali,10451843,80,10220
2026-08-21T13:47Z,karl etta eyong,23999088,40,10326
2026-08-21T13:47Z,iñigo sainz-maza,679807,30,10338
2026-08-21T13:47Z,antonio sivera,34414159,95,1059
2026-08-21T13:47Z,tajon buchanan,16734174,30,10638
2026-08-21T13:47Z,juan cruz,14605740,50,10823
2026-08-21T13:47Z,santiago mouriño,35379303,70,11678
2026-08-21T13:47Z,johnny cardoso,5199691,30,12647
2026-08-21T13:47Z,carlos espi,9973776,30,12870
2026-08-21T13:47Z,javi rueda,4422008,60,13035
2026-08-21T13:47Z,sergio canales,25960607,80,132
2026-08-21T13:47Z,carlos puga,4982023,70,13982
2026-08-21T13:47Z,izan merino,5852672,80,13983
2026-08-21T13:47Z,adama timera,622199,,17445
2026-08-21T13:47Z,denis suarez,2345882,50,1778
2026-08-21T13:47Z,igor zubeldia,10353067,60,2802
2026-08-21T13:47Z,kiko femenia,3427220,0,3178
2026-08-21T13:47Z,santi comesaña,31255536,60,5549
2026-08-21T13:47Z,leandro cabrera,15085874,0,582
2026-08-21T13:47Z,ionut radu,36743791,90,5978
2026-08-21T13:47Z,javi galan,11268916,30,6487
2026-08-21T13:47Z,ruben garcia,14091107,60,660
2026-08-21T13:47Z,diego javier llorente,12782327,50,707
2026-08-21T13:47Z,fernando niño,13543818,70,7081
2026-08-21T13:47Z,yuri berchiche,12393458,60,735
2026-08-21T13:47Z,alex baena,50746823,70,7645
2026-08-21T13:47Z,aitor paredes,5578206,70,7916
2026-08-21T13:47Z,antonio blanco,14554687,90,8737
2026-08-21T13:47Z,abde ezzalzouli,40470533,0,9750
2026-08-21T13:47Z,cesar tarrega,9130462,80,9762
2026-08-21T13:47Z,marc pubill,55301188,30,9823
2026-08-21T13:47Z,antonio hidalgo,1396837,,e170
2026-08-21T21:29Z,jonathan dubasin,13785028,40,10208
2026-08-21T21:29Z,omar el hilali,10451843,80,10220
2026-08-21T21:29Z,santiago mouriño,35379303,70,11678
2026-08-21T21:29Z,johnny cardoso,5199691,30,12647
2026-08-21T21:29Z,carlos espi,9973776,30,12870
2026-08-21T21:29Z,javi rueda,4422008,60,13035
2026-08-21T21:29Z,sergio canales,25960607,80,132
2026-08-21T21:29Z,carlos puga,4982023,70,13982
2026-08-21T21:29Z,izan merino,5852672,80,13983
2026-08-21T21:29Z,luiz junior,35937151,60,14125
2026-08-21T21:29Z,justin de haas,8870689,70,18018
2026-08-21T21:29Z,ezequiel ponce,1718431,30,2727
2026-08-21T21:29Z,igor zubeldia,10353067,100,2802
2026-08-21T21:29Z,daniel raba,1406663,0,3732
2026-08-21T21:29Z,marcao,581195,0,4208
2026-08-21T21:29Z,fernando calero,2455932,0,5553
2026-08-21T21:29Z,leandro cabrera,15085874,0,582
2026-08-21T21:29Z,ionut radu,36743791,90,5978
2026-08-21T21:29Z,randy nteka,1237620,30,6853
2026-08-21T21:29Z,diego javier llorente,12782327,0,707
2026-08-21T21:29Z,yuri berchiche,12393458,60,735
2026-08-21T21:29Z,nico serrano,786498,0,7920
2026-08-21T21:29Z,miguel rodriguez,2718884,10,8080
2026-08-21T21:29Z,antonio blanco,14554687,90,8737
2026-08-21T21:29Z,arsen zakharyan,904953,0,9011
2026-08-21T21:29Z,abde ezzalzouli,40470533,,9750
2026-08-21T21:29Z,alejandro iturbe,736771,10,9759
2026-08-21T21:29Z,cesar tarrega,9130462,80,9762
2026-08-21T21:29Z,manolo gonzalez,980035,,e105
2026-08-21T21:29Z,luis miguel ramis,1237215,,e123
2026-08-22T07:15Z,jonathan dubasin,13451605,40,10208
2026-08-22T07:15Z,santiago mouriño,34464778,70,11678
2026-08-22T07:15Z,carlos espi,10182989,30,12870
2026-08-22T07:15Z,javi rueda,4407631,60,13035
2026-08-22T07:15Z,sergio canales,26439859,80,132
2026-08-22T07:15Z,carlos puga,4982161,70,13982
2026-08-22T07:15Z,luiz junior,35588100,60,14125
2026-08-22T07:15Z,justin de haas,8729681,70,18018
2026-08-22T07:15Z,ezequiel ponce,1673990,30,2727
2026-08-22T07:15Z,daniel raba,1371776,0,3732
2026-08-22T07:15Z,marcao,574423,0,4208
2026-08-22T07:15Z,fernando calero,2385018,0,5553
2026-08-22T07:15Z,leandro cabrera,14650321,0,582
2026-08-22T07:15Z,ionut radu,36378011,90,5978
2026-08-22T07:15Z,randy nteka,1255625,30,6853
2026-08-22T07:15Z,diego javier llorente,12586758,50,707
2026-08-22T07:15Z,nico serrano,771514,0,7920
2026-08-22T07:15Z,miguel rodriguez,2638081,10,8080
2026-08-22T07:15Z,antonio blanco,14588917,90,8737
2026-08-22T07:15Z,arsen zakharyan,885231,30,9011
2026-08-22T07:15Z,abde ezzalzouli,39475136,10,9750
2026-08-22T07:15Z,alejandro iturbe,723776,10,9759
2026-08-22T07:15Z,manolo gonzalez,957310,,e105
2026-08-22T07:15Z,luis miguel ramis,1204202,,e123
2026-08-22T09:42Z,jonathan dubasin,13451605,40,10208
2026-08-22T09:42Z,santiago mouriño,34464778,70,11678
2026-08-22T09:42Z,carlos espi,10182989,30,12870
2026-08-22T09:42Z,javi rueda,4407631,60,13035
2026-08-22T09:42Z,sergio canales,26439859,80,132
2026-08-22T09:42Z,carlos puga,4982161,70,13982
2026-08-22T09:42Z,luiz junior,35588100,60,14125
2026-08-22T09:42Z,justin de haas,8729681,70,18018
2026-08-22T09:42Z,ezequiel ponce,1673990,30,2727
2026-08-22T09:42Z,daniel raba,1371776,0,3732
2026-08-22T09:42Z,marcao,574423,0,4208
2026-08-22T09:42Z,fernando calero,2385018,0,5553
2026-08-22T09:42Z,leandro cabrera,14650321,0,582
2026-08-22T09:42Z,ionut radu,36378011,90,5978
2026-08-22T09:42Z,randy nteka,1255625,30,6853
2026-08-22T09:42Z,diego javier llorente,12586758,50,707
2026-08-22T09:42Z,nico serrano,771514,0,7920
2026-08-22T09:42Z,miguel rodriguez,2638081,10,8080
2026-08-22T09:42Z,antonio blanco,14588917,90,8737
2026-08-22T09:42Z,arsen zakharyan,885231,30,9011
2026-08-22T09:42Z,abde ezzalzouli,39475136,10,9750
2026-08-22T09:42Z,alejandro iturbe,723776,10,9759
2026-08-22T09:42Z,manolo gonzalez,957310,,e105
2026-08-22T09:42Z,luis miguel ramis,1204202,,e123
2026-08-22T14:01Z,jonathan dubasin,13451605,40,10208
2026-08-22T14:01Z,santiago mouriño,34464778,70,11678
2026-08-22T14:01Z,carlos espi,10182989,30,12870
2026-08-22T14:01Z,javi rueda,4407631,60,13035
2026-08-22T14:01Z,sergio canales,26439859,80,132
2026-08-22T14:01Z,carlos puga,4982161,70,13982
2026-08-22T14:01Z,luiz junior,35588100,60,14125
2026-08-22T14:01Z,justin de haas,8729681,70,18018
2026-08-22T14:01Z,ezequiel ponce,1673990,30,2727
2026-08-22T14:01Z,daniel raba,1371776,0,3732
2026-08-22T14:01Z,marcao,574423,0,4208
2026-08-22T14:01Z,fernando calero,2385018,0,5553
2026-08-22T14:01Z,leandro cabrera,14650321,0,582
2026-08-22T14:01Z,ionut radu,36378011,90,5978
2026-08-22T14:01Z,randy nteka,1255625,30,6853
2026-08-22T14:01Z,diego javier llorente,12586758,50,707
2026-08-22T14:01Z,nico serrano,771514,0,7920
2026-08-22T14:01Z,miguel rodriguez,2638081,10,8080
2026-08-22T14:01Z,antonio blanco,14588917,90,8737
2026-08-22T14:01Z,arsen zakharyan,885231,30,9011
2026-08-22T14:01Z,abde ezzalzouli,39475136,10,9750
2026-08-22T14:01Z,alejandro iturbe,723776,10,9759
2026-08-22T14:01Z,manolo gonzalez,957310,,e105
2026-08-22T14:01Z,luis miguel ramis,1204202,,e123
2026-08-22T15:03Z,jonathan dubasin,13451605,40,10208
2026-08-22T15:03Z,santiago mouriño,34464778,70,11678
2026-08-22T15:03Z,carlos espi,10182989,30,12870
2026-08-22T15:03Z,javi rueda,4407631,60,13035
2026-08-22T15:03Z,sergio canales,26439859,80,132
2026-08-22T15:03Z,carlos puga,4982161,70,13982
2026-08-22T15:03Z,luiz junior,35588100,60,14125
2026-08-22T15:03Z,justin de haas,8729681,70,18018
2026-08-22T15:03Z,ezequiel ponce,1673990,30,2727
2026-08-22T15:03Z,daniel raba,1371776,0,3732
2026-08-22T15:03Z,marcao,574423,,4208
2026-08-22T15:03Z,fernando calero,2385018,0,5553
2026-08-22T15:03Z,leandro cabrera,14650321,0,582
2026-08-22T15:03Z,ionut radu,36378011,90,5978
2026-08-22T15:03Z,randy nteka,1255625,30,6853
2026-08-22T15:03Z,diego javier llorente,12586758,50,707
2026-08-22T15:03Z,yuri berchiche,12326369,100,735
2026-08-22T15:03Z,nico serrano,771514,0,7920
2026-08-22T15:03Z,miguel rodriguez,2638081,10,8080
2026-08-22T15:03Z,antonio blanco,14588917,90,8737
2026-08-22T15:03Z,arsen zakharyan,885231,30,9011
2026-08-22T15:03Z,abde ezzalzouli,39475136,10,9750
2026-08-22T15:03Z,alejandro iturbe,723776,10,9759
2026-08-22T15:03Z,manolo gonzalez,957310,,e105
2026-08-22T15:03Z,luis miguel ramis,1204202,,e123
2026-08-22T15:06Z,jonathan dubasin,13451605,40,10208
2026-08-22T15:06Z,santiago mouriño,34464778,70,11678
2026-08-22T15:06Z,carlos espi,10182989,30,12870
2026-08-22T15:06Z,javi rueda,4407631,60,13035
2026-08-22T15:06Z,sergio canales,26439859,80,132
2026-08-22T15:06Z,carlos puga,4982161,70,13982
2026-08-22T15:06Z,luiz junior,35588100,60,14125
2026-08-22T15:06Z,justin de haas,8729681,70,18018
2026-08-22T15:06Z,ezequiel ponce,1673990,30,2727
2026-08-22T15:06Z,daniel raba,1371776,0,3732
2026-08-22T15:06Z,marcao,574423,,4208
2026-08-22T15:06Z,fernando calero,2385018,0,5553
2026-08-22T15:06Z,leandro cabrera,14650321,0,582
2026-08-22T15:06Z,ionut radu,36378011,90,5978
2026-08-22T15:06Z,randy nteka,1255625,30,6853
2026-08-22T15:06Z,diego javier llorente,12586758,50,707
2026-08-22T15:06Z,yuri berchiche,12326369,100,735
2026-08-22T15:06Z,nico serrano,771514,0,7920
2026-08-22T15:06Z,miguel rodriguez,2638081,10,8080
2026-08-22T15:06Z,antonio blanco,14588917,90,8737
2026-08-22T15:06Z,arsen zakharyan,885231,30,9011
2026-08-22T15:06Z,abde ezzalzouli,39475136,10,9750
2026-08-22T15:06Z,alejandro iturbe,723776,10,9759
2026-08-22T15:06Z,manolo gonzalez,957310,,e105
2026-08-22T15:06Z,luis miguel ramis,1204202,,e123
2026-08-22T15:32Z,jonathan dubasin,13451605,40,10208
2026-08-22T15:32Z,santiago mouriño,34464778,70,11678
2026-08-22T15:32Z,carlos espi,10182989,30,12870
2026-08-22T15:32Z,javi rueda,4407631,60,13035
2026-08-22T15:32Z,sergio canales,26439859,80,132
2026-08-22T15:32Z,carlos puga,4982161,70,13982
2026-08-22T15:32Z,luiz junior,35588100,60,14125
2026-08-22T15:32Z,justin de haas,8729681,70,18018
2026-08-22T15:32Z,ezequiel ponce,1673990,30,2727
2026-08-22T15:32Z,daniel raba,1371776,0,3732
2026-08-22T15:32Z,marcao,574423,,4208
2026-08-22T15:32Z,fernando calero,2385018,0,5553
2026-08-22T15:32Z,leandro cabrera,14650321,0,582
2026-08-22T15:32Z,ionut radu,36378011,90,5978
2026-08-22T15:32Z,randy nteka,1255625,30,6853
2026-08-22T15:32Z,diego javier llorente,12586758,50,707
2026-08-22T15:32Z,yuri berchiche,12326369,100,735
2026-08-22T15:32Z,nico serrano,771514,0,7920
2026-08-22T15:32Z,miguel rodriguez,2638081,10,8080
2026-08-22T15:32Z,antonio blanco,14588917,90,8737
2026-08-22T15:32Z,arsen zakharyan,885231,30,9011
2026-08-22T15:32Z,abde ezzalzouli,39475136,10,9750
2026-08-22T15:32Z,alejandro iturbe,723776,10,9759
2026-08-22T15:32Z,manolo gonzalez,957310,,e105
2026-08-22T15:32Z,luis miguel ramis,1204202,,e123
2026-08-22T15:38Z,jonathan dubasin,13451605,40,10208
2026-08-22T15:38Z,santiago mouriño,34464778,70,11678
2026-08-22T15:38Z,carlos espi,10182989,30,12870
2026-08-22T15:38Z,javi rueda,4407631,60,13035
2026-08-22T15:38Z,sergio canales,26439859,80,132
2026-08-22T15:38Z,carlos puga,4982161,70,13982
2026-08-22T15:38Z,luiz junior,35588100,60,14125
2026-08-22T15:38Z,justin de haas,8729681,70,18018
2026-08-22T15:38Z,ezequiel ponce,1673990,30,2727
2026-08-22T15:38Z,daniel raba,1371776,0,3732
2026-08-22T15:38Z,marcao,574423,,4208
2026-08-22T15:38Z,iñigo ruiz de galarreta,13042179,0,44
2026-08-22T15:38Z,fernando calero,2385018,0,5553
2026-08-22T15:38Z,leandro cabrera,14650321,0,582
2026-08-22T15:38Z,ionut radu,36378011,90,5978
2026-08-22T15:38Z,randy nteka,1255625,30,6853
2026-08-22T15:38Z,diego javier llorente,12586758,50,707
2026-08-22T15:38Z,yuri berchiche,12326369,100,735
2026-08-22T15:38Z,nico serrano,771514,0,7920
2026-08-22T15:38Z,miguel rodriguez,2638081,10,8080
2026-08-22T15:38Z,antonio blanco,14588917,90,8737
2026-08-22T15:38Z,arsen zakharyan,885231,30,9011
2026-08-22T15:38Z,abde ezzalzouli,39475136,10,9750
2026-08-22T15:38Z,alejandro iturbe,723776,10,9759
2026-08-22T15:38Z,manolo gonzalez,957310,,e105
2026-08-22T15:38Z,luis miguel ramis,1204202,,e123
2026-08-22T16:08Z,jonathan dubasin,13451605,40,10208
2026-08-22T16:08Z,santiago mouriño,34464778,70,11678
2026-08-22T16:08Z,carlos espi,10182989,30,12870
2026-08-22T16:08Z,javi rueda,4407631,60,13035
2026-08-22T16:08Z,sergio canales,26439859,80,132
2026-08-22T16:08Z,carlos puga,4982161,70,13982
2026-08-22T16:08Z,luiz junior,35588100,60,14125
2026-08-22T16:08Z,justin de haas,8729681,70,18018
2026-08-22T16:08Z,ezequiel ponce,1673990,30,2727
2026-08-22T16:08Z,daniel raba,1371776,0,3732
2026-08-22T16:08Z,marcao,574423,,4208
2026-08-22T16:08Z,iñigo ruiz de galarreta,13042179,0,44
2026-08-22T16:08Z,fernando calero,2385018,0,5553
2026-08-22T16:08Z,leandro cabrera,14650321,0,582
2026-08-22T16:08Z,ionut radu,36378011,90,5978
2026-08-22T16:08Z,randy nteka,1255625,30,6853
2026-08-22T16:08Z,diego javier llorente,12586758,50,707
2026-08-22T16:08Z,yuri berchiche,12326369,100,735
2026-08-22T16:08Z,nico serrano,771514,0,7920
2026-08-22T16:08Z,miguel rodriguez,2638081,10,8080
2026-08-22T16:08Z,antonio blanco,14588917,90,8737
2026-08-22T16:08Z,arsen zakharyan,885231,30,9011
2026-08-22T16:08Z,abde ezzalzouli,39475136,10,9750
2026-08-22T16:08Z,alejandro iturbe,723776,10,9759
2026-08-22T16:08Z,manolo gonzalez,957310,,e105
2026-08-22T16:08Z,luis miguel ramis,1204202,,e123
2026-08-22T16:13Z,jonathan dubasin,13451605,40,10208
2026-08-22T16:13Z,santiago mouriño,34464778,70,11678
2026-08-22T16:13Z,carlos espi,10182989,30,12870
2026-08-22T16:13Z,javi rueda,4407631,60,13035
2026-08-22T16:13Z,sergio canales,26439859,80,132
2026-08-22T16:13Z,carlos puga,4982161,70,13982
2026-08-22T16:13Z,luiz junior,35588100,60,14125
2026-08-22T16:13Z,justin de haas,8729681,70,18018
2026-08-22T16:13Z,ezequiel ponce,1673990,30,2727
2026-08-22T16:13Z,daniel raba,1371776,0,3732
2026-08-22T16:13Z,marcao,574423,,4208
2026-08-22T16:13Z,iñigo ruiz de galarreta,13042179,0,44
2026-08-22T16:13Z,fernando calero,2385018,0,5553
2026-08-22T16:13Z,leandro cabrera,14650321,0,582
2026-08-22T16:13Z,ionut radu,36378011,90,5978
2026-08-22T16:13Z,randy nteka,1255625,30,6853
2026-08-22T16:13Z,diego javier llorente,12586758,50,707
2026-08-22T16:13Z,yuri berchiche,12326369,100,735
2026-08-22T16:13Z,nico serrano,771514,0,7920
2026-08-22T16:13Z,miguel rodriguez,2638081,10,8080
2026-08-22T16:13Z,antonio blanco,14588917,90,8737
2026-08-22T16:13Z,arsen zakharyan,885231,30,9011
2026-08-22T16:13Z,abde ezzalzouli,39475136,10,9750
2026-08-22T16:13Z,alejandro iturbe,723776,10,9759
2026-08-22T16:13Z,manolo gonzalez,957310,,e105
2026-08-22T16:13Z,luis miguel ramis,1204202,,e123
2026-08-22T16:14Z,jonathan dubasin,13451605,40,10208
2026-08-22T16:14Z,santiago mouriño,34464778,70,11678
2026-08-22T16:14Z,carlos espi,10182989,30,12870
2026-08-22T16:14Z,javi rueda,4407631,60,13035
2026-08-22T16:14Z,sergio canales,26439859,80,132
2026-08-22T16:14Z,carlos puga,4982161,70,13982
2026-08-22T16:14Z,luiz junior,35588100,60,14125
2026-08-22T16:14Z,justin de haas,8729681,70,18018
2026-08-22T16:14Z,ezequiel ponce,1673990,30,2727
2026-08-22T16:14Z,daniel raba,1371776,0,3732
2026-08-22T16:14Z,marcao,574423,,4208
2026-08-22T16:14Z,iñigo ruiz de galarreta,13042179,0,44
2026-08-22T16:14Z,fernando calero,2385018,0,5553
2026-08-22T16:14Z,leandro cabrera,14650321,0,582
2026-08-22T16:14Z,ionut radu,36378011,90,5978
2026-08-22T16:14Z,randy nteka,1255625,30,6853
2026-08-22T16:14Z,diego javier llorente,12586758,50,707
2026-08-22T16:14Z,yuri berchiche,12326369,100,735
2026-08-22T16:14Z,nico serrano,771514,0,7920
2026-08-22T16:14Z,miguel rodriguez,2638081,10,8080
2026-08-22T16:14Z,antonio blanco,14588917,90,8737
2026-08-22T16:14Z,arsen zakharyan,885231,30,9011
2026-08-22T16:14Z,abde ezzalzouli,39475136,10,9750
2026-08-22T16:14Z,alejandro iturbe,723776,10,9759
2026-08-22T16:14Z,manolo gonzalez,957310,,e105
2026-08-22T16:14Z,luis miguel ramis,1204202,,e123
2026-08-22T16:16Z,jonathan dubasin,13451605,40,10208
2026-08-22T16:16Z,santiago mouriño,34464778,70,11678
2026-08-22T16:16Z,carlos espi,10182989,30,12870
2026-08-22T16:16Z,javi rueda,4407631,60,13035
2026-08-22T16:16Z,sergio canales,26439859,80,132
2026-08-22T16:16Z,carlos puga,4982161,70,13982
2026-08-22T16:16Z,luiz junior,35588100,60,14125
2026-08-22T16:16Z,justin de haas,8729681,70,18018
2026-08-22T16:16Z,ezequiel ponce,1673990,30,2727
2026-08-22T16:16Z,daniel raba,1371776,0,3732
2026-08-22T16:16Z,marcao,574423,,4208
2026-08-22T16:16Z,iñigo ruiz de galarreta,13042179,0,44
2026-08-22T16:16Z,fernando calero,2385018,0,5553
2026-08-22T16:16Z,leandro cabrera,14650321,0,582
2026-08-22T16:16Z,ionut radu,36378011,90,5978
2026-08-22T16:16Z,randy nteka,1255625,30,6853
2026-08-22T16:16Z,diego javier llorente,12586758,50,707
2026-08-22T16:16Z,yuri berchiche,12326369,100,735
2026-08-22T16:16Z,nico serrano,771514,0,7920
2026-08-22T16:16Z,miguel rodriguez,2638081,10,8080
2026-08-22T16:16Z,antonio blanco,14588917,90,8737
2026-08-22T16:16Z,arsen zakharyan,885231,30,9011
2026-08-22T16:16Z,abde ezzalzouli,39475136,10,9750
2026-08-22T16:16Z,alejandro iturbe,723776,10,9759
2026-08-22T16:16Z,manolo gonzalez,957310,,e105
2026-08-22T16:16Z,luis miguel ramis,1204202,,e123
2026-08-22T16:17Z,jonathan dubasin,13451605,40,10208
2026-08-22T16:17Z,santiago mouriño,34464778,70,11678
2026-08-22T16:17Z,carlos espi,10182989,30,12870
2026-08-22T16:17Z,javi rueda,4407631,60,13035
2026-08-22T16:17Z,sergio canales,26439859,80,132
2026-08-22T16:17Z,carlos puga,4982161,70,13982
2026-08-22T16:17Z,luiz junior,35588100,60,14125
2026-08-22T16:17Z,justin de haas,8729681,70,18018
2026-08-22T16:17Z,ezequiel ponce,1673990,30,2727
2026-08-22T16:17Z,daniel raba,1371776,0,3732
2026-08-22T16:17Z,marcao,574423,,4208
2026-08-22T16:17Z,iñigo ruiz de galarreta,13042179,0,44
2026-08-22T16:17Z,fernando calero,2385018,0,5553
2026-08-22T16:17Z,leandro cabrera,14650321,0,582
2026-08-22T16:17Z,ionut radu,36378011,90,5978
2026-08-22T16:17Z,randy nteka,1255625,30,6853
2026-08-22T16:17Z,diego javier llorente,12586758,50,707
2026-08-22T16:17Z,yuri berchiche,12326369,100,735
2026-08-22T16:17Z,nico serrano,771514,0,7920
2026-08-22T16:17Z,miguel rodriguez,2638081,10,8080
2026-08-22T16:17Z,antonio blanco,14588917,90,8737
2026-08-22T16:17Z,arsen zakharyan,885231,30,9011
2026-08-22T16:17Z,abde ezzalzouli,39475136,10,9750
2026-08-22T16:17Z,alejandro iturbe,723776,10,9759
2026-08-22T16:17Z,manolo gonzalez,957310,,e105
2026-08-22T16:17Z,luis miguel ramis,1204202,,e123
2026-08-22T16:53Z,jonathan dubasin,13451605,40,10208
2026-08-22T16:53Z,santiago mouriño,34464778,70,11678
2026-08-22T16:53Z,carlos espi,10182989,30,12870
2026-08-22T16:53Z,javi rueda,4407631,60,13035
2026-08-22T16:53Z,sergio canales,26439859,80,132
2026-08-22T16:53Z,carlos puga,4982161,70,13982
2026-08-22T16:53Z,luiz junior,35588100,60,14125
2026-08-22T16:53Z,justin de haas,8729681,70,18018
2026-08-22T16:53Z,ezequiel ponce,1673990,30,2727
2026-08-22T16:53Z,daniel raba,1371776,0,3732
2026-08-22T16:53Z,marcao,574423,,4208
2026-08-22T16:53Z,iñigo ruiz de galarreta,13042179,0,44
2026-08-22T16:53Z,fernando calero,2385018,0,5553
2026-08-22T16:53Z,leandro cabrera,14650321,0,582
2026-08-22T16:53Z,ionut radu,36378011,90,5978
2026-08-22T16:53Z,randy nteka,1255625,30,6853
2026-08-22T16:53Z,diego javier llorente,12586758,50,707
2026-08-22T16:53Z,yuri berchiche,12326369,100,735
2026-08-22T16:53Z,nico serrano,771514,0,7920
2026-08-22T16:53Z,miguel rodriguez,2638081,10,8080
2026-08-22T16:53Z,antonio blanco,14588917,90,8737
2026-08-22T16:53Z,arsen zakharyan,885231,30,9011
2026-08-22T16:53Z,abde ezzalzouli,39475136,10,9750
2026-08-22T16:53Z,alejandro iturbe,723776,10,9759
2026-08-22T16:53Z,manolo gonzalez,957310,,e105
2026-08-22T16:53Z,luis miguel ramis,1204202,,e123
2026-08-22T17:15Z,jonathan dubasin,13451605,40,10208
2026-08-22T17:15Z,santiago mouriño,34464778,70,11678
2026-08-22T17:15Z,carlos espi,10182989,30,12870
2026-08-22T17:15Z,javi rueda,4407631,60,13035
2026-08-22T17:15Z,sergio canales,26439859,80,132
2026-08-22T17:15Z,carlos puga,4982161,70,13982
2026-08-22T17:15Z,luiz junior,35588100,60,14125
2026-08-22T17:15Z,justin de haas,8729681,70,18018
2026-08-22T17:15Z,ezequiel ponce,1673990,30,2727
2026-08-22T17:15Z,daniel raba,1371776,0,3732
2026-08-22T17:15Z,marcao,574423,,4208
2026-08-22T17:15Z,iñigo ruiz de galarreta,13042179,0,44
2026-08-22T17:15Z,fernando calero,2385018,0,5553
2026-08-22T17:15Z,leandro cabrera,14650321,0,582
2026-08-22T17:15Z,ionut radu,36378011,90,5978
2026-08-22T17:15Z,randy nteka,1255625,30,6853
2026-08-22T17:15Z,diego javier llorente,12586758,50,707
2026-08-22T17:15Z,yuri berchiche,12326369,100,735
2026-08-22T17:15Z,nico serrano,771514,0,7920
2026-08-22T17:15Z,miguel rodriguez,2638081,10,8080
2026-08-22T17:15Z,antonio blanco,14588917,90,8737
2026-08-22T17:15Z,arsen zakharyan,885231,30,9011
2026-08-22T17:15Z,abde ezzalzouli,39475136,10,9750
2026-08-22T17:15Z,alejandro iturbe,723776,10,9759
2026-08-22T17:15Z,manolo gonzalez,957310,,e105
2026-08-22T17:15Z,luis miguel ramis,1204202,,e123
2026-08-22T17:26Z,jonathan dubasin,13451605,40,10208
2026-08-22T17:26Z,santiago mouriño,34464778,70,11678
2026-08-22T17:26Z,carlos espi,10182989,30,12870
2026-08-22T17:26Z,javi rueda,4407631,60,13035
2026-08-22T17:26Z,sergio canales,26439859,80,132
2026-08-22T17:26Z,carlos puga,4982161,70,13982
2026-08-22T17:26Z,luiz junior,35588100,60,14125
2026-08-22T17:26Z,justin de haas,8729681,70,18018
2026-08-22T17:26Z,ezequiel ponce,1673990,30,2727
2026-08-22T17:26Z,daniel raba,1371776,0,3732
2026-08-22T17:26Z,marcao,574423,,4208
2026-08-22T17:26Z,iñigo ruiz de galarreta,13042179,0,44
2026-08-22T17:26Z,fernando calero,2385018,0,5553
2026-08-22T17:26Z,leandro cabrera,14650321,0,582
2026-08-22T17:26Z,ionut radu,36378011,90,5978
2026-08-22T17:26Z,randy nteka,1255625,30,6853
2026-08-22T17:26Z,diego javier llorente,12586758,50,707
2026-08-22T17:26Z,yuri berchiche,12326369,100,735
2026-08-22T17:26Z,nico serrano,771514,0,7920
2026-08-22T17:26Z,miguel rodriguez,2638081,10,8080
2026-08-22T17:26Z,antonio blanco,14588917,90,8737
2026-08-22T17:26Z,arsen zakharyan,885231,30,9011
2026-08-22T17:26Z,abde ezzalzouli,39475136,10,9750
2026-08-22T17:26Z,alejandro iturbe,723776,10,9759
2026-08-22T17:26Z,manolo gonzalez,957310,,e105
2026-08-22T17:26Z,luis miguel ramis,1204202,,e123
2026-08-22T22:17Z,peque,2378686,50,10341
2026-08-22T22:17Z,santiago mouriño,34464778,70,11678
2026-08-22T22:17Z,carlos espi,10182989,0,12870
2026-08-22T22:17Z,javi rueda,4407631,0,13035
2026-08-22T22:17Z,sergio canales,26439859,80,132
2026-08-22T22:17Z,miguel roman,5078939,100,13808
2026-08-22T22:17Z,carlos puga,4982161,70,13982
2026-08-22T22:17Z,maguette gueye,3555474,30,14155
2026-08-22T22:17Z,diego diaz,552912,,14866
2026-08-22T22:17Z,miguel sierra,887666,60,16236
2026-08-22T22:17Z,dani lorenzo,9541604,80,16286
2026-08-22T22:17Z,justin de haas,8729681,100,18018
2026-08-22T22:17Z,marco roman,704484,,18048
2026-08-22T22:17Z,unai lopez,6374616,80,1881
2026-08-22T22:17Z,iñigo ruiz de galarreta,13042179,70,44
2026-08-22T22:17Z,bambo diaby,922230,0,5022
2026-08-22T22:17Z,santi comesaña,30413980,60,5549
2026-08-22T22:17Z,leandro cabrera,14650321,,582
2026-08-22T22:17Z,ionut radu,36378011,100,5978
2026-08-22T22:17Z,ivan martin,8230041,30,6563
2026-08-22T22:17Z,aleix febas,24014509,100,6885
2026-08-22T22:17Z,diego javier llorente,12586758,50,707
2026-08-22T22:17Z,yuri berchiche,12326369,0,735
2026-08-22T22:17Z,guido rodriguez,23568177,100,7676
2026-08-22T22:17Z,ramon enriquez,724807,40,7703
2026-08-22T22:17Z,eduardo camavinga,9187358,0,8479
2026-08-22T22:17Z,antonio blanco,14588917,90,8737
2026-08-22T22:17Z,abde ezzalzouli,39475136,10,9750
2026-08-22T22:17Z,manuel pellegrini,3517637,,e72
2026-08-22T22:44Z,peque,2490823,50,10341
2026-08-22T22:44Z,santiago mouriño,33572678,70,11678
2026-08-22T22:44Z,carlos espi,10382136,0,12870
2026-08-22T22:44Z,javi rueda,4365156,0,13035
2026-08-22T22:44Z,sergio canales,26806991,80,132
2026-08-22T22:44Z,miguel roman,5007217,100,13808
2026-08-22T22:44Z,carlos puga,4972420,70,13982
2026-08-22T22:44Z,maguette gueye,3468404,30,14155
2026-08-22T22:44Z,diego diaz,548489,,14866
2026-08-22T22:44Z,miguel sierra,943698,60,16236
2026-08-22T22:44Z,dani lorenzo,9549361,80,16286
2026-08-22T22:44Z,justin de haas,8600056,100,18018
2026-08-22T22:44Z,marco roman,693998,,18048
2026-08-22T22:44Z,unai lopez,6684762,80,1881
2026-08-22T22:44Z,iñigo ruiz de galarreta,12904141,70,44
2026-08-22T22:44Z,bambo diaby,903034,0,5022
2026-08-22T22:44Z,santi comesaña,29623046,60,5549
2026-08-22T22:44Z,leandro cabrera,14250177,,582
2026-08-22T22:44Z,ivan martin,8129891,30,6563
2026-08-22T22:44Z,aleix febas,23779958,100,6885
2026-08-22T22:44Z,diego javier llorente,12294100,50,707
2026-08-22T22:44Z,yuri berchiche,12171943,0,735
2026-08-22T22:44Z,guido rodriguez,23240392,100,7676
2026-08-22T22:44Z,ramon enriquez,713508,40,7703
2026-08-22T22:44Z,eduardo camavinga,9016820,0,8479
2026-08-22T22:44Z,antonio blanco,14715105,90,8737
2026-08-22T22:44Z,abde ezzalzouli,38557111,10,9750
2026-08-22T22:44Z,manuel pellegrini,3405768,,e72
2026-08-23T07:39Z,peque,2490823,50,10341
2026-08-23T07:39Z,santiago mouriño,33572678,70,11678
2026-08-23T07:39Z,carlos espi,10382136,0,12870
2026-08-23T07:39Z,javi rueda,4365156,0,13035
2026-08-23T07:39Z,sergio canales,26806991,80,132
2026-08-23T07:39Z,miguel roman,5007217,100,13808
2026-08-23T07:39Z,carlos puga,4972420,70,13982
2026-08-23T07:39Z,maguette gueye,3468404,30,14155
2026-08-23T07:39Z,diego diaz,548489,,14866
2026-08-23T07:39Z,miguel sierra,943698,60,16236
2026-08-23T07:39Z,dani lorenzo,9549361,80,16286
2026-08-23T07:39Z,denis suarez,2423936,50,1778
2026-08-23T07:39Z,marco roman,693998,,18048
2026-08-23T07:39Z,unai lopez,6684762,80,1881
2026-08-23T07:39Z,iñigo ruiz de galarreta,12904141,70,44
2026-08-23T07:39Z,bambo diaby,903034,0,5022
2026-08-23T07:39Z,santi comesaña,29623046,60,5549
2026-08-23T07:39Z,leandro cabrera,14250177,,582
2026-08-23T07:39Z,ivan martin,8129891,30,6563
2026-08-23T07:39Z,aleix febas,23779958,100,6885
2026-08-23T07:39Z,diego javier llorente,12294100,50,707
2026-08-23T07:39Z,yuri berchiche,12171943,0,735
2026-08-23T07:39Z,guido rodriguez,23240392,100,7676
2026-08-23T07:39Z,ramon enriquez,713508,40,7703
2026-08-23T07:39Z,eduardo camavinga,9016820,0,8479
2026-08-23T07:39Z,antonio blanco,14715105,90,8737
2026-08-23T07:39Z,abde ezzalzouli,38557111,10,9750
2026-08-23T07:39Z,manuel pellegrini,3405768,,e72
2026-08-23T11:50Z,peque,2490823,50,10341
2026-08-23T11:50Z,santiago mouriño,33572678,70,11678
2026-08-23T11:50Z,carlos espi,10382136,0,12870
2026-08-23T11:50Z,javi rueda,4365156,0,13035
2026-08-23T11:50Z,sergio canales,26806991,80,132
2026-08-23T11:50Z,miguel roman,5007217,100,13808
2026-08-23T11:50Z,carlos puga,4972420,70,13982
2026-08-23T11:50Z,maguette gueye,3468404,30,14155
2026-08-23T11:50Z,diego diaz,548489,,14866
2026-08-23T11:50Z,miguel sierra,943698,60,16236
2026-08-23T11:50Z,dani lorenzo,9549361,80,16286
2026-08-23T11:50Z,denis suarez,2423936,50,1778
2026-08-23T11:50Z,marco roman,693998,,18048
2026-08-23T11:50Z,unai lopez,6684762,80,1881
2026-08-23T11:50Z,iñigo ruiz de galarreta,12904141,70,44
2026-08-23T11:50Z,bambo diaby,903034,0,5022
2026-08-23T11:50Z,santi comesaña,29623046,60,5549
2026-08-23T11:50Z,leandro cabrera,14250177,,582
2026-08-23T11:50Z,ivan martin,8129891,30,6563
2026-08-23T11:50Z,aleix febas,23779958,100,6885
2026-08-23T11:50Z,diego javier llorente,12294100,50,707
2026-08-23T11:50Z,yuri berchiche,12171943,0,735
2026-08-23T11:50Z,guido rodriguez,23240392,100,7676
2026-08-23T11:50Z,ramon enriquez,713508,40,7703
2026-08-23T11:50Z,eduardo camavinga,9016820,0,8479
2026-08-23T11:50Z,antonio blanco,14715105,90,8737
2026-08-23T11:50Z,abde ezzalzouli,38557111,10,9750
2026-08-23T11:50Z,manuel pellegrini,3405768,,e72
2026-08-23T12:28Z,peque,2490823,50,10341
2026-08-23T12:28Z,santiago mouriño,33572678,70,11678
2026-08-23T12:28Z,carlos espi,10382136,0,12870
2026-08-23T12:28Z,javi rueda,4365156,0,13035
2026-08-23T12:28Z,sergio canales,26806991,80,132
2026-08-23T12:28Z,miguel roman,5007217,100,13808
2026-08-23T12:28Z,carlos puga,4972420,70,13982
2026-08-23T12:28Z,maguette gueye,3468404,30,14155
2026-08-23T12:28Z,diego diaz,548489,,14866
2026-08-23T12:28Z,miguel sierra,943698,60,16236
2026-08-23T12:28Z,dani lorenzo,9549361,80,16286
2026-08-23T12:28Z,denis suarez,2423936,50,1778
2026-08-23T12:28Z,marco roman,693998,,18048
2026-08-23T12:28Z,unai lopez,6684762,80,1881
2026-08-23T12:28Z,igor zubeldia,10248552,70,2802
2026-08-23T12:28Z,iñigo ruiz de galarreta,12904141,70,44
2026-08-23T12:28Z,bambo diaby,903034,0,5022
2026-08-23T12:28Z,santi comesaña,29623046,60,5549
2026-08-23T12:28Z,leandro cabrera,14250177,,582
2026-08-23T12:28Z,ivan martin,8129891,30,6563
2026-08-23T12:28Z,aleix febas,23779958,100,6885
2026-08-23T12:28Z,diego javier llorente,12294100,50,707
2026-08-23T12:28Z,jon moncayola,6767492,90,7204
2026-08-23T12:28Z,yuri berchiche,12171943,0,735
2026-08-23T12:28Z,guido rodriguez,23240392,100,7676
2026-08-23T12:28Z,ramon enriquez,713508,40,7703
2026-08-23T12:28Z,eduardo camavinga,9016820,0,8479
2026-08-23T12:28Z,antonio blanco,14715105,90,8737
2026-08-23T12:28Z,abde ezzalzouli,38557111,10,9750
2026-08-23T12:28Z,manuel pellegrini,3405768,,e72
2026-08-23T22:17Z,julian alvarez,66418917,0,10287
2026-08-23T22:17Z,peque,2490823,50,10341
2026-08-23T22:17Z,gerard martin,39253280,100,12641
2026-08-23T22:17Z,pau navarro,7595755,0,12860
2026-08-23T22:17Z,carlos espi,10382136,20,12870
2026-08-23T22:17Z,javi rueda,4365156,70,13035
2026-08-23T22:17Z,sergio canales,26806991,100,132
2026-08-23T22:17Z,dani sanchez,636085,30,13980
2026-08-23T22:17Z,carlos puga,4972420,70,13982
2026-08-23T22:17Z,julio diaz,443297,20,17129
2026-08-23T22:17Z,carlos sanchez,623831,0,17493
2026-08-23T22:17Z,denis suarez,2423936,50,1778
2026-08-23T22:17Z,igor zubeldia,10248552,70,2802
2026-08-23T22:17Z,abdel abqar,7213778,0,5083
2026-08-23T22:17Z,santi comesaña,29623046,100,5549
2026-08-23T22:17Z,andrei ratiu,35572936,90,6560
2026-08-23T22:17Z,manu sanchez,4710322,70,6605
2026-08-23T22:17Z,jon moncayola,6767492,90,7204
2026-08-23T22:17Z,eduardo camavinga,9016820,30,8479
2026-08-23T22:17Z,alfonso gonzalez,4799049,0,8703
2026-08-23T22:17Z,antonio blanco,14715105,90,8737
2026-08-23T22:17Z,hansi flick,8019084,,e103
2026-08-23T22:43Z,julian alvarez,65479021,0,10287
2026-08-23T22:43Z,peque,2574360,50,10341
2026-08-23T22:43Z,gerard martin,39580232,100,12641
2026-08-23T22:43Z,pau navarro,7388326,0,12860
2026-08-23T22:43Z,carlos espi,10958461,20,12870
2026-08-23T22:43Z,javi rueda,4281442,70,13035
2026-08-23T22:43Z,sergio canales,27084545,100,132
2026-08-23T22:43Z,dani sanchez,627680,30,13980
2026-08-23T22:43Z,carlos puga,4949387,70,13982
2026-08-23T22:43Z,rafa garrido,4695749,50,15344
2026-08-23T22:43Z,julio diaz,442604,20,17129
2026-08-23T22:43Z,carlos sanchez,615916,0,17493
2026-08-23T22:43Z,denis suarez,2469862,50,1778
2026-08-23T22:43Z,igor zubeldia,10122272,70,2802
2026-08-23T22:43Z,abdel abqar,7133058,0,5083
2026-08-23T22:43Z,santi comesaña,28857492,100,5549
2026-08-23T22:43Z,andrei ratiu,35221591,90,6560
2026-08-23T22:43Z,manu sanchez,4593066,70,6605
2026-08-23T22:43Z,jon moncayola,6696460,90,7204
2026-08-23T22:43Z,eduardo camavinga,8843131,30,8479
2026-08-23T22:43Z,alfonso gonzalez,4651495,0,8703
2026-08-23T22:43Z,antonio blanco,14866595,90,8737
2026-08-23T22:43Z,alejandro balde,23435435,,9316
2026-08-23T22:43Z,hansi flick,7810686,,e103
2026-08-24T06:27Z,julian alvarez,65479021,40,10287
2026-08-24T06:27Z,peque,2574360,50,10341
2026-08-24T06:27Z,gerard martin,39580232,90,12641
2026-08-24T06:27Z,pau navarro,7388326,30,12860
2026-08-24T06:27Z,carlos espi,10958461,20,12870
2026-08-24T06:27Z,javi rueda,4281442,70,13035
2026-08-24T06:27Z,sergio canales,27084545,80,132
2026-08-24T06:27Z,dani sanchez,627680,30,13980
2026-08-24T06:27Z,carlos puga,4949387,70,13982
2026-08-24T06:27Z,rafa garrido,4695749,50,15344
2026-08-24T06:27Z,julio diaz,442604,20,17129
2026-08-24T06:27Z,carlos sanchez,615916,,17493
2026-08-24T06:27Z,denis suarez,2469862,50,1778
2026-08-24T06:27Z,igor zubeldia,10122272,70,2802
2026-08-24T06:27Z,abdel abqar,7133058,40,5083
2026-08-24T06:27Z,santi comesaña,28857492,70,5549
2026-08-24T06:27Z,andrei ratiu,35221591,90,6560
2026-08-24T06:27Z,manu sanchez,4593066,70,6605
2026-08-24T06:27Z,jon moncayola,6696460,90,7204
2026-08-24T06:27Z,eduardo camavinga,8843131,30,8479
2026-08-24T06:27Z,alfonso gonzalez,4651495,0,8703
2026-08-24T06:27Z,antonio blanco,14866595,90,8737
2026-08-24T06:27Z,alejandro balde,23435435,0,9316
2026-08-24T06:27Z,hansi flick,7810686,,e103
2026-08-24T09:52Z,julian alvarez,65479021,40,10287
2026-08-24T09:52Z,peque,2574360,50,10341
2026-08-24T09:52Z,gerard martin,39580232,90,12641
2026-08-24T09:52Z,pau navarro,7388326,30,12860
2026-08-24T09:52Z,carlos espi,10958461,20,12870
2026-08-24T09:52Z,javi rueda,4281442,70,13035
2026-08-24T09:52Z,sergio canales,27084545,80,132
2026-08-24T09:52Z,dani sanchez,627680,30,13980
2026-08-24T09:52Z,carlos puga,4949387,70,13982
2026-08-24T09:52Z,rafa garrido,4695749,50,15344
2026-08-24T09:52Z,julio diaz,442604,20,17129
2026-08-24T09:52Z,carlos sanchez,615916,,17493
2026-08-24T09:52Z,denis suarez,2469862,50,1778
2026-08-24T09:52Z,igor zubeldia,10122272,70,2802
2026-08-24T09:52Z,abdel abqar,7133058,40,5083
2026-08-24T09:52Z,santi comesaña,28857492,70,5549
2026-08-24T09:52Z,andrei ratiu,35221591,90,6560
2026-08-24T09:52Z,manu sanchez,4593066,70,6605
2026-08-24T09:52Z,jon moncayola,6696460,90,7204
2026-08-24T09:52Z,eduardo camavinga,8843131,30,8479
2026-08-24T09:52Z,alfonso gonzalez,4651495,0,8703
2026-08-24T09:52Z,antonio blanco,14866595,90,8737
2026-08-24T09:52Z,alejandro balde,23435435,0,9316
2026-08-24T09:52Z,hansi flick,7810686,,e103
2026-08-24T12:05Z,julian alvarez,65414577,40,10287
2026-08-24T12:05Z,peque,2567455,50,10341
2026-08-24T12:05Z,gerard martin,39508746,90,12641
2026-08-24T12:05Z,pau navarro,7384699,30,12860
2026-08-24T12:05Z,carlos espi,10921018,20,12870
2026-08-24T12:05Z,javi rueda,4278030,70,13035
2026-08-24T12:05Z,sergio canales,27034696,80,132
2026-08-24T12:05Z,dani sanchez,627041,30,13980
2026-08-24T12:05Z,carlos puga,4942786,70,13982
2026-08-24T12:05Z,rafa garrido,4687985,50,15344
2026-08-24T12:05Z,julio diaz,441964,20,17129
2026-08-24T12:05Z,carlos sanchez,615277,,17493
2026-08-24T12:05Z,denis suarez,2464498,50,1778
2026-08-24T12:05Z,igor zubeldia,10111624,70,2802
2026-08-24T12:05Z,abdel abqar,7125256,40,5083
2026-08-24T12:05Z,santi comesaña,28841720,70,5549
2026-08-24T12:05Z,andrei ratiu,35181368,90,6560
2026-08-24T12:05Z,manu sanchez,4590392,70,6605
2026-08-24T12:05Z,jon moncayola,6688965,90,7204
2026-08-24T12:05Z,eduardo camavinga,8836112,30,8479
2026-08-24T12:05Z,alfonso gonzalez,4649828,0,8703
2026-08-24T12:05Z,antonio blanco,14838622,90,8737
2026-08-24T12:05Z,alejandro balde,23417731,0,9316
2026-08-24T12:05Z,hansi flick,7806468,,e103
2026-08-24T22:04Z,beñat gerenabarrena,1165236,50,10213
2026-08-24T22:04Z,marc casado,1522979,0,10217
2026-08-24T22:04Z,peque,2565971,50,10341
2026-08-24T22:04Z,iker muñoz,1187249,100,11362
2026-08-24T22:04Z,isaac romero,5948966,50,11680
2026-08-24T22:04Z,natan,37109744,80,11813
2026-08-24T22:04Z,alex calatrava,4306367,70,11863
2026-08-24T22:04Z,johnny cardoso,4829184,30,12647
2026-08-24T22:04Z,rafel bauza,766085,20,12918
2026-08-24T22:04Z,alejandro rego,4099763,30,15409
2026-08-24T22:04Z,miguel sierra,991388,60,16236
2026-08-24T22:04Z,denis suarez,2463417,50,1778
2026-08-24T22:04Z,enzo bardelli,3355940,100,18006
2026-08-24T22:04Z,alvaro padilla,995013,,18021
2026-08-24T22:04Z,igor zubeldia,10109325,70,2802
2026-08-24T22:04Z,santi comesaña,28838321,70,5549
2026-08-24T22:04Z,randy nteka,1302066,30,6853
2026-08-24T22:04Z,jon moncayola,6687347,100,7204
2026-08-24T22:04Z,urko gonzalez de zarate,5266211,80,8228
2026-08-24T22:04Z,sergi cardona,4021050,20,9989
2026-08-24T22:04Z,jose mourinho,10590604,,e174
2026-08-24T22:31Z,beñat gerenabarrena,1165236,50,10213
2026-08-24T22:31Z,marc casado,1522979,0,10217
2026-08-24T22:31Z,peque,2565971,50,10341
2026-08-24T22:31Z,iker muñoz,1187249,100,11362
2026-08-24T22:31Z,isaac romero,5948966,50,11680
2026-08-24T22:31Z,natan,37109744,80,11813
2026-08-24T22:31Z,alex calatrava,4306367,70,11863
2026-08-24T22:31Z,johnny cardoso,4829184,30,12647
2026-08-24T22:31Z,rafel bauza,766085,20,12918
2026-08-24T22:31Z,alejandro rego,4099763,30,15409
2026-08-24T22:31Z,miguel sierra,991388,60,16236
2026-08-24T22:31Z,denis suarez,2463417,50,1778
2026-08-24T22:31Z,enzo bardelli,3355940,100,18006
2026-08-24T22:31Z,alvaro padilla,995013,,18021
2026-08-24T22:31Z,igor zubeldia,10109325,70,2802
2026-08-24T22:31Z,santi comesaña,28838321,70,5549
2026-08-24T22:31Z,randy nteka,1302066,30,6853
2026-08-24T22:31Z,jon moncayola,6687347,100,7204
2026-08-24T22:31Z,urko gonzalez de zarate,5266211,80,8228
2026-08-24T22:31Z,sergi cardona,4021050,20,9989
2026-08-24T22:31Z,jose mourinho,10590604,,e174
2026-08-24T22:47Z,beñat gerenabarrena,1165236,50,10213
2026-08-24T22:47Z,marc casado,1522979,0,10217
2026-08-24T22:47Z,peque,2565971,50,10341
2026-08-24T22:47Z,iker muñoz,1187249,100,11362
2026-08-24T22:47Z,isaac romero,5948966,50,11680
2026-08-24T22:47Z,natan,37109744,80,11813
2026-08-24T22:47Z,alex calatrava,4306367,70,11863
2026-08-24T22:47Z,johnny cardoso,4829184,30,12647
2026-08-24T22:47Z,rafel bauza,766085,20,12918
2026-08-24T22:47Z,alejandro rego,4099763,30,15409
2026-08-24T22:47Z,miguel sierra,991388,60,16236
2026-08-24T22:47Z,denis suarez,2463417,50,1778
2026-08-24T22:47Z,enzo bardelli,3355940,100,18006
2026-08-24T22:47Z,alvaro padilla,995013,,18021
2026-08-24T22:47Z,igor zubeldia,10109325,70,2802
2026-08-24T22:47Z,santi comesaña,28838321,70,5549
2026-08-24T22:47Z,randy nteka,1302066,30,6853
2026-08-24T22:47Z,jon moncayola,6687347,100,7204
2026-08-24T22:47Z,urko gonzalez de zarate,5266211,80,8228
2026-08-24T22:47Z,sergi cardona,4021050,20,9989
2026-08-24T22:47Z,jose mourinho,10590604,,e174
2026-08-24T23:26Z,beñat gerenabarrena,1159143,50,10213
2026-08-24T23:26Z,marc casado,1490979,0,10217
2026-08-24T23:26Z,peque,2628990,50,10341
2026-08-24T23:26Z,iker muñoz,1167798,100,11362
2026-08-24T23:26Z,isaac romero,6235031,50,11680
2026-08-24T23:26Z,natan,37492727,80,11813
2026-08-24T23:26Z,alex calatrava,4503739,70,11863
2026-08-24T23:26Z,johnny cardoso,4698688,30,12647
2026-08-24T23:26Z,rafel bauza,750634,20,12918
2026-08-24T23:26Z,alejandro rego,3974237,30,15409
2026-08-24T23:26Z,miguel sierra,1040931,60,16236
2026-08-24T23:26Z,denis suarez,2500796,50,1778
2026-08-24T23:26Z,enzo bardelli,3265810,100,18006
2026-08-24T23:26Z,alvaro padilla,970405,,18021
2026-08-24T23:26Z,igor zubeldia,9992122,70,2802
2026-08-24T23:26Z,santi comesaña,28223299,70,5549
2026-08-24T23:26Z,randy nteka,1321328,30,6853
2026-08-24T23:26Z,jon moncayola,6611859,100,7204
2026-08-24T23:26Z,urko gonzalez de zarate,5333566,80,8228
2026-08-24T23:26Z,sergi cardona,3915921,20,9989
2026-08-24T23:26Z,jose mourinho,10252091,,e174
2026-08-25T00:51Z,beñat gerenabarrena,1159143,50,10213
2026-08-25T00:51Z,marc casado,1490979,0,10217
2026-08-25T00:51Z,peque,2628990,50,10341
2026-08-25T00:51Z,iker muñoz,1167798,100,11362
2026-08-25T00:51Z,isaac romero,6235031,50,11680
2026-08-25T00:51Z,natan,37492727,80,11813
2026-08-25T00:51Z,alex calatrava,4503739,70,11863
2026-08-25T00:51Z,johnny cardoso,4698688,30,12647
2026-08-25T00:51Z,rafel bauza,750634,20,12918
2026-08-25T00:51Z,alejandro rego,3974237,30,15409
2026-08-25T00:51Z,miguel sierra,1040931,60,16236
2026-08-25T00:51Z,denis suarez,2500796,50,1778
2026-08-25T00:51Z,enzo bardelli,3265810,100,18006
2026-08-25T00:51Z,alvaro padilla,970405,,18021
2026-08-25T00:51Z,igor zubeldia,9992122,70,2802
2026-08-25T00:51Z,santi comesaña,28223299,70,5549
2026-08-25T00:51Z,randy nteka,1321328,30,6853
2026-08-25T00:51Z,jon moncayola,6611859,100,7204
2026-08-25T00:51Z,urko gonzalez de zarate,5333566,80,8228
2026-08-25T00:51Z,sergi cardona,3915921,20,9989
2026-08-25T00:51Z,jose mourinho,10252091,,e174
2026-08-25T04:26Z,beñat gerenabarrena,1159143,50,10213
2026-08-25T04:26Z,marc casado,1490979,0,10217
2026-08-25T04:26Z,peque,2628990,50,10341
2026-08-25T04:26Z,iker muñoz,1167798,50,11362
2026-08-25T04:26Z,isaac romero,6235031,50,11680
2026-08-25T04:26Z,natan,37492727,80,11813
2026-08-25T04:26Z,alex calatrava,4503739,70,11863
2026-08-25T04:26Z,johnny cardoso,4698688,30,12647
2026-08-25T04:26Z,rafel bauza,750634,20,12918
2026-08-25T04:26Z,alejandro rego,3974237,30,15409
2026-08-25T04:26Z,miguel sierra,1040931,60,16236
2026-08-25T04:26Z,denis suarez,2500796,50,1778
2026-08-25T04:26Z,enzo bardelli,3265810,50,18006
2026-08-25T04:26Z,alvaro padilla,970405,,18021
2026-08-25T04:26Z,igor zubeldia,9992122,70,2802
2026-08-25T04:26Z,santi comesaña,28223299,70,5549
2026-08-25T04:26Z,randy nteka,1321328,30,6853
2026-08-25T04:26Z,jon moncayola,6611859,80,7204
2026-08-25T04:26Z,urko gonzalez de zarate,5333566,80,8228
2026-08-25T04:26Z,sergi cardona,3915921,20,9989
2026-08-25T04:26Z,jose mourinho,10252091,,e174
2026-08-25T14:01Z,beñat gerenabarrena,1159143,50,10213
2026-08-25T14:01Z,marc casado,1490979,0,10217
2026-08-25T14:01Z,peque,2628990,50,10341
2026-08-25T14:01Z,iker muñoz,1167798,50,11362
2026-08-25T14:01Z,isaac romero,6235031,50,11680
2026-08-25T14:01Z,natan,37492727,80,11813
2026-08-25T14:01Z,alex calatrava,4503739,70,11863
2026-08-25T14:01Z,johnny cardoso,4698688,30,12647
2026-08-25T14:01Z,rafel bauza,750634,20,12918
2026-08-25T14:01Z,carlos puga,4910779,80,13982
2026-08-25T14:01Z,alejandro rego,3974237,30,15409
2026-08-25T14:01Z,miguel sierra,1040931,60,16236
2026-08-25T14:01Z,denis suarez,2500796,50,1778
2026-08-25T14:01Z,enzo bardelli,3265810,50,18006
2026-08-25T14:01Z,alvaro padilla,970405,,18021
2026-08-25T14:01Z,igor zubeldia,9992122,70,2802
2026-08-25T14:01Z,santi comesaña,28223299,70,5549
2026-08-25T14:01Z,randy nteka,1321328,30,6853
2026-08-25T14:01Z,jon moncayola,6611859,80,7204
2026-08-25T14:01Z,urko gonzalez de zarate,5333566,80,8228
2026-08-25T14:01Z,sergi cardona,3915921,20,9989
2026-08-25T14:01Z,jose mourinho,10252091,,e174
2026-08-25T15:16Z,beñat gerenabarrena,1159143,50,10213
2026-08-25T15:16Z,marc casado,1490979,0,10217
2026-08-25T15:16Z,peque,2628990,50,10341
2026-08-25T15:16Z,iker muñoz,1167798,50,11362
2026-08-25T15:16Z,isaac romero,6235031,50,11680
2026-08-25T15:16Z,natan,37492727,80,11813
2026-08-25T15:16Z,alex calatrava,4503739,70,11863
2026-08-25T15:16Z,johnny cardoso,4698688,30,12647
2026-08-25T15:16Z,rafel bauza,750634,20,12918
2026-08-25T15:16Z,miguel roman,5191190,60,13808
2026-08-25T15:16Z,carlos puga,4910779,80,13982
2026-08-25T15:16Z,alejandro rego,3974237,30,15409
2026-08-25T15:16Z,miguel sierra,1040931,60,16236
2026-08-25T15:16Z,denis suarez,2500796,50,1778
2026-08-25T15:16Z,enzo bardelli,3265810,50,18006
2026-08-25T15:16Z,alvaro padilla,970405,,18021
2026-08-25T15:16Z,pepelu,8205273,70,2715
2026-08-25T15:16Z,igor zubeldia,9992122,70,2802
2026-08-25T15:16Z,santi comesaña,28223299,70,5549
2026-08-25T15:16Z,robin le normand,13115020,0,6002
2026-08-25T15:16Z,randy nteka,1321328,30,6853
2026-08-25T15:16Z,jon moncayola,6611859,80,7204
2026-08-25T15:16Z,urko gonzalez de zarate,5333566,80,8228
2026-08-25T15:16Z,carl starfelt,12971138,50,9612
2026-08-25T15:16Z,sergi cardona,3915921,20,9989
2026-08-25T15:16Z,jose mourinho,10252091,,e174
2026-08-25T20:25Z,beñat gerenabarrena,1159143,50,10213
2026-08-25T20:25Z,marc casado,1490979,0,10217
2026-08-25T20:25Z,peque,2628990,50,10341
2026-08-25T20:25Z,iker muñoz,1167798,50,11362
2026-08-25T20:25Z,isaac romero,6235031,50,11680
2026-08-25T20:25Z,natan,37492727,80,11813
2026-08-25T20:25Z,alex calatrava,4503739,70,11863
2026-08-25T20:25Z,johnny cardoso,4698688,30,12647
2026-08-25T20:25Z,rafel bauza,750634,20,12918
2026-08-25T20:25Z,miguel roman,5191190,60,13808
2026-08-25T20:25Z,carlos puga,4910779,80,13982
2026-08-25T20:25Z,alejandro rego,3974237,30,15409
2026-08-25T20:25Z,miguel sierra,1040931,60,16236
2026-08-25T20:25Z,denis suarez,2500796,50,1778
2026-08-25T20:25Z,enzo bardelli,3265810,50,18006
2026-08-25T20:25Z,alvaro padilla,970405,,18021
2026-08-25T20:25Z,pepelu,8205273,70,2715
2026-08-25T20:25Z,igor zubeldia,9992122,70,2802
2026-08-25T20:25Z,santi comesaña,28223299,70,5549
2026-08-25T20:25Z,robin le normand,13115020,0,6002
2026-08-25T20:25Z,randy nteka,1321328,30,6853
2026-08-25T20:25Z,jon moncayola,6611859,80,7204
2026-08-25T20:25Z,urko gonzalez de zarate,5333566,80,8228
2026-08-25T20:25Z,carl starfelt,12971138,50,9612
2026-08-25T20:25Z,sergi cardona,3915921,20,9989
2026-08-25T20:25Z,jose mourinho,10252091,,e174
2026-08-25T20:28Z,karl etta eyong,21994662,20,10326
2026-08-25T20:28Z,peque,2628990,50,10341
2026-08-25T20:28Z,quilindschy hartman,6762370,30,11467
2026-08-25T20:28Z,johnny cardoso,4698688,30,12647
2026-08-25T20:28Z,buba sangare,3918216,70,12878
2026-08-25T20:28Z,miguel roman,5191190,60,13808
2026-08-25T20:28Z,david mella,3118996,30,13975
2026-08-25T20:28Z,carlos puga,4910779,80,13982
2026-08-25T20:28Z,miguel sierra,1040931,60,16236
2026-08-25T20:28Z,hamza abdelkarim,3801832,20,17663
2026-08-25T20:28Z,denis suarez,2500796,50,1778
2026-08-25T20:28Z,pepelu,8205273,100,2715
2026-08-25T20:28Z,igor zubeldia,9992122,70,2802
2026-08-25T20:28Z,toni martinez,27934640,70,5032
2026-08-25T20:28Z,abdel abqar,6994740,40,5083
2026-08-25T20:28Z,santi comesaña,28223299,70,5549
2026-08-25T20:28Z,robin le normand,13115020,0,6002
2026-08-25T20:28Z,odysseas vlachodimos,22927185,95,6235
2026-08-25T20:28Z,randy nteka,1321328,30,6853
2026-08-25T20:28Z,jon moncayola,6611859,80,7204
2026-08-25T20:28Z,francho serrano,2664617,50,7995
2026-08-25T20:28Z,antony,65239336,100,8405
2026-08-25T20:28Z,eduardo camavinga,8642551,30,8479
2026-08-25T20:28Z,antonio blanco,14935680,90,8737
2026-08-25T20:28Z,carl starfelt,12971138,50,9612
2026-08-25T20:28Z,diego simeone,4334963,,e5
2026-08-25T22:06Z,karl etta eyong,21994662,20,10326
2026-08-25T22:06Z,peque,2628990,50,10341
2026-08-25T22:06Z,quilindschy hartman,6762370,30,11467
2026-08-25T22:06Z,johnny cardoso,4698688,30,12647
2026-08-25T22:06Z,buba sangare,3918216,70,12878
2026-08-25T22:06Z,miguel roman,5191190,60,13808
2026-08-25T22:06Z,david mella,3118996,30,13975
2026-08-25T22:06Z,carlos puga,4910779,80,13982
2026-08-25T22:06Z,miguel sierra,1040931,60,16236
2026-08-25T22:06Z,hamza abdelkarim,3801832,20,17663
2026-08-25T22:06Z,denis suarez,2500796,50,1778
2026-08-25T22:06Z,pepelu,8205273,100,2715
2026-08-25T22:06Z,igor zubeldia,9992122,70,2802
2026-08-25T22:06Z,toni martinez,27934640,70,5032
2026-08-25T22:06Z,abdel abqar,6994740,40,5083
2026-08-25T22:06Z,santi comesaña,28223299,70,5549
2026-08-25T22:06Z,robin le normand,13115020,0,6002
2026-08-25T22:06Z,odysseas vlachodimos,22927185,95,6235
2026-08-25T22:06Z,randy nteka,1321328,30,6853
2026-08-25T22:06Z,jon moncayola,6611859,80,7204
2026-08-25T22:06Z,francho serrano,2664617,50,7995
2026-08-25T22:06Z,antony,65239336,100,8405
2026-08-25T22:06Z,eduardo camavinga,8642551,30,8479
2026-08-25T22:06Z,antonio blanco,14935680,90,8737
2026-08-25T22:06Z,carl starfelt,12971138,50,9612
2026-08-25T22:06Z,diego simeone,4334963,,e5
2026-08-25T22:41Z,karl etta eyong,21384105,20,10326
2026-08-25T22:41Z,peque,2676220,50,10341
2026-08-25T22:41Z,quilindschy hartman,6549569,30,11467
2026-08-25T22:41Z,johnny cardoso,4562726,30,12647
2026-08-25T22:41Z,buba sangare,3880373,70,12878
2026-08-25T22:41Z,miguel roman,5291848,60,13808
2026-08-25T22:41Z,david mella,3057908,30,13975
2026-08-25T22:41Z,carlos puga,4914501,80,13982
2026-08-25T22:41Z,miguel sierra,1085332,60,16236
2026-08-25T22:41Z,hamza abdelkarim,3808099,20,17663
2026-08-25T22:41Z,denis suarez,2519641,50,1778
2026-08-25T22:41Z,pepelu,8507184,100,2715
2026-08-25T22:41Z,igor zubeldia,9852526,70,2802
2026-08-25T22:41Z,toni martinez,28028338,70,5032
2026-08-25T22:41Z,abdel abqar,6852017,40,5083
2026-08-25T22:41Z,santi comesaña,27682719,70,5549
2026-08-25T22:41Z,robin le normand,12865910,0,6002
2026-08-25T22:41Z,odysseas vlachodimos,23459405,95,6235
2026-08-25T22:41Z,randy nteka,1332596,30,6853
2026-08-25T22:41Z,jon moncayola,6671779,80,7204
2026-08-25T22:41Z,francho serrano,2708372,50,7995
2026-08-25T22:41Z,antony,65937223,100,8405
2026-08-25T22:41Z,eduardo camavinga,8440188,30,8479
2026-08-25T22:41Z,antonio blanco,15009843,90,8737
2026-08-25T22:41Z,carl starfelt,12652367,50,9612
2026-08-25T22:41Z,diego simeone,4195294,,e5
2026-08-26T04:25Z,karl etta eyong,21384105,20,10326
2026-08-26T04:25Z,peque,2676220,50,10341
2026-08-26T04:25Z,quilindschy hartman,6549569,30,11467
2026-08-26T04:25Z,johnny cardoso,4562726,30,12647
2026-08-26T04:25Z,buba sangare,3880373,70,12878
2026-08-26T04:25Z,miguel roman,5291848,60,13808
2026-08-26T04:25Z,david mella,3057908,30,13975
2026-08-26T04:25Z,carlos puga,4914501,80,13982
2026-08-26T04:25Z,miguel sierra,1085332,60,16236
2026-08-26T04:25Z,hamza abdelkarim,3808099,20,17663
2026-08-26T04:25Z,denis suarez,2519641,50,1778
2026-08-26T04:25Z,pepelu,8507184,70,2715
2026-08-26T04:25Z,igor zubeldia,9852526,70,2802
2026-08-26T04:25Z,toni martinez,28028338,70,5032
2026-08-26T04:25Z,abdel abqar,6852017,40,5083
2026-08-26T04:25Z,santi comesaña,27682719,70,5549
2026-08-26T04:25Z,robin le normand,12865910,0,6002
2026-08-26T04:25Z,odysseas vlachodimos,23459405,95,6235
2026-08-26T04:25Z,randy nteka,1332596,30,6853
2026-08-26T04:25Z,jon moncayola,6671779,80,7204
2026-08-26T04:25Z,francho serrano,2708372,50,7995
2026-08-26T04:25Z,antony,65937223,70,8405
2026-08-26T04:25Z,eduardo camavinga,8440188,30,8479
2026-08-26T04:25Z,antonio blanco,15009843,90,8737
2026-08-26T04:25Z,carl starfelt,12652367,50,9612
2026-08-26T04:25Z,diego simeone,4195294,,e5
2026-08-26T04:55Z,karl etta eyong,21384105,20,10326
2026-08-26T04:55Z,peque,2676220,50,10341
2026-08-26T04:55Z,quilindschy hartman,6549569,30,11467
2026-08-26T04:55Z,johnny cardoso,4562726,30,12647
2026-08-26T04:55Z,buba sangare,3880373,70,12878
2026-08-26T04:55Z,miguel roman,5291848,60,13808
2026-08-26T04:55Z,david mella,3057908,30,13975
2026-08-26T04:55Z,carlos puga,4914501,80,13982
2026-08-26T04:55Z,miguel sierra,1085332,60,16236
2026-08-26T04:55Z,hamza abdelkarim,3808099,20,17663
2026-08-26T04:55Z,denis suarez,2519641,50,1778
2026-08-26T04:55Z,pepelu,8507184,70,2715
2026-08-26T04:55Z,toni martinez,28028338,70,5032
2026-08-26T04:55Z,abdel abqar,6852017,40,5083
2026-08-26T04:55Z,santi comesaña,27682719,70,5549
2026-08-26T04:55Z,vinicius junior,104399719,90,5565
2026-08-26T04:55Z,odysseas vlachodimos,23459405,95,6235
2026-08-26T04:55Z,randy nteka,1332596,30,6853
2026-08-26T04:55Z,francho serrano,2708372,50,7995
2026-08-26T04:55Z,antony,65937223,70,8405
2026-08-26T04:55Z,eduardo camavinga,8440188,30,8479
2026-08-26T04:55Z,antonio blanco,15009843,90,8737
2026-08-26T04:55Z,carl starfelt,12652367,50,9612
2026-08-26T04:55Z,diego simeone,4195294,,e5
2026-08-26T14:21Z,karl etta eyong,21384105,20,10326
2026-08-26T14:21Z,peque,2676220,50,10341
2026-08-26T14:21Z,quilindschy hartman,6549569,30,11467
2026-08-26T14:21Z,johnny cardoso,4562726,30,12647
2026-08-26T14:21Z,buba sangare,3880373,70,12878
2026-08-26T14:21Z,miguel roman,5291848,60,13808
2026-08-26T14:21Z,david mella,3057908,30,13975
2026-08-26T14:21Z,carlos puga,4914501,80,13982
2026-08-26T14:21Z,miguel sierra,1085332,60,16236
2026-08-26T14:21Z,hamza abdelkarim,3808099,20,17663
2026-08-26T14:21Z,denis suarez,2519641,50,1778
2026-08-26T14:21Z,pepelu,8507184,70,2715
2026-08-26T14:21Z,toni martinez,28028338,70,5032
2026-08-26T14:21Z,abdel abqar,6852017,40,5083
2026-08-26T14:21Z,santi comesaña,27682719,70,5549
2026-08-26T14:21Z,vinicius junior,104399719,90,5565
2026-08-26T14:21Z,odysseas vlachodimos,23459405,95,6235
2026-08-26T14:21Z,randy nteka,1332596,30,6853
2026-08-26T14:21Z,francho serrano,2708372,50,7995
2026-08-26T14:21Z,antony,65937223,70,8405
2026-08-26T14:21Z,eduardo camavinga,8440188,30,8479
2026-08-26T14:21Z,antonio blanco,15009843,90,8737
2026-08-26T14:21Z,carl starfelt,12652367,50,9612
2026-08-26T14:21Z,diego simeone,4195294,,e5
2026-08-27T05:07Z,peque,2727726,50,10341
2026-08-27T05:07Z,morten hjulmand,30848858,50,10393
2026-08-27T05:07Z,tajon buchanan,15472572,30,10638
2026-08-27T05:07Z,facundo buonanotte,5379677,50,11214
2026-08-27T05:07Z,georges mikautadze,71083800,90,12139
2026-08-27T05:07Z,johnny cardoso,4432774,30,12647
2026-08-27T05:07Z,carlos espi,12745877,10,12870
2026-08-27T05:07Z,miguel roman,5395813,60,13808
2026-08-27T05:07Z,carlos puga,4934935,80,13982
2026-08-27T05:07Z,izan merino,5231301,80,13983
2026-08-27T05:07Z,ivan alonso,499635,,16147
2026-08-27T05:07Z,miguel sierra,1137927,60,16236
2026-08-27T05:07Z,dani lorenzo,9796315,80,16286
2026-08-27T05:07Z,pedro felipe,1873420,30,16760
2026-08-27T05:07Z,ville koski,2122356,60,17284
2026-08-27T05:07Z,pepelu,8798357,70,2715
2026-08-27T05:07Z,alex berenguer,8034315,50,3204
2026-08-27T05:07Z,marc roca,6166557,70,3215
2026-08-27T05:07Z,angeliño,13117117,30,3605
2026-08-27T05:07Z,santi comesaña,27180826,70,5549
2026-08-27T05:07Z,leandro cabrera,12706926,0,582
2026-08-27T05:07Z,yangel herrera,3435241,70,6446
2026-08-27T05:07Z,jules kounde,37047578,40,6674
2026-08-27T05:07Z,randy nteka,1343982,30,6853
2026-08-27T05:07Z,diego javier llorente,11610130,40,707
2026-08-27T05:07Z,ferran jutgla,9061209,60,7842
2026-08-27T05:07Z,georgiy tsitaishvili,2262662,30,8337
2026-08-27T05:07Z,antonio blanco,15048694,90,8737
2026-08-27T05:07Z,ruben vargas,19196561,0,9125
2026-08-27T05:07Z,matias dituro,9005409,90,9161
2026-08-27T05:07Z,sergi canos,456287,0,9201
2026-08-27T05:07Z,leo roman,40248325,90,9405
2026-08-27T05:07Z,carl starfelt,12362328,50,9612
2026-08-27T05:07Z,alberto moleiro,59125550,70,9990
2026-08-27T05:07Z,iñigo perez,1641712,,e100
2026-08-27T05:10Z,peque,2727726,50,10341
2026-08-27T05:10Z,morten hjulmand,30848858,50,10393
2026-08-27T05:10Z,tajon buchanan,15472572,30,10638
2026-08-27T05:10Z,facundo buonanotte,5379677,50,11214
2026-08-27T05:10Z,georges mikautadze,71083800,90,12139
2026-08-27T05:10Z,johnny cardoso,4432774,30,12647
2026-08-27T05:10Z,carlos espi,12745877,10,12870
2026-08-27T05:10Z,miguel roman,5395813,60,13808
2026-08-27T05:10Z,carlos puga,4934935,80,13982
2026-08-27T05:10Z,izan merino,5231301,80,13983
2026-08-27T05:10Z,ivan alonso,499635,,16147
2026-08-27T05:10Z,miguel sierra,1137927,60,16236
2026-08-27T05:10Z,dani lorenzo,9796315,80,16286
2026-08-27T05:10Z,pedro felipe,1873420,30,16760
2026-08-27T05:10Z,ville koski,2122356,60,17284
2026-08-27T05:10Z,pepelu,8798357,70,2715
2026-08-27T05:10Z,alex berenguer,8034315,50,3204
2026-08-27T05:10Z,marc roca,6166557,70,3215
2026-08-27T05:10Z,angeliño,13117117,30,3605
2026-08-27T05:10Z,santi comesaña,27180826,70,5549
2026-08-27T05:10Z,leandro cabrera,12706926,0,582
2026-08-27T05:10Z,yangel herrera,3435241,70,6446
2026-08-27T05:10Z,jules kounde,37047578,40,6674
2026-08-27T05:10Z,randy nteka,1343982,30,6853
2026-08-27T05:10Z,diego javier llorente,11610130,40,707
2026-08-27T05:10Z,ferran jutgla,9061209,60,7842
2026-08-27T05:10Z,georgiy tsitaishvili,2262662,30,8337
2026-08-27T05:10Z,antonio blanco,15048694,90,8737
2026-08-27T05:10Z,ruben vargas,19196561,0,9125
2026-08-27T05:10Z,matias dituro,9005409,90,9161
2026-08-27T05:10Z,sergi canos,456287,0,9201
2026-08-27T05:10Z,leo roman,40248325,90,9405
2026-08-27T05:10Z,carl starfelt,12362328,50,9612
2026-08-27T05:10Z,alberto moleiro,59125550,70,9990
2026-08-27T05:10Z,iñigo perez,1641712,,e100
2026-08-27T10:37Z,peque,2727726,50,10341
2026-08-27T10:37Z,morten hjulmand,30848858,50,10393
2026-08-27T10:37Z,tajon buchanan,15472572,30,10638
2026-08-27T10:37Z,facundo buonanotte,5379677,50,11214
2026-08-27T10:37Z,georges mikautadze,71083800,90,12139
2026-08-27T10:37Z,johnny cardoso,4432774,30,12647
2026-08-27T10:37Z,carlos espi,12745877,10,12870
2026-08-27T10:37Z,miguel roman,5395813,60,13808
2026-08-27T10:37Z,carlos puga,4934935,80,13982
2026-08-27T10:37Z,izan merino,5231301,80,13983
2026-08-27T10:37Z,ivan alonso,499635,,16147
2026-08-27T10:37Z,miguel sierra,1137927,60,16236
2026-08-27T10:37Z,dani lorenzo,9796315,80,16286
2026-08-27T10:37Z,pedro felipe,1873420,30,16760
2026-08-27T10:37Z,ville koski,2122356,60,17284
2026-08-27T10:37Z,pepelu,8798357,70,2715
2026-08-27T10:37Z,alex berenguer,8034315,50,3204
2026-08-27T10:37Z,marc roca,6166557,70,3215
2026-08-27T10:37Z,angeliño,13117117,30,3605
2026-08-27T10:37Z,santi comesaña,27180826,70,5549
2026-08-27T10:37Z,leandro cabrera,12706926,0,582
2026-08-27T10:37Z,yangel herrera,3435241,70,6446
2026-08-27T10:37Z,jules kounde,37047578,40,6674
2026-08-27T10:37Z,randy nteka,1343982,30,6853
2026-08-27T10:37Z,diego javier llorente,11610130,40,707
2026-08-27T10:37Z,ferran jutgla,9061209,60,7842
2026-08-27T10:37Z,georgiy tsitaishvili,2262662,30,8337
2026-08-27T10:37Z,antonio blanco,15048694,90,8737
2026-08-27T10:37Z,ruben vargas,19196561,0,9125
2026-08-27T10:37Z,matias dituro,9005409,90,9161
2026-08-27T10:37Z,sergi canos,456287,0,9201
2026-08-27T10:37Z,leo roman,40248325,90,9405
2026-08-27T10:37Z,carl starfelt,12362328,50,9612
2026-08-27T10:37Z,alberto moleiro,59125550,70,9990
2026-08-27T10:37Z,iñigo perez,1641712,,e100
2026-08-27T16:20Z,peque,2727726,50,10341
2026-08-27T16:20Z,morten hjulmand,30848858,50,10393
2026-08-27T16:20Z,tajon buchanan,15472572,30,10638
2026-08-27T16:20Z,facundo buonanotte,5379677,50,11214
2026-08-27T16:20Z,georges mikautadze,71083800,90,12139
2026-08-27T16:20Z,johnny cardoso,4432774,30,12647
2026-08-27T16:20Z,carlos espi,12745877,10,12870
2026-08-27T16:20Z,miguel roman,5395813,60,13808
2026-08-27T16:20Z,carlos puga,4934935,80,13982
2026-08-27T16:20Z,izan merino,5231301,80,13983
2026-08-27T16:20Z,ivan alonso,499635,,16147
2026-08-27T16:20Z,miguel sierra,1137927,60,16236
2026-08-27T16:20Z,dani lorenzo,9796315,80,16286
2026-08-27T16:20Z,pedro felipe,1873420,0,16760
2026-08-27T16:20Z,ville koski,2122356,60,17284
2026-08-27T16:20Z,pepelu,8798357,60,2715
2026-08-27T16:20Z,alex berenguer,8034315,50,3204
2026-08-27T16:20Z,marc roca,6166557,80,3215
2026-08-27T16:20Z,angeliño,13117117,30,3605
2026-08-27T16:20Z,santi comesaña,27180826,70,5549
2026-08-27T16:20Z,leandro cabrera,12706926,0,582
2026-08-27T16:20Z,yangel herrera,3435241,60,6446
2026-08-27T16:20Z,jules kounde,37047578,40,6674
2026-08-27T16:20Z,randy nteka,1343982,30,6853
2026-08-27T16:20Z,diego javier llorente,11610130,40,707
2026-08-27T16:20Z,ferran jutgla,9061209,60,7842
2026-08-27T16:20Z,georgiy tsitaishvili,2262662,30,8337
2026-08-27T16:20Z,antonio blanco,15048694,90,8737
2026-08-27T16:20Z,ruben vargas,19196561,0,9125
2026-08-27T16:20Z,matias dituro,9005409,90,9161
2026-08-27T16:20Z,sergi canos,456287,0,9201
2026-08-27T16:20Z,leo roman,40248325,90,9405
2026-08-27T16:20Z,carl starfelt,12362328,50,9612
2026-08-27T16:20Z,alberto moleiro,59125550,70,9990
2026-08-27T16:20Z,iñigo perez,1641712,,e100
2026-08-27T21:38Z,peque,2727726,50,10341
2026-08-27T21:38Z,facundo buonanotte,5379677,50,11214
2026-08-27T21:38Z,iñigo arguibide,616063,70,12823
2026-08-27T21:38Z,carlos espi,12745877,10,12870
2026-08-27T21:38Z,miguel roman,5395813,60,13808
2026-08-27T21:38Z,carlos lopez,386688,10,13978
2026-08-27T21:38Z,carlos puga,4934935,80,13982
2026-08-27T21:38Z,izan merino,5231301,80,13983
2026-08-27T21:38Z,job ochieng,625908,30,14021
2026-08-27T21:38Z,luken beitia,483882,30,15273
2026-08-27T21:38Z,johaneko louis-jean,1235567,50,16229
2026-08-27T21:38Z,dani lorenzo,9796315,80,16286
2026-08-27T21:38Z,alex remiro,39807361,80,1975
2026-08-27T21:38Z,borja mayoral,2384345,30,1989
2026-08-27T21:38Z,pepelu,8798357,60,2715
2026-08-27T21:38Z,alex berenguer,8034315,50,3204
2026-08-27T21:38Z,marc roca,6166557,80,3215
2026-08-27T21:38Z,angeliño,13117117,30,3605
2026-08-27T21:38Z,unai nuñez,6493950,90,3785
2026-08-27T21:38Z,toni martinez,28184272,70,5032
2026-08-27T21:38Z,aitor ruibal,1639439,0,5051
2026-08-27T21:38Z,santi comesaña,27180826,70,5549
2026-08-27T21:38Z,leandro cabrera,12706926,0,582
2026-08-27T21:38Z,odysseas vlachodimos,24013775,95,6235
2026-08-27T21:38Z,fran garcia,13021221,80,6392
2026-08-27T21:38Z,andres martin,21773864,90,6890
2026-08-27T21:38Z,diego javier llorente,11610130,40,707
2026-08-27T21:38Z,ivan romero,6314932,80,7629
2026-08-27T21:38Z,ferran jutgla,9061209,60,7842
2026-08-27T21:38Z,antonio blanco,15048694,90,8737
2026-08-27T21:38Z,matias dituro,9005409,90,9161
2026-08-27T21:38Z,carl starfelt,12362328,50,9612
2026-08-27T21:38Z,manolo gonzalez,853687,,e105
2026-08-27T22:47Z,peque,2762272,50,10341
2026-08-27T22:47Z,facundo buonanotte,5276138,50,11214
2026-08-27T22:47Z,iñigo arguibide,666816,70,12823
2026-08-27T22:47Z,carlos espi,13088371,10,12870
2026-08-27T22:47Z,miguel roman,5462983,70,13808
2026-08-27T22:47Z,carlos lopez,386761,10,13978
2026-08-27T22:47Z,carlos puga,4962087,80,13982
2026-08-27T22:47Z,izan merino,5183895,80,13983
2026-08-27T22:47Z,job ochieng,617449,30,14021
2026-08-27T22:47Z,luken beitia,480066,30,15273
2026-08-27T22:47Z,johaneko louis-jean,1206191,20,16229
2026-08-27T22:47Z,dani lorenzo,9968901,80,16286
2026-08-27T22:47Z,unai lopez,7880581,80,1881
2026-08-27T22:47Z,alex remiro,39715601,80,1975
2026-08-27T22:47Z,borja mayoral,2336342,30,1989
2026-08-27T22:47Z,pepelu,9147985,60,2715
2026-08-27T22:47Z,alex berenguer,7983905,50,3204
2026-08-27T22:47Z,marc roca,6308485,80,3215
2026-08-27T22:47Z,angeliño,12828689,30,3605
2026-08-27T22:47Z,unai nuñez,6771994,90,3785
2026-08-27T22:47Z,toni martinez,28227292,70,5032
2026-08-27T22:47Z,aitor ruibal,1590803,0,5051
2026-08-27T22:47Z,santi comesaña,26713343,70,5549
2026-08-27T22:47Z,leandro cabrera,12350260,0,582
2026-08-27T22:47Z,odysseas vlachodimos,24557711,95,6235
2026-08-27T22:47Z,fran garcia,13718326,80,6392
2026-08-27T22:47Z,andres martin,21903858,90,6890
2026-08-27T22:47Z,diego javier llorente,11837604,40,707
2026-08-27T22:47Z,ivan romero,6235446,80,7629
2026-08-27T22:47Z,ferran jutgla,8966284,70,7842
2026-08-27T22:47Z,raul moro,13761386,50,7870
2026-08-27T22:47Z,antonio blanco,15080580,90,8737
2026-08-27T22:47Z,matias dituro,9030981,90,9161
2026-08-27T22:47Z,carl starfelt,12097243,70,9612
2026-08-27T22:47Z,manolo gonzalez,835080,,e105
2026-08-28T06:25Z,facundo buonanotte,5276138,50,11214
2026-08-28T06:25Z,iñigo arguibide,666816,70,12823
2026-08-28T06:25Z,carlos espi,13088371,10,12870
2026-08-28T06:25Z,miguel roman,5462983,70,13808
2026-08-28T06:25Z,carlos lopez,386761,10,13978
2026-08-28T06:25Z,izan merino,5183895,80,13983
2026-08-28T06:25Z,job ochieng,617449,30,14021
2026-08-28T06:25Z,luken beitia,480066,30,15273
2026-08-28T06:25Z,johaneko louis-jean,1206191,20,16229
2026-08-28T06:25Z,dani lorenzo,9968901,80,16286
2026-08-28T06:25Z,unai lopez,7880581,80,1881
2026-08-28T06:25Z,alex remiro,39715601,80,1975
2026-08-28T06:25Z,borja mayoral,2336342,30,1989
2026-08-28T06:25Z,pepelu,9147985,60,2715
2026-08-28T06:25Z,alex berenguer,7983905,50,3204
2026-08-28T06:25Z,marc roca,6308485,80,3215
2026-08-28T06:25Z,angeliño,12828689,30,3605
2026-08-28T06:25Z,unai nuñez,6771994,90,3785
2026-08-28T06:25Z,toni martinez,28227292,70,5032
2026-08-28T06:25Z,aitor ruibal,1590803,0,5051
2026-08-28T06:25Z,leandro cabrera,12350260,0,582
2026-08-28T06:25Z,odysseas vlachodimos,24557711,95,6235
2026-08-28T06:25Z,fran garcia,13718326,80,6392
2026-08-28T06:25Z,andres martin,21903858,90,6890
2026-08-28T06:25Z,diego javier llorente,11837604,40,707
2026-08-28T06:25Z,ivan romero,6235446,80,7629
2026-08-28T06:25Z,ferran jutgla,8966284,80,7842
2026-08-28T06:25Z,raul moro,13761386,50,7870
2026-08-28T06:25Z,matias dituro,9030981,90,9161
2026-08-28T06:25Z,carl starfelt,12097243,70,9612
2026-08-28T06:25Z,manolo gonzalez,835080,,e105
2026-08-28T21:57Z,alvaro mantilla,2300675,90,10336
2026-08-28T21:57Z,peque,2762272,50,10341
2026-08-28T21:57Z,carlos dotor,4075505,70,10860
2026-08-28T21:57Z,facundo buonanotte,5276138,60,11214
2026-08-28T21:57Z,alex calatrava,5078547,70,11863
2026-08-28T21:57Z,iñigo arguibide,666816,70,12823
2026-08-28T21:57Z,carlos espi,13088371,10,12870
2026-08-28T21:57Z,nordin al lal,460179,,12990
2026-08-28T21:57Z,andres castrin,3852181,50,13888
2026-08-28T21:57Z,carlos puga,4962087,80,13982
2026-08-28T21:57Z,izan merino,5183895,80,13983
2026-08-28T21:57Z,ali houary,1777585,30,14118
2026-08-28T21:57Z,miguel sierra,1189929,70,16236
2026-08-28T21:57Z,dani lorenzo,9968901,80,16286
2026-08-28T21:57Z,jorge cestero,561818,,16948
2026-08-28T21:57Z,denis suarez,2540822,0,1778
2026-08-28T21:57Z,unai lopez,7880581,80,1881
2026-08-28T21:57Z,alex berenguer,7983905,50,3204
2026-08-28T21:57Z,marc roca,6308485,80,3215
2026-08-28T21:57Z,bernardo silva,59704121,60,3431
2026-08-28T21:57Z,unai nuñez,6771994,90,3785
2026-08-28T21:57Z,pedro bigas,3669564,50,404
2026-08-28T21:57Z,ibrahima konate,50133781,70,4884
2026-08-28T21:57Z,toni martinez,28227292,100,5032
2026-08-28T21:57Z,santi comesaña,26713343,100,5549
2026-08-28T21:57Z,leandro cabrera,12350260,0,582
2026-08-28T21:57Z,odysseas vlachodimos,24557711,95,6235
2026-08-28T21:57Z,fran garcia,13718326,90,6392
2026-08-28T21:57Z,randy nteka,1351667,30,6853
2026-08-28T21:57Z,andres martin,21903858,0,6890
2026-08-28T21:57Z,diego javier llorente,11837604,40,707
2026-08-28T21:57Z,raul moro,13761386,50,7870
2026-08-28T21:57Z,aitor paredes,7072857,50,7916
2026-08-28T21:57Z,moi gomez,1862067,50,841
2026-08-28T21:57Z,antonio blanco,15080580,100,8737
2026-08-28T21:57Z,matias dituro,9030981,90,9161
2026-08-28T21:57Z,ruben sanchez,430527,0,9695
2026-08-28T21:57Z,luis castro,924359,,e119
2026-08-28T21:57Z,jose mourinho,9316858,,e174
2026-08-28T22:42Z,alvaro mantilla,2262901,90,10336
2026-08-28T22:42Z,peque,2801909,50,10341
2026-08-28T22:42Z,carlos dotor,4177749,70,10860
2026-08-28T22:42Z,facundo buonanotte,5176719,60,11214
2026-08-28T22:42Z,alex calatrava,5292871,70,11863
2026-08-28T22:42Z,iñigo arguibide,749354,70,12823
2026-08-28T22:42Z,carlos espi,13491296,10,12870
2026-08-28T22:42Z,nordin al lal,457928,,12990
2026-08-28T22:42Z,andres castrin,3851545,50,13888
2026-08-28T22:42Z,carlos puga,4969654,80,13982
2026-08-28T22:42Z,izan merino,5128515,80,13983
2026-08-28T22:42Z,ali houary,1734444,30,14118
2026-08-28T22:42Z,miguel sierra,1245738,70,16236
2026-08-28T22:42Z,dani lorenzo,10154238,80,16286
2026-08-28T22:42Z,jorge cestero,555501,,16948
2026-08-28T22:42Z,denis suarez,2548753,0,1778
2026-08-28T22:42Z,unai lopez,8074090,80,1881
2026-08-28T22:42Z,alex berenguer,7879937,50,3204
2026-08-28T22:42Z,marc roca,6430739,80,3215
2026-08-28T22:42Z,bernardo silva,59031412,60,3431
2026-08-28T22:42Z,unai nuñez,7002115,90,3785
2026-08-28T22:42Z,pedro bigas,3609280,50,404
2026-08-28T22:42Z,ibrahima konate,50899546,70,4884
2026-08-28T22:42Z,toni martinez,28235707,100,5032
2026-08-28T22:42Z,santi comesaña,26262988,100,5549
2026-08-28T22:42Z,leandro cabrera,12015069,0,582
2026-08-28T22:42Z,odysseas vlachodimos,25075922,95,6235
2026-08-28T22:42Z,fran garcia,14582255,90,6392
2026-08-28T22:42Z,randy nteka,1349506,30,6853
2026-08-28T22:42Z,andres martin,21891295,0,6890
2026-08-28T22:42Z,diego javier llorente,12100106,40,707
2026-08-28T22:42Z,raul moro,13458217,50,7870
2026-08-28T22:42Z,aitor paredes,7227932,50,7916
2026-08-28T22:42Z,moi gomez,1924794,50,841
2026-08-28T22:42Z,antonio blanco,15030616,100,8737
2026-08-28T22:42Z,matias dituro,9048474,90,9161
2026-08-28T22:42Z,ruben sanchez,429463,0,9695
2026-08-28T22:42Z,luis castro,903542,,e119
2026-08-28T22:42Z,jose mourinho,9024905,,e174
2026-08-29T12:01Z,alvaro mantilla,2262901,90,10336
2026-08-29T12:01Z,peque,2801909,50,10341
2026-08-29T12:01Z,carlos dotor,4177749,70,10860
2026-08-29T12:01Z,facundo buonanotte,5176719,60,11214
2026-08-29T12:01Z,alex calatrava,5292871,70,11863
2026-08-29T12:01Z,iñigo arguibide,749354,70,12823
2026-08-29T12:01Z,carlos espi,13491296,10,12870
2026-08-29T12:01Z,nordin al lal,457928,,12990
2026-08-29T12:01Z,andres castrin,3851545,50,13888
2026-08-29T12:01Z,carlos puga,4969654,80,13982
2026-08-29T12:01Z,izan merino,5128515,80,13983
2026-08-29T12:01Z,ali houary,1734444,30,14118
2026-08-29T12:01Z,miguel sierra,1245738,70,16236
2026-08-29T12:01Z,dani lorenzo,10154238,80,16286
2026-08-29T12:01Z,jorge cestero,555501,,16948
2026-08-29T12:01Z,denis suarez,2548753,30,1778
2026-08-29T12:01Z,unai lopez,8074090,80,1881
2026-08-29T12:01Z,alex berenguer,7879937,50,3204
2026-08-29T12:01Z,marc roca,6430739,80,3215
2026-08-29T12:01Z,bernardo silva,59031412,60,3431
2026-08-29T12:01Z,unai nuñez,7002115,90,3785
2026-08-29T12:01Z,pedro bigas,3609280,50,404
2026-08-29T12:01Z,ibrahima konate,50899546,70,4884
2026-08-29T12:01Z,toni martinez,28235707,70,5032
2026-08-29T12:01Z,santi comesaña,26262988,60,5549
2026-08-29T12:01Z,leandro cabrera,12015069,0,582
2026-08-29T12:01Z,odysseas vlachodimos,25075922,95,6235
2026-08-29T12:01Z,fran garcia,14582255,90,6392
2026-08-29T12:01Z,randy nteka,1349506,30,6853
2026-08-29T12:01Z,andres martin,21891295,0,6890
2026-08-29T12:01Z,diego javier llorente,12100106,40,707
2026-08-29T12:01Z,raul moro,13458217,50,7870
2026-08-29T12:01Z,aitor paredes,7227932,50,7916
2026-08-29T12:01Z,moi gomez,1924794,50,841
2026-08-29T12:01Z,antonio blanco,15030616,90,8737
2026-08-29T12:01Z,matias dituro,9048474,90,9161
2026-08-29T12:01Z,ruben sanchez,429463,0,9695
2026-08-29T12:01Z,luis castro,903542,,e119
2026-08-29T12:01Z,jose mourinho,9024905,,e174
2026-08-29T13:08Z,alvaro mantilla,2262901,90,10336
2026-08-29T13:08Z,peque,2801909,50,10341
2026-08-29T13:08Z,carlos dotor,4177749,70,10860
2026-08-29T13:08Z,facundo buonanotte,5176719,60,11214
2026-08-29T13:08Z,alex calatrava,5292871,70,11863
2026-08-29T13:08Z,iñigo arguibide,749354,70,12823
2026-08-29T13:08Z,carlos espi,13491296,10,12870
2026-08-29T13:08Z,nordin al lal,457928,,12990
2026-08-29T13:08Z,andres castrin,3851545,50,13888
2026-08-29T13:08Z,carlos puga,4969654,80,13982
2026-08-29T13:08Z,izan merino,5128515,80,13983
2026-08-29T13:08Z,ali houary,1734444,30,14118
2026-08-29T13:08Z,miguel sierra,1245738,70,16236
2026-08-29T13:08Z,dani lorenzo,10154238,80,16286
2026-08-29T13:08Z,jorge cestero,555501,,16948
2026-08-29T13:08Z,denis suarez,2548753,30,1778
2026-08-29T13:08Z,unai lopez,8074090,80,1881
2026-08-29T13:08Z,alex berenguer,7879937,50,3204
2026-08-29T13:08Z,marc roca,6430739,80,3215
2026-08-29T13:08Z,bernardo silva,59031412,60,3431
2026-08-29T13:08Z,unai nuñez,7002115,90,3785
2026-08-29T13:08Z,pedro bigas,3609280,50,404
2026-08-29T13:08Z,ibrahima konate,50899546,70,4884
2026-08-29T13:08Z,toni martinez,28235707,70,5032
2026-08-29T13:08Z,santi comesaña,26262988,60,5549
2026-08-29T13:08Z,leandro cabrera,12015069,0,582
2026-08-29T13:08Z,odysseas vlachodimos,25075922,95,6235
2026-08-29T13:08Z,fran garcia,14582255,90,6392
2026-08-29T13:08Z,randy nteka,1349506,30,6853
2026-08-29T13:08Z,andres martin,21891295,0,6890
2026-08-29T13:08Z,diego javier llorente,12100106,40,707
2026-08-29T13:08Z,raul moro,13458217,50,7870
2026-08-29T13:08Z,aitor paredes,7227932,50,7916
2026-08-29T13:08Z,moi gomez,1924794,50,841
2026-08-29T13:08Z,antonio blanco,15030616,90,8737
2026-08-29T13:08Z,matias dituro,9048474,90,9161
2026-08-29T13:08Z,ruben sanchez,429463,0,9695
2026-08-29T13:08Z,luis castro,903542,,e119
2026-08-29T13:08Z,jose mourinho,9024905,,e174
2026-08-29T13:29Z,alvaro mantilla,2262901,90,10336
2026-08-29T13:29Z,peque,2801909,50,10341
2026-08-29T13:29Z,carlos dotor,4177749,70,10860
2026-08-29T13:29Z,facundo buonanotte,5176719,60,11214
2026-08-29T13:29Z,alex calatrava,5292871,70,11863
2026-08-29T13:29Z,iñigo arguibide,749354,70,12823
2026-08-29T13:29Z,carlos espi,13491296,10,12870
2026-08-29T13:29Z,nordin al lal,457928,,12990
2026-08-29T13:29Z,andres castrin,3851545,50,13888
2026-08-29T13:29Z,carlos puga,4969654,80,13982
2026-08-29T13:29Z,izan merino,5128515,80,13983
2026-08-29T13:29Z,ali houary,1734444,30,14118
2026-08-29T13:29Z,miguel sierra,1245738,70,16236
2026-08-29T13:29Z,dani lorenzo,10154238,80,16286
2026-08-29T13:29Z,jorge cestero,555501,,16948
2026-08-29T13:29Z,denis suarez,2548753,30,1778
2026-08-29T13:29Z,unai lopez,8074090,80,1881
2026-08-29T13:29Z,alex berenguer,7879937,50,3204
2026-08-29T13:29Z,marc roca,6430739,80,3215
2026-08-29T13:29Z,bernardo silva,59031412,60,3431
2026-08-29T13:29Z,unai nuñez,7002115,90,3785
2026-08-29T13:29Z,pedro bigas,3609280,50,404
2026-08-29T13:29Z,ibrahima konate,50899546,70,4884
2026-08-29T13:29Z,toni martinez,28235707,70,5032
2026-08-29T13:29Z,santi comesaña,26262988,60,5549
2026-08-29T13:29Z,leandro cabrera,12015069,0,582
2026-08-29T13:29Z,odysseas vlachodimos,25075922,95,6235
2026-08-29T13:29Z,fran garcia,14582255,90,6392
2026-08-29T13:29Z,randy nteka,1349506,30,6853
2026-08-29T13:29Z,andres martin,21891295,0,6890
2026-08-29T13:29Z,diego javier llorente,12100106,40,707
2026-08-29T13:29Z,raul moro,13458217,50,7870
2026-08-29T13:29Z,aitor paredes,7227932,50,7916
2026-08-29T13:29Z,moi gomez,1924794,50,841
2026-08-29T13:29Z,antonio blanco,15030616,90,8737
2026-08-29T13:29Z,matias dituro,9048474,90,9161
2026-08-29T13:29Z,ruben sanchez,429463,0,9695
2026-08-29T13:29Z,luis castro,903542,,e119
2026-08-29T13:29Z,jose mourinho,9024905,,e174
2026-08-29T13:44Z,alvaro mantilla,2262901,90,10336
2026-08-29T13:44Z,peque,2801909,50,10341
2026-08-29T13:44Z,carlos dotor,4177749,70,10860
2026-08-29T13:44Z,facundo buonanotte,5176719,60,11214
2026-08-29T13:44Z,alex calatrava,5292871,70,11863
2026-08-29T13:44Z,iñigo arguibide,749354,70,12823
2026-08-29T13:44Z,carlos espi,13491296,10,12870
2026-08-29T13:44Z,nordin al lal,457928,,12990
2026-08-29T13:44Z,andres castrin,3851545,50,13888
2026-08-29T13:44Z,carlos puga,4969654,80,13982
2026-08-29T13:44Z,izan merino,5128515,80,13983
2026-08-29T13:44Z,ali houary,1734444,30,14118
2026-08-29T13:44Z,miguel sierra,1245738,70,16236
2026-08-29T13:44Z,dani lorenzo,10154238,80,16286
2026-08-29T13:44Z,jorge cestero,555501,,16948
2026-08-29T13:44Z,denis suarez,2548753,30,1778
2026-08-29T13:44Z,unai lopez,8074090,80,1881
2026-08-29T13:44Z,alex berenguer,7879937,50,3204
2026-08-29T13:44Z,marc roca,6430739,80,3215
2026-08-29T13:44Z,bernardo silva,59031412,60,3431
2026-08-29T13:44Z,unai nuñez,7002115,90,3785
2026-08-29T13:44Z,pedro bigas,3609280,50,404
2026-08-29T13:44Z,ibrahima konate,50899546,70,4884
2026-08-29T13:44Z,toni martinez,28235707,70,5032
2026-08-29T13:44Z,santi comesaña,26262988,60,5549
2026-08-29T13:44Z,leandro cabrera,12015069,0,582
2026-08-29T13:44Z,odysseas vlachodimos,25075922,95,6235
2026-08-29T13:44Z,fran garcia,14582255,90,6392
2026-08-29T13:44Z,randy nteka,1349506,30,6853
2026-08-29T13:44Z,andres martin,21891295,0,6890
2026-08-29T13:44Z,diego javier llorente,12100106,40,707
2026-08-29T13:44Z,raul moro,13458217,50,7870
2026-08-29T13:44Z,aitor paredes,7227932,50,7916
2026-08-29T13:44Z,moi gomez,1924794,50,841
2026-08-29T13:44Z,antonio blanco,15030616,90,8737
2026-08-29T13:44Z,matias dituro,9048474,90,9161
2026-08-29T13:44Z,ruben sanchez,429463,0,9695
2026-08-29T13:44Z,luis castro,903542,,e119
2026-08-29T13:44Z,jose mourinho,9024905,,e174
2026-08-29T13:59Z,alvaro mantilla,2262901,90,10336
2026-08-29T13:59Z,peque,2801909,50,10341
2026-08-29T13:59Z,carlos dotor,4177749,70,10860
2026-08-29T13:59Z,facundo buonanotte,5176719,60,11214
2026-08-29T13:59Z,alex calatrava,5292871,70,11863
2026-08-29T13:59Z,iñigo arguibide,749354,70,12823
2026-08-29T13:59Z,carlos espi,13491296,10,12870
2026-08-29T13:59Z,nordin al lal,457928,,12990
2026-08-29T13:59Z,andres castrin,3851545,50,13888
2026-08-29T13:59Z,carlos puga,4969654,80,13982
2026-08-29T13:59Z,izan merino,5128515,80,13983
2026-08-29T13:59Z,ali houary,1734444,30,14118
2026-08-29T13:59Z,miguel sierra,1245738,70,16236
2026-08-29T13:59Z,dani lorenzo,10154238,80,16286
2026-08-29T13:59Z,jorge cestero,555501,,16948
2026-08-29T13:59Z,denis suarez,2548753,30,1778
2026-08-29T13:59Z,unai lopez,8074090,80,1881
2026-08-29T13:59Z,alex berenguer,7879937,50,3204
2026-08-29T13:59Z,marc roca,6430739,80,3215
2026-08-29T13:59Z,bernardo silva,59031412,60,3431
2026-08-29T13:59Z,unai nuñez,7002115,90,3785
2026-08-29T13:59Z,pedro bigas,3609280,50,404
2026-08-29T13:59Z,ibrahima konate,50899546,70,4884
2026-08-29T13:59Z,toni martinez,28235707,70,5032
2026-08-29T13:59Z,santi comesaña,26262988,60,5549
2026-08-29T13:59Z,leandro cabrera,12015069,0,582
2026-08-29T13:59Z,odysseas vlachodimos,25075922,95,6235
2026-08-29T13:59Z,fran garcia,14582255,90,6392
2026-08-29T13:59Z,randy nteka,1349506,30,6853
2026-08-29T13:59Z,andres martin,21891295,0,6890
2026-08-29T13:59Z,diego javier llorente,12100106,40,707
2026-08-29T13:59Z,raul moro,13458217,50,7870
2026-08-29T13:59Z,aitor paredes,7227932,50,7916
2026-08-29T13:59Z,moi gomez,1924794,50,841
2026-08-29T13:59Z,antonio blanco,15030616,90,8737
2026-08-29T13:59Z,matias dituro,9048474,90,9161
2026-08-29T13:59Z,ruben sanchez,429463,0,9695
2026-08-29T13:59Z,luis castro,903542,,e119
2026-08-29T13:59Z,jose mourinho,9024905,,e174
2026-08-29T21:08Z,peque,2801909,100,10341
2026-08-29T21:08Z,carlos romero,35868972,70,11172
2026-08-29T21:08Z,alex calatrava,5292871,70,11863
2026-08-29T21:08Z,iñigo arguibide,749354,70,12823
2026-08-29T21:08Z,carlos puga,4969654,80,13982
2026-08-29T21:08Z,aissa mandi,8710412,90,1566
2026-08-29T21:08Z,miguel sierra,1245738,100,16236
2026-08-29T21:08Z,sergio martinez,1678196,40,16262
2026-08-29T21:08Z,denis suarez,2548753,30,1778
2026-08-29T21:08Z,arouna sangante,11404017,0,18014
2026-08-29T21:08Z,justin de haas,7122231,0,18018
2026-08-29T21:08Z,ryunosuke sato,11687889,70,18031
2026-08-29T21:08Z,hugo perez,1078240,,18222
2026-08-29T21:08Z,unai lopez,8074090,80,1881
2026-08-29T21:08Z,federico valverde,72407429,80,3758
2026-08-29T21:08Z,unai nuñez,7002115,90,3785
2026-08-29T21:08Z,toni martinez,28235707,70,5032
2026-08-29T21:08Z,santi comesaña,26262988,60,5549
2026-08-29T21:08Z,juan berrocal,1115961,0,5671
2026-08-29T21:08Z,thibaut courtois,65503935,95,59
2026-08-29T21:08Z,odysseas vlachodimos,25075922,100,6235
2026-08-29T21:08Z,kang-in lee,52477328,100,6337
2026-08-29T21:08Z,fran garcia,14582255,80,6392
2026-08-29T21:08Z,randy nteka,1349506,30,6853
2026-08-29T21:08Z,aleix febas,23917434,80,6885
2026-08-29T21:08Z,andres martin,21891295,0,6890
2026-08-29T21:08Z,takefusa kubo,28068098,70,7091
2026-08-29T21:08Z,aitor paredes,7227932,50,7916
2026-08-29T21:08Z,antonio blanco,15030616,90,8737
2026-08-29T21:08Z,alberto moleiro,57627318,60,9990
2026-08-29T21:08Z,pellegrino matarazzo,2429953,,e120
2026-08-29T21:08Z,luis miguel ramis,1003359,,e123
2026-08-29T22:42Z,alvaro mantilla,2220388,90,10336
2026-08-29T22:42Z,peque,2805766,100,10341
2026-08-29T22:42Z,carlos romero,35107516,70,11172
2026-08-29T22:42Z,alex calatrava,5449290,70,11863
2026-08-29T22:42Z,iñigo arguibide,821525,70,12823
2026-08-29T22:42Z,carlos puga,4965067,80,13982
2026-08-29T22:42Z,ali houary,1685716,30,14118
2026-08-29T22:42Z,aissa mandi,8869488,90,1566
2026-08-29T22:42Z,miguel sierra,1282251,100,16236
2026-08-29T22:42Z,sergio martinez,1736327,40,16262
2026-08-29T22:42Z,denis suarez,2544002,30,1778
2026-08-29T22:42Z,arouna sangante,11685952,0,18014
2026-08-29T22:42Z,justin de haas,6906689,0,18018
2026-08-29T22:42Z,ryunosuke sato,11444725,70,18031
2026-08-29T22:42Z,hugo perez,1054024,,18222
2026-08-29T22:42Z,unai lopez,8251496,80,1881
2026-08-29T22:42Z,federico valverde,72831375,80,3758
2026-08-29T22:42Z,unai nuñez,7226526,90,3785
2026-08-29T22:42Z,toni martinez,27778290,70,5032
2026-08-29T22:42Z,santi comesaña,25696274,60,5549
2026-08-29T22:42Z,juan berrocal,1090236,0,5671
2026-08-29T22:42Z,thibaut courtois,65288925,95,59
2026-08-29T22:42Z,odysseas vlachodimos,25651845,100,6235
2026-08-29T22:42Z,kang-in lee,53680803,100,6337
2026-08-29T22:42Z,fran garcia,15400091,80,6392
2026-08-29T22:42Z,randy nteka,1340991,30,6853
2026-08-29T22:42Z,aleix febas,23617307,80,6885
2026-08-29T22:42Z,andres martin,21412096,0,6890
2026-08-29T22:42Z,takefusa kubo,27808291,70,7091
2026-08-29T22:42Z,aitor paredes,7345599,50,7916
2026-08-29T22:42Z,antonio blanco,15219349,90,8737
2026-08-29T22:42Z,alberto moleiro,56556430,60,9990
2026-08-29T22:42Z,pellegrino matarazzo,2351668,,e120
2026-08-29T22:42Z,luis miguel ramis,982138,,e123
2026-08-30T08:00Z,alvaro mantilla,2220388,90,10336
2026-08-30T08:00Z,peque,2805766,50,10341
2026-08-30T08:00Z,carlos romero,35107516,70,11172
2026-08-30T08:00Z,alex calatrava,5449290,70,11863
2026-08-30T08:00Z,iñigo arguibide,821525,70,12823
2026-08-30T08:00Z,carlos puga,4965067,80,13982
2026-08-30T08:00Z,ali houary,1685716,30,14118
2026-08-30T08:00Z,aissa mandi,8869488,90,1566
2026-08-30T08:00Z,miguel sierra,1282251,80,16236
2026-08-30T08:00Z,sergio martinez,1736327,40,16262
2026-08-30T08:00Z,clemens riedel,6448770,20,16308
2026-08-30T08:00Z,denis suarez,2544002,30,1778
2026-08-30T08:00Z,arouna sangante,11685952,50,18014
2026-08-30T08:00Z,justin de haas,6906689,0,18018
2026-08-30T08:00Z,ryunosuke sato,11444725,70,18031
2026-08-30T08:00Z,hugo perez,1054024,,18222
2026-08-30T08:00Z,unai lopez,8251496,80,1881
2026-08-30T08:00Z,federico valverde,72831375,80,3758
2026-08-30T08:00Z,unai nuñez,7226526,90,3785
2026-08-30T08:00Z,toni martinez,27778290,70,5032
2026-08-30T08:00Z,santi comesaña,25696274,60,5549
2026-08-30T08:00Z,juan berrocal,1090236,0,5671
2026-08-30T08:00Z,thibaut courtois,65288925,95,59
2026-08-30T08:00Z,odysseas vlachodimos,25651845,95,6235
2026-08-30T08:00Z,kang-in lee,53680803,70,6337
2026-08-30T08:00Z,fran garcia,15400091,80,6392
2026-08-30T08:00Z,randy nteka,1340991,30,6853
2026-08-30T08:00Z,aleix febas,23617307,80,6885
2026-08-30T08:00Z,andres martin,21412096,0,6890
2026-08-30T08:00Z,takefusa kubo,27808291,70,7091
2026-08-30T08:00Z,guido rodriguez,24499776,0,7676
2026-08-30T08:00Z,aitor paredes,7345599,50,7916
2026-08-30T08:00Z,antonio blanco,15219349,90,8737
2026-08-30T08:00Z,alberto moleiro,56556430,60,9990
2026-08-30T08:00Z,pellegrino matarazzo,2351668,,e120
2026-08-30T08:00Z,luis miguel ramis,982138,,e123
2026-08-30T21:13Z,alvaro mantilla,2220388,90,10336
2026-08-30T21:13Z,peque,2805766,50,10341
2026-08-30T21:13Z,alex calatrava,5449290,70,11863
2026-08-30T21:13Z,johnny cardoso,4098964,20,12647
2026-08-30T21:13Z,iñigo arguibide,821525,70,12823
2026-08-30T21:13Z,christantus uche,13008311,0,13780
2026-08-30T21:13Z,carlos puga,4965067,80,13982
2026-08-30T21:13Z,ali houary,1685716,30,14118
2026-08-30T21:13Z,yan diomande,69688300,30,15342
2026-08-30T21:13Z,mauro echegoyen,527004,,16158
2026-08-30T21:13Z,miguel sierra,1282251,80,16236
2026-08-30T21:13Z,dani lorenzo,10376224,70,16286
2026-08-30T21:13Z,clemens riedel,6448770,20,16308
2026-08-30T21:13Z,denis suarez,2544002,30,1778
2026-08-30T21:13Z,teun gijselhart,1949117,10,18017
2026-08-30T21:13Z,unai lopez,8251496,80,1881
2026-08-30T21:13Z,ivan villar,724398,,3255
2026-08-30T21:13Z,unai nuñez,7226526,90,3785
2026-08-30T21:13Z,lucas boye,11847651,80,5124
2026-08-30T21:13Z,fran garcia,15400091,80,6392
2026-08-30T21:13Z,alvaro fidalgo,1961792,20,6393
2026-08-30T21:13Z,randy nteka,1340991,30,6853
2026-08-30T21:13Z,aleix febas,23617307,100,6885
2026-08-30T21:13Z,robert navarro,1765332,100,7293
2026-08-30T21:13Z,pathe ciss,18472757,40,7307
2026-08-30T21:13Z,anthony gordon,67083486,50,7595
2026-08-30T21:13Z,aitor paredes,7345599,100,7916
2026-08-30T21:13Z,antonio blanco,15219349,90,8737
2026-08-30T21:13Z,alberto moleiro,56556430,60,9990
2026-08-30T21:13Z,claudio giraldez,1507310,,e101
2026-08-30T21:13Z,pepe bordalas,24128719,,e35
2026-08-30T21:48Z,alvaro mantilla,2220388,90,10336
2026-08-30T21:48Z,peque,2805766,50,10341
2026-08-30T21:48Z,alex calatrava,5449290,70,11863
2026-08-30T21:48Z,johnny cardoso,4098964,20,12647
2026-08-30T21:48Z,iñigo arguibide,821525,70,12823
2026-08-30T21:48Z,christantus uche,13008311,0,13780
2026-08-30T21:48Z,carlos puga,4965067,80,13982
2026-08-30T21:48Z,ali houary,1685716,30,14118
2026-08-30T21:48Z,yan diomande,69688300,30,15342
2026-08-30T21:48Z,mauro echegoyen,527004,,16158
2026-08-30T21:48Z,miguel sierra,1282251,80,16236
2026-08-30T21:48Z,dani lorenzo,10376224,70,16286
2026-08-30T21:48Z,clemens riedel,6448770,20,16308
2026-08-30T21:48Z,denis suarez,2544002,30,1778
2026-08-30T21:48Z,teun gijselhart,1949117,10,18017
2026-08-30T21:48Z,ivan villar,724398,,3255
2026-08-30T21:48Z,unai nuñez,7226526,90,3785
2026-08-30T21:48Z,lucas boye,11847651,80,5124
2026-08-30T21:48Z,fran garcia,15400091,80,6392
2026-08-30T21:48Z,alvaro fidalgo,1961792,20,6393
2026-08-30T21:48Z,randy nteka,1340991,30,6853
2026-08-30T21:48Z,aleix febas,23617307,100,6885
2026-08-30T21:48Z,robert navarro,1765332,100,7293
2026-08-30T21:48Z,pathe ciss,18472757,40,7307
2026-08-30T21:48Z,anthony gordon,67083486,50,7595
2026-08-30T21:48Z,aitor paredes,7345599,100,7916
2026-08-30T21:48Z,antonio blanco,15219349,90,8737
2026-08-30T21:48Z,alberto moleiro,56556430,60,9990
2026-08-30T21:48Z,claudio giraldez,1507310,,e101
2026-08-30T21:48Z,pepe bordalas,24128719,,e35
2026-08-30T22:42Z,alvaro mantilla,2178717,90,10336
2026-08-30T22:42Z,peque,2827054,50,10341
2026-08-30T22:42Z,alex calatrava,5650288,70,11863
2026-08-30T22:42Z,johnny cardoso,3992173,20,12647
2026-08-30T22:42Z,iñigo arguibide,892257,70,12823
2026-08-30T22:42Z,christantus uche,12611212,0,13780
2026-08-30T22:42Z,carlos puga,4933367,80,13982
2026-08-30T22:42Z,ali houary,1636791,30,14118
2026-08-30T22:42Z,yan diomande,68270610,30,15342
2026-08-30T22:42Z,mauro echegoyen,524427,,16158
2026-08-30T22:42Z,miguel sierra,1397738,80,16236
2026-08-30T22:42Z,dani lorenzo,10436108,70,16286
2026-08-30T22:42Z,clemens riedel,6431832,20,16308
2026-08-30T22:42Z,denis suarez,2555256,30,1778
2026-08-30T22:42Z,teun gijselhart,1891991,10,18017
2026-08-30T22:42Z,ivan villar,713925,,3255
2026-08-30T22:42Z,unai nuñez,7512714,90,3785
2026-08-30T22:42Z,lucas boye,12481638,80,5124
2026-08-30T22:42Z,fran garcia,15956328,80,6392
2026-08-30T22:42Z,alvaro fidalgo,1908368,20,6393
2026-08-30T22:42Z,randy nteka,1326663,30,6853
2026-08-30T22:42Z,aleix febas,23229795,100,6885
2026-08-30T22:42Z,robert navarro,1729192,100,7293
2026-08-30T22:42Z,pathe ciss,18742258,40,7307
2026-08-30T22:42Z,anthony gordon,67421836,50,7595
2026-08-30T22:42Z,aitor paredes,7434765,100,7916
2026-08-30T22:42Z,antonio blanco,15596229,90,8737
2026-08-30T22:42Z,alberto moleiro,55377900,60,9990
2026-08-30T22:42Z,claudio giraldez,1465521,,e101
2026-08-30T22:42Z,pepe bordalas,23182073,,e35
2026-08-31T05:25Z,alvaro mantilla,2178717,90,10336
2026-08-31T05:25Z,peque,2827054,50,10341
2026-08-31T05:25Z,alex calatrava,5650288,70,11863
2026-08-31T05:25Z,johnny cardoso,3992173,20,12647
2026-08-31T05:25Z,iñigo arguibide,892257,70,12823
2026-08-31T05:25Z,christantus uche,12611212,0,13780
2026-08-31T05:25Z,carlos puga,4933367,80,13982
2026-08-31T05:25Z,ali houary,1636791,30,14118
2026-08-31T05:25Z,yan diomande,68270610,30,15342
2026-08-31T05:25Z,mauro echegoyen,524427,,16158
2026-08-31T05:25Z,miguel sierra,1397738,80,16236
2026-08-31T05:25Z,dani lorenzo,10436108,70,16286
2026-08-31T05:25Z,clemens riedel,6431832,20,16308
2026-08-31T05:25Z,denis suarez,2555256,30,1778
2026-08-31T05:25Z,teun gijselhart,1891991,10,18017
2026-08-31T05:25Z,ivan villar,713925,0,3255
2026-08-31T05:25Z,unai nuñez,7512714,90,3785
2026-08-31T05:25Z,lucas boye,12481638,80,5124
2026-08-31T05:25Z,fran garcia,15956328,80,6392
2026-08-31T05:25Z,alvaro fidalgo,1908368,20,6393
2026-08-31T05:25Z,randy nteka,1326663,30,6853
2026-08-31T05:25Z,aleix febas,23229795,60,6885
2026-08-31T05:25Z,robert navarro,1729192,70,7293
2026-08-31T05:25Z,pathe ciss,18742258,40,7307
2026-08-31T05:25Z,anthony gordon,67421836,50,7595
2026-08-31T05:25Z,aitor paredes,7434765,50,7916
2026-08-31T05:25Z,antonio blanco,15596229,90,8737
2026-08-31T05:25Z,alberto moleiro,55377900,60,9990
2026-08-31T05:25Z,claudio giraldez,1465521,,e101
2026-08-31T05:25Z,pepe bordalas,23182073,,e35
2026-08-31T06:35Z,alvaro mantilla,2178717,90,10336
2026-08-31T06:35Z,peque,2827054,50,10341
2026-08-31T06:35Z,alex calatrava,5650288,70,11863
2026-08-31T06:35Z,johnny cardoso,3992173,20,12647
2026-08-31T06:35Z,iñigo arguibide,892257,70,12823
2026-08-31T06:35Z,christantus uche,12611212,0,13780
2026-08-31T06:35Z,carlos puga,4933367,80,13982
2026-08-31T06:35Z,ali houary,1636791,30,14118
2026-08-31T06:35Z,yan diomande,68270610,30,15342
2026-08-31T06:35Z,mauro echegoyen,524427,,16158
2026-08-31T06:35Z,miguel sierra,1397738,80,16236
2026-08-31T06:35Z,dani lorenzo,10436108,70,16286
2026-08-31T06:35Z,clemens riedel,6431832,20,16308
2026-08-31T06:35Z,denis suarez,2555256,30,1778
2026-08-31T06:35Z,teun gijselhart,1891991,10,18017
2026-08-31T06:35Z,ivan villar,713925,0,3255
2026-08-31T06:35Z,unai nuñez,7512714,90,3785
2026-08-31T06:35Z,lucas boye,12481638,80,5124
2026-08-31T06:35Z,fran garcia,15956328,80,6392
2026-08-31T06:35Z,alvaro fidalgo,1908368,20,6393
2026-08-31T06:35Z,randy nteka,1326663,30,6853
2026-08-31T06:35Z,aleix febas,23229795,60,6885
2026-08-31T06:35Z,robert navarro,1729192,70,7293
2026-08-31T06:35Z,pathe ciss,18742258,40,7307
2026-08-31T06:35Z,anthony gordon,67421836,50,7595
2026-08-31T06:35Z,aitor paredes,7434765,50,7916
2026-08-31T06:35Z,antonio blanco,15596229,90,8737
2026-08-31T06:35Z,alberto moleiro,55377900,60,9990
2026-08-31T06:35Z,claudio giraldez,1465521,,e101
2026-08-31T06:35Z,pepe bordalas,23182073,,e35
2026-08-31T22:17Z,alvaro mantilla,2178717,90,10336
2026-08-31T22:17Z,roony bardghji,1831384,,10658
2026-08-31T22:17Z,arnau ortiz,1159068,30,11579
2026-08-31T22:17Z,alex calatrava,5650288,70,11863
2026-08-31T22:17Z,gabriel suazo,4738045,80,12358
2026-08-31T22:17Z,gerard martin,46371460,0,12641
2026-08-31T22:17Z,iñigo arguibide,892257,100,12823
2026-08-31T22:17Z,carlos espi,14156027,10,12870
2026-08-31T22:17Z,carlos puga,4933367,80,13982
2026-08-31T22:17Z,izan merino,4980909,80,13983
2026-08-31T22:17Z,ali houary,1636791,30,14118
2026-08-31T22:17Z,aliou dieng,2999592,30,15928
2026-08-31T22:17Z,dani lorenzo,10436108,70,16286
2026-08-31T22:17Z,clemens riedel,6431832,20,16308
2026-08-31T22:17Z,denis suarez,2555256,30,1778
2026-08-31T22:17Z,jan oblak,51288840,95,1826
2026-08-31T22:17Z,enes unal,17095836,100,3751
2026-08-31T22:17Z,unai nuñez,7512714,90,3785
2026-08-31T22:17Z,juan foyth,18312915,50,4705
2026-08-31T22:17Z,toni martinez,27116231,70,5032
2026-08-31T22:17Z,leandro cabrera,11480547,50,582
2026-08-31T22:17Z,ander barrenetxea,25694892,50,6363
2026-08-31T22:17Z,randy nteka,1326663,0,6853
2026-08-31T22:17Z,aleix febas,23229795,60,6885
2026-08-31T22:17Z,aitor paredes,7434765,50,7916
2026-08-31T22:17Z,boyomo,22478858,0,8695
2026-08-31T22:17Z,hansi flick,6502232,,e103
2026-08-31T22:17Z,antonio hidalgo,1067478,,e170
2026-08-31T22:44Z,alvaro mantilla,2135545,90,10336
2026-08-31T22:44Z,roony bardghji,1774885,,10658
2026-08-31T22:44Z,arnau ortiz,1134282,30,11579
2026-08-31T22:44Z,alex calatrava,5824812,70,11863
2026-08-31T22:44Z,gabriel suazo,4661999,80,12358
2026-08-31T22:44Z,gerard martin,47665967,0,12641
2026-08-31T22:44Z,iñigo arguibide,999694,100,12823
2026-08-31T22:44Z,carlos espi,14217512,10,12870
2026-08-31T22:44Z,carlos puga,4858901,80,13982
2026-08-31T22:44Z,izan merino,4902492,80,13983
2026-08-31T22:44Z,ali houary,1586805,30,14118
2026-08-31T22:44Z,aliou dieng,2908214,30,15928
2026-08-31T22:44Z,dani lorenzo,10282729,70,16286
2026-08-31T22:44Z,clemens riedel,6353670,20,16308
2026-08-31T22:44Z,denis suarez,2552127,30,1778
2026-08-31T22:44Z,jan oblak,51227609,95,1826
2026-08-31T22:44Z,enes unal,17634515,100,3751
2026-08-31T22:44Z,unai nuñez,7863091,90,3785
2026-08-31T22:44Z,juan foyth,18988797,50,4705
2026-08-31T22:44Z,toni martinez,26404921,70,5032
2026-08-31T22:44Z,leandro cabrera,11258274,50,582
2026-08-31T22:44Z,ander barrenetxea,25376515,50,6363
2026-08-31T22:44Z,randy nteka,1305481,0,6853
2026-08-31T22:44Z,aleix febas,22654472,60,6885
2026-08-31T22:44Z,aitor paredes,7814519,50,7916
2026-08-31T22:44Z,boyomo,21835920,0,8695
2026-08-31T22:44Z,hansi flick,6323788,,e103
2026-08-31T22:44Z,antonio hidalgo,1040265,,e170
2026-08-31T22:52Z,alvaro mantilla,2135545,90,10336
2026-08-31T22:52Z,roony bardghji,1774885,,10658
2026-08-31T22:52Z,arnau ortiz,1134282,30,11579
2026-08-31T22:52Z,alex calatrava,5824812,70,11863
2026-08-31T22:52Z,gabriel suazo,4661999,80,12358
2026-08-31T22:52Z,gerard martin,47665967,0,12641
2026-08-31T22:52Z,iñigo arguibide,999694,100,12823
2026-08-31T22:52Z,carlos espi,14217512,10,12870
2026-08-31T22:52Z,carlos puga,4858901,80,13982
2026-08-31T22:52Z,izan merino,4902492,80,13983
2026-08-31T22:52Z,ali houary,1586805,30,14118
2026-08-31T22:52Z,aliou dieng,2908214,30,15928
2026-08-31T22:52Z,dani lorenzo,10282729,70,16286
2026-08-31T22:52Z,clemens riedel,6353670,20,16308
2026-08-31T22:52Z,denis suarez,2552127,30,1778
2026-08-31T22:52Z,jan oblak,51227609,95,1826
2026-08-31T22:52Z,enes unal,17634515,100,3751
2026-08-31T22:52Z,unai nuñez,7863091,90,3785
2026-08-31T22:52Z,juan foyth,18988797,50,4705
2026-08-31T22:52Z,toni martinez,26404921,70,5032
2026-08-31T22:52Z,leandro cabrera,11258274,50,582
2026-08-31T22:52Z,ander barrenetxea,25376515,50,6363
2026-08-31T22:52Z,randy nteka,1305481,0,6853
2026-08-31T22:52Z,aleix febas,22654472,60,6885
2026-08-31T22:52Z,aitor paredes,7814519,50,7916
2026-08-31T22:52Z,boyomo,21835920,0,8695
2026-08-31T22:52Z,hansi flick,6323788,,e103
2026-08-31T22:52Z,antonio hidalgo,1040265,,e170
2026-09-01T07:32Z,alvaro mantilla,2135545,90,10336
2026-09-01T07:32Z,roony bardghji,1774885,0,10658
2026-09-01T07:32Z,arnau ortiz,1134282,30,11579
2026-09-01T07:32Z,alex calatrava,5824812,70,11863
2026-09-01T07:32Z,gabriel suazo,4661999,80,12358
2026-09-01T07:32Z,gerard martin,47665967,70,12641
2026-09-01T07:32Z,iñigo arguibide,999694,70,12823
2026-09-01T07:32Z,carlos espi,14217512,10,12870
2026-09-01T07:32Z,carlos puga,4858901,70,13982
2026-09-01T07:32Z,izan merino,4902492,80,13983
2026-09-01T07:32Z,ali houary,1586805,40,14118
2026-09-01T07:32Z,aliou dieng,2908214,40,15928
2026-09-01T07:32Z,dani lorenzo,10282729,80,16286
2026-09-01T07:32Z,clemens riedel,6353670,20,16308
2026-09-01T07:32Z,denis suarez,2552127,30,1778
2026-09-01T07:32Z,jan oblak,51227609,95,1826
2026-09-01T07:32Z,enes unal,17634515,80,3751
2026-09-01T07:32Z,unai nuñez,7863091,90,3785
2026-09-01T07:32Z,juan foyth,18988797,50,4705
2026-09-01T07:32Z,toni martinez,26404921,60,5032
2026-09-01T07:32Z,leandro cabrera,11258274,50,582
2026-09-01T07:32Z,ander barrenetxea,25376515,50,6363
2026-09-01T07:32Z,aleix febas,22654472,60,6885
2026-09-01T07:32Z,aitor paredes,7814519,50,7916
2026-09-01T07:32Z,boyomo,21835920,80,8695
2026-09-01T07:32Z,hansi flick,6323788,,e103
2026-09-01T07:32Z,antonio hidalgo,1040265,,e170
2026-09-01T07:59Z,alvaro mantilla,2135545,90,10336
2026-09-01T07:59Z,roony bardghji,1774885,0,10658
2026-09-01T07:59Z,arnau ortiz,1134282,30,11579
2026-09-01T07:59Z,alex calatrava,5824812,70,11863
2026-09-01T07:59Z,gabriel suazo,4661999,80,12358
2026-09-01T07:59Z,gerard martin,47665967,70,12641
2026-09-01T07:59Z,iñigo arguibide,999694,70,12823
2026-09-01T07:59Z,carlos espi,14217512,10,12870
2026-09-01T07:59Z,carlos puga,4858901,70,13982
2026-09-01T07:59Z,izan merino,4902492,80,13983
2026-09-01T07:59Z,ali houary,1586805,40,14118
2026-09-01T07:59Z,aliou dieng,2908214,40,15928
2026-09-01T07:59Z,dani lorenzo,10282729,80,16286
2026-09-01T07:59Z,clemens riedel,6353670,20,16308
2026-09-01T07:59Z,denis suarez,2552127,30,1778
2026-09-01T07:59Z,jan oblak,51227609,95,1826
2026-09-01T07:59Z,enes unal,17634515,80,3751
2026-09-01T07:59Z,unai nuñez,7863091,90,3785
2026-09-01T07:59Z,juan foyth,18988797,50,4705
2026-09-01T07:59Z,toni martinez,26404921,60,5032
2026-09-01T07:59Z,leandro cabrera,11258274,50,582
2026-09-01T07:59Z,ander barrenetxea,25376515,50,6363
2026-09-01T07:59Z,aleix febas,22654472,60,6885
2026-09-01T07:59Z,aitor paredes,7814519,50,7916
2026-09-01T07:59Z,boyomo,21835920,80,8695
2026-09-01T07:59Z,hansi flick,6323788,,e103
2026-09-01T07:59Z,antonio hidalgo,1040265,,e170
2026-09-01T10:57Z,alvaro mantilla,2135545,90,10336
2026-09-01T10:57Z,roony bardghji,1774885,0,10658
2026-09-01T10:57Z,arnau ortiz,1134282,30,11579
2026-09-01T10:57Z,alex calatrava,5824812,70,11863
2026-09-01T10:57Z,gabriel suazo,4661999,80,12358
2026-09-01T10:57Z,gerard martin,47665967,70,12641
2026-09-01T10:57Z,iñigo arguibide,999694,70,12823
2026-09-01T10:57Z,carlos espi,14217512,10,12870
2026-09-01T10:57Z,carlos puga,4858901,70,13982
2026-09-01T10:57Z,izan merino,4902492,80,13983
2026-09-01T10:57Z,ali houary,1586805,40,14118
2026-09-01T10:57Z,aliou dieng,2908214,40,15928
2026-09-01T10:57Z,dani lorenzo,10282729,80,16286
2026-09-01T10:57Z,clemens riedel,6353670,20,16308
2026-09-01T10:57Z,denis suarez,2552127,30,1778
2026-09-01T10:57Z,jan oblak,51227609,95,1826
2026-09-01T10:57Z,enes unal,17634515,80,3751
2026-09-01T10:57Z,unai nuñez,7863091,90,3785
2026-09-01T10:57Z,juan foyth,18988797,50,4705
2026-09-01T10:57Z,toni martinez,26404921,60,5032
2026-09-01T10:57Z,leandro cabrera,11258274,50,582
2026-09-01T10:57Z,ander barrenetxea,25376515,50,6363
2026-09-01T10:57Z,aleix febas,22654472,60,6885
2026-09-01T10:57Z,aitor paredes,7814519,50,7916
2026-09-01T10:57Z,boyomo,21835920,80,8695
2026-09-01T10:57Z,hansi flick,6323788,,e103
2026-09-01T10:57Z,antonio hidalgo,1040265,,e170
2026-09-01T20:41Z,alex padilla,1039663,5,10214
2026-09-01T20:41Z,alvaro mantilla,2135545,90,10336
2026-09-01T20:41Z,alex calatrava,5824812,70,11863
2026-09-01T20:41Z,gerard martin,47665967,70,12641
2026-09-01T20:41Z,iñigo arguibide,999694,70,12823
2026-09-01T20:41Z,carlos espi,14217512,10,12870
2026-09-01T20:41Z,carlos puga,4858901,70,13982
2026-09-01T20:41Z,izan merino,4902492,80,13983
2026-09-01T20:41Z,alassane diatta,479725,10,14022
2026-09-01T20:41Z,ali houary,1586805,40,14118
2026-09-01T20:41Z,dani lorenzo,10282729,80,16286
2026-09-01T20:41Z,denis suarez,2552127,30,1778
2026-09-01T20:41Z,yanis musuayi,1800546,10,18294
2026-09-01T20:41Z,carlos soler,31459042,90,2799
2026-09-01T20:41Z,alvaro odriozola,499483,0,2807
2026-09-01T20:41Z,unai nuñez,7863091,90,3785
2026-09-01T20:41Z,toni martinez,26404921,0,5032
2026-09-01T20:41Z,leandro cabrera,11258274,50,582
2026-09-01T20:41Z,arnaut danjuma,5267092,50,6174
2026-09-01T20:41Z,eneko jauregi,880967,10,6814
2026-09-01T20:41Z,marash kumbulla,3401262,5,7100
2026-09-01T20:41Z,aitor paredes,7814519,50,7916
2026-09-01T20:41Z,victor chust,5307922,70,8273
2026-09-01T20:41Z,dimitri foulquier,1425093,10,943
2026-09-01T20:41Z,hugo alvarez,2344246,70,9740
2026-09-01T20:41Z,edin terzic,4229609,,e169
2026-09-01T20:41Z,luis garcia,636753,,e61
2026-09-01T21:07Z,alex padilla,1039663,5,10214
2026-09-01T21:07Z,alvaro mantilla,2135545,90,10336
2026-09-01T21:07Z,alex calatrava,5824812,70,11863
2026-09-01T21:07Z,gerard martin,47665967,70,12641
2026-09-01T21:07Z,iñigo arguibide,999694,70,12823
2026-09-01T21:07Z,carlos espi,14217512,10,12870
2026-09-01T21:07Z,carlos puga,4858901,70,13982
2026-09-01T21:07Z,izan merino,4902492,80,13983
2026-09-01T21:07Z,alassane diatta,479725,10,14022
2026-09-01T21:07Z,ali houary,1586805,40,14118
2026-09-01T21:07Z,dani lorenzo,10282729,80,16286
2026-09-01T21:07Z,denis suarez,2552127,30,1778
2026-09-01T21:07Z,yanis musuayi,1800546,10,18294
2026-09-01T21:07Z,carlos soler,31459042,90,2799
2026-09-01T21:07Z,alvaro odriozola,499483,0,2807
2026-09-01T21:07Z,unai nuñez,7863091,90,3785
2026-09-01T21:07Z,toni martinez,26404921,0,5032
2026-09-01T21:07Z,leandro cabrera,11258274,50,582
2026-09-01T21:07Z,arnaut danjuma,5267092,50,6174
2026-09-01T21:07Z,eneko jauregi,880967,10,6814
2026-09-01T21:07Z,marash kumbulla,3401262,5,7100
2026-09-01T21:07Z,aitor paredes,7814519,50,7916
2026-09-01T21:07Z,victor chust,5307922,70,8273
2026-09-01T21:07Z,dimitri foulquier,1425093,10,943
2026-09-01T21:07Z,hugo alvarez,2344246,70,9740
2026-09-01T21:07Z,edin terzic,4229609,,e169
2026-09-01T21:07Z,luis garcia,636753,,e61
2026-09-01T22:44Z,alex padilla,1013756,5,10214
2026-09-01T22:44Z,alex calatrava,5939073,70,11863
2026-09-01T22:44Z,gerard martin,47938802,70,12641
2026-09-01T22:44Z,iñigo arguibide,1259994,70,12823
2026-09-01T22:44Z,carlos espi,14184402,10,12870
2026-09-01T22:44Z,carlos puga,4807562,70,13982
2026-09-01T22:44Z,izan merino,4822742,80,13983
2026-09-01T22:44Z,alassane diatta,476216,10,14022
2026-09-01T22:44Z,dani lorenzo,10347292,80,16286
2026-09-01T22:44Z,denis suarez,2560066,30,1778
2026-09-01T22:44Z,yanis musuayi,1746055,10,18294
2026-09-01T22:44Z,carlos soler,31406704,90,2799
2026-09-01T22:44Z,alvaro odriozola,495184,0,2807
2026-09-01T22:44Z,unai nuñez,8246799,90,3785
2026-09-01T22:44Z,toni martinez,25586764,0,5032
2026-09-01T22:44Z,leandro cabrera,11018823,50,582
2026-09-01T22:44Z,arnaut danjuma,5165951,50,6174
2026-09-01T22:44Z,eneko jauregi,861409,10,6814
2026-09-01T22:44Z,marash kumbulla,3291862,5,7100
2026-09-01T22:44Z,aitor paredes,8284325,50,7916
2026-09-01T22:44Z,victor chust,5223060,70,8273
2026-09-01T22:44Z,dimitri foulquier,1383770,10,943
2026-09-01T22:44Z,hugo alvarez,2317285,70,9740
2026-09-01T22:44Z,edin terzic,4076105,,e169
2026-09-01T22:44Z,luis garcia,626962,,e61
2026-09-02T07:07Z,alex padilla,1013756,5,10214
2026-09-02T07:07Z,izan merino,4822742,70,13983
2026-09-02T07:07Z,alassane diatta,476216,10,14022
2026-09-02T07:07Z,dani lorenzo,10347292,80,16286
2026-09-02T07:07Z,yanis musuayi,1746055,10,18294
2026-09-02T07:07Z,carlos soler,31406704,90,2799
2026-09-02T07:07Z,alvaro odriozola,495184,0,2807
2026-09-02T07:07Z,toni martinez,25586764,0,5032
2026-09-02T07:07Z,leandro cabrera,11018823,50,582
2026-09-02T07:07Z,arnaut danjuma,5165951,50,6174
2026-09-02T07:07Z,eneko jauregi,861409,10,6814
2026-09-02T07:07Z,marash kumbulla,3291862,5,7100
2026-09-02T07:07Z,victor chust,5223060,70,8273
2026-09-02T07:07Z,dimitri foulquier,1383770,10,943
2026-09-02T07:07Z,hugo alvarez,2317285,70,9740
2026-09-02T07:07Z,edin terzic,4076105,,e169
2026-09-02T07:07Z,luis garcia,626962,,e61
2026-09-02T09:43Z,alex padilla,1013756,5,10214
2026-09-02T09:43Z,izan merino,4822742,70,13983
2026-09-02T09:43Z,alassane diatta,476216,10,14022
2026-09-02T09:43Z,dani lorenzo,10347292,80,16286
2026-09-02T09:43Z,yanis musuayi,1746055,10,18294
2026-09-02T09:43Z,carlos soler,31406704,90,2799
2026-09-02T09:43Z,alvaro odriozola,495184,0,2807
2026-09-02T09:43Z,toni martinez,25586764,0,5032
2026-09-02T09:43Z,leandro cabrera,11018823,50,582
2026-09-02T09:43Z,arnaut danjuma,5165951,50,6174
2026-09-02T09:43Z,eneko jauregi,861409,10,6814
2026-09-02T09:43Z,marash kumbulla,3291862,5,7100
2026-09-02T09:43Z,victor chust,5223060,70,8273
2026-09-02T09:43Z,dimitri foulquier,1383770,10,943
2026-09-02T09:43Z,hugo alvarez,2317285,70,9740
2026-09-02T09:43Z,edin terzic,4076105,,e169
2026-09-02T09:43Z,luis garcia,626962,,e61
2026-09-02T10:58Z,alex padilla,1013756,5,10214
2026-09-02T10:58Z,izan merino,4822742,70,13983
2026-09-02T10:58Z,alassane diatta,476216,10,14022
2026-09-02T10:58Z,dani lorenzo,10347292,80,16286
2026-09-02T10:58Z,yanis musuayi,1746055,10,18294
2026-09-02T10:58Z,carlos soler,31406704,90,2799
2026-09-02T10:58Z,alvaro odriozola,495184,0,2807
2026-09-02T10:58Z,toni martinez,25586764,0,5032
2026-09-02T10:58Z,leandro cabrera,11018823,50,582
2026-09-02T10:58Z,arnaut danjuma,5165951,50,6174
2026-09-02T10:58Z,eneko jauregi,861409,10,6814
2026-09-02T10:58Z,marash kumbulla,3291862,5,7100
2026-09-02T10:58Z,victor chust,5223060,70,8273
2026-09-02T10:58Z,dimitri foulquier,1383770,10,943
2026-09-02T10:58Z,hugo alvarez,2317285,70,9740
2026-09-02T10:58Z,edin terzic,4076105,,e169
2026-09-02T10:58Z,luis garcia,626962,,e61
2026-09-02T14:31Z,alex padilla,1013756,5,10214
2026-09-02T14:31Z,izan merino,4822742,70,13983
2026-09-02T14:31Z,alassane diatta,476216,10,14022
2026-09-02T14:31Z,dani lorenzo,10347292,80,16286
2026-09-02T14:31Z,yanis musuayi,1746055,10,18294
2026-09-02T14:31Z,carlos soler,31406704,90,2799
2026-09-02T14:31Z,alvaro odriozola,495184,0,2807
2026-09-02T14:31Z,toni martinez,25586764,0,5032
2026-09-02T14:31Z,leandro cabrera,11018823,50,582
2026-09-02T14:31Z,arnaut danjuma,5165951,50,6174
2026-09-02T14:31Z,eneko jauregi,861409,10,6814
2026-09-02T14:31Z,marash kumbulla,3291862,5,7100
2026-09-02T14:31Z,victor chust,5223060,70,8273
2026-09-02T14:31Z,dimitri foulquier,1383770,10,943
2026-09-02T14:31Z,hugo alvarez,2317285,70,9740
2026-09-02T14:31Z,edin terzic,4076105,,e169
2026-09-02T14:31Z,luis garcia,626962,,e61
2026-09-02T14:31Z,alex padilla,1013756,5,10214
2026-09-02T14:31Z,izan merino,4822742,70,13983
2026-09-02T14:31Z,alassane diatta,476216,10,14022
2026-09-02T14:31Z,dani lorenzo,10347292,80,16286
2026-09-02T14:31Z,yanis musuayi,1746055,10,18294
2026-09-02T14:31Z,carlos soler,31406704,90,2799
2026-09-02T14:31Z,alvaro odriozola,495184,0,2807
2026-09-02T14:31Z,toni martinez,25586764,0,5032
2026-09-02T14:31Z,leandro cabrera,11018823,50,582
2026-09-02T14:31Z,arnaut danjuma,5165951,50,6174
2026-09-02T14:31Z,eneko jauregi,861409,10,6814
2026-09-02T14:31Z,marash kumbulla,3291862,5,7100
2026-09-02T14:31Z,victor chust,5223060,70,8273
2026-09-02T14:31Z,dimitri foulquier,1383770,10,943
2026-09-02T14:31Z,hugo alvarez,2317285,70,9740
2026-09-02T14:31Z,edin terzic,4076105,,e169
2026-09-02T14:31Z,luis garcia,626962,,e61
2026-09-02T15:08Z,alex padilla,1013756,5,10214
2026-09-02T15:08Z,izan merino,4822742,70,13983
2026-09-02T15:08Z,alassane diatta,476216,10,14022
2026-09-02T15:08Z,dani lorenzo,10347292,80,16286
2026-09-02T15:08Z,yanis musuayi,1746055,10,18294
2026-09-02T15:08Z,carlos soler,31406704,90,2799
2026-09-02T15:08Z,alvaro odriozola,495184,0,2807
2026-09-02T15:08Z,toni martinez,25586764,0,5032
2026-09-02T15:08Z,leandro cabrera,11018823,50,582
2026-09-02T15:08Z,arnaut danjuma,5165951,50,6174
2026-09-02T15:08Z,eneko jauregi,861409,10,6814
2026-09-02T15:08Z,marash kumbulla,3291862,5,7100
2026-09-02T15:08Z,victor chust,5223060,70,8273
2026-09-02T15:08Z,dimitri foulquier,1383770,10,943
2026-09-02T15:08Z,hugo alvarez,2317285,70,9740
2026-09-02T15:08Z,edin terzic,4076105,,e169
2026-09-02T15:08Z,luis garcia,626962,,e61
2026-09-02T16:26Z,alex padilla,1013756,5,10214
2026-09-02T16:26Z,izan merino,4822742,70,13983
2026-09-02T16:26Z,alassane diatta,476216,10,14022
2026-09-02T16:26Z,dani lorenzo,10347292,80,16286
2026-09-02T16:26Z,yanis musuayi,1746055,10,18294
2026-09-02T16:26Z,carlos soler,31406704,90,2799
2026-09-02T16:26Z,alvaro odriozola,495184,0,2807
2026-09-02T16:26Z,toni martinez,25586764,0,5032
2026-09-02T16:26Z,leandro cabrera,11018823,50,582
2026-09-02T16:26Z,arnaut danjuma,5165951,50,6174
2026-09-02T16:26Z,eneko jauregi,861409,10,6814
2026-09-02T16:26Z,marash kumbulla,3291862,5,7100
2026-09-02T16:26Z,victor chust,5223060,70,8273
2026-09-02T16:26Z,dimitri foulquier,1383770,10,943
2026-09-02T16:26Z,hugo alvarez,2317285,70,9740
2026-09-02T16:26Z,edin terzic,4076105,,e169
2026-09-02T16:26Z,luis garcia,626962,,e61
2026-09-02T16:34Z,alex padilla,1013756,5,10214
2026-09-02T16:34Z,izan merino,4822742,70,13983
2026-09-02T16:34Z,alassane diatta,476216,10,14022
2026-09-02T16:34Z,dani lorenzo,10347292,80,16286
2026-09-02T16:34Z,yanis musuayi,1746055,10,18294
2026-09-02T16:34Z,carlos soler,31406704,90,2799
2026-09-02T16:34Z,alvaro odriozola,495184,0,2807
2026-09-02T16:34Z,toni martinez,25586764,0,5032
2026-09-02T16:34Z,leandro cabrera,11018823,50,582
2026-09-02T16:34Z,arnaut danjuma,5165951,50,6174
2026-09-02T16:34Z,eneko jauregi,861409,10,6814
2026-09-02T16:34Z,marash kumbulla,3291862,5,7100
2026-09-02T16:34Z,victor chust,5223060,70,8273
2026-09-02T16:34Z,dimitri foulquier,1383770,10,943
2026-09-02T16:34Z,hugo alvarez,2317285,70,9740
2026-09-02T16:34Z,edin terzic,4076105,,e169
2026-09-02T16:34Z,luis garcia,626962,,e61
2026-09-02T18:24Z,alex padilla,1013756,5,10214
2026-09-02T18:24Z,izan merino,4822742,70,13983
2026-09-02T18:24Z,alassane diatta,476216,10,14022
2026-09-02T18:24Z,dani lorenzo,10347292,80,16286
2026-09-02T18:24Z,yanis musuayi,1746055,10,18294
2026-09-02T18:24Z,carlos soler,31406704,90,2799
2026-09-02T18:24Z,alvaro odriozola,495184,0,2807
2026-09-02T18:24Z,toni martinez,25586764,0,5032
2026-09-02T18:24Z,leandro cabrera,11018823,50,582
2026-09-02T18:24Z,arnaut danjuma,5165951,50,6174
2026-09-02T18:24Z,eneko jauregi,861409,10,6814
2026-09-02T18:24Z,marash kumbulla,3291862,5,7100
2026-09-02T18:24Z,victor chust,5223060,70,8273
2026-09-02T18:24Z,dimitri foulquier,1383770,10,943
2026-09-02T18:24Z,hugo alvarez,2317285,70,9740
2026-09-02T18:24Z,edin terzic,4076105,,e169
2026-09-02T18:24Z,luis garcia,626962,,e61
2026-09-02T22:45Z,pablo barrios,52026544,80,10005
2026-09-02T22:45Z,facundo gonzalez,1994275,,10209
2026-09-02T22:45Z,peque,2889725,40,10341
2026-09-02T22:45Z,alex calatrava,6134511,70,11863
2026-09-02T22:45Z,adrian niño,1469909,0,12475
2026-09-02T22:45Z,javi rodriguez,10896121,50,12534
2026-09-02T22:45Z,gerard martin,48206738,70,12641
2026-09-02T22:45Z,paco cortes,597637,30,13145
2026-09-02T22:45Z,izan merino,4776050,70,13983
2026-09-02T22:45Z,axel tape,2820736,15,15089
2026-09-02T22:45Z,miguel sierra,2152730,80,16236
2026-09-02T22:45Z,miguel cubo,509792,,17529
2026-09-02T22:45Z,alvaro fernandez,2882741,10,3612
2026-09-02T22:45Z,enes unal,18154869,80,3751
2026-09-02T22:45Z,federico valverde,73710458,60,3758
2026-09-02T22:45Z,juan foyth,18921860,50,4705
2026-09-02T22:45Z,toni martinez,24753416,0,5032
2026-09-02T22:45Z,gonzalo villar,9788968,90,5227
2026-09-02T22:45Z,leandro cabrera,10858611,50,582
2026-09-02T22:45Z,fran garcia,17956186,80,6392
2026-09-02T22:45Z,ante budimir,51174770,90,6635
2026-09-02T22:45Z,andres martin,18960994,0,6890
2026-09-02T22:45Z,aimar oroz,13393654,30,7203
2026-09-02T22:45Z,raul moro,11639825,30,7870
2026-09-02T22:45Z,jose angel carmona,2856559,20,9317
2026-09-02T22:45Z,martin anselmi,977952,,e171
2026-09-03T10:36Z,pablo barrios,52026544,80,10005
2026-09-03T10:36Z,facundo gonzalez,1994275,50,10209
2026-09-03T10:36Z,peque,2889725,50,10341
2026-09-03T10:36Z,alex calatrava,6134511,70,11863
2026-09-03T10:36Z,adrian niño,1469909,0,12475
2026-09-03T10:36Z,javi rodriguez,10896121,50,12534
2026-09-03T10:36Z,gerard martin,48206738,70,12641
2026-09-03T10:36Z,paco cortes,597637,30,13145
2026-09-03T10:36Z,izan merino,4776050,70,13983
2026-09-03T10:36Z,axel tape,2820736,15,15089
2026-09-03T10:36Z,miguel sierra,2152730,70,16236
2026-09-03T10:36Z,miguel cubo,509792,,17529
2026-09-03T10:36Z,alvaro fernandez,2882741,10,3612
2026-09-03T10:36Z,enes unal,18154869,80,3751
2026-09-03T10:36Z,federico valverde,73710458,60,3758
2026-09-03T10:36Z,juan foyth,18921860,50,4705
2026-09-03T10:36Z,toni martinez,24753416,0,5032
2026-09-03T10:36Z,gonzalo villar,9788968,90,5227
2026-09-03T10:36Z,leandro cabrera,10858611,50,582
2026-09-03T10:36Z,fran garcia,17956186,80,6392
2026-09-03T10:36Z,ante budimir,51174770,90,6635
2026-09-03T10:36Z,andres martin,18960994,0,6890
2026-09-03T10:36Z,aimar oroz,13393654,30,7203
2026-09-03T10:36Z,raul moro,11639825,30,7870
2026-09-03T10:36Z,jose angel carmona,2856559,20,9317
2026-09-03T10:36Z,martin anselmi,977952,,e171
2026-09-03T19:03Z,pablo barrios,52026544,80,10005
2026-09-03T19:03Z,facundo gonzalez,1994275,50,10209
2026-09-03T19:03Z,peque,2889725,50,10341
2026-09-03T19:03Z,alex calatrava,6134511,70,11863
2026-09-03T19:03Z,adrian niño,1469909,0,12475
2026-09-03T19:03Z,javi rodriguez,10896121,0,12534
2026-09-03T19:03Z,gerard martin,48206738,70,12641
2026-09-03T19:03Z,paco cortes,597637,30,13145
2026-09-03T19:03Z,izan merino,4776050,70,13983
2026-09-03T19:03Z,axel tape,2820736,15,15089
2026-09-03T19:03Z,miguel sierra,2152730,70,16236
2026-09-03T19:03Z,miguel cubo,509792,,17529
2026-09-03T19:03Z,alvaro fernandez,2882741,10,3612
2026-09-03T19:03Z,enes unal,18154869,80,3751
2026-09-03T19:03Z,federico valverde,73710458,70,3758
2026-09-03T19:03Z,juan foyth,18921860,50,4705
2026-09-03T19:03Z,toni martinez,24753416,0,5032
2026-09-03T19:03Z,gonzalo villar,9788968,90,5227
2026-09-03T19:03Z,leandro cabrera,10858611,50,582
2026-09-03T19:03Z,kang-in lee,62602930,70,6337
2026-09-03T19:03Z,fran garcia,17956186,80,6392
2026-09-03T19:03Z,ante budimir,51174770,90,6635
2026-09-03T19:03Z,aleix febas,21573671,,6885
2026-09-03T19:03Z,andres martin,18960994,0,6890
2026-09-03T19:03Z,aimar oroz,13393654,30,7203
2026-09-03T19:03Z,raul moro,11639825,30,7870
2026-09-03T19:03Z,jose angel carmona,2856559,20,9317
2026-09-03T19:03Z,martin anselmi,977952,,e171
2026-09-03T19:16Z,pablo barrios,52026544,80,10005
2026-09-03T19:16Z,facundo gonzalez,1994275,50,10209
2026-09-03T19:16Z,peque,2889725,50,10341
2026-09-03T19:16Z,alex calatrava,6134511,70,11863
2026-09-03T19:16Z,adrian niño,1469909,0,12475
2026-09-03T19:16Z,javi rodriguez,10896121,0,12534
2026-09-03T19:16Z,gerard martin,48206738,70,12641
2026-09-03T19:16Z,paco cortes,597637,30,13145
2026-09-03T19:16Z,izan merino,4776050,70,13983
2026-09-03T19:16Z,axel tape,2820736,15,15089
2026-09-03T19:16Z,miguel sierra,2152730,70,16236
2026-09-03T19:16Z,miguel cubo,509792,,17529
2026-09-03T19:16Z,alvaro fernandez,2882741,10,3612
2026-09-03T19:16Z,enes unal,18154869,80,3751
2026-09-03T19:16Z,federico valverde,73710458,70,3758
2026-09-03T19:16Z,juan foyth,18921860,50,4705
2026-09-03T19:16Z,toni martinez,24753416,0,5032
2026-09-03T19:16Z,gonzalo villar,9788968,90,5227
2026-09-03T19:16Z,leandro cabrera,10858611,50,582
2026-09-03T19:16Z,kang-in lee,62602930,70,6337
2026-09-03T19:16Z,fran garcia,17956186,80,6392
2026-09-03T19:16Z,ante budimir,51174770,90,6635
2026-09-03T19:16Z,aleix febas,21573671,,6885
2026-09-03T19:16Z,andres martin,18960994,0,6890
2026-09-03T19:16Z,aimar oroz,13393654,30,7203
2026-09-03T19:16Z,raul moro,11639825,30,7870
2026-09-03T19:16Z,jose angel carmona,2856559,20,9317
2026-09-03T19:16Z,martin anselmi,977952,,e171
2026-09-03T22:06Z,rodrigo mendoza,1157683,30,10237
2026-09-03T22:06Z,alex calatrava,6134511,70,11863
2026-09-03T22:06Z,petar ratkov,4351894,40,11998
2026-09-03T22:06Z,abdoulaye faye,2855468,0,12420
2026-09-03T22:06Z,joselu perez,575158,,12539
2026-09-03T22:06Z,carlos puga,4756546,70,13982
2026-09-03T22:06Z,miguel sierra,2152730,70,16236
2026-09-03T22:06Z,carlos macia,754802,20,16938
2026-09-03T22:06Z,denis suarez,2551219,50,1778
2026-09-03T22:06Z,isco alarcon,43327968,50,336
2026-09-03T22:06Z,enes unal,18154869,80,3751
2026-09-03T22:06Z,juan foyth,18921860,50,4705
2026-09-03T22:06Z,kang-in lee,62602930,70,6337
2026-09-03T22:06Z,fran garcia,17956186,80,6392
2026-09-03T22:06Z,ante budimir,51174770,90,6635
2026-09-03T22:06Z,aleix febas,21573671,,6885
2026-09-03T22:06Z,aimar oroz,13393654,30,7203
2026-09-03T22:06Z,jesus areso,2583513,70,7638
2026-09-03T22:06Z,giorgi kochorashvili,8535438,50,7786
2026-09-03T22:06Z,aitor paredes,8732572,50,7916
2026-09-03T22:06Z,luka sucic,5470562,0,8392
2026-09-03T22:06Z,nico williams,49106189,50,8693
2026-09-03T22:06Z,antonio blanco,16996072,90,8737
2026-09-03T22:06Z,roberto fernandez,19270812,90,9987
2026-09-03T22:06Z,beñat san jose,977952,,e173
2026-09-03T22:44Z,rodrigo mendoza,1160604,30,10237
2026-09-03T22:44Z,alex calatrava,6303781,70,11863
2026-09-03T22:44Z,petar ratkov,4248947,40,11998
2026-09-03T22:44Z,abdoulaye faye,2776306,0,12420
2026-09-03T22:44Z,joselu perez,567171,,12539
2026-09-03T22:44Z,carlos puga,4715010,70,13982
2026-09-03T22:44Z,miguel sierra,2419488,70,16236
2026-09-03T22:44Z,carlos macia,745845,20,16938
2026-09-03T22:44Z,denis suarez,2570019,50,1778
2026-09-03T22:44Z,isco alarcon,42645692,50,336
2026-09-03T22:44Z,enes unal,18501332,80,3751
2026-09-03T22:44Z,juan foyth,18642446,50,4705
2026-09-03T22:44Z,kang-in lee,64422473,70,6337
2026-09-03T22:44Z,fran garcia,18544216,80,6392
2026-09-03T22:44Z,ante budimir,51926356,90,6635
2026-09-03T22:44Z,aleix febas,20910493,,6885
2026-09-03T22:44Z,aimar oroz,12984065,30,7203
2026-09-03T22:44Z,jesus areso,2630249,70,7638
2026-09-03T22:44Z,giorgi kochorashvili,8405032,50,7786
2026-09-03T22:44Z,aitor paredes,9155679,50,7916
2026-09-03T22:44Z,luka sucic,5745269,0,8392
2026-09-03T22:44Z,nico williams,48193537,50,8693
2026-09-03T22:44Z,antonio blanco,17339184,90,8737
2026-09-03T22:44Z,roberto fernandez,20297419,90,9987
2026-09-03T22:44Z,beñat san jose,953853,,e173
2026-09-04T05:08Z,rodrigo mendoza,1160604,30,10237
2026-09-04T05:08Z,alex calatrava,6303781,70,11863
2026-09-04T05:08Z,petar ratkov,4248947,40,11998
2026-09-04T05:08Z,abdoulaye faye,2776306,20,12420
2026-09-04T05:08Z,joselu perez,567171,,12539
2026-09-04T05:08Z,carlos puga,4715010,70,13982
2026-09-04T05:08Z,miguel sierra,2419488,70,16236
2026-09-04T05:08Z,carlos macia,745845,20,16938
2026-09-04T05:08Z,denis suarez,2570019,70,1778
2026-09-04T05:08Z,isco alarcon,42645692,50,336
2026-09-04T05:08Z,enes unal,18501332,80,3751
2026-09-04T05:08Z,juan foyth,18642446,50,4705
2026-09-04T05:08Z,kang-in lee,64422473,70,6337
2026-09-04T05:08Z,fran garcia,18544216,80,6392
2026-09-04T05:08Z,ante budimir,51926356,90,6635
2026-09-04T05:08Z,aleix febas,20910493,30,6885
2026-09-04T05:08Z,aimar oroz,12984065,30,7203
2026-09-04T05:08Z,jesus areso,2630249,70,7638
2026-09-04T05:08Z,giorgi kochorashvili,8405032,50,7786
2026-09-04T05:08Z,aitor paredes,9155679,50,7916
2026-09-04T05:08Z,luka sucic,5745269,70,8392
2026-09-04T05:08Z,nico williams,48193537,50,8693
2026-09-04T05:08Z,antonio blanco,17339184,90,8737
2026-09-04T05:08Z,roberto fernandez,20297419,90,9987
2026-09-04T05:08Z,beñat san jose,953853,,e173
2026-09-04T22:44Z,orri steinn oskarsson,7401797,50,10660
2026-09-04T22:44Z,hugo rincon,2075514,30,11677
2026-09-04T22:44Z,alvaro nuñez,2401421,30,11767
2026-09-04T22:44Z,alex calatrava,6470443,70,11863
2026-09-04T22:44Z,carlos puga,4670319,70,13982
2026-09-04T22:44Z,izan merino,4722100,70,13983
2026-09-04T22:44Z,miguel sierra,2672932,70,16236
2026-09-04T22:44Z,mathew ryan,20401188,95,1743
2026-09-04T22:44Z,denis suarez,2599009,70,1778
2026-09-04T22:44Z,marc santos,622697,20,18028
2026-09-04T22:44Z,kike garcia,1860152,0,2751
2026-09-04T22:44Z,enes unal,18756205,80,3751
2026-09-04T22:44Z,juan foyth,18227294,0,4705
2026-09-04T22:44Z,eder militao,6764280,,6062
2026-09-04T22:44Z,kang-in lee,65923720,70,6337
2026-09-04T22:44Z,fran garcia,19163205,100,6392
2026-09-04T22:44Z,ante budimir,52408214,90,6635
2026-09-04T22:44Z,aleix febas,20267780,30,6885
2026-09-04T22:44Z,diego javier llorente,11239006,100,707
2026-09-04T22:44Z,aimar oroz,12589053,30,7203
2026-09-04T22:44Z,jon moncayola,7452600,90,7204
2026-09-04T22:44Z,aitor paredes,9575168,50,7916
2026-09-04T22:44Z,umar sadiq,4538482,0,8294
2026-09-04T22:44Z,antonio blanco,17602050,90,8737
2026-09-04T22:44Z,juan funes,785347,,e172
2026-09-05T07:15Z,orri steinn oskarsson,7401797,50,10660
2026-09-05T07:15Z,hugo rincon,2075514,30,11677
2026-09-05T07:15Z,alvaro nuñez,2401421,30,11767
2026-09-05T07:15Z,alex calatrava,6470443,70,11863
2026-09-05T07:15Z,carlos puga,4670319,70,13982
2026-09-05T07:15Z,izan merino,4722100,70,13983
2026-09-05T07:15Z,miguel sierra,2672932,70,16236
2026-09-05T07:15Z,mathew ryan,20401188,95,1743
2026-09-05T07:15Z,denis suarez,2599009,70,1778
2026-09-05T07:15Z,marc santos,622697,20,18028
2026-09-05T07:15Z,kike garcia,1860152,0,2751
2026-09-05T07:15Z,enes unal,18756205,80,3751
2026-09-05T07:15Z,juan foyth,18227294,0,4705
2026-09-05T07:15Z,eder militao,6764280,,6062
2026-09-05T07:15Z,kang-in lee,65923720,70,6337
2026-09-05T07:15Z,fran garcia,19163205,100,6392
2026-09-05T07:15Z,ante budimir,52408214,90,6635
2026-09-05T07:15Z,aleix febas,20267780,30,6885
2026-09-05T07:15Z,diego javier llorente,11239006,100,707
2026-09-05T07:15Z,aimar oroz,12589053,30,7203
2026-09-05T07:15Z,jon moncayola,7452600,90,7204
2026-09-05T07:15Z,aitor paredes,9575168,50,7916
2026-09-05T07:15Z,umar sadiq,4538482,0,8294
2026-09-05T07:15Z,luka sucic,5995641,70,8392
2026-09-05T07:15Z,antonio blanco,17602050,90,8737
2026-09-05T07:15Z,roberto fernandez,21172780,90,9987
2026-09-05T07:15Z,juan funes,785347,,e172
2026-09-05T18:08Z,orri steinn oskarsson,7401797,50,10660
2026-09-05T18:08Z,hugo rincon,2075514,30,11677
2026-09-05T18:08Z,alvaro nuñez,2401421,30,11767
2026-09-05T18:08Z,alex calatrava,6470443,70,11863
2026-09-05T18:08Z,carlos puga,4670319,70,13982
2026-09-05T18:08Z,izan merino,4722100,70,13983
2026-09-05T18:08Z,miguel sierra,2672932,70,16236
2026-09-05T18:08Z,mathew ryan,20401188,95,1743
2026-09-05T18:08Z,denis suarez,2599009,70,1778
2026-09-05T18:08Z,marc santos,622697,20,18028
2026-09-05T18:08Z,kike garcia,1860152,0,2751
2026-09-05T18:08Z,enes unal,18756205,80,3751
2026-09-05T18:08Z,juan foyth,18227294,0,4705
2026-09-05T18:08Z,eder militao,6764280,0,6062
2026-09-05T18:08Z,kang-in lee,65923720,50,6337
2026-09-05T18:08Z,fran garcia,19163205,70,6392
2026-09-05T18:08Z,ante budimir,52408214,90,6635
2026-09-05T18:08Z,aleix febas,20267780,30,6885
2026-09-05T18:08Z,diego javier llorente,11239006,30,707
2026-09-05T18:08Z,aimar oroz,12589053,30,7203
2026-09-05T18:08Z,jon moncayola,7452600,90,7204
2026-09-05T18:08Z,aitor paredes,9575168,50,7916
2026-09-05T18:08Z,umar sadiq,4538482,0,8294
2026-09-05T18:08Z,luka sucic,5995641,70,8392
2026-09-05T18:08Z,antonio blanco,17602050,90,8737
2026-09-05T18:08Z,roberto fernandez,21172780,90,9987
2026-09-05T18:08Z,juan funes,785347,,e172
2026-09-05T20:30Z,jon gorrotxategi,3616491,20,11683
2026-09-05T20:30Z,alex calatrava,6470443,70,11863
2026-09-05T20:30Z,andres garcia,8062168,50,11916
2026-09-05T20:30Z,carlos puga,4670319,70,13982
2026-09-05T20:30Z,nelson deossa,2431324,30,15696
2026-09-05T20:30Z,miguel sierra,2672932,70,16236
2026-09-05T20:30Z,mathew ryan,20401188,95,1743
2026-09-05T20:30Z,denis suarez,2599009,70,1778
2026-09-05T20:30Z,joao cancelo,37292192,50,1882
2026-09-05T20:30Z,borja iglesias,17460893,0,1945
2026-09-05T20:30Z,alex grimaldo,36997472,50,2771
2026-09-05T20:30Z,enes unal,18756205,80,3751
2026-09-05T20:30Z,juan foyth,18227294,0,4705
2026-09-05T20:30Z,leandro cabrera,10513558,50,582
2026-09-05T20:30Z,ionut radu,34972491,90,5978
2026-09-05T20:30Z,robin le normand,11464641,40,6002
2026-09-05T20:30Z,koke resurreccion,19218053,50,63
2026-09-05T20:30Z,kang-in lee,65923720,50,6337
2026-09-05T20:30Z,fran garcia,19163205,70,6392
2026-09-05T20:30Z,ante budimir,52408214,90,6635
2026-09-05T20:30Z,aleix febas,20267780,30,6885
2026-09-05T20:30Z,diego javier llorente,11239006,30,707
2026-09-05T20:30Z,aimar oroz,12589053,30,7203
2026-09-05T20:30Z,yuri berchiche,10706450,80,735
2026-09-05T20:30Z,aitor paredes,9575168,50,7916
2026-09-05T20:30Z,felix correia,7279453,40,8091
2026-09-05T20:30Z,luka sucic,5995641,70,8392
2026-09-05T20:30Z,antonio blanco,17602050,90,8737
2026-09-05T20:30Z,matias dituro,9114620,80,9161
2026-09-05T20:30Z,stole dimitrievski,20809126,95,989
2026-09-05T20:30Z,roberto fernandez,21172780,90,9987
2026-09-05T20:30Z,carlos corberan,522302,,e109
2026-09-05T20:30Z,manuel pellegrini,2192769,,e72
2026-09-05T22:45Z,orri steinn oskarsson,7573505,50,10660
2026-09-05T22:45Z,jon gorrotxategi,3527763,20,11683
2026-09-05T22:45Z,alex calatrava,6615379,70,11863
2026-09-05T22:45Z,andres garcia,7985887,50,11916
2026-09-05T22:45Z,carlos puga,4573753,70,13982
2026-09-05T22:45Z,nelson deossa,2477544,30,15696
2026-09-05T22:45Z,miguel sierra,2922220,70,16236
2026-09-05T22:45Z,mathew ryan,21107826,95,1743
2026-09-05T22:45Z,denis suarez,2599878,70,1778
2026-09-05T22:45Z,joao cancelo,36584315,50,1882
2026-09-05T22:45Z,borja iglesias,16980233,0,1945
2026-09-05T22:45Z,alex grimaldo,36400490,50,2771
2026-09-05T22:45Z,federico valverde,73441979,50,3758
2026-09-05T22:45Z,leandro cabrera,10311820,50,582
2026-09-05T22:45Z,ionut radu,35742976,90,5978
2026-09-05T22:45Z,robin le normand,11310417,40,6002
2026-09-05T22:45Z,koke resurreccion,18986458,50,63
2026-09-05T22:45Z,ante budimir,53275137,90,6635
2026-09-05T22:45Z,aleix febas,19669354,30,6885
2026-09-05T22:45Z,diego javier llorente,10966017,30,707
2026-09-05T22:45Z,jon moncayola,7584277,90,7204
2026-09-05T22:45Z,yuri berchiche,10825291,80,735
2026-09-05T22:45Z,aitor paredes,9986534,50,7916
2026-09-05T22:45Z,felix correia,7102131,40,8091
2026-09-05T22:45Z,luka sucic,6269005,70,8392
2026-09-05T22:45Z,matias dituro,9149992,80,9161
2026-09-05T22:45Z,stole dimitrievski,20974100,95,989
2026-09-05T22:45Z,roberto fernandez,22190421,90,9987
2026-09-05T22:45Z,carlos corberan,519943,,e109
2026-09-05T22:45Z,manuel pellegrini,2123592,,e72
2026-09-06T20:11Z,orri steinn oskarsson,7573505,50,10660
2026-09-06T20:11Z,jon gorrotxategi,3527763,20,11683
2026-09-06T20:11Z,alex calatrava,6615379,100,11863
2026-09-06T20:11Z,andres garcia,7985887,50,11916
2026-09-06T20:11Z,carlos puga,4573753,0,13982
2026-09-06T20:11Z,nelson deossa,2477544,30,15696
2026-09-06T20:11Z,miguel sierra,2922220,100,16236
2026-09-06T20:11Z,mathew ryan,21107826,100,1743
2026-09-06T20:11Z,denis suarez,2599878,0,1778
2026-09-06T20:11Z,joao cancelo,36584315,50,1882
2026-09-06T20:11Z,borja iglesias,16980233,0,1945
2026-09-06T20:11Z,alex grimaldo,36400490,50,2771
2026-09-06T20:11Z,federico valverde,73441979,50,3758
2026-09-06T20:11Z,leandro cabrera,10311820,100,582
2026-09-06T20:11Z,ionut radu,35742976,90,5978
2026-09-06T20:11Z,robin le normand,11310417,40,6002
2026-09-06T20:11Z,koke resurreccion,18986458,50,63
2026-09-06T20:11Z,ante budimir,53275137,100,6635
2026-09-06T20:11Z,aleix febas,19669354,0,6885
2026-09-06T20:11Z,diego javier llorente,10966017,30,707
2026-09-06T20:11Z,jon moncayola,7584277,100,7204
2026-09-06T20:11Z,yuri berchiche,10825291,80,735
2026-09-06T20:11Z,aitor paredes,9986534,50,7916
2026-09-06T20:11Z,felix correia,7102131,0,8091
2026-09-06T20:11Z,luka sucic,6269005,70,8392
2026-09-06T20:11Z,antonio blanco,17863692,100,8737
2026-09-06T20:11Z,matias dituro,9149992,80,9161
2026-09-06T20:11Z,stole dimitrievski,20974100,95,989
2026-09-06T20:11Z,roberto fernandez,22190421,100,9987
2026-09-06T20:11Z,carlos corberan,519943,,e109
2026-09-06T20:11Z,manuel pellegrini,2123592,,e72
2026-09-06T20:19Z,orri steinn oskarsson,7573505,50,10660
2026-09-06T20:19Z,jon gorrotxategi,3527763,20,11683
2026-09-06T20:19Z,alex calatrava,6615379,100,11863
2026-09-06T20:19Z,andres garcia,7985887,50,11916
2026-09-06T20:19Z,carlos puga,4573753,0,13982
2026-09-06T20:19Z,nelson deossa,2477544,30,15696
2026-09-06T20:19Z,miguel sierra,2922220,100,16236
2026-09-06T20:19Z,mathew ryan,21107826,100,1743
2026-09-06T20:19Z,denis suarez,2599878,0,1778
2026-09-06T20:19Z,joao cancelo,36584315,50,1882
2026-09-06T20:19Z,borja iglesias,16980233,0,1945
2026-09-06T20:19Z,alex grimaldo,36400490,50,2771
2026-09-06T20:19Z,federico valverde,73441979,50,3758
2026-09-06T20:19Z,leandro cabrera,10311820,100,582
2026-09-06T20:19Z,ionut radu,35742976,90,5978
2026-09-06T20:19Z,robin le normand,11310417,40,6002
2026-09-06T20:19Z,koke resurreccion,18986458,50,63
2026-09-06T20:19Z,ante budimir,53275137,100,6635
2026-09-06T20:19Z,aleix febas,19669354,0,6885
2026-09-06T20:19Z,diego javier llorente,10966017,30,707
2026-09-06T20:19Z,jon moncayola,7584277,100,7204
2026-09-06T20:19Z,yuri berchiche,10825291,80,735
2026-09-06T20:19Z,aitor paredes,9986534,50,7916
2026-09-06T20:19Z,felix correia,7102131,0,8091
2026-09-06T20:19Z,luka sucic,6269005,70,8392
2026-09-06T20:19Z,antonio blanco,17863692,100,8737
2026-09-06T20:19Z,matias dituro,9149992,80,9161
2026-09-06T20:19Z,stole dimitrievski,20974100,95,989
2026-09-06T20:19Z,roberto fernandez,22190421,100,9987
2026-09-06T20:19Z,carlos corberan,519943,,e109
2026-09-06T20:19Z,manuel pellegrini,2123592,,e72
2026-09-06T20:30Z,orri steinn oskarsson,7573505,50,10660
2026-09-06T20:30Z,jon gorrotxategi,3527763,20,11683
2026-09-06T20:30Z,alex calatrava,6615379,100,11863
2026-09-06T20:30Z,andres garcia,7985887,50,11916
2026-09-06T20:30Z,carlos puga,4573753,0,13982
2026-09-06T20:30Z,nelson deossa,2477544,30,15696
2026-09-06T20:30Z,miguel sierra,2922220,100,16236
2026-09-06T20:30Z,mathew ryan,21107826,100,1743
2026-09-06T20:30Z,denis suarez,2599878,0,1778
2026-09-06T20:30Z,joao cancelo,36584315,50,1882
2026-09-06T20:30Z,borja iglesias,16980233,0,1945
2026-09-06T20:30Z,alex grimaldo,36400490,50,2771
2026-09-06T20:30Z,federico valverde,73441979,50,3758
2026-09-06T20:30Z,leandro cabrera,10311820,100,582
2026-09-06T20:30Z,ionut radu,35742976,90,5978
2026-09-06T20:30Z,robin le normand,11310417,40,6002
2026-09-06T20:30Z,koke resurreccion,18986458,50,63
2026-09-06T20:30Z,ante budimir,53275137,100,6635
2026-09-06T20:30Z,aleix febas,19669354,0,6885
2026-09-06T20:30Z,diego javier llorente,10966017,30,707
2026-09-06T20:30Z,jon moncayola,7584277,100,7204
2026-09-06T20:30Z,yuri berchiche,10825291,80,735
2026-09-06T20:30Z,aitor paredes,9986534,50,7916
2026-09-06T20:30Z,felix correia,7102131,0,8091
2026-09-06T20:30Z,luka sucic,6269005,70,8392
2026-09-06T20:30Z,antonio blanco,17863692,100,8737
2026-09-06T20:30Z,matias dituro,9149992,80,9161
2026-09-06T20:30Z,stole dimitrievski,20974100,95,989
2026-09-06T20:30Z,roberto fernandez,22190421,100,9987
2026-09-06T20:30Z,carlos corberan,519943,,e109
2026-09-06T20:30Z,manuel pellegrini,2123592,,e72
2026-09-06T20:44Z,orri steinn oskarsson,7573505,50,10660
2026-09-06T20:44Z,jon gorrotxategi,3527763,20,11683
2026-09-06T20:44Z,alex calatrava,6615379,100,11863
2026-09-06T20:44Z,andres garcia,7985887,50,11916
2026-09-06T20:44Z,carlos puga,4573753,0,13982
2026-09-06T20:44Z,nelson deossa,2477544,30,15696
2026-09-06T20:44Z,miguel sierra,2922220,100,16236
2026-09-06T20:44Z,mathew ryan,21107826,100,1743
2026-09-06T20:44Z,denis suarez,2599878,0,1778
2026-09-06T20:44Z,joao cancelo,36584315,50,1882
2026-09-06T20:44Z,borja iglesias,16980233,0,1945
2026-09-06T20:44Z,alex grimaldo,36400490,50,2771
2026-09-06T20:44Z,federico valverde,73441979,50,3758
2026-09-06T20:44Z,leandro cabrera,10311820,100,582
2026-09-06T20:44Z,ionut radu,35742976,90,5978
2026-09-06T20:44Z,robin le normand,11310417,40,6002
2026-09-06T20:44Z,koke resurreccion,18986458,50,63
2026-09-06T20:44Z,ante budimir,53275137,100,6635
2026-09-06T20:44Z,aleix febas,19669354,0,6885
2026-09-06T20:44Z,diego javier llorente,10966017,30,707
2026-09-06T20:44Z,jon moncayola,7584277,100,7204
2026-09-06T20:44Z,yuri berchiche,10825291,80,735
2026-09-06T20:44Z,aitor paredes,9986534,50,7916
2026-09-06T20:44Z,felix correia,7102131,0,8091
2026-09-06T20:44Z,luka sucic,6269005,70,8392
2026-09-06T20:44Z,antonio blanco,17863692,100,8737
2026-09-06T20:44Z,matias dituro,9149992,80,9161
2026-09-06T20:44Z,stole dimitrievski,20974100,95,989
2026-09-06T20:44Z,roberto fernandez,22190421,100,9987
2026-09-06T20:44Z,carlos corberan,519943,,e109
2026-09-06T20:44Z,manuel pellegrini,2123592,,e72
2026-09-06T20:49Z,orri steinn oskarsson,7573505,50,10660
2026-09-06T20:49Z,jon gorrotxategi,3527763,20,11683
2026-09-06T20:49Z,alex calatrava,6615379,100,11863
2026-09-06T20:49Z,andres garcia,7985887,50,11916
2026-09-06T20:49Z,carlos puga,4573753,0,13982
2026-09-06T20:49Z,nelson deossa,2477544,30,15696
2026-09-06T20:49Z,miguel sierra,2922220,100,16236
2026-09-06T20:49Z,mathew ryan,21107826,100,1743
2026-09-06T20:49Z,denis suarez,2599878,0,1778
2026-09-06T20:49Z,joao cancelo,36584315,50,1882
2026-09-06T20:49Z,borja iglesias,16980233,0,1945
2026-09-06T20:49Z,alex grimaldo,36400490,50,2771
2026-09-06T20:49Z,federico valverde,73441979,50,3758
2026-09-06T20:49Z,leandro cabrera,10311820,100,582
2026-09-06T20:49Z,ionut radu,35742976,90,5978
2026-09-06T20:49Z,robin le normand,11310417,40,6002
2026-09-06T20:49Z,koke resurreccion,18986458,50,63
2026-09-06T20:49Z,ante budimir,53275137,100,6635
2026-09-06T20:49Z,aleix febas,19669354,0,6885
2026-09-06T20:49Z,diego javier llorente,10966017,30,707
2026-09-06T20:49Z,jon moncayola,7584277,100,7204
2026-09-06T20:49Z,yuri berchiche,10825291,80,735
2026-09-06T20:49Z,aitor paredes,9986534,50,7916
2026-09-06T20:49Z,felix correia,7102131,0,8091
2026-09-06T20:49Z,luka sucic,6269005,70,8392
2026-09-06T20:49Z,antonio blanco,17863692,100,8737
2026-09-06T20:49Z,matias dituro,9149992,80,9161
2026-09-06T20:49Z,stole dimitrievski,20974100,95,989
2026-09-06T20:49Z,roberto fernandez,22190421,100,9987
2026-09-06T20:49Z,carlos corberan,519943,,e109
2026-09-06T20:49Z,manuel pellegrini,2123592,,e72
2026-09-06T22:44Z,orel mangala,12563768,90,10463
2026-09-06T22:44Z,orri steinn oskarsson,7685318,50,10660
2026-09-06T22:44Z,pablo marin,881590,0,10830
2026-09-06T22:44Z,alex calatrava,6735581,100,11863
2026-09-06T22:44Z,carlos puga,4471128,0,13982
2026-09-06T22:44Z,gregoire swiderski,484150,,15133
2026-09-06T22:44Z,nacho perez,1559235,100,16020
2026-09-06T22:44Z,miguel sierra,3153541,100,16236
2026-09-06T22:44Z,mathew ryan,21856825,100,1743
2026-09-06T22:44Z,denis suarez,2589940,0,1778
2026-09-06T22:44Z,yeray alvarez,6931556,60,1972
2026-09-06T22:44Z,pablo maffeo,7870695,70,2663
2026-09-06T22:44Z,juanmi jimenez,472349,0,340
2026-09-06T22:44Z,federico valverde,72887531,50,3758
2026-09-06T22:44Z,marc cucurella,64796483,60,5013
2026-09-06T22:44Z,cristian rivero,438435,0,5080
2026-09-06T22:44Z,leandro cabrera,10117110,100,582
2026-09-06T22:44Z,ionut radu,36381052,90,5978
2026-09-06T22:44Z,sergio gomez,15039842,70,6180
2026-09-06T22:44Z,harvey elliott,15634938,70,6580
2026-09-06T22:44Z,ante budimir,54136896,100,6635
2026-09-06T22:44Z,aleix febas,19112648,0,6885
2026-09-06T22:44Z,diego javier llorente,10686536,30,707
2026-09-06T22:44Z,jon moncayola,7663372,100,7204
2026-09-06T22:44Z,aitor paredes,10438454,50,7916
2026-09-06T22:44Z,jude bellingham,116219283,70,8386
2026-09-06T22:44Z,luka sucic,6517720,70,8392
2026-09-06T22:44Z,antonio blanco,18087372,100,8737
2026-09-06T22:44Z,matias dituro,9163020,80,9161
2026-09-06T22:44Z,roberto fernandez,23131721,100,9987
2026-09-06T22:44Z,jose alberto lopez,628233,,e168
2026-09-07T05:51Z,orel mangala,12563768,90,10463
2026-09-07T05:51Z,orri steinn oskarsson,7685318,50,10660
2026-09-07T05:51Z,pablo marin,881590,0,10830
2026-09-07T05:51Z,alex calatrava,6735581,60,11863
2026-09-07T05:51Z,carlos puga,4471128,50,13982
2026-09-07T05:51Z,gregoire swiderski,484150,,15133
2026-09-07T05:51Z,nacho perez,1559235,70,16020
2026-09-07T05:51Z,miguel sierra,3153541,70,16236
2026-09-07T05:51Z,mathew ryan,21856825,95,1743
2026-09-07T05:51Z,denis suarez,2589940,40,1778
2026-09-07T05:51Z,yeray alvarez,6931556,60,1972
2026-09-07T05:51Z,pablo maffeo,7870695,70,2663
2026-09-07T05:51Z,juanmi jimenez,472349,0,340
2026-09-07T05:51Z,federico valverde,72887531,50,3758
2026-09-07T05:51Z,marc cucurella,64796483,60,5013
2026-09-07T05:51Z,cristian rivero,438435,0,5080
2026-09-07T05:51Z,leandro cabrera,10117110,80,582
2026-09-07T05:51Z,ionut radu,36381052,90,5978
2026-09-07T05:51Z,sergio gomez,15039842,70,6180
2026-09-07T05:51Z,harvey elliott,15634938,70,6580
2026-09-07T05:51Z,ante budimir,54136896,90,6635
2026-09-07T05:51Z,aleix febas,19112648,0,6885
2026-09-07T05:51Z,diego javier llorente,10686536,30,707
2026-09-07T05:51Z,jon moncayola,7663372,90,7204
2026-09-07T05:51Z,aitor paredes,10438454,50,7916
2026-09-07T05:51Z,jude bellingham,116219283,80,8386
2026-09-07T05:51Z,luka sucic,6517720,70,8392
2026-09-07T05:51Z,antonio blanco,18087372,90,8737
2026-09-07T05:51Z,matias dituro,9163020,80,9161
2026-09-07T05:51Z,roberto fernandez,23131721,90,9987
2026-09-07T05:51Z,jose alberto lopez,628233,,e168
2026-09-07T06:34Z,orel mangala,12563768,90,10463
2026-09-07T06:34Z,orri steinn oskarsson,7685318,50,10660
2026-09-07T06:34Z,pablo marin,881590,0,10830
2026-09-07T06:34Z,alex calatrava,6735581,60,11863
2026-09-07T06:34Z,carlos puga,4471128,50,13982
2026-09-07T06:34Z,gregoire swiderski,484150,,15133
2026-09-07T06:34Z,nacho perez,1559235,70,16020
2026-09-07T06:34Z,miguel sierra,3153541,70,16236
2026-09-07T06:34Z,mathew ryan,21856825,95,1743
2026-09-07T06:34Z,denis suarez,2589940,40,1778
2026-09-07T06:34Z,yeray alvarez,6931556,60,1972
2026-09-07T06:34Z,pablo maffeo,7870695,70,2663
2026-09-07T06:34Z,juanmi jimenez,472349,0,340
2026-09-07T06:34Z,federico valverde,72887531,50,3758
2026-09-07T06:34Z,marc cucurella,64796483,60,5013
2026-09-07T06:34Z,cristian rivero,438435,0,5080
2026-09-07T06:34Z,leandro cabrera,10117110,80,582
2026-09-07T06:34Z,ionut radu,36381052,90,5978
2026-09-07T06:34Z,sergio gomez,15039842,70,6180
2026-09-07T06:34Z,harvey elliott,15634938,70,6580
2026-09-07T06:34Z,ante budimir,54136896,90,6635
2026-09-07T06:34Z,aleix febas,19112648,0,6885
2026-09-07T06:34Z,diego javier llorente,10686536,30,707
2026-09-07T06:34Z,jon moncayola,7663372,90,7204
2026-09-07T06:34Z,aitor paredes,10438454,50,7916
2026-09-07T06:34Z,jude bellingham,116219283,80,8386
2026-09-07T06:34Z,luka sucic,6517720,70,8392
2026-09-07T06:34Z,antonio blanco,18087372,90,8737
2026-09-07T06:34Z,matias dituro,9163020,80,9161
2026-09-07T06:34Z,roberto fernandez,23131721,90,9987
2026-09-07T06:34Z,jose alberto lopez,628233,,e168
2026-09-07T08:02Z,orel mangala,12563768,90,10463
2026-09-07T08:02Z,orri steinn oskarsson,7685318,50,10660
2026-09-07T08:02Z,pablo marin,881590,0,10830
2026-09-07T08:02Z,alex calatrava,6735581,60,11863
2026-09-07T08:02Z,carlos puga,4471128,50,13982
2026-09-07T08:02Z,gregoire swiderski,484150,,15133
2026-09-07T08:02Z,nacho perez,1559235,70,16020
2026-09-07T08:02Z,miguel sierra,3153541,70,16236
2026-09-07T08:02Z,mathew ryan,21856825,95,1743
2026-09-07T08:02Z,denis suarez,2589940,40,1778
2026-09-07T08:02Z,yeray alvarez,6931556,60,1972
2026-09-07T08:02Z,pablo maffeo,7870695,70,2663
2026-09-07T08:02Z,juanmi jimenez,472349,0,340
2026-09-07T08:02Z,federico valverde,72887531,50,3758
2026-09-07T08:02Z,marc cucurella,64796483,60,5013
2026-09-07T08:02Z,cristian rivero,438435,0,5080
2026-09-07T08:02Z,leandro cabrera,10117110,80,582
2026-09-07T08:02Z,ionut radu,36381052,90,5978
2026-09-07T08:02Z,sergio gomez,15039842,70,6180
2026-09-07T08:02Z,harvey elliott,15634938,70,6580
2026-09-07T08:02Z,ante budimir,54136896,90,6635
2026-09-07T08:02Z,aleix febas,19112648,0,6885
2026-09-07T08:02Z,diego javier llorente,10686536,30,707
2026-09-07T08:02Z,jon moncayola,7663372,90,7204
2026-09-07T08:02Z,aitor paredes,10438454,50,7916
2026-09-07T08:02Z,jude bellingham,116219283,80,8386
2026-09-07T08:02Z,luka sucic,6517720,70,8392
2026-09-07T08:02Z,antonio blanco,18087372,90,8737
2026-09-07T08:02Z,matias dituro,9163020,80,9161
2026-09-07T08:02Z,roberto fernandez,23131721,90,9987
2026-09-07T08:02Z,jose alberto lopez,628233,,e168
2026-09-07T20:47Z,orri steinn oskarsson,7685318,0,10660
2026-09-07T20:47Z,fran gonzalez,521565,5,11554
2026-09-07T20:47Z,alex calatrava,6735581,60,11863
2026-09-07T20:47Z,diego villares,1521056,0,13972
2026-09-07T20:47Z,peio canales,9008613,0,14017
2026-09-07T20:47Z,ruben gomez,470094,,14812
2026-09-07T20:47Z,obed vargas,579154,0,15572
2026-09-07T20:47Z,miguel sierra,3153541,70,16236
2026-09-07T20:47Z,dani lorenzo,10854456,80,16286
2026-09-07T20:47Z,thiago fernandez,2187810,70,17116
2026-09-07T20:47Z,mathew ryan,21856825,95,1743
2026-09-07T20:47Z,denis suarez,2589940,40,1778
2026-09-07T20:47Z,ifeanyi ndukwe,1902374,20,18406
2026-09-07T20:47Z,unai lopez,10307322,90,1881
2026-09-07T20:47Z,dani olmo,47346283,50,2288
2026-09-07T20:47Z,einar galilea,4552038,90,3174
2026-09-07T20:47Z,federico valverde,72887531,50,3758
2026-09-07T20:47Z,leandro cabrera,10117110,80,582
2026-09-07T20:47Z,ionut radu,36381052,100,5978
2026-09-07T20:47Z,ante budimir,54136896,90,6635
2026-09-07T20:47Z,jon moncayola,7663372,90,7204
2026-09-07T20:47Z,hugo novoa,614227,10,7902
2026-09-07T20:47Z,aitor paredes,10438454,50,7916
2026-09-07T20:47Z,luka sucic,6517720,100,8392
2026-09-07T20:47Z,antonio blanco,18087372,90,8737
2026-09-07T20:47Z,ivan azon,5303421,0,8782
2026-09-07T20:47Z,matias dituro,9163020,100,9161
2026-09-07T20:47Z,roberto fernandez,23131721,90,9987
2026-09-07T20:47Z,iñigo perez,1197246,,e100
2026-09-07T20:47Z,manolo gonzalez,694297,,e105
2026-09-08T06:02Z,orri steinn oskarsson,7761851,30,10660
2026-09-08T06:02Z,fran gonzalez,517406,5,11554
2026-09-08T06:02Z,alex calatrava,6734438,60,11863
2026-09-08T06:02Z,diego villares,1478791,0,13972
2026-09-08T06:02Z,peio canales,8740153,0,14017
2026-09-08T06:02Z,ruben gomez,467993,,14812
2026-09-08T06:02Z,obed vargas,572691,0,15572
2026-09-08T06:02Z,miguel sierra,3375178,70,16236
2026-09-08T06:02Z,dani lorenzo,10866431,80,16286
2026-09-08T06:02Z,thiago fernandez,2205697,70,17116
2026-09-08T06:02Z,mathew ryan,22925399,95,1743
2026-09-08T06:02Z,denis suarez,2564475,40,1778
2026-09-08T06:02Z,ifeanyi ndukwe,1844294,20,18406
2026-09-08T06:02Z,unai lopez,10946225,90,1881
2026-09-08T06:02Z,dani olmo,47386781,50,2288
2026-09-08T06:02Z,einar galilea,4699655,90,3174
2026-09-08T06:02Z,federico valverde,71853677,50,3758
2026-09-08T06:02Z,leandro cabrera,10032349,80,582
2026-09-08T06:02Z,ionut radu,36937756,90,5978
2026-09-08T06:02Z,ante budimir,55590309,90,6635
2026-09-08T06:02Z,jon moncayola,7614230,90,7204
2026-09-08T06:02Z,hugo novoa,606361,10,7902
2026-09-08T06:02Z,aitor paredes,10877408,50,7916
2026-09-08T06:02Z,luka sucic,6733335,70,8392
2026-09-08T06:02Z,antonio blanco,18374465,90,8737
2026-09-08T06:02Z,ivan azon,5146954,40,8782
2026-09-08T06:02Z,matias dituro,9135124,60,9161
2026-09-08T06:02Z,roberto fernandez,23772233,90,9987
2026-09-08T06:02Z,iñigo perez,1166059,,e100
2026-09-08T06:02Z,manolo gonzalez,683228,,e105
2026-09-08T08:04Z,orri steinn oskarsson,7761851,30,10660
2026-09-08T08:04Z,fran gonzalez,517406,5,11554
2026-09-08T08:04Z,alex calatrava,6734438,60,11863
2026-09-08T08:04Z,diego villares,1478791,0,13972
2026-09-08T08:04Z,peio canales,8740153,0,14017
2026-09-08T08:04Z,ruben gomez,467993,,14812
2026-09-08T08:04Z,obed vargas,572691,0,15572
2026-09-08T08:04Z,miguel sierra,3375178,70,16236
2026-09-08T08:04Z,dani lorenzo,10866431,80,16286
2026-09-08T08:04Z,thiago fernandez,2205697,70,17116
2026-09-08T08:04Z,mathew ryan,22925399,95,1743
2026-09-08T08:04Z,denis suarez,2564475,40,1778
2026-09-08T08:04Z,ifeanyi ndukwe,1844294,20,18406
2026-09-08T08:04Z,unai lopez,10946225,90,1881
2026-09-08T08:04Z,dani olmo,47386781,50,2288
2026-09-08T08:04Z,einar galilea,4699655,90,3174
2026-09-08T08:04Z,federico valverde,71853677,50,3758
2026-09-08T08:04Z,leandro cabrera,10032349,80,582
2026-09-08T08:04Z,ionut radu,36937756,90,5978
2026-09-08T08:04Z,ante budimir,55590309,90,6635
2026-09-08T08:04Z,jon moncayola,7614230,90,7204
2026-09-08T08:04Z,hugo novoa,606361,10,7902
2026-09-08T08:04Z,aitor paredes,10877408,50,7916
2026-09-08T08:04Z,luka sucic,6733335,70,8392
2026-09-08T08:04Z,antonio blanco,18374465,90,8737
2026-09-08T08:04Z,ivan azon,5146954,40,8782
2026-09-08T08:04Z,matias dituro,9135124,60,9161
2026-09-08T08:04Z,roberto fernandez,23772233,90,9987
2026-09-08T08:04Z,iñigo perez,1166059,,e100
2026-09-08T08:04Z,manolo gonzalez,683228,,e105
2026-09-08T08:53Z,orri steinn oskarsson,7761851,30,10660
2026-09-08T08:53Z,fran gonzalez,517406,5,11554
2026-09-08T08:53Z,alex calatrava,6734438,60,11863
2026-09-08T08:53Z,diego villares,1478791,0,13972
2026-09-08T08:53Z,peio canales,8740153,0,14017
2026-09-08T08:53Z,ruben gomez,467993,,14812
2026-09-08T08:53Z,obed vargas,572691,0,15572
2026-09-08T08:53Z,miguel sierra,3375178,70,16236
2026-09-08T08:53Z,dani lorenzo,10866431,80,16286
2026-09-08T08:53Z,thiago fernandez,2205697,70,17116
2026-09-08T08:53Z,mathew ryan,22925399,95,1743
2026-09-08T08:53Z,denis suarez,2564475,40,1778
2026-09-08T08:53Z,ifeanyi ndukwe,1844294,20,18406
2026-09-08T08:53Z,unai lopez,10946225,90,1881
2026-09-08T08:53Z,dani olmo,47386781,50,2288
2026-09-08T08:53Z,einar galilea,4699655,90,3174
2026-09-08T08:53Z,federico valverde,71853677,50,3758
2026-09-08T08:53Z,leandro cabrera,10032349,80,582
2026-09-08T08:53Z,ionut radu,36937756,90,5978
2026-09-08T08:53Z,ante budimir,55590309,90,6635
2026-09-08T08:53Z,jon moncayola,7614230,90,7204
2026-09-08T08:53Z,hugo novoa,606361,10,7902
2026-09-08T08:53Z,aitor paredes,10877408,50,7916
2026-09-08T08:53Z,luka sucic,6733335,70,8392
2026-09-08T08:53Z,antonio blanco,18374465,90,8737
2026-09-08T08:53Z,ivan azon,5146954,40,8782
2026-09-08T08:53Z,matias dituro,9135124,60,9161
2026-09-08T08:53Z,roberto fernandez,23772233,90,9987
2026-09-08T08:53Z,iñigo perez,1166059,,e100
2026-09-08T08:53Z,manolo gonzalez,683228,,e105
2026-09-08T17:33Z,pablo barrios,54804153,80,10005
2026-09-08T17:33Z,orri steinn oskarsson,7761850,40,10660
2026-09-08T17:33Z,fran gonzalez,517406,5,11554
2026-09-08T17:33Z,diego villares,1478791,0,13972
2026-09-08T17:33Z,peio canales,8740153,0,14017
2026-09-08T17:33Z,ruben gomez,467993,,14812
2026-09-08T17:33Z,obed vargas,572691,0,15572
2026-09-08T17:33Z,miguel sierra,3375177,70,16236
2026-09-08T17:33Z,dani lorenzo,10866223,80,16286
2026-09-08T17:33Z,thiago fernandez,2205697,70,17116
2026-09-08T17:33Z,mathew ryan,22925000,95,1743
2026-09-08T17:33Z,ifeanyi ndukwe,1844294,20,18406
2026-09-08T17:33Z,unai lopez,10946220,90,1881
2026-09-08T17:33Z,dani olmo,47386772,50,2288
2026-09-08T17:33Z,einar galilea,4699654,90,3174
2026-09-08T17:33Z,federico valverde,71852618,50,3758
2026-09-08T17:33Z,leandro cabrera,10032347,80,582
2026-09-08T17:33Z,ionut radu,36936330,90,5978
2026-09-08T17:33Z,ante budimir,55590293,90,6635
2026-09-08T17:33Z,jon moncayola,7614229,90,7204
2026-09-08T17:33Z,yuri berchiche,11820877,80,735
2026-09-08T17:33Z,hugo novoa,606361,10,7902
2026-09-08T17:33Z,aitor paredes,10878761,50,7916
2026-09-08T17:33Z,luka sucic,6733198,60,8392
2026-09-08T17:33Z,antonio blanco,18374137,90,8737
2026-09-08T17:33Z,ivan azon,5146951,40,8782
2026-09-08T17:33Z,matias dituro,9134866,60,9161
2026-09-08T17:33Z,roberto fernandez,23771638,90,9987
2026-09-08T17:33Z,iñigo perez,1166059,,e100
2026-09-08T17:33Z,manolo gonzalez,683228,,e105
2026-09-08T21:35Z,pablo barrios,54804153,80,10005
2026-09-08T21:35Z,angel fortuño,456676,5,10219
2026-09-08T21:35Z,unai egiluz,407826,0,11676
2026-09-08T21:35Z,miguel sierra,3375177,70,16236
2026-09-08T21:35Z,dani lorenzo,10866223,80,16286
2026-09-08T21:35Z,kevin lomonaco,7117907,50,18438
2026-09-08T21:35Z,unai lopez,10946220,90,1881
2026-09-08T21:35Z,emil audero,5738468,50,2413
2026-09-08T21:35Z,kike barja,1752500,50,3206
2026-09-08T21:35Z,edu exposito,27761498,90,3738
2026-09-08T21:35Z,federico valverde,71852618,50,3758
2026-09-08T21:35Z,ferland mendy,532054,0,6158
2026-09-08T21:35Z,ante budimir,55590293,90,6635
2026-09-08T21:35Z,jon moncayola,7614229,90,7204
2026-09-08T21:35Z,riki rodriguez,640143,50,7309
2026-09-08T21:35Z,yuri berchiche,11820877,80,735
2026-09-08T21:35Z,pablo martinez,5141746,50,7614
2026-09-08T21:35Z,julen lobete,548846,0,7686
2026-09-08T21:35Z,jon pacheco,2197476,10,7725
2026-09-08T21:35Z,aitor paredes,10878761,50,7916
2026-09-08T21:35Z,luka sucic,6733198,60,8392
2026-09-08T21:35Z,martin satriano,19946867,70,8496
2026-09-08T21:35Z,antonio blanco,18374137,90,8737
2026-09-08T21:35Z,roberto fernandez,23771638,90,9987
2026-09-08T21:35Z,martin anselmi,875458,,e171
2026-09-09T08:07Z,pablo barrios,55271212,80,10005
2026-09-09T08:07Z,angel fortuño,454902,5,10219
2026-09-09T08:07Z,alvaro mantilla,1886040,80,10336
2026-09-09T08:07Z,unai egiluz,408006,0,11676
2026-09-09T08:07Z,miguel sierra,3635452,70,16236
2026-09-09T08:07Z,dani lorenzo,10985580,80,16286
2026-09-09T08:07Z,kevin lomonaco,6919277,50,18438
2026-09-09T08:07Z,unai lopez,11514034,90,1881
2026-09-09T08:07Z,emil audero,5610161,50,2413
2026-09-09T08:07Z,kike barja,1719265,50,3206
2026-09-09T08:07Z,edu exposito,27995415,90,3738
2026-09-09T08:07Z,federico valverde,70782607,50,3758
2026-09-09T08:07Z,ferland mendy,527265,0,6158
2026-09-09T08:07Z,ante budimir,57442021,90,6635
2026-09-09T08:07Z,jon moncayola,7572614,90,7204
2026-09-09T08:07Z,riki rodriguez,631030,50,7309
2026-09-09T08:07Z,yuri berchiche,12365521,80,735
2026-09-09T08:07Z,pablo martinez,5010946,50,7614
2026-09-09T08:07Z,julen lobete,543385,0,7686
2026-09-09T08:07Z,jon pacheco,2139422,10,7725
2026-09-09T08:07Z,aitor paredes,11250901,50,7916
2026-09-09T08:07Z,luka sucic,7186951,60,8392
2026-09-09T08:07Z,moi gomez,3850372,0,841
2026-09-09T08:07Z,martin satriano,19908011,70,8496
2026-09-09T08:07Z,antonio blanco,18823671,90,8737
2026-09-09T08:07Z,roberto fernandez,24454629,90,9987
2026-09-09T08:07Z,martin anselmi,856933,,e171
2026-09-10T05:07Z,pablo barrios,55544882,80,10005
2026-09-10T05:07Z,alvaro mantilla,1862736,80,10336
2026-09-10T05:07Z,abel bretones,9288983,70,11230
2026-09-10T05:07Z,jon martin,26454152,0,11792
2026-09-10T05:07Z,dani martinez,531253,,11861
2026-09-10T05:07Z,maroan sannadi,419601,10,13830
2026-09-10T05:07Z,miguel sierra,3891773,70,16236
2026-09-10T05:07Z,iker luque,1626399,0,17130
2026-09-10T05:07Z,lucas cepeda,987696,30,17248
2026-09-10T05:07Z,igor galdin,504177,,18027
2026-09-10T05:07Z,andres vallecillo,503286,,18218
2026-09-10T05:07Z,unai lopez,12014200,90,1881
2026-09-10T05:07Z,rodrygo goes,1825555,0,6631
2026-09-10T05:07Z,ante budimir,59142414,90,6635
2026-09-10T05:07Z,jon moncayola,7589547,90,7204
2026-09-10T05:07Z,yuri berchiche,12799050,80,735
2026-09-10T05:07Z,aitor paredes,11635077,50,7916
2026-09-10T05:07Z,luka sucic,7723222,60,8392
2026-09-10T05:07Z,moi gomez,3811272,0,841
2026-09-10T05:07Z,antonio blanco,19207294,90,8737
2026-09-10T05:07Z,youssouf fofana,14343742,50,9670
2026-09-10T05:07Z,adama traore,16154446,10,972
2026-09-10T05:07Z,luismi cruz,7997714,70,9772
2026-09-10T05:07Z,roberto fernandez,25087051,90,9987
2026-09-10T05:07Z,luis garcia,567005,,e61
2026-09-10T08:03Z,pablo barrios,55544882,80,10005
2026-09-10T08:03Z,alvaro mantilla,1862736,80,10336
2026-09-10T08:03Z,abel bretones,9288983,70,11230
2026-09-10T08:03Z,jon martin,26454152,0,11792
2026-09-10T08:03Z,dani martinez,531253,,11861
2026-09-10T08:03Z,maroan sannadi,419601,10,13830
2026-09-10T08:03Z,miguel sierra,3891773,70,16236
2026-09-10T08:03Z,iker luque,1626399,0,17130
2026-09-10T08:03Z,lucas cepeda,987696,30,17248
2026-09-10T08:03Z,igor galdin,504177,,18027
2026-09-10T08:03Z,andres vallecillo,503286,,18218
2026-09-10T08:03Z,unai lopez,12014200,90,1881
2026-09-10T08:03Z,rodrygo goes,1825555,0,6631
2026-09-10T08:03Z,ante budimir,59142414,90,6635
2026-09-10T08:03Z,jon moncayola,7589547,90,7204
2026-09-10T08:03Z,yuri berchiche,12799050,80,735
2026-09-10T08:03Z,aitor paredes,11635077,50,7916
2026-09-10T08:03Z,luka sucic,7723222,60,8392
2026-09-10T08:03Z,antonio blanco,19207294,90,8737
2026-09-10T08:03Z,youssouf fofana,14343742,50,9670
2026-09-10T08:03Z,adama traore,16154446,10,972
2026-09-10T08:03Z,luismi cruz,7997714,70,9772
2026-09-10T08:03Z,roberto fernandez,25087051,90,9987
2026-09-10T08:03Z,luis garcia,567005,,e61
2026-09-10T08:36Z,pablo barrios,55544882,80,10005
2026-09-10T08:36Z,alvaro mantilla,1862736,80,10336
2026-09-10T08:36Z,abel bretones,9288983,70,11230
2026-09-10T08:36Z,jon martin,26454152,0,11792
2026-09-10T08:36Z,dani martinez,531253,,11861
2026-09-10T08:36Z,maroan sannadi,419601,10,13830
2026-09-10T08:36Z,miguel sierra,3891773,70,16236
2026-09-10T08:36Z,iker luque,1626399,0,17130
2026-09-10T08:36Z,lucas cepeda,987696,30,17248
2026-09-10T08:36Z,igor galdin,504177,,18027
2026-09-10T08:36Z,andres vallecillo,503286,,18218
2026-09-10T08:36Z,unai lopez,12014200,90,1881
2026-09-10T08:36Z,rodrygo goes,1825555,0,6631
2026-09-10T08:36Z,ante budimir,59142414,90,6635
2026-09-10T08:36Z,jon moncayola,7589547,90,7204
2026-09-10T08:36Z,yuri berchiche,12799050,80,735
2026-09-10T08:36Z,aitor paredes,11635077,50,7916
2026-09-10T08:36Z,luka sucic,7723222,60,8392
2026-09-10T08:36Z,antonio blanco,19207294,90,8737
2026-09-10T08:36Z,youssouf fofana,14343742,50,9670
2026-09-10T08:36Z,adama traore,16154446,10,972
2026-09-10T08:36Z,luismi cruz,7997714,70,9772
2026-09-10T08:36Z,roberto fernandez,25087051,90,9987
2026-09-10T08:36Z,luis garcia,567005,,e61
2026-09-10T21:47Z,pablo barrios,55544882,80,10005
2026-09-10T21:47Z,alvaro mantilla,1862736,80,10336
2026-09-10T21:47Z,jeanuel belocian,3048626,50,11286
2026-09-10T21:47Z,raul asencio,2225160,0,12639
2026-09-10T21:47Z,iñigo arguibide,3036890,80,12823
2026-09-10T21:47Z,endrick,4036870,0,13564
2026-09-10T21:47Z,roy revivo,4318019,30,14377
2026-09-10T21:47Z,miguel sierra,3891773,70,16236
2026-09-10T21:47Z,bil nsongo,7174800,70,16863
2026-09-10T21:47Z,alex berenguer,9916016,50,3204
2026-09-10T21:47Z,mariano diaz,13058647,60,3226
2026-09-10T21:47Z,enes unal,18824941,80,3751
2026-09-10T21:47Z,junior firpo,1804434,30,4620
2026-09-10T21:47Z,toni martinez,20304063,30,5032
2026-09-10T21:47Z,grady diangana,683129,20,5194
2026-09-10T21:47Z,adria pedrosa,2723844,80,5587
2026-09-10T21:47Z,aihen muñoz,796175,20,6394
2026-09-10T21:47Z,rodrigo riquelme,14888367,30,6450
2026-09-10T21:47Z,ante budimir,59142414,90,6635
2026-09-10T21:47Z,sergio carreira,6635200,50,7199
2026-09-10T21:47Z,aimar oroz,10809904,0,7203
2026-09-10T21:47Z,jon moncayola,7589547,90,7204
2026-09-10T21:47Z,yuri berchiche,12799050,80,735
2026-09-10T21:47Z,aitor paredes,11635077,50,7916
2026-09-10T21:47Z,luka sucic,7723222,60,8392
2026-09-10T21:47Z,antonio blanco,19207294,90,8737
2026-09-10T21:47Z,giuliano simeone,40080622,70,9276
2026-09-10T21:47Z,roberto fernandez,25087051,90,9987
2026-09-10T21:47Z,diego simeone,2568554,,e5
2026-09-11T07:56Z,pablo barrios,55611382,80,10005
2026-09-11T07:56Z,alvaro mantilla,1843861,80,10336
2026-09-11T07:56Z,jeanuel belocian,3017041,50,11286
2026-09-11T07:56Z,raul asencio,2173403,0,12639
2026-09-11T07:56Z,iñigo arguibide,3204813,80,12823
2026-09-11T07:56Z,endrick,3946039,0,13564
2026-09-11T07:56Z,roy revivo,4193983,30,14377
2026-09-11T07:56Z,miguel sierra,4160545,70,16236
2026-09-11T07:56Z,bil nsongo,7314643,70,16863
2026-09-11T07:56Z,alex berenguer,10020333,50,3204
2026-09-11T07:56Z,mariano diaz,14049928,60,3226
2026-09-11T07:56Z,enes unal,18756740,80,3751
2026-09-11T07:56Z,junior firpo,1758480,30,4620
2026-09-11T07:56Z,toni martinez,19782817,30,5032
2026-09-11T07:56Z,grady diangana,673108,20,5194
2026-09-11T07:56Z,adria pedrosa,2664986,80,5587
2026-09-11T07:56Z,aihen muñoz,781633,20,6394
2026-09-11T07:56Z,rodrigo riquelme,15400483,30,6450
2026-09-11T07:56Z,ante budimir,60412963,90,6635
2026-09-11T07:56Z,sergio carreira,6737554,50,7199
2026-09-11T07:56Z,aimar oroz,10480925,0,7203
2026-09-11T07:56Z,jon moncayola,7600959,90,7204
2026-09-11T07:56Z,yuri berchiche,13338890,80,735
2026-09-11T07:56Z,aitor paredes,12000435,50,7916
2026-09-11T07:56Z,luka sucic,8228332,50,8392
2026-09-11T07:56Z,antonio blanco,19546753,90,8737
2026-09-11T07:56Z,giuliano simeone,39400282,70,9276
2026-09-11T07:56Z,roberto fernandez,25734907,90,9987
2026-09-11T07:56Z,diego simeone,2483116,,e5
2026-09-11T08:05Z,pablo barrios,55611382,80,10005
2026-09-11T08:05Z,alvaro mantilla,1843861,80,10336
2026-09-11T08:05Z,jeanuel belocian,3017041,50,11286
2026-09-11T08:05Z,raul asencio,2173403,0,12639
2026-09-11T08:05Z,iñigo arguibide,3204813,80,12823
2026-09-11T08:05Z,endrick,3946039,0,13564
2026-09-11T08:05Z,roy revivo,4193983,30,14377
2026-09-11T08:05Z,miguel sierra,4160545,70,16236
2026-09-11T08:05Z,bil nsongo,7314643,70,16863
2026-09-11T08:05Z,alex berenguer,10020333,50,3204
2026-09-11T08:05Z,mariano diaz,14049928,60,3226
2026-09-11T08:05Z,enes unal,18756740,80,3751
2026-09-11T08:05Z,junior firpo,1758480,30,4620
2026-09-11T08:05Z,toni martinez,19782817,30,5032
2026-09-11T08:05Z,grady diangana,673108,20,5194
2026-09-11T08:05Z,adria pedrosa,2664986,80,5587
2026-09-11T08:05Z,aihen muñoz,781633,20,6394
2026-09-11T08:05Z,rodrigo riquelme,15400483,30,6450
2026-09-11T08:05Z,ante budimir,60412963,90,6635
2026-09-11T08:05Z,sergio carreira,6737554,50,7199
2026-09-11T08:05Z,aimar oroz,10480925,0,7203
2026-09-11T08:05Z,jon moncayola,7600959,90,7204
2026-09-11T08:05Z,yuri berchiche,13338890,80,735
2026-09-11T08:05Z,aitor paredes,12000435,50,7916
2026-09-11T08:05Z,luka sucic,8228332,50,8392
2026-09-11T08:05Z,antonio blanco,19546753,90,8737
2026-09-11T08:05Z,giuliano simeone,39400282,70,9276
2026-09-11T08:05Z,roberto fernandez,25734907,90,9987
2026-09-11T08:05Z,diego simeone,2483116,,e5
2026-09-11T20:28Z,alvaro mantilla,1843861,80,10336
2026-09-11T20:28Z,orri steinn oskarsson,7587178,50,10660
2026-09-11T20:28Z,abel bretones,9471845,60,11230
2026-09-11T20:28Z,yago santiago,452587,0,11562
2026-09-11T20:28Z,selu diallo,612628,,11719
2026-09-11T20:28Z,logan costa,710502,40,12354
2026-09-11T20:28Z,asier osambela,454391,20,12453
2026-09-11T20:28Z,iñigo arguibide,3204813,80,12823
2026-09-11T20:28Z,alberto risco,508983,,12917
2026-09-11T20:28Z,zaid romero,28662117,0,14210
2026-09-11T20:28Z,miguel sierra,4160545,100,16236
2026-09-11T20:28Z,gorka carrera,544898,,16922
2026-09-11T20:28Z,unai santos,502476,,16982
2026-09-11T20:28Z,david soria,35705411,95,1919
2026-09-11T20:28Z,alex berenguer,10020333,50,3204
2026-09-11T20:28Z,edu exposito,28656740,90,3738
2026-09-11T20:28Z,enes unal,18756740,80,3751
2026-09-11T20:28Z,jeremy toljan,2302500,40,4976
2026-09-11T20:28Z,toni martinez,19782817,50,5032
2026-09-11T20:28Z,cristian romero,31915966,50,6310
2026-09-11T20:28Z,ante budimir,60412963,90,6635
2026-09-11T20:28Z,jorge herrando,1706778,0,7082
2026-09-11T20:28Z,aimar oroz,10480925,0,7203
2026-09-11T20:28Z,jon moncayola,7600959,90,7204
2026-09-11T20:28Z,yuri berchiche,13338890,80,735
2026-09-11T20:28Z,aitor paredes,12000435,50,7916
2026-09-11T20:28Z,luka sucic,8228332,50,8392
2026-09-11T20:28Z,juan iglesias,11498925,100,8686
2026-09-11T20:28Z,antonio blanco,19546753,90,8737
2026-09-11T20:28Z,matias dituro,9119130,90,9161
2026-09-11T20:28Z,giuliano simeone,39400282,70,9276
2026-09-11T20:28Z,luismi cruz,8351652,80,9772
2026-09-11T20:28Z,roberto fernandez,25734907,90,9987
2026-09-11T20:28Z,claudio giraldez,1083942,,e101
2026-09-12T06:16Z,alvaro mantilla,1843861,80,10336
2026-09-12T06:16Z,orri steinn oskarsson,7587178,50,10660
2026-09-12T06:16Z,abel bretones,9471845,60,11230
2026-09-12T06:16Z,yago santiago,452587,0,11562
2026-09-12T06:16Z,selu diallo,612628,,11719
2026-09-12T06:16Z,logan costa,710502,40,12354
2026-09-12T06:16Z,asier osambela,454391,20,12453
2026-09-12T06:16Z,iñigo arguibide,3204813,80,12823
2026-09-12T06:16Z,alberto risco,508983,,12917
2026-09-12T06:16Z,zaid romero,28662117,0,14210
2026-09-12T06:16Z,miguel sierra,4160545,100,16236
2026-09-12T06:16Z,gorka carrera,544898,,16922
2026-09-12T06:16Z,unai santos,502476,,16982
2026-09-12T06:16Z,david soria,35705411,95,1919
2026-09-12T06:16Z,alex berenguer,10020333,50,3204
2026-09-12T06:16Z,edu exposito,28656740,90,3738
2026-09-12T06:16Z,enes unal,18756740,80,3751
2026-09-12T06:16Z,jeremy toljan,2302500,40,4976
2026-09-12T06:16Z,toni martinez,19782817,50,5032
2026-09-12T06:16Z,cristian romero,31915966,50,6310
2026-09-12T06:16Z,ante budimir,60412963,90,6635
2026-09-12T06:16Z,jorge herrando,1706778,0,7082
2026-09-12T06:16Z,aimar oroz,10480925,0,7203
2026-09-12T06:16Z,jon moncayola,7600959,90,7204
2026-09-12T06:16Z,yuri berchiche,13338890,80,735
2026-09-12T06:16Z,aitor paredes,12000435,50,7916
2026-09-12T06:16Z,luka sucic,8228332,50,8392
2026-09-12T06:16Z,juan iglesias,11498925,100,8686
2026-09-12T06:16Z,antonio blanco,19546753,90,8737
2026-09-12T06:16Z,matias dituro,9119130,90,9161
2026-09-12T06:16Z,giuliano simeone,39400282,70,9276
2026-09-12T06:16Z,luismi cruz,8351652,80,9772
2026-09-12T06:16Z,roberto fernandez,25734907,90,9987
2026-09-12T06:16Z,claudio giraldez,1083942,,e101
2026-09-12T06:20Z,omar el hilali,13818389,80,10220
2026-09-12T06:20Z,orri steinn oskarsson,7556286,50,10660
2026-09-12T06:20Z,abel bretones,9579727,60,11230
2026-09-12T06:20Z,yago santiago,452572,0,11562
2026-09-12T06:20Z,selu diallo,606211,,11719
2026-09-12T06:20Z,natan,30656582,80,11813
2026-09-12T06:20Z,logan costa,700194,40,12354
2026-09-12T06:20Z,asier osambela,454304,20,12453
2026-09-12T06:20Z,iñigo arguibide,3367550,80,12823
2026-09-12T06:20Z,alberto risco,506712,,12917
2026-09-12T06:20Z,zaid romero,27892212,0,14210
2026-09-12T06:20Z,miguel sierra,4443580,50,16236
2026-09-12T06:20Z,gorka carrera,541190,,16922
2026-09-12T06:20Z,unai santos,500465,,16982
2026-09-12T06:20Z,david soria,35870313,95,1919
2026-09-12T06:20Z,alex berenguer,10115377,50,3204
2026-09-12T06:20Z,edu exposito,28918792,90,3738
2026-09-12T06:20Z,enes unal,18673272,80,3751
2026-09-12T06:20Z,jeremy toljan,2261288,40,4976
2026-09-12T06:20Z,toni martinez,19394039,50,5032
2026-09-12T06:20Z,cristian romero,31520212,50,6310
2026-09-12T06:20Z,ante budimir,61532031,90,6635
2026-09-12T06:20Z,jorge herrando,1662258,0,7082
2026-09-12T06:20Z,aimar oroz,10178169,0,7203
2026-09-12T06:20Z,jon moncayola,7638702,90,7204
2026-09-12T06:20Z,yuri berchiche,13767328,80,735
2026-09-12T06:20Z,aitor paredes,12320897,50,7916
2026-09-12T06:20Z,luka sucic,8789784,50,8392
2026-09-12T06:20Z,juan iglesias,11614558,60,8686
2026-09-12T06:20Z,antonio blanco,19800286,90,8737
2026-09-12T06:20Z,matias dituro,9165553,90,9161
2026-09-12T06:20Z,giuliano simeone,38807862,70,9276
2026-09-12T06:20Z,luismi cruz,8754920,80,9772
2026-09-12T06:20Z,roberto fernandez,26358784,90,9987
2026-09-12T06:20Z,claudio giraldez,1058673,,e101
2026-09-12T06:44Z,omar el hilali,13818389,80,10220
2026-09-12T06:44Z,orri steinn oskarsson,7556286,50,10660
2026-09-12T06:44Z,abel bretones,9579727,60,11230
2026-09-12T06:44Z,yago santiago,452572,0,11562
2026-09-12T06:44Z,selu diallo,606211,,11719
2026-09-12T06:44Z,natan,30656582,80,11813
2026-09-12T06:44Z,logan costa,700194,40,12354
2026-09-12T06:44Z,asier osambela,454304,20,12453
2026-09-12T06:44Z,iñigo arguibide,3367550,80,12823
2026-09-12T06:44Z,alberto risco,506712,,12917
2026-09-12T06:44Z,zaid romero,27892212,0,14210
2026-09-12T06:44Z,miguel sierra,4443580,50,16236
2026-09-12T06:44Z,gorka carrera,541190,,16922
2026-09-12T06:44Z,unai santos,500465,,16982
2026-09-12T06:44Z,david soria,35870313,95,1919
2026-09-12T06:44Z,alex berenguer,10115377,50,3204
2026-09-12T06:44Z,edu exposito,28918792,90,3738
2026-09-12T06:44Z,enes unal,18673272,80,3751
2026-09-12T06:44Z,jeremy toljan,2261288,40,4976
2026-09-12T06:44Z,toni martinez,19394039,50,5032
2026-09-12T06:44Z,cristian romero,31520212,50,6310
2026-09-12T06:44Z,ante budimir,61532031,90,6635
2026-09-12T06:44Z,jorge herrando,1662258,0,7082
2026-09-12T06:44Z,aimar oroz,10178169,0,7203
2026-09-12T06:44Z,jon moncayola,7638702,90,7204
2026-09-12T06:44Z,yuri berchiche,13767328,80,735
2026-09-12T06:44Z,aitor paredes,12320897,50,7916
2026-09-12T06:44Z,luka sucic,8789784,50,8392
2026-09-12T06:44Z,juan iglesias,11614558,60,8686
2026-09-12T06:44Z,antonio blanco,19800286,90,8737
2026-09-12T06:44Z,matias dituro,9165553,90,9161
2026-09-12T06:44Z,giuliano simeone,38807862,70,9276
2026-09-12T06:44Z,luismi cruz,8754920,80,9772
2026-09-12T06:44Z,roberto fernandez,26358784,90,9987
2026-09-12T06:44Z,claudio giraldez,1058673,,e101
2026-09-12T06:56Z,omar el hilali,13818389,80,10220
2026-09-12T06:56Z,orri steinn oskarsson,7556286,50,10660
2026-09-12T06:56Z,abel bretones,9579727,60,11230
2026-09-12T06:56Z,yago santiago,452572,0,11562
2026-09-12T06:56Z,selu diallo,606211,,11719
2026-09-12T06:56Z,natan,30656582,80,11813
2026-09-12T06:56Z,logan costa,700194,40,12354
2026-09-12T06:56Z,asier osambela,454304,20,12453
2026-09-12T06:56Z,iñigo arguibide,3367550,80,12823
2026-09-12T06:56Z,alberto risco,506712,,12917
2026-09-12T06:56Z,zaid romero,27892212,0,14210
2026-09-12T06:56Z,miguel sierra,4443580,50,16236
2026-09-12T06:56Z,gorka carrera,541190,,16922
2026-09-12T06:56Z,unai santos,500465,,16982
2026-09-12T06:56Z,david soria,35870313,95,1919
2026-09-12T06:56Z,alex berenguer,10115377,50,3204
2026-09-12T06:56Z,edu exposito,28918792,90,3738
2026-09-12T06:56Z,enes unal,18673272,80,3751
2026-09-12T06:56Z,jeremy toljan,2261288,40,4976
2026-09-12T06:56Z,toni martinez,19394039,50,5032
2026-09-12T06:56Z,cristian romero,31520212,50,6310
2026-09-12T06:56Z,ante budimir,61532031,90,6635
2026-09-12T06:56Z,jorge herrando,1662258,0,7082
2026-09-12T06:56Z,aimar oroz,10178169,0,7203
2026-09-12T06:56Z,jon moncayola,7638702,90,7204
2026-09-12T06:56Z,yuri berchiche,13767328,80,735
2026-09-12T06:56Z,aitor paredes,12320897,50,7916
2026-09-12T06:56Z,luka sucic,8789784,50,8392
2026-09-12T06:56Z,juan iglesias,11614558,60,8686
2026-09-12T06:56Z,antonio blanco,19800286,90,8737
2026-09-12T06:56Z,matias dituro,9165553,90,9161
2026-09-12T06:56Z,giuliano simeone,38807862,70,9276
2026-09-12T06:56Z,luismi cruz,8754920,80,9772
2026-09-12T06:56Z,roberto fernandez,26358784,90,9987
2026-09-12T06:56Z,claudio giraldez,1058673,,e101
2026-09-12T06:57Z,omar el hilali,13818389,80,10220
2026-09-12T06:57Z,orri steinn oskarsson,7556286,50,10660
2026-09-12T06:57Z,abel bretones,9579727,60,11230
2026-09-12T06:57Z,yago santiago,452572,0,11562
2026-09-12T06:57Z,selu diallo,606211,,11719
2026-09-12T06:57Z,natan,30656582,80,11813
2026-09-12T06:57Z,logan costa,700194,40,12354
2026-09-12T06:57Z,asier osambela,454304,20,12453
2026-09-12T06:57Z,iñigo arguibide,3367550,80,12823
2026-09-12T06:57Z,alberto risco,506712,,12917
2026-09-12T06:57Z,zaid romero,27892212,0,14210
2026-09-12T06:57Z,miguel sierra,4443580,50,16236
2026-09-12T06:57Z,gorka carrera,541190,,16922
2026-09-12T06:57Z,unai santos,500465,,16982
2026-09-12T06:57Z,david soria,35870313,95,1919
2026-09-12T06:57Z,alex berenguer,10115377,50,3204
2026-09-12T06:57Z,edu exposito,28918792,90,3738
2026-09-12T06:57Z,enes unal,18673272,80,3751
2026-09-12T06:57Z,jeremy toljan,2261288,40,4976
2026-09-12T06:57Z,toni martinez,19394039,50,5032
2026-09-12T06:57Z,cristian romero,31520212,50,6310
2026-09-12T06:57Z,ante budimir,61532031,90,6635
2026-09-12T06:57Z,jorge herrando,1662258,0,7082
2026-09-12T06:57Z,aimar oroz,10178169,0,7203
2026-09-12T06:57Z,jon moncayola,7638702,90,7204
2026-09-12T06:57Z,yuri berchiche,13767328,80,735
2026-09-12T06:57Z,aitor paredes,12320897,50,7916
2026-09-12T06:57Z,luka sucic,8789784,50,8392
2026-09-12T06:57Z,juan iglesias,11614558,60,8686
2026-09-12T06:57Z,antonio blanco,19800286,90,8737
2026-09-12T06:57Z,matias dituro,9165553,90,9161
2026-09-12T06:57Z,giuliano simeone,38807862,70,9276
2026-09-12T06:57Z,luismi cruz,8754920,80,9772
2026-09-12T06:57Z,roberto fernandez,26358784,90,9987
2026-09-12T06:57Z,claudio giraldez,1058673,,e101
2026-09-12T07:08Z,omar el hilali,13818389,80,10220
2026-09-12T07:08Z,orri steinn oskarsson,7556286,50,10660
2026-09-12T07:08Z,abel bretones,9579727,60,11230
2026-09-12T07:08Z,yago santiago,452572,0,11562
2026-09-12T07:08Z,selu diallo,606211,,11719
2026-09-12T07:08Z,natan,30656582,80,11813
2026-09-12T07:08Z,logan costa,700194,40,12354
2026-09-12T07:08Z,asier osambela,454304,20,12453
2026-09-12T07:08Z,iñigo arguibide,3367550,80,12823
2026-09-12T07:08Z,alberto risco,506712,,12917
2026-09-12T07:08Z,zaid romero,27892212,0,14210
2026-09-12T07:08Z,miguel sierra,4443580,50,16236
2026-09-12T07:08Z,gorka carrera,541190,,16922
2026-09-12T07:08Z,unai santos,500465,,16982
2026-09-12T07:08Z,david soria,35870313,95,1919
2026-09-12T07:08Z,alex berenguer,10115377,50,3204
2026-09-12T07:08Z,edu exposito,28918792,90,3738
2026-09-12T07:08Z,enes unal,18673272,80,3751
2026-09-12T07:08Z,jeremy toljan,2261288,40,4976
2026-09-12T07:08Z,toni martinez,19394039,50,5032
2026-09-12T07:08Z,cristian romero,31520212,50,6310
2026-09-12T07:08Z,ante budimir,61532031,90,6635
2026-09-12T07:08Z,jorge herrando,1662258,0,7082
2026-09-12T07:08Z,aimar oroz,10178169,0,7203
2026-09-12T07:08Z,jon moncayola,7638702,90,7204
2026-09-12T07:08Z,yuri berchiche,13767328,80,735
2026-09-12T07:08Z,aitor paredes,12320897,50,7916
2026-09-12T07:08Z,luka sucic,8789784,50,8392
2026-09-12T07:08Z,juan iglesias,11614558,60,8686
2026-09-12T07:08Z,antonio blanco,19800286,90,8737
2026-09-12T07:08Z,matias dituro,9165553,90,9161
2026-09-12T07:08Z,giuliano simeone,38807862,70,9276
2026-09-12T07:08Z,luismi cruz,8754920,80,9772
2026-09-12T07:08Z,roberto fernandez,26358784,90,9987
2026-09-12T07:08Z,claudio giraldez,1058673,,e101
2026-09-12T07:08Z,omar el hilali,13818389,80,10220
2026-09-12T07:08Z,orri steinn oskarsson,7556286,50,10660
2026-09-12T07:08Z,abel bretones,9579727,60,11230
2026-09-12T07:08Z,yago santiago,452572,0,11562
2026-09-12T07:08Z,selu diallo,606211,,11719
2026-09-12T07:08Z,natan,30656582,80,11813
2026-09-12T07:08Z,logan costa,700194,40,12354
2026-09-12T07:08Z,asier osambela,454304,20,12453
2026-09-12T07:08Z,iñigo arguibide,3367550,80,12823
2026-09-12T07:08Z,alberto risco,506712,,12917
2026-09-12T07:08Z,zaid romero,27892212,0,14210
2026-09-12T07:08Z,miguel sierra,4443580,50,16236
2026-09-12T07:08Z,gorka carrera,541190,,16922
2026-09-12T07:08Z,unai santos,500465,,16982
2026-09-12T07:08Z,david soria,35870313,95,1919
2026-09-12T07:08Z,alex berenguer,10115377,50,3204
2026-09-12T07:08Z,edu exposito,28918792,90,3738
2026-09-12T07:08Z,enes unal,18673272,80,3751
2026-09-12T07:08Z,jeremy toljan,2261288,40,4976
2026-09-12T07:08Z,toni martinez,19394039,50,5032
2026-09-12T07:08Z,cristian romero,31520212,50,6310
2026-09-12T07:08Z,ante budimir,61532031,90,6635
2026-09-12T07:08Z,jorge herrando,1662258,0,7082
2026-09-12T07:08Z,aimar oroz,10178169,0,7203
2026-09-12T07:08Z,jon moncayola,7638702,90,7204
2026-09-12T07:08Z,yuri berchiche,13767328,80,735
2026-09-12T07:08Z,aitor paredes,12320897,50,7916
2026-09-12T07:08Z,luka sucic,8789784,50,8392
2026-09-12T07:08Z,juan iglesias,11614558,60,8686
2026-09-12T07:08Z,antonio blanco,19800286,90,8737
2026-09-12T07:08Z,matias dituro,9165553,90,9161
2026-09-12T07:08Z,giuliano simeone,38807862,70,9276
2026-09-12T07:08Z,luismi cruz,8754920,80,9772
2026-09-12T07:08Z,roberto fernandez,26358784,90,9987
2026-09-12T07:08Z,claudio giraldez,1058673,,e101
2026-09-12T08:04Z,omar el hilali,13818389,80,10220
2026-09-12T08:04Z,orri steinn oskarsson,7556286,50,10660
2026-09-12T08:04Z,abel bretones,9579727,60,11230
2026-09-12T08:04Z,yago santiago,452572,0,11562
2026-09-12T08:04Z,selu diallo,606211,,11719
2026-09-12T08:04Z,natan,30656582,80,11813
2026-09-12T08:04Z,logan costa,700194,40,12354
2026-09-12T08:04Z,asier osambela,454304,20,12453
2026-09-12T08:04Z,iñigo arguibide,3367550,80,12823
2026-09-12T08:04Z,alberto risco,506712,,12917
2026-09-12T08:04Z,zaid romero,27892212,0,14210
2026-09-12T08:04Z,miguel sierra,4443580,50,16236
2026-09-12T08:04Z,gorka carrera,541190,,16922
2026-09-12T08:04Z,unai santos,500465,,16982
2026-09-12T08:04Z,david soria,35870313,95,1919
2026-09-12T08:04Z,alex berenguer,10115377,50,3204
2026-09-12T08:04Z,edu exposito,28918792,90,3738
2026-09-12T08:04Z,enes unal,18673272,80,3751
2026-09-12T08:04Z,jeremy toljan,2261288,40,4976
2026-09-12T08:04Z,toni martinez,19394039,50,5032
2026-09-12T08:04Z,cristian romero,31520212,50,6310
2026-09-12T08:04Z,ante budimir,61532031,90,6635
2026-09-12T08:04Z,jorge herrando,1662258,0,7082
2026-09-12T08:04Z,aimar oroz,10178169,0,7203
2026-09-12T08:04Z,jon moncayola,7638702,90,7204
2026-09-12T08:04Z,yuri berchiche,13767328,80,735
2026-09-12T08:04Z,aitor paredes,12320897,50,7916
2026-09-12T08:04Z,luka sucic,8789784,50,8392
2026-09-12T08:04Z,juan iglesias,11614558,60,8686
2026-09-12T08:04Z,antonio blanco,19800286,90,8737
2026-09-12T08:04Z,matias dituro,9165553,90,9161
2026-09-12T08:04Z,giuliano simeone,38807862,70,9276
2026-09-12T08:04Z,luismi cruz,8754920,80,9772
2026-09-12T08:04Z,roberto fernandez,26358784,90,9987
2026-09-12T08:04Z,claudio giraldez,1058673,,e101
2026-09-12T10:19Z,omar el hilali,13818389,80,10220
2026-09-12T10:19Z,orri steinn oskarsson,7556286,50,10660
2026-09-12T10:19Z,abel bretones,9579727,60,11230
2026-09-12T10:19Z,yago santiago,452572,0,11562
2026-09-12T10:19Z,selu diallo,606211,,11719
2026-09-12T10:19Z,natan,30656582,80,11813
2026-09-12T10:19Z,logan costa,700194,40,12354
2026-09-12T10:19Z,asier osambela,454304,20,12453
2026-09-12T10:19Z,iñigo arguibide,3367550,80,12823
2026-09-12T10:19Z,alberto risco,506712,,12917
2026-09-12T10:19Z,zaid romero,27892212,0,14210
2026-09-12T10:19Z,miguel sierra,4443580,50,16236
2026-09-12T10:19Z,gorka carrera,541190,,16922
2026-09-12T10:19Z,unai santos,500465,,16982
2026-09-12T10:19Z,david soria,35870313,95,1919
2026-09-12T10:19Z,alex berenguer,10115377,50,3204
2026-09-12T10:19Z,edu exposito,28918792,90,3738
2026-09-12T10:19Z,enes unal,18673272,80,3751
2026-09-12T10:19Z,jeremy toljan,2261288,40,4976
2026-09-12T10:19Z,toni martinez,19394039,50,5032
2026-09-12T10:19Z,cristian romero,31520212,50,6310
2026-09-12T10:19Z,ante budimir,61532031,90,6635
2026-09-12T10:19Z,jorge herrando,1662258,0,7082
2026-09-12T10:19Z,aimar oroz,10178169,0,7203
2026-09-12T10:19Z,jon moncayola,7638702,90,7204
2026-09-12T10:19Z,yuri berchiche,13767328,80,735
2026-09-12T10:19Z,aitor paredes,12320897,50,7916
2026-09-12T10:19Z,luka sucic,8789784,50,8392
2026-09-12T10:19Z,juan iglesias,11614558,60,8686
2026-09-12T10:19Z,antonio blanco,19800286,90,8737
2026-09-12T10:19Z,matias dituro,9165553,90,9161
2026-09-12T10:19Z,giuliano simeone,38807862,70,9276
2026-09-12T10:19Z,luismi cruz,8754920,80,9772
2026-09-12T10:19Z,roberto fernandez,26358784,90,9987
2026-09-12T10:19Z,claudio giraldez,1058673,,e101
2026-09-12T12:57Z,pablo barrios,55572917,0,10005
2026-09-12T12:57Z,omar el hilali,13818389,80,10220
2026-09-12T12:57Z,orri steinn oskarsson,7556286,50,10660
2026-09-12T12:57Z,abel bretones,9579727,60,11230
2026-09-12T12:57Z,yago santiago,452572,0,11562
2026-09-12T12:57Z,selu diallo,606211,0,11719
2026-09-12T12:57Z,natan,30656582,80,11813
2026-09-12T12:57Z,logan costa,700194,40,12354
2026-09-12T12:57Z,asier osambela,454304,20,12453
2026-09-12T12:57Z,iñigo arguibide,3367550,80,12823
2026-09-12T12:57Z,alberto risco,506712,,12917
2026-09-12T12:57Z,zaid romero,27892212,0,14210
2026-09-12T12:57Z,miguel sierra,4443580,50,16236
2026-09-12T12:57Z,gorka carrera,541190,,16922
2026-09-12T12:57Z,unai santos,500465,,16982
2026-09-12T12:57Z,david soria,35870313,95,1919
2026-09-12T12:57Z,alex berenguer,10115377,50,3204
2026-09-12T12:57Z,edu exposito,28918792,90,3738
2026-09-12T12:57Z,enes unal,18673272,80,3751
2026-09-12T12:57Z,jeremy toljan,2261288,40,4976
2026-09-12T12:57Z,toni martinez,19394039,0,5032
2026-09-12T12:57Z,cristian romero,31520212,50,6310
2026-09-12T12:57Z,ante budimir,61532031,90,6635
2026-09-12T12:57Z,jorge herrando,1662258,0,7082
2026-09-12T12:57Z,aimar oroz,10178169,0,7203
2026-09-12T12:57Z,jon moncayola,7638702,90,7204
2026-09-12T12:57Z,yuri berchiche,13767328,80,735
2026-09-12T12:57Z,aitor paredes,12320897,50,7916
2026-09-12T12:57Z,luka sucic,8789784,50,8392
2026-09-12T12:57Z,juan iglesias,11614558,60,8686
2026-09-12T12:57Z,antonio blanco,19800286,100,8737
2026-09-12T12:57Z,matias dituro,9165553,90,9161
2026-09-12T12:57Z,giuliano simeone,38807862,70,9276
2026-09-12T12:57Z,luismi cruz,8754920,80,9772
2026-09-12T12:57Z,roberto fernandez,26358784,90,9987
2026-09-12T12:57Z,claudio giraldez,1058673,,e101
2026-09-12T15:43Z,pablo barrios,55572917,0,10005
2026-09-12T15:43Z,omar el hilali,13818389,80,10220
2026-09-12T15:43Z,orri steinn oskarsson,7556286,50,10660
2026-09-12T15:43Z,abel bretones,9579727,60,11230
2026-09-12T15:43Z,yago santiago,452572,0,11562
2026-09-12T15:43Z,selu diallo,606211,0,11719
2026-09-12T15:43Z,natan,30656582,80,11813
2026-09-12T15:43Z,logan costa,700194,40,12354
2026-09-12T15:43Z,asier osambela,454304,20,12453
2026-09-12T15:43Z,iñigo arguibide,3367550,80,12823
2026-09-12T15:43Z,alberto risco,506712,,12917
2026-09-12T15:43Z,zaid romero,27892212,0,14210
2026-09-12T15:43Z,miguel sierra,4443580,50,16236
2026-09-12T15:43Z,gorka carrera,541190,,16922
2026-09-12T15:43Z,unai santos,500465,,16982
2026-09-12T15:43Z,david soria,35870313,95,1919
2026-09-12T15:43Z,alex berenguer,10115377,50,3204
2026-09-12T15:43Z,edu exposito,28918792,90,3738
2026-09-12T15:43Z,enes unal,18673272,80,3751
2026-09-12T15:43Z,jeremy toljan,2261288,40,4976
2026-09-12T15:43Z,toni martinez,19394039,0,5032
2026-09-12T15:43Z,cristian romero,31520212,50,6310
2026-09-12T15:43Z,ante budimir,61532031,90,6635
2026-09-12T15:43Z,jorge herrando,1662258,0,7082
2026-09-12T15:43Z,aimar oroz,10178169,0,7203
2026-09-12T15:43Z,jon moncayola,7638702,90,7204
2026-09-12T15:43Z,yuri berchiche,13767328,80,735
2026-09-12T15:43Z,aitor paredes,12320897,50,7916
2026-09-12T15:43Z,luka sucic,8789784,50,8392
2026-09-12T15:43Z,juan iglesias,11614558,60,8686
2026-09-12T15:43Z,antonio blanco,19800286,100,8737
2026-09-12T15:43Z,matias dituro,9165553,90,9161
2026-09-12T15:43Z,giuliano simeone,38807862,70,9276
2026-09-12T15:43Z,luismi cruz,8754920,80,9772
2026-09-12T15:43Z,roberto fernandez,26358784,90,9987
2026-09-12T15:43Z,claudio giraldez,1058673,,e101
2026-09-12T15:44Z,pablo barrios,55572917,0,10005
2026-09-12T15:44Z,omar el hilali,13818389,80,10220
2026-09-12T15:44Z,orri steinn oskarsson,7556286,50,10660
2026-09-12T15:44Z,abel bretones,9579727,60,11230
2026-09-12T15:44Z,yago santiago,452572,0,11562
2026-09-12T15:44Z,selu diallo,606211,0,11719
2026-09-12T15:44Z,natan,30656582,80,11813
2026-09-12T15:44Z,logan costa,700194,40,12354
2026-09-12T15:44Z,asier osambela,454304,20,12453
2026-09-12T15:44Z,iñigo arguibide,3367550,80,12823
2026-09-12T15:44Z,alberto risco,506712,,12917
2026-09-12T15:44Z,zaid romero,27892212,0,14210
2026-09-12T15:44Z,miguel sierra,4443580,50,16236
2026-09-12T15:44Z,gorka carrera,541190,,16922
2026-09-12T15:44Z,unai santos,500465,,16982
2026-09-12T15:44Z,david soria,35870313,95,1919
2026-09-12T15:44Z,alex berenguer,10115377,50,3204
2026-09-12T15:44Z,edu exposito,28918792,90,3738
2026-09-12T15:44Z,enes unal,18673272,80,3751
2026-09-12T15:44Z,jeremy toljan,2261288,40,4976
2026-09-12T15:44Z,toni martinez,19394039,0,5032
2026-09-12T15:44Z,cristian romero,31520212,50,6310
2026-09-12T15:44Z,ante budimir,61532031,90,6635
2026-09-12T15:44Z,jorge herrando,1662258,0,7082
2026-09-12T15:44Z,aimar oroz,10178169,0,7203
2026-09-12T15:44Z,jon moncayola,7638702,90,7204
2026-09-12T15:44Z,yuri berchiche,13767328,80,735
2026-09-12T15:44Z,aitor paredes,12320897,50,7916
2026-09-12T15:44Z,luka sucic,8789784,50,8392
2026-09-12T15:44Z,juan iglesias,11614558,60,8686
2026-09-12T15:44Z,antonio blanco,19800286,100,8737
2026-09-12T15:44Z,matias dituro,9165553,90,9161
2026-09-12T15:44Z,giuliano simeone,38807862,70,9276
2026-09-12T15:44Z,luismi cruz,8754920,80,9772
2026-09-12T15:44Z,roberto fernandez,26358784,90,9987
2026-09-12T15:44Z,claudio giraldez,1058673,,e101
2026-09-12T15:59Z,pablo barrios,55572917,0,10005
2026-09-12T15:59Z,omar el hilali,13818389,80,10220
2026-09-12T15:59Z,orri steinn oskarsson,7556286,50,10660
2026-09-12T15:59Z,abel bretones,9579727,60,11230
2026-09-12T15:59Z,yago santiago,452572,0,11562
2026-09-12T15:59Z,selu diallo,606211,0,11719
2026-09-12T15:59Z,natan,30656582,80,11813
2026-09-12T15:59Z,logan costa,700194,40,12354
2026-09-12T15:59Z,asier osambela,454304,20,12453
2026-09-12T15:59Z,iñigo arguibide,3367550,80,12823
2026-09-12T15:59Z,alberto risco,506712,,12917
2026-09-12T15:59Z,zaid romero,27892212,0,14210
2026-09-12T15:59Z,miguel sierra,4443580,50,16236
2026-09-12T15:59Z,gorka carrera,541190,,16922
2026-09-12T15:59Z,unai santos,500465,,16982
2026-09-12T15:59Z,david soria,35870313,95,1919
2026-09-12T15:59Z,alex berenguer,10115377,50,3204
2026-09-12T15:59Z,edu exposito,28918792,90,3738
2026-09-12T15:59Z,enes unal,18673272,80,3751
2026-09-12T15:59Z,jeremy toljan,2261288,40,4976
2026-09-12T15:59Z,toni martinez,19394039,0,5032
2026-09-12T15:59Z,cristian romero,31520212,50,6310
2026-09-12T15:59Z,ante budimir,61532031,90,6635
2026-09-12T15:59Z,jorge herrando,1662258,0,7082
2026-09-12T15:59Z,aimar oroz,10178169,0,7203
2026-09-12T15:59Z,jon moncayola,7638702,90,7204
2026-09-12T15:59Z,yuri berchiche,13767328,80,735
2026-09-12T15:59Z,aitor paredes,12320897,50,7916
2026-09-12T15:59Z,luka sucic,8789784,50,8392
2026-09-12T15:59Z,juan iglesias,11614558,60,8686
2026-09-12T15:59Z,antonio blanco,19800286,100,8737
2026-09-12T15:59Z,matias dituro,9165553,90,9161
2026-09-12T15:59Z,giuliano simeone,38807862,70,9276
2026-09-12T15:59Z,luismi cruz,8754920,80,9772
2026-09-12T15:59Z,roberto fernandez,26358784,90,9987
2026-09-12T15:59Z,claudio giraldez,1058673,,e101
2026-09-12T16:32Z,pablo barrios,55572917,0,10005
2026-09-12T16:32Z,omar el hilali,13818389,80,10220
2026-09-12T16:32Z,orri steinn oskarsson,7556286,50,10660
2026-09-12T16:32Z,abel bretones,9579727,60,11230
2026-09-12T16:32Z,yago santiago,452572,0,11562
2026-09-12T16:32Z,selu diallo,606211,0,11719
2026-09-12T16:32Z,natan,30656582,80,11813
2026-09-12T16:32Z,logan costa,700194,40,12354
2026-09-12T16:32Z,asier osambela,454304,20,12453
2026-09-12T16:32Z,iñigo arguibide,3367550,80,12823
2026-09-12T16:32Z,alberto risco,506712,,12917
2026-09-12T16:32Z,zaid romero,27892212,0,14210
2026-09-12T16:32Z,miguel sierra,4443580,50,16236
2026-09-12T16:32Z,gorka carrera,541190,,16922
2026-09-12T16:32Z,unai santos,500465,,16982
2026-09-12T16:32Z,david soria,35870313,95,1919
2026-09-12T16:32Z,alex berenguer,10115377,50,3204
2026-09-12T16:32Z,edu exposito,28918792,90,3738
2026-09-12T16:32Z,enes unal,18673272,80,3751
2026-09-12T16:32Z,jeremy toljan,2261288,40,4976
2026-09-12T16:32Z,toni martinez,19394039,0,5032
2026-09-12T16:32Z,cristian romero,31520212,50,6310
2026-09-12T16:32Z,ante budimir,61532031,90,6635
2026-09-12T16:32Z,jorge herrando,1662258,0,7082
2026-09-12T16:32Z,aimar oroz,10178169,0,7203
2026-09-12T16:32Z,jon moncayola,7638702,90,7204
2026-09-12T16:32Z,yuri berchiche,13767328,80,735
2026-09-12T16:32Z,aitor paredes,12320897,50,7916
2026-09-12T16:32Z,luka sucic,8789784,50,8392
2026-09-12T16:32Z,juan iglesias,11614558,60,8686
2026-09-12T16:32Z,antonio blanco,19800286,100,8737
2026-09-12T16:32Z,matias dituro,9165553,90,9161
2026-09-12T16:32Z,giuliano simeone,38807862,70,9276
2026-09-12T16:32Z,luismi cruz,8754920,80,9772
2026-09-12T16:32Z,roberto fernandez,26358784,90,9987
2026-09-12T16:32Z,claudio giraldez,1058673,,e101
2026-09-12T18:06Z,pablo barrios,55572917,0,10005
2026-09-12T18:06Z,omar el hilali,13818389,80,10220
2026-09-12T18:06Z,orri steinn oskarsson,7556286,50,10660
2026-09-12T18:06Z,abel bretones,9579727,60,11230
2026-09-12T18:06Z,yago santiago,452572,0,11562
2026-09-12T18:06Z,selu diallo,606211,0,11719
2026-09-12T18:06Z,natan,30656582,80,11813
2026-09-12T18:06Z,logan costa,700194,40,12354
2026-09-12T18:06Z,asier osambela,454304,20,12453
2026-09-12T18:06Z,iñigo arguibide,3367550,80,12823
2026-09-12T18:06Z,alberto risco,506712,,12917
2026-09-12T18:06Z,zaid romero,27892212,0,14210
2026-09-12T18:06Z,miguel sierra,4443580,50,16236
2026-09-12T18:06Z,gorka carrera,541190,,16922
2026-09-12T18:06Z,unai santos,500465,,16982
2026-09-12T18:06Z,david soria,35870313,95,1919
2026-09-12T18:06Z,alex berenguer,10115377,50,3204
2026-09-12T18:06Z,edu exposito,28918792,90,3738
2026-09-12T18:06Z,enes unal,18673272,80,3751
2026-09-12T18:06Z,jeremy toljan,2261288,40,4976
2026-09-12T18:06Z,toni martinez,19394039,0,5032
2026-09-12T18:06Z,cristian romero,31520212,50,6310
2026-09-12T18:06Z,ante budimir,61532031,90,6635
2026-09-12T18:06Z,jorge herrando,1662258,0,7082
2026-09-12T18:06Z,aimar oroz,10178169,0,7203
2026-09-12T18:06Z,jon moncayola,7638702,90,7204
2026-09-12T18:06Z,yuri berchiche,13767328,80,735
2026-09-12T18:06Z,aitor paredes,12320897,50,7916
2026-09-12T18:06Z,luka sucic,8789784,50,8392
2026-09-12T18:06Z,juan iglesias,11614558,60,8686
2026-09-12T18:06Z,antonio blanco,19800286,100,8737
2026-09-12T18:06Z,matias dituro,9165553,90,9161
2026-09-12T18:06Z,giuliano simeone,38807862,70,9276
2026-09-12T18:06Z,luismi cruz,8754920,80,9772
2026-09-12T18:06Z,roberto fernandez,26358784,90,9987
2026-09-12T18:06Z,claudio giraldez,1058673,,e101
2026-09-12T18:20Z,pablo barrios,55572917,0,10005
2026-09-12T18:20Z,omar el hilali,13818389,80,10220
2026-09-12T18:20Z,orri steinn oskarsson,7556286,50,10660
2026-09-12T18:20Z,abel bretones,9579727,60,11230
2026-09-12T18:20Z,yago santiago,452572,0,11562
2026-09-12T18:20Z,selu diallo,606211,0,11719
2026-09-12T18:20Z,natan,30656582,80,11813
2026-09-12T18:20Z,logan costa,700194,40,12354
2026-09-12T18:20Z,asier osambela,454304,20,12453
2026-09-12T18:20Z,iñigo arguibide,3367550,80,12823
2026-09-12T18:20Z,alberto risco,506712,,12917
2026-09-12T18:20Z,zaid romero,27892212,0,14210
2026-09-12T18:20Z,miguel sierra,4443580,50,16236
2026-09-12T18:20Z,gorka carrera,541190,,16922
2026-09-12T18:20Z,unai santos,500465,,16982
2026-09-12T18:20Z,david soria,35870313,95,1919
2026-09-12T18:20Z,alex berenguer,10115377,50,3204
2026-09-12T18:20Z,edu exposito,28918792,90,3738
2026-09-12T18:20Z,enes unal,18673272,80,3751
2026-09-12T18:20Z,jeremy toljan,2261288,40,4976
2026-09-12T18:20Z,toni martinez,19394039,0,5032
2026-09-12T18:20Z,cristian romero,31520212,50,6310
2026-09-12T18:20Z,ante budimir,61532031,90,6635
2026-09-12T18:20Z,jorge herrando,1662258,0,7082
2026-09-12T18:20Z,aimar oroz,10178169,0,7203
2026-09-12T18:20Z,jon moncayola,7638702,90,7204
2026-09-12T18:20Z,yuri berchiche,13767328,80,735
2026-09-12T18:20Z,aitor paredes,12320897,50,7916
2026-09-12T18:20Z,luka sucic,8789784,50,8392
2026-09-12T18:20Z,juan iglesias,11614558,60,8686
2026-09-12T18:20Z,antonio blanco,19800286,100,8737
2026-09-12T18:20Z,matias dituro,9165553,90,9161
2026-09-12T18:20Z,giuliano simeone,38807862,70,9276
2026-09-12T18:20Z,luismi cruz,8754920,80,9772
2026-09-12T18:20Z,roberto fernandez,26358784,90,9987
2026-09-12T18:20Z,claudio giraldez,1058673,,e101
2026-09-12T18:42Z,pablo barrios,55572917,0,10005
2026-09-12T18:42Z,omar el hilali,13818389,80,10220
2026-09-12T18:42Z,orri steinn oskarsson,7556286,50,10660
2026-09-12T18:42Z,abel bretones,9579727,60,11230
2026-09-12T18:42Z,yago santiago,452572,0,11562
2026-09-12T18:42Z,selu diallo,606211,0,11719
2026-09-12T18:42Z,natan,30656582,80,11813
2026-09-12T18:42Z,logan costa,700194,40,12354
2026-09-12T18:42Z,asier osambela,454304,20,12453
2026-09-12T18:42Z,iñigo arguibide,3367550,80,12823
2026-09-12T18:42Z,alberto risco,506712,,12917
2026-09-12T18:42Z,zaid romero,27892212,0,14210
2026-09-12T18:42Z,miguel sierra,4443580,50,16236
2026-09-12T18:42Z,gorka carrera,541190,,16922
2026-09-12T18:42Z,unai santos,500465,,16982
2026-09-12T18:42Z,david soria,35870313,95,1919
2026-09-12T18:42Z,alex berenguer,10115377,50,3204
2026-09-12T18:42Z,edu exposito,28918792,90,3738
2026-09-12T18:42Z,enes unal,18673272,80,3751
2026-09-12T18:42Z,jeremy toljan,2261288,40,4976
2026-09-12T18:42Z,toni martinez,19394039,0,5032
2026-09-12T18:42Z,cristian romero,31520212,50,6310
2026-09-12T18:42Z,ante budimir,61532031,90,6635
2026-09-12T18:42Z,jorge herrando,1662258,0,7082
2026-09-12T18:42Z,aimar oroz,10178169,0,7203
2026-09-12T18:42Z,jon moncayola,7638702,90,7204
2026-09-12T18:42Z,yuri berchiche,13767328,80,735
2026-09-12T18:42Z,aitor paredes,12320897,50,7916
2026-09-12T18:42Z,luka sucic,8789784,50,8392
2026-09-12T18:42Z,juan iglesias,11614558,60,8686
2026-09-12T18:42Z,antonio blanco,19800286,100,8737
2026-09-12T18:42Z,matias dituro,9165553,90,9161
2026-09-12T18:42Z,giuliano simeone,38807862,70,9276
2026-09-12T18:42Z,luismi cruz,8754920,80,9772
2026-09-12T18:42Z,roberto fernandez,26358784,90,9987
2026-09-12T18:42Z,claudio giraldez,1058673,,e101
2026-09-12T18:46Z,pablo barrios,55572917,0,10005
2026-09-12T18:46Z,omar el hilali,13818389,80,10220
2026-09-12T18:46Z,orri steinn oskarsson,7556286,50,10660
2026-09-12T18:46Z,abel bretones,9579727,60,11230
2026-09-12T18:46Z,yago santiago,452572,0,11562
2026-09-12T18:46Z,selu diallo,606211,0,11719
2026-09-12T18:46Z,natan,30656582,80,11813
2026-09-12T18:46Z,logan costa,700194,40,12354
2026-09-12T18:46Z,asier osambela,454304,20,12453
2026-09-12T18:46Z,iñigo arguibide,3367550,80,12823
2026-09-12T18:46Z,alberto risco,506712,,12917
2026-09-12T18:46Z,zaid romero,27892212,0,14210
2026-09-12T18:46Z,miguel sierra,4443580,50,16236
2026-09-12T18:46Z,gorka carrera,541190,,16922
2026-09-12T18:46Z,unai santos,500465,,16982
2026-09-12T18:46Z,david soria,35870313,95,1919
2026-09-12T18:46Z,alex berenguer,10115377,50,3204
2026-09-12T18:46Z,edu exposito,28918792,90,3738
2026-09-12T18:46Z,enes unal,18673272,80,3751
2026-09-12T18:46Z,jeremy toljan,2261288,40,4976
2026-09-12T18:46Z,toni martinez,19394039,0,5032
2026-09-12T18:46Z,cristian romero,31520212,50,6310
2026-09-12T18:46Z,ante budimir,61532031,90,6635
2026-09-12T18:46Z,jorge herrando,1662258,0,7082
2026-09-12T18:46Z,aimar oroz,10178169,0,7203
2026-09-12T18:46Z,jon moncayola,7638702,90,7204
2026-09-12T18:46Z,yuri berchiche,13767328,80,735
2026-09-12T18:46Z,aitor paredes,12320897,50,7916
2026-09-12T18:46Z,luka sucic,8789784,50,8392
2026-09-12T18:46Z,juan iglesias,11614558,60,8686
2026-09-12T18:46Z,antonio blanco,19800286,100,8737
2026-09-12T18:46Z,matias dituro,9165553,90,9161
2026-09-12T18:46Z,giuliano simeone,38807862,70,9276
2026-09-12T18:46Z,luismi cruz,8754920,80,9772
2026-09-12T18:46Z,roberto fernandez,26358784,90,9987
2026-09-12T18:46Z,claudio giraldez,1058673,,e101
2026-09-12T18:50Z,pablo barrios,55572917,0,10005
2026-09-12T18:50Z,omar el hilali,13818389,80,10220
2026-09-12T18:50Z,orri steinn oskarsson,7556286,50,10660
2026-09-12T18:50Z,abel bretones,9579727,60,11230
2026-09-12T18:50Z,yago santiago,452572,0,11562
2026-09-12T18:50Z,selu diallo,606211,0,11719
2026-09-12T18:50Z,natan,30656582,80,11813
2026-09-12T18:50Z,logan costa,700194,40,12354
2026-09-12T18:50Z,asier osambela,454304,20,12453
2026-09-12T18:50Z,iñigo arguibide,3367550,80,12823
2026-09-12T18:50Z,alberto risco,506712,,12917
2026-09-12T18:50Z,zaid romero,27892212,0,14210
2026-09-12T18:50Z,miguel sierra,4443580,50,16236
2026-09-12T18:50Z,gorka carrera,541190,,16922
2026-09-12T18:50Z,unai santos,500465,,16982
2026-09-12T18:50Z,david soria,35870313,95,1919
2026-09-12T18:50Z,alex berenguer,10115377,50,3204
2026-09-12T18:50Z,edu exposito,28918792,90,3738
2026-09-12T18:50Z,enes unal,18673272,80,3751
2026-09-12T18:50Z,jeremy toljan,2261288,40,4976
2026-09-12T18:50Z,toni martinez,19394039,0,5032
2026-09-12T18:50Z,cristian romero,31520212,50,6310
2026-09-12T18:50Z,ante budimir,61532031,90,6635
2026-09-12T18:50Z,jorge herrando,1662258,0,7082
2026-09-12T18:50Z,aimar oroz,10178169,0,7203
2026-09-12T18:50Z,jon moncayola,7638702,90,7204
2026-09-12T18:50Z,yuri berchiche,13767328,80,735
2026-09-12T18:50Z,aitor paredes,12320897,50,7916
2026-09-12T18:50Z,luka sucic,8789784,50,8392
2026-09-12T18:50Z,juan iglesias,11614558,60,8686
2026-09-12T18:50Z,antonio blanco,19800286,100,8737
2026-09-12T18:50Z,matias dituro,9165553,90,9161
2026-09-12T18:50Z,giuliano simeone,38807862,70,9276
2026-09-12T18:50Z,luismi cruz,8754920,80,9772
2026-09-12T18:50Z,roberto fernandez,26358784,90,9987
2026-09-12T18:50Z,claudio giraldez,1058673,,e101
2026-09-12T18:57Z,pablo barrios,55572917,0,10005
2026-09-12T18:57Z,omar el hilali,13818389,80,10220
2026-09-12T18:57Z,orri steinn oskarsson,7556286,50,10660
2026-09-12T18:57Z,abel bretones,9579727,60,11230
2026-09-12T18:57Z,yago santiago,452572,0,11562
2026-09-12T18:57Z,selu diallo,606211,0,11719
2026-09-12T18:57Z,natan,30656582,80,11813
2026-09-12T18:57Z,logan costa,700194,40,12354
2026-09-12T18:57Z,asier osambela,454304,20,12453
2026-09-12T18:57Z,iñigo arguibide,3367550,80,12823
2026-09-12T18:57Z,alberto risco,506712,,12917
2026-09-12T18:57Z,zaid romero,27892212,0,14210
2026-09-12T18:57Z,miguel sierra,4443580,50,16236
2026-09-12T18:57Z,gorka carrera,541190,,16922
2026-09-12T18:57Z,unai santos,500465,,16982
2026-09-12T18:57Z,david soria,35870313,95,1919
2026-09-12T18:57Z,alex berenguer,10115377,50,3204
2026-09-12T18:57Z,edu exposito,28918792,90,3738
2026-09-12T18:57Z,enes unal,18673272,80,3751
2026-09-12T18:57Z,jeremy toljan,2261288,40,4976
2026-09-12T18:57Z,toni martinez,19394039,0,5032
2026-09-12T18:57Z,cristian romero,31520212,50,6310
2026-09-12T18:57Z,ante budimir,61532031,90,6635
2026-09-12T18:57Z,jorge herrando,1662258,0,7082
2026-09-12T18:57Z,aimar oroz,10178169,0,7203
2026-09-12T18:57Z,jon moncayola,7638702,90,7204
2026-09-12T18:57Z,yuri berchiche,13767328,80,735
2026-09-12T18:57Z,aitor paredes,12320897,50,7916
2026-09-12T18:57Z,luka sucic,8789784,50,8392
2026-09-12T18:57Z,juan iglesias,11614558,60,8686
2026-09-12T18:57Z,antonio blanco,19800286,100,8737
2026-09-12T18:57Z,matias dituro,9165553,90,9161
2026-09-12T18:57Z,giuliano simeone,38807862,70,9276
2026-09-12T18:57Z,luismi cruz,8754920,80,9772
2026-09-12T18:57Z,roberto fernandez,26358784,90,9987
2026-09-12T18:57Z,claudio giraldez,1058673,,e101
2026-09-12T19:23Z,pablo barrios,55572917,0,10005
2026-09-12T19:23Z,omar el hilali,13818389,80,10220
2026-09-12T19:23Z,orri steinn oskarsson,7556286,50,10660
2026-09-12T19:23Z,abel bretones,9579727,60,11230
2026-09-12T19:23Z,yago santiago,452572,0,11562
2026-09-12T19:23Z,selu diallo,606211,0,11719
2026-09-12T19:23Z,natan,30656582,80,11813
2026-09-12T19:23Z,logan costa,700194,40,12354
2026-09-12T19:23Z,asier osambela,454304,20,12453
2026-09-12T19:23Z,iñigo arguibide,3367550,80,12823
2026-09-12T19:23Z,alberto risco,506712,,12917
2026-09-12T19:23Z,zaid romero,27892212,0,14210
2026-09-12T19:23Z,miguel sierra,4443580,50,16236
2026-09-12T19:23Z,gorka carrera,541190,,16922
2026-09-12T19:23Z,unai santos,500465,,16982
2026-09-12T19:23Z,david soria,35870313,95,1919
2026-09-12T19:23Z,alex berenguer,10115377,50,3204
2026-09-12T19:23Z,edu exposito,28918792,90,3738
2026-09-12T19:23Z,enes unal,18673272,80,3751
2026-09-12T19:23Z,jeremy toljan,2261288,40,4976
2026-09-12T19:23Z,toni martinez,19394039,0,5032
2026-09-12T19:23Z,cristian romero,31520212,50,6310
2026-09-12T19:23Z,ante budimir,61532031,90,6635
2026-09-12T19:23Z,jorge herrando,1662258,0,7082
2026-09-12T19:23Z,aimar oroz,10178169,0,7203
2026-09-12T19:23Z,jon moncayola,7638702,90,7204
2026-09-12T19:23Z,yuri berchiche,13767328,80,735
2026-09-12T19:23Z,aitor paredes,12320897,50,7916
2026-09-12T19:23Z,luka sucic,8789784,50,8392
2026-09-12T19:23Z,juan iglesias,11614558,60,8686
2026-09-12T19:23Z,antonio blanco,19800286,100,8737
2026-09-12T19:23Z,matias dituro,9165553,90,9161
2026-09-12T19:23Z,giuliano simeone,38807862,70,9276
2026-09-12T19:23Z,luismi cruz,8754920,80,9772
2026-09-12T19:23Z,roberto fernandez,26358784,90,9987
2026-09-12T19:23Z,claudio giraldez,1058673,,e101
2026-09-12T20:23Z,pablo barrios,55572917,0,10005
2026-09-12T20:23Z,omar el hilali,13818389,80,10220
2026-09-12T20:23Z,orri steinn oskarsson,7556286,50,10660
2026-09-12T20:23Z,abel bretones,9579727,60,11230
2026-09-12T20:23Z,yago santiago,452572,0,11562
2026-09-12T20:23Z,selu diallo,606211,0,11719
2026-09-12T20:23Z,natan,30656582,80,11813
2026-09-12T20:23Z,logan costa,700194,40,12354
2026-09-12T20:23Z,asier osambela,454304,20,12453
2026-09-12T20:23Z,iñigo arguibide,3367550,80,12823
2026-09-12T20:23Z,alberto risco,506712,,12917
2026-09-12T20:23Z,zaid romero,27892212,0,14210
2026-09-12T20:23Z,miguel sierra,4443580,50,16236
2026-09-12T20:23Z,gorka carrera,541190,,16922
2026-09-12T20:23Z,unai santos,500465,,16982
2026-09-12T20:23Z,david soria,35870313,95,1919
2026-09-12T20:23Z,alex berenguer,10115377,50,3204
2026-09-12T20:23Z,edu exposito,28918792,90,3738
2026-09-12T20:23Z,enes unal,18673272,80,3751
2026-09-12T20:23Z,jeremy toljan,2261288,40,4976
2026-09-12T20:23Z,toni martinez,19394039,0,5032
2026-09-12T20:23Z,cristian romero,31520212,50,6310
2026-09-12T20:23Z,ante budimir,61532031,90,6635
2026-09-12T20:23Z,jorge herrando,1662258,0,7082
2026-09-12T20:23Z,aimar oroz,10178169,0,7203
2026-09-12T20:23Z,jon moncayola,7638702,90,7204
2026-09-12T20:23Z,yuri berchiche,13767328,80,735
2026-09-12T20:23Z,aitor paredes,12320897,50,7916
2026-09-12T20:23Z,luka sucic,8789784,50,8392
2026-09-12T20:23Z,juan iglesias,11614558,60,8686
2026-09-12T20:23Z,antonio blanco,19800286,100,8737
2026-09-12T20:23Z,matias dituro,9165553,90,9161
2026-09-12T20:23Z,giuliano simeone,38807862,70,9276
2026-09-12T20:23Z,luismi cruz,8754920,80,9772
2026-09-12T20:23Z,roberto fernandez,26358784,90,9987
2026-09-12T20:23Z,claudio giraldez,1058673,,e101
2026-09-12T20:37Z,pablo barrios,55572917,0,10005
2026-09-12T20:37Z,omar el hilali,13818389,80,10220
2026-09-12T20:37Z,orri steinn oskarsson,7556286,50,10660
2026-09-12T20:37Z,abel bretones,9579727,60,11230
2026-09-12T20:37Z,yago santiago,452572,0,11562
2026-09-12T20:37Z,selu diallo,606211,0,11719
2026-09-12T20:37Z,natan,30656582,80,11813
2026-09-12T20:37Z,logan costa,700194,40,12354
2026-09-12T20:37Z,asier osambela,454304,20,12453
2026-09-12T20:37Z,iñigo arguibide,3367550,80,12823
2026-09-12T20:37Z,alberto risco,506712,,12917
2026-09-12T20:37Z,zaid romero,27892212,0,14210
2026-09-12T20:37Z,miguel sierra,4443580,50,16236
2026-09-12T20:37Z,gorka carrera,541190,,16922
2026-09-12T20:37Z,unai santos,500465,,16982
2026-09-12T20:37Z,david soria,35870313,95,1919
2026-09-12T20:37Z,alex berenguer,10115377,50,3204
2026-09-12T20:37Z,edu exposito,28918792,90,3738
2026-09-12T20:37Z,enes unal,18673272,80,3751
2026-09-12T20:37Z,jeremy toljan,2261288,40,4976
2026-09-12T20:37Z,toni martinez,19394039,0,5032
2026-09-12T20:37Z,cristian romero,31520212,50,6310
2026-09-12T20:37Z,ante budimir,61532031,90,6635
2026-09-12T20:37Z,jorge herrando,1662258,0,7082
2026-09-12T20:37Z,aimar oroz,10178169,0,7203
2026-09-12T20:37Z,jon moncayola,7638702,90,7204
2026-09-12T20:37Z,yuri berchiche,13767328,80,735
2026-09-12T20:37Z,aitor paredes,12320897,50,7916
2026-09-12T20:37Z,luka sucic,8789784,50,8392
2026-09-12T20:37Z,juan iglesias,11614558,60,8686
2026-09-12T20:37Z,antonio blanco,19800286,100,8737
2026-09-12T20:37Z,matias dituro,9165553,90,9161
2026-09-12T20:37Z,giuliano simeone,38807862,70,9276
2026-09-12T20:37Z,luismi cruz,8754920,80,9772
2026-09-12T20:37Z,roberto fernandez,26358784,90,9987
2026-09-12T20:37Z,claudio giraldez,1058673,,e101
2026-09-12T20:44Z,pablo barrios,55572917,0,10005
2026-09-12T20:44Z,omar el hilali,13818389,80,10220
2026-09-12T20:44Z,orri steinn oskarsson,7556286,50,10660
2026-09-12T20:44Z,abel bretones,9579727,60,11230
2026-09-12T20:44Z,yago santiago,452572,0,11562
2026-09-12T20:44Z,selu diallo,606211,0,11719
2026-09-12T20:44Z,natan,30656582,80,11813
2026-09-12T20:44Z,logan costa,700194,40,12354
2026-09-12T20:44Z,asier osambela,454304,20,12453
2026-09-12T20:44Z,iñigo arguibide,3367550,80,12823
2026-09-12T20:44Z,alberto risco,506712,,12917
2026-09-12T20:44Z,zaid romero,27892212,0,14210
2026-09-12T20:44Z,miguel sierra,4443580,50,16236
2026-09-12T20:44Z,gorka carrera,541190,,16922
2026-09-12T20:44Z,unai santos,500465,,16982
2026-09-12T20:44Z,david soria,35870313,95,1919
2026-09-12T20:44Z,alex berenguer,10115377,50,3204
2026-09-12T20:44Z,edu exposito,28918792,90,3738
2026-09-12T20:44Z,enes unal,18673272,80,3751
2026-09-12T20:44Z,jeremy toljan,2261288,40,4976
2026-09-12T20:44Z,toni martinez,19394039,0,5032
2026-09-12T20:44Z,cristian romero,31520212,50,6310
2026-09-12T20:44Z,ante budimir,61532031,90,6635
2026-09-12T20:44Z,jorge herrando,1662258,0,7082
2026-09-12T20:44Z,aimar oroz,10178169,0,7203
2026-09-12T20:44Z,jon moncayola,7638702,90,7204
2026-09-12T20:44Z,yuri berchiche,13767328,80,735
2026-09-12T20:44Z,aitor paredes,12320897,50,7916
2026-09-12T20:44Z,luka sucic,8789784,50,8392
2026-09-12T20:44Z,juan iglesias,11614558,60,8686
2026-09-12T20:44Z,antonio blanco,19800286,100,8737
2026-09-12T20:44Z,matias dituro,9165553,90,9161
2026-09-12T20:44Z,giuliano simeone,38807862,70,9276
2026-09-12T20:44Z,luismi cruz,8754920,80,9772
2026-09-12T20:44Z,roberto fernandez,26358784,90,9987
2026-09-12T20:44Z,claudio giraldez,1058673,,e101
2026-09-12T21:11Z,pablo barrios,55572917,0,10005
2026-09-12T21:11Z,omar el hilali,13818389,80,10220
2026-09-12T21:11Z,orri steinn oskarsson,7556286,50,10660
2026-09-12T21:11Z,abel bretones,9579727,60,11230
2026-09-12T21:11Z,yago santiago,452572,0,11562
2026-09-12T21:11Z,selu diallo,606211,0,11719
2026-09-12T21:11Z,natan,30656582,80,11813
2026-09-12T21:11Z,logan costa,700194,40,12354
2026-09-12T21:11Z,asier osambela,454304,20,12453
2026-09-12T21:11Z,iñigo arguibide,3367550,80,12823
2026-09-12T21:11Z,alberto risco,506712,,12917
2026-09-12T21:11Z,zaid romero,27892212,0,14210
2026-09-12T21:11Z,miguel sierra,4443580,50,16236
2026-09-12T21:11Z,gorka carrera,541190,,16922
2026-09-12T21:11Z,unai santos,500465,,16982
2026-09-12T21:11Z,david soria,35870313,95,1919
2026-09-12T21:11Z,alex berenguer,10115377,50,3204
2026-09-12T21:11Z,edu exposito,28918792,90,3738
2026-09-12T21:11Z,enes unal,18673272,80,3751
2026-09-12T21:11Z,jeremy toljan,2261288,40,4976
2026-09-12T21:11Z,toni martinez,19394039,0,5032
2026-09-12T21:11Z,cristian romero,31520212,50,6310
2026-09-12T21:11Z,ante budimir,61532031,90,6635
2026-09-12T21:11Z,jorge herrando,1662258,0,7082
2026-09-12T21:11Z,aimar oroz,10178169,0,7203
2026-09-12T21:11Z,jon moncayola,7638702,90,7204
2026-09-12T21:11Z,yuri berchiche,13767328,80,735
2026-09-12T21:11Z,aitor paredes,12320897,50,7916
2026-09-12T21:11Z,luka sucic,8789784,50,8392
2026-09-12T21:11Z,juan iglesias,11614558,60,8686
2026-09-12T21:11Z,antonio blanco,19800286,100,8737
2026-09-12T21:11Z,matias dituro,9165553,90,9161
2026-09-12T21:11Z,giuliano simeone,38807862,70,9276
2026-09-12T21:11Z,luismi cruz,8754920,80,9772
2026-09-12T21:11Z,roberto fernandez,26358784,90,9987
2026-09-12T21:11Z,claudio giraldez,1058673,,e101
2026-09-12T21:18Z,pablo barrios,55572917,0,10005
2026-09-12T21:18Z,omar el hilali,13818389,80,10220
2026-09-12T21:18Z,orri steinn oskarsson,7556286,50,10660
2026-09-12T21:18Z,abel bretones,9579727,60,11230
2026-09-12T21:18Z,yago santiago,452572,0,11562
2026-09-12T21:18Z,selu diallo,606211,0,11719
2026-09-12T21:18Z,natan,30656582,80,11813
2026-09-12T21:18Z,logan costa,700194,40,12354
2026-09-12T21:18Z,asier osambela,454304,20,12453
2026-09-12T21:18Z,iñigo arguibide,3367550,80,12823
2026-09-12T21:18Z,alberto risco,506712,,12917
2026-09-12T21:18Z,zaid romero,27892212,0,14210
2026-09-12T21:18Z,miguel sierra,4443580,50,16236
2026-09-12T21:18Z,gorka carrera,541190,,16922
2026-09-12T21:18Z,unai santos,500465,,16982
2026-09-12T21:18Z,david soria,35870313,95,1919
2026-09-12T21:18Z,alex berenguer,10115377,50,3204
2026-09-12T21:18Z,edu exposito,28918792,90,3738
2026-09-12T21:18Z,enes unal,18673272,80,3751
2026-09-12T21:18Z,jeremy toljan,2261288,40,4976
2026-09-12T21:18Z,toni martinez,19394039,0,5032
2026-09-12T21:18Z,cristian romero,31520212,50,6310
2026-09-12T21:18Z,ante budimir,61532031,90,6635
2026-09-12T21:18Z,jorge herrando,1662258,0,7082
2026-09-12T21:18Z,aimar oroz,10178169,0,7203
2026-09-12T21:18Z,jon moncayola,7638702,90,7204
2026-09-12T21:18Z,yuri berchiche,13767328,80,735
2026-09-12T21:18Z,aitor paredes,12320897,50,7916
2026-09-12T21:18Z,luka sucic,8789784,50,8392
2026-09-12T21:18Z,juan iglesias,11614558,60,8686
2026-09-12T21:18Z,antonio blanco,19800286,100,8737
2026-09-12T21:18Z,matias dituro,9165553,90,9161
2026-09-12T21:18Z,giuliano simeone,38807862,70,9276
2026-09-12T21:18Z,luismi cruz,8754920,80,9772
2026-09-12T21:18Z,roberto fernandez,26358784,90,9987
2026-09-12T21:18Z,claudio giraldez,1058673,,e101
2026-09-12T21:26Z,pablo barrios,55572917,0,10005
2026-09-12T21:26Z,omar el hilali,13818389,80,10220
2026-09-12T21:26Z,orri steinn oskarsson,7556286,50,10660
2026-09-12T21:26Z,abel bretones,9579727,60,11230
2026-09-12T21:26Z,yago santiago,452572,0,11562
2026-09-12T21:26Z,selu diallo,606211,0,11719
2026-09-12T21:26Z,natan,30656582,80,11813
2026-09-12T21:26Z,logan costa,700194,40,12354
2026-09-12T21:26Z,asier osambela,454304,20,12453
2026-09-12T21:26Z,iñigo arguibide,3367550,80,12823
2026-09-12T21:26Z,alberto risco,506712,,12917
2026-09-12T21:26Z,zaid romero,27892212,0,14210
2026-09-12T21:26Z,miguel sierra,4443580,50,16236
2026-09-12T21:26Z,gorka carrera,541190,,16922
2026-09-12T21:26Z,unai santos,500465,,16982
2026-09-12T21:26Z,david soria,35870313,95,1919
2026-09-12T21:26Z,alex berenguer,10115377,50,3204
2026-09-12T21:26Z,edu exposito,28918792,90,3738
2026-09-12T21:26Z,enes unal,18673272,80,3751
2026-09-12T21:26Z,jeremy toljan,2261288,40,4976
2026-09-12T21:26Z,toni martinez,19394039,0,5032
2026-09-12T21:26Z,cristian romero,31520212,50,6310
2026-09-12T21:26Z,ante budimir,61532031,90,6635
2026-09-12T21:26Z,jorge herrando,1662258,0,7082
2026-09-12T21:26Z,aimar oroz,10178169,0,7203
2026-09-12T21:26Z,jon moncayola,7638702,90,7204
2026-09-12T21:26Z,yuri berchiche,13767328,80,735
2026-09-12T21:26Z,aitor paredes,12320897,50,7916
2026-09-12T21:26Z,luka sucic,8789784,50,8392
2026-09-12T21:26Z,juan iglesias,11614558,60,8686
2026-09-12T21:26Z,antonio blanco,19800286,100,8737
2026-09-12T21:26Z,matias dituro,9165553,90,9161
2026-09-12T21:26Z,giuliano simeone,38807862,70,9276
2026-09-12T21:26Z,luismi cruz,8754920,80,9772
2026-09-12T21:26Z,roberto fernandez,26358784,90,9987
2026-09-12T21:26Z,claudio giraldez,1058673,,e101
2026-09-12T21:35Z,pablo barrios,55572917,0,10005
2026-09-12T21:35Z,omar el hilali,13818389,80,10220
2026-09-12T21:35Z,orri steinn oskarsson,7556286,50,10660
2026-09-12T21:35Z,abel bretones,9579727,60,11230
2026-09-12T21:35Z,yago santiago,452572,0,11562
2026-09-12T21:35Z,selu diallo,606211,0,11719
2026-09-12T21:35Z,natan,30656582,80,11813
2026-09-12T21:35Z,logan costa,700194,40,12354
2026-09-12T21:35Z,asier osambela,454304,20,12453
2026-09-12T21:35Z,iñigo arguibide,3367550,80,12823
2026-09-12T21:35Z,alberto risco,506712,,12917
2026-09-12T21:35Z,zaid romero,27892212,0,14210
2026-09-12T21:35Z,miguel sierra,4443580,50,16236
2026-09-12T21:35Z,gorka carrera,541190,,16922
2026-09-12T21:35Z,unai santos,500465,,16982
2026-09-12T21:35Z,david soria,35870313,95,1919
2026-09-12T21:35Z,alex berenguer,10115377,50,3204
2026-09-12T21:35Z,edu exposito,28918792,90,3738
2026-09-12T21:35Z,enes unal,18673272,80,3751
2026-09-12T21:35Z,jeremy toljan,2261288,40,4976
2026-09-12T21:35Z,toni martinez,19394039,0,5032
2026-09-12T21:35Z,cristian romero,31520212,50,6310
2026-09-12T21:35Z,ante budimir,61532031,90,6635
2026-09-12T21:35Z,jorge herrando,1662258,0,7082
2026-09-12T21:35Z,aimar oroz,10178169,0,7203
2026-09-12T21:35Z,jon moncayola,7638702,90,7204
2026-09-12T21:35Z,yuri berchiche,13767328,80,735
2026-09-12T21:35Z,aitor paredes,12320897,50,7916
2026-09-12T21:35Z,luka sucic,8789784,50,8392
2026-09-12T21:35Z,juan iglesias,11614558,60,8686
2026-09-12T21:35Z,antonio blanco,19800286,100,8737
2026-09-12T21:35Z,matias dituro,9165553,90,9161
2026-09-12T21:35Z,giuliano simeone,38807862,70,9276
2026-09-12T21:35Z,luismi cruz,8754920,80,9772
2026-09-12T21:35Z,roberto fernandez,26358784,90,9987
2026-09-12T21:35Z,claudio giraldez,1058673,,e101
2026-09-12T21:54Z,pablo barrios,55572917,0,10005
2026-09-12T21:54Z,omar el hilali,13818389,80,10220
2026-09-12T21:54Z,orri steinn oskarsson,7556286,50,10660
2026-09-12T21:54Z,abel bretones,9579727,60,11230
2026-09-12T21:54Z,yago santiago,452572,0,11562
2026-09-12T21:54Z,selu diallo,606211,0,11719
2026-09-12T21:54Z,natan,30656582,80,11813
2026-09-12T21:54Z,logan costa,700194,40,12354
2026-09-12T21:54Z,asier osambela,454304,20,12453
2026-09-12T21:54Z,iñigo arguibide,3367550,80,12823
2026-09-12T21:54Z,alberto risco,506712,,12917
2026-09-12T21:54Z,zaid romero,27892212,0,14210
2026-09-12T21:54Z,miguel sierra,4443580,50,16236
2026-09-12T21:54Z,gorka carrera,541190,,16922
2026-09-12T21:54Z,unai santos,500465,,16982
2026-09-12T21:54Z,david soria,35870313,95,1919
2026-09-12T21:54Z,alex berenguer,10115377,50,3204
2026-09-12T21:54Z,edu exposito,28918792,90,3738
2026-09-12T21:54Z,enes unal,18673272,80,3751
2026-09-12T21:54Z,jeremy toljan,2261288,40,4976
2026-09-12T21:54Z,toni martinez,19394039,0,5032
2026-09-12T21:54Z,cristian romero,31520212,50,6310
2026-09-12T21:54Z,ante budimir,61532031,90,6635
2026-09-12T21:54Z,jorge herrando,1662258,0,7082
2026-09-12T21:54Z,aimar oroz,10178169,0,7203
2026-09-12T21:54Z,jon moncayola,7638702,90,7204
2026-09-12T21:54Z,yuri berchiche,13767328,80,735
2026-09-12T21:54Z,aitor paredes,12320897,50,7916
2026-09-12T21:54Z,luka sucic,8789784,50,8392
2026-09-12T21:54Z,juan iglesias,11614558,60,8686
2026-09-12T21:54Z,antonio blanco,19800286,100,8737
2026-09-12T21:54Z,matias dituro,9165553,90,9161
2026-09-12T21:54Z,giuliano simeone,38807862,70,9276
2026-09-12T21:54Z,luismi cruz,8754920,80,9772
2026-09-12T21:54Z,roberto fernandez,26358784,90,9987
2026-09-12T21:54Z,claudio giraldez,1058673,,e101
2026-09-12T22:11Z,pablo barrios,55572917,0,10005
2026-09-12T22:11Z,omar el hilali,13818389,70,10220
2026-09-12T22:11Z,orri steinn oskarsson,7556286,50,10660
2026-09-12T22:11Z,abel bretones,9579727,70,11230
2026-09-12T22:11Z,11766,,,11766
2026-09-12T22:11Z,pablo campos,634762,5,11807
2026-09-12T22:11Z,natan,30656582,80,11813
2026-09-12T22:11Z,iñigo arguibide,3367550,50,12823
2026-09-12T22:11Z,alexis ciria,636989,,14019
2026-09-12T22:11Z,nicolas valentini,681074,50,14979
2026-09-12T22:11Z,salvi esquivel,540774,,15422
2026-09-12T22:11Z,miguel sierra,4443580,50,16236
2026-09-12T22:11Z,unai lopez,12979839,50,1881
2026-09-12T22:11Z,david soria,35870313,95,1919
2026-09-12T22:11Z,alex berenguer,10115377,0,3204
2026-09-12T22:11Z,gabriel jesus,28072336,10,3724
2026-09-12T22:11Z,edu exposito,28918792,50,3738
2026-09-12T22:11Z,enes unal,18673272,80,3751
2026-09-12T22:11Z,toni martinez,19394039,70,5032
2026-09-12T22:11Z,mujaid sadick,4079265,30,5228
2026-09-12T22:11Z,cucho hernandez,36696623,50,5546
2026-09-12T22:11Z,adria pedrosa,2612179,70,5587
2026-09-12T22:11Z,sergio herrera,35329518,70,6611
2026-09-12T22:11Z,ante budimir,61532031,60,6635
2026-09-12T22:11Z,aimar oroz,10178169,0,7203
2026-09-12T22:11Z,jon moncayola,7638702,70,7204
2026-09-12T22:11Z,robert navarro,5463645,100,7293
2026-09-12T22:11Z,yuri berchiche,13767328,100,735
2026-09-12T22:11Z,aitor paredes,12320897,0,7916
2026-09-12T22:11Z,victor chust,4653004,100,8273
2026-09-12T22:11Z,luka sucic,8789784,50,8392
2026-09-12T22:11Z,antonio blanco,19800286,80,8737
2026-09-12T22:11Z,johan mojica,15779312,80,899
2026-09-12T22:11Z,matias dituro,9165553,100,9161
2026-09-12T22:11Z,giuliano simeone,38807862,70,9276
2026-09-12T22:11Z,luismi cruz,8754920,80,9772
2026-09-12T22:11Z,adrian rodriguez,617327,5,9897
2026-09-12T22:11Z,roberto fernandez,26358784,80,9987
2026-09-12T22:11Z,edin terzic,2850353,,e169
2026-09-12T22:11Z,juan funes,698433,,e172
2026-09-12T22:12Z,pablo barrios,55572917,0,10005
2026-09-12T22:12Z,omar el hilali,13818389,70,10220
2026-09-12T22:12Z,orri steinn oskarsson,7556286,50,10660
2026-09-12T22:12Z,abel bretones,9579727,70,11230
2026-09-12T22:12Z,11766,,,11766
2026-09-12T22:12Z,pablo campos,634762,5,11807
2026-09-12T22:12Z,natan,30656582,80,11813
2026-09-12T22:12Z,iñigo arguibide,3367550,50,12823
2026-09-12T22:12Z,alexis ciria,636989,,14019
2026-09-12T22:12Z,nicolas valentini,681074,50,14979
2026-09-12T22:12Z,salvi esquivel,540774,,15422
2026-09-12T22:12Z,miguel sierra,4443580,50,16236
2026-09-12T22:12Z,unai lopez,12979839,50,1881
2026-09-12T22:12Z,david soria,35870313,95,1919
2026-09-12T22:12Z,alex berenguer,10115377,0,3204
2026-09-12T22:12Z,gabriel jesus,28072336,10,3724
2026-09-12T22:12Z,edu exposito,28918792,50,3738
2026-09-12T22:12Z,enes unal,18673272,80,3751
2026-09-12T22:12Z,toni martinez,19394039,70,5032
2026-09-12T22:12Z,mujaid sadick,4079265,30,5228
2026-09-12T22:12Z,cucho hernandez,36696623,50,5546
2026-09-12T22:12Z,adria pedrosa,2612179,70,5587
2026-09-12T22:12Z,sergio herrera,35329518,70,6611
2026-09-12T22:12Z,ante budimir,61532031,60,6635
2026-09-12T22:12Z,aimar oroz,10178169,0,7203
2026-09-12T22:12Z,jon moncayola,7638702,70,7204
2026-09-12T22:12Z,robert navarro,5463645,100,7293
2026-09-12T22:12Z,yuri berchiche,13767328,100,735
2026-09-12T22:12Z,aitor paredes,12320897,0,7916
2026-09-12T22:12Z,victor chust,4653004,100,8273
2026-09-12T22:12Z,luka sucic,8789784,50,8392
2026-09-12T22:12Z,antonio blanco,19800286,80,8737
2026-09-12T22:12Z,johan mojica,15779312,80,899
2026-09-12T22:12Z,matias dituro,9165553,100,9161
2026-09-12T22:12Z,giuliano simeone,38807862,70,9276
2026-09-12T22:12Z,luismi cruz,8754920,80,9772
2026-09-12T22:12Z,adrian rodriguez,617327,5,9897
2026-09-12T22:12Z,roberto fernandez,26358784,80,9987
2026-09-12T22:12Z,edin terzic,2850353,,e169
2026-09-12T22:12Z,juan funes,698433,,e172
2026-09-12T22:19Z,pablo barrios,55572917,0,10005
2026-09-12T22:19Z,omar el hilali,13818389,70,10220
2026-09-12T22:19Z,orri steinn oskarsson,7556286,50,10660
2026-09-12T22:19Z,abel bretones,9579727,70,11230
2026-09-12T22:19Z,11766,,,11766
2026-09-12T22:19Z,pablo campos,634762,5,11807
2026-09-12T22:19Z,natan,30656582,80,11813
2026-09-12T22:19Z,iñigo arguibide,3367550,50,12823
2026-09-12T22:19Z,alexis ciria,636989,,14019
2026-09-12T22:19Z,nicolas valentini,681074,50,14979
2026-09-12T22:19Z,salvi esquivel,540774,,15422
2026-09-12T22:19Z,miguel sierra,4443580,50,16236
2026-09-12T22:19Z,unai lopez,12979839,50,1881
2026-09-12T22:19Z,david soria,35870313,95,1919
2026-09-12T22:19Z,alex berenguer,10115377,0,3204
2026-09-12T22:19Z,gabriel jesus,28072336,10,3724
2026-09-12T22:19Z,edu exposito,28918792,50,3738
2026-09-12T22:19Z,enes unal,18673272,80,3751
2026-09-12T22:19Z,toni martinez,19394039,70,5032
2026-09-12T22:19Z,mujaid sadick,4079265,30,5228
2026-09-12T22:19Z,cucho hernandez,36696623,50,5546
2026-09-12T22:19Z,adria pedrosa,2612179,70,5587
2026-09-12T22:19Z,sergio herrera,35329518,70,6611
2026-09-12T22:19Z,ante budimir,61532031,60,6635
2026-09-12T22:19Z,aimar oroz,10178169,0,7203
2026-09-12T22:19Z,jon moncayola,7638702,70,7204
2026-09-12T22:19Z,robert navarro,5463645,100,7293
2026-09-12T22:19Z,yuri berchiche,13767328,100,735
2026-09-12T22:19Z,aitor paredes,12320897,0,7916
2026-09-12T22:19Z,victor chust,4653004,100,8273
2026-09-12T22:19Z,luka sucic,8789784,50,8392
2026-09-12T22:19Z,antonio blanco,19800286,80,8737
2026-09-12T22:19Z,johan mojica,15779312,80,899
2026-09-12T22:19Z,matias dituro,9165553,100,9161
2026-09-12T22:19Z,giuliano simeone,38807862,70,9276
2026-09-12T22:19Z,luismi cruz,8754920,80,9772
2026-09-12T22:19Z,adrian rodriguez,617327,5,9897
2026-09-12T22:19Z,roberto fernandez,26358784,80,9987
2026-09-12T22:19Z,edin terzic,2850353,,e169
2026-09-12T22:19Z,juan funes,698433,,e172
2026-09-13T04:38Z,pablo barrios,54609981,0,10005
2026-09-13T04:38Z,omar el hilali,14179599,70,10220
2026-09-13T04:38Z,orri steinn oskarsson,7463423,50,10660
2026-09-13T04:38Z,abel bretones,9627930,70,11230
2026-09-13T04:38Z,11766,,,11766
2026-09-13T04:38Z,pablo campos,630060,5,11807
2026-09-13T04:38Z,natan,30318358,80,11813
2026-09-13T04:38Z,iñigo arguibide,3462936,50,12823
2026-09-13T04:38Z,alexis ciria,632198,,14019
2026-09-13T04:38Z,nicolas valentini,674519,50,14979
2026-09-13T04:38Z,salvi esquivel,539831,,15422
2026-09-13T04:38Z,miguel sierra,4685008,50,16236
2026-09-13T04:38Z,unai lopez,13658050,50,1881
2026-09-13T04:38Z,david soria,35986583,95,1919
2026-09-13T04:38Z,alex berenguer,10161351,0,3204
2026-09-13T04:38Z,gabriel jesus,28057126,10,3724
2026-09-13T04:38Z,edu exposito,29243705,50,3738
2026-09-13T04:38Z,enes unal,18495589,80,3751
2026-09-13T04:38Z,toni martinez,19082269,70,5032
2026-09-13T04:38Z,mujaid sadick,3964077,30,5228
2026-09-13T04:38Z,cucho hernandez,35964688,50,5546
2026-09-13T04:38Z,adria pedrosa,2550229,70,5587
2026-09-13T04:38Z,sergio herrera,34986087,70,6611
2026-09-13T04:38Z,ante budimir,62437284,60,6635
2026-09-13T04:38Z,aimar oroz,9885330,0,7203
2026-09-13T04:38Z,jon moncayola,7597996,70,7204
2026-09-13T04:38Z,robert navarro,6024440,100,7293
2026-09-13T04:38Z,yuri berchiche,14155196,100,735
2026-09-13T04:38Z,aitor paredes,12651470,0,7916
2026-09-13T04:38Z,victor chust,4608109,100,8273
2026-09-13T04:38Z,luka sucic,9290972,50,8392
2026-09-13T04:38Z,antonio blanco,20094654,80,8737
2026-09-13T04:38Z,johan mojica,15608312,80,899
2026-09-13T04:38Z,matias dituro,9143866,100,9161
2026-09-13T04:38Z,giuliano simeone,38178779,70,9276
2026-09-13T04:38Z,luismi cruz,9006246,80,9772
2026-09-13T04:38Z,adrian rodriguez,613322,5,9897
2026-09-13T04:38Z,roberto fernandez,27420659,80,9987
2026-09-13T04:38Z,edin terzic,2757027,,e169
2026-09-13T04:38Z,juan funes,691184,,e172
2026-09-13T06:22Z,pablo barrios,54609981,0,10005
2026-09-13T06:22Z,omar el hilali,14179599,70,10220
2026-09-13T06:22Z,orri steinn oskarsson,7463423,50,10660
2026-09-13T06:22Z,abel bretones,9627930,70,11230
2026-09-13T06:22Z,11766,,,11766
2026-09-13T06:22Z,pablo campos,630060,5,11807
2026-09-13T06:22Z,natan,30318358,80,11813
2026-09-13T06:22Z,iñigo arguibide,3462936,50,12823
2026-09-13T06:22Z,alexis ciria,632198,,14019
2026-09-13T06:22Z,nicolas valentini,674519,50,14979
2026-09-13T06:22Z,salvi esquivel,539831,,15422
2026-09-13T06:22Z,miguel sierra,4685008,50,16236
2026-09-13T06:22Z,unai lopez,13658050,50,1881
2026-09-13T06:22Z,david soria,35986583,95,1919
2026-09-13T06:22Z,alex berenguer,10161351,0,3204
2026-09-13T06:22Z,gabriel jesus,28057126,10,3724
2026-09-13T06:22Z,edu exposito,29243705,50,3738
2026-09-13T06:22Z,enes unal,18495589,80,3751
2026-09-13T06:22Z,toni martinez,19082269,70,5032
2026-09-13T06:22Z,mujaid sadick,3964077,30,5228
2026-09-13T06:22Z,cucho hernandez,35964688,50,5546
2026-09-13T06:22Z,adria pedrosa,2550229,70,5587
2026-09-13T06:22Z,sergio herrera,34986087,70,6611
2026-09-13T06:22Z,ante budimir,62437284,60,6635
2026-09-13T06:22Z,aimar oroz,9885330,0,7203
2026-09-13T06:22Z,jon moncayola,7597996,70,7204
2026-09-13T06:22Z,robert navarro,6024440,100,7293
2026-09-13T06:22Z,yuri berchiche,14155196,100,735
2026-09-13T06:22Z,aitor paredes,12651470,0,7916
2026-09-13T06:22Z,victor chust,4608109,100,8273
2026-09-13T06:22Z,luka sucic,9290972,50,8392
2026-09-13T06:22Z,antonio blanco,20094654,80,8737
2026-09-13T06:22Z,johan mojica,15608312,80,899
2026-09-13T06:22Z,matias dituro,9143866,100,9161
2026-09-13T06:22Z,giuliano simeone,38178779,70,9276
2026-09-13T06:22Z,luismi cruz,9006246,80,9772
2026-09-13T06:22Z,adrian rodriguez,613322,5,9897
2026-09-13T06:22Z,roberto fernandez,27420659,80,9987
2026-09-13T06:22Z,edin terzic,2757027,,e169
2026-09-13T06:22Z,juan funes,691184,,e172
2026-09-13T07:08Z,pablo barrios,54609981,0,10005
2026-09-13T07:08Z,omar el hilali,14179599,70,10220
2026-09-13T07:08Z,orri steinn oskarsson,7463423,50,10660
2026-09-13T07:08Z,abel bretones,9627930,70,11230
2026-09-13T07:08Z,11766,,,11766
2026-09-13T07:08Z,pablo campos,630060,5,11807
2026-09-13T07:08Z,natan,30318358,80,11813
2026-09-13T07:08Z,iñigo arguibide,3462936,50,12823
2026-09-13T07:08Z,alexis ciria,632198,,14019
2026-09-13T07:08Z,nicolas valentini,674519,50,14979
2026-09-13T07:08Z,salvi esquivel,539831,,15422
2026-09-13T07:08Z,miguel sierra,4685008,50,16236
2026-09-13T07:08Z,unai lopez,13658050,50,1881
2026-09-13T07:08Z,david soria,35986583,95,1919
2026-09-13T07:08Z,alex berenguer,10161351,0,3204
2026-09-13T07:08Z,gabriel jesus,28057126,10,3724
2026-09-13T07:08Z,edu exposito,29243705,50,3738
2026-09-13T07:08Z,enes unal,18495589,80,3751
2026-09-13T07:08Z,toni martinez,19082269,70,5032
2026-09-13T07:08Z,mujaid sadick,3964077,30,5228
2026-09-13T07:08Z,cucho hernandez,35964688,50,5546
2026-09-13T07:08Z,adria pedrosa,2550229,70,5587
2026-09-13T07:08Z,sergio herrera,34986087,70,6611
2026-09-13T07:08Z,ante budimir,62437284,60,6635
2026-09-13T07:08Z,aimar oroz,9885330,0,7203
2026-09-13T07:08Z,jon moncayola,7597996,70,7204
2026-09-13T07:08Z,robert navarro,6024440,100,7293
2026-09-13T07:08Z,yuri berchiche,14155196,100,735
2026-09-13T07:08Z,aitor paredes,12651470,0,7916
2026-09-13T07:08Z,victor chust,4608109,100,8273
2026-09-13T07:08Z,luka sucic,9290972,50,8392
2026-09-13T07:08Z,antonio blanco,20094654,80,8737
2026-09-13T07:08Z,johan mojica,15608312,80,899
2026-09-13T07:08Z,matias dituro,9143866,100,9161
2026-09-13T07:08Z,giuliano simeone,38178779,70,9276
2026-09-13T07:08Z,luismi cruz,9006246,80,9772
2026-09-13T07:08Z,adrian rodriguez,613322,5,9897
2026-09-13T07:08Z,roberto fernandez,27420659,80,9987
2026-09-13T07:08Z,edin terzic,2757027,,e169
2026-09-13T07:08Z,juan funes,691184,,e172
2026-09-13T07:47Z,pablo barrios,54609981,0,10005
2026-09-13T07:47Z,omar el hilali,14179599,70,10220
2026-09-13T07:47Z,orri steinn oskarsson,7463423,50,10660
2026-09-13T07:47Z,abel bretones,9627930,70,11230
2026-09-13T07:47Z,11766,,,11766
2026-09-13T07:47Z,pablo campos,630060,5,11807
2026-09-13T07:47Z,natan,30318358,80,11813
2026-09-13T07:47Z,iñigo arguibide,3462936,50,12823
2026-09-13T07:47Z,alexis ciria,632198,,14019
2026-09-13T07:47Z,nicolas valentini,674519,50,14979
2026-09-13T07:47Z,salvi esquivel,539831,,15422
2026-09-13T07:47Z,miguel sierra,4685008,50,16236
2026-09-13T07:47Z,unai lopez,13658050,50,1881
2026-09-13T07:47Z,david soria,35986583,95,1919
2026-09-13T07:47Z,alex berenguer,10161351,0,3204
2026-09-13T07:47Z,gabriel jesus,28057126,10,3724
2026-09-13T07:47Z,edu exposito,29243705,50,3738
2026-09-13T07:47Z,enes unal,18495589,80,3751
2026-09-13T07:47Z,toni martinez,19082269,70,5032
2026-09-13T07:47Z,mujaid sadick,3964077,30,5228
2026-09-13T07:47Z,cucho hernandez,35964688,50,5546
2026-09-13T07:47Z,adria pedrosa,2550229,70,5587
2026-09-13T07:47Z,sergio herrera,34986087,70,6611
2026-09-13T07:47Z,ante budimir,62437284,60,6635
2026-09-13T07:47Z,aimar oroz,9885330,0,7203
2026-09-13T07:47Z,jon moncayola,7597996,70,7204
2026-09-13T07:47Z,robert navarro,6024440,100,7293
2026-09-13T07:47Z,yuri berchiche,14155196,100,735
2026-09-13T07:47Z,aitor paredes,12651470,0,7916
2026-09-13T07:47Z,victor chust,4608109,100,8273
2026-09-13T07:47Z,luka sucic,9290972,50,8392
2026-09-13T07:47Z,antonio blanco,20094654,80,8737
2026-09-13T07:47Z,johan mojica,15608312,80,899
2026-09-13T07:47Z,matias dituro,9143866,100,9161
2026-09-13T07:47Z,giuliano simeone,38178779,70,9276
2026-09-13T07:47Z,luismi cruz,9006246,80,9772
2026-09-13T07:47Z,adrian rodriguez,613322,5,9897
2026-09-13T07:47Z,roberto fernandez,27420659,80,9987
2026-09-13T07:47Z,edin terzic,2757027,,e169
2026-09-13T07:47Z,juan funes,691184,,e172
2026-09-13T07:53Z,pablo barrios,54609981,0,10005
2026-09-13T07:53Z,omar el hilali,14179599,70,10220
2026-09-13T07:53Z,orri steinn oskarsson,7463423,50,10660
2026-09-13T07:53Z,abel bretones,9627930,70,11230
2026-09-13T07:53Z,11766,,,11766
2026-09-13T07:53Z,pablo campos,630060,5,11807
2026-09-13T07:53Z,natan,30318358,80,11813
2026-09-13T07:53Z,iñigo arguibide,3462936,50,12823
2026-09-13T07:53Z,alexis ciria,632198,,14019
2026-09-13T07:53Z,nicolas valentini,674519,50,14979
2026-09-13T07:53Z,salvi esquivel,539831,,15422
2026-09-13T07:53Z,miguel sierra,4685008,50,16236
2026-09-13T07:53Z,unai lopez,13658050,50,1881
2026-09-13T07:53Z,david soria,35986583,95,1919
2026-09-13T07:53Z,alex berenguer,10161351,0,3204
2026-09-13T07:53Z,gabriel jesus,28057126,10,3724
2026-09-13T07:53Z,edu exposito,29243705,50,3738
2026-09-13T07:53Z,enes unal,18495589,80,3751
2026-09-13T07:53Z,toni martinez,19082269,70,5032
2026-09-13T07:53Z,mujaid sadick,3964077,30,5228
2026-09-13T07:53Z,cucho hernandez,35964688,50,5546
2026-09-13T07:53Z,adria pedrosa,2550229,70,5587
2026-09-13T07:53Z,sergio herrera,34986087,70,6611
2026-09-13T07:53Z,ante budimir,62437284,60,6635
2026-09-13T07:53Z,aimar oroz,9885330,0,7203
2026-09-13T07:53Z,jon moncayola,7597996,70,7204
2026-09-13T07:53Z,robert navarro,6024440,100,7293
2026-09-13T07:53Z,yuri berchiche,14155196,100,735
2026-09-13T07:53Z,aitor paredes,12651470,0,7916
2026-09-13T07:53Z,victor chust,4608109,100,8273
2026-09-13T07:53Z,luka sucic,9290972,50,8392
2026-09-13T07:53Z,antonio blanco,20094654,80,8737
2026-09-13T07:53Z,johan mojica,15608312,80,899
2026-09-13T07:53Z,matias dituro,9143866,100,9161
2026-09-13T07:53Z,giuliano simeone,38178779,70,9276
2026-09-13T07:53Z,luismi cruz,9006246,80,9772
2026-09-13T07:53Z,adrian rodriguez,613322,5,9897
2026-09-13T07:53Z,roberto fernandez,27420659,80,9987
2026-09-13T07:53Z,edin terzic,2757027,,e169
2026-09-13T07:53Z,juan funes,691184,,e172
2026-09-13T07:57Z,pablo barrios,54609981,0,10005
2026-09-13T07:57Z,omar el hilali,14179599,70,10220
2026-09-13T07:57Z,orri steinn oskarsson,7463423,50,10660
2026-09-13T07:57Z,abel bretones,9627930,70,11230
2026-09-13T07:57Z,11766,,,11766
2026-09-13T07:57Z,pablo campos,630060,5,11807
2026-09-13T07:57Z,natan,30318358,80,11813
2026-09-13T07:57Z,iñigo arguibide,3462936,50,12823
2026-09-13T07:57Z,alexis ciria,632198,,14019
2026-09-13T07:57Z,nicolas valentini,674519,50,14979
2026-09-13T07:57Z,salvi esquivel,539831,,15422
2026-09-13T07:57Z,miguel sierra,4685008,50,16236
2026-09-13T07:57Z,unai lopez,13658050,50,1881
2026-09-13T07:57Z,david soria,35986583,95,1919
2026-09-13T07:57Z,alex berenguer,10161351,0,3204
2026-09-13T07:57Z,gabriel jesus,28057126,10,3724
2026-09-13T07:57Z,edu exposito,29243705,50,3738
2026-09-13T07:57Z,enes unal,18495589,80,3751
2026-09-13T07:57Z,toni martinez,19082269,70,5032
2026-09-13T07:57Z,mujaid sadick,3964077,30,5228
2026-09-13T07:57Z,cucho hernandez,35964688,50,5546
2026-09-13T07:57Z,adria pedrosa,2550229,70,5587
2026-09-13T07:57Z,sergio herrera,34986087,70,6611
2026-09-13T07:57Z,ante budimir,62437284,60,6635
2026-09-13T07:57Z,aimar oroz,9885330,0,7203
2026-09-13T07:57Z,jon moncayola,7597996,70,7204
2026-09-13T07:57Z,robert navarro,6024440,100,7293
2026-09-13T07:57Z,yuri berchiche,14155196,100,735
2026-09-13T07:57Z,aitor paredes,12651470,0,7916
2026-09-13T07:57Z,victor chust,4608109,100,8273
2026-09-13T07:57Z,luka sucic,9290972,50,8392
2026-09-13T07:57Z,antonio blanco,20094654,80,8737
2026-09-13T07:57Z,johan mojica,15608312,80,899
2026-09-13T07:57Z,matias dituro,9143866,100,9161
2026-09-13T07:57Z,giuliano simeone,38178779,70,9276
2026-09-13T07:57Z,luismi cruz,9006246,80,9772
2026-09-13T07:57Z,adrian rodriguez,613322,5,9897
2026-09-13T07:57Z,roberto fernandez,27420659,80,9987
2026-09-13T07:57Z,edin terzic,2757027,,e169
2026-09-13T07:57Z,juan funes,691184,,e172
2026-09-13T08:03Z,pablo barrios,54609981,0,10005
2026-09-13T08:03Z,omar el hilali,14179599,70,10220
2026-09-13T08:03Z,orri steinn oskarsson,7463423,50,10660
2026-09-13T08:03Z,abel bretones,9627930,70,11230
2026-09-13T08:03Z,11766,,,11766
2026-09-13T08:03Z,pablo campos,630060,5,11807
2026-09-13T08:03Z,natan,30318358,80,11813
2026-09-13T08:03Z,iñigo arguibide,3462936,50,12823
2026-09-13T08:03Z,alexis ciria,632198,,14019
2026-09-13T08:03Z,nicolas valentini,674519,50,14979
2026-09-13T08:03Z,salvi esquivel,539831,,15422
2026-09-13T08:03Z,miguel sierra,4685008,50,16236
2026-09-13T08:03Z,unai lopez,13658050,50,1881
2026-09-13T08:03Z,david soria,35986583,95,1919
2026-09-13T08:03Z,alex berenguer,10161351,0,3204
2026-09-13T08:03Z,gabriel jesus,28057126,10,3724
2026-09-13T08:03Z,edu exposito,29243705,50,3738
2026-09-13T08:03Z,enes unal,18495589,80,3751
2026-09-13T08:03Z,toni martinez,19082269,70,5032
2026-09-13T08:03Z,mujaid sadick,3964077,30,5228
2026-09-13T08:03Z,cucho hernandez,35964688,50,5546
2026-09-13T08:03Z,adria pedrosa,2550229,70,5587
2026-09-13T08:03Z,sergio herrera,34986087,70,6611
2026-09-13T08:03Z,ante budimir,62437284,60,6635
2026-09-13T08:03Z,aimar oroz,9885330,0,7203
2026-09-13T08:03Z,jon moncayola,7597996,70,7204
2026-09-13T08:03Z,robert navarro,6024440,100,7293
2026-09-13T08:03Z,yuri berchiche,14155196,100,735
2026-09-13T08:03Z,aitor paredes,12651470,0,7916
2026-09-13T08:03Z,victor chust,4608109,100,8273
2026-09-13T08:03Z,luka sucic,9290972,50,8392
2026-09-13T08:03Z,antonio blanco,20094654,80,8737
2026-09-13T08:03Z,johan mojica,15608312,80,899
2026-09-13T08:03Z,matias dituro,9143866,100,9161
2026-09-13T08:03Z,giuliano simeone,38178779,70,9276
2026-09-13T08:03Z,luismi cruz,9006246,80,9772
2026-09-13T08:03Z,adrian rodriguez,613322,5,9897
2026-09-13T08:03Z,roberto fernandez,27420659,80,9987
2026-09-13T08:03Z,edin terzic,2757027,,e169
2026-09-13T08:03Z,juan funes,691184,,e172
2026-09-13T08:05Z,pablo barrios,54609981,0,10005
2026-09-13T08:05Z,omar el hilali,14179599,70,10220
2026-09-13T08:05Z,orri steinn oskarsson,7463423,50,10660
2026-09-13T08:05Z,abel bretones,9627930,70,11230
2026-09-13T08:05Z,11766,,,11766
2026-09-13T08:05Z,pablo campos,630060,5,11807
2026-09-13T08:05Z,natan,30318358,80,11813
2026-09-13T08:05Z,iñigo arguibide,3462936,50,12823
2026-09-13T08:05Z,alexis ciria,632198,,14019
2026-09-13T08:05Z,nicolas valentini,674519,50,14979
2026-09-13T08:05Z,salvi esquivel,539831,,15422
2026-09-13T08:05Z,miguel sierra,4685008,50,16236
2026-09-13T08:05Z,unai lopez,13658050,50,1881
2026-09-13T08:05Z,david soria,35986583,95,1919
2026-09-13T08:05Z,alex berenguer,10161351,0,3204
2026-09-13T08:05Z,gabriel jesus,28057126,10,3724
2026-09-13T08:05Z,edu exposito,29243705,50,3738
2026-09-13T08:05Z,enes unal,18495589,80,3751
2026-09-13T08:05Z,toni martinez,19082269,70,5032
2026-09-13T08:05Z,mujaid sadick,3964077,30,5228
2026-09-13T08:05Z,cucho hernandez,35964688,50,5546
2026-09-13T08:05Z,adria pedrosa,2550229,70,5587
2026-09-13T08:05Z,sergio herrera,34986087,70,6611
2026-09-13T08:05Z,ante budimir,62437284,60,6635
2026-09-13T08:05Z,aimar oroz,9885330,0,7203
2026-09-13T08:05Z,jon moncayola,7597996,70,7204
2026-09-13T08:05Z,robert navarro,6024440,100,7293
2026-09-13T08:05Z,yuri berchiche,14155196,100,735
2026-09-13T08:05Z,aitor paredes,12651470,0,7916
2026-09-13T08:05Z,victor chust,4608109,100,8273
2026-09-13T08:05Z,luka sucic,9290972,50,8392
2026-09-13T08:05Z,antonio blanco,20094654,80,8737
2026-09-13T08:05Z,johan mojica,15608312,80,899
2026-09-13T08:05Z,matias dituro,9143866,100,9161
2026-09-13T08:05Z,giuliano simeone,38178779,70,9276
2026-09-13T08:05Z,luismi cruz,9006246,80,9772
2026-09-13T08:05Z,adrian rodriguez,613322,5,9897
2026-09-13T08:05Z,roberto fernandez,27420659,80,9987
2026-09-13T08:05Z,edin terzic,2757027,,e169
2026-09-13T08:05Z,juan funes,691184,,e172
2026-09-13T08:18Z,pablo barrios,54609981,0,10005
2026-09-13T08:18Z,omar el hilali,14179599,70,10220
2026-09-13T08:18Z,orri steinn oskarsson,7463423,50,10660
2026-09-13T08:18Z,abel bretones,9627930,70,11230
2026-09-13T08:18Z,11766,,,11766
2026-09-13T08:18Z,pablo campos,630060,5,11807
2026-09-13T08:18Z,natan,30318358,80,11813
2026-09-13T08:18Z,iñigo arguibide,3462936,50,12823
2026-09-13T08:18Z,alexis ciria,632198,,14019
2026-09-13T08:18Z,nicolas valentini,674519,50,14979
2026-09-13T08:18Z,salvi esquivel,539831,,15422
2026-09-13T08:18Z,miguel sierra,4685008,50,16236
2026-09-13T08:18Z,unai lopez,13658050,50,1881
2026-09-13T08:18Z,david soria,35986583,95,1919
2026-09-13T08:18Z,alex berenguer,10161351,0,3204
2026-09-13T08:18Z,gabriel jesus,28057126,10,3724
2026-09-13T08:18Z,edu exposito,29243705,50,3738
2026-09-13T08:18Z,enes unal,18495589,80,3751
2026-09-13T08:18Z,toni martinez,19082269,70,5032
2026-09-13T08:18Z,mujaid sadick,3964077,30,5228
2026-09-13T08:18Z,cucho hernandez,35964688,50,5546
2026-09-13T08:18Z,adria pedrosa,2550229,70,5587
2026-09-13T08:18Z,sergio herrera,34986087,70,6611
2026-09-13T08:18Z,ante budimir,62437284,60,6635
2026-09-13T08:18Z,aimar oroz,9885330,0,7203
2026-09-13T08:18Z,jon moncayola,7597996,70,7204
2026-09-13T08:18Z,robert navarro,6024440,100,7293
2026-09-13T08:18Z,yuri berchiche,14155196,100,735
2026-09-13T08:18Z,aitor paredes,12651470,0,7916
2026-09-13T08:18Z,victor chust,4608109,100,8273
2026-09-13T08:18Z,luka sucic,9290972,50,8392
2026-09-13T08:18Z,antonio blanco,20094654,80,8737
2026-09-13T08:18Z,johan mojica,15608312,80,899
2026-09-13T08:18Z,matias dituro,9143866,100,9161
2026-09-13T08:18Z,giuliano simeone,38178779,70,9276
2026-09-13T08:18Z,luismi cruz,9006246,80,9772
2026-09-13T08:18Z,adrian rodriguez,613322,5,9897
2026-09-13T08:18Z,roberto fernandez,27420659,80,9987
2026-09-13T08:18Z,edin terzic,2757027,,e169
2026-09-13T08:18Z,juan funes,691184,,e172
2026-09-13T08:31Z,pablo barrios,54609981,0,10005
2026-09-13T08:31Z,omar el hilali,14179599,70,10220
2026-09-13T08:31Z,orri steinn oskarsson,7463423,50,10660
2026-09-13T08:31Z,abel bretones,9627930,70,11230
2026-09-13T08:31Z,11766,,,11766
2026-09-13T08:31Z,pablo campos,630060,5,11807
2026-09-13T08:31Z,natan,30318358,80,11813
2026-09-13T08:31Z,iñigo arguibide,3462936,50,12823
2026-09-13T08:31Z,alexis ciria,632198,,14019
2026-09-13T08:31Z,nicolas valentini,674519,50,14979
2026-09-13T08:31Z,salvi esquivel,539831,,15422
2026-09-13T08:31Z,miguel sierra,4685008,50,16236
2026-09-13T08:31Z,unai lopez,13658050,50,1881
2026-09-13T08:31Z,david soria,35986583,95,1919
2026-09-13T08:31Z,alex berenguer,10161351,0,3204
2026-09-13T08:31Z,gabriel jesus,28057126,10,3724
2026-09-13T08:31Z,edu exposito,29243705,50,3738
2026-09-13T08:31Z,enes unal,18495589,80,3751
2026-09-13T08:31Z,toni martinez,19082269,70,5032
2026-09-13T08:31Z,mujaid sadick,3964077,30,5228
2026-09-13T08:31Z,cucho hernandez,35964688,50,5546
2026-09-13T08:31Z,adria pedrosa,2550229,70,5587
2026-09-13T08:31Z,sergio herrera,34986087,70,6611
2026-09-13T08:31Z,ante budimir,62437284,60,6635
2026-09-13T08:31Z,aimar oroz,9885330,0,7203
2026-09-13T08:31Z,jon moncayola,7597996,70,7204
2026-09-13T08:31Z,robert navarro,6024440,100,7293
2026-09-13T08:31Z,yuri berchiche,14155196,100,735
2026-09-13T08:31Z,aitor paredes,12651470,0,7916
2026-09-13T08:31Z,victor chust,4608109,100,8273
2026-09-13T08:31Z,luka sucic,9290972,50,8392
2026-09-13T08:31Z,antonio blanco,20094654,80,8737
2026-09-13T08:31Z,johan mojica,15608312,80,899
2026-09-13T08:31Z,matias dituro,9143866,100,9161
2026-09-13T08:31Z,giuliano simeone,38178779,70,9276
2026-09-13T08:31Z,luismi cruz,9006246,80,9772
2026-09-13T08:31Z,adrian rodriguez,613322,5,9897
2026-09-13T08:31Z,roberto fernandez,27420659,80,9987
2026-09-13T08:31Z,edin terzic,2757027,,e169
2026-09-13T08:31Z,juan funes,691184,,e172
2026-09-13T08:37Z,pablo barrios,54609981,0,10005
2026-09-13T08:37Z,omar el hilali,14179599,70,10220
2026-09-13T08:37Z,orri steinn oskarsson,7463423,50,10660
2026-09-13T08:37Z,abel bretones,9627930,70,11230
2026-09-13T08:37Z,11766,,,11766
2026-09-13T08:37Z,pablo campos,630060,5,11807
2026-09-13T08:37Z,natan,30318358,80,11813
2026-09-13T08:37Z,iñigo arguibide,3462936,50,12823
2026-09-13T08:37Z,alexis ciria,632198,,14019
2026-09-13T08:37Z,nicolas valentini,674519,50,14979
2026-09-13T08:37Z,salvi esquivel,539831,,15422
2026-09-13T08:37Z,miguel sierra,4685008,50,16236
2026-09-13T08:37Z,unai lopez,13658050,50,1881
2026-09-13T08:37Z,david soria,35986583,95,1919
2026-09-13T08:37Z,alex berenguer,10161351,0,3204
2026-09-13T08:37Z,gabriel jesus,28057126,10,3724
2026-09-13T08:37Z,edu exposito,29243705,50,3738
2026-09-13T08:37Z,enes unal,18495589,80,3751
2026-09-13T08:37Z,toni martinez,19082269,70,5032
2026-09-13T08:37Z,mujaid sadick,3964077,30,5228
2026-09-13T08:37Z,cucho hernandez,35964688,50,5546
2026-09-13T08:37Z,adria pedrosa,2550229,70,5587
2026-09-13T08:37Z,sergio herrera,34986087,70,6611
2026-09-13T08:37Z,ante budimir,62437284,60,6635
2026-09-13T08:37Z,aimar oroz,9885330,0,7203
2026-09-13T08:37Z,jon moncayola,7597996,70,7204
2026-09-13T08:37Z,robert navarro,6024440,100,7293
2026-09-13T08:37Z,yuri berchiche,14155196,100,735
2026-09-13T08:37Z,aitor paredes,12651470,0,7916
2026-09-13T08:37Z,victor chust,4608109,100,8273
2026-09-13T08:37Z,luka sucic,9290972,50,8392
2026-09-13T08:37Z,antonio blanco,20094654,80,8737
2026-09-13T08:37Z,johan mojica,15608312,80,899
2026-09-13T08:37Z,matias dituro,9143866,100,9161
2026-09-13T08:37Z,giuliano simeone,38178779,70,9276
2026-09-13T08:37Z,luismi cruz,9006246,80,9772
2026-09-13T08:37Z,adrian rodriguez,613322,5,9897
2026-09-13T08:37Z,roberto fernandez,27420659,80,9987
2026-09-13T08:37Z,edin terzic,2757027,,e169
2026-09-13T08:37Z,juan funes,691184,,e172
2026-09-13T08:56Z,pablo barrios,54609981,0,10005
2026-09-13T08:56Z,omar el hilali,14179599,70,10220
2026-09-13T08:56Z,orri steinn oskarsson,7463423,50,10660
2026-09-13T08:56Z,abel bretones,9627930,70,11230
2026-09-13T08:56Z,11766,,,11766
2026-09-13T08:56Z,pablo campos,630060,5,11807
2026-09-13T08:56Z,natan,30318358,80,11813
2026-09-13T08:56Z,iñigo arguibide,3462936,50,12823
2026-09-13T08:56Z,alexis ciria,632198,,14019
2026-09-13T08:56Z,nicolas valentini,674519,50,14979
2026-09-13T08:56Z,salvi esquivel,539831,,15422
2026-09-13T08:56Z,miguel sierra,4685008,50,16236
2026-09-13T08:56Z,unai lopez,13658050,50,1881
2026-09-13T08:56Z,david soria,35986583,95,1919
2026-09-13T08:56Z,alex berenguer,10161351,0,3204
2026-09-13T08:56Z,gabriel jesus,28057126,10,3724
2026-09-13T08:56Z,edu exposito,29243705,50,3738
2026-09-13T08:56Z,enes unal,18495589,80,3751
2026-09-13T08:56Z,toni martinez,19082269,70,5032
2026-09-13T08:56Z,mujaid sadick,3964077,30,5228
2026-09-13T08:56Z,cucho hernandez,35964688,50,5546
2026-09-13T08:56Z,adria pedrosa,2550229,70,5587
2026-09-13T08:56Z,sergio herrera,34986087,70,6611
2026-09-13T08:56Z,ante budimir,62437284,60,6635
2026-09-13T08:56Z,aimar oroz,9885330,0,7203
2026-09-13T08:56Z,jon moncayola,7597996,70,7204
2026-09-13T08:56Z,robert navarro,6024440,100,7293
2026-09-13T08:56Z,yuri berchiche,14155196,100,735
2026-09-13T08:56Z,aitor paredes,12651470,0,7916
2026-09-13T08:56Z,victor chust,4608109,100,8273
2026-09-13T08:56Z,luka sucic,9290972,50,8392
2026-09-13T08:56Z,antonio blanco,20094654,80,8737
2026-09-13T08:56Z,johan mojica,15608312,80,899
2026-09-13T08:56Z,matias dituro,9143866,100,9161
2026-09-13T08:56Z,giuliano simeone,38178779,70,9276
2026-09-13T08:56Z,luismi cruz,9006246,80,9772
2026-09-13T08:56Z,adrian rodriguez,613322,5,9897
2026-09-13T08:56Z,roberto fernandez,27420659,80,9987
2026-09-13T08:56Z,edin terzic,2757027,,e169
2026-09-13T08:56Z,juan funes,691184,,e172
2026-09-13T09:18Z,pablo barrios,54609981,0,10005
2026-09-13T09:18Z,omar el hilali,14179599,70,10220
2026-09-13T09:18Z,orri steinn oskarsson,7463423,50,10660
2026-09-13T09:18Z,abel bretones,9627930,70,11230
2026-09-13T09:18Z,11766,,,11766
2026-09-13T09:18Z,pablo campos,630060,5,11807
2026-09-13T09:18Z,natan,30318358,80,11813
2026-09-13T09:18Z,iñigo arguibide,3462936,50,12823
2026-09-13T09:18Z,alexis ciria,632198,,14019
2026-09-13T09:18Z,nicolas valentini,674519,50,14979
2026-09-13T09:18Z,salvi esquivel,539831,,15422
2026-09-13T09:18Z,miguel sierra,4685008,50,16236
2026-09-13T09:18Z,unai lopez,13658050,50,1881
2026-09-13T09:18Z,david soria,35986583,95,1919
2026-09-13T09:18Z,alex berenguer,10161351,0,3204
2026-09-13T09:18Z,gabriel jesus,28057126,10,3724
2026-09-13T09:18Z,edu exposito,29243705,50,3738
2026-09-13T09:18Z,enes unal,18495589,80,3751
2026-09-13T09:18Z,toni martinez,19082269,70,5032
2026-09-13T09:18Z,mujaid sadick,3964077,30,5228
2026-09-13T09:18Z,cucho hernandez,35964688,50,5546
2026-09-13T09:18Z,adria pedrosa,2550229,70,5587
2026-09-13T09:18Z,sergio herrera,34986087,70,6611
2026-09-13T09:18Z,ante budimir,62437284,60,6635
2026-09-13T09:18Z,aimar oroz,9885330,0,7203
2026-09-13T09:18Z,jon moncayola,7597996,70,7204
2026-09-13T09:18Z,robert navarro,6024440,100,7293
2026-09-13T09:18Z,yuri berchiche,14155196,100,735
2026-09-13T09:18Z,aitor paredes,12651470,0,7916
2026-09-13T09:18Z,victor chust,4608109,100,8273
2026-09-13T09:18Z,luka sucic,9290972,50,8392
2026-09-13T09:18Z,antonio blanco,20094654,80,8737
2026-09-13T09:18Z,johan mojica,15608312,80,899
2026-09-13T09:18Z,matias dituro,9143866,100,9161
2026-09-13T09:18Z,giuliano simeone,38178779,70,9276
2026-09-13T09:18Z,luismi cruz,9006246,80,9772
2026-09-13T09:18Z,adrian rodriguez,613322,5,9897
2026-09-13T09:18Z,roberto fernandez,27420659,80,9987
2026-09-13T09:18Z,edin terzic,2757027,,e169
2026-09-13T09:18Z,juan funes,691184,,e172
2026-09-13T09:27Z,pablo barrios,54609981,0,10005
2026-09-13T09:27Z,omar el hilali,14179599,70,10220
2026-09-13T09:27Z,orri steinn oskarsson,7463423,50,10660
2026-09-13T09:27Z,abel bretones,9627930,70,11230
2026-09-13T09:27Z,11766,,,11766
2026-09-13T09:27Z,pablo campos,630060,5,11807
2026-09-13T09:27Z,natan,30318358,80,11813
2026-09-13T09:27Z,iñigo arguibide,3462936,50,12823
2026-09-13T09:27Z,alexis ciria,632198,,14019
2026-09-13T09:27Z,nicolas valentini,674519,50,14979
2026-09-13T09:27Z,salvi esquivel,539831,,15422
2026-09-13T09:27Z,miguel sierra,4685008,50,16236
2026-09-13T09:27Z,unai lopez,13658050,50,1881
2026-09-13T09:27Z,david soria,35986583,95,1919
2026-09-13T09:27Z,alex berenguer,10161351,0,3204
2026-09-13T09:27Z,gabriel jesus,28057126,10,3724
2026-09-13T09:27Z,edu exposito,29243705,50,3738
2026-09-13T09:27Z,enes unal,18495589,80,3751
2026-09-13T09:27Z,toni martinez,19082269,70,5032
2026-09-13T09:27Z,mujaid sadick,3964077,30,5228
2026-09-13T09:27Z,cucho hernandez,35964688,50,5546
2026-09-13T09:27Z,adria pedrosa,2550229,70,5587
2026-09-13T09:27Z,sergio herrera,34986087,70,6611
2026-09-13T09:27Z,ante budimir,62437284,60,6635
2026-09-13T09:27Z,aimar oroz,9885330,0,7203
2026-09-13T09:27Z,jon moncayola,7597996,70,7204
2026-09-13T09:27Z,robert navarro,6024440,100,7293
2026-09-13T09:27Z,yuri berchiche,14155196,100,735
2026-09-13T09:27Z,aitor paredes,12651470,0,7916
2026-09-13T09:27Z,victor chust,4608109,100,8273
2026-09-13T09:27Z,luka sucic,9290972,50,8392
2026-09-13T09:27Z,antonio blanco,20094654,80,8737
2026-09-13T09:27Z,johan mojica,15608312,80,899
2026-09-13T09:27Z,matias dituro,9143866,100,9161
2026-09-13T09:27Z,giuliano simeone,38178779,70,9276
2026-09-13T09:27Z,luismi cruz,9006246,80,9772
2026-09-13T09:27Z,adrian rodriguez,613322,5,9897
2026-09-13T09:27Z,roberto fernandez,27420659,80,9987
2026-09-13T09:27Z,edin terzic,2757027,,e169
2026-09-13T09:27Z,juan funes,691184,,e172
2026-09-13T09:41Z,pablo barrios,54609981,0,10005
2026-09-13T09:41Z,omar el hilali,14179599,70,10220
2026-09-13T09:41Z,orri steinn oskarsson,7463423,50,10660
2026-09-13T09:41Z,abel bretones,9627930,70,11230
2026-09-13T09:41Z,11766,,,11766
2026-09-13T09:41Z,pablo campos,630060,5,11807
2026-09-13T09:41Z,natan,30318358,80,11813
2026-09-13T09:41Z,iñigo arguibide,3462936,50,12823
2026-09-13T09:41Z,alexis ciria,632198,,14019
2026-09-13T09:41Z,nicolas valentini,674519,50,14979
2026-09-13T09:41Z,salvi esquivel,539831,,15422
2026-09-13T09:41Z,miguel sierra,4685008,50,16236
2026-09-13T09:41Z,unai lopez,13658050,50,1881
2026-09-13T09:41Z,david soria,35986583,95,1919
2026-09-13T09:41Z,alex berenguer,10161351,0,3204
2026-09-13T09:41Z,gabriel jesus,28057126,10,3724
2026-09-13T09:41Z,edu exposito,29243705,50,3738
2026-09-13T09:41Z,enes unal,18495589,80,3751
2026-09-13T09:41Z,toni martinez,19082269,70,5032
2026-09-13T09:41Z,mujaid sadick,3964077,30,5228
2026-09-13T09:41Z,cucho hernandez,35964688,50,5546
2026-09-13T09:41Z,adria pedrosa,2550229,70,5587
2026-09-13T09:41Z,sergio herrera,34986087,70,6611
2026-09-13T09:41Z,ante budimir,62437284,60,6635
2026-09-13T09:41Z,aimar oroz,9885330,0,7203
2026-09-13T09:41Z,jon moncayola,7597996,70,7204
2026-09-13T09:41Z,robert navarro,6024440,100,7293
2026-09-13T09:41Z,yuri berchiche,14155196,100,735
2026-09-13T09:41Z,aitor paredes,12651470,0,7916
2026-09-13T09:41Z,victor chust,4608109,100,8273
2026-09-13T09:41Z,luka sucic,9290972,50,8392
2026-09-13T09:41Z,antonio blanco,20094654,80,8737
2026-09-13T09:41Z,johan mojica,15608312,80,899
2026-09-13T09:41Z,matias dituro,9143866,100,9161
2026-09-13T09:41Z,giuliano simeone,38178779,70,9276
2026-09-13T09:41Z,luismi cruz,9006246,80,9772
2026-09-13T09:41Z,adrian rodriguez,613322,5,9897
2026-09-13T09:41Z,roberto fernandez,27420659,80,9987
2026-09-13T09:41Z,edin terzic,2757027,,e169
2026-09-13T09:41Z,juan funes,691184,,e172
2026-09-13T13:15Z,pablo barrios,54609981,0,10005
2026-09-13T13:15Z,omar el hilali,14179599,70,10220
2026-09-13T13:15Z,orri steinn oskarsson,7463423,50,10660
2026-09-13T13:15Z,abel bretones,9627930,70,11230
2026-09-13T13:15Z,11766,,,11766
2026-09-13T13:15Z,pablo campos,630060,5,11807
2026-09-13T13:15Z,natan,30318358,80,11813
2026-09-13T13:15Z,iñigo arguibide,3462936,50,12823
2026-09-13T13:15Z,alexis ciria,632198,,14019
2026-09-13T13:15Z,nicolas valentini,674519,50,14979
2026-09-13T13:15Z,salvi esquivel,539831,,15422
2026-09-13T13:15Z,miguel sierra,4685008,50,16236
2026-09-13T13:15Z,unai lopez,13658050,50,1881
2026-09-13T13:15Z,david soria,35986583,95,1919
2026-09-13T13:15Z,alex berenguer,10161351,0,3204
2026-09-13T13:15Z,gabriel jesus,28057126,10,3724
2026-09-13T13:15Z,edu exposito,29243705,50,3738
2026-09-13T13:15Z,enes unal,18495589,80,3751
2026-09-13T13:15Z,toni martinez,19082269,70,5032
2026-09-13T13:15Z,mujaid sadick,3964077,30,5228
2026-09-13T13:15Z,cucho hernandez,35964688,50,5546
2026-09-13T13:15Z,adria pedrosa,2550229,70,5587
2026-09-13T13:15Z,sergio herrera,34986087,70,6611
2026-09-13T13:15Z,ante budimir,62437284,60,6635
2026-09-13T13:15Z,aimar oroz,9885330,0,7203
2026-09-13T13:15Z,jon moncayola,7597996,70,7204
2026-09-13T13:15Z,robert navarro,6024440,100,7293
2026-09-13T13:15Z,yuri berchiche,14155196,100,735
2026-09-13T13:15Z,aitor paredes,12651470,0,7916
2026-09-13T13:15Z,victor chust,4608109,100,8273
2026-09-13T13:15Z,luka sucic,9290972,50,8392
2026-09-13T13:15Z,antonio blanco,20094654,80,8737
2026-09-13T13:15Z,johan mojica,15608312,80,899
2026-09-13T13:15Z,matias dituro,9143866,100,9161
2026-09-13T13:15Z,giuliano simeone,38178779,70,9276
2026-09-13T13:15Z,luismi cruz,9006246,80,9772
2026-09-13T13:15Z,adrian rodriguez,613322,5,9897
2026-09-13T13:15Z,roberto fernandez,27420659,80,9987
2026-09-13T13:15Z,edin terzic,2757027,,e169
2026-09-13T13:15Z,juan funes,691184,,e172
2026-09-13T13:40Z,pablo barrios,54609981,0,10005
2026-09-13T13:40Z,omar el hilali,14179599,70,10220
2026-09-13T13:40Z,orri steinn oskarsson,7463423,50,10660
2026-09-13T13:40Z,abel bretones,9627930,70,11230
2026-09-13T13:40Z,11766,,,11766
2026-09-13T13:40Z,pablo campos,630060,5,11807
2026-09-13T13:40Z,natan,30318358,80,11813
2026-09-13T13:40Z,iñigo arguibide,3462936,50,12823
2026-09-13T13:40Z,alexis ciria,632198,,14019
2026-09-13T13:40Z,nicolas valentini,674519,50,14979
2026-09-13T13:40Z,salvi esquivel,539831,,15422
2026-09-13T13:40Z,miguel sierra,4685008,50,16236
2026-09-13T13:40Z,unai lopez,13658050,50,1881
2026-09-13T13:40Z,david soria,35986583,95,1919
2026-09-13T13:40Z,alex berenguer,10161351,0,3204
2026-09-13T13:40Z,gabriel jesus,28057126,10,3724
2026-09-13T13:40Z,edu exposito,29243705,50,3738
2026-09-13T13:40Z,enes unal,18495589,80,3751
2026-09-13T13:40Z,toni martinez,19082269,70,5032
2026-09-13T13:40Z,mujaid sadick,3964077,30,5228
2026-09-13T13:40Z,cucho hernandez,35964688,50,5546
2026-09-13T13:40Z,adria pedrosa,2550229,70,5587
2026-09-13T13:40Z,sergio herrera,34986087,70,6611
2026-09-13T13:40Z,ante budimir,62437284,60,6635
2026-09-13T13:40Z,aimar oroz,9885330,0,7203
2026-09-13T13:40Z,jon moncayola,7597996,70,7204
2026-09-13T13:40Z,robert navarro,6024440,100,7293
2026-09-13T13:40Z,yuri berchiche,14155196,100,735
2026-09-13T13:40Z,aitor paredes,12651470,0,7916
2026-09-13T13:40Z,victor chust,4608109,100,8273
2026-09-13T13:40Z,luka sucic,9290972,50,8392
2026-09-13T13:40Z,antonio blanco,20094654,80,8737
2026-09-13T13:40Z,johan mojica,15608312,80,899
2026-09-13T13:40Z,matias dituro,9143866,100,9161
2026-09-13T13:40Z,giuliano simeone,38178779,70,9276
2026-09-13T13:40Z,luismi cruz,9006246,80,9772
2026-09-13T13:40Z,adrian rodriguez,613322,5,9897
2026-09-13T13:40Z,roberto fernandez,27420659,80,9987
2026-09-13T13:40Z,edin terzic,2757027,,e169
2026-09-13T13:40Z,juan funes,691184,,e172
2026-09-13T13:44Z,pablo barrios,54609981,0,10005
2026-09-13T13:44Z,omar el hilali,14179599,70,10220
2026-09-13T13:44Z,orri steinn oskarsson,7463423,50,10660
2026-09-13T13:44Z,abel bretones,9627930,70,11230
2026-09-13T13:44Z,11766,,,11766
2026-09-13T13:44Z,pablo campos,630060,5,11807
2026-09-13T13:44Z,natan,30318358,80,11813
2026-09-13T13:44Z,iñigo arguibide,3462936,50,12823
2026-09-13T13:44Z,alexis ciria,632198,,14019
2026-09-13T13:44Z,nicolas valentini,674519,50,14979
2026-09-13T13:44Z,salvi esquivel,539831,,15422
2026-09-13T13:44Z,miguel sierra,4685008,50,16236
2026-09-13T13:44Z,unai lopez,13658050,50,1881
2026-09-13T13:44Z,david soria,35986583,95,1919
2026-09-13T13:44Z,alex berenguer,10161351,0,3204
2026-09-13T13:44Z,gabriel jesus,28057126,10,3724
2026-09-13T13:44Z,edu exposito,29243705,50,3738
2026-09-13T13:44Z,enes unal,18495589,80,3751
2026-09-13T13:44Z,toni martinez,19082269,70,5032
2026-09-13T13:44Z,mujaid sadick,3964077,30,5228
2026-09-13T13:44Z,cucho hernandez,35964688,50,5546
2026-09-13T13:44Z,adria pedrosa,2550229,70,5587
2026-09-13T13:44Z,sergio herrera,34986087,70,6611
2026-09-13T13:44Z,ante budimir,62437284,60,6635
2026-09-13T13:44Z,aimar oroz,9885330,0,7203
2026-09-13T13:44Z,jon moncayola,7597996,70,7204
2026-09-13T13:44Z,robert navarro,6024440,100,7293
2026-09-13T13:44Z,yuri berchiche,14155196,100,735
2026-09-13T13:44Z,aitor paredes,12651470,0,7916
2026-09-13T13:44Z,victor chust,4608109,100,8273
2026-09-13T13:44Z,luka sucic,9290972,50,8392
2026-09-13T13:44Z,antonio blanco,20094654,80,8737
2026-09-13T13:44Z,johan mojica,15608312,80,899
2026-09-13T13:44Z,matias dituro,9143866,100,9161
2026-09-13T13:44Z,giuliano simeone,38178779,70,9276
2026-09-13T13:44Z,luismi cruz,9006246,80,9772
2026-09-13T13:44Z,adrian rodriguez,613322,5,9897
2026-09-13T13:44Z,roberto fernandez,27420659,80,9987
2026-09-13T13:44Z,edin terzic,2757027,,e169
2026-09-13T13:44Z,juan funes,691184,,e172
2026-09-13T13:50Z,pablo barrios,54609981,0,10005
2026-09-13T13:50Z,omar el hilali,14179599,70,10220
2026-09-13T13:50Z,orri steinn oskarsson,7463423,50,10660
2026-09-13T13:50Z,abel bretones,9627930,70,11230
2026-09-13T13:50Z,11766,,,11766
2026-09-13T13:50Z,pablo campos,630060,5,11807
2026-09-13T13:50Z,natan,30318358,80,11813
2026-09-13T13:50Z,iñigo arguibide,3462936,50,12823
2026-09-13T13:50Z,alexis ciria,632198,,14019
2026-09-13T13:50Z,nicolas valentini,674519,50,14979
2026-09-13T13:50Z,salvi esquivel,539831,,15422
2026-09-13T13:50Z,miguel sierra,4685008,50,16236
2026-09-13T13:50Z,unai lopez,13658050,50,1881
2026-09-13T13:50Z,david soria,35986583,95,1919
2026-09-13T13:50Z,alex berenguer,10161351,0,3204
2026-09-13T13:50Z,gabriel jesus,28057126,10,3724
2026-09-13T13:50Z,edu exposito,29243705,50,3738
2026-09-13T13:50Z,enes unal,18495589,80,3751
2026-09-13T13:50Z,toni martinez,19082269,70,5032
2026-09-13T13:50Z,mujaid sadick,3964077,30,5228
2026-09-13T13:50Z,cucho hernandez,35964688,50,5546
2026-09-13T13:50Z,adria pedrosa,2550229,70,5587
2026-09-13T13:50Z,sergio herrera,34986087,70,6611
2026-09-13T13:50Z,ante budimir,62437284,60,6635
2026-09-13T13:50Z,aimar oroz,9885330,0,7203
2026-09-13T13:50Z,jon moncayola,7597996,70,7204
2026-09-13T13:50Z,robert navarro,6024440,100,7293
2026-09-13T13:50Z,yuri berchiche,14155196,100,735
2026-09-13T13:50Z,aitor paredes,12651470,0,7916
2026-09-13T13:50Z,victor chust,4608109,100,8273
2026-09-13T13:50Z,luka sucic,9290972,50,8392
2026-09-13T13:50Z,antonio blanco,20094654,80,8737
2026-09-13T13:50Z,johan mojica,15608312,80,899
2026-09-13T13:50Z,matias dituro,9143866,100,9161
2026-09-13T13:50Z,giuliano simeone,38178779,70,9276
2026-09-13T13:50Z,luismi cruz,9006246,80,9772
2026-09-13T13:50Z,adrian rodriguez,613322,5,9897
2026-09-13T13:50Z,roberto fernandez,27420659,80,9987
2026-09-13T13:50Z,edin terzic,2757027,,e169
2026-09-13T13:50Z,juan funes,691184,,e172
2026-09-13T14:28Z,pablo barrios,54609981,0,10005
2026-09-13T14:28Z,omar el hilali,14179599,70,10220
2026-09-13T14:28Z,orri steinn oskarsson,7463423,50,10660
2026-09-13T14:28Z,abel bretones,9627930,70,11230
2026-09-13T14:28Z,11766,,,11766
2026-09-13T14:28Z,pablo campos,630060,5,11807
2026-09-13T14:28Z,natan,30318358,80,11813
2026-09-13T14:28Z,iñigo arguibide,3462936,50,12823
2026-09-13T14:28Z,alexis ciria,632198,,14019
2026-09-13T14:28Z,nicolas valentini,674519,50,14979
2026-09-13T14:28Z,salvi esquivel,539831,,15422
2026-09-13T14:28Z,miguel sierra,4685008,50,16236
2026-09-13T14:28Z,unai lopez,13658050,50,1881
2026-09-13T14:28Z,david soria,35986583,95,1919
2026-09-13T14:28Z,alex berenguer,10161351,0,3204
2026-09-13T14:28Z,gabriel jesus,28057126,10,3724
2026-09-13T14:28Z,edu exposito,29243705,50,3738
2026-09-13T14:28Z,enes unal,18495589,80,3751
2026-09-13T14:28Z,toni martinez,19082269,70,5032
2026-09-13T14:28Z,mujaid sadick,3964077,30,5228
2026-09-13T14:28Z,cucho hernandez,35964688,50,5546
2026-09-13T14:28Z,adria pedrosa,2550229,70,5587
2026-09-13T14:28Z,sergio herrera,34986087,70,6611
2026-09-13T14:28Z,ante budimir,62437284,60,6635
2026-09-13T14:28Z,aimar oroz,9885330,0,7203
2026-09-13T14:28Z,jon moncayola,7597996,70,7204
2026-09-13T14:28Z,robert navarro,6024440,100,7293
2026-09-13T14:28Z,yuri berchiche,14155196,100,735
2026-09-13T14:28Z,aitor paredes,12651470,0,7916
2026-09-13T14:28Z,victor chust,4608109,100,8273
2026-09-13T14:28Z,luka sucic,9290972,50,8392
2026-09-13T14:28Z,antonio blanco,20094654,80,8737
2026-09-13T14:28Z,johan mojica,15608312,80,899
2026-09-13T14:28Z,matias dituro,9143866,100,9161
2026-09-13T14:28Z,giuliano simeone,38178779,70,9276
2026-09-13T14:28Z,luismi cruz,9006246,80,9772
2026-09-13T14:28Z,adrian rodriguez,613322,5,9897
2026-09-13T14:28Z,roberto fernandez,27420659,80,9987
2026-09-13T14:28Z,edin terzic,2757027,,e169
2026-09-13T14:28Z,juan funes,691184,,e172
2026-09-13T15:00Z,pablo barrios,54609981,0,10005
2026-09-13T15:00Z,omar el hilali,14179599,70,10220
2026-09-13T15:00Z,orri steinn oskarsson,7463423,50,10660
2026-09-13T15:00Z,abel bretones,9627930,70,11230
2026-09-13T15:00Z,11766,,,11766
2026-09-13T15:00Z,pablo campos,630060,0,11807
2026-09-13T15:00Z,natan,30318358,80,11813
2026-09-13T15:00Z,iñigo arguibide,3462936,50,12823
2026-09-13T15:00Z,alexis ciria,632198,,14019
2026-09-13T15:00Z,nicolas valentini,674519,50,14979
2026-09-13T15:00Z,salvi esquivel,539831,,15422
2026-09-13T15:00Z,miguel sierra,4685008,50,16236
2026-09-13T15:00Z,unai lopez,13658050,50,1881
2026-09-13T15:00Z,david soria,35986583,95,1919
2026-09-13T15:00Z,alex berenguer,10161351,0,3204
2026-09-13T15:00Z,gabriel jesus,28057126,0,3724
2026-09-13T15:00Z,edu exposito,29243705,50,3738
2026-09-13T15:00Z,enes unal,18495589,80,3751
2026-09-13T15:00Z,toni martinez,19082269,70,5032
2026-09-13T15:00Z,mujaid sadick,3964077,30,5228
2026-09-13T15:00Z,cucho hernandez,35964688,50,5546
2026-09-13T15:00Z,adria pedrosa,2550229,70,5587
2026-09-13T15:00Z,sergio herrera,34986087,70,6611
2026-09-13T15:00Z,ante budimir,62437284,60,6635
2026-09-13T15:00Z,aimar oroz,9885330,0,7203
2026-09-13T15:00Z,jon moncayola,7597996,70,7204
2026-09-13T15:00Z,robert navarro,6024440,100,7293
2026-09-13T15:00Z,yuri berchiche,14155196,100,735
2026-09-13T15:00Z,aitor paredes,12651470,0,7916
2026-09-13T15:00Z,victor chust,4608109,100,8273
2026-09-13T15:00Z,luka sucic,9290972,50,8392
2026-09-13T15:00Z,antonio blanco,20094654,80,8737
2026-09-13T15:00Z,johan mojica,15608312,80,899
2026-09-13T15:00Z,matias dituro,9143866,100,9161
2026-09-13T15:00Z,giuliano simeone,38178779,70,9276
2026-09-13T15:00Z,luismi cruz,9006246,80,9772
2026-09-13T15:00Z,adrian rodriguez,613322,5,9897
2026-09-13T15:00Z,roberto fernandez,27420659,80,9987
2026-09-13T15:00Z,edin terzic,2757027,,e169
2026-09-13T15:00Z,juan funes,691184,,e172
2026-09-13T15:06Z,pablo barrios,54609981,0,10005
2026-09-13T15:06Z,omar el hilali,14179599,70,10220
2026-09-13T15:06Z,orri steinn oskarsson,7463423,50,10660
2026-09-13T15:06Z,abel bretones,9627930,70,11230
2026-09-13T15:06Z,11766,,,11766
2026-09-13T15:06Z,pablo campos,630060,0,11807
2026-09-13T15:06Z,natan,30318358,80,11813
2026-09-13T15:06Z,iñigo arguibide,3462936,50,12823
2026-09-13T15:06Z,alexis ciria,632198,,14019
2026-09-13T15:06Z,nicolas valentini,674519,50,14979
2026-09-13T15:06Z,salvi esquivel,539831,,15422
2026-09-13T15:06Z,miguel sierra,4685008,50,16236
2026-09-13T15:06Z,unai lopez,13658050,50,1881
2026-09-13T15:06Z,david soria,35986583,95,1919
2026-09-13T15:06Z,alex berenguer,10161351,0,3204
2026-09-13T15:06Z,gabriel jesus,28057126,0,3724
2026-09-13T15:06Z,edu exposito,29243705,50,3738
2026-09-13T15:06Z,enes unal,18495589,80,3751
2026-09-13T15:06Z,toni martinez,19082269,70,5032
2026-09-13T15:06Z,mujaid sadick,3964077,30,5228
2026-09-13T15:06Z,cucho hernandez,35964688,50,5546
2026-09-13T15:06Z,adria pedrosa,2550229,70,5587
2026-09-13T15:06Z,sergio herrera,34986087,70,6611
2026-09-13T15:06Z,ante budimir,62437284,60,6635
2026-09-13T15:06Z,aimar oroz,9885330,0,7203
2026-09-13T15:06Z,jon moncayola,7597996,70,7204
2026-09-13T15:06Z,robert navarro,6024440,100,7293
2026-09-13T15:06Z,yuri berchiche,14155196,100,735
2026-09-13T15:06Z,aitor paredes,12651470,0,7916
2026-09-13T15:06Z,victor chust,4608109,100,8273
2026-09-13T15:06Z,luka sucic,9290972,50,8392
2026-09-13T15:06Z,antonio blanco,20094654,80,8737
2026-09-13T15:06Z,johan mojica,15608312,80,899
2026-09-13T15:06Z,matias dituro,9143866,100,9161
2026-09-13T15:06Z,giuliano simeone,38178779,70,9276
2026-09-13T15:06Z,luismi cruz,9006246,80,9772
2026-09-13T15:06Z,adrian rodriguez,613322,5,9897
2026-09-13T15:06Z,roberto fernandez,27420659,80,9987
2026-09-13T15:06Z,edin terzic,2757027,,e169
2026-09-13T15:06Z,juan funes,691184,,e172
2026-09-13T15:12Z,pablo barrios,54609981,0,10005
2026-09-13T15:12Z,omar el hilali,14179599,70,10220
2026-09-13T15:12Z,orri steinn oskarsson,7463423,50,10660
2026-09-13T15:12Z,abel bretones,9627930,70,11230
2026-09-13T15:12Z,11766,,,11766
2026-09-13T15:12Z,pablo campos,630060,0,11807
2026-09-13T15:12Z,natan,30318358,80,11813
2026-09-13T15:12Z,iñigo arguibide,3462936,50,12823
2026-09-13T15:12Z,alexis ciria,632198,,14019
2026-09-13T15:12Z,nicolas valentini,674519,50,14979
2026-09-13T15:12Z,salvi esquivel,539831,,15422
2026-09-13T15:12Z,miguel sierra,4685008,50,16236
2026-09-13T15:12Z,unai lopez,13658050,50,1881
2026-09-13T15:12Z,david soria,35986583,95,1919
2026-09-13T15:12Z,alex berenguer,10161351,0,3204
2026-09-13T15:12Z,gabriel jesus,28057126,0,3724
2026-09-13T15:12Z,edu exposito,29243705,50,3738
2026-09-13T15:12Z,enes unal,18495589,80,3751
2026-09-13T15:12Z,toni martinez,19082269,70,5032
2026-09-13T15:12Z,mujaid sadick,3964077,30,5228
2026-09-13T15:12Z,cucho hernandez,35964688,50,5546
2026-09-13T15:12Z,adria pedrosa,2550229,70,5587
2026-09-13T15:12Z,sergio herrera,34986087,70,6611
2026-09-13T15:12Z,ante budimir,62437284,60,6635
2026-09-13T15:12Z,aimar oroz,9885330,0,7203
2026-09-13T15:12Z,jon moncayola,7597996,70,7204
2026-09-13T15:12Z,robert navarro,6024440,100,7293
2026-09-13T15:12Z,yuri berchiche,14155196,100,735
2026-09-13T15:12Z,aitor paredes,12651470,0,7916
2026-09-13T15:12Z,victor chust,4608109,100,8273
2026-09-13T15:12Z,luka sucic,9290972,50,8392
2026-09-13T15:12Z,antonio blanco,20094654,80,8737
2026-09-13T15:12Z,johan mojica,15608312,80,899
2026-09-13T15:12Z,matias dituro,9143866,100,9161
2026-09-13T15:12Z,giuliano simeone,38178779,70,9276
2026-09-13T15:12Z,luismi cruz,9006246,80,9772
2026-09-13T15:12Z,adrian rodriguez,613322,5,9897
2026-09-13T15:12Z,roberto fernandez,27420659,80,9987
2026-09-13T15:12Z,edin terzic,2757027,,e169
2026-09-13T15:12Z,juan funes,691184,,e172
2026-09-13T15:17Z,pablo barrios,54609981,0,10005
2026-09-13T15:17Z,omar el hilali,14179599,70,10220
2026-09-13T15:17Z,orri steinn oskarsson,7463423,50,10660
2026-09-13T15:17Z,abel bretones,9627930,70,11230
2026-09-13T15:17Z,11766,,,11766
2026-09-13T15:17Z,pablo campos,630060,0,11807
2026-09-13T15:17Z,natan,30318358,80,11813
2026-09-13T15:17Z,iñigo arguibide,3462936,50,12823
2026-09-13T15:17Z,alexis ciria,632198,,14019
2026-09-13T15:17Z,nicolas valentini,674519,50,14979
2026-09-13T15:17Z,salvi esquivel,539831,,15422
2026-09-13T15:17Z,miguel sierra,4685008,50,16236
2026-09-13T15:17Z,unai lopez,13658050,50,1881
2026-09-13T15:17Z,david soria,35986583,95,1919
2026-09-13T15:17Z,alex berenguer,10161351,0,3204
2026-09-13T15:17Z,gabriel jesus,28057126,0,3724
2026-09-13T15:17Z,edu exposito,29243705,50,3738
2026-09-13T15:17Z,enes unal,18495589,80,3751
2026-09-13T15:17Z,toni martinez,19082269,70,5032
2026-09-13T15:17Z,mujaid sadick,3964077,30,5228
2026-09-13T15:17Z,cucho hernandez,35964688,50,5546
2026-09-13T15:17Z,adria pedrosa,2550229,70,5587
2026-09-13T15:17Z,sergio herrera,34986087,70,6611
2026-09-13T15:17Z,ante budimir,62437284,60,6635
2026-09-13T15:17Z,aimar oroz,9885330,0,7203
2026-09-13T15:17Z,jon moncayola,7597996,70,7204
2026-09-13T15:17Z,robert navarro,6024440,100,7293
2026-09-13T15:17Z,yuri berchiche,14155196,100,735
2026-09-13T15:17Z,aitor paredes,12651470,0,7916
2026-09-13T15:17Z,victor chust,4608109,100,8273
2026-09-13T15:17Z,luka sucic,9290972,50,8392
2026-09-13T15:17Z,antonio blanco,20094654,80,8737
2026-09-13T15:17Z,johan mojica,15608312,80,899
2026-09-13T15:17Z,matias dituro,9143866,100,9161
2026-09-13T15:17Z,giuliano simeone,38178779,70,9276
2026-09-13T15:17Z,luismi cruz,9006246,80,9772
2026-09-13T15:17Z,adrian rodriguez,613322,5,9897
2026-09-13T15:17Z,roberto fernandez,27420659,80,9987
2026-09-13T15:17Z,edin terzic,2757027,,e169
2026-09-13T15:17Z,juan funes,691184,,e172
2026-09-13T15:18Z,pablo barrios,54609981,0,10005
2026-09-13T15:18Z,omar el hilali,14179599,70,10220
2026-09-13T15:18Z,orri steinn oskarsson,7463423,50,10660
2026-09-13T15:18Z,abel bretones,9627930,70,11230
2026-09-13T15:18Z,11766,,,11766
2026-09-13T15:18Z,pablo campos,630060,0,11807
2026-09-13T15:18Z,natan,30318358,80,11813
2026-09-13T15:18Z,iñigo arguibide,3462936,50,12823
2026-09-13T15:18Z,alexis ciria,632198,,14019
2026-09-13T15:18Z,nicolas valentini,674519,50,14979
2026-09-13T15:18Z,salvi esquivel,539831,,15422
2026-09-13T15:18Z,miguel sierra,4685008,50,16236
2026-09-13T15:18Z,unai lopez,13658050,50,1881
2026-09-13T15:18Z,david soria,35986583,95,1919
2026-09-13T15:18Z,alex berenguer,10161351,0,3204
2026-09-13T15:18Z,gabriel jesus,28057126,0,3724
2026-09-13T15:18Z,edu exposito,29243705,50,3738
2026-09-13T15:18Z,enes unal,18495589,80,3751
2026-09-13T15:18Z,toni martinez,19082269,70,5032
2026-09-13T15:18Z,mujaid sadick,3964077,30,5228
2026-09-13T15:18Z,cucho hernandez,35964688,50,5546
2026-09-13T15:18Z,adria pedrosa,2550229,70,5587
2026-09-13T15:18Z,sergio herrera,34986087,70,6611
2026-09-13T15:18Z,ante budimir,62437284,60,6635
2026-09-13T15:18Z,aimar oroz,9885330,0,7203
2026-09-13T15:18Z,jon moncayola,7597996,70,7204
2026-09-13T15:18Z,robert navarro,6024440,100,7293
2026-09-13T15:18Z,yuri berchiche,14155196,100,735
2026-09-13T15:18Z,aitor paredes,12651470,0,7916
2026-09-13T15:18Z,victor chust,4608109,100,8273
2026-09-13T15:18Z,luka sucic,9290972,50,8392
2026-09-13T15:18Z,antonio blanco,20094654,80,8737
2026-09-13T15:18Z,johan mojica,15608312,80,899
2026-09-13T15:18Z,matias dituro,9143866,100,9161
2026-09-13T15:18Z,giuliano simeone,38178779,70,9276
2026-09-13T15:18Z,luismi cruz,9006246,80,9772
2026-09-13T15:18Z,adrian rodriguez,613322,5,9897
2026-09-13T15:18Z,roberto fernandez,27420659,80,9987
2026-09-13T15:18Z,edin terzic,2757027,,e169
2026-09-13T15:18Z,juan funes,691184,,e172
2026-09-13T15:27Z,pablo barrios,54609981,0,10005
2026-09-13T15:27Z,omar el hilali,14179599,70,10220
2026-09-13T15:27Z,orri steinn oskarsson,7463423,50,10660
2026-09-13T15:27Z,abel bretones,9627930,70,11230
2026-09-13T15:27Z,11766,,,11766
2026-09-13T15:27Z,pablo campos,630060,0,11807
2026-09-13T15:27Z,natan,30318358,80,11813
2026-09-13T15:27Z,iñigo arguibide,3462936,50,12823
2026-09-13T15:27Z,alexis ciria,632198,,14019
2026-09-13T15:27Z,nicolas valentini,674519,50,14979
2026-09-13T15:27Z,salvi esquivel,539831,,15422
2026-09-13T15:27Z,miguel sierra,4685008,50,16236
2026-09-13T15:27Z,unai lopez,13658050,50,1881
2026-09-13T15:27Z,david soria,35986583,95,1919
2026-09-13T15:27Z,alex berenguer,10161351,0,3204
2026-09-13T15:27Z,gabriel jesus,28057126,0,3724
2026-09-13T15:27Z,edu exposito,29243705,50,3738
2026-09-13T15:27Z,enes unal,18495589,80,3751
2026-09-13T15:27Z,toni martinez,19082269,70,5032
2026-09-13T15:27Z,mujaid sadick,3964077,30,5228
2026-09-13T15:27Z,cucho hernandez,35964688,50,5546
2026-09-13T15:27Z,adria pedrosa,2550229,70,5587
2026-09-13T15:27Z,sergio herrera,34986087,70,6611
2026-09-13T15:27Z,ante budimir,62437284,60,6635
2026-09-13T15:27Z,aimar oroz,9885330,0,7203
2026-09-13T15:27Z,jon moncayola,7597996,70,7204
2026-09-13T15:27Z,robert navarro,6024440,100,7293
2026-09-13T15:27Z,yuri berchiche,14155196,100,735
2026-09-13T15:27Z,aitor paredes,12651470,0,7916
2026-09-13T15:27Z,victor chust,4608109,100,8273
2026-09-13T15:27Z,luka sucic,9290972,50,8392
2026-09-13T15:27Z,antonio blanco,20094654,80,8737
2026-09-13T15:27Z,johan mojica,15608312,80,899
2026-09-13T15:27Z,matias dituro,9143866,100,9161
2026-09-13T15:27Z,giuliano simeone,38178779,70,9276
2026-09-13T15:27Z,luismi cruz,9006246,80,9772
2026-09-13T15:27Z,adrian rodriguez,613322,5,9897
2026-09-13T15:27Z,roberto fernandez,27420659,80,9987
2026-09-13T15:27Z,edin terzic,2757027,,e169
2026-09-13T15:27Z,juan funes,691184,,e172
2026-09-13T15:37Z,pablo barrios,54609981,0,10005
2026-09-13T15:37Z,omar el hilali,14179599,70,10220
2026-09-13T15:37Z,orri steinn oskarsson,7463423,50,10660
2026-09-13T15:37Z,abel bretones,9627930,70,11230
2026-09-13T15:37Z,11766,,,11766
2026-09-13T15:37Z,pablo campos,630060,0,11807
2026-09-13T15:37Z,natan,30318358,80,11813
2026-09-13T15:37Z,iñigo arguibide,3462936,50,12823
2026-09-13T15:37Z,alexis ciria,632198,,14019
2026-09-13T15:37Z,nicolas valentini,674519,50,14979
2026-09-13T15:37Z,salvi esquivel,539831,,15422
2026-09-13T15:37Z,miguel sierra,4685008,50,16236
2026-09-13T15:37Z,unai lopez,13658050,50,1881
2026-09-13T15:37Z,david soria,35986583,95,1919
2026-09-13T15:37Z,alex berenguer,10161351,0,3204
2026-09-13T15:37Z,gabriel jesus,28057126,0,3724
2026-09-13T15:37Z,edu exposito,29243705,50,3738
2026-09-13T15:37Z,enes unal,18495589,80,3751
2026-09-13T15:37Z,toni martinez,19082269,70,5032
2026-09-13T15:37Z,mujaid sadick,3964077,30,5228
2026-09-13T15:37Z,cucho hernandez,35964688,50,5546
2026-09-13T15:37Z,adria pedrosa,2550229,70,5587
2026-09-13T15:37Z,sergio herrera,34986087,70,6611
2026-09-13T15:37Z,ante budimir,62437284,60,6635
2026-09-13T15:37Z,aimar oroz,9885330,0,7203
2026-09-13T15:37Z,jon moncayola,7597996,70,7204
2026-09-13T15:37Z,robert navarro,6024440,100,7293
2026-09-13T15:37Z,yuri berchiche,14155196,100,735
2026-09-13T15:37Z,aitor paredes,12651470,0,7916
2026-09-13T15:37Z,victor chust,4608109,100,8273
2026-09-13T15:37Z,luka sucic,9290972,50,8392
2026-09-13T15:37Z,antonio blanco,20094654,80,8737
2026-09-13T15:37Z,johan mojica,15608312,80,899
2026-09-13T15:37Z,matias dituro,9143866,100,9161
2026-09-13T15:37Z,giuliano simeone,38178779,70,9276
2026-09-13T15:37Z,luismi cruz,9006246,80,9772
2026-09-13T15:37Z,adrian rodriguez,613322,5,9897
2026-09-13T15:37Z,roberto fernandez,27420659,80,9987
2026-09-13T15:37Z,edin terzic,2757027,,e169
2026-09-13T15:37Z,juan funes,691184,,e172
2026-09-13T15:44Z,pablo barrios,54609981,0,10005
2026-09-13T15:44Z,omar el hilali,14179599,70,10220
2026-09-13T15:44Z,orri steinn oskarsson,7463423,50,10660
2026-09-13T15:44Z,abel bretones,9627930,70,11230
2026-09-13T15:44Z,11766,,,11766
2026-09-13T15:44Z,pablo campos,630060,0,11807
2026-09-13T15:44Z,natan,30318358,80,11813
2026-09-13T15:44Z,iñigo arguibide,3462936,50,12823
2026-09-13T15:44Z,alexis ciria,632198,,14019
2026-09-13T15:44Z,nicolas valentini,674519,50,14979
2026-09-13T15:44Z,salvi esquivel,539831,,15422
2026-09-13T15:44Z,miguel sierra,4685008,50,16236
2026-09-13T15:44Z,unai lopez,13658050,50,1881
2026-09-13T15:44Z,david soria,35986583,95,1919
2026-09-13T15:44Z,alex berenguer,10161351,0,3204
2026-09-13T15:44Z,gabriel jesus,28057126,0,3724
2026-09-13T15:44Z,edu exposito,29243705,50,3738
2026-09-13T15:44Z,enes unal,18495589,80,3751
2026-09-13T15:44Z,toni martinez,19082269,70,5032
2026-09-13T15:44Z,mujaid sadick,3964077,30,5228
2026-09-13T15:44Z,cucho hernandez,35964688,50,5546
2026-09-13T15:44Z,adria pedrosa,2550229,70,5587
2026-09-13T15:44Z,sergio herrera,34986087,70,6611
2026-09-13T15:44Z,ante budimir,62437284,60,6635
2026-09-13T15:44Z,aimar oroz,9885330,0,7203
2026-09-13T15:44Z,jon moncayola,7597996,70,7204
2026-09-13T15:44Z,robert navarro,6024440,100,7293
2026-09-13T15:44Z,yuri berchiche,14155196,100,735
2026-09-13T15:44Z,aitor paredes,12651470,0,7916
2026-09-13T15:44Z,victor chust,4608109,100,8273
2026-09-13T15:44Z,luka sucic,9290972,50,8392
2026-09-13T15:44Z,antonio blanco,20094654,80,8737
2026-09-13T15:44Z,johan mojica,15608312,80,899
2026-09-13T15:44Z,matias dituro,9143866,100,9161
2026-09-13T15:44Z,giuliano simeone,38178779,70,9276
2026-09-13T15:44Z,luismi cruz,9006246,80,9772
2026-09-13T15:44Z,adrian rodriguez,613322,5,9897
2026-09-13T15:44Z,roberto fernandez,27420659,80,9987
2026-09-13T15:44Z,edin terzic,2757027,,e169
2026-09-13T15:44Z,juan funes,691184,,e172
2026-09-13T15:53Z,pablo barrios,54609981,0,10005
2026-09-13T15:53Z,omar el hilali,14179599,70,10220
2026-09-13T15:53Z,orri steinn oskarsson,7463423,50,10660
2026-09-13T15:53Z,abel bretones,9627930,70,11230
2026-09-13T15:53Z,11766,,,11766
2026-09-13T15:53Z,pablo campos,630060,0,11807
2026-09-13T15:53Z,natan,30318358,80,11813
2026-09-13T15:53Z,iñigo arguibide,3462936,50,12823
2026-09-13T15:53Z,alexis ciria,632198,,14019
2026-09-13T15:53Z,nicolas valentini,674519,50,14979
2026-09-13T15:53Z,salvi esquivel,539831,,15422
2026-09-13T15:53Z,miguel sierra,4685008,50,16236
2026-09-13T15:53Z,unai lopez,13658050,50,1881
2026-09-13T15:53Z,david soria,35986583,95,1919
2026-09-13T15:53Z,alex berenguer,10161351,0,3204
2026-09-13T15:53Z,gabriel jesus,28057126,0,3724
2026-09-13T15:53Z,edu exposito,29243705,50,3738
2026-09-13T15:53Z,enes unal,18495589,80,3751
2026-09-13T15:53Z,toni martinez,19082269,70,5032
2026-09-13T15:53Z,mujaid sadick,3964077,30,5228
2026-09-13T15:53Z,cucho hernandez,35964688,50,5546
2026-09-13T15:53Z,adria pedrosa,2550229,70,5587
2026-09-13T15:53Z,sergio herrera,34986087,70,6611
2026-09-13T15:53Z,ante budimir,62437284,60,6635
2026-09-13T15:53Z,aimar oroz,9885330,0,7203
2026-09-13T15:53Z,jon moncayola,7597996,70,7204
2026-09-13T15:53Z,robert navarro,6024440,100,7293
2026-09-13T15:53Z,yuri berchiche,14155196,100,735
2026-09-13T15:53Z,aitor paredes,12651470,0,7916
2026-09-13T15:53Z,victor chust,4608109,100,8273
2026-09-13T15:53Z,luka sucic,9290972,50,8392
2026-09-13T15:53Z,antonio blanco,20094654,80,8737
2026-09-13T15:53Z,johan mojica,15608312,80,899
2026-09-13T15:53Z,matias dituro,9143866,100,9161
2026-09-13T15:53Z,giuliano simeone,38178779,70,9276
2026-09-13T15:53Z,luismi cruz,9006246,80,9772
2026-09-13T15:53Z,adrian rodriguez,613322,5,9897
2026-09-13T15:53Z,roberto fernandez,27420659,80,9987
2026-09-13T15:53Z,edin terzic,2757027,,e169
2026-09-13T15:53Z,juan funes,691184,,e172
2026-09-13T15:57Z,pablo barrios,54609981,0,10005
2026-09-13T15:57Z,omar el hilali,14179599,70,10220
2026-09-13T15:57Z,orri steinn oskarsson,7463423,50,10660
2026-09-13T15:57Z,abel bretones,9627930,70,11230
2026-09-13T15:57Z,11766,,,11766
2026-09-13T15:57Z,pablo campos,630060,0,11807
2026-09-13T15:57Z,natan,30318358,80,11813
2026-09-13T15:57Z,iñigo arguibide,3462936,50,12823
2026-09-13T15:57Z,alexis ciria,632198,,14019
2026-09-13T15:57Z,nicolas valentini,674519,50,14979
2026-09-13T15:57Z,salvi esquivel,539831,,15422
2026-09-13T15:57Z,miguel sierra,4685008,50,16236
2026-09-13T15:57Z,unai lopez,13658050,50,1881
2026-09-13T15:57Z,david soria,35986583,95,1919
2026-09-13T15:57Z,alex berenguer,10161351,0,3204
2026-09-13T15:57Z,gabriel jesus,28057126,0,3724
2026-09-13T15:57Z,edu exposito,29243705,50,3738
2026-09-13T15:57Z,enes unal,18495589,80,3751
2026-09-13T15:57Z,toni martinez,19082269,70,5032
2026-09-13T15:57Z,mujaid sadick,3964077,30,5228
2026-09-13T15:57Z,cucho hernandez,35964688,50,5546
2026-09-13T15:57Z,adria pedrosa,2550229,70,5587
2026-09-13T15:57Z,sergio herrera,34986087,70,6611
2026-09-13T15:57Z,ante budimir,62437284,60,6635
2026-09-13T15:57Z,aimar oroz,9885330,0,7203
2026-09-13T15:57Z,jon moncayola,7597996,70,7204
2026-09-13T15:57Z,robert navarro,6024440,100,7293
2026-09-13T15:57Z,yuri berchiche,14155196,100,735
2026-09-13T15:57Z,aitor paredes,12651470,0,7916
2026-09-13T15:57Z,victor chust,4608109,100,8273
2026-09-13T15:57Z,luka sucic,9290972,50,8392
2026-09-13T15:57Z,antonio blanco,20094654,80,8737
2026-09-13T15:57Z,johan mojica,15608312,80,899
2026-09-13T15:57Z,matias dituro,9143866,100,9161
2026-09-13T15:57Z,giuliano simeone,38178779,70,9276
2026-09-13T15:57Z,luismi cruz,9006246,80,9772
2026-09-13T15:57Z,adrian rodriguez,613322,5,9897
2026-09-13T15:57Z,roberto fernandez,27420659,80,9987
2026-09-13T15:57Z,edin terzic,2757027,,e169
2026-09-13T15:57Z,juan funes,691184,,e172
2026-09-13T16:03Z,pablo barrios,54609981,0,10005
2026-09-13T16:03Z,omar el hilali,14179599,70,10220
2026-09-13T16:03Z,orri steinn oskarsson,7463423,50,10660
2026-09-13T16:03Z,abel bretones,9627930,70,11230
2026-09-13T16:03Z,11766,,,11766
2026-09-13T16:03Z,pablo campos,630060,0,11807
2026-09-13T16:03Z,natan,30318358,80,11813
2026-09-13T16:03Z,iñigo arguibide,3462936,50,12823
2026-09-13T16:03Z,alexis ciria,632198,,14019
2026-09-13T16:03Z,nicolas valentini,674519,50,14979
2026-09-13T16:03Z,salvi esquivel,539831,,15422
2026-09-13T16:03Z,miguel sierra,4685008,50,16236
2026-09-13T16:03Z,unai lopez,13658050,50,1881
2026-09-13T16:03Z,david soria,35986583,95,1919
2026-09-13T16:03Z,alex berenguer,10161351,0,3204
2026-09-13T16:03Z,gabriel jesus,28057126,0,3724
2026-09-13T16:03Z,edu exposito,29243705,50,3738
2026-09-13T16:03Z,enes unal,18495589,80,3751
2026-09-13T16:03Z,toni martinez,19082269,70,5032
2026-09-13T16:03Z,mujaid sadick,3964077,30,5228
2026-09-13T16:03Z,cucho hernandez,35964688,50,5546
2026-09-13T16:03Z,adria pedrosa,2550229,70,5587
2026-09-13T16:03Z,sergio herrera,34986087,70,6611
2026-09-13T16:03Z,ante budimir,62437284,60,6635
2026-09-13T16:03Z,aimar oroz,9885330,0,7203
2026-09-13T16:03Z,jon moncayola,7597996,70,7204
2026-09-13T16:03Z,robert navarro,6024440,100,7293
2026-09-13T16:03Z,yuri berchiche,14155196,100,735
2026-09-13T16:03Z,aitor paredes,12651470,0,7916
2026-09-13T16:03Z,victor chust,4608109,100,8273
2026-09-13T16:03Z,luka sucic,9290972,50,8392
2026-09-13T16:03Z,antonio blanco,20094654,80,8737
2026-09-13T16:03Z,johan mojica,15608312,80,899
2026-09-13T16:03Z,matias dituro,9143866,100,9161
2026-09-13T16:03Z,giuliano simeone,38178779,70,9276
2026-09-13T16:03Z,luismi cruz,9006246,80,9772
2026-09-13T16:03Z,adrian rodriguez,613322,5,9897
2026-09-13T16:03Z,roberto fernandez,27420659,80,9987
2026-09-13T16:03Z,edin terzic,2757027,,e169
2026-09-13T16:03Z,juan funes,691184,,e172
2026-09-13T16:14Z,pablo barrios,54609981,0,10005
2026-09-13T16:14Z,omar el hilali,14179599,70,10220
2026-09-13T16:14Z,orri steinn oskarsson,7463423,50,10660
2026-09-13T16:14Z,abel bretones,9627930,70,11230
2026-09-13T16:14Z,11766,,,11766
2026-09-13T16:14Z,pablo campos,630060,0,11807
2026-09-13T16:14Z,natan,30318358,80,11813
2026-09-13T16:14Z,iñigo arguibide,3462936,50,12823
2026-09-13T16:14Z,alexis ciria,632198,,14019
2026-09-13T16:14Z,nicolas valentini,674519,50,14979
2026-09-13T16:14Z,salvi esquivel,539831,,15422
2026-09-13T16:14Z,miguel sierra,4685008,50,16236
2026-09-13T16:14Z,unai lopez,13658050,50,1881
2026-09-13T16:14Z,david soria,35986583,95,1919
2026-09-13T16:14Z,alex berenguer,10161351,0,3204
2026-09-13T16:14Z,gabriel jesus,28057126,0,3724
2026-09-13T16:14Z,edu exposito,29243705,50,3738
2026-09-13T16:14Z,enes unal,18495589,80,3751
2026-09-13T16:14Z,toni martinez,19082269,70,5032
2026-09-13T16:14Z,mujaid sadick,3964077,30,5228
2026-09-13T16:14Z,cucho hernandez,35964688,50,5546
2026-09-13T16:14Z,adria pedrosa,2550229,70,5587
2026-09-13T16:14Z,sergio herrera,34986087,70,6611
2026-09-13T16:14Z,ante budimir,62437284,60,6635
2026-09-13T16:14Z,aimar oroz,9885330,0,7203
2026-09-13T16:14Z,jon moncayola,7597996,70,7204
2026-09-13T16:14Z,robert navarro,6024440,100,7293
2026-09-13T16:14Z,yuri berchiche,14155196,100,735
2026-09-13T16:14Z,aitor paredes,12651470,0,7916
2026-09-13T16:14Z,victor chust,4608109,100,8273
2026-09-13T16:14Z,luka sucic,9290972,50,8392
2026-09-13T16:14Z,antonio blanco,20094654,80,8737
2026-09-13T16:14Z,johan mojica,15608312,80,899
2026-09-13T16:14Z,matias dituro,9143866,100,9161
2026-09-13T16:14Z,giuliano simeone,38178779,70,9276
2026-09-13T16:14Z,luismi cruz,9006246,80,9772
2026-09-13T16:14Z,adrian rodriguez,613322,5,9897
2026-09-13T16:14Z,roberto fernandez,27420659,80,9987
2026-09-13T16:14Z,edin terzic,2757027,,e169
2026-09-13T16:14Z,juan funes,691184,,e172
2026-09-13T16:18Z,pablo barrios,54609981,0,10005
2026-09-13T16:18Z,omar el hilali,14179599,70,10220
2026-09-13T16:18Z,orri steinn oskarsson,7463423,50,10660
2026-09-13T16:18Z,abel bretones,9627930,70,11230
2026-09-13T16:18Z,11766,,,11766
2026-09-13T16:18Z,pablo campos,630060,0,11807
2026-09-13T16:18Z,natan,30318358,80,11813
2026-09-13T16:18Z,iñigo arguibide,3462936,50,12823
2026-09-13T16:18Z,alexis ciria,632198,,14019
2026-09-13T16:18Z,nicolas valentini,674519,50,14979
2026-09-13T16:18Z,salvi esquivel,539831,,15422
2026-09-13T16:18Z,miguel sierra,4685008,50,16236
2026-09-13T16:18Z,unai lopez,13658050,50,1881
2026-09-13T16:18Z,david soria,35986583,95,1919
2026-09-13T16:18Z,alex berenguer,10161351,0,3204
2026-09-13T16:18Z,gabriel jesus,28057126,0,3724
2026-09-13T16:18Z,edu exposito,29243705,50,3738
2026-09-13T16:18Z,enes unal,18495589,80,3751
2026-09-13T16:18Z,toni martinez,19082269,70,5032
2026-09-13T16:18Z,mujaid sadick,3964077,30,5228
2026-09-13T16:18Z,cucho hernandez,35964688,50,5546
2026-09-13T16:18Z,adria pedrosa,2550229,70,5587
2026-09-13T16:18Z,sergio herrera,34986087,70,6611
2026-09-13T16:18Z,ante budimir,62437284,60,6635
2026-09-13T16:18Z,aimar oroz,9885330,0,7203
2026-09-13T16:18Z,jon moncayola,7597996,70,7204
2026-09-13T16:18Z,robert navarro,6024440,100,7293
2026-09-13T16:18Z,yuri berchiche,14155196,100,735
2026-09-13T16:18Z,aitor paredes,12651470,0,7916
2026-09-13T16:18Z,victor chust,4608109,100,8273
2026-09-13T16:18Z,luka sucic,9290972,50,8392
2026-09-13T16:18Z,antonio blanco,20094654,80,8737
2026-09-13T16:18Z,johan mojica,15608312,80,899
2026-09-13T16:18Z,matias dituro,9143866,100,9161
2026-09-13T16:18Z,giuliano simeone,38178779,70,9276
2026-09-13T16:18Z,luismi cruz,9006246,80,9772
2026-09-13T16:18Z,adrian rodriguez,613322,5,9897
2026-09-13T16:18Z,roberto fernandez,27420659,80,9987
2026-09-13T16:18Z,edin terzic,2757027,,e169
2026-09-13T16:18Z,juan funes,691184,,e172
2026-09-13T16:22Z,pablo barrios,54609981,0,10005
2026-09-13T16:22Z,omar el hilali,14179599,70,10220
2026-09-13T16:22Z,orri steinn oskarsson,7463423,50,10660
2026-09-13T16:22Z,abel bretones,9627930,70,11230
2026-09-13T16:22Z,11766,,,11766
2026-09-13T16:22Z,pablo campos,630060,0,11807
2026-09-13T16:22Z,natan,30318358,80,11813
2026-09-13T16:22Z,iñigo arguibide,3462936,50,12823
2026-09-13T16:22Z,alexis ciria,632198,,14019
2026-09-13T16:22Z,nicolas valentini,674519,50,14979
2026-09-13T16:22Z,salvi esquivel,539831,,15422
2026-09-13T16:22Z,miguel sierra,4685008,50,16236
2026-09-13T16:22Z,unai lopez,13658050,50,1881
2026-09-13T16:22Z,david soria,35986583,95,1919
2026-09-13T16:22Z,alex berenguer,10161351,0,3204
2026-09-13T16:22Z,gabriel jesus,28057126,0,3724
2026-09-13T16:22Z,edu exposito,29243705,50,3738
2026-09-13T16:22Z,enes unal,18495589,80,3751
2026-09-13T16:22Z,toni martinez,19082269,70,5032
2026-09-13T16:22Z,mujaid sadick,3964077,30,5228
2026-09-13T16:22Z,cucho hernandez,35964688,50,5546
2026-09-13T16:22Z,adria pedrosa,2550229,70,5587
2026-09-13T16:22Z,sergio herrera,34986087,70,6611
2026-09-13T16:22Z,ante budimir,62437284,60,6635
2026-09-13T16:22Z,aimar oroz,9885330,0,7203
2026-09-13T16:22Z,jon moncayola,7597996,70,7204
2026-09-13T16:22Z,robert navarro,6024440,100,7293
2026-09-13T16:22Z,yuri berchiche,14155196,100,735
2026-09-13T16:22Z,aitor paredes,12651470,0,7916
2026-09-13T16:22Z,victor chust,4608109,100,8273
2026-09-13T16:22Z,luka sucic,9290972,50,8392
2026-09-13T16:22Z,antonio blanco,20094654,80,8737
2026-09-13T16:22Z,johan mojica,15608312,80,899
2026-09-13T16:22Z,matias dituro,9143866,100,9161
2026-09-13T16:22Z,giuliano simeone,38178779,70,9276
2026-09-13T16:22Z,luismi cruz,9006246,80,9772
2026-09-13T16:22Z,adrian rodriguez,613322,5,9897
2026-09-13T16:22Z,roberto fernandez,27420659,80,9987
2026-09-13T16:22Z,edin terzic,2757027,,e169
2026-09-13T16:22Z,juan funes,691184,,e172
2026-09-13T16:36Z,pablo barrios,54609981,0,10005
2026-09-13T16:36Z,omar el hilali,14179599,70,10220
2026-09-13T16:36Z,orri steinn oskarsson,7463423,50,10660
2026-09-13T16:36Z,abel bretones,9627930,70,11230
2026-09-13T16:36Z,11766,,,11766
2026-09-13T16:36Z,pablo campos,630060,0,11807
2026-09-13T16:36Z,natan,30318358,80,11813
2026-09-13T16:36Z,iñigo arguibide,3462936,50,12823
2026-09-13T16:36Z,alexis ciria,632198,,14019
2026-09-13T16:36Z,nicolas valentini,674519,50,14979
2026-09-13T16:36Z,salvi esquivel,539831,,15422
2026-09-13T16:36Z,miguel sierra,4685008,50,16236
2026-09-13T16:36Z,unai lopez,13658050,50,1881
2026-09-13T16:36Z,david soria,35986583,95,1919
2026-09-13T16:36Z,alex berenguer,10161351,0,3204
2026-09-13T16:36Z,gabriel jesus,28057126,0,3724
2026-09-13T16:36Z,edu exposito,29243705,50,3738
2026-09-13T16:36Z,enes unal,18495589,80,3751
2026-09-13T16:36Z,toni martinez,19082269,70,5032
2026-09-13T16:36Z,mujaid sadick,3964077,30,5228
2026-09-13T16:36Z,cucho hernandez,35964688,50,5546
2026-09-13T16:36Z,adria pedrosa,2550229,70,5587
2026-09-13T16:36Z,sergio herrera,34986087,70,6611
2026-09-13T16:36Z,ante budimir,62437284,60,6635
2026-09-13T16:36Z,aimar oroz,9885330,0,7203
2026-09-13T16:36Z,jon moncayola,7597996,70,7204
2026-09-13T16:36Z,robert navarro,6024440,100,7293
2026-09-13T16:36Z,yuri berchiche,14155196,100,735
2026-09-13T16:36Z,aitor paredes,12651470,0,7916
2026-09-13T16:36Z,victor chust,4608109,100,8273
2026-09-13T16:36Z,luka sucic,9290972,50,8392
2026-09-13T16:36Z,antonio blanco,20094654,80,8737
2026-09-13T16:36Z,johan mojica,15608312,80,899
2026-09-13T16:36Z,matias dituro,9143866,100,9161
2026-09-13T16:36Z,giuliano simeone,38178779,70,9276
2026-09-13T16:36Z,luismi cruz,9006246,80,9772
2026-09-13T16:36Z,adrian rodriguez,613322,5,9897
2026-09-13T16:36Z,roberto fernandez,27420659,80,9987
2026-09-13T16:36Z,edin terzic,2757027,,e169
2026-09-13T16:36Z,juan funes,691184,,e172
2026-09-13T16:40Z,pablo barrios,54609981,0,10005
2026-09-13T16:40Z,omar el hilali,14179599,70,10220
2026-09-13T16:40Z,orri steinn oskarsson,7463423,50,10660
2026-09-13T16:40Z,abel bretones,9627930,70,11230
2026-09-13T16:40Z,11766,,,11766
2026-09-13T16:40Z,pablo campos,630060,0,11807
2026-09-13T16:40Z,natan,30318358,80,11813
2026-09-13T16:40Z,iñigo arguibide,3462936,50,12823
2026-09-13T16:40Z,alexis ciria,632198,,14019
2026-09-13T16:40Z,nicolas valentini,674519,50,14979
2026-09-13T16:40Z,salvi esquivel,539831,,15422
2026-09-13T16:40Z,miguel sierra,4685008,50,16236
2026-09-13T16:40Z,unai lopez,13658050,50,1881
2026-09-13T16:40Z,david soria,35986583,95,1919
2026-09-13T16:40Z,alex berenguer,10161351,0,3204
2026-09-13T16:40Z,gabriel jesus,28057126,0,3724
2026-09-13T16:40Z,edu exposito,29243705,50,3738
2026-09-13T16:40Z,enes unal,18495589,80,3751
2026-09-13T16:40Z,toni martinez,19082269,70,5032
2026-09-13T16:40Z,mujaid sadick,3964077,30,5228
2026-09-13T16:40Z,cucho hernandez,35964688,50,5546
2026-09-13T16:40Z,adria pedrosa,2550229,70,5587
2026-09-13T16:40Z,sergio herrera,34986087,70,6611
2026-09-13T16:40Z,ante budimir,62437284,60,6635
2026-09-13T16:40Z,aimar oroz,9885330,0,7203
2026-09-13T16:40Z,jon moncayola,7597996,70,7204
2026-09-13T16:40Z,robert navarro,6024440,100,7293
2026-09-13T16:40Z,yuri berchiche,14155196,100,735
2026-09-13T16:40Z,aitor paredes,12651470,0,7916
2026-09-13T16:40Z,victor chust,4608109,100,8273
2026-09-13T16:40Z,luka sucic,9290972,50,8392
2026-09-13T16:40Z,antonio blanco,20094654,80,8737
2026-09-13T16:40Z,johan mojica,15608312,80,899
2026-09-13T16:40Z,matias dituro,9143866,100,9161
2026-09-13T16:40Z,giuliano simeone,38178779,70,9276
2026-09-13T16:40Z,luismi cruz,9006246,80,9772
2026-09-13T16:40Z,adrian rodriguez,613322,5,9897
2026-09-13T16:40Z,roberto fernandez,27420659,80,9987
2026-09-13T16:40Z,edin terzic,2757027,,e169
2026-09-13T16:40Z,juan funes,691184,,e172
2026-09-13T17:54Z,pablo barrios,54609981,0,10005
2026-09-13T17:54Z,omar el hilali,14179599,70,10220
2026-09-13T17:54Z,orri steinn oskarsson,7463423,50,10660
2026-09-13T17:54Z,abel bretones,9627930,70,11230
2026-09-13T17:54Z,11766,,,11766
2026-09-13T17:54Z,pablo campos,630060,0,11807
2026-09-13T17:54Z,natan,30318358,80,11813
2026-09-13T17:54Z,iñigo arguibide,3462936,50,12823
2026-09-13T17:54Z,alexis ciria,632198,,14019
2026-09-13T17:54Z,nicolas valentini,674519,50,14979
2026-09-13T17:54Z,salvi esquivel,539831,,15422
2026-09-13T17:54Z,miguel sierra,4685008,50,16236
2026-09-13T17:54Z,unai lopez,13658050,50,1881
2026-09-13T17:54Z,david soria,35986583,95,1919
2026-09-13T17:54Z,alex berenguer,10161351,0,3204
2026-09-13T17:54Z,gabriel jesus,28057126,0,3724
2026-09-13T17:54Z,edu exposito,29243705,50,3738
2026-09-13T17:54Z,enes unal,18495589,80,3751
2026-09-13T17:54Z,toni martinez,19082269,70,5032
2026-09-13T17:54Z,mujaid sadick,3964077,30,5228
2026-09-13T17:54Z,cucho hernandez,35964688,50,5546
2026-09-13T17:54Z,adria pedrosa,2550229,70,5587
2026-09-13T17:54Z,sergio herrera,34986087,70,6611
2026-09-13T17:54Z,ante budimir,62437284,60,6635
2026-09-13T17:54Z,aimar oroz,9885330,0,7203
2026-09-13T17:54Z,jon moncayola,7597996,70,7204
2026-09-13T17:54Z,robert navarro,6024440,100,7293
2026-09-13T17:54Z,yuri berchiche,14155196,100,735
2026-09-13T17:54Z,aitor paredes,12651470,0,7916
2026-09-13T17:54Z,victor chust,4608109,100,8273
2026-09-13T17:54Z,luka sucic,9290972,50,8392
2026-09-13T17:54Z,antonio blanco,20094654,80,8737
2026-09-13T17:54Z,johan mojica,15608312,80,899
2026-09-13T17:54Z,matias dituro,9143866,100,9161
2026-09-13T17:54Z,giuliano simeone,38178779,70,9276
2026-09-13T17:54Z,luismi cruz,9006246,80,9772
2026-09-13T17:54Z,adrian rodriguez,613322,5,9897
2026-09-13T17:54Z,roberto fernandez,27420659,80,9987
2026-09-13T17:54Z,edin terzic,2757027,,e169
2026-09-13T17:54Z,juan funes,691184,,e172
2026-09-14T05:03Z,pablo barrios,54609981,0,10005
2026-09-14T05:03Z,omar el hilali,14179599,70,10220
2026-09-14T05:03Z,orri steinn oskarsson,7463423,50,10660
2026-09-14T05:03Z,abel bretones,9627930,70,11230
2026-09-14T05:03Z,11766,,,11766
2026-09-14T05:03Z,pablo campos,630060,0,11807
2026-09-14T05:03Z,natan,30318358,80,11813
2026-09-14T05:03Z,iñigo arguibide,3462936,50,12823
2026-09-14T05:03Z,alexis ciria,632198,,14019
2026-09-14T05:03Z,nicolas valentini,674519,50,14979
2026-09-14T05:03Z,salvi esquivel,539831,,15422
2026-09-14T05:03Z,miguel sierra,4685008,50,16236
2026-09-14T05:03Z,unai lopez,13658050,50,1881
2026-09-14T05:03Z,david soria,35986583,95,1919
2026-09-14T05:03Z,alex berenguer,10161351,0,3204
2026-09-14T05:03Z,gabriel jesus,28057126,0,3724
2026-09-14T05:03Z,edu exposito,29243705,50,3738
2026-09-14T05:03Z,enes unal,18495589,80,3751
2026-09-14T05:03Z,toni martinez,19082269,70,5032
2026-09-14T05:03Z,mujaid sadick,3964077,30,5228
2026-09-14T05:03Z,cucho hernandez,35964688,50,5546
2026-09-14T05:03Z,adria pedrosa,2550229,70,5587
2026-09-14T05:03Z,sergio herrera,34986087,70,6611
2026-09-14T05:03Z,ante budimir,62437284,60,6635
2026-09-14T05:03Z,aimar oroz,9885330,0,7203
2026-09-14T05:03Z,jon moncayola,7597996,70,7204
2026-09-14T05:03Z,robert navarro,6024440,100,7293
2026-09-14T05:03Z,yuri berchiche,14155196,100,735
2026-09-14T05:03Z,aitor paredes,12651470,0,7916
2026-09-14T05:03Z,victor chust,4608109,100,8273
2026-09-14T05:03Z,luka sucic,9290972,50,8392
2026-09-14T05:03Z,antonio blanco,20094654,80,8737
2026-09-14T05:03Z,johan mojica,15608312,80,899
2026-09-14T05:03Z,matias dituro,9143866,100,9161
2026-09-14T05:03Z,giuliano simeone,38178779,70,9276
2026-09-14T05:03Z,luismi cruz,9006246,80,9772
2026-09-14T05:03Z,adrian rodriguez,613322,5,9897
2026-09-14T05:03Z,roberto fernandez,27420659,80,9987
2026-09-14T05:03Z,edin terzic,2757027,,e169
2026-09-14T05:03Z,juan funes,691184,,e172
2026-09-14T05:40Z,omar el hilali,15003730,70,10220
2026-09-14T05:40Z,marc aguado,4274602,70,10358
2026-09-14T05:40Z,abel bretones,9767913,70,11230
2026-09-14T05:40Z,natan,29972197,80,11813
2026-09-14T05:40Z,matteo prati,3132310,70,11857
2026-09-14T05:40Z,dani requena,980018,20,12598
2026-09-14T05:40Z,adrian molina,527605,,13813
2026-09-14T05:40Z,javier hernandez,15265058,50,14024
2026-09-14T05:40Z,miguel sierra,4853343,50,16236
2026-09-14T05:40Z,bil nsongo,7583045,50,16863
2026-09-14T05:40Z,mathew ryan,28634963,95,1743
2026-09-14T05:40Z,robbie ure,11867879,70,18314
2026-09-14T05:40Z,unai lopez,14130790,50,1881
2026-09-14T05:40Z,david soria,36008227,95,1919
2026-09-14T05:40Z,edu exposito,30046194,50,3738
2026-09-14T05:40Z,adria pedrosa,2505631,70,5587
2026-09-14T05:40Z,ionut radu,40392907,90,5978
2026-09-14T05:40Z,david hancko,37897896,60,5995
2026-09-14T05:40Z,ante budimir,62928532,60,6635
2026-09-14T05:40Z,iker losada,1176416,0,7201
2026-09-14T05:40Z,jon moncayola,7529312,70,7204
2026-09-14T05:40Z,robert navarro,6670381,50,7293
2026-09-14T05:40Z,yuri berchiche,14483461,50,735
2026-09-14T05:40Z,aitor paredes,12801115,50,7916
2026-09-14T05:40Z,victor chust,4564215,60,8273
2026-09-14T05:40Z,luka sucic,9421990,70,8392
2026-09-14T05:40Z,jesus vazquez,1745088,70,8684
2026-09-14T05:40Z,antonio blanco,20188408,80,8737
2026-09-14T05:40Z,ramon terrats,7697677,70,8944
2026-09-14T05:40Z,matias dituro,9147377,90,9161
2026-09-14T05:40Z,haitam abaida,420118,0,9321
2026-09-14T05:40Z,luismi cruz,9003692,70,9772
2026-09-14T05:40Z,roberto fernandez,29352208,80,9987
2026-09-14T05:40Z,luis miguel ramis,730763,,e123
2026-09-14T05:40Z,beñat san jose,784685,,e173
2026-09-14T05:53Z,omar el hilali,15003730,70,10220
2026-09-14T05:53Z,marc aguado,4274602,70,10358
2026-09-14T05:53Z,abel bretones,9767913,70,11230
2026-09-14T05:53Z,natan,29972197,80,11813
2026-09-14T05:53Z,matteo prati,3132310,70,11857
2026-09-14T05:53Z,dani requena,980018,20,12598
2026-09-14T05:53Z,adrian molina,527605,,13813
2026-09-14T05:53Z,javier hernandez,15265058,50,14024
2026-09-14T05:53Z,miguel sierra,4853343,50,16236
2026-09-14T05:53Z,bil nsongo,7583045,50,16863
2026-09-14T05:53Z,mathew ryan,28634963,95,1743
2026-09-14T05:53Z,robbie ure,11867879,70,18314
2026-09-14T05:53Z,unai lopez,14130790,50,1881
2026-09-14T05:53Z,david soria,36008227,95,1919
2026-09-14T05:53Z,edu exposito,30046194,50,3738
2026-09-14T05:53Z,adria pedrosa,2505631,70,5587
2026-09-14T05:53Z,david hancko,37897896,60,5995
2026-09-14T05:53Z,ante budimir,62928532,60,6635
2026-09-14T05:53Z,iker losada,1176416,0,7201
2026-09-14T05:53Z,jon moncayola,7529312,70,7204
2026-09-14T05:53Z,robert navarro,6670381,50,7293
2026-09-14T05:53Z,yuri berchiche,14483461,50,735
2026-09-14T05:53Z,aitor paredes,12801115,50,7916
2026-09-14T05:53Z,victor chust,4564215,60,8273
2026-09-14T05:53Z,luka sucic,9421990,70,8392
2026-09-14T05:53Z,jesus vazquez,1745088,70,8684
2026-09-14T05:53Z,antonio blanco,20188408,80,8737
2026-09-14T05:53Z,ramon terrats,7697677,70,8944
2026-09-14T05:53Z,matias dituro,9147377,90,9161
2026-09-14T05:53Z,haitam abaida,420118,0,9321
2026-09-14T05:53Z,luismi cruz,9003692,70,9772
2026-09-14T05:53Z,roberto fernandez,29352208,80,9987
2026-09-14T05:53Z,luis miguel ramis,730763,,e123
2026-09-14T05:53Z,beñat san jose,784685,,e173
2026-09-14T08:03Z,omar el hilali,15003730,70,10220
2026-09-14T08:03Z,marc aguado,4274602,70,10358
2026-09-14T08:03Z,abel bretones,9767913,70,11230
2026-09-14T08:03Z,natan,29972197,80,11813
2026-09-14T08:03Z,matteo prati,3132310,70,11857
2026-09-14T08:03Z,dani requena,980018,20,12598
2026-09-14T08:03Z,adrian molina,527605,,13813
2026-09-14T08:03Z,javier hernandez,15265058,50,14024
2026-09-14T08:03Z,miguel sierra,4853343,50,16236
2026-09-14T08:03Z,bil nsongo,7583045,50,16863
2026-09-14T08:03Z,mathew ryan,28634963,95,1743
2026-09-14T08:03Z,robbie ure,11867879,70,18314
2026-09-14T08:03Z,unai lopez,14130790,50,1881
2026-09-14T08:03Z,david soria,36008227,95,1919
2026-09-14T08:03Z,edu exposito,30046194,50,3738
2026-09-14T08:03Z,adria pedrosa,2505631,70,5587
2026-09-14T08:03Z,david hancko,37897896,60,5995
2026-09-14T08:03Z,ante budimir,62928532,60,6635
2026-09-14T08:03Z,iker losada,1176416,0,7201
2026-09-14T08:03Z,jon moncayola,7529312,70,7204
2026-09-14T08:03Z,robert navarro,6670381,50,7293
2026-09-14T08:03Z,yuri berchiche,14483461,50,735
2026-09-14T08:03Z,aitor paredes,12801115,50,7916
2026-09-14T08:03Z,victor chust,4564215,60,8273
2026-09-14T08:03Z,luka sucic,9421990,70,8392
2026-09-14T08:03Z,jesus vazquez,1745088,70,8684
2026-09-14T08:03Z,antonio blanco,20188408,80,8737
2026-09-14T08:03Z,ramon terrats,7697677,70,8944
2026-09-14T08:03Z,matias dituro,9147377,90,9161
2026-09-14T08:03Z,haitam abaida,420118,0,9321
2026-09-14T08:03Z,luismi cruz,9003692,70,9772
2026-09-14T08:03Z,roberto fernandez,29352208,80,9987
2026-09-14T08:03Z,luis miguel ramis,730763,,e123
2026-09-14T08:03Z,beñat san jose,784685,,e173
2026-09-14T17:52Z,omar el hilali,15003730,70,10220
2026-09-14T17:52Z,marc aguado,4274602,50,10358
2026-09-14T17:52Z,abel bretones,9767913,70,11230
2026-09-14T17:52Z,natan,29972197,80,11813
2026-09-14T17:52Z,matteo prati,3132310,70,11857
2026-09-14T17:52Z,dani requena,980018,20,12598
2026-09-14T17:52Z,adrian molina,527605,,13813
2026-09-14T17:52Z,javier hernandez,15265058,50,14024
2026-09-14T17:52Z,miguel sierra,4853343,50,16236
2026-09-14T17:52Z,bil nsongo,7583045,50,16863
2026-09-14T17:52Z,mathew ryan,28634963,95,1743
2026-09-14T17:52Z,robbie ure,11867879,70,18314
2026-09-14T17:52Z,unai lopez,14130790,60,1881
2026-09-14T17:52Z,david soria,36008227,95,1919
2026-09-14T17:52Z,mariano diaz,16957930,40,3226
2026-09-14T17:52Z,adria pedrosa,2505631,70,5587
2026-09-14T17:52Z,david hancko,37897896,70,5995
2026-09-14T17:52Z,rodrigo riquelme,16955536,30,6450
2026-09-14T17:52Z,ante budimir,62928532,50,6635
2026-09-14T17:52Z,iker losada,1176416,0,7201
2026-09-14T17:52Z,jon moncayola,7529312,70,7204
2026-09-14T17:52Z,robert navarro,6670381,70,7293
2026-09-14T17:52Z,yuri berchiche,14483461,50,735
2026-09-14T17:52Z,aitor paredes,12801115,50,7916
2026-09-14T17:52Z,victor chust,4564215,60,8273
2026-09-14T17:52Z,luka sucic,9421990,70,8392
2026-09-14T17:52Z,jesus vazquez,1745088,70,8684
2026-09-14T17:52Z,antonio blanco,20188408,80,8737
2026-09-14T17:52Z,ramon terrats,7697677,70,8944
2026-09-14T17:52Z,haitam abaida,420118,0,9321
2026-09-14T17:52Z,luismi cruz,9003692,50,9772
2026-09-14T17:52Z,nahuel tenaglia,34054571,50,9909
2026-09-14T17:52Z,roberto fernandez,29352208,80,9987
2026-09-14T17:52Z,luis miguel ramis,730763,,e123
2026-09-14T17:52Z,beñat san jose,784685,,e173
2026-09-14T17:57Z,omar el hilali,15003730,70,10220
2026-09-14T17:57Z,marc aguado,4274602,50,10358
2026-09-14T17:57Z,abel bretones,9767913,70,11230
2026-09-14T17:57Z,natan,29972197,80,11813
2026-09-14T17:57Z,matteo prati,3132310,70,11857
2026-09-14T17:57Z,dani requena,980018,20,12598
2026-09-14T17:57Z,adrian molina,527605,,13813
2026-09-14T17:57Z,javier hernandez,15265058,50,14024
2026-09-14T17:57Z,miguel sierra,4853343,50,16236
2026-09-14T17:57Z,bil nsongo,7583045,50,16863
2026-09-14T17:57Z,mathew ryan,28634963,95,1743
2026-09-14T17:57Z,robbie ure,11867879,70,18314
2026-09-14T17:57Z,unai lopez,14130790,60,1881
2026-09-14T17:57Z,david soria,36008227,95,1919
2026-09-14T17:57Z,mariano diaz,16957930,40,3226
2026-09-14T17:57Z,adria pedrosa,2505631,70,5587
2026-09-14T17:57Z,david hancko,37897896,70,5995
2026-09-14T17:57Z,rodrigo riquelme,16955536,30,6450
2026-09-14T17:57Z,ante budimir,62928532,50,6635
2026-09-14T17:57Z,iker losada,1176416,0,7201
2026-09-14T17:57Z,jon moncayola,7529312,70,7204
2026-09-14T17:57Z,robert navarro,6670381,70,7293
2026-09-14T17:57Z,yuri berchiche,14483461,50,735
2026-09-14T17:57Z,aitor paredes,12801115,50,7916
2026-09-14T17:57Z,victor chust,4564215,60,8273
2026-09-14T17:57Z,luka sucic,9421990,70,8392
2026-09-14T17:57Z,jesus vazquez,1745088,70,8684
2026-09-14T17:57Z,antonio blanco,20188408,80,8737
2026-09-14T17:57Z,ramon terrats,7697677,70,8944
2026-09-14T17:57Z,haitam abaida,420118,0,9321
2026-09-14T17:57Z,luismi cruz,9003692,50,9772
2026-09-14T17:57Z,nahuel tenaglia,34054571,50,9909
2026-09-14T17:57Z,roberto fernandez,29352208,80,9987
2026-09-14T17:57Z,luis miguel ramis,730763,,e123
2026-09-14T17:57Z,beñat san jose,784685,,e173
2026-09-14T17:59Z,omar el hilali,15003730,70,10220
2026-09-14T17:59Z,marc aguado,4274602,50,10358
2026-09-14T17:59Z,abel bretones,9767913,70,11230
2026-09-14T17:59Z,natan,29972197,80,11813
2026-09-14T17:59Z,matteo prati,3132310,70,11857
2026-09-14T17:59Z,dani requena,980018,20,12598
2026-09-14T17:59Z,adrian molina,527605,,13813
2026-09-14T17:59Z,javier hernandez,15265058,50,14024
2026-09-14T17:59Z,miguel sierra,4853343,50,16236
2026-09-14T17:59Z,bil nsongo,7583045,50,16863
2026-09-14T17:59Z,mathew ryan,28634963,95,1743
2026-09-14T17:59Z,robbie ure,11867879,70,18314
2026-09-14T17:59Z,unai lopez,14130790,60,1881
2026-09-14T17:59Z,david soria,36008227,95,1919
2026-09-14T17:59Z,mariano diaz,16957930,40,3226
2026-09-14T17:59Z,adria pedrosa,2505631,70,5587
2026-09-14T17:59Z,david hancko,37897896,70,5995
2026-09-14T17:59Z,rodrigo riquelme,16955536,30,6450
2026-09-14T17:59Z,ante budimir,62928532,50,6635
2026-09-14T17:59Z,iker losada,1176416,0,7201
2026-09-14T17:59Z,jon moncayola,7529312,70,7204
2026-09-14T17:59Z,robert navarro,6670381,70,7293
2026-09-14T17:59Z,yuri berchiche,14483461,50,735
2026-09-14T17:59Z,aitor paredes,12801115,50,7916
2026-09-14T17:59Z,victor chust,4564215,60,8273
2026-09-14T17:59Z,luka sucic,9421990,70,8392
2026-09-14T17:59Z,jesus vazquez,1745088,70,8684
2026-09-14T17:59Z,antonio blanco,20188408,80,8737
2026-09-14T17:59Z,ramon terrats,7697677,70,8944
2026-09-14T17:59Z,haitam abaida,420118,0,9321
2026-09-14T17:59Z,luismi cruz,9003692,50,9772
2026-09-14T17:59Z,nahuel tenaglia,34054571,50,9909
2026-09-14T17:59Z,roberto fernandez,29352208,80,9987
2026-09-14T17:59Z,luis miguel ramis,730763,,e123
2026-09-14T17:59Z,beñat san jose,784685,,e173
2026-09-14T18:09Z,omar el hilali,15003730,70,10220
2026-09-14T18:09Z,marc aguado,4274602,50,10358
2026-09-14T18:09Z,abel bretones,9767913,70,11230
2026-09-14T18:09Z,natan,29972197,80,11813
2026-09-14T18:09Z,matteo prati,3132310,70,11857
2026-09-14T18:09Z,dani requena,980018,20,12598
2026-09-14T18:09Z,adrian molina,527605,,13813
2026-09-14T18:09Z,javier hernandez,15265058,50,14024
2026-09-14T18:09Z,miguel sierra,4853343,50,16236
2026-09-14T18:09Z,bil nsongo,7583045,50,16863
2026-09-14T18:09Z,mathew ryan,28634963,95,1743
2026-09-14T18:09Z,robbie ure,11867879,70,18314
2026-09-14T18:09Z,unai lopez,14130790,60,1881
2026-09-14T18:09Z,david soria,36008227,95,1919
2026-09-14T18:09Z,mariano diaz,16957930,40,3226
2026-09-14T18:09Z,adria pedrosa,2505631,70,5587
2026-09-14T18:09Z,david hancko,37897896,70,5995
2026-09-14T18:09Z,rodrigo riquelme,16955536,30,6450
2026-09-14T18:09Z,ante budimir,62928532,50,6635
2026-09-14T18:09Z,iker losada,1176416,0,7201
2026-09-14T18:09Z,jon moncayola,7529312,70,7204
2026-09-14T18:09Z,robert navarro,6670381,70,7293
2026-09-14T18:09Z,yuri berchiche,14483461,50,735
2026-09-14T18:09Z,aitor paredes,12801115,50,7916
2026-09-14T18:09Z,victor chust,4564215,60,8273
2026-09-14T18:09Z,luka sucic,9421990,70,8392
2026-09-14T18:09Z,jesus vazquez,1745088,70,8684
2026-09-14T18:09Z,antonio blanco,20188408,80,8737
2026-09-14T18:09Z,ramon terrats,7697677,70,8944
2026-09-14T18:09Z,haitam abaida,420118,0,9321
2026-09-14T18:09Z,luismi cruz,9003692,50,9772
2026-09-14T18:09Z,nahuel tenaglia,34054571,50,9909
2026-09-14T18:09Z,roberto fernandez,29352208,80,9987
2026-09-14T18:09Z,luis miguel ramis,730763,,e123
2026-09-14T18:09Z,beñat san jose,784685,,e173
2026-09-14T18:35Z,omar el hilali,15003730,70,10220
2026-09-14T18:35Z,marc aguado,4274602,50,10358
2026-09-14T18:35Z,abel bretones,9767913,70,11230
2026-09-14T18:35Z,natan,29972197,80,11813
2026-09-14T18:35Z,matteo prati,3132310,70,11857
2026-09-14T18:35Z,dani requena,980018,20,12598
2026-09-14T18:35Z,adrian molina,527605,,13813
2026-09-14T18:35Z,javier hernandez,15265058,50,14024
2026-09-14T18:35Z,miguel sierra,4853343,50,16236
2026-09-14T18:35Z,bil nsongo,7583045,50,16863
2026-09-14T18:35Z,mathew ryan,28634963,95,1743
2026-09-14T18:35Z,robbie ure,11867879,70,18314
2026-09-14T18:35Z,unai lopez,14130790,60,1881
2026-09-14T18:35Z,david soria,36008227,95,1919
2026-09-14T18:35Z,mariano diaz,16957930,40,3226
2026-09-14T18:35Z,adria pedrosa,2505631,70,5587
2026-09-14T18:35Z,david hancko,37897896,70,5995
2026-09-14T18:35Z,rodrigo riquelme,16955536,30,6450
2026-09-14T18:35Z,ante budimir,62928532,50,6635
2026-09-14T18:35Z,iker losada,1176416,0,7201
2026-09-14T18:35Z,jon moncayola,7529312,70,7204
2026-09-14T18:35Z,robert navarro,6670381,70,7293
2026-09-14T18:35Z,yuri berchiche,14483461,50,735
2026-09-14T18:35Z,aitor paredes,12801115,50,7916
2026-09-14T18:35Z,victor chust,4564215,60,8273
2026-09-14T18:35Z,luka sucic,9421990,70,8392
2026-09-14T18:35Z,jesus vazquez,1745088,70,8684
2026-09-14T18:35Z,antonio blanco,20188408,80,8737
2026-09-14T18:35Z,ramon terrats,7697677,70,8944
2026-09-14T18:35Z,haitam abaida,420118,0,9321
2026-09-14T18:35Z,luismi cruz,9003692,50,9772
2026-09-14T18:35Z,nahuel tenaglia,34054571,50,9909
2026-09-14T18:35Z,roberto fernandez,29352208,80,9987
2026-09-14T18:35Z,luis miguel ramis,730763,,e123
2026-09-14T18:35Z,beñat san jose,784685,,e173
2026-09-14T18:46Z,omar el hilali,15003730,70,10220
2026-09-14T18:46Z,marc aguado,4274602,50,10358
2026-09-14T18:46Z,abel bretones,9767913,70,11230
2026-09-14T18:46Z,natan,29972197,80,11813
2026-09-14T18:46Z,matteo prati,3132310,70,11857
2026-09-14T18:46Z,dani requena,980018,20,12598
2026-09-14T18:46Z,adrian molina,527605,,13813
2026-09-14T18:46Z,javier hernandez,15265058,50,14024
2026-09-14T18:46Z,miguel sierra,4853343,50,16236
2026-09-14T18:46Z,bil nsongo,7583045,50,16863
2026-09-14T18:46Z,mathew ryan,28634963,95,1743
2026-09-14T18:46Z,robbie ure,11867879,70,18314
2026-09-14T18:46Z,unai lopez,14130790,60,1881
2026-09-14T18:46Z,david soria,36008227,95,1919
2026-09-14T18:46Z,mariano diaz,16957930,40,3226
2026-09-14T18:46Z,adria pedrosa,2505631,70,5587
2026-09-14T18:46Z,david hancko,37897896,70,5995
2026-09-14T18:46Z,rodrigo riquelme,16955536,30,6450
2026-09-14T18:46Z,ante budimir,62928532,50,6635
2026-09-14T18:46Z,iker losada,1176416,0,7201
2026-09-14T18:46Z,jon moncayola,7529312,70,7204
2026-09-14T18:46Z,robert navarro,6670381,70,7293
2026-09-14T18:46Z,yuri berchiche,14483461,50,735
2026-09-14T18:46Z,aitor paredes,12801115,50,7916
2026-09-14T18:46Z,victor chust,4564215,60,8273
2026-09-14T18:46Z,luka sucic,9421990,70,8392
2026-09-14T18:46Z,jesus vazquez,1745088,70,8684
2026-09-14T18:46Z,antonio blanco,20188408,80,8737
2026-09-14T18:46Z,ramon terrats,7697677,70,8944
2026-09-14T18:46Z,haitam abaida,420118,0,9321
2026-09-14T18:46Z,luismi cruz,9003692,50,9772
2026-09-14T18:46Z,nahuel tenaglia,34054571,50,9909
2026-09-14T18:46Z,roberto fernandez,29352208,80,9987
2026-09-14T18:46Z,luis miguel ramis,730763,,e123
2026-09-14T18:46Z,beñat san jose,784685,,e173
2026-09-14T20:02Z,omar el hilali,15003730,70,10220
2026-09-14T20:02Z,marc aguado,4274602,50,10358
2026-09-14T20:02Z,abel bretones,9767913,70,11230
2026-09-14T20:02Z,natan,29972197,80,11813
2026-09-14T20:02Z,matteo prati,3132310,70,11857
2026-09-14T20:02Z,dani requena,980018,20,12598
2026-09-14T20:02Z,adrian molina,527605,,13813
2026-09-14T20:02Z,javier hernandez,15265058,50,14024
2026-09-14T20:02Z,miguel sierra,4853343,50,16236
2026-09-14T20:02Z,bil nsongo,7583045,50,16863
2026-09-14T20:02Z,mathew ryan,28634963,95,1743
2026-09-14T20:02Z,robbie ure,11867879,70,18314
2026-09-14T20:02Z,unai lopez,14130790,60,1881
2026-09-14T20:02Z,david soria,36008227,95,1919
2026-09-14T20:02Z,mariano diaz,16957930,40,3226
2026-09-14T20:02Z,adria pedrosa,2505631,70,5587
2026-09-14T20:02Z,david hancko,37897896,70,5995
2026-09-14T20:02Z,rodrigo riquelme,16955536,30,6450
2026-09-14T20:02Z,ante budimir,62928532,50,6635
2026-09-14T20:02Z,iker losada,1176416,0,7201
2026-09-14T20:02Z,jon moncayola,7529312,70,7204
2026-09-14T20:02Z,robert navarro,6670381,70,7293
2026-09-14T20:02Z,yuri berchiche,14483461,50,735
2026-09-14T20:02Z,aitor paredes,12801115,50,7916
2026-09-14T20:02Z,victor chust,4564215,60,8273
2026-09-14T20:02Z,luka sucic,9421990,70,8392
2026-09-14T20:02Z,jesus vazquez,1745088,70,8684
2026-09-14T20:02Z,antonio blanco,20188408,80,8737
2026-09-14T20:02Z,ramon terrats,7697677,70,8944
2026-09-14T20:02Z,haitam abaida,420118,0,9321
2026-09-14T20:02Z,luismi cruz,9003692,50,9772
2026-09-14T20:02Z,nahuel tenaglia,34054571,50,9909
2026-09-14T20:02Z,roberto fernandez,29352208,80,9987
2026-09-14T20:02Z,luis miguel ramis,730763,,e123
2026-09-14T20:02Z,beñat san jose,784685,,e173
2026-09-15T05:46Z,abel bretones,9902425,70,11230
2026-09-15T05:46Z,hector fort,3391714,30,11577
2026-09-15T05:46Z,natan,29682294,60,11813
2026-09-15T05:46Z,couhaib driouech,2884383,30,14199
2026-09-15T05:46Z,nacho perez,2172219,70,16020
2026-09-15T05:46Z,valentin gomez,1651536,50,16203
2026-09-15T05:46Z,miguel sierra,4967585,50,16236
2026-09-15T05:46Z,mathew ryan,29081326,95,1743
2026-09-15T05:46Z,juani,1127082,,18225
2026-09-15T05:46Z,josan ferrandez,620896,30,1859
2026-09-15T05:46Z,unai lopez,14538664,70,1881
2026-09-15T05:46Z,david soria,35909042,95,1919
2026-09-15T05:46Z,mariano diaz,17833790,40,3226
2026-09-15T05:46Z,diego rico,2386841,30,3235
2026-09-15T05:46Z,iñigo ruiz de galarreta,16057329,50,44
2026-09-15T05:46Z,alexander sorloth,9742533,10,5134
2026-09-15T05:46Z,adria pedrosa,2493716,70,5587
2026-09-15T05:46Z,rodrigo riquelme,17341754,50,6450
2026-09-15T05:46Z,ante budimir,62732630,50,6635
2026-09-15T05:46Z,robert navarro,7268534,70,7293
2026-09-15T05:46Z,yuri berchiche,14690114,50,735
2026-09-15T05:46Z,aitor paredes,12938432,50,7916
2026-09-15T05:46Z,victor chust,4522602,60,8273
2026-09-15T05:46Z,luka sucic,9829516,70,8392
2026-09-15T05:46Z,florian lejeune,21283244,80,863
2026-09-15T05:46Z,antonio blanco,20212320,80,8737
2026-09-15T05:46Z,roger brugue,4284670,50,9157
2026-09-15T05:46Z,matias dituro,9198731,90,9161
2026-09-15T05:46Z,luismi cruz,9231497,50,9772
2026-09-15T05:46Z,nahuel tenaglia,34243030,70,9909
2026-09-15T05:46Z,javi guerra,19176371,70,9927
2026-09-15T05:46Z,roberto fernandez,30968470,80,9987
2026-09-15T05:46Z,hansi flick,4509106,,e103
2026-09-15T06:23Z,abel bretones,9902425,70,11230
2026-09-15T06:23Z,hector fort,3391714,30,11577
2026-09-15T06:23Z,natan,29682294,60,11813
2026-09-15T06:23Z,couhaib driouech,2884383,30,14199
2026-09-15T06:23Z,nacho perez,2172219,70,16020
2026-09-15T06:23Z,valentin gomez,1651536,50,16203
2026-09-15T06:23Z,miguel sierra,4967585,50,16236
2026-09-15T06:23Z,mathew ryan,29081326,95,1743
2026-09-15T06:23Z,juani,1127082,,18225
2026-09-15T06:23Z,josan ferrandez,620896,30,1859
2026-09-15T06:23Z,unai lopez,14538664,70,1881
2026-09-15T06:23Z,david soria,35909042,95,1919
2026-09-15T06:23Z,mariano diaz,17833790,40,3226
2026-09-15T06:23Z,diego rico,2386841,30,3235
2026-09-15T06:23Z,iñigo ruiz de galarreta,16057329,50,44
2026-09-15T06:23Z,alexander sorloth,9742533,10,5134
2026-09-15T06:23Z,adria pedrosa,2493716,70,5587
2026-09-15T06:23Z,rodrigo riquelme,17341754,50,6450
2026-09-15T06:23Z,ante budimir,62732630,50,6635
2026-09-15T06:23Z,robert navarro,7268534,70,7293
2026-09-15T06:23Z,yuri berchiche,14690114,50,735
2026-09-15T06:23Z,aitor paredes,12938432,50,7916
2026-09-15T06:23Z,victor chust,4522602,60,8273
2026-09-15T06:23Z,luka sucic,9829516,70,8392
2026-09-15T06:23Z,florian lejeune,21283244,80,863
2026-09-15T06:23Z,antonio blanco,20212320,80,8737
2026-09-15T06:23Z,roger brugue,4284670,50,9157
2026-09-15T06:23Z,matias dituro,9198731,90,9161
2026-09-15T06:23Z,luismi cruz,9231497,50,9772
2026-09-15T06:23Z,nahuel tenaglia,34243030,70,9909
2026-09-15T06:23Z,javi guerra,19176371,70,9927
2026-09-15T06:23Z,roberto fernandez,30968470,80,9987
2026-09-15T06:23Z,hansi flick,4509106,,e103
2026-09-15T06:54Z,abel bretones,9902425,70,11230
2026-09-15T06:54Z,hector fort,3391714,30,11577
2026-09-15T06:54Z,natan,29682294,60,11813
2026-09-15T06:54Z,couhaib driouech,2884383,30,14199
2026-09-15T06:54Z,nacho perez,2172219,70,16020
2026-09-15T06:54Z,valentin gomez,1651536,50,16203
2026-09-15T06:54Z,miguel sierra,4967585,50,16236
2026-09-15T06:54Z,mathew ryan,29081326,95,1743
2026-09-15T06:54Z,juani,1127082,,18225
2026-09-15T06:54Z,josan ferrandez,620896,30,1859
2026-09-15T06:54Z,unai lopez,14538664,70,1881
2026-09-15T06:54Z,david soria,35909042,95,1919
2026-09-15T06:54Z,mariano diaz,17833790,40,3226
2026-09-15T06:54Z,diego rico,2386841,30,3235
2026-09-15T06:54Z,iñigo ruiz de galarreta,16057329,50,44
2026-09-15T06:54Z,alexander sorloth,9742533,10,5134
2026-09-15T06:54Z,adria pedrosa,2493716,70,5587
2026-09-15T06:54Z,rodrigo riquelme,17341754,50,6450
2026-09-15T06:54Z,ante budimir,62732630,50,6635
2026-09-15T06:54Z,robert navarro,7268534,70,7293
2026-09-15T06:54Z,yuri berchiche,14690114,50,735
2026-09-15T06:54Z,aitor paredes,12938432,50,7916
2026-09-15T06:54Z,victor chust,4522602,60,8273
2026-09-15T06:54Z,luka sucic,9829516,70,8392
2026-09-15T06:54Z,florian lejeune,21283244,80,863
2026-09-15T06:54Z,antonio blanco,20212320,80,8737
2026-09-15T06:54Z,roger brugue,4284670,50,9157
2026-09-15T06:54Z,matias dituro,9198731,90,9161
2026-09-15T06:54Z,luismi cruz,9231497,50,9772
2026-09-15T06:54Z,nahuel tenaglia,34243030,70,9909
2026-09-15T06:54Z,javi guerra,19176371,70,9927
2026-09-15T06:54Z,roberto fernandez,30968470,80,9987
2026-09-15T06:54Z,hansi flick,4509106,,e103
2026-09-15T07:16Z,abel bretones,9902425,70,11230
2026-09-15T07:16Z,hector fort,3391714,30,11577
2026-09-15T07:16Z,natan,29682294,60,11813
2026-09-15T07:16Z,couhaib driouech,2884383,30,14199
2026-09-15T07:16Z,nacho perez,2172219,70,16020
2026-09-15T07:16Z,valentin gomez,1651536,50,16203
2026-09-15T07:16Z,miguel sierra,4967585,50,16236
2026-09-15T07:16Z,mathew ryan,29081326,95,1743
2026-09-15T07:16Z,juani,1127082,,18225
2026-09-15T07:16Z,josan ferrandez,620896,30,1859
2026-09-15T07:16Z,unai lopez,14538664,70,1881
2026-09-15T07:16Z,david soria,35909042,95,1919
2026-09-15T07:16Z,mariano diaz,17833790,40,3226
2026-09-15T07:16Z,diego rico,2386841,30,3235
2026-09-15T07:16Z,iñigo ruiz de galarreta,16057329,50,44
2026-09-15T07:16Z,alexander sorloth,9742533,10,5134
2026-09-15T07:16Z,adria pedrosa,2493716,70,5587
2026-09-15T07:16Z,rodrigo riquelme,17341754,50,6450
2026-09-15T07:16Z,ante budimir,62732630,50,6635
2026-09-15T07:16Z,robert navarro,7268534,70,7293
2026-09-15T07:16Z,yuri berchiche,14690114,50,735
2026-09-15T07:16Z,aitor paredes,12938432,50,7916
2026-09-15T07:16Z,victor chust,4522602,60,8273
2026-09-15T07:16Z,luka sucic,9829516,70,8392
2026-09-15T07:16Z,florian lejeune,21283244,80,863
2026-09-15T07:16Z,antonio blanco,20212320,80,8737
2026-09-15T07:16Z,roger brugue,4284670,50,9157
2026-09-15T07:16Z,matias dituro,9198731,90,9161
2026-09-15T07:16Z,luismi cruz,9231497,50,9772
2026-09-15T07:16Z,nahuel tenaglia,34243030,70,9909
2026-09-15T07:16Z,javi guerra,19176371,70,9927
2026-09-15T07:16Z,roberto fernandez,30968470,80,9987
2026-09-15T07:16Z,hansi flick,4509106,,e103
2026-09-15T07:36Z,abel bretones,9902425,70,11230
2026-09-15T07:36Z,hector fort,3391714,30,11577
2026-09-15T07:36Z,natan,29682294,60,11813
2026-09-15T07:36Z,couhaib driouech,2884383,30,14199
2026-09-15T07:36Z,nacho perez,2172219,70,16020
2026-09-15T07:36Z,valentin gomez,1651536,50,16203
2026-09-15T07:36Z,miguel sierra,4967585,50,16236
2026-09-15T07:36Z,mathew ryan,29081326,95,1743
2026-09-15T07:36Z,juani,1127082,,18225
2026-09-15T07:36Z,josan ferrandez,620896,30,1859
2026-09-15T07:36Z,unai lopez,14538664,70,1881
2026-09-15T07:36Z,david soria,35909042,95,1919
2026-09-15T07:36Z,mariano diaz,17833790,40,3226
2026-09-15T07:36Z,diego rico,2386841,30,3235
2026-09-15T07:36Z,iñigo ruiz de galarreta,16057329,50,44
2026-09-15T07:36Z,alexander sorloth,9742533,10,5134
2026-09-15T07:36Z,adria pedrosa,2493716,70,5587
2026-09-15T07:36Z,rodrigo riquelme,17341754,50,6450
2026-09-15T07:36Z,ante budimir,62732630,50,6635
2026-09-15T07:36Z,robert navarro,7268534,70,7293
2026-09-15T07:36Z,yuri berchiche,14690114,50,735
2026-09-15T07:36Z,aitor paredes,12938432,50,7916
2026-09-15T07:36Z,victor chust,4522602,60,8273
2026-09-15T07:36Z,luka sucic,9829516,70,8392
2026-09-15T07:36Z,florian lejeune,21283244,80,863
2026-09-15T07:36Z,antonio blanco,20212320,80,8737
2026-09-15T07:36Z,roger brugue,4284670,50,9157
2026-09-15T07:36Z,matias dituro,9198731,90,9161
2026-09-15T07:36Z,luismi cruz,9231497,50,9772
2026-09-15T07:36Z,nahuel tenaglia,34243030,70,9909
2026-09-15T07:36Z,javi guerra,19176371,70,9927
2026-09-15T07:36Z,roberto fernandez,30968470,80,9987
2026-09-15T07:36Z,hansi flick,4509106,,e103
2026-09-15T07:48Z,abel bretones,9902425,70,11230
2026-09-15T07:48Z,hector fort,3391714,30,11577
2026-09-15T07:48Z,natan,29682294,60,11813
2026-09-15T07:48Z,couhaib driouech,2884383,30,14199
2026-09-15T07:48Z,nacho perez,2172219,70,16020
2026-09-15T07:48Z,valentin gomez,1651536,50,16203
2026-09-15T07:48Z,miguel sierra,4967585,50,16236
2026-09-15T07:48Z,mathew ryan,29081326,95,1743
2026-09-15T07:48Z,juani,1127082,,18225
2026-09-15T07:48Z,josan ferrandez,620896,30,1859
2026-09-15T07:48Z,unai lopez,14538664,70,1881
2026-09-15T07:48Z,david soria,35909042,95,1919
2026-09-15T07:48Z,mariano diaz,17833790,40,3226
2026-09-15T07:48Z,diego rico,2386841,30,3235
2026-09-15T07:48Z,iñigo ruiz de galarreta,16057329,50,44
2026-09-15T07:48Z,alexander sorloth,9742533,10,5134
2026-09-15T07:48Z,adria pedrosa,2493716,70,5587
2026-09-15T07:48Z,rodrigo riquelme,17341754,50,6450
2026-09-15T07:48Z,ante budimir,62732630,50,6635
2026-09-15T07:48Z,robert navarro,7268534,70,7293
2026-09-15T07:48Z,yuri berchiche,14690114,50,735
2026-09-15T07:48Z,aitor paredes,12938432,50,7916
2026-09-15T07:48Z,victor chust,4522602,60,8273
2026-09-15T07:48Z,luka sucic,9829516,70,8392
2026-09-15T07:48Z,florian lejeune,21283244,80,863
2026-09-15T07:48Z,antonio blanco,20212320,80,8737
2026-09-15T07:48Z,roger brugue,4284670,50,9157
2026-09-15T07:48Z,matias dituro,9198731,90,9161
2026-09-15T07:48Z,luismi cruz,9231497,50,9772
2026-09-15T07:48Z,nahuel tenaglia,34243030,70,9909
2026-09-15T07:48Z,javi guerra,19176371,70,9927
2026-09-15T07:48Z,roberto fernandez,30968470,80,9987
2026-09-15T07:48Z,hansi flick,4509106,,e103
2026-09-15T08:02Z,abel bretones,9902425,70,11230
2026-09-15T08:02Z,hector fort,3391714,30,11577
2026-09-15T08:02Z,natan,29682294,60,11813
2026-09-15T08:02Z,couhaib driouech,2884383,30,14199
2026-09-15T08:02Z,nacho perez,2172219,70,16020
2026-09-15T08:02Z,valentin gomez,1651536,50,16203
2026-09-15T08:02Z,miguel sierra,4967585,50,16236
2026-09-15T08:02Z,juani,1127082,,18225
2026-09-15T08:02Z,josan ferrandez,620896,30,1859
2026-09-15T08:02Z,unai lopez,14538664,70,1881
2026-09-15T08:02Z,david soria,35909042,95,1919
2026-09-15T08:02Z,mariano diaz,17833790,40,3226
2026-09-15T08:02Z,diego rico,2386841,30,3235
2026-09-15T08:02Z,iñigo ruiz de galarreta,16057329,50,44
2026-09-15T08:02Z,alexander sorloth,9742533,10,5134
2026-09-15T08:02Z,adria pedrosa,2493716,70,5587
2026-09-15T08:02Z,rodrigo riquelme,17341754,50,6450
2026-09-15T08:02Z,ante budimir,62732630,50,6635
2026-09-15T08:02Z,robert navarro,7268534,70,7293
2026-09-15T08:02Z,yuri berchiche,14690114,50,735
2026-09-15T08:02Z,aitor paredes,12938432,50,7916
2026-09-15T08:02Z,victor chust,4522602,60,8273
2026-09-15T08:02Z,luka sucic,9829516,70,8392
2026-09-15T08:02Z,florian lejeune,21283244,80,863
2026-09-15T08:02Z,antonio blanco,20212320,80,8737
2026-09-15T08:02Z,roger brugue,4284670,50,9157
2026-09-15T08:02Z,matias dituro,9198731,90,9161
2026-09-15T08:02Z,luismi cruz,9231497,50,9772
2026-09-15T08:02Z,nahuel tenaglia,34243030,70,9909
2026-09-15T08:02Z,javi guerra,19176371,70,9927
2026-09-15T08:02Z,roberto fernandez,30968470,80,9987
2026-09-15T08:02Z,hansi flick,4509106,,e103
2026-09-15T08:04Z,abel bretones,9902425,70,11230
2026-09-15T08:04Z,hector fort,3391714,30,11577
2026-09-15T08:04Z,natan,29682294,60,11813
2026-09-15T08:04Z,couhaib driouech,2884383,30,14199
2026-09-15T08:04Z,nacho perez,2172219,70,16020
2026-09-15T08:04Z,valentin gomez,1651536,50,16203
2026-09-15T08:04Z,miguel sierra,4967585,50,16236
2026-09-15T08:04Z,juani,1127082,,18225
2026-09-15T08:04Z,josan ferrandez,620896,30,1859
2026-09-15T08:04Z,unai lopez,14538664,70,1881
2026-09-15T08:04Z,david soria,35909042,95,1919
2026-09-15T08:04Z,mariano diaz,17833790,40,3226
2026-09-15T08:04Z,diego rico,2386841,30,3235
2026-09-15T08:04Z,iñigo ruiz de galarreta,16057329,50,44
2026-09-15T08:04Z,alexander sorloth,9742533,10,5134
2026-09-15T08:04Z,adria pedrosa,2493716,70,5587
2026-09-15T08:04Z,rodrigo riquelme,17341754,50,6450
2026-09-15T08:04Z,ante budimir,62732630,50,6635
2026-09-15T08:04Z,robert navarro,7268534,70,7293
2026-09-15T08:04Z,yuri berchiche,14690114,50,735
2026-09-15T08:04Z,aitor paredes,12938432,50,7916
2026-09-15T08:04Z,victor chust,4522602,60,8273
2026-09-15T08:04Z,luka sucic,9829516,70,8392
2026-09-15T08:04Z,florian lejeune,21283244,80,863
2026-09-15T08:04Z,antonio blanco,20212320,80,8737
2026-09-15T08:04Z,roger brugue,4284670,50,9157
2026-09-15T08:04Z,matias dituro,9198731,90,9161
2026-09-15T08:04Z,luismi cruz,9231497,50,9772
2026-09-15T08:04Z,nahuel tenaglia,34243030,70,9909
2026-09-15T08:04Z,javi guerra,19176371,70,9927
2026-09-15T08:04Z,roberto fernandez,30968470,80,9987
2026-09-15T08:04Z,hansi flick,4509106,,e103
2026-09-15T08:08Z,abel bretones,9902425,70,11230
2026-09-15T08:08Z,hector fort,3391714,30,11577
2026-09-15T08:08Z,natan,29682294,60,11813
2026-09-15T08:08Z,couhaib driouech,2884383,30,14199
2026-09-15T08:08Z,nacho perez,2172219,70,16020
2026-09-15T08:08Z,valentin gomez,1651536,50,16203
2026-09-15T08:08Z,miguel sierra,4967585,50,16236
2026-09-15T08:08Z,juani,1127082,,18225
2026-09-15T08:08Z,josan ferrandez,620896,30,1859
2026-09-15T08:08Z,unai lopez,14538664,70,1881
2026-09-15T08:08Z,david soria,35909042,95,1919
2026-09-15T08:08Z,mariano diaz,17833790,40,3226
2026-09-15T08:08Z,diego rico,2386841,30,3235
2026-09-15T08:08Z,iñigo ruiz de galarreta,16057329,50,44
2026-09-15T08:08Z,alexander sorloth,9742533,10,5134
2026-09-15T08:08Z,adria pedrosa,2493716,70,5587
2026-09-15T08:08Z,rodrigo riquelme,17341754,50,6450
2026-09-15T08:08Z,ante budimir,62732630,50,6635
2026-09-15T08:08Z,robert navarro,7268534,70,7293
2026-09-15T08:08Z,yuri berchiche,14690114,50,735
2026-09-15T08:08Z,aitor paredes,12938432,50,7916
2026-09-15T08:08Z,victor chust,4522602,60,8273
2026-09-15T08:08Z,luka sucic,9829516,70,8392
2026-09-15T08:08Z,florian lejeune,21283244,80,863
2026-09-15T08:08Z,antonio blanco,20212320,80,8737
2026-09-15T08:08Z,roger brugue,4284670,50,9157
2026-09-15T08:08Z,matias dituro,9198731,90,9161
2026-09-15T08:08Z,luismi cruz,9231497,50,9772
2026-09-15T08:08Z,nahuel tenaglia,34243030,70,9909
2026-09-15T08:08Z,javi guerra,19176371,70,9927
2026-09-15T08:08Z,roberto fernandez,30968470,80,9987
2026-09-15T08:08Z,hansi flick,4509106,,e103
2026-09-15T08:16Z,abel bretones,9902425,70,11230
2026-09-15T08:16Z,hector fort,3391714,30,11577
2026-09-15T08:16Z,natan,29682294,60,11813
2026-09-15T08:16Z,couhaib driouech,2884383,30,14199
2026-09-15T08:16Z,nacho perez,2172219,70,16020
2026-09-15T08:16Z,valentin gomez,1651536,50,16203
2026-09-15T08:16Z,miguel sierra,4967585,50,16236
2026-09-15T08:16Z,juani,1127082,,18225
2026-09-15T08:16Z,josan ferrandez,620896,30,1859
2026-09-15T08:16Z,unai lopez,14538664,70,1881
2026-09-15T08:16Z,david soria,35909042,95,1919
2026-09-15T08:16Z,mariano diaz,17833790,40,3226
2026-09-15T08:16Z,diego rico,2386841,30,3235
2026-09-15T08:16Z,iñigo ruiz de galarreta,16057329,50,44
2026-09-15T08:16Z,alexander sorloth,9742533,10,5134
2026-09-15T08:16Z,adria pedrosa,2493716,70,5587
2026-09-15T08:16Z,rodrigo riquelme,17341754,50,6450
2026-09-15T08:16Z,ante budimir,62732630,50,6635
2026-09-15T08:16Z,robert navarro,7268534,70,7293
2026-09-15T08:16Z,yuri berchiche,14690114,50,735
2026-09-15T08:16Z,aitor paredes,12938432,50,7916
2026-09-15T08:16Z,victor chust,4522602,60,8273
2026-09-15T08:16Z,luka sucic,9829516,70,8392
2026-09-15T08:16Z,florian lejeune,21283244,80,863
2026-09-15T08:16Z,antonio blanco,20212320,80,8737
2026-09-15T08:16Z,roger brugue,4284670,50,9157
2026-09-15T08:16Z,matias dituro,9198731,90,9161
2026-09-15T08:16Z,luismi cruz,9231497,50,9772
2026-09-15T08:16Z,nahuel tenaglia,34243030,70,9909
2026-09-15T08:16Z,javi guerra,19176371,70,9927
2026-09-15T08:16Z,roberto fernandez,30968470,80,9987
2026-09-15T08:16Z,hansi flick,4509106,,e103
2026-09-15T08:31Z,abel bretones,9902425,70,11230
2026-09-15T08:31Z,hector fort,3391714,30,11577
2026-09-15T08:31Z,natan,29682294,60,11813
2026-09-15T08:31Z,couhaib driouech,2884383,30,14199
2026-09-15T08:31Z,nacho perez,2172219,70,16020
2026-09-15T08:31Z,valentin gomez,1651536,50,16203
2026-09-15T08:31Z,miguel sierra,4967585,50,16236
2026-09-15T08:31Z,juani,1127082,,18225
2026-09-15T08:31Z,josan ferrandez,620896,30,1859
2026-09-15T08:31Z,unai lopez,14538664,70,1881
2026-09-15T08:31Z,david soria,35909042,95,1919
2026-09-15T08:31Z,mariano diaz,17833790,40,3226
2026-09-15T08:31Z,diego rico,2386841,30,3235
2026-09-15T08:31Z,iñigo ruiz de galarreta,16057329,50,44
2026-09-15T08:31Z,alexander sorloth,9742533,10,5134
2026-09-15T08:31Z,adria pedrosa,2493716,70,5587
2026-09-15T08:31Z,rodrigo riquelme,17341754,50,6450
2026-09-15T08:31Z,ante budimir,62732630,50,6635
2026-09-15T08:31Z,robert navarro,7268534,70,7293
2026-09-15T08:31Z,yuri berchiche,14690114,50,735
2026-09-15T08:31Z,aitor paredes,12938432,50,7916
2026-09-15T08:31Z,victor chust,4522602,60,8273
2026-09-15T08:31Z,luka sucic,9829516,70,8392
2026-09-15T08:31Z,florian lejeune,21283244,80,863
2026-09-15T08:31Z,antonio blanco,20212320,80,8737
2026-09-15T08:31Z,roger brugue,4284670,50,9157
2026-09-15T08:31Z,matias dituro,9198731,90,9161
2026-09-15T08:31Z,luismi cruz,9231497,50,9772
2026-09-15T08:31Z,nahuel tenaglia,34243030,70,9909
2026-09-15T08:31Z,javi guerra,19176371,70,9927
2026-09-15T08:31Z,roberto fernandez,30968470,80,9987
2026-09-15T08:31Z,hansi flick,4509106,,e103
2026-09-15T08:46Z,abel bretones,9902425,70,11230
2026-09-15T08:46Z,hector fort,3391714,30,11577
2026-09-15T08:46Z,natan,29682294,60,11813
2026-09-15T08:46Z,couhaib driouech,2884383,30,14199
2026-09-15T08:46Z,nacho perez,2172219,70,16020
2026-09-15T08:46Z,valentin gomez,1651536,50,16203
2026-09-15T08:46Z,miguel sierra,4967585,50,16236
2026-09-15T08:46Z,juani,1127082,,18225
2026-09-15T08:46Z,josan ferrandez,620896,30,1859
2026-09-15T08:46Z,unai lopez,14538664,70,1881
2026-09-15T08:46Z,david soria,35909042,95,1919
2026-09-15T08:46Z,mariano diaz,17833790,40,3226
2026-09-15T08:46Z,diego rico,2386841,30,3235
2026-09-15T08:46Z,iñigo ruiz de galarreta,16057329,50,44
2026-09-15T08:46Z,alexander sorloth,9742533,10,5134
2026-09-15T08:46Z,adria pedrosa,2493716,70,5587
2026-09-15T08:46Z,rodrigo riquelme,17341754,50,6450
2026-09-15T08:46Z,ante budimir,62732630,50,6635
2026-09-15T08:46Z,robert navarro,7268534,70,7293
2026-09-15T08:46Z,yuri berchiche,14690114,50,735
2026-09-15T08:46Z,aitor paredes,12938432,50,7916
2026-09-15T08:46Z,victor chust,4522602,60,8273
2026-09-15T08:46Z,luka sucic,9829516,70,8392
2026-09-15T08:46Z,florian lejeune,21283244,80,863
2026-09-15T08:46Z,antonio blanco,20212320,80,8737
2026-09-15T08:46Z,roger brugue,4284670,50,9157
2026-09-15T08:46Z,matias dituro,9198731,90,9161
2026-09-15T08:46Z,luismi cruz,9231497,50,9772
2026-09-15T08:46Z,nahuel tenaglia,34243030,70,9909
2026-09-15T08:46Z,javi guerra,19176371,70,9927
2026-09-15T08:46Z,roberto fernandez,30968470,80,9987
2026-09-15T08:46Z,hansi flick,4509106,,e103
2026-09-15T08:48Z,abel bretones,9902425,70,11230
2026-09-15T08:48Z,hector fort,3391714,30,11577
2026-09-15T08:48Z,natan,29682294,60,11813
2026-09-15T08:48Z,couhaib driouech,2884383,30,14199
2026-09-15T08:48Z,nacho perez,2172219,70,16020
2026-09-15T08:48Z,valentin gomez,1651536,50,16203
2026-09-15T08:48Z,miguel sierra,4967585,50,16236
2026-09-15T08:48Z,juani,1127082,,18225
2026-09-15T08:48Z,josan ferrandez,620896,30,1859
2026-09-15T08:48Z,unai lopez,14538664,70,1881
2026-09-15T08:48Z,david soria,35909042,95,1919
2026-09-15T08:48Z,mariano diaz,17833790,40,3226
2026-09-15T08:48Z,diego rico,2386841,30,3235
2026-09-15T08:48Z,iñigo ruiz de galarreta,16057329,50,44
2026-09-15T08:48Z,alexander sorloth,9742533,10,5134
2026-09-15T08:48Z,adria pedrosa,2493716,70,5587
2026-09-15T08:48Z,rodrigo riquelme,17341754,50,6450
2026-09-15T08:48Z,ante budimir,62732630,50,6635
2026-09-15T08:48Z,robert navarro,7268534,70,7293
2026-09-15T08:48Z,yuri berchiche,14690114,50,735
2026-09-15T08:48Z,aitor paredes,12938432,50,7916
2026-09-15T08:48Z,victor chust,4522602,60,8273
2026-09-15T08:48Z,luka sucic,9829516,70,8392
2026-09-15T08:48Z,florian lejeune,21283244,80,863
2026-09-15T08:48Z,antonio blanco,20212320,80,8737
2026-09-15T08:48Z,roger brugue,4284670,50,9157
2026-09-15T08:48Z,matias dituro,9198731,90,9161
2026-09-15T08:48Z,luismi cruz,9231497,50,9772
2026-09-15T08:48Z,nahuel tenaglia,34243030,70,9909
2026-09-15T08:48Z,javi guerra,19176371,70,9927
2026-09-15T08:48Z,roberto fernandez,30968470,80,9987
2026-09-15T08:48Z,hansi flick,4509106,,e103
2026-09-15T08:52Z,abel bretones,9902425,70,11230
2026-09-15T08:52Z,hector fort,3391714,30,11577
2026-09-15T08:52Z,natan,29682294,60,11813
2026-09-15T08:52Z,couhaib driouech,2884383,30,14199
2026-09-15T08:52Z,nacho perez,2172219,70,16020
2026-09-15T08:52Z,valentin gomez,1651536,50,16203
2026-09-15T08:52Z,miguel sierra,4967585,50,16236
2026-09-15T08:52Z,juani,1127082,,18225
2026-09-15T08:52Z,josan ferrandez,620896,30,1859
2026-09-15T08:52Z,unai lopez,14538664,70,1881
2026-09-15T08:52Z,david soria,35909042,95,1919
2026-09-15T08:52Z,mariano diaz,17833790,40,3226
2026-09-15T08:52Z,diego rico,2386841,30,3235
2026-09-15T08:52Z,iñigo ruiz de galarreta,16057329,50,44
2026-09-15T08:52Z,alexander sorloth,9742533,10,5134
2026-09-15T08:52Z,adria pedrosa,2493716,70,5587
2026-09-15T08:52Z,rodrigo riquelme,17341754,50,6450
2026-09-15T08:52Z,ante budimir,62732630,50,6635
2026-09-15T08:52Z,robert navarro,7268534,70,7293
2026-09-15T08:52Z,yuri berchiche,14690114,50,735
2026-09-15T08:52Z,aitor paredes,12938432,50,7916
2026-09-15T08:52Z,victor chust,4522602,60,8273
2026-09-15T08:52Z,luka sucic,9829516,70,8392
2026-09-15T08:52Z,florian lejeune,21283244,80,863
2026-09-15T08:52Z,antonio blanco,20212320,80,8737
2026-09-15T08:52Z,roger brugue,4284670,50,9157
2026-09-15T08:52Z,matias dituro,9198731,90,9161
2026-09-15T08:52Z,luismi cruz,9231497,50,9772
2026-09-15T08:52Z,nahuel tenaglia,34243030,70,9909
2026-09-15T08:52Z,javi guerra,19176371,70,9927
2026-09-15T08:52Z,roberto fernandez,30968470,80,9987
2026-09-15T08:52Z,hansi flick,4509106,,e103
2026-09-15T09:25Z,abel bretones,9902425,70,11230
2026-09-15T09:25Z,hector fort,3391714,30,11577
2026-09-15T09:25Z,natan,29682294,60,11813
2026-09-15T09:25Z,couhaib driouech,2884383,30,14199
2026-09-15T09:25Z,nacho perez,2172219,70,16020
2026-09-15T09:25Z,valentin gomez,1651536,50,16203
2026-09-15T09:25Z,miguel sierra,4967585,50,16236
2026-09-15T09:25Z,juani,1127082,,18225
2026-09-15T09:25Z,josan ferrandez,620896,30,1859
2026-09-15T09:25Z,unai lopez,14538664,70,1881
2026-09-15T09:25Z,david soria,35909042,95,1919
2026-09-15T09:25Z,mariano diaz,17833790,40,3226
2026-09-15T09:25Z,diego rico,2386841,30,3235
2026-09-15T09:25Z,iñigo ruiz de galarreta,16057329,50,44
2026-09-15T09:25Z,alexander sorloth,9742533,10,5134
2026-09-15T09:25Z,adria pedrosa,2493716,70,5587
2026-09-15T09:25Z,rodrigo riquelme,17341754,50,6450
2026-09-15T09:25Z,ante budimir,62732630,50,6635
2026-09-15T09:25Z,robert navarro,7268534,70,7293
2026-09-15T09:25Z,yuri berchiche,14690114,50,735
2026-09-15T09:25Z,aitor paredes,12938432,50,7916
2026-09-15T09:25Z,victor chust,4522602,60,8273
2026-09-15T09:25Z,luka sucic,9829516,70,8392
2026-09-15T09:25Z,florian lejeune,21283244,80,863
2026-09-15T09:25Z,antonio blanco,20212320,80,8737
2026-09-15T09:25Z,roger brugue,4284670,50,9157
2026-09-15T09:25Z,matias dituro,9198731,90,9161
2026-09-15T09:25Z,luismi cruz,9231497,50,9772
2026-09-15T09:25Z,nahuel tenaglia,34243030,70,9909
2026-09-15T09:25Z,javi guerra,19176371,70,9927
2026-09-15T09:25Z,roberto fernandez,30968470,80,9987
2026-09-15T09:25Z,hansi flick,4509106,,e103
2026-09-15T09:27Z,abel bretones,9902425,70,11230
2026-09-15T09:27Z,hector fort,3391714,30,11577
2026-09-15T09:27Z,natan,29682294,60,11813
2026-09-15T09:27Z,couhaib driouech,2884383,30,14199
2026-09-15T09:27Z,nacho perez,2172219,70,16020
2026-09-15T09:27Z,valentin gomez,1651536,50,16203
2026-09-15T09:27Z,miguel sierra,4967585,50,16236
2026-09-15T09:27Z,juani,1127082,,18225
2026-09-15T09:27Z,josan ferrandez,620896,30,1859
2026-09-15T09:27Z,unai lopez,14538664,70,1881
2026-09-15T09:27Z,david soria,35909042,95,1919
2026-09-15T09:27Z,mariano diaz,17833790,40,3226
2026-09-15T09:27Z,diego rico,2386841,30,3235
2026-09-15T09:27Z,iñigo ruiz de galarreta,16057329,50,44
2026-09-15T09:27Z,alexander sorloth,9742533,10,5134
2026-09-15T09:27Z,adria pedrosa,2493716,70,5587
2026-09-15T09:27Z,rodrigo riquelme,17341754,50,6450
2026-09-15T09:27Z,ante budimir,62732630,50,6635
2026-09-15T09:27Z,robert navarro,7268534,70,7293
2026-09-15T09:27Z,yuri berchiche,14690114,50,735
2026-09-15T09:27Z,aitor paredes,12938432,50,7916
2026-09-15T09:27Z,victor chust,4522602,60,8273
2026-09-15T09:27Z,luka sucic,9829516,70,8392
2026-09-15T09:27Z,florian lejeune,21283244,80,863
2026-09-15T09:27Z,antonio blanco,20212320,80,8737
2026-09-15T09:27Z,roger brugue,4284670,50,9157
2026-09-15T09:27Z,matias dituro,9198731,90,9161
2026-09-15T09:27Z,luismi cruz,9231497,50,9772
2026-09-15T09:27Z,nahuel tenaglia,34243030,70,9909
2026-09-15T09:27Z,javi guerra,19176371,70,9927
2026-09-15T09:27Z,roberto fernandez,30968470,80,9987
2026-09-15T09:27Z,hansi flick,4509106,,e103
2026-09-15T13:26Z,abel bretones,9902425,70,11230
2026-09-15T13:26Z,hector fort,3391714,30,11577
2026-09-15T13:26Z,natan,29682294,,11813
2026-09-15T13:26Z,javier hernandez,15672257,50,14024
2026-09-15T13:26Z,couhaib driouech,2884383,30,14199
2026-09-15T13:26Z,nacho perez,2172219,70,16020
2026-09-15T13:26Z,valentin gomez,1651536,50,16203
2026-09-15T13:26Z,miguel sierra,4967585,70,16236
2026-09-15T13:26Z,juani,1127082,,18225
2026-09-15T13:26Z,josan ferrandez,620896,30,1859
2026-09-15T13:26Z,unai lopez,14538664,70,1881
2026-09-15T13:26Z,david soria,35909042,95,1919
2026-09-15T13:26Z,mariano diaz,17833790,40,3226
2026-09-15T13:26Z,diego rico,2386841,30,3235
2026-09-15T13:26Z,iñigo ruiz de galarreta,16057329,50,44
2026-09-15T13:26Z,alexander sorloth,9742533,10,5134
2026-09-15T13:26Z,adria pedrosa,2493716,70,5587
2026-09-15T13:26Z,david hancko,38046906,70,5995
2026-09-15T13:26Z,rodrigo riquelme,17341754,50,6450
2026-09-15T13:26Z,ante budimir,62732630,50,6635
2026-09-15T13:26Z,robert navarro,7268534,70,7293
2026-09-15T13:26Z,yuri berchiche,14690114,50,735
2026-09-15T13:26Z,aitor paredes,12938432,50,7916
2026-09-15T13:26Z,victor chust,4522602,60,8273
2026-09-15T13:26Z,luka sucic,9829516,70,8392
2026-09-15T13:26Z,florian lejeune,21283244,80,863
2026-09-15T13:26Z,antonio blanco,20212320,80,8737
2026-09-15T13:26Z,ramon terrats,8107075,70,8944
2026-09-15T13:26Z,roger brugue,4284670,50,9157
2026-09-15T13:26Z,matias dituro,9198731,90,9161
2026-09-15T13:26Z,luismi cruz,9231497,50,9772
2026-09-15T13:26Z,nahuel tenaglia,34243030,70,9909
2026-09-15T13:26Z,javi guerra,19176371,70,9927
2026-09-15T13:26Z,roberto fernandez,30968470,80,9987
2026-09-15T13:26Z,hansi flick,4509106,,e103
2026-09-15T16:14Z,abel bretones,9902425,70,11230
2026-09-15T16:14Z,hector fort,3391714,30,11577
2026-09-15T16:14Z,natan,29682294,,11813
2026-09-15T16:14Z,javier hernandez,15672257,50,14024
2026-09-15T16:14Z,couhaib driouech,2884383,30,14199
2026-09-15T16:14Z,nacho perez,2172219,70,16020
2026-09-15T16:14Z,valentin gomez,1651536,50,16203
2026-09-15T16:14Z,miguel sierra,4967585,70,16236
2026-09-15T16:14Z,juani,1127082,,18225
2026-09-15T16:14Z,josan ferrandez,620896,30,1859
2026-09-15T16:14Z,unai lopez,14538664,70,1881
2026-09-15T16:14Z,david soria,35909042,95,1919
2026-09-15T16:14Z,mariano diaz,17833790,40,3226
2026-09-15T16:14Z,diego rico,2386841,30,3235
2026-09-15T16:14Z,iñigo ruiz de galarreta,16057329,50,44
2026-09-15T16:14Z,alexander sorloth,9742533,10,5134
2026-09-15T16:14Z,adria pedrosa,2493716,70,5587
2026-09-15T16:14Z,david hancko,38046906,70,5995
2026-09-15T16:14Z,rodrigo riquelme,17341754,50,6450
2026-09-15T16:14Z,ante budimir,62732630,50,6635
2026-09-15T16:14Z,robert navarro,7268534,70,7293
2026-09-15T16:14Z,yuri berchiche,14690114,50,735
2026-09-15T16:14Z,aitor paredes,12938432,50,7916
2026-09-15T16:14Z,victor chust,4522602,60,8273
2026-09-15T16:14Z,luka sucic,9829516,70,8392
2026-09-15T16:14Z,florian lejeune,21283244,80,863
2026-09-15T16:14Z,antonio blanco,20212320,80,8737
2026-09-15T16:14Z,ramon terrats,8107075,70,8944
2026-09-15T16:14Z,roger brugue,4284670,50,9157
2026-09-15T16:14Z,matias dituro,9198731,90,9161
2026-09-15T16:14Z,luismi cruz,9231497,50,9772
2026-09-15T16:14Z,nahuel tenaglia,34243030,70,9909
2026-09-15T16:14Z,javi guerra,19176371,70,9927
2026-09-15T16:14Z,roberto fernandez,30968470,80,9987
2026-09-15T16:14Z,hansi flick,4509106,,e103
2026-09-15T16:20Z,abel bretones,9902425,70,11230
2026-09-15T16:20Z,hector fort,3391714,30,11577
2026-09-15T16:20Z,natan,29682294,,11813
2026-09-15T16:20Z,javier hernandez,15672257,50,14024
2026-09-15T16:20Z,couhaib driouech,2884383,30,14199
2026-09-15T16:20Z,nacho perez,2172219,70,16020
2026-09-15T16:20Z,valentin gomez,1651536,50,16203
2026-09-15T16:20Z,miguel sierra,4967585,70,16236
2026-09-15T16:20Z,juani,1127082,,18225
2026-09-15T16:20Z,josan ferrandez,620896,30,1859
2026-09-15T16:20Z,unai lopez,14538664,70,1881
2026-09-15T16:20Z,david soria,35909042,95,1919
2026-09-15T16:20Z,mariano diaz,17833790,40,3226
2026-09-15T16:20Z,diego rico,2386841,30,3235
2026-09-15T16:20Z,iñigo ruiz de galarreta,16057329,50,44
2026-09-15T16:20Z,alexander sorloth,9742533,10,5134
2026-09-15T16:20Z,adria pedrosa,2493716,70,5587
2026-09-15T16:20Z,david hancko,38046906,70,5995
2026-09-15T16:20Z,rodrigo riquelme,17341754,50,6450
2026-09-15T16:20Z,ante budimir,62732630,50,6635
2026-09-15T16:20Z,robert navarro,7268534,70,7293
2026-09-15T16:20Z,yuri berchiche,14690114,50,735
2026-09-15T16:20Z,aitor paredes,12938432,50,7916
2026-09-15T16:20Z,victor chust,4522602,60,8273
2026-09-15T16:20Z,luka sucic,9829516,70,8392
2026-09-15T16:20Z,florian lejeune,21283244,80,863
2026-09-15T16:20Z,antonio blanco,20212320,80,8737
2026-09-15T16:20Z,ramon terrats,8107075,70,8944
2026-09-15T16:20Z,roger brugue,4284670,50,9157
2026-09-15T16:20Z,matias dituro,9198731,90,9161
2026-09-15T16:20Z,luismi cruz,9231497,50,9772
2026-09-15T16:20Z,nahuel tenaglia,34243030,70,9909
2026-09-15T16:20Z,javi guerra,19176371,70,9927
2026-09-15T16:20Z,roberto fernandez,30968470,80,9987
2026-09-15T16:20Z,hansi flick,4509106,,e103
2026-09-15T16:27Z,abel bretones,9902425,70,11230
2026-09-15T16:27Z,hector fort,3391714,30,11577
2026-09-15T16:27Z,natan,29682294,,11813
2026-09-15T16:27Z,javier hernandez,15672257,50,14024
2026-09-15T16:27Z,couhaib driouech,2884383,30,14199
2026-09-15T16:27Z,nacho perez,2172219,70,16020
2026-09-15T16:27Z,valentin gomez,1651536,50,16203
2026-09-15T16:27Z,miguel sierra,4967585,70,16236
2026-09-15T16:27Z,juani,1127082,,18225
2026-09-15T16:27Z,josan ferrandez,620896,30,1859
2026-09-15T16:27Z,unai lopez,14538664,70,1881
2026-09-15T16:27Z,david soria,35909042,95,1919
2026-09-15T16:27Z,mariano diaz,17833790,40,3226
2026-09-15T16:27Z,diego rico,2386841,30,3235
2026-09-15T16:27Z,iñigo ruiz de galarreta,16057329,50,44
2026-09-15T16:27Z,alexander sorloth,9742533,10,5134
2026-09-15T16:27Z,adria pedrosa,2493716,70,5587
2026-09-15T16:27Z,david hancko,38046906,70,5995
2026-09-15T16:27Z,rodrigo riquelme,17341754,50,6450
2026-09-15T16:27Z,ante budimir,62732630,50,6635
2026-09-15T16:27Z,robert navarro,7268534,70,7293
2026-09-15T16:27Z,yuri berchiche,14690114,50,735
2026-09-15T16:27Z,aitor paredes,12938432,50,7916
2026-09-15T16:27Z,victor chust,4522602,60,8273
2026-09-15T16:27Z,luka sucic,9829516,70,8392
2026-09-15T16:27Z,florian lejeune,21283244,80,863
2026-09-15T16:27Z,antonio blanco,20212320,80,8737
2026-09-15T16:27Z,ramon terrats,8107075,70,8944
2026-09-15T16:27Z,roger brugue,4284670,50,9157
2026-09-15T16:27Z,matias dituro,9198731,90,9161
2026-09-15T16:27Z,luismi cruz,9231497,50,9772
2026-09-15T16:27Z,nahuel tenaglia,34243030,70,9909
2026-09-15T16:27Z,javi guerra,19176371,70,9927
2026-09-15T16:27Z,roberto fernandez,30968470,80,9987
2026-09-15T16:27Z,hansi flick,4509106,,e103
2026-09-15T16:30Z,abel bretones,9902425,70,11230
2026-09-15T16:30Z,hector fort,3391714,30,11577
2026-09-15T16:30Z,natan,29682294,,11813
2026-09-15T16:30Z,javier hernandez,15672257,50,14024
2026-09-15T16:30Z,couhaib driouech,2884383,30,14199
2026-09-15T16:30Z,nacho perez,2172219,70,16020
2026-09-15T16:30Z,valentin gomez,1651536,50,16203
2026-09-15T16:30Z,miguel sierra,4967585,70,16236
2026-09-15T16:30Z,juani,1127082,,18225
2026-09-15T16:30Z,josan ferrandez,620896,30,1859
2026-09-15T16:30Z,unai lopez,14538664,70,1881
2026-09-15T16:30Z,david soria,35909042,95,1919
2026-09-15T16:30Z,mariano diaz,17833790,40,3226
2026-09-15T16:30Z,diego rico,2386841,30,3235
2026-09-15T16:30Z,iñigo ruiz de galarreta,16057329,50,44
2026-09-15T16:30Z,alexander sorloth,9742533,10,5134
2026-09-15T16:30Z,adria pedrosa,2493716,70,5587
2026-09-15T16:30Z,david hancko,38046906,70,5995
2026-09-15T16:30Z,rodrigo riquelme,17341754,50,6450
2026-09-15T16:30Z,ante budimir,62732630,50,6635
2026-09-15T16:30Z,robert navarro,7268534,70,7293
2026-09-15T16:30Z,yuri berchiche,14690114,50,735
2026-09-15T16:30Z,aitor paredes,12938432,50,7916
2026-09-15T16:30Z,victor chust,4522602,60,8273
2026-09-15T16:30Z,luka sucic,9829516,70,8392
2026-09-15T16:30Z,florian lejeune,21283244,80,863
2026-09-15T16:30Z,antonio blanco,20212320,80,8737
2026-09-15T16:30Z,ramon terrats,8107075,70,8944
2026-09-15T16:30Z,roger brugue,4284670,50,9157
2026-09-15T16:30Z,matias dituro,9198731,90,9161
2026-09-15T16:30Z,luismi cruz,9231497,50,9772
2026-09-15T16:30Z,nahuel tenaglia,34243030,70,9909
2026-09-15T16:30Z,javi guerra,19176371,70,9927
2026-09-15T16:30Z,roberto fernandez,30968470,80,9987
2026-09-15T16:30Z,hansi flick,4509106,,e103
2026-09-15T16:37Z,abel bretones,9902425,70,11230
2026-09-15T16:37Z,hector fort,3391714,30,11577
2026-09-15T16:37Z,natan,29682294,,11813
2026-09-15T16:37Z,javier hernandez,15672257,50,14024
2026-09-15T16:37Z,couhaib driouech,2884383,30,14199
2026-09-15T16:37Z,nacho perez,2172219,70,16020
2026-09-15T16:37Z,valentin gomez,1651536,50,16203
2026-09-15T16:37Z,miguel sierra,4967585,70,16236
2026-09-15T16:37Z,juani,1127082,,18225
2026-09-15T16:37Z,josan ferrandez,620896,30,1859
2026-09-15T16:37Z,unai lopez,14538664,70,1881
2026-09-15T16:37Z,david soria,35909042,95,1919
2026-09-15T16:37Z,mariano diaz,17833790,40,3226
2026-09-15T16:37Z,diego rico,2386841,30,3235
2026-09-15T16:37Z,iñigo ruiz de galarreta,16057329,50,44
2026-09-15T16:37Z,alexander sorloth,9742533,10,5134
2026-09-15T16:37Z,adria pedrosa,2493716,70,5587
2026-09-15T16:37Z,david hancko,38046906,70,5995
2026-09-15T16:37Z,rodrigo riquelme,17341754,50,6450
2026-09-15T16:37Z,ante budimir,62732630,50,6635
2026-09-15T16:37Z,robert navarro,7268534,70,7293
2026-09-15T16:37Z,yuri berchiche,14690114,50,735
2026-09-15T16:37Z,aitor paredes,12938432,50,7916
2026-09-15T16:37Z,victor chust,4522602,60,8273
2026-09-15T16:37Z,luka sucic,9829516,70,8392
2026-09-15T16:37Z,florian lejeune,21283244,80,863
2026-09-15T16:37Z,antonio blanco,20212320,80,8737
2026-09-15T16:37Z,ramon terrats,8107075,70,8944
2026-09-15T16:37Z,roger brugue,4284670,50,9157
2026-09-15T16:37Z,matias dituro,9198731,90,9161
2026-09-15T16:37Z,luismi cruz,9231497,50,9772
2026-09-15T16:37Z,nahuel tenaglia,34243030,70,9909
2026-09-15T16:37Z,javi guerra,19176371,70,9927
2026-09-15T16:37Z,roberto fernandez,30968470,80,9987
2026-09-15T16:37Z,hansi flick,4509106,,e103
2026-09-15T16:44Z,abel bretones,9902425,70,11230
2026-09-15T16:44Z,hector fort,3391714,30,11577
2026-09-15T16:44Z,natan,29682294,,11813
2026-09-15T16:44Z,javier hernandez,15672257,50,14024
2026-09-15T16:44Z,couhaib driouech,2884383,30,14199
2026-09-15T16:44Z,nacho perez,2172219,70,16020
2026-09-15T16:44Z,valentin gomez,1651536,50,16203
2026-09-15T16:44Z,miguel sierra,4967585,70,16236
2026-09-15T16:44Z,juani,1127082,,18225
2026-09-15T16:44Z,josan ferrandez,620896,30,1859
2026-09-15T16:44Z,unai lopez,14538664,70,1881
2026-09-15T16:44Z,david soria,35909042,95,1919
2026-09-15T16:44Z,mariano diaz,17833790,40,3226
2026-09-15T16:44Z,diego rico,2386841,30,3235
2026-09-15T16:44Z,iñigo ruiz de galarreta,16057329,50,44
2026-09-15T16:44Z,alexander sorloth,9742533,10,5134
2026-09-15T16:44Z,adria pedrosa,2493716,70,5587
2026-09-15T16:44Z,david hancko,38046906,70,5995
2026-09-15T16:44Z,rodrigo riquelme,17341754,50,6450
2026-09-15T16:44Z,ante budimir,62732630,50,6635
2026-09-15T16:44Z,robert navarro,7268534,70,7293
2026-09-15T16:44Z,yuri berchiche,14690114,50,735
2026-09-15T16:44Z,aitor paredes,12938432,50,7916
2026-09-15T16:44Z,victor chust,4522602,60,8273
2026-09-15T16:44Z,luka sucic,9829516,70,8392
2026-09-15T16:44Z,florian lejeune,21283244,80,863
2026-09-15T16:44Z,antonio blanco,20212320,80,8737
2026-09-15T16:44Z,ramon terrats,8107075,70,8944
2026-09-15T16:44Z,roger brugue,4284670,50,9157
2026-09-15T16:44Z,matias dituro,9198731,90,9161
2026-09-15T16:44Z,luismi cruz,9231497,50,9772
2026-09-15T16:44Z,nahuel tenaglia,34243030,70,9909
2026-09-15T16:44Z,javi guerra,19176371,70,9927
2026-09-15T16:44Z,roberto fernandez,30968470,80,9987
2026-09-15T16:44Z,hansi flick,4509106,,e103
2026-09-15T16:47Z,abel bretones,9902425,70,11230
2026-09-15T16:47Z,hector fort,3391714,30,11577
2026-09-15T16:47Z,natan,29682294,,11813
2026-09-15T16:47Z,javier hernandez,15672257,50,14024
2026-09-15T16:47Z,couhaib driouech,2884383,30,14199
2026-09-15T16:47Z,nacho perez,2172219,70,16020
2026-09-15T16:47Z,valentin gomez,1651536,50,16203
2026-09-15T16:47Z,miguel sierra,4967585,70,16236
2026-09-15T16:47Z,juani,1127082,,18225
2026-09-15T16:47Z,josan ferrandez,620896,30,1859
2026-09-15T16:47Z,unai lopez,14538664,70,1881
2026-09-15T16:47Z,david soria,35909042,95,1919
2026-09-15T16:47Z,mariano diaz,17833790,40,3226
2026-09-15T16:47Z,diego rico,2386841,30,3235
2026-09-15T16:47Z,iñigo ruiz de galarreta,16057329,50,44
2026-09-15T16:47Z,alexander sorloth,9742533,10,5134
2026-09-15T16:47Z,adria pedrosa,2493716,70,5587
2026-09-15T16:47Z,david hancko,38046906,70,5995
2026-09-15T16:47Z,rodrigo riquelme,17341754,50,6450
2026-09-15T16:47Z,ante budimir,62732630,50,6635
2026-09-15T16:47Z,robert navarro,7268534,70,7293
2026-09-15T16:47Z,yuri berchiche,14690114,50,735
2026-09-15T16:47Z,aitor paredes,12938432,50,7916
2026-09-15T16:47Z,victor chust,4522602,60,8273
2026-09-15T16:47Z,luka sucic,9829516,70,8392
2026-09-15T16:47Z,florian lejeune,21283244,80,863
2026-09-15T16:47Z,antonio blanco,20212320,80,8737
2026-09-15T16:47Z,ramon terrats,8107075,70,8944
2026-09-15T16:47Z,roger brugue,4284670,50,9157
2026-09-15T16:47Z,matias dituro,9198731,90,9161
2026-09-15T16:47Z,luismi cruz,9231497,50,9772
2026-09-15T16:47Z,nahuel tenaglia,34243030,70,9909
2026-09-15T16:47Z,javi guerra,19176371,70,9927
2026-09-15T16:47Z,roberto fernandez,30968470,80,9987
2026-09-15T16:47Z,hansi flick,4509106,,e103
2026-09-15T18:20Z,abel bretones,9902425,70,11230
2026-09-15T18:20Z,hector fort,3391714,30,11577
2026-09-15T18:20Z,natan,29682294,,11813
2026-09-15T18:20Z,javier hernandez,15672257,50,14024
2026-09-15T18:20Z,couhaib driouech,2884383,30,14199
2026-09-15T18:20Z,nacho perez,2172219,70,16020
2026-09-15T18:20Z,valentin gomez,1651536,50,16203
2026-09-15T18:20Z,miguel sierra,4967585,70,16236
2026-09-15T18:20Z,juani,1127082,,18225
2026-09-15T18:20Z,josan ferrandez,620896,30,1859
2026-09-15T18:20Z,unai lopez,14538664,70,1881
2026-09-15T18:20Z,david soria,35909042,95,1919
2026-09-15T18:20Z,mariano diaz,17833790,40,3226
2026-09-15T18:20Z,diego rico,2386841,30,3235
2026-09-15T18:20Z,iñigo ruiz de galarreta,16057329,50,44
2026-09-15T18:20Z,alexander sorloth,9742533,10,5134
2026-09-15T18:20Z,adria pedrosa,2493716,70,5587
2026-09-15T18:20Z,david hancko,38046906,70,5995
2026-09-15T18:20Z,rodrigo riquelme,17341754,50,6450
2026-09-15T18:20Z,ante budimir,62732630,50,6635
2026-09-15T18:20Z,robert navarro,7268534,70,7293
2026-09-15T18:20Z,yuri berchiche,14690114,50,735
2026-09-15T18:20Z,aitor paredes,12938432,50,7916
2026-09-15T18:20Z,victor chust,4522602,60,8273
2026-09-15T18:20Z,luka sucic,9829516,70,8392
2026-09-15T18:20Z,florian lejeune,21283244,80,863
2026-09-15T18:20Z,antonio blanco,20212320,80,8737
2026-09-15T18:20Z,ramon terrats,8107075,70,8944
2026-09-15T18:20Z,roger brugue,4284670,50,9157
2026-09-15T18:20Z,matias dituro,9198731,90,9161
2026-09-15T18:20Z,luismi cruz,9231497,50,9772
2026-09-15T18:20Z,nahuel tenaglia,34243030,70,9909
2026-09-15T18:20Z,javi guerra,19176371,70,9927
2026-09-15T18:20Z,roberto fernandez,30968470,80,9987
2026-09-15T18:20Z,hansi flick,4509106,,e103
2026-09-15T19:19Z,abel bretones,9902425,70,11230
2026-09-15T19:19Z,hector fort,3391714,30,11577
2026-09-15T19:19Z,natan,29682294,,11813
2026-09-15T19:19Z,javier hernandez,15672257,50,14024
2026-09-15T19:19Z,couhaib driouech,2884383,30,14199
2026-09-15T19:19Z,nacho perez,2172219,70,16020
2026-09-15T19:19Z,valentin gomez,1651536,50,16203
2026-09-15T19:19Z,miguel sierra,4967585,70,16236
2026-09-15T19:19Z,juani,1127082,,18225
2026-09-15T19:19Z,josan ferrandez,620896,30,1859
2026-09-15T19:19Z,unai lopez,14538664,70,1881
2026-09-15T19:19Z,david soria,35909042,95,1919
2026-09-15T19:19Z,mariano diaz,17833790,40,3226
2026-09-15T19:19Z,diego rico,2386841,30,3235
2026-09-15T19:19Z,iñigo ruiz de galarreta,16057329,50,44
2026-09-15T19:19Z,alexander sorloth,9742533,10,5134
2026-09-15T19:19Z,adria pedrosa,2493716,70,5587
2026-09-15T19:19Z,david hancko,38046906,70,5995
2026-09-15T19:19Z,rodrigo riquelme,17341754,50,6450
2026-09-15T19:19Z,ante budimir,62732630,50,6635
2026-09-15T19:19Z,robert navarro,7268534,70,7293
2026-09-15T19:19Z,yuri berchiche,14690114,50,735
2026-09-15T19:19Z,aitor paredes,12938432,50,7916
2026-09-15T19:19Z,victor chust,4522602,60,8273
2026-09-15T19:19Z,luka sucic,9829516,70,8392
2026-09-15T19:19Z,florian lejeune,21283244,80,863
2026-09-15T19:19Z,antonio blanco,20212320,80,8737
2026-09-15T19:19Z,ramon terrats,8107075,70,8944
2026-09-15T19:19Z,roger brugue,4284670,50,9157
2026-09-15T19:19Z,matias dituro,9198731,90,9161
2026-09-15T19:19Z,luismi cruz,9231497,50,9772
2026-09-15T19:19Z,nahuel tenaglia,34243030,70,9909
2026-09-15T19:19Z,javi guerra,19176371,70,9927
2026-09-15T19:19Z,roberto fernandez,30968470,80,9987
2026-09-15T19:19Z,hansi flick,4509106,,e103
2026-09-15T19:35Z,abel bretones,9902425,70,11230
2026-09-15T19:35Z,hector fort,3391714,30,11577
2026-09-15T19:35Z,natan,29682294,,11813
2026-09-15T19:35Z,javier hernandez,15672257,50,14024
2026-09-15T19:35Z,couhaib driouech,2884383,30,14199
2026-09-15T19:35Z,nacho perez,2172219,70,16020
2026-09-15T19:35Z,valentin gomez,1651536,50,16203
2026-09-15T19:35Z,miguel sierra,4967585,70,16236
2026-09-15T19:35Z,juani,1127082,,18225
2026-09-15T19:35Z,josan ferrandez,620896,30,1859
2026-09-15T19:35Z,unai lopez,14538664,70,1881
2026-09-15T19:35Z,david soria,35909042,95,1919
2026-09-15T19:35Z,mariano diaz,17833790,40,3226
2026-09-15T19:35Z,diego rico,2386841,30,3235
2026-09-15T19:35Z,iñigo ruiz de galarreta,16057329,50,44
2026-09-15T19:35Z,alexander sorloth,9742533,10,5134
2026-09-15T19:35Z,adria pedrosa,2493716,70,5587
2026-09-15T19:35Z,david hancko,38046906,70,5995
2026-09-15T19:35Z,rodrigo riquelme,17341754,50,6450
2026-09-15T19:35Z,ante budimir,62732630,50,6635
2026-09-15T19:35Z,robert navarro,7268534,70,7293
2026-09-15T19:35Z,yuri berchiche,14690114,50,735
2026-09-15T19:35Z,aitor paredes,12938432,50,7916
2026-09-15T19:35Z,victor chust,4522602,60,8273
2026-09-15T19:35Z,luka sucic,9829516,70,8392
2026-09-15T19:35Z,florian lejeune,21283244,80,863
2026-09-15T19:35Z,antonio blanco,20212320,80,8737
2026-09-15T19:35Z,ramon terrats,8107075,70,8944
2026-09-15T19:35Z,roger brugue,4284670,50,9157
2026-09-15T19:35Z,matias dituro,9198731,90,9161
2026-09-15T19:35Z,luismi cruz,9231497,50,9772
2026-09-15T19:35Z,nahuel tenaglia,34243030,70,9909
2026-09-15T19:35Z,javi guerra,19176371,70,9927
2026-09-15T19:35Z,roberto fernandez,30968470,80,9987
2026-09-15T19:35Z,hansi flick,4509106,,e103
2026-09-15T19:36Z,abel bretones,9902425,70,11230
2026-09-15T19:36Z,hector fort,3391714,30,11577
2026-09-15T19:36Z,natan,29682294,,11813
2026-09-15T19:36Z,javier hernandez,15672257,50,14024
2026-09-15T19:36Z,couhaib driouech,2884383,30,14199
2026-09-15T19:36Z,nacho perez,2172219,70,16020
2026-09-15T19:36Z,valentin gomez,1651536,50,16203
2026-09-15T19:36Z,miguel sierra,4967585,70,16236
2026-09-15T19:36Z,juani,1127082,,18225
2026-09-15T19:36Z,josan ferrandez,620896,30,1859
2026-09-15T19:36Z,unai lopez,14538664,70,1881
2026-09-15T19:36Z,david soria,35909042,95,1919
2026-09-15T19:36Z,mariano diaz,17833790,40,3226
2026-09-15T19:36Z,diego rico,2386841,30,3235
2026-09-15T19:36Z,iñigo ruiz de galarreta,16057329,50,44
2026-09-15T19:36Z,alexander sorloth,9742533,10,5134
2026-09-15T19:36Z,adria pedrosa,2493716,70,5587
2026-09-15T19:36Z,david hancko,38046906,70,5995
2026-09-15T19:36Z,rodrigo riquelme,17341754,50,6450
2026-09-15T19:36Z,ante budimir,62732630,50,6635
2026-09-15T19:36Z,robert navarro,7268534,70,7293
2026-09-15T19:36Z,yuri berchiche,14690114,50,735
2026-09-15T19:36Z,aitor paredes,12938432,50,7916
2026-09-15T19:36Z,victor chust,4522602,60,8273
2026-09-15T19:36Z,luka sucic,9829516,70,8392
2026-09-15T19:36Z,florian lejeune,21283244,80,863
2026-09-15T19:36Z,antonio blanco,20212320,80,8737
2026-09-15T19:36Z,ramon terrats,8107075,70,8944
2026-09-15T19:36Z,roger brugue,4284670,50,9157
2026-09-15T19:36Z,matias dituro,9198731,90,9161
2026-09-15T19:36Z,luismi cruz,9231497,50,9772
2026-09-15T19:36Z,nahuel tenaglia,34243030,70,9909
2026-09-15T19:36Z,javi guerra,19176371,70,9927
2026-09-15T19:36Z,roberto fernandez,30968470,80,9987
2026-09-15T19:36Z,hansi flick,4509106,,e103
2026-09-15T19:47Z,abel bretones,9902425,70,11230
2026-09-15T19:47Z,hector fort,3391714,30,11577
2026-09-15T19:47Z,natan,29682294,,11813
2026-09-15T19:47Z,javier hernandez,15672257,50,14024
2026-09-15T19:47Z,couhaib driouech,2884383,30,14199
2026-09-15T19:47Z,nacho perez,2172219,70,16020
2026-09-15T19:47Z,valentin gomez,1651536,50,16203
2026-09-15T19:47Z,miguel sierra,4967585,70,16236
2026-09-15T19:47Z,juani,1127082,,18225
2026-09-15T19:47Z,josan ferrandez,620896,30,1859
2026-09-15T19:47Z,unai lopez,14538664,70,1881
2026-09-15T19:47Z,david soria,35909042,95,1919
2026-09-15T19:47Z,mariano diaz,17833790,40,3226
2026-09-15T19:47Z,diego rico,2386841,30,3235
2026-09-15T19:47Z,iñigo ruiz de galarreta,16057329,50,44
2026-09-15T19:47Z,alexander sorloth,9742533,10,5134
2026-09-15T19:47Z,adria pedrosa,2493716,70,5587
2026-09-15T19:47Z,david hancko,38046906,70,5995
2026-09-15T19:47Z,rodrigo riquelme,17341754,50,6450
2026-09-15T19:47Z,ante budimir,62732630,50,6635
2026-09-15T19:47Z,robert navarro,7268534,70,7293
2026-09-15T19:47Z,yuri berchiche,14690114,50,735
2026-09-15T19:47Z,aitor paredes,12938432,50,7916
2026-09-15T19:47Z,victor chust,4522602,60,8273
2026-09-15T19:47Z,luka sucic,9829516,70,8392
2026-09-15T19:47Z,florian lejeune,21283244,80,863
2026-09-15T19:47Z,antonio blanco,20212320,80,8737
2026-09-15T19:47Z,ramon terrats,8107075,70,8944
2026-09-15T19:47Z,roger brugue,4284670,50,9157
2026-09-15T19:47Z,matias dituro,9198731,90,9161
2026-09-15T19:47Z,luismi cruz,9231497,50,9772
2026-09-15T19:47Z,nahuel tenaglia,34243030,70,9909
2026-09-15T19:47Z,javi guerra,19176371,70,9927
2026-09-15T19:47Z,roberto fernandez,30968470,80,9987
2026-09-15T19:47Z,hansi flick,4509106,,e103
2026-09-15T20:01Z,abel bretones,9902425,70,11230
2026-09-15T20:01Z,hector fort,3391714,30,11577
2026-09-15T20:01Z,natan,29682294,,11813
2026-09-15T20:01Z,javier hernandez,15672257,50,14024
2026-09-15T20:01Z,couhaib driouech,2884383,30,14199
2026-09-15T20:01Z,nacho perez,2172219,70,16020
2026-09-15T20:01Z,valentin gomez,1651536,50,16203
2026-09-15T20:01Z,miguel sierra,4967585,70,16236
2026-09-15T20:01Z,juani,1127082,,18225
2026-09-15T20:01Z,josan ferrandez,620896,30,1859
2026-09-15T20:01Z,unai lopez,14538664,70,1881
2026-09-15T20:01Z,david soria,35909042,95,1919
2026-09-15T20:01Z,mariano diaz,17833790,40,3226
2026-09-15T20:01Z,diego rico,2386841,30,3235
2026-09-15T20:01Z,iñigo ruiz de galarreta,16057329,50,44
2026-09-15T20:01Z,alexander sorloth,9742533,10,5134
2026-09-15T20:01Z,adria pedrosa,2493716,70,5587
2026-09-15T20:01Z,david hancko,38046906,70,5995
2026-09-15T20:01Z,rodrigo riquelme,17341754,50,6450
2026-09-15T20:01Z,ante budimir,62732630,50,6635
2026-09-15T20:01Z,robert navarro,7268534,70,7293
2026-09-15T20:01Z,yuri berchiche,14690114,50,735
2026-09-15T20:01Z,aitor paredes,12938432,50,7916
2026-09-15T20:01Z,victor chust,4522602,60,8273
2026-09-15T20:01Z,luka sucic,9829516,70,8392
2026-09-15T20:01Z,florian lejeune,21283244,80,863
2026-09-15T20:01Z,antonio blanco,20212320,80,8737
2026-09-15T20:01Z,ramon terrats,8107075,70,8944
2026-09-15T20:01Z,roger brugue,4284670,50,9157
2026-09-15T20:01Z,matias dituro,9198731,90,9161
2026-09-15T20:01Z,luismi cruz,9231497,50,9772
2026-09-15T20:01Z,nahuel tenaglia,34243030,70,9909
2026-09-15T20:01Z,javi guerra,19176371,70,9927
2026-09-15T20:01Z,roberto fernandez,30968470,80,9987
2026-09-15T20:01Z,hansi flick,4509106,,e103
2026-09-15T20:05Z,abel bretones,9902425,70,11230
2026-09-15T20:05Z,hector fort,3391714,30,11577
2026-09-15T20:05Z,natan,29682294,,11813
2026-09-15T20:05Z,javier hernandez,15672257,50,14024
2026-09-15T20:05Z,couhaib driouech,2884383,30,14199
2026-09-15T20:05Z,nacho perez,2172219,70,16020
2026-09-15T20:05Z,valentin gomez,1651536,50,16203
2026-09-15T20:05Z,miguel sierra,4967585,70,16236
2026-09-15T20:05Z,juani,1127082,,18225
2026-09-15T20:05Z,josan ferrandez,620896,30,1859
2026-09-15T20:05Z,unai lopez,14538664,70,1881
2026-09-15T20:05Z,david soria,35909042,95,1919
2026-09-15T20:05Z,mariano diaz,17833790,40,3226
2026-09-15T20:05Z,diego rico,2386841,30,3235
2026-09-15T20:05Z,iñigo ruiz de galarreta,16057329,50,44
2026-09-15T20:05Z,alexander sorloth,9742533,10,5134
2026-09-15T20:05Z,adria pedrosa,2493716,70,5587
2026-09-15T20:05Z,david hancko,38046906,70,5995
2026-09-15T20:05Z,rodrigo riquelme,17341754,50,6450
2026-09-15T20:05Z,ante budimir,62732630,50,6635
2026-09-15T20:05Z,robert navarro,7268534,70,7293
2026-09-15T20:05Z,yuri berchiche,14690114,50,735
2026-09-15T20:05Z,aitor paredes,12938432,50,7916
2026-09-15T20:05Z,victor chust,4522602,60,8273
2026-09-15T20:05Z,luka sucic,9829516,70,8392
2026-09-15T20:05Z,florian lejeune,21283244,80,863
2026-09-15T20:05Z,antonio blanco,20212320,80,8737
2026-09-15T20:05Z,ramon terrats,8107075,70,8944
2026-09-15T20:05Z,roger brugue,4284670,50,9157
2026-09-15T20:05Z,matias dituro,9198731,90,9161
2026-09-15T20:05Z,luismi cruz,9231497,50,9772
2026-09-15T20:05Z,nahuel tenaglia,34243030,70,9909
2026-09-15T20:05Z,javi guerra,19176371,70,9927
2026-09-15T20:05Z,roberto fernandez,30968470,80,9987
2026-09-15T20:05Z,hansi flick,4509106,,e103
2026-09-15T20:42Z,abel bretones,9902425,70,11230
2026-09-15T20:42Z,javier hernandez,15672257,100,14024
2026-09-15T20:42Z,nacho perez,2172219,70,16020
2026-09-15T20:42Z,miguel sierra,4967585,70,16236
2026-09-15T20:42Z,david soria,35909042,95,1919
2026-09-15T20:42Z,mariano diaz,17833790,0,3226
2026-09-15T20:42Z,unai nuñez,10327141,0,3785
2026-09-15T20:42Z,david hancko,38046906,70,5995
2026-09-15T20:42Z,rodrigo riquelme,17341754,50,6450
2026-09-15T20:42Z,ante budimir,62732630,50,6635
2026-09-15T20:42Z,yuri berchiche,14690114,50,735
2026-09-15T20:42Z,aitor paredes,12938432,50,7916
2026-09-15T20:42Z,luka sucic,9829516,70,8392
2026-09-15T20:42Z,antonio blanco,20212320,100,8737
2026-09-15T20:42Z,ramon terrats,8107075,70,8944
2026-09-15T20:42Z,matias dituro,9198731,100,9161
2026-09-15T20:42Z,luismi cruz,9231497,50,9772
2026-09-15T20:42Z,nahuel tenaglia,34243030,100,9909
2026-09-15T20:42Z,roberto fernandez,30968470,100,9987
2026-09-16T04:53Z,renato veiga,22556958,70,10114
2026-09-16T04:53Z,abel bretones,10041470,70,11230
2026-09-16T04:53Z,alemao,1632206,30,11758
2026-09-16T04:53Z,david otorbi,594379,50,12594
2026-09-16T04:53Z,javier hernandez,16075486,70,14024
2026-09-16T04:53Z,facundo garces,473226,0,14045
2026-09-16T04:53Z,nacho perez,2220997,70,16020
2026-09-16T04:53Z,miguel sierra,5106665,70,16236
2026-09-16T04:53Z,xavi espart,28712917,30,16765
2026-09-16T04:53Z,david soria,35802943,95,1919
2026-09-16T04:53Z,hector bellerin,17194251,30,2153
2026-09-16T04:53Z,andreas christensen,8636915,50,2417
2026-09-16T04:53Z,mariano diaz,18539001,50,3226
2026-09-16T04:53Z,unai nuñez,10259408,70,3785
2026-09-16T04:53Z,dakonam djene,16059124,80,3881
2026-09-16T04:53Z,ximo navarro,4807190,50,392
2026-09-16T04:53Z,hugo duro,5025587,60,5019
2026-09-16T04:53Z,david hancko,38544264,70,5995
2026-09-16T04:53Z,rodrigo riquelme,17677313,50,6450
2026-09-16T04:53Z,ante budimir,62291000,50,6635
2026-09-16T04:53Z,diego javier llorente,8975591,50,707
2026-09-16T04:53Z,yuri berchiche,14867378,50,735
2026-09-16T04:53Z,victor garcia,974445,30,7644
2026-09-16T04:53Z,aitor paredes,13017089,50,7916
2026-09-16T04:53Z,luka sucic,10324237,70,8392
2026-09-16T04:53Z,antonio blanco,20217292,80,8737
2026-09-16T04:53Z,ramon terrats,8563908,70,8944
2026-09-16T04:53Z,matias dituro,9216464,90,9161
2026-09-16T04:53Z,luismi cruz,9480169,50,9772
2026-09-16T04:53Z,nahuel tenaglia,34421938,70,9909
2026-09-16T04:53Z,roberto fernandez,32501289,80,9987
2026-09-16T04:53Z,pepe bordalas,12269804,,e35
2026-09-16T08:01Z,renato veiga,22556958,70,10114
2026-09-16T08:01Z,abel bretones,10041470,70,11230
2026-09-16T08:01Z,alemao,1632206,30,11758
2026-09-16T08:01Z,david otorbi,594379,50,12594
2026-09-16T08:01Z,javier hernandez,16075486,70,14024
2026-09-16T08:01Z,facundo garces,473226,0,14045
2026-09-16T08:01Z,ali houary,1059873,20,14118
2026-09-16T08:01Z,nacho perez,2220997,70,16020
2026-09-16T08:01Z,miguel sierra,5106665,70,16236
2026-09-16T08:01Z,xavi espart,28712917,30,16765
2026-09-16T08:01Z,david soria,35802943,95,1919
2026-09-16T08:01Z,yeray alvarez,7178978,50,1972
2026-09-16T08:01Z,hector bellerin,17194251,30,2153
2026-09-16T08:01Z,andreas christensen,8636915,50,2417
2026-09-16T08:01Z,mariano diaz,18539001,50,3226
2026-09-16T08:01Z,unai nuñez,10259408,70,3785
2026-09-16T08:01Z,dakonam djene,16059124,80,3881
2026-09-16T08:01Z,ximo navarro,4807190,50,392
2026-09-16T08:01Z,hugo duro,5025587,60,5019
2026-09-16T08:01Z,david hancko,38544264,70,5995
2026-09-16T08:01Z,rodrigo riquelme,17677313,50,6450
2026-09-16T08:01Z,ante budimir,62291000,50,6635
2026-09-16T08:01Z,diego javier llorente,8975591,50,707
2026-09-16T08:01Z,yuri berchiche,14867378,50,735
2026-09-16T08:01Z,victor garcia,974445,30,7644
2026-09-16T08:01Z,aitor paredes,13017089,50,7916
2026-09-16T08:01Z,luka sucic,10324237,70,8392
2026-09-16T08:01Z,antonio blanco,20217292,80,8737
2026-09-16T08:01Z,ramon terrats,8563908,70,8944
2026-09-16T08:01Z,matias dituro,9216464,90,9161
2026-09-16T08:01Z,cesar tarrega,8890467,0,9762
2026-09-16T08:01Z,luismi cruz,9480169,50,9772
2026-09-16T08:01Z,nahuel tenaglia,34421938,70,9909
2026-09-16T08:01Z,roberto fernandez,32501289,80,9987
2026-09-16T08:01Z,pepe bordalas,12269804,,e35
2026-09-17T06:09Z,dani ceballos,19472408,50,1062
2026-09-17T06:09Z,abel bretones,10100516,60,11230
2026-09-17T06:09Z,mikel jauregizar,14047018,30,12605
2026-09-17T06:09Z,javier hernandez,16581406,60,14024
2026-09-17T06:09Z,iker cordoba,989193,30,14034
2026-09-17T06:09Z,ali houary,1037226,20,14118
2026-09-17T06:09Z,alex marchal,577727,10,14881
2026-09-17T06:09Z,facundo bernal,14219100,70,15736
2026-09-17T06:09Z,miguel sierra,5264807,70,16236
2026-09-17T06:09Z,xavi espart,31368101,70,16765
2026-09-17T06:09Z,rockson yeboah,863422,50,18316
2026-09-17T06:09Z,david soria,35824497,95,1919
2026-09-17T06:09Z,yeray alvarez,7172245,70,1972
2026-09-17T06:09Z,carles aleña,2950248,50,2759
2026-09-17T06:09Z,marc roca,13875357,40,3215
2026-09-17T06:09Z,mariano diaz,19093613,50,3226
2026-09-17T06:09Z,pierre-emerick aubameyang,99710579,80,3414
2026-09-17T06:09Z,alvaro valles,51701559,70,3686
2026-09-17T06:09Z,unai nuñez,10131634,70,3785
2026-09-17T06:09Z,lucas boye,28801098,70,5124
2026-09-17T06:09Z,david hancko,39042719,80,5995
2026-09-17T06:09Z,frenkie de jong,9918541,0,6210
2026-09-17T06:09Z,rodrigo riquelme,18025432,50,6450
2026-09-17T06:09Z,sergio herrera,33152091,50,6611
2026-09-17T06:09Z,ante budimir,61830235,90,6635
2026-09-17T06:09Z,robert navarro,8437641,60,7293
2026-09-17T06:09Z,aitor paredes,13035115,50,7916
2026-09-17T06:09Z,luka sucic,10868525,70,8392
2026-09-17T06:09Z,romain del castillo,9640574,50,8485
2026-09-17T06:09Z,ramon terrats,8980377,70,8944
2026-09-17T06:09Z,cesar tarrega,8625727,0,9762
2026-09-17T06:09Z,luismi cruz,9742563,60,9772
2026-09-17T06:09Z,nahuel tenaglia,34385130,70,9909
2026-09-17T06:09Z,roberto fernandez,34299469,80,9987
2026-09-17T06:09Z,pellegrino matarazzo,1354417,,e120
2026-09-17T06:18Z,dani ceballos,19472408,50,1062
2026-09-17T06:18Z,abel bretones,10100516,60,11230
2026-09-17T06:18Z,mikel jauregizar,14047018,30,12605
2026-09-17T06:18Z,javier hernandez,16581406,60,14024
2026-09-17T06:18Z,iker cordoba,989193,30,14034
2026-09-17T06:18Z,ali houary,1037226,20,14118
2026-09-17T06:18Z,alex marchal,577727,10,14881
2026-09-17T06:18Z,facundo bernal,14219100,70,15736
2026-09-17T06:18Z,miguel sierra,5264807,70,16236
2026-09-17T06:18Z,xavi espart,31368101,70,16765
2026-09-17T06:18Z,rockson yeboah,863422,50,18316
2026-09-17T06:18Z,david soria,35824497,95,1919
2026-09-17T06:18Z,yeray alvarez,7172245,70,1972
2026-09-17T06:18Z,carles aleña,2950248,50,2759
2026-09-17T06:18Z,marc roca,13875357,40,3215
2026-09-17T06:18Z,mariano diaz,19093613,50,3226
2026-09-17T06:18Z,pierre-emerick aubameyang,99710579,80,3414
2026-09-17T06:18Z,alvaro valles,51701559,70,3686
2026-09-17T06:18Z,unai nuñez,10131634,70,3785
2026-09-17T06:18Z,lucas boye,28801098,70,5124
2026-09-17T06:18Z,david hancko,39042719,80,5995
2026-09-17T06:18Z,frenkie de jong,9918541,0,6210
2026-09-17T06:18Z,rodrigo riquelme,18025432,50,6450
2026-09-17T06:18Z,sergio herrera,33152091,50,6611
2026-09-17T06:18Z,ante budimir,61830235,90,6635
2026-09-17T06:18Z,robert navarro,8437641,60,7293
2026-09-17T06:18Z,aitor paredes,13035115,50,7916
2026-09-17T06:18Z,luka sucic,10868525,70,8392
2026-09-17T06:18Z,romain del castillo,9640574,50,8485
2026-09-17T06:18Z,ramon terrats,8980377,70,8944
2026-09-17T06:18Z,cesar tarrega,8625727,0,9762
2026-09-17T06:18Z,luismi cruz,9742563,60,9772
2026-09-17T06:18Z,nahuel tenaglia,34385130,70,9909
2026-09-17T06:18Z,roberto fernandez,34299469,80,9987
2026-09-17T06:18Z,pellegrino matarazzo,1354417,,e120
2026-09-17T08:01Z,dani ceballos,19472408,50,1062
2026-09-17T08:01Z,abel bretones,10100516,60,11230
2026-09-17T08:01Z,mikel jauregizar,14047018,30,12605
2026-09-17T08:01Z,javier hernandez,16581406,60,14024
2026-09-17T08:01Z,iker cordoba,989193,30,14034
2026-09-17T08:01Z,ali houary,1037226,20,14118
2026-09-17T08:01Z,alex marchal,577727,10,14881
2026-09-17T08:01Z,facundo bernal,14219100,70,15736
2026-09-17T08:01Z,miguel sierra,5264807,70,16236
2026-09-17T08:01Z,xavi espart,31368101,70,16765
2026-09-17T08:01Z,rockson yeboah,863422,50,18316
2026-09-17T08:01Z,david soria,35824497,95,1919
2026-09-17T08:01Z,yeray alvarez,7172245,70,1972
2026-09-17T08:01Z,carles aleña,2950248,50,2759
2026-09-17T08:01Z,marc roca,13875357,40,3215
2026-09-17T08:01Z,mariano diaz,19093613,50,3226
2026-09-17T08:01Z,pierre-emerick aubameyang,99710579,80,3414
2026-09-17T08:01Z,alvaro valles,51701559,70,3686
2026-09-17T08:01Z,unai nuñez,10131634,70,3785
2026-09-17T08:01Z,lucas boye,28801098,70,5124
2026-09-17T08:01Z,david hancko,39042719,80,5995
2026-09-17T08:01Z,frenkie de jong,9918541,0,6210
2026-09-17T08:01Z,rodrigo riquelme,18025432,50,6450
2026-09-17T08:01Z,sergio herrera,33152091,50,6611
2026-09-17T08:01Z,ante budimir,61830235,90,6635
2026-09-17T08:01Z,robert navarro,8437641,60,7293
2026-09-17T08:01Z,aitor paredes,13035115,50,7916
2026-09-17T08:01Z,luka sucic,10868525,70,8392
2026-09-17T08:01Z,romain del castillo,9640574,50,8485
2026-09-17T08:01Z,ramon terrats,8980377,70,8944
2026-09-17T08:01Z,cesar tarrega,8625727,0,9762
2026-09-17T08:01Z,luismi cruz,9742563,60,9772
2026-09-17T08:01Z,nahuel tenaglia,34385130,70,9909
2026-09-17T08:01Z,roberto fernandez,34299469,80,9987
2026-09-17T08:01Z,pellegrino matarazzo,1354417,,e120
2026-09-17T21:29Z,adria altimira,4386103,30,10357
2026-09-17T21:29Z,marcos fernandez,1164787,40,10893
2026-09-17T21:29Z,abel bretones,10100516,60,11230
2026-09-17T21:29Z,chidera ejuke,6214582,50,12042
2026-09-17T21:29Z,carlos puga,3625738,100,13982
2026-09-17T21:29Z,javier hernandez,16581406,70,14024
2026-09-17T21:29Z,ali houary,1037226,20,14118
2026-09-17T21:29Z,angel perez,21384347,80,15127
2026-09-17T21:29Z,roger hinojo,4900771,50,15316
2026-09-17T21:29Z,tyrhys dolan,15670762,50,16202
2026-09-17T21:29Z,miguel sierra,5264807,70,16236
2026-09-17T21:29Z,xavi espart,31368101,70,16765
2026-09-17T21:29Z,cheikh thiam,588786,0,18039
2026-09-17T21:29Z,yassir zabiri,13281864,80,18282
2026-09-17T21:29Z,david soria,35824497,100,1919
2026-09-17T21:29Z,yeray alvarez,7172245,70,1972
2026-09-17T21:29Z,wojciech szczesny,1172811,50,2534
2026-09-17T21:29Z,marc roca,13875357,0,3215
2026-09-17T21:29Z,mariano diaz,19093613,50,3226
2026-09-17T21:29Z,unai nuñez,10131634,70,3785
2026-09-17T21:29Z,ander guevara,613654,30,3802
2026-09-17T21:29Z,lucas boye,28801098,70,5124
2026-09-17T21:29Z,david hancko,39042719,80,5995
2026-09-17T21:29Z,rodrigo riquelme,18025432,0,6450
2026-09-17T21:29Z,ante budimir,61830235,90,6635
2026-09-17T21:29Z,robert navarro,8437641,60,7293
2026-09-17T21:29Z,jose maria gimenez,9478424,60,775
2026-09-17T21:29Z,aitor paredes,13035115,50,7916
2026-09-17T21:29Z,luka sucic,10868525,70,8392
2026-09-17T21:29Z,ramon terrats,8980377,,8944
2026-09-17T21:29Z,cesar tarrega,8625727,0,9762
2026-09-17T21:29Z,luismi cruz,9742563,60,9772
2026-09-17T21:29Z,nahuel tenaglia,34385130,70,9909
2026-09-17T21:29Z,roberto fernandez,34299469,80,9987
2026-09-17T21:29Z,jose alberto lopez,568244,,e168
2026-09-17T21:35Z,adria altimira,4386103,30,10357
2026-09-17T21:35Z,marcos fernandez,1164787,40,10893
2026-09-17T21:35Z,abel bretones,10100516,60,11230
2026-09-17T21:35Z,chidera ejuke,6214582,50,12042
2026-09-17T21:35Z,carlos puga,3625738,100,13982
2026-09-17T21:35Z,javier hernandez,16581406,70,14024
2026-09-17T21:35Z,ali houary,1037226,20,14118
2026-09-17T21:35Z,angel perez,21384347,80,15127
2026-09-17T21:35Z,roger hinojo,4900771,50,15316
2026-09-17T21:35Z,tyrhys dolan,15670762,50,16202
2026-09-17T21:35Z,miguel sierra,5264807,70,16236
2026-09-17T21:35Z,xavi espart,31368101,70,16765
2026-09-17T21:35Z,cheikh thiam,588786,0,18039
2026-09-17T21:35Z,yassir zabiri,13281864,80,18282
2026-09-17T21:35Z,david soria,35824497,100,1919
2026-09-17T21:35Z,yeray alvarez,7172245,70,1972
2026-09-17T21:35Z,wojciech szczesny,1172811,50,2534
2026-09-17T21:35Z,marc roca,13875357,0,3215
2026-09-17T21:35Z,mariano diaz,19093613,50,3226
2026-09-17T21:35Z,unai nuñez,10131634,70,3785
2026-09-17T21:35Z,ander guevara,613654,30,3802
2026-09-17T21:35Z,lucas boye,28801098,70,5124
2026-09-17T21:35Z,david hancko,39042719,80,5995
2026-09-17T21:35Z,rodrigo riquelme,18025432,0,6450
2026-09-17T21:35Z,ante budimir,61830235,90,6635
2026-09-17T21:35Z,robert navarro,8437641,60,7293
2026-09-17T21:35Z,jose maria gimenez,9478424,60,775
2026-09-17T21:35Z,aitor paredes,13035115,50,7916
2026-09-17T21:35Z,luka sucic,10868525,70,8392
2026-09-17T21:35Z,ramon terrats,8980377,,8944
2026-09-17T21:35Z,cesar tarrega,8625727,0,9762
2026-09-17T21:35Z,luismi cruz,9742563,60,9772
2026-09-17T21:35Z,nahuel tenaglia,34385130,70,9909
2026-09-17T21:35Z,roberto fernandez,34299469,80,9987
2026-09-17T21:35Z,jose alberto lopez,568244,,e168
2026-09-18T06:53Z,omar el hilali,16126209,,10220
2026-09-18T06:53Z,adria altimira,4321437,,10357
2026-09-18T06:53Z,marcos fernandez,1209075,,10893
2026-09-18T06:53Z,abel bretones,10035616,,11230
2026-09-18T06:53Z,chidera ejuke,6169426,,12042
2026-09-18T06:53Z,carlos puga,3564497,,13982
2026-09-18T06:53Z,javier hernandez,16984433,,14024
2026-09-18T06:53Z,ali houary,1013348,,14118
2026-09-18T06:53Z,angel perez,22522785,,15127
2026-09-18T06:53Z,roger hinojo,4881804,,15316
2026-09-18T06:53Z,tyrhys dolan,15729487,,16202
2026-09-18T06:53Z,miguel sierra,5731769,,16236
2026-09-18T06:53Z,xavi espart,33390146,,16765
2026-09-18T06:53Z,cheikh thiam,582846,,18039
2026-09-18T06:53Z,yassir zabiri,14176293,,18282
2026-09-18T06:53Z,david soria,35826415,,1919
2026-09-18T06:53Z,yeray alvarez,7198474,,1972
2026-09-18T06:53Z,wojciech szczesny,1215454,,2534
2026-09-18T06:53Z,marc roca,14342418,,3215
2026-09-18T06:53Z,mariano diaz,19517425,,3226
2026-09-18T06:53Z,unai nuñez,10060197,,3785
2026-09-18T06:53Z,ander guevara,606719,,3802
2026-09-18T06:53Z,lucas boye,29319793,,5124
2026-09-18T06:53Z,david hancko,39156948,,5995
2026-09-18T06:53Z,rodrigo riquelme,18325574,,6450
2026-09-18T06:53Z,ante budimir,61136303,,6635
2026-09-18T06:53Z,robert navarro,8918400,,7293
2026-09-18T06:53Z,jose maria gimenez,9922934,,775
2026-09-18T06:53Z,aitor paredes,12971003,,7916
2026-09-18T06:53Z,luka sucic,11260420,,8392
2026-09-18T06:53Z,ramon terrats,9078584,,8944
2026-09-18T06:53Z,carl starfelt,9691489,,9612
2026-09-18T06:53Z,cesar tarrega,8361736,,9762
2026-09-18T06:53Z,luismi cruz,9996593,,9772
2026-09-18T06:53Z,nahuel tenaglia,34204372,,9909
2026-09-18T06:53Z,roberto fernandez,35665333,,9987
2026-09-18T06:53Z,jose alberto lopez,563126,,e168
2026-09-18T08:02Z,omar el hilali,16126209,,10220
2026-09-18T08:02Z,adria altimira,4321437,,10357
2026-09-18T08:02Z,marcos fernandez,1209075,,10893
2026-09-18T08:02Z,abel bretones,10035616,,11230
2026-09-18T08:02Z,chidera ejuke,6169426,,12042
2026-09-18T08:02Z,carlos puga,3564497,,13982
2026-09-18T08:02Z,javier hernandez,16984433,,14024
2026-09-18T08:02Z,ali houary,1013348,,14118
2026-09-18T08:02Z,angel perez,22522785,,15127
2026-09-18T08:02Z,roger hinojo,4881804,,15316
2026-09-18T08:02Z,tyrhys dolan,15729487,,16202
2026-09-18T08:02Z,miguel sierra,5731769,,16236
2026-09-18T08:02Z,xavi espart,33390146,,16765
2026-09-18T08:02Z,cheikh thiam,582846,,18039
2026-09-18T08:02Z,yassir zabiri,14176293,,18282
2026-09-18T08:02Z,david soria,35826415,,1919
2026-09-18T08:02Z,yeray alvarez,7198474,,1972
2026-09-18T08:02Z,wojciech szczesny,1215454,,2534
2026-09-18T08:02Z,marc roca,14342418,,3215
2026-09-18T08:02Z,mariano diaz,19517425,,3226
2026-09-18T08:02Z,unai nuñez,10060197,,3785
2026-09-18T08:02Z,ander guevara,606719,,3802
2026-09-18T08:02Z,lucas boye,29319793,,5124
2026-09-18T08:02Z,david hancko,39156948,,5995
2026-09-18T08:02Z,rodrigo riquelme,18325574,,6450
2026-09-18T08:02Z,ante budimir,61136303,,6635
2026-09-18T08:02Z,robert navarro,8918400,,7293
2026-09-18T08:02Z,jose maria gimenez,9922934,,775
2026-09-18T08:02Z,aitor paredes,12971003,,7916
2026-09-18T08:02Z,luka sucic,11260420,,8392
2026-09-18T08:02Z,ramon terrats,9078584,,8944
2026-09-18T08:02Z,carl starfelt,9691489,,9612
2026-09-18T08:02Z,cesar tarrega,8361736,,9762
2026-09-18T08:02Z,luismi cruz,9996593,,9772
2026-09-18T08:02Z,nahuel tenaglia,34204372,,9909
2026-09-18T08:02Z,roberto fernandez,35665333,,9987
2026-09-18T08:02Z,jose alberto lopez,563126,,e168
2026-09-18T08:21Z,omar el hilali,16126209,,10220
2026-09-18T08:21Z,adria altimira,4321437,,10357
2026-09-18T08:21Z,marcos fernandez,1209075,,10893
2026-09-18T08:21Z,abel bretones,10035616,,11230
2026-09-18T08:21Z,chidera ejuke,6169426,,12042
2026-09-18T08:21Z,carlos puga,3564497,,13982
2026-09-18T08:21Z,javier hernandez,16984433,,14024
2026-09-18T08:21Z,ali houary,1013348,,14118
2026-09-18T08:21Z,angel perez,22522785,,15127
2026-09-18T08:21Z,roger hinojo,4881804,,15316
2026-09-18T08:21Z,tyrhys dolan,15729487,,16202
2026-09-18T08:21Z,miguel sierra,5731769,,16236
2026-09-18T08:21Z,xavi espart,33390146,,16765
2026-09-18T08:21Z,cheikh thiam,582846,,18039
2026-09-18T08:21Z,yassir zabiri,14176293,,18282
2026-09-18T08:21Z,david soria,35826415,,1919
2026-09-18T08:21Z,yeray alvarez,7198474,,1972
2026-09-18T08:21Z,wojciech szczesny,1215454,,2534
2026-09-18T08:21Z,marc roca,14342418,,3215
2026-09-18T08:21Z,mariano diaz,19517425,,3226
2026-09-18T08:21Z,unai nuñez,10060197,,3785
2026-09-18T08:21Z,ander guevara,606719,,3802
2026-09-18T08:21Z,lucas boye,29319793,,5124
2026-09-18T08:21Z,david hancko,39156948,,5995
2026-09-18T08:21Z,rodrigo riquelme,18325574,,6450
2026-09-18T08:21Z,ante budimir,61136303,,6635
2026-09-18T08:21Z,robert navarro,8918400,,7293
2026-09-18T08:21Z,jose maria gimenez,9922934,,775
2026-09-18T08:21Z,aitor paredes,12971003,,7916
2026-09-18T08:21Z,luka sucic,11260420,,8392
2026-09-18T08:21Z,ramon terrats,9078584,,8944
2026-09-18T08:21Z,carl starfelt,9691489,,9612
2026-09-18T08:21Z,cesar tarrega,8361736,,9762
2026-09-18T08:21Z,luismi cruz,9996593,,9772
2026-09-18T08:21Z,nahuel tenaglia,34204372,,9909
2026-09-18T08:21Z,roberto fernandez,35665333,,9987
2026-09-18T08:21Z,jose alberto lopez,563126,,e168
2026-09-18T16:39Z,omar el hilali,16126209,,10220
2026-09-18T16:39Z,alvaro mantilla,1656339,,10336
2026-09-18T16:39Z,adria altimira,4321437,,10357
2026-09-18T16:39Z,marcos fernandez,1209075,,10893
2026-09-18T16:39Z,abel bretones,10035616,,11230
2026-09-18T16:39Z,chidera ejuke,6169426,,12042
2026-09-18T16:39Z,carlos puga,3564497,,13982
2026-09-18T16:39Z,javier hernandez,16984433,,14024
2026-09-18T16:39Z,ali houary,1013348,,14118
2026-09-18T16:39Z,angel perez,22522785,,15127
2026-09-18T16:39Z,roger hinojo,4881804,,15316
2026-09-18T16:39Z,tyrhys dolan,15729487,,16202
2026-09-18T16:39Z,miguel sierra,5731769,,16236
2026-09-18T16:39Z,xavi espart,33390146,,16765
2026-09-18T16:39Z,cheikh thiam,582846,,18039
2026-09-18T16:39Z,yassir zabiri,14176293,,18282
2026-09-18T16:39Z,david soria,35826415,,1919
2026-09-18T16:39Z,yeray alvarez,7198474,,1972
2026-09-18T16:39Z,wojciech szczesny,1215454,,2534
2026-09-18T16:39Z,pablo fornals,45125589,,2632
2026-09-18T16:39Z,marc roca,14342418,,3215
2026-09-18T16:39Z,mariano diaz,19517425,,3226
2026-09-18T16:39Z,unai nuñez,10060197,,3785
2026-09-18T16:39Z,ander guevara,606719,,3802
2026-09-18T16:39Z,lucas boye,29319793,,5124
2026-09-18T16:39Z,david hancko,39156948,,5995
2026-09-18T16:39Z,rodrigo riquelme,18325574,,6450
2026-09-18T16:39Z,ante budimir,61136303,,6635
2026-09-18T16:39Z,robert navarro,8918400,,7293
2026-09-18T16:39Z,jose maria gimenez,9922934,,775
2026-09-18T16:39Z,aitor paredes,12971003,,7916
2026-09-18T16:39Z,luka sucic,11260420,,8392
2026-09-18T16:39Z,ramon terrats,9078584,,8944
2026-09-18T16:39Z,carl starfelt,9691489,,9612
2026-09-18T16:39Z,cesar tarrega,8361736,,9762
2026-09-18T16:39Z,nahuel tenaglia,34204372,,9909
2026-09-18T16:39Z,roberto fernandez,35665333,,9987
2026-09-18T16:39Z,jose alberto lopez,563126,,e168
2026-09-18T18:28Z,omar el hilali,16126209,,10220
2026-09-18T18:28Z,alvaro mantilla,1656339,,10336
2026-09-18T18:28Z,adria altimira,4321437,,10357
2026-09-18T18:28Z,marcos fernandez,1209075,,10893
2026-09-18T18:28Z,chidera ejuke,6169426,,12042
2026-09-18T18:28Z,carlos puga,3564497,,13982
2026-09-18T18:28Z,ali houary,1013348,,14118
2026-09-18T18:28Z,angel perez,22522785,,15127
2026-09-18T18:28Z,roger hinojo,4881804,,15316
2026-09-18T18:28Z,tyrhys dolan,15729487,,16202
2026-09-18T18:28Z,cheikh thiam,582846,,18039
2026-09-18T18:28Z,yassir zabiri,14176293,,18282
2026-09-18T18:28Z,yeray alvarez,7198474,,1972
2026-09-18T18:28Z,wojciech szczesny,1215454,,2534
2026-09-18T18:28Z,pablo fornals,45125589,,2632
2026-09-18T18:28Z,marc roca,14342418,,3215
2026-09-18T18:28Z,unai nuñez,10060197,,3785
2026-09-18T18:28Z,ander guevara,606719,,3802
2026-09-18T18:28Z,lucas boye,29319793,,5124
2026-09-18T18:28Z,robert navarro,8918400,,7293
2026-09-18T18:28Z,jose maria gimenez,9922934,,775
2026-09-18T18:28Z,carl starfelt,9691489,,9612
2026-09-18T18:28Z,cesar tarrega,8361736,,9762
2026-09-18T18:28Z,jose alberto lopez,563126,,e168
2026-09-18T18:41Z,omar el hilali,16126209,,10220
2026-09-18T18:41Z,alvaro mantilla,1656339,,10336
2026-09-18T18:41Z,adria altimira,4321437,,10357
2026-09-18T18:41Z,marcos fernandez,1209075,,10893
2026-09-18T18:41Z,chidera ejuke,6169426,,12042
2026-09-18T18:41Z,carlos puga,3564497,,13982
2026-09-18T18:41Z,ali houary,1013348,,14118
2026-09-18T18:41Z,angel perez,22522785,,15127
2026-09-18T18:41Z,roger hinojo,4881804,,15316
2026-09-18T18:41Z,tyrhys dolan,15729487,,16202
2026-09-18T18:41Z,cheikh thiam,582846,,18039
2026-09-18T18:41Z,yassir zabiri,14176293,,18282
2026-09-18T18:41Z,yeray alvarez,7198474,,1972
2026-09-18T18:41Z,wojciech szczesny,1215454,,2534
2026-09-18T18:41Z,pablo fornals,45125589,,2632
2026-09-18T18:41Z,marc roca,14342418,,3215
2026-09-18T18:41Z,unai nuñez,10060197,,3785
2026-09-18T18:41Z,ander guevara,606719,,3802
2026-09-18T18:41Z,lucas boye,29319793,,5124
2026-09-18T18:41Z,robert navarro,8918400,,7293
2026-09-18T18:41Z,jose maria gimenez,9922934,,775
2026-09-18T18:41Z,carl starfelt,9691489,,9612
2026-09-18T18:41Z,cesar tarrega,8361736,,9762
2026-09-18T18:41Z,jose alberto lopez,563126,,e168
2026-09-18T18:44Z,omar el hilali,16126209,,10220
2026-09-18T18:44Z,alvaro mantilla,1656339,,10336
2026-09-18T18:44Z,adria altimira,4321437,,10357
2026-09-18T18:44Z,marcos fernandez,1209075,,10893
2026-09-18T18:44Z,chidera ejuke,6169426,,12042
2026-09-18T18:44Z,carlos puga,3564497,,13982
2026-09-18T18:44Z,ali houary,1013348,,14118
2026-09-18T18:44Z,angel perez,22522785,,15127
2026-09-18T18:44Z,roger hinojo,4881804,,15316
2026-09-18T18:44Z,tyrhys dolan,15729487,,16202
2026-09-18T18:44Z,cheikh thiam,582846,,18039
2026-09-18T18:44Z,yassir zabiri,14176293,,18282
2026-09-18T18:44Z,yeray alvarez,7198474,,1972
2026-09-18T18:44Z,wojciech szczesny,1215454,,2534
2026-09-18T18:44Z,pablo fornals,45125589,,2632
2026-09-18T18:44Z,marc roca,14342418,,3215
2026-09-18T18:44Z,unai nuñez,10060197,,3785
2026-09-18T18:44Z,ander guevara,606719,,3802
2026-09-18T18:44Z,lucas boye,29319793,,5124
2026-09-18T18:44Z,robert navarro,8918400,,7293
2026-09-18T18:44Z,jose maria gimenez,9922934,,775
2026-09-18T18:44Z,carl starfelt,9691489,,9612
2026-09-18T18:44Z,cesar tarrega,8361736,,9762
2026-09-18T18:44Z,jose alberto lopez,563126,,e168
2026-09-18T18:50Z,omar el hilali,16126209,,10220
2026-09-18T18:50Z,alvaro mantilla,1656339,,10336
2026-09-18T18:50Z,adria altimira,4321437,,10357
2026-09-18T18:50Z,marcos fernandez,1209075,,10893
2026-09-18T18:50Z,chidera ejuke,6169426,,12042
2026-09-18T18:50Z,carlos puga,3564497,,13982
2026-09-18T18:50Z,ali houary,1013348,,14118
2026-09-18T18:50Z,angel perez,22522785,,15127
2026-09-18T18:50Z,roger hinojo,4881804,,15316
2026-09-18T18:50Z,tyrhys dolan,15729487,,16202
2026-09-18T18:50Z,cheikh thiam,582846,,18039
2026-09-18T18:50Z,yassir zabiri,14176293,,18282
2026-09-18T18:50Z,yeray alvarez,7198474,,1972
2026-09-18T18:50Z,wojciech szczesny,1215454,,2534
2026-09-18T18:50Z,pablo fornals,45125589,,2632
2026-09-18T18:50Z,marc roca,14342418,,3215
2026-09-18T18:50Z,unai nuñez,10060197,,3785
2026-09-18T18:50Z,ander guevara,606719,,3802
2026-09-18T18:50Z,lucas boye,29319793,,5124
2026-09-18T18:50Z,robert navarro,8918400,,7293
2026-09-18T18:50Z,jose maria gimenez,9922934,,775
2026-09-18T18:50Z,carl starfelt,9691489,,9612
2026-09-18T18:50Z,cesar tarrega,8361736,,9762
2026-09-18T18:50Z,jose alberto lopez,563126,,e168
2026-09-18T19:17Z,omar el hilali,16126209,,10220
2026-09-18T19:17Z,alvaro mantilla,1656339,,10336
2026-09-18T19:17Z,adria altimira,4321437,,10357
2026-09-18T19:17Z,marcos fernandez,1209075,,10893
2026-09-18T19:17Z,chidera ejuke,6169426,,12042
2026-09-18T19:17Z,carlos puga,3564497,,13982
2026-09-18T19:17Z,ali houary,1013348,,14118
2026-09-18T19:17Z,angel perez,22522785,,15127
2026-09-18T19:17Z,roger hinojo,4881804,,15316
2026-09-18T19:17Z,tyrhys dolan,15729487,,16202
2026-09-18T19:17Z,cheikh thiam,582846,,18039
2026-09-18T19:17Z,yassir zabiri,14176293,,18282
2026-09-18T19:17Z,yeray alvarez,7198474,,1972
2026-09-18T19:17Z,wojciech szczesny,1215454,,2534
2026-09-18T19:17Z,pablo fornals,45125589,,2632
2026-09-18T19:17Z,marc roca,14342418,,3215
2026-09-18T19:17Z,unai nuñez,10060197,,3785
2026-09-18T19:17Z,ander guevara,606719,,3802
2026-09-18T19:17Z,lucas boye,29319793,,5124
2026-09-18T19:17Z,robert navarro,8918400,,7293
2026-09-18T19:17Z,jose maria gimenez,9922934,,775
2026-09-18T19:17Z,carl starfelt,9691489,,9612
2026-09-18T19:17Z,cesar tarrega,8361736,,9762
2026-09-18T19:17Z,jose alberto lopez,563126,,e168
2026-09-18T19:18Z,omar el hilali,16126209,,10220
2026-09-18T19:18Z,alvaro mantilla,1656339,,10336
2026-09-18T19:18Z,adria altimira,4321437,,10357
2026-09-18T19:18Z,marcos fernandez,1209075,,10893
2026-09-18T19:18Z,chidera ejuke,6169426,,12042
2026-09-18T19:18Z,carlos puga,3564497,,13982
2026-09-18T19:18Z,ali houary,1013348,,14118
2026-09-18T19:18Z,angel perez,22522785,,15127
2026-09-18T19:18Z,roger hinojo,4881804,,15316
2026-09-18T19:18Z,tyrhys dolan,15729487,,16202
2026-09-18T19:18Z,cheikh thiam,582846,,18039
2026-09-18T19:18Z,yassir zabiri,14176293,,18282
2026-09-18T19:18Z,yeray alvarez,7198474,,1972
2026-09-18T19:18Z,wojciech szczesny,1215454,,2534
2026-09-18T19:18Z,pablo fornals,45125589,,2632
2026-09-18T19:18Z,marc roca,14342418,,3215
2026-09-18T19:18Z,unai nuñez,10060197,,3785
2026-09-18T19:18Z,ander guevara,606719,,3802
2026-09-18T19:18Z,lucas boye,29319793,,5124
2026-09-18T19:18Z,robert navarro,8918400,,7293
2026-09-18T19:18Z,jose maria gimenez,9922934,,775
2026-09-18T19:18Z,carl starfelt,9691489,,9612
2026-09-18T19:18Z,cesar tarrega,8361736,,9762
2026-09-18T19:18Z,jose alberto lopez,563126,,e168
2026-09-18T19:19Z,omar el hilali,16126209,,10220
2026-09-18T19:19Z,alvaro mantilla,1656339,,10336
2026-09-18T19:19Z,adria altimira,4321437,,10357
2026-09-18T19:19Z,marcos fernandez,1209075,,10893
2026-09-18T19:19Z,chidera ejuke,6169426,,12042
2026-09-18T19:19Z,carlos puga,3564497,,13982
2026-09-18T19:19Z,ali houary,1013348,,14118
2026-09-18T19:19Z,angel perez,22522785,,15127
2026-09-18T19:19Z,roger hinojo,4881804,,15316
2026-09-18T19:19Z,tyrhys dolan,15729487,,16202
2026-09-18T19:19Z,cheikh thiam,582846,,18039
2026-09-18T19:19Z,yassir zabiri,14176293,,18282
2026-09-18T19:19Z,yeray alvarez,7198474,,1972
2026-09-18T19:19Z,wojciech szczesny,1215454,,2534
2026-09-18T19:19Z,pablo fornals,45125589,,2632
2026-09-18T19:19Z,marc roca,14342418,,3215
2026-09-18T19:19Z,unai nuñez,10060197,,3785
2026-09-18T19:19Z,ander guevara,606719,,3802
2026-09-18T19:19Z,lucas boye,29319793,,5124
2026-09-18T19:19Z,robert navarro,8918400,,7293
2026-09-18T19:19Z,jose maria gimenez,9922934,,775
2026-09-18T19:19Z,carl starfelt,9691489,,9612
2026-09-18T19:19Z,cesar tarrega,8361736,,9762
2026-09-18T19:19Z,jose alberto lopez,563126,,e168
2026-09-18T19:30Z,omar el hilali,16126209,,10220
2026-09-18T19:30Z,alvaro mantilla,1656339,,10336
2026-09-18T19:30Z,adria altimira,4321437,,10357
2026-09-18T19:30Z,marcos fernandez,1209075,,10893
2026-09-18T19:30Z,chidera ejuke,6169426,,12042
2026-09-18T19:30Z,carlos puga,3564497,,13982
2026-09-18T19:30Z,ali houary,1013348,,14118
2026-09-18T19:30Z,angel perez,22522785,,15127
2026-09-18T19:30Z,roger hinojo,4881804,,15316
2026-09-18T19:30Z,tyrhys dolan,15729487,,16202
2026-09-18T19:30Z,cheikh thiam,582846,,18039
2026-09-18T19:30Z,yassir zabiri,14176293,,18282
2026-09-18T19:30Z,yeray alvarez,7198474,,1972
2026-09-18T19:30Z,wojciech szczesny,1215454,,2534
2026-09-18T19:30Z,pablo fornals,45125589,,2632
2026-09-18T19:30Z,marc roca,14342418,,3215
2026-09-18T19:30Z,unai nuñez,10060197,,3785
2026-09-18T19:30Z,ander guevara,606719,,3802
2026-09-18T19:30Z,lucas boye,29319793,,5124
2026-09-18T19:30Z,robert navarro,8918400,,7293
2026-09-18T19:30Z,jose maria gimenez,9922934,,775
2026-09-18T19:30Z,carl starfelt,9691489,,9612
2026-09-18T19:30Z,cesar tarrega,8361736,,9762
2026-09-18T19:30Z,jose alberto lopez,563126,,e168
2026-09-18T19:46Z,omar el hilali,16126209,,10220
2026-09-18T19:46Z,alvaro mantilla,1656339,,10336
2026-09-18T19:46Z,adria altimira,4321437,,10357
2026-09-18T19:46Z,marcos fernandez,1209075,,10893
2026-09-18T19:46Z,chidera ejuke,6169426,,12042
2026-09-18T19:46Z,carlos puga,3564497,,13982
2026-09-18T19:46Z,ali houary,1013348,,14118
2026-09-18T19:46Z,angel perez,22522785,,15127
2026-09-18T19:46Z,roger hinojo,4881804,,15316
2026-09-18T19:46Z,tyrhys dolan,15729487,,16202
2026-09-18T19:46Z,cheikh thiam,582846,,18039
2026-09-18T19:46Z,yassir zabiri,14176293,,18282
2026-09-18T19:46Z,yeray alvarez,7198474,,1972
2026-09-18T19:46Z,wojciech szczesny,1215454,,2534
2026-09-18T19:46Z,pablo fornals,45125589,,2632
2026-09-18T19:46Z,marc roca,14342418,,3215
2026-09-18T19:46Z,unai nuñez,10060197,,3785
2026-09-18T19:46Z,ander guevara,606719,,3802
2026-09-18T19:46Z,lucas boye,29319793,,5124
2026-09-18T19:46Z,robert navarro,8918400,,7293
2026-09-18T19:46Z,jose maria gimenez,9922934,,775
2026-09-18T19:46Z,carl starfelt,9691489,,9612
2026-09-18T19:46Z,cesar tarrega,8361736,,9762
2026-09-18T19:46Z,jose alberto lopez,563126,,e168
2026-09-18T19:50Z,omar el hilali,16126209,,10220
2026-09-18T19:50Z,alvaro mantilla,1656339,,10336
2026-09-18T19:50Z,adria altimira,4321437,,10357
2026-09-18T19:50Z,marcos fernandez,1209075,,10893
2026-09-18T19:50Z,chidera ejuke,6169426,,12042
2026-09-18T19:50Z,carlos puga,3564497,,13982
2026-09-18T19:50Z,ali houary,1013348,,14118
2026-09-18T19:50Z,angel perez,22522785,,15127
2026-09-18T19:50Z,roger hinojo,4881804,,15316
2026-09-18T19:50Z,tyrhys dolan,15729487,,16202
2026-09-18T19:50Z,cheikh thiam,582846,,18039
2026-09-18T19:50Z,yassir zabiri,14176293,,18282
2026-09-18T19:50Z,yeray alvarez,7198474,,1972
2026-09-18T19:50Z,wojciech szczesny,1215454,,2534
2026-09-18T19:50Z,pablo fornals,45125589,,2632
2026-09-18T19:50Z,marc roca,14342418,,3215
2026-09-18T19:50Z,unai nuñez,10060197,,3785
2026-09-18T19:50Z,ander guevara,606719,,3802
2026-09-18T19:50Z,lucas boye,29319793,,5124
2026-09-18T19:50Z,robert navarro,8918400,,7293
2026-09-18T19:50Z,jose maria gimenez,9922934,,775
2026-09-18T19:50Z,carl starfelt,9691489,,9612
2026-09-18T19:50Z,cesar tarrega,8361736,,9762
2026-09-18T19:50Z,jose alberto lopez,563126,,e168
2026-09-18T19:57Z,omar el hilali,16126209,,10220
2026-09-18T19:57Z,alvaro mantilla,1656339,,10336
2026-09-18T19:57Z,adria altimira,4321437,,10357
2026-09-18T19:57Z,marcos fernandez,1209075,,10893
2026-09-18T19:57Z,chidera ejuke,6169426,,12042
2026-09-18T19:57Z,carlos puga,3564497,,13982
2026-09-18T19:57Z,ali houary,1013348,,14118
2026-09-18T19:57Z,angel perez,22522785,,15127
2026-09-18T19:57Z,roger hinojo,4881804,,15316
2026-09-18T19:57Z,tyrhys dolan,15729487,,16202
2026-09-18T19:57Z,cheikh thiam,582846,,18039
2026-09-18T19:57Z,yassir zabiri,14176293,,18282
2026-09-18T19:57Z,yeray alvarez,7198474,,1972
2026-09-18T19:57Z,wojciech szczesny,1215454,,2534
2026-09-18T19:57Z,pablo fornals,45125589,,2632
2026-09-18T19:57Z,marc roca,14342418,,3215
2026-09-18T19:57Z,unai nuñez,10060197,,3785
2026-09-18T19:57Z,ander guevara,606719,,3802
2026-09-18T19:57Z,lucas boye,29319793,,5124
2026-09-18T19:57Z,robert navarro,8918400,,7293
2026-09-18T19:57Z,jose maria gimenez,9922934,,775
2026-09-18T19:57Z,carl starfelt,9691489,,9612
2026-09-18T19:57Z,cesar tarrega,8361736,,9762
2026-09-18T19:57Z,jose alberto lopez,563126,,e168
2026-09-18T20:39Z,omar el hilali,16126209,,10220
2026-09-18T20:39Z,alvaro mantilla,1656339,,10336
2026-09-18T20:39Z,ali houary,1013348,,14118
2026-09-18T20:39Z,jose angel lopez,491190,,14928
2026-09-18T20:39Z,jones el-abdellaoui,819113,,14980
2026-09-18T20:39Z,jonathan asp jensen,3846711,,15351
2026-09-18T20:39Z,davinchi,1402051,,16004
2026-09-18T20:39Z,samu becerra,557302,,16146
2026-09-18T20:39Z,xanet olaiz,472450,,16931
2026-09-18T20:39Z,javi morcillo,724472,,17495
2026-09-18T20:39Z,joseph otu,640121,,18378
2026-09-18T20:39Z,yeray alvarez,7198474,,1972
2026-09-18T20:39Z,pablo fornals,45125589,,2632
2026-09-18T20:39Z,marc roca,14342418,,3215
2026-09-18T20:39Z,lucas boye,29319793,,5124
2026-09-18T20:39Z,joaquin muñoz,4262184,,6050
2026-09-18T20:39Z,robert navarro,8918400,,7293
2026-09-18T20:39Z,pape gueye,32511138,,8413
2026-09-18T20:39Z,carl starfelt,9691489,,9612
2026-09-18T20:39Z,hugo gonzalez,1618921,,9744
2026-09-18T20:39Z,juan carlos arana,518824,,9930
2026-09-18T20:39Z,antonio hidalgo,738188,,e170
2026-09-18T20:56Z,omar el hilali,16126209,,10220
2026-09-18T20:56Z,alvaro mantilla,1656339,,10336
2026-09-18T20:56Z,ali houary,1013348,,14118
2026-09-18T20:56Z,jose angel lopez,491190,,14928
2026-09-18T20:56Z,jones el-abdellaoui,819113,,14980
2026-09-18T20:56Z,jonathan asp jensen,3846711,,15351
2026-09-18T20:56Z,davinchi,1402051,,16004
2026-09-18T20:56Z,samu becerra,557302,,16146
2026-09-18T20:56Z,xanet olaiz,472450,,16931
2026-09-18T20:56Z,javi morcillo,724472,,17495
2026-09-18T20:56Z,joseph otu,640121,,18378
2026-09-18T20:56Z,yeray alvarez,7198474,,1972
2026-09-18T20:56Z,pablo fornals,45125589,,2632
2026-09-18T20:56Z,marc roca,14342418,,3215
2026-09-18T20:56Z,lucas boye,29319793,,5124
2026-09-18T20:56Z,joaquin muñoz,4262184,,6050
2026-09-18T20:56Z,robert navarro,8918400,,7293
2026-09-18T20:56Z,pape gueye,32511138,,8413
2026-09-18T20:56Z,carl starfelt,9691489,,9612
2026-09-18T20:56Z,hugo gonzalez,1618921,,9744
2026-09-18T20:56Z,juan carlos arana,518824,,9930
2026-09-18T20:56Z,antonio hidalgo,738188,,e170
2026-09-19T04:33Z,omar el hilali,15872587,,10220
2026-09-19T04:33Z,alvaro mantilla,1633223,,10336
2026-09-19T04:33Z,ali houary,989489,,14118
2026-09-19T04:33Z,jose angel lopez,488217,,14928
2026-09-19T04:33Z,jones el-abdellaoui,803023,,14980
2026-09-19T04:33Z,jonathan asp jensen,3777622,,15351
2026-09-19T04:33Z,davinchi,1365682,,16004
2026-09-19T04:33Z,samu becerra,551685,,16146
2026-09-19T04:33Z,xanet olaiz,470226,,16931
2026-09-19T04:33Z,javi morcillo,725871,,17495
2026-09-19T04:33Z,joseph otu,631192,,18378
2026-09-19T04:33Z,yeray alvarez,7216166,,1972
2026-09-19T04:33Z,pablo fornals,44544655,,2632
2026-09-19T04:33Z,marc roca,14658511,,3215
2026-09-19T04:33Z,lucas boye,29931257,,5124
2026-09-19T04:33Z,joaquin muñoz,4198086,,6050
2026-09-19T04:33Z,robert navarro,9353482,,7293
2026-09-19T04:33Z,pape gueye,32741841,,8413
2026-09-19T04:33Z,carl starfelt,9525661,,9612
2026-09-19T04:33Z,hugo gonzalez,1705506,,9744
2026-09-19T04:33Z,juan carlos arana,514745,,9930
2026-09-19T04:33Z,antonio hidalgo,725336,,e170
2026-09-19T05:59Z,omar el hilali,15872587,,10220
2026-09-19T05:59Z,alvaro mantilla,1633223,,10336
2026-09-19T05:59Z,jose angel lopez,488217,,14928
2026-09-19T05:59Z,jones el-abdellaoui,803023,,14980
2026-09-19T05:59Z,jonathan asp jensen,3777622,,15351
2026-09-19T05:59Z,davinchi,1365682,,16004
2026-09-19T05:59Z,samu becerra,551685,,16146
2026-09-19T05:59Z,xanet olaiz,470226,,16931
2026-09-19T05:59Z,javi morcillo,725871,,17495
2026-09-19T05:59Z,joseph otu,631192,,18378
2026-09-19T05:59Z,pablo fornals,44544655,,2632
2026-09-19T05:59Z,marc roca,14658511,,3215
2026-09-19T05:59Z,lucas boye,29931257,,5124
2026-09-19T05:59Z,joaquin muñoz,4198086,,6050
2026-09-19T05:59Z,robert navarro,9353482,,7293
2026-09-19T05:59Z,pape gueye,32741841,,8413
2026-09-19T05:59Z,carl starfelt,9525661,,9612
2026-09-19T05:59Z,hugo gonzalez,1705506,,9744
2026-09-19T05:59Z,juan carlos arana,514745,,9930
2026-09-19T05:59Z,antonio hidalgo,725336,,e170
2026-09-19T08:01Z,omar el hilali,15872587,,10220
2026-09-19T08:01Z,alvaro mantilla,1633223,,10336
2026-09-19T08:01Z,jose angel lopez,488217,,14928
2026-09-19T08:01Z,jones el-abdellaoui,803023,,14980
2026-09-19T08:01Z,jonathan asp jensen,3777622,,15351
2026-09-19T08:01Z,davinchi,1365682,,16004
2026-09-19T08:01Z,samu becerra,551685,,16146
2026-09-19T08:01Z,xanet olaiz,470226,,16931
2026-09-19T08:01Z,javi morcillo,725871,,17495
2026-09-19T08:01Z,joseph otu,631192,,18378
2026-09-19T08:01Z,pablo fornals,44544655,,2632
2026-09-19T08:01Z,marc roca,14658511,,3215
2026-09-19T08:01Z,lucas boye,29931257,,5124
2026-09-19T08:01Z,joaquin muñoz,4198086,,6050
2026-09-19T08:01Z,robert navarro,9353482,,7293
2026-09-19T08:01Z,pape gueye,32741841,,8413
2026-09-19T08:01Z,carl starfelt,9525661,,9612
2026-09-19T08:01Z,hugo gonzalez,1705506,,9744
2026-09-19T08:01Z,juan carlos arana,514745,,9930
2026-09-19T08:01Z,antonio hidalgo,725336,,e170
2026-09-19T20:41Z,omar el hilali,15872587,,10220
2026-09-19T20:41Z,alvaro mantilla,1633223,,10336
2026-09-19T20:41Z,abel bretones,9960090,,11230
2026-09-19T20:41Z,lamine yamal,145305286,,11520
2026-09-19T20:41Z,carlos espi,13861383,,12870
2026-09-19T20:41Z,yoel lago,6550633,,13036
2026-09-19T20:41Z,sebastian caceres,4922973,,13608
2026-09-19T20:41Z,martim neto,961497,,13883
2026-09-19T20:41Z,javier hernandez,17330264,,14024
2026-09-19T20:41Z,jorge salinas,6949404,,14105
2026-09-19T20:41Z,angel perez,23446101,,15127
2026-09-19T20:41Z,miguel sierra,6217148,,16236
2026-09-19T20:41Z,xavi espart,35097986,,16765
2026-09-19T20:41Z,nizar el jmili,741049,,18041
2026-09-19T20:41Z,yassir zabiri,15170368,,18282
2026-09-19T20:41Z,david soria,35881249,,1919
2026-09-19T20:41Z,pablo fornals,44544655,,2632
2026-09-19T20:41Z,mariano diaz,19827184,,3226
2026-09-19T20:41Z,leandro cabrera,11514320,,582
2026-09-19T20:41Z,david hancko,39206298,,5995
2026-09-19T20:41Z,rodrigo riquelme,18627542,,6450
2026-09-19T20:41Z,ante budimir,60462860,,6635
2026-09-19T20:41Z,german parreño,466826,,698
2026-09-19T20:41Z,nemanja gudelj,6193931,,7028
2026-09-19T20:41Z,jose maria gimenez,10340446,,775
2026-09-19T20:41Z,aitor paredes,12825256,,7916
2026-09-19T20:41Z,jose salinas,946651,,8250
2026-09-19T20:41Z,luka sucic,11622902,,8392
2026-09-19T20:41Z,david larrubia,24987051,,8780
2026-09-19T20:41Z,ramon terrats,8986841,,8944
2026-09-19T20:41Z,matias dituro,9351325,,9161
2026-09-19T20:41Z,carl starfelt,9525661,,9612
2026-09-19T20:41Z,luismi cruz,10216673,,9772
2026-09-19T20:41Z,nahuel tenaglia,34057871,,9909
2026-09-19T20:41Z,roberto fernandez,36980132,,9987
2026-09-19T20:41Z,luis castro,634120,,e119
2026-09-19T22:02Z,omar el hilali,15872587,,10220
2026-09-19T22:02Z,alvaro mantilla,1633223,,10336
2026-09-19T22:02Z,abel bretones,9960090,,11230
2026-09-19T22:02Z,lamine yamal,145305286,,11520
2026-09-19T22:02Z,carlos espi,13861383,,12870
2026-09-19T22:02Z,yoel lago,6550633,,13036
2026-09-19T22:02Z,sebastian caceres,4922973,,13608
2026-09-19T22:02Z,martim neto,961497,,13883
2026-09-19T22:02Z,javier hernandez,17330264,,14024
2026-09-19T22:02Z,jorge salinas,6949404,,14105
2026-09-19T22:02Z,angel perez,23446101,,15127
2026-09-19T22:02Z,miguel sierra,6217148,,16236
2026-09-19T22:02Z,xavi espart,35097986,,16765
2026-09-19T22:02Z,nizar el jmili,741049,,18041
2026-09-19T22:02Z,yassir zabiri,15170368,,18282
2026-09-19T22:02Z,david soria,35881249,,1919
2026-09-19T22:02Z,pablo fornals,44544655,,2632
2026-09-19T22:02Z,mariano diaz,19827184,,3226
2026-09-19T22:02Z,leandro cabrera,11514320,,582
2026-09-19T22:02Z,david hancko,39206298,,5995
2026-09-19T22:02Z,rodrigo riquelme,18627542,,6450
2026-09-19T22:02Z,ante budimir,60462860,,6635
2026-09-19T22:02Z,german parreño,466826,,698
2026-09-19T22:02Z,nemanja gudelj,6193931,,7028
2026-09-19T22:02Z,jose maria gimenez,10340446,,775
2026-09-19T22:02Z,aitor paredes,12825256,,7916
2026-09-19T22:02Z,jose salinas,946651,,8250
2026-09-19T22:02Z,luka sucic,11622902,,8392
2026-09-19T22:02Z,david larrubia,24987051,,8780
2026-09-19T22:02Z,ramon terrats,8986841,,8944
2026-09-19T22:02Z,matias dituro,9351325,,9161
2026-09-19T22:02Z,carl starfelt,9525661,,9612
2026-09-19T22:02Z,luismi cruz,10216673,,9772
2026-09-19T22:02Z,nahuel tenaglia,34057871,,9909
2026-09-19T22:02Z,roberto fernandez,36980132,,9987
2026-09-19T22:02Z,luis castro,634120,,e119
2026-09-20T05:28Z,omar el hilali,15733866,,10220
2026-09-20T05:28Z,alvaro mantilla,1592661,,10336
2026-09-20T05:28Z,abel bretones,9749083,,11230
2026-09-20T05:28Z,lamine yamal,147426562,,11520
2026-09-20T05:28Z,carlos espi,13937154,,12870
2026-09-20T05:28Z,yoel lago,6926753,,13036
2026-09-20T05:28Z,sebastian caceres,4815269,,13608
2026-09-20T05:28Z,martim neto,942300,,13883
2026-09-20T05:28Z,javier hernandez,17483662,,14024
2026-09-20T05:28Z,jorge salinas,6841192,,14105
2026-09-20T05:28Z,angel perez,24441095,,15127
2026-09-20T05:28Z,miguel sierra,6762751,,16236
2026-09-20T05:28Z,xavi espart,37149832,,16765
2026-09-20T05:28Z,nizar el jmili,730670,,18041
2026-09-20T05:28Z,yassir zabiri,16138511,,18282
2026-09-20T05:28Z,david soria,36077441,,1919
2026-09-20T05:28Z,pablo fornals,43754695,,2632
2026-09-20T05:28Z,mariano diaz,20212768,,3226
2026-09-20T05:28Z,leandro cabrera,11450598,,582
2026-09-20T05:28Z,david hancko,39206478,,5995
2026-09-20T05:28Z,rodrigo riquelme,18923781,,6450
2026-09-20T05:28Z,ante budimir,60151925,,6635
2026-09-20T05:28Z,german parreño,467416,,698
2026-09-20T05:28Z,nemanja gudelj,6073452,,7028
2026-09-20T05:28Z,jose maria gimenez,10759594,,775
2026-09-20T05:28Z,aitor paredes,12721898,,7916
2026-09-20T05:28Z,jose salinas,937446,,8250
2026-09-20T05:28Z,luka sucic,11937396,,8392
2026-09-20T05:28Z,david larrubia,24394111,,8780
2026-09-20T05:28Z,ramon terrats,8920860,,8944
2026-09-20T05:28Z,matias dituro,9421635,,9161
2026-09-20T05:28Z,carl starfelt,9297908,,9612
2026-09-20T05:28Z,luismi cruz,10442984,,9772
2026-09-20T05:28Z,nahuel tenaglia,33722867,,9909
2026-09-20T05:28Z,roberto fernandez,38346135,,9987
2026-09-20T05:28Z,luis castro,628018,,e119
2026-09-20T08:02Z,omar el hilali,15733866,,10220
2026-09-20T08:02Z,alvaro mantilla,1592661,,10336
2026-09-20T08:02Z,abel bretones,9749083,,11230
2026-09-20T08:02Z,lamine yamal,147426562,,11520
2026-09-20T08:02Z,carlos espi,13937154,,12870
2026-09-20T08:02Z,yoel lago,6926753,,13036
2026-09-20T08:02Z,sebastian caceres,4815269,,13608
2026-09-20T08:02Z,martim neto,942300,,13883
2026-09-20T08:02Z,javier hernandez,17483662,,14024
2026-09-20T08:02Z,jorge salinas,6841192,,14105
2026-09-20T08:02Z,angel perez,24441095,,15127
2026-09-20T08:02Z,miguel sierra,6762751,,16236
2026-09-20T08:02Z,xavi espart,37149832,,16765
2026-09-20T08:02Z,nizar el jmili,730670,,18041
2026-09-20T08:02Z,yassir zabiri,16138511,,18282
2026-09-20T08:02Z,david soria,36077441,,1919
2026-09-20T08:02Z,pablo fornals,43754695,,2632
2026-09-20T08:02Z,mariano diaz,20212768,,3226
2026-09-20T08:02Z,leandro cabrera,11450598,,582
2026-09-20T08:02Z,david hancko,39206478,,5995
2026-09-20T08:02Z,rodrigo riquelme,18923781,,6450
2026-09-20T08:02Z,ante budimir,60151925,,6635
2026-09-20T08:02Z,german parreño,467416,,698
2026-09-20T08:02Z,nemanja gudelj,6073452,,7028
2026-09-20T08:02Z,jose maria gimenez,10759594,,775
2026-09-20T08:02Z,aitor paredes,12721898,,7916
2026-09-20T08:02Z,jose salinas,937446,,8250
2026-09-20T08:02Z,luka sucic,11937396,,8392
2026-09-20T08:02Z,david larrubia,24394111,,8780
2026-09-20T08:02Z,ramon terrats,8920860,,8944
2026-09-20T08:02Z,matias dituro,9421635,,9161
2026-09-20T08:02Z,carl starfelt,9297908,,9612
2026-09-20T08:02Z,luismi cruz,10442984,,9772
2026-09-20T08:02Z,nahuel tenaglia,33722867,,9909
2026-09-20T08:02Z,roberto fernandez,38346135,,9987
2026-09-20T08:02Z,luis castro,628018,,e119
2026-09-20T20:40Z,omar el hilali,15733866,,10220
2026-09-20T20:40Z,alvaro mantilla,1592661,,10336
2026-09-20T20:40Z,augusto batalla,15648518,,12651
2026-09-20T20:40Z,matia barzic,518481,,14115
2026-09-20T20:40Z,miguel sierra,6762751,,16236
2026-09-20T20:40Z,jorge dominguez,1934772,,18213
2026-09-20T20:40Z,juani,1002303,,18225
2026-09-20T20:40Z,david soria,36077441,,1919
2026-09-20T20:40Z,pablo fornals,43754695,,2632
2026-09-20T20:40Z,kike garcia,1218128,,2751
2026-09-20T20:40Z,igor zubeldia,10959886,,2802
2026-09-20T20:40Z,thomas lemar,4000351,,3427
2026-09-20T20:40Z,jon guridi,6740343,,3736
2026-09-20T20:40Z,leandro cabrera,11450598,,582
2026-09-20T20:40Z,david hancko,39206478,,5995
2026-09-20T20:40Z,ante budimir,60151925,,6635
2026-09-20T20:40Z,jose maria gimenez,10759594,,775
2026-09-20T20:40Z,aitor paredes,12721898,,7916
2026-09-20T20:40Z,luka sucic,11937396,,8392
2026-09-20T20:40Z,karim adeyemi,58560883,,8395
2026-09-20T20:40Z,ramon terrats,8920860,,8944
2026-09-20T20:40Z,altay bayindir,1022637,,9012
2026-09-20T20:40Z,carl starfelt,9297908,,9612
2026-09-20T20:40Z,luismi cruz,10442984,,9772
2026-09-20T20:40Z,arnau comas,494750,,9854
2026-09-20T20:40Z,roberto fernandez,38346135,,9987
2026-09-20T20:40Z,manuel pellegrini,1394591,,e72
2026-09-20T20:48Z,omar el hilali,15733866,,10220
2026-09-20T20:48Z,alvaro mantilla,1592661,,10336
2026-09-20T20:48Z,natan,34072495,,11813
2026-09-20T20:48Z,augusto batalla,15648518,,12651
2026-09-20T20:48Z,miguel roman,13182057,,13808
2026-09-20T20:48Z,matia barzic,518481,,14115
2026-09-20T20:48Z,ali houary,969172,,14118
2026-09-20T20:48Z,zaid romero,24854223,,14210
2026-09-20T20:48Z,miguel sierra,6762751,,16236
2026-09-20T20:48Z,mathew ryan,30291742,,1743
2026-09-20T20:48Z,jorge dominguez,1934772,,18213
2026-09-20T20:48Z,juani,1002303,,18225
2026-09-20T20:48Z,david soria,36077441,,1919
2026-09-20T20:48Z,yeray alvarez,7127229,,1972
2026-09-20T20:48Z,pablo fornals,43754695,,2632
2026-09-20T20:48Z,pepelu,10987747,,2715
2026-09-20T20:48Z,kike garcia,1218128,,2751
2026-09-20T20:48Z,igor zubeldia,10959886,,2802
2026-09-20T20:48Z,thomas lemar,4000351,,3427
2026-09-20T20:48Z,jon guridi,6740343,,3736
2026-09-20T20:48Z,dakonam djene,17326370,,3881
2026-09-20T20:48Z,marcos alonso,30458916,,4397
2026-09-20T20:48Z,leandro cabrera,11450598,,582
2026-09-20T20:48Z,david hancko,39206478,,5995
2026-09-20T20:48Z,iñigo vicente,33524773,,6442
2026-09-20T20:48Z,ante budimir,60151925,,6635
2026-09-20T20:48Z,sergio carreira,7790658,,7199
2026-09-20T20:48Z,lucien agoume,11701604,,7249
2026-09-20T20:48Z,jose maria gimenez,10759594,,775
2026-09-20T20:48Z,aitor paredes,12721898,,7916
2026-09-20T20:48Z,luka sucic,11937396,,8392
2026-09-20T20:48Z,karim adeyemi,58560883,,8395
2026-09-20T20:48Z,ramon terrats,8920860,,8944
2026-09-20T20:48Z,altay bayindir,1022637,,9012
2026-09-20T20:48Z,carl starfelt,9297908,,9612
2026-09-20T20:48Z,luismi cruz,10442984,,9772
2026-09-20T20:48Z,arnau comas,494750,,9854
2026-09-20T20:48Z,roberto fernandez,38346135,,9987
2026-09-20T20:48Z,manuel pellegrini,1394591,,e72
2026-09-21T05:47Z,alvaro mantilla,1551862,,10336
2026-09-21T05:47Z,lamine yamal,149715896,,11520
2026-09-21T05:47Z,natan,35585516,,11813
2026-09-21T05:47Z,augusto batalla,15187705,,12651
2026-09-21T05:47Z,yoel lago,7498372,,13036
2026-09-21T05:47Z,miguel roman,13913152,,13808
2026-09-21T05:47Z,matia barzic,516522,,14115
2026-09-21T05:47Z,ali houary,949185,,14118
2026-09-21T05:47Z,zaid romero,25089479,,14210
2026-09-21T05:47Z,miguel sierra,7337610,,16236
2026-09-21T05:47Z,mathew ryan,30109834,,1743
2026-09-21T05:47Z,jorge dominguez,1879358,,18213
2026-09-21T05:47Z,juani,980991,,18225
2026-09-21T05:47Z,david soria,36339208,,1919
2026-09-21T05:47Z,yeray alvarez,6979482,,1972
2026-09-21T05:47Z,pablo fornals,42951442,,2632
2026-09-21T05:47Z,pepelu,11231648,,2715
2026-09-21T05:47Z,kike garcia,1188183,,2751
2026-09-21T05:47Z,igor zubeldia,10643867,,2802
2026-09-21T05:47Z,thomas lemar,4042896,,3427
2026-09-21T05:47Z,jon guridi,6697665,,3736
2026-09-21T05:47Z,dakonam djene,17756259,,3881
2026-09-21T05:47Z,marcos alonso,29938720,,4397
2026-09-21T05:47Z,leandro cabrera,11292201,,582
2026-09-21T05:47Z,david hancko,39227458,,5995
2026-09-21T05:47Z,iñigo vicente,33243480,,6442
2026-09-21T05:47Z,ante budimir,60291587,,6635
2026-09-21T05:47Z,nemanja gudelj,5952860,,7028
2026-09-21T05:47Z,sergio carreira,7810032,,7199
2026-09-21T05:47Z,lucien agoume,12118495,,7249
2026-09-21T05:47Z,jose maria gimenez,11153868,,775
2026-09-21T05:47Z,aitor paredes,13069909,,7916
2026-09-21T05:47Z,luka sucic,12181318,,8392
2026-09-21T05:47Z,karim adeyemi,61174206,,8395
2026-09-21T05:47Z,ramon terrats,9005009,,8944
2026-09-21T05:47Z,altay bayindir,1000512,,9012
2026-09-21T05:47Z,luismi cruz,10574353,,9772
2026-09-21T05:47Z,arnau comas,493740,,9854
2026-09-21T05:47Z,roberto fernandez,39493494,,9987
2026-09-21T05:47Z,manuel pellegrini,1357587,,e72
2026-09-23T15:49Z,alvaro f. carreras,9018530,,10176
2026-09-23T15:49Z,angel ortiz,882000,,10233
2026-09-23T15:49Z,pablo ibañez,13046011,,10258
2026-09-23T15:49Z,lorenzo amatucci,16503230,,11198
2026-09-23T15:49Z,lamine yamal,155798310,,11520
2026-09-23T15:49Z,natan,38984210,,11813
2026-09-23T15:49Z,iñigo arguibide,3238668,,12823
2026-09-23T15:49Z,yoel lago,8650965,,13036
2026-09-23T15:49Z,miguel roman,15593660,,13808
2026-09-23T15:49Z,chupete,21937682,,14096
2026-09-23T15:49Z,ali houary,910371,,14118
2026-09-23T15:49Z,zaid romero,26827813,,14210
2026-09-23T15:49Z,rafa rodriguez,2153283,,15336
2026-09-23T15:49Z,miguel sierra,8384717,,16236
2026-09-23T15:49Z,aaron ndive mayol,768599,,17376
2026-09-23T15:49Z,mathew ryan,29391638,,1743
2026-09-23T15:49Z,unai lopez,16923663,,1881
2026-09-23T15:49Z,david soria,37357161,,1919
2026-09-23T15:49Z,marcos llorente,46414576,,1931
2026-09-23T15:49Z,yeray alvarez,6639375,,1972
2026-09-23T15:49Z,pepelu,11854071,,2715
2026-09-23T15:49Z,rodri hernandez,72859771,,2733
2026-09-23T15:49Z,einar galilea,5472306,,3174
2026-09-23T15:49Z,alex berenguer,10954071,,3204
2026-09-23T15:49Z,marc roca,16189451,,3215
2026-09-23T15:49Z,dominik livakovic,2602757,,3589
2026-09-23T15:49Z,edu exposito,31633387,,3738
2026-09-23T15:49Z,enes unal,15261035,,3751
2026-09-23T15:49Z,unai nuñez,9386009,,3785
2026-09-23T15:49Z,dakonam djene,18956633,,3881
2026-09-23T15:49Z,marcos alonso,28711368,,4397
2026-09-23T15:49Z,lucas boye,31995705,,5124
2026-09-23T15:49Z,adria pedrosa,2588305,,5587
2026-09-23T15:49Z,david hancko,39862751,,5995
2026-09-23T15:49Z,iñigo vicente,32131404,,6442
2026-09-23T15:49Z,ante budimir,60733378,,6635
2026-09-23T15:49Z,sergio carreira,7754012,,7199
2026-09-23T15:49Z,lucien agoume,12816244,,7249
2026-09-23T15:49Z,robert navarro,11787488,,7293
2026-09-23T15:49Z,jose maria gimenez,12185855,,775
2026-09-23T15:49Z,aitor paredes,13958356,,7916
2026-09-23T15:49Z,victor chust,4124855,,8273
2026-09-23T15:49Z,aitor fernandez,546991,,829
2026-09-23T15:49Z,luka sucic,13372229,,8392
2026-09-23T15:49Z,alvaro garcia,17150726,,867
2026-09-23T15:49Z,juan iglesias,17664620,,8686
2026-09-23T15:49Z,ramon terrats,9960157,,8944
2026-09-23T15:49Z,arnau martinez,8288423,,9218
2026-09-23T15:49Z,cesar tarrega,7166336,,9762
2026-09-23T15:49Z,roberto fernandez,41739824,,9987
2026-09-23T15:49Z,luis castro,608540,,e119
