player_name,player_name_full,team,points,games,avg,ff_id,season,observed_at,source_url
R. de Galarreta,Íñigo Ruiz de Galarreta,Athletic,156,34,4.590,44,2025-26,2026-08-20T23:17Z,https://www.futbolfantasy.com/analytics/laliga-fantasy/puntos
Yuri,Yuri Berchiche,Athletic,163,32,5.090,735,2025-26,2026-08-20T23:17Z,https://www.futbolfantasy.com/analytics/laliga-fantasy/puntos
I. Williams,Iñaki Williams,Athletic,132,30,4.400,1934,2025-26,2026-08-20T23:17Z,https://www.futbolfantasy.com/analytics/laliga-fantasy/puntos
Lekue,Íñigo Lekue,Athletic,16,11,1.450,2114,2025-26,2026-08-20T23:17Z,https://www.futbolfantasy.com/analytics/laliga-fantasy/puntos
Berenguer,Álex Berenguer,Athletic,148,31,4.770,3204,2025-26,2026-08-20T23:17Z,https://www.futbolfantasy.com/analytics/laliga-fantasy/puntos
Vesga,Mikel Vesga,Athletic,45,23,1.960,3249,2025-26,2026-08-20T23:17Z,https://www.futbolfantasy.com/analytics/laliga-fantasy/puntos
Unai Simón,Unai Simón,Athletic,211,37,5.700,3693,2025-26,2026-08-20T23:17Z,https://www.futbolfantasy.com/analytics/laliga-fantasy/puntos
Gorosabel,Andoni Gorosabel,Athletic,60,24,2.500,3799,2025-26,2026-08-20T23:17Z,https://www.futbolfantasy.com/analytics/laliga-fantasy/puntos
Vivian,Dani Vivian,Athletic,124,31,4.000,5245,2025-26,2026-08-20T23:17Z,https://www.futbolfantasy.com/analytics/laliga-fantasy/puntos
Guruzeta,Gorka Guruzeta,Athletic,165,35,4.710,5859,2025-26,2026-08-20T23:17Z,https://www.futbolfantasy.com/analytics/laliga-fantasy/puntos
Navarro,Robert Navarro,Athletic,125,32,3.910,7293,2025-26,2026-08-20T23:17Z,https://www.futbolfantasy.com/analytics/laliga-fantasy/puntos
Areso,Jesús Areso,Athletic,81,26,3.120,7638,2025-26,2026-08-20T23:17Z,https://www.futbolfantasy.com/analytics/laliga-fantasy/puntos
Paredes,Aitor Paredes,Athletic,91,19,4.790,7916,2025-26,2026-08-20T23:17Z,https://www.futbolfantasy.com/analytics/laliga-fantasy/puntos
Serrano,Nico Serrano,Athletic,45,16,2.810,7920,2025-26,2026-08-20T23:17Z,https://www.futbolfantasy.com/analytics/laliga-fantasy/puntos
N. Williams,Nico Williams,Athletic,157,25,6.280,8693,2025-26,2026-08-20T23:17Z,https://www.futbolfantasy.com/analytics/laliga-fantasy/puntos
Padilla,Alex Padilla,Athletic,-3,1,-3.000,10214,2025-26,2026-08-20T23:17Z,https://www.futbolfantasy.com/analytics/laliga-fantasy/puntos
Boiro,Adama Boiro,Athletic,28,14,2.000,11688,2025-26,2026-08-20T23:17Z,https://www.futbolfantasy.com/analytics/laliga-fantasy/puntos
Jauregizar,Mikel Jauregizar,Athletic,147,36,4.080,12605,2025-26,2026-08-20T23:17Z,https://www.futbolfantasy.com/analytics/laliga-fantasy/puntos
Sannadi,Maroan Sannadi,Athletic,20,10,2.000,13830,2025-26,2026-08-20T23:17Z,https://www.futbolfantasy.com/analytics/laliga-fantasy/puntos
Izeta,Urko Izeta,Athletic,24,13,1.850,14048,2025-26,2026-08-20T23:17Z,https://www.futbolfantasy.com/analytics/laliga-fantasy/puntos
De Luis,Jon de Luis,Athletic,0,0,0.000,14051,2025-26,2026-08-20T23:17Z,https://www.futbolfantasy.com/analytics/laliga-fantasy/puntos
Rego,Alejandro Rego,Athletic,69,29,2.380,15409,2025-26,2026-08-20T23:17Z,https://www.futbolfantasy.com/analytics/laliga-fantasy/puntos
Sancet,Oihan Sancet,Athletic,107,28,3.820,7006,2025-26,2026-08-20T23:17Z,https://www.futbolfantasy.com/analytics/laliga-fantasy/puntos
Prados,Beñat Prados,Athletic,6,2,3.000,7917,2025-26,2026-08-20T23:17Z,https://www.futbolfantasy.com/analytics/laliga-fantasy/puntos
Unai Gómez,Unai Gómez,Athletic,49,26,1.880,11524,2025-26,2026-08-20T23:17Z,https://www.futbolfantasy.com/analytics/laliga-fantasy/puntos
Santos,Mikel Santos,Athletic,0,0,0.000,14016,2025-26,2026-08-20T23:17Z,https://www.futbolfantasy.com/analytics/laliga-fantasy/puntos
Laporte,Aymeric Laporte,Athletic,105,25,4.200,697,2025-26,2026-08-20T23:17Z,https://www.futbolfantasy.com/analytics/laliga-fantasy/puntos
Monreal,Iker Monreal,Athletic,0,0,0.000,16350,2025-26,2026-08-20T23:17Z,https://www.futbolfantasy.com/analytics/laliga-fantasy/puntos
Ibon Sánchez,Ibon Sánchez,Athletic,0,0,0.000,16352,2025-26,2026-08-20T23:17Z,https://www.futbolfantasy.com/analytics/laliga-fantasy/puntos
Selton,Selton Sánchez,Athletic,15,7,2.140,16810,2025-26,2026-08-20T23:17Z,https://www.futbolfantasy.com/analytics/laliga-fantasy/puntos
Hierro,Asier Hierro,Athletic,2,1,2.000,16818,2025-26,2026-08-20T23:17Z,https://www.futbolfantasy.com/analytics/laliga-fantasy/puntos
Buján,Endika Buján,Athletic,0,0,0.000,15228,2025-26,2026-08-20T23:17Z,https://www.futbolfantasy.com/analytics/laliga-fantasy/puntos
Eder García,Eder García,Athletic,2,2,1.000,16353,2025-26,2026-08-20T23:17Z,https://www.futbolfantasy.com/analytics/laliga-fantasy/puntos
Yeray,Yeray Álvarez,Athletic,28,7,4.000,1972,2025-26,2026-08-20T23:17Z,https://www.futbolfantasy.com/analytics/laliga-fantasy/puntos
Egiluz,Unai Egiluz,Athletic,0,0,0.000,11676,2025-26,2026-08-20T23:17Z,https://www.futbolfantasy.com/analytics/laliga-fantasy/puntos
Gift,Elijah Gift,Athletic,0,0,0.000,17249,2025-26,2026-08-20T23:17Z,https://www.futbolfantasy.com/analytics/laliga-fantasy/puntos
Koke,Koke Resurrección,Atlético,158,34,4.650,63,2025-26,2026-08-20T23:17Z,https://www.futbolfantasy.com/analytics/laliga-fantasy/puntos
Griezmann,Antoine Griezmann,Atlético,170,34,5.000,465,2025-26,2026-08-20T23:17Z,https://www.futbolfantasy.com/analytics/laliga-fantasy/puntos
Oblak,Jan Oblak,Atlético,208,30,6.930,1826,2025-26,2026-08-20T23:17Z,https://www.futbolfantasy.com/analytics/laliga-fantasy/puntos
M. Llorente,Marcos Llorente,Atlético,154,29,5.310,1931,2025-26,2026-08-20T23:17Z,https://www.futbolfantasy.com/analytics/laliga-fantasy/puntos
Lenglet,Clément Lenglet,Atlético,84,19,4.420,3691,2025-26,2026-08-20T23:17Z,https://www.futbolfantasy.com/analytics/laliga-fantasy/puntos
Sörloth,Alexander Sorloth,Atlético,157,35,4.490,5134,2025-26,2026-08-20T23:17Z,https://www.futbolfantasy.com/analytics/laliga-fantasy/puntos
Musso,Juan Musso,Atlético,48,8,6.000,5942,2025-26,2026-08-20T23:17Z,https://www.futbolfantasy.com/analytics/laliga-fantasy/puntos
Hancko,David Hancko,Atlético,138,30,4.600,5995,2025-26,2026-08-20T23:17Z,https://www.futbolfantasy.com/analytics/laliga-fantasy/puntos
Le Normand,Robin Le Normand,Atlético,125,28,4.460,6002,2025-26,2026-08-20T23:17Z,https://www.futbolfantasy.com/analytics/laliga-fantasy/puntos
Raspadori,Giacomo Raspadori,Atlético,31,12,2.580,6551,2025-26,2026-08-20T23:17Z,https://www.futbolfantasy.com/analytics/laliga-fantasy/puntos
Gallagher,Conor Gallagher,Atlético,53,19,2.790,6624,2025-26,2026-08-20T23:17Z,https://www.futbolfantasy.com/analytics/laliga-fantasy/puntos
Baena,Álex Baena,Atlético,133,27,4.930,7645,2025-26,2026-08-20T23:17Z,https://www.futbolfantasy.com/analytics/laliga-fantasy/puntos
Molina,Nahuel Molina,Atlético,112,26,4.310,8120,2025-26,2026-08-20T23:17Z,https://www.futbolfantasy.com/analytics/laliga-fantasy/puntos
Ruggeri,Matteo Ruggeri,Atlético,128,26,4.920,8256,2025-26,2026-08-20T23:17Z,https://www.futbolfantasy.com/analytics/laliga-fantasy/puntos
Giuliano,Giuliano Simeone,Atlético,170,31,5.480,9276,2025-26,2026-08-20T23:17Z,https://www.futbolfantasy.com/analytics/laliga-fantasy/puntos
Pubill,Marc Pubill,Atlético,107,19,5.630,9823,2025-26,2026-08-20T23:17Z,https://www.futbolfantasy.com/analytics/laliga-fantasy/puntos
Barrios,Pablo Barrios,Atlético,128,23,5.570,10005,2025-26,2026-08-20T23:17Z,https://www.futbolfantasy.com/analytics/laliga-fantasy/puntos
Alvarez,Julián Álvarez,Atlético,187,29,6.450,10287,2025-26,2026-08-20T23:17Z,https://www.futbolfantasy.com/analytics/laliga-fantasy/puntos
Almada,Thiago Almada,Atlético,114,27,4.220,11138,2025-26,2026-08-20T23:17Z,https://www.futbolfantasy.com/analytics/laliga-fantasy/puntos
Cardoso,Johnny Cardoso,Atlético,47,15,3.130,12647,2025-26,2026-08-20T23:17Z,https://www.futbolfantasy.com/analytics/laliga-fantasy/puntos
Esquivel,Salvi Esquivel,Atlético,0,0,0.000,15422,2025-26,2026-08-20T23:17Z,https://www.futbolfantasy.com/analytics/laliga-fantasy/puntos
Monserrate,Jano Monserrate,Atlético,4,2,2.000,13870,2025-26,2026-08-20T23:17Z,https://www.futbolfantasy.com/analytics/laliga-fantasy/puntos
González,Nicolás González,Atlético,122,24,5.080,9352,2025-26,2026-08-20T23:17Z,https://www.futbolfantasy.com/analytics/laliga-fantasy/puntos
Taufik,Taufik Seidu,Atlético,0,1,0.000,13871,2025-26,2026-08-20T23:17Z,https://www.futbolfantasy.com/analytics/laliga-fantasy/puntos
Kostis,Ilias Kostis,Atlético,0,0,0.000,11507,2025-26,2026-08-20T23:17Z,https://www.futbolfantasy.com/analytics/laliga-fantasy/puntos
Giménez,José María Giménez,Atlético,89,16,5.560,775,2025-26,2026-08-20T23:17Z,https://www.futbolfantasy.com/analytics/laliga-fantasy/puntos
Mario de Luis,Mario de Luis,Atlético,0,0,0.000,11523,2025-26,2026-08-20T23:17Z,https://www.futbolfantasy.com/analytics/laliga-fantasy/puntos
Boñar,Javier Boñar,Atlético,19,4,4.750,12484,2025-26,2026-08-20T23:17Z,https://www.futbolfantasy.com/analytics/laliga-fantasy/puntos
Puric,Aleksa Puric,Atlético,3,2,1.500,16940,2025-26,2026-08-20T23:17Z,https://www.futbolfantasy.com/analytics/laliga-fantasy/puntos
Dani Martínez,Dani Martínez,Atlético,-1,1,-1.000,11861,2025-26,2026-08-20T23:17Z,https://www.futbolfantasy.com/analytics/laliga-fantasy/puntos
Julio Díaz,Julio Díaz,Atlético,22,4,5.500,17129,2025-26,2026-08-20T23:17Z,https://www.futbolfantasy.com/analytics/laliga-fantasy/puntos
Luque,Iker Luque,Atlético,0,1,0.000,17130,2025-26,2026-08-20T23:17Z,https://www.futbolfantasy.com/analytics/laliga-fantasy/puntos
Rayane,Rayane Belaid,Atlético,5,2,2.500,12608,2025-26,2026-08-20T23:17Z,https://www.futbolfantasy.com/analytics/laliga-fantasy/puntos
Sergio Esteban,Sergio Esteban,Atlético,0,0,0.000,17137,2025-26,2026-08-20T23:17Z,https://www.futbolfantasy.com/analytics/laliga-fantasy/puntos
Lookman,Ademola Lookman,Atlético,57,12,4.750,4434,2025-26,2026-08-20T23:17Z,https://www.futbolfantasy.com/analytics/laliga-fantasy/puntos
Serrano,Javi Serrano,Atlético,0,0,0.000,9314,2025-26,2026-08-20T23:17Z,https://www.futbolfantasy.com/analytics/laliga-fantasy/puntos
Vargas,Obed Vargas,Atlético,39,12,3.250,15572,2025-26,2026-08-20T23:17Z,https://www.futbolfantasy.com/analytics/laliga-fantasy/puntos
Moreno,Álvaro Moreno,Atlético,0,0,0.000,17446,2025-26,2026-08-20T23:17Z,https://www.futbolfantasy.com/analytics/laliga-fantasy/puntos
Dani Rubio,Dani Rubio,Atlético,0,0,0.000,13874,2025-26,2026-08-20T23:17Z,https://www.futbolfantasy.com/analytics/laliga-fantasy/puntos
Morcillo,Javi Morcillo,Atlético,7,5,1.400,17495,2025-26,2026-08-20T23:17Z,https://www.futbolfantasy.com/analytics/laliga-fantasy/puntos
Spina,Gerónimo Spina,Atlético,0,0,0.000,13872,2025-26,2026-08-20T23:17Z,https://www.futbolfantasy.com/analytics/laliga-fantasy/puntos
Cubo,Miguel Cubo,Atlético,0,2,0.000,17529,2025-26,2026-08-20T23:17Z,https://www.futbolfantasy.com/analytics/laliga-fantasy/puntos
Olmo,Dani Olmo,Barcelona,230,33,6.970,2288,2025-26,2026-08-20T23:17Z,https://www.futbolfantasy.com/analytics/laliga-fantasy/puntos
A. Christensen,Andreas Christensen,Barcelona,28,13,2.150,2417,2025-26,2026-08-20T23:17Z,https://www.futbolfantasy.com/analytics/laliga-fantasy/puntos
Rashford,Marcus Rashford,Barcelona,186,32,5.810,2939,2025-26,2026-08-20T23:17Z,https://www.futbolfantasy.com/analytics/laliga-fantasy/puntos
Raphinha,Raphinha,Barcelona,179,22,8.140,4288,2025-26,2026-08-20T23:17Z,https://www.futbolfantasy.com/analytics/laliga-fantasy/puntos
Ferran,Ferrán Torres,Barcelona,208,33,6.300,5050,2025-26,2026-08-20T23:17Z,https://www.futbolfantasy.com/analytics/laliga-fantasy/puntos
F. de Jong,Frenkie de Jong,Barcelona,134,25,5.360,6210,2025-26,2026-08-20T23:17Z,https://www.futbolfantasy.com/analytics/laliga-fantasy/puntos
Koundé,Jules Koundé,Barcelona,154,30,5.130,6674,2025-26,2026-08-20T23:17Z,https://www.futbolfantasy.com/analytics/laliga-fantasy/puntos
Araújo,Ronald Araújo,Barcelona,86,24,3.580,7004,2025-26,2026-08-20T23:17Z,https://www.futbolfantasy.com/analytics/laliga-fantasy/puntos
Pedri,Pedri González,Barcelona,217,29,7.480,7257,2025-26,2026-08-20T23:17Z,https://www.futbolfantasy.com/analytics/laliga-fantasy/puntos
Joan Garcia,Joan Garcia,Barcelona,258,30,8.600,7279,2025-26,2026-08-20T23:17Z,https://www.futbolfantasy.com/analytics/laliga-fantasy/puntos
Eric Garcia,Eric Garcia,Barcelona,201,34,5.910,7542,2025-26,2026-08-20T23:17Z,https://www.futbolfantasy.com/analytics/laliga-fantasy/puntos
Gavi,Pablo Gavi,Barcelona,35,11,3.180,9273,2025-26,2026-08-20T23:17Z,https://www.futbolfantasy.com/analytics/laliga-fantasy/puntos
Balde,Alejandro Balde,Barcelona,116,28,4.140,9316,2025-26,2026-08-20T23:17Z,https://www.futbolfantasy.com/analytics/laliga-fantasy/puntos
Casadó,Marc Casadó,Barcelona,67,24,2.790,10217,2025-26,2026-08-20T23:17Z,https://www.futbolfantasy.com/analytics/laliga-fantasy/puntos
Yamal,Lamine Yamal,Barcelona,330,28,11.790,11520,2025-26,2026-08-20T23:17Z,https://www.futbolfantasy.com/analytics/laliga-fantasy/puntos
Cubarsí,Pau Cubarsí,Barcelona,187,31,6.030,11706,2025-26,2026-08-20T23:17Z,https://www.futbolfantasy.com/analytics/laliga-fantasy/puntos
Kochen,Diego Kochen,Barcelona,0,0,0.000,11707,2025-26,2026-08-20T23:17Z,https://www.futbolfantasy.com/analytics/laliga-fantasy/puntos
Fermín,Fermín López,Barcelona,213,30,7.100,11709,2025-26,2026-08-20T23:17Z,https://www.futbolfantasy.com/analytics/laliga-fantasy/puntos
Guille,Guille Fernández,Barcelona,0,0,0.000,13859,2025-26,2026-08-20T23:17Z,https://www.futbolfantasy.com/analytics/laliga-fantasy/puntos
Toni Fernández,Toni Fernández,Barcelona,2,1,2.000,13860,2025-26,2026-08-20T23:17Z,https://www.futbolfantasy.com/analytics/laliga-fantasy/puntos
Torrents,Jofre Torrents,Barcelona,3,3,1.000,16167,2025-26,2026-08-20T23:17Z,https://www.futbolfantasy.com/analytics/laliga-fantasy/puntos
Dro Fernández,Dro Fernández,Barcelona,7,4,1.750,16168,2025-26,2026-08-20T23:17Z,https://www.futbolfantasy.com/analytics/laliga-fantasy/puntos
Lewandowski,Robert Lewandowski,Barcelona,169,31,5.450,2225,2025-26,2026-08-20T23:17Z,https://www.futbolfantasy.com/analytics/laliga-fantasy/puntos
Szczesny,Wojciech Szczesny,Barcelona,41,8,5.130,2534,2025-26,2026-08-20T23:17Z,https://www.futbolfantasy.com/analytics/laliga-fantasy/puntos
Martín,Gerard Martín,Barcelona,161,32,5.030,12641,2025-26,2026-08-20T23:17Z,https://www.futbolfantasy.com/analytics/laliga-fantasy/puntos
Bardghji,Roony Bardghji,Barcelona,72,21,3.430,10658,2025-26,2026-08-20T23:17Z,https://www.futbolfantasy.com/analytics/laliga-fantasy/puntos
Bernal,Marc Bernal,Barcelona,79,22,3.590,13864,2025-26,2026-08-20T23:17Z,https://www.futbolfantasy.com/analytics/laliga-fantasy/puntos
Aller,Eder Aller,Barcelona,0,0,0.000,16723,2025-26,2026-08-20T23:17Z,https://www.futbolfantasy.com/analytics/laliga-fantasy/puntos
Juan Hernández,Juan Hernández,Barcelona,0,0,0.000,16171,2025-26,2026-08-20T23:17Z,https://www.futbolfantasy.com/analytics/laliga-fantasy/puntos
Espart,Xavi Espart,Barcelona,5,4,1.250,16765,2025-26,2026-08-20T23:17Z,https://www.futbolfantasy.com/analytics/laliga-fantasy/puntos
Marqués,Tomás Marqués,Barcelona,2,2,1.000,16923,2025-26,2026-08-20T23:17Z,https://www.futbolfantasy.com/analytics/laliga-fantasy/puntos
Dani Rodríguez,Dani Rodríguez,Barcelona,0,0,0.000,11568,2025-26,2026-08-20T23:17Z,https://www.futbolfantasy.com/analytics/laliga-fantasy/puntos
Cancelo,Joao Cancelo,Barcelona,117,16,7.310,1882,2025-26,2026-08-20T23:17Z,https://www.futbolfantasy.com/analytics/laliga-fantasy/puntos
Cortés,Álvaro Cortés,Barcelona,0,1,0.000,14882,2025-26,2026-08-20T23:17Z,https://www.futbolfantasy.com/analytics/laliga-fantasy/puntos
Bartra,Marc Bartra,Betis,140,25,5.600,322,2025-26,2026-08-20T23:17Z,https://www.futbolfantasy.com/analytics/laliga-fantasy/puntos
Adrián,Adrián San Miguel,Betis,10,1,10.000,572,2025-26,2026-08-20T23:17Z,https://www.futbolfantasy.com/analytics/laliga-fantasy/puntos
Pau López,Pau López,Betis,61,9,6.780,1067,2025-26,2026-08-20T23:17Z,https://www.futbolfantasy.com/analytics/laliga-fantasy/puntos
Rodríguez,Ricardo Rodriguez,Betis,90,23,3.910,1239,2025-26,2026-08-20T23:17Z,https://www.futbolfantasy.com/analytics/laliga-fantasy/puntos
Bakambu,Cédric Bakambu,Betis,54,18,3.000,2118,2025-26,2026-08-20T23:17Z,https://www.futbolfantasy.com/analytics/laliga-fantasy/puntos
Bellerín,Héctor Bellerín,Betis,124,27,4.590,2153,2025-26,2026-08-20T23:17Z,https://www.futbolfantasy.com/analytics/laliga-fantasy/puntos
Fornals,Pablo Fornals,Betis,272,37,7.350,2632,2025-26,2026-08-20T23:17Z,https://www.futbolfantasy.com/analytics/laliga-fantasy/puntos
Valles,Álvaro Valles,Betis,185,28,6.610,3686,2025-26,2026-08-20T23:17Z,https://www.futbolfantasy.com/analytics/laliga-fantasy/puntos
Lo Celso,Giovani Lo Celso,Betis,119,24,4.960,3717,2025-26,2026-08-20T23:17Z,https://www.futbolfantasy.com/analytics/laliga-fantasy/puntos
Junior,Junior Firpo,Betis,38,12,3.170,4620,2025-26,2026-08-20T23:17Z,https://www.futbolfantasy.com/analytics/laliga-fantasy/puntos
Ruibal,Aitor Ruibal,Betis,128,27,4.740,5051,2025-26,2026-08-20T23:17Z,https://www.futbolfantasy.com/analytics/laliga-fantasy/puntos
Chimy,Chimy Ávila,Betis,37,16,2.310,5545,2025-26,2026-08-20T23:17Z,https://www.futbolfantasy.com/analytics/laliga-fantasy/puntos
Cucho,Cucho Hernández,Betis,188,32,5.880,5546,2025-26,2026-08-20T23:17Z,https://www.futbolfantasy.com/analytics/laliga-fantasy/puntos
Riquelme,Rodrigo Riquelme,Betis,66,25,2.640,6450,2025-26,2026-08-20T23:17Z,https://www.futbolfantasy.com/analytics/laliga-fantasy/puntos
Dani Pérez,Dani Pérez,Betis,2,1,2.000,10230,2025-26,2026-08-20T23:17Z,https://www.futbolfantasy.com/analytics/laliga-fantasy/puntos
Ortiz,Ángel Ortiz,Betis,29,13,2.230,10233,2025-26,2026-08-20T23:17Z,https://www.futbolfantasy.com/analytics/laliga-fantasy/puntos
Altimira,Sergi Altimira,Betis,93,24,3.880,11673,2025-26,2026-08-20T23:17Z,https://www.futbolfantasy.com/analytics/laliga-fantasy/puntos
Natan,Natan,Betis,163,33,4.940,11813,2025-26,2026-08-20T23:17Z,https://www.futbolfantasy.com/analytics/laliga-fantasy/puntos
Pablo García,Pablo García,Betis,33,15,2.200,13822,2025-26,2026-08-20T23:17Z,https://www.futbolfantasy.com/analytics/laliga-fantasy/puntos
Mawuli,Mawuli Mensah,Betis,0,0,0.000,16151,2025-26,2026-08-20T23:17Z,https://www.futbolfantasy.com/analytics/laliga-fantasy/puntos
Valentín Gómez,Valentín Gómez,Betis,99,28,3.540,16203,2025-26,2026-08-20T23:17Z,https://www.futbolfantasy.com/analytics/laliga-fantasy/puntos
Corralejo,Iván Corralejo,Betis,1,1,1.000,16287,2025-26,2026-08-20T23:17Z,https://www.futbolfantasy.com/analytics/laliga-fantasy/puntos
Manu González,Manu González,Betis,0,0,0.000,14135,2025-26,2026-08-20T23:17Z,https://www.futbolfantasy.com/analytics/laliga-fantasy/puntos
D. Llorente,Diego Javier Llorente,Betis,91,18,5.060,707,2025-26,2026-08-20T23:17Z,https://www.futbolfantasy.com/analytics/laliga-fantasy/puntos
Marc Roca,Marc Roca,Betis,126,29,4.340,3215,2025-26,2026-08-20T23:17Z,https://www.futbolfantasy.com/analytics/laliga-fantasy/puntos
Germán,Germán García,Betis,0,0,0.000,10826,2025-26,2026-08-20T23:17Z,https://www.futbolfantasy.com/analytics/laliga-fantasy/puntos
Deossa,Nelson Deossa,Betis,54,20,2.700,15696,2025-26,2026-08-20T23:17Z,https://www.futbolfantasy.com/analytics/laliga-fantasy/puntos
S. Amrabat,Sofyan Amrabat,Betis,65,17,3.820,4955,2025-26,2026-08-20T23:17Z,https://www.futbolfantasy.com/analytics/laliga-fantasy/puntos
Antony,Antony,Betis,206,32,6.440,8405,2025-26,2026-08-20T23:17Z,https://www.futbolfantasy.com/analytics/laliga-fantasy/puntos
Abde,Abde Ezzalzouli,Betis,218,29,7.520,9750,2025-26,2026-08-20T23:17Z,https://www.futbolfantasy.com/analytics/laliga-fantasy/puntos
Bladi,Darling Bladi,Betis,0,0,0.000,16463,2025-26,2026-08-20T23:17Z,https://www.futbolfantasy.com/analytics/laliga-fantasy/puntos
Isco,Isco Alarcón,Betis,31,8,3.880,336,2025-26,2026-08-20T23:17Z,https://www.futbolfantasy.com/analytics/laliga-fantasy/puntos
Fidalgo,Álvaro Fidalgo,Betis,37,9,4.110,6393,2025-26,2026-08-20T23:17Z,https://www.futbolfantasy.com/analytics/laliga-fantasy/puntos
Marina,Rodrigo Marina,Betis,0,0,0.000,16153,2025-26,2026-08-20T23:17Z,https://www.futbolfantasy.com/analytics/laliga-fantasy/puntos
De Roa,Carlos De Roa,Betis,0,0,0.000,16150,2025-26,2026-08-20T23:17Z,https://www.futbolfantasy.com/analytics/laliga-fantasy/puntos
Busto,Pablo Busto,Betis,0,0,0.000,12441,2025-26,2026-08-20T23:17Z,https://www.futbolfantasy.com/analytics/laliga-fantasy/puntos
Aspas,Iago Aspas,Celta,141,32,4.410,175,2025-26,2026-08-20T23:17Z,https://www.futbolfantasy.com/analytics/laliga-fantasy/puntos
Iglesias,Borja Iglesias,Celta,173,35,4.940,1945,2025-26,2026-08-20T23:17Z,https://www.futbolfantasy.com/analytics/laliga-fantasy/puntos
Iván Villar,Iván Villar,Celta,0,0,0.000,3255,2025-26,2026-08-20T23:17Z,https://www.futbolfantasy.com/analytics/laliga-fantasy/puntos
M. Alonso,Marcos Alonso,Celta,191,32,5.970,4397,2025-26,2026-08-20T23:17Z,https://www.futbolfantasy.com/analytics/laliga-fantasy/puntos
Radu,Ionut Radu,Celta,254,38,6.680,5978,2025-26,2026-08-20T23:17Z,https://www.futbolfantasy.com/analytics/laliga-fantasy/puntos
Carreira,Sergio Carreira,Celta,130,34,3.820,7199,2025-26,2026-08-20T23:17Z,https://www.futbolfantasy.com/analytics/laliga-fantasy/puntos
Jutglà,Ferran Jutglà,Celta,142,30,4.730,7842,2025-26,2026-08-20T23:17Z,https://www.futbolfantasy.com/analytics/laliga-fantasy/puntos
Mingueza,Óscar Mingueza,Celta,132,34,3.880,7882,2025-26,2026-08-20T23:17Z,https://www.futbolfantasy.com/analytics/laliga-fantasy/puntos
Moriba,Ilaix Moriba,Celta,137,36,3.810,8082,2025-26,2026-08-20T23:17Z,https://www.futbolfantasy.com/analytics/laliga-fantasy/puntos
Domínguez,Carlos Dominguez,Celta,24,8,3.000,8702,2025-26,2026-08-20T23:17Z,https://www.futbolfantasy.com/analytics/laliga-fantasy/puntos
Sotelo,Hugo Sotelo,Celta,84,20,4.200,8988,2025-26,2026-08-20T23:17Z,https://www.futbolfantasy.com/analytics/laliga-fantasy/puntos
Hugo Álvarez,Hugo Álvarez,Celta,112,28,4.000,9740,2025-26,2026-08-20T23:17Z,https://www.futbolfantasy.com/analytics/laliga-fantasy/puntos
Bryan,Bryan Zaragoza,Celta,91,19,4.790,9779,2025-26,2026-08-20T23:17Z,https://www.futbolfantasy.com/analytics/laliga-fantasy/puntos
Swedberg,Williot Swedberg,Celta,133,29,4.590,10207,2025-26,2026-08-20T23:17Z,https://www.futbolfantasy.com/analytics/laliga-fantasy/puntos
Marc Vidal,Marc Vidal,Celta,0,0,0.000,10234,2025-26,2026-08-20T23:17Z,https://www.futbolfantasy.com/analytics/laliga-fantasy/puntos
Ristic,Mihailo Ristic,Celta,15,5,3.000,10586,2025-26,2026-08-20T23:17Z,https://www.futbolfantasy.com/analytics/laliga-fantasy/puntos
Durán,Pablo Durán,Celta,98,30,3.270,10822,2025-26,2026-08-20T23:17Z,https://www.futbolfantasy.com/analytics/laliga-fantasy/puntos
Javi Rodríguez,Javi Rodríguez,Celta,132,33,4.000,12534,2025-26,2026-08-20T23:17Z,https://www.futbolfantasy.com/analytics/laliga-fantasy/puntos
Rueda,Javi Rueda,Celta,132,26,5.080,13035,2025-26,2026-08-20T23:17Z,https://www.futbolfantasy.com/analytics/laliga-fantasy/puntos
Lago,Yoel Lago,Celta,44,12,3.670,13036,2025-26,2026-08-20T23:17Z,https://www.futbolfantasy.com/analytics/laliga-fantasy/puntos
Román,Miguel Román,Celta,92,19,4.840,13808,2025-26,2026-08-20T23:17Z,https://www.futbolfantasy.com/analytics/laliga-fantasy/puntos
El-Abdellaoui,Jones El-Abdellaoui,Celta,55,22,2.500,14980,2025-26,2026-08-20T23:17Z,https://www.futbolfantasy.com/analytics/laliga-fantasy/puntos
Manu Fernández,Manu Fernández,Celta,42,14,3.000,16003,2025-26,2026-08-20T23:17Z,https://www.futbolfantasy.com/analytics/laliga-fantasy/puntos
Damián,Damián Rodríguez,Celta,4,2,2.000,10193,2025-26,2026-08-20T23:17Z,https://www.futbolfantasy.com/analytics/laliga-fantasy/puntos
Starfelt,Carl Starfelt,Celta,106,19,5.580,9612,2025-26,2026-08-20T23:17Z,https://www.futbolfantasy.com/analytics/laliga-fantasy/puntos
Cervi,Franco Cervi,Celta,0,0,0.000,3318,2025-26,2026-08-20T23:17Z,https://www.futbolfantasy.com/analytics/laliga-fantasy/puntos
Aidoo,Joseph Aidoo,Celta,26,8,3.250,6846,2025-26,2026-08-20T23:17Z,https://www.futbolfantasy.com/analytics/laliga-fantasy/puntos
Arcos,Ángel Arcos,Celta,0,0,0.000,16873,2025-26,2026-08-20T23:17Z,https://www.futbolfantasy.com/analytics/laliga-fantasy/puntos
Hugo González,Hugo González,Celta,2,1,2.000,9744,2025-26,2026-08-20T23:17Z,https://www.futbolfantasy.com/analytics/laliga-fantasy/puntos
Burcio,Hugo Burcio,Celta,0,1,0.000,16803,2025-26,2026-08-20T23:17Z,https://www.futbolfantasy.com/analytics/laliga-fantasy/puntos
Fer López,Fer López,Celta,71,17,4.180,14818,2025-26,2026-08-20T23:17Z,https://www.futbolfantasy.com/analytics/laliga-fantasy/puntos
Vecino,Matías Vecino,Celta,11,6,1.830,5313,2025-26,2026-08-20T23:17Z,https://www.futbolfantasy.com/analytics/laliga-fantasy/puntos
Antañón,Andrés Antañón,Celta,1,2,0.500,16802,2025-26,2026-08-20T23:17Z,https://www.futbolfantasy.com/analytics/laliga-fantasy/puntos
Cabrera,Leandro Cabrera,Espanyol,162,37,4.380,582,2025-26,2026-08-20T23:17Z,https://www.futbolfantasy.com/analytics/laliga-fantasy/puntos
Pere Milla,Pere Milla,Espanyol,146,33,4.420,1927,2025-26,2026-08-20T23:17Z,https://www.futbolfantasy.com/analytics/laliga-fantasy/puntos
Kike García,Kike García,Espanyol,139,37,3.760,2751,2025-26,2026-08-20T23:17Z,https://www.futbolfantasy.com/analytics/laliga-fantasy/puntos
Edu Expósito,Edu Expósito,Espanyol,202,36,5.610,3738,2025-26,2026-08-20T23:17Z,https://www.futbolfantasy.com/analytics/laliga-fantasy/puntos
Dmitrovic,Marko Dmitrovic,Espanyol,222,37,6.000,3759,2025-26,2026-08-20T23:17Z,https://www.futbolfantasy.com/analytics/laliga-fantasy/puntos
Puado,Javi Puado,Espanyol,42,10,4.200,3807,2025-26,2026-08-20T23:17Z,https://www.futbolfantasy.com/analytics/laliga-fantasy/puntos
Lozano,Pol Lozano,Espanyol,97,33,2.940,3879,2025-26,2026-08-20T23:17Z,https://www.futbolfantasy.com/analytics/laliga-fantasy/puntos
Miguel Rubio,Miguel Ángel Rubio,Espanyol,29,12,2.420,5220,2025-26,2026-08-20T23:17Z,https://www.futbolfantasy.com/analytics/laliga-fantasy/puntos
Calero,Fernando Calero,Espanyol,121,28,4.320,5553,2025-26,2026-08-20T23:17Z,https://www.futbolfantasy.com/analytics/laliga-fantasy/puntos
Salinas,José Salinas,Espanyol,6,11,0.550,8250,2025-26,2026-08-20T23:17Z,https://www.futbolfantasy.com/analytics/laliga-fantasy/puntos
Terrats,Ramón Terrats,Espanyol,87,29,3.000,8944,2025-26,2026-08-20T23:17Z,https://www.futbolfantasy.com/analytics/laliga-fantasy/puntos
Pablo Ramón,Pablo Ramón,Espanyol,0,0,0.000,8972,2025-26,2026-08-20T23:17Z,https://www.futbolfantasy.com/analytics/laliga-fantasy/puntos
Rubén Sánchez,Rubén Sánchez,Espanyol,68,21,3.240,9695,2025-26,2026-08-20T23:17Z,https://www.futbolfantasy.com/analytics/laliga-fantasy/puntos
Jofre,Jofre Carreras,Espanyol,65,26,2.500,9850,2025-26,2026-08-20T23:17Z,https://www.futbolfantasy.com/analytics/laliga-fantasy/puntos
Roberto,Roberto Fernández,Espanyol,151,38,3.970,9987,2025-26,2026-08-20T23:17Z,https://www.futbolfantasy.com/analytics/laliga-fantasy/puntos
Fortuño,Ángel Fortuño,Espanyol,7,1,7.000,10219,2025-26,2026-08-20T23:17Z,https://www.futbolfantasy.com/analytics/laliga-fantasy/puntos
El Hilali,Omar El Hilali,Espanyol,101,36,2.810,10220,2025-26,2026-08-20T23:17Z,https://www.futbolfantasy.com/analytics/laliga-fantasy/puntos
Romero,Carlos Romero,Espanyol,196,36,5.440,11172,2025-26,2026-08-20T23:17Z,https://www.futbolfantasy.com/analytics/laliga-fantasy/puntos
Pol Tristan,Pol Tristan,Espanyol,0,0,0.000,12609,2025-26,2026-08-20T23:17Z,https://www.futbolfantasy.com/analytics/laliga-fantasy/puntos
Bauzà,Rafel Bauzà,Espanyol,0,0,0.000,12918,2025-26,2026-08-20T23:17Z,https://www.futbolfantasy.com/analytics/laliga-fantasy/puntos
Roca,Antoniu Roca,Espanyol,22,13,1.690,12980,2025-26,2026-08-20T23:17Z,https://www.futbolfantasy.com/analytics/laliga-fantasy/puntos
Hinojo,Roger Hinojo,Espanyol,0,0,0.000,15316,2025-26,2026-08-20T23:17Z,https://www.futbolfantasy.com/analytics/laliga-fantasy/puntos
Dolan,Tyrhys Dolan,Espanyol,152,36,4.220,16202,2025-26,2026-08-20T23:17Z,https://www.futbolfantasy.com/analytics/laliga-fantasy/puntos
Koleosho,Luca Koleosho,Espanyol,9,3,3.000,10197,2025-26,2026-08-20T23:17Z,https://www.futbolfantasy.com/analytics/laliga-fantasy/puntos
Pickel,Charles Pickel,Espanyol,47,24,1.960,10435,2025-26,2026-08-20T23:17Z,https://www.futbolfantasy.com/analytics/laliga-fantasy/puntos
Riedel,Clemens Riedel,Espanyol,76,20,3.800,16308,2025-26,2026-08-20T23:17Z,https://www.futbolfantasy.com/analytics/laliga-fantasy/puntos
Javier Hernández,Javier Hernández,Espanyol,0,0,0.000,14024,2025-26,2026-08-20T23:17Z,https://www.futbolfantasy.com/analytics/laliga-fantasy/puntos
Serred,Llorenç Serred,Espanyol,0,0,0.000,12891,2025-26,2026-08-20T23:17Z,https://www.futbolfantasy.com/analytics/laliga-fantasy/puntos
Ferran,Ferran Gómez,Espanyol,0,0,0.000,16809,2025-26,2026-08-20T23:17Z,https://www.futbolfantasy.com/analytics/laliga-fantasy/puntos
Ngongé,Cyril Ngongé,Espanyol,33,9,3.670,6403,2025-26,2026-08-20T23:17Z,https://www.futbolfantasy.com/analytics/laliga-fantasy/puntos
Timera,Adama Timera,Espanyol,0,0,0.000,17445,2025-26,2026-08-20T23:17Z,https://www.futbolfantasy.com/analytics/laliga-fantasy/puntos
Londoño,Miguel Londoño,Espanyol,0,0,0.000,17531,2025-26,2026-08-20T23:17Z,https://www.futbolfantasy.com/analytics/laliga-fantasy/puntos
Castell,Lluc Castell,Espanyol,0,1,0.000,17532,2025-26,2026-08-20T23:17Z,https://www.futbolfantasy.com/analytics/laliga-fantasy/puntos
Almansa,Alex Almansa,Espanyol,0,0,0.000,10276,2025-26,2026-08-20T23:17Z,https://www.futbolfantasy.com/analytics/laliga-fantasy/puntos
Soria,David Soria,Getafe,249,38,6.550,1919,2025-26,2026-08-20T23:17Z,https://www.futbolfantasy.com/analytics/laliga-fantasy/puntos
Diego Rico,Diego Rico,Getafe,76,28,2.710,3235,2025-26,2026-08-20T23:17Z,https://www.futbolfantasy.com/analytics/laliga-fantasy/puntos
Álex Sola,Álex Sola,Getafe,1,1,1.000,3800,2025-26,2026-08-20T23:17Z,https://www.futbolfantasy.com/analytics/laliga-fantasy/puntos
Djené,Dakonam Djené,Getafe,142,34,4.180,3881,2025-26,2026-08-20T23:17Z,https://www.futbolfantasy.com/analytics/laliga-fantasy/puntos
Arambarri,Mauro Arambarri,Getafe,190,37,5.140,4639,2025-26,2026-08-20T23:17Z,https://www.futbolfantasy.com/analytics/laliga-fantasy/puntos
Luis Milla,Luis Milla,Getafe,260,37,7.030,6935,2025-26,2026-08-20T23:17Z,https://www.futbolfantasy.com/analytics/laliga-fantasy/puntos
Iglesias,Juan Iglesias,Getafe,161,37,4.350,8686,2025-26,2026-08-20T23:17Z,https://www.futbolfantasy.com/analytics/laliga-fantasy/puntos
Peter,Peter González,Getafe,0,0,0.000,9838,2025-26,2026-08-20T23:17Z,https://www.futbolfantasy.com/analytics/laliga-fantasy/puntos
Mario Martín,Mario Martín,Getafe,90,35,2.570,11202,2025-26,2026-08-20T23:17Z,https://www.futbolfantasy.com/analytics/laliga-fantasy/puntos
Joselu,Joselu Pérez,Getafe,3,2,1.500,12539,2025-26,2026-08-20T23:17Z,https://www.futbolfantasy.com/analytics/laliga-fantasy/puntos
Liso,Adrián Liso,Getafe,83,28,2.960,12892,2025-26,2026-08-20T23:17Z,https://www.futbolfantasy.com/analytics/laliga-fantasy/puntos
Risco,Alberto Risco,Getafe,0,0,0.000,12917,2025-26,2026-08-20T23:17Z,https://www.futbolfantasy.com/analytics/laliga-fantasy/puntos
Uche,Christantus Uche,Getafe,20,3,6.670,13780,2025-26,2026-08-20T23:17Z,https://www.futbolfantasy.com/analytics/laliga-fantasy/puntos
Bekhoucha,Ismael Bekhoucha,Getafe,13,4,3.250,13875,2025-26,2026-08-20T23:17Z,https://www.futbolfantasy.com/analytics/laliga-fantasy/puntos
Letácek,Jiri Letácek,Getafe,0,0,0.000,13877,2025-26,2026-08-20T23:17Z,https://www.futbolfantasy.com/analytics/laliga-fantasy/puntos
Coba,Coba Gomes,Getafe,27,14,1.930,14159,2025-26,2026-08-20T23:17Z,https://www.futbolfantasy.com/analytics/laliga-fantasy/puntos
Davinchi,Davinchi,Getafe,27,14,1.930,16004,2025-26,2026-08-20T23:17Z,https://www.futbolfantasy.com/analytics/laliga-fantasy/puntos
Vilaplana,Marc Vilaplana,Getafe,0,0,0.000,16272,2025-26,2026-08-20T23:17Z,https://www.futbolfantasy.com/analytics/laliga-fantasy/puntos
Mayoral,Borja Mayoral,Getafe,71,16,4.440,1989,2025-26,2026-08-20T23:17Z,https://www.futbolfantasy.com/analytics/laliga-fantasy/puntos
D. Duarte,Domingos Duarte,Getafe,181,34,5.320,3998,2025-26,2026-08-20T23:17Z,https://www.futbolfantasy.com/analytics/laliga-fantasy/puntos
Femenia,Kiko Femenia,Getafe,113,28,4.040,3178,2025-26,2026-08-20T23:17Z,https://www.futbolfantasy.com/analytics/laliga-fantasy/puntos
Abqar,Abdel Abqar,Getafe,83,23,3.610,5083,2025-26,2026-08-20T23:17Z,https://www.futbolfantasy.com/analytics/laliga-fantasy/puntos
Kamara,Abu Kamara,Getafe,21,12,1.750,10153,2025-26,2026-08-20T23:17Z,https://www.futbolfantasy.com/analytics/laliga-fantasy/puntos
Neyou,Yvan Neyou,Getafe,4,5,0.800,10564,2025-26,2026-08-20T23:17Z,https://www.futbolfantasy.com/analytics/laliga-fantasy/puntos
Nyom,Allan Nyom,Getafe,30,15,2.000,267,2025-26,2026-08-20T23:17Z,https://www.futbolfantasy.com/analytics/laliga-fantasy/puntos
Javi Muñoz,Javi Muñoz,Getafe,37,17,2.180,1981,2025-26,2026-08-20T23:17Z,https://www.futbolfantasy.com/analytics/laliga-fantasy/puntos
Sancris,Álex Sancris,Getafe,40,18,2.220,11766,2025-26,2026-08-20T23:17Z,https://www.futbolfantasy.com/analytics/laliga-fantasy/puntos
Aleksandrov,Mykyta Aleksandrov,Getafe,0,0,0.000,16166,2025-26,2026-08-20T23:17Z,https://www.futbolfantasy.com/analytics/laliga-fantasy/puntos
Juanmi,Juanmi Jiménez,Getafe,18,8,2.250,340,2025-26,2026-08-20T23:17Z,https://www.futbolfantasy.com/analytics/laliga-fantasy/puntos
Benito,Jorge Benito,Getafe,0,0,0.000,11714,2025-26,2026-08-20T23:17Z,https://www.futbolfantasy.com/analytics/laliga-fantasy/puntos
Ferrer,Diego Ferrer,Getafe,0,0,0.000,13876,2025-26,2026-08-20T23:17Z,https://www.futbolfantasy.com/analytics/laliga-fantasy/puntos
Laso,Lucas Laso,Getafe,0,0,0.000,16789,2025-26,2026-08-20T23:17Z,https://www.futbolfantasy.com/analytics/laliga-fantasy/puntos
Yassin,Yassin Tallal,Getafe,0,0,0.000,12975,2025-26,2026-08-20T23:17Z,https://www.futbolfantasy.com/analytics/laliga-fantasy/puntos
Solozábal,Hugo Solozábal,Getafe,0,1,0.000,14018,2025-26,2026-08-20T23:17Z,https://www.futbolfantasy.com/analytics/laliga-fantasy/puntos
Montes,Jorge Montes,Getafe,5,1,5.000,16917,2025-26,2026-08-20T23:17Z,https://www.futbolfantasy.com/analytics/laliga-fantasy/puntos
Mestanza,Alejandro Mestanza,Getafe,0,3,0.000,17118,2025-26,2026-08-20T23:17Z,https://www.futbolfantasy.com/analytics/laliga-fantasy/puntos
A. Riquelme,Adrián Riquelme,Getafe,0,0,0.000,17145,2025-26,2026-08-20T23:17Z,https://www.futbolfantasy.com/analytics/laliga-fantasy/puntos
Satriano,Martín Satriano,Getafe,107,18,5.940,8496,2025-26,2026-08-20T23:17Z,https://www.futbolfantasy.com/analytics/laliga-fantasy/puntos
Romero,Zaid Romero,Getafe,119,15,7.930,14210,2025-26,2026-08-20T23:17Z,https://www.futbolfantasy.com/analytics/laliga-fantasy/puntos
Luis Vázquez,Luis Vázquez,Getafe,78,17,4.590,14452,2025-26,2026-08-20T23:17Z,https://www.futbolfantasy.com/analytics/laliga-fantasy/puntos
Boselli,Sebastián Boselli,Getafe,32,11,2.910,17161,2025-26,2026-08-20T23:17Z,https://www.futbolfantasy.com/analytics/laliga-fantasy/puntos
Birmancevic,Veljko Birmancevic,Getafe,10,6,1.670,9488,2025-26,2026-08-20T23:17Z,https://www.futbolfantasy.com/analytics/laliga-fantasy/puntos
Cáceres,Damián Cáceres,Getafe,0,3,0.000,17563,2025-26,2026-08-20T23:17Z,https://www.futbolfantasy.com/analytics/laliga-fantasy/puntos
Morales,José Luis Morales,Levante,53,20,2.650,851,2025-26,2026-08-20T23:17Z,https://www.futbolfantasy.com/analytics/laliga-fantasy/puntos
Elgezabal,Unai Elgezabal,Levante,33,12,2.750,3158,2025-26,2026-08-20T23:17Z,https://www.futbolfantasy.com/analytics/laliga-fantasy/puntos
Pampín,Diego Pampín,Levante,22,8,2.750,3833,2025-26,2026-08-20T23:17Z,https://www.futbolfantasy.com/analytics/laliga-fantasy/puntos
Toljan,Jeremy Toljan,Levante,118,37,3.190,4976,2025-26,2026-08-20T23:17Z,https://www.futbolfantasy.com/analytics/laliga-fantasy/puntos
Lozano,Sergio Lozano,Levante,2,1,2.000,5062,2025-26,2026-08-20T23:17Z,https://www.futbolfantasy.com/analytics/laliga-fantasy/puntos
De la Fuente,Adrián de la Fuente,Levante,153,33,4.640,6346,2025-26,2026-08-20T23:17Z,https://www.futbolfantasy.com/analytics/laliga-fantasy/puntos
Manu Sánchez,Manu Sánchez,Levante,113,33,3.420,6605,2025-26,2026-08-20T23:17Z,https://www.futbolfantasy.com/analytics/laliga-fantasy/puntos
Pablo Martínez,Pablo Martínez,Levante,142,27,5.260,7614,2025-26,2026-08-20T23:17Z,https://www.futbolfantasy.com/analytics/laliga-fantasy/puntos
Iván Romero,Iván Romero,Levante,144,32,4.500,7629,2025-26,2026-08-20T23:17Z,https://www.futbolfantasy.com/analytics/laliga-fantasy/puntos
Víctor García,Víctor García,Levante,80,21,3.810,7644,2025-26,2026-08-20T23:17Z,https://www.futbolfantasy.com/analytics/laliga-fantasy/puntos
Vencedor,Unai Vencedor,Levante,38,16,2.380,7737,2025-26,2026-08-20T23:17Z,https://www.futbolfantasy.com/analytics/laliga-fantasy/puntos
Oriol Rey,Oriol Rey,Levante,61,20,3.050,8088,2025-26,2026-08-20T23:17Z,https://www.futbolfantasy.com/analytics/laliga-fantasy/puntos
C. Álvarez,Carlos Álvarez,Levante,113,30,3.770,8646,2025-26,2026-08-20T23:17Z,https://www.futbolfantasy.com/analytics/laliga-fantasy/puntos
Brugui,Roger Brugué,Levante,53,19,2.790,9157,2025-26,2026-08-20T23:17Z,https://www.futbolfantasy.com/analytics/laliga-fantasy/puntos
Primo,Alejandro Primo,Levante,0,0,0.000,10191,2025-26,2026-08-20T23:17Z,https://www.futbolfantasy.com/analytics/laliga-fantasy/puntos
Cuñat Campos,Pablo Campos,Levante,14,2,7.000,11807,2025-26,2026-08-20T23:17Z,https://www.futbolfantasy.com/analytics/laliga-fantasy/puntos
Carlos Espí,Carlos Espí,Levante,123,25,4.920,12870,2025-26,2026-08-20T23:17Z,https://www.futbolfantasy.com/analytics/laliga-fantasy/puntos
Jorge Cabello,Jorge Cabello,Levante,8,5,1.600,12879,2025-26,2026-08-20T23:17Z,https://www.futbolfantasy.com/analytics/laliga-fantasy/puntos
Cortés,Paco Cortés,Levante,34,12,2.830,13145,2025-26,2026-08-20T23:17Z,https://www.futbolfantasy.com/analytics/laliga-fantasy/puntos
Moreno,Matías Moreno,Levante,130,28,4.640,14172,2025-26,2026-08-20T23:17Z,https://www.futbolfantasy.com/analytics/laliga-fantasy/puntos
Nacho Pérez,Nacho Pérez,Levante,9,3,3.000,16020,2025-26,2026-08-20T23:17Z,https://www.futbolfantasy.com/analytics/laliga-fantasy/puntos
Caye,Cayetano Romero,Levante,0,0,0.000,16270,2025-26,2026-08-20T23:17Z,https://www.futbolfantasy.com/analytics/laliga-fantasy/puntos
Joan Ruiz,Joan Ruiz,Levante,0,0,0.000,16271,2025-26,2026-08-20T23:17Z,https://www.futbolfantasy.com/analytics/laliga-fantasy/puntos
Losada,Iker Losada,Levante,77,23,3.350,7201,2025-26,2026-08-20T23:17Z,https://www.futbolfantasy.com/analytics/laliga-fantasy/puntos
Ryan,Mathew Ryan,Levante,229,36,6.360,1743,2025-26,2026-08-20T23:17Z,https://www.futbolfantasy.com/analytics/laliga-fantasy/puntos
Olasagasti,Jon Ander Olasagasti,Levante,116,33,3.520,8961,2025-26,2026-08-20T23:17Z,https://www.futbolfantasy.com/analytics/laliga-fantasy/puntos
Krug,Martín Krug,Levante,0,0,0.000,13748,2025-26,2026-08-20T23:17Z,https://www.futbolfantasy.com/analytics/laliga-fantasy/puntos
Arriaga,Kervin Arriaga,Levante,118,27,4.370,14989,2025-26,2026-08-20T23:17Z,https://www.futbolfantasy.com/analytics/laliga-fantasy/puntos
Koyalipou,Goduine Koyalipou,Levante,28,11,2.550,16224,2025-26,2026-08-20T23:17Z,https://www.futbolfantasy.com/analytics/laliga-fantasy/puntos
Matturro,Alan Matturro,Levante,66,19,3.470,11627,2025-26,2026-08-20T23:17Z,https://www.futbolfantasy.com/analytics/laliga-fantasy/puntos
Nakoha,Huseini Nakoha,Levante,0,0,0.000,16924,2025-26,2026-08-20T23:17Z,https://www.futbolfantasy.com/analytics/laliga-fantasy/puntos
Tunde,Kareem Tunde,Levante,53,21,2.520,16022,2025-26,2026-08-20T23:17Z,https://www.futbolfantasy.com/analytics/laliga-fantasy/puntos
Raghouber,Ugo Raghouber,Levante,46,16,2.880,16571,2025-26,2026-08-20T23:17Z,https://www.futbolfantasy.com/analytics/laliga-fantasy/puntos
Abed,Tai Abed,Levante,0,7,0.000,15086,2025-26,2026-08-20T23:17Z,https://www.futbolfantasy.com/analytics/laliga-fantasy/puntos
Cervera,Dani Cervera,Levante,0,0,0.000,16934,2025-26,2026-08-20T23:17Z,https://www.futbolfantasy.com/analytics/laliga-fantasy/puntos
Abdon,Abdon Prats,Mallorca,22,15,1.470,605,2025-26,2026-08-20T23:17Z,https://www.futbolfantasy.com/analytics/laliga-fantasy/puntos
Mascarell,Omar Mascarell,Mallorca,138,30,4.600,785,2025-26,2026-08-20T23:17Z,https://www.futbolfantasy.com/analytics/laliga-fantasy/puntos
Mojica,Johan Mojica,Mallorca,130,35,3.710,899,2025-26,2026-08-20T23:17Z,https://www.futbolfantasy.com/analytics/laliga-fantasy/puntos
Darder,Sergi Darder,Mallorca,200,38,5.260,930,2025-26,2026-08-20T23:17Z,https://www.futbolfantasy.com/analytics/laliga-fantasy/puntos
Raíllo,Antonio Raíllo,Mallorca,90,24,3.750,1998,2025-26,2026-08-20T23:17Z,https://www.futbolfantasy.com/analytics/laliga-fantasy/puntos
Lato,Antonio Lato,Mallorca,31,12,2.580,2736,2025-26,2026-08-20T23:17Z,https://www.futbolfantasy.com/analytics/laliga-fantasy/puntos
Morlanes,Manuel Morlanes,Mallorca,122,32,3.810,5061,2025-26,2026-08-20T23:17Z,https://www.futbolfantasy.com/analytics/laliga-fantasy/puntos
Valjent,Martin Valjent,Mallorca,154,37,4.160,6634,2025-26,2026-08-20T23:17Z,https://www.futbolfantasy.com/analytics/laliga-fantasy/puntos
Dani Rodríguez,Dani Rodríguez,Mallorca,3,2,1.500,6651,2025-26,2026-08-20T23:17Z,https://www.futbolfantasy.com/analytics/laliga-fantasy/puntos
Asano,Takuma Asano,Mallorca,43,20,2.150,6704,2025-26,2026-08-20T23:17Z,https://www.futbolfantasy.com/analytics/laliga-fantasy/puntos
Antonio,Antonio Sánchez,Mallorca,59,30,1.970,7291,2025-26,2026-08-20T23:17Z,https://www.futbolfantasy.com/analytics/laliga-fantasy/puntos
Morey,Mateu Morey,Mallorca,33,18,1.830,7413,2025-26,2026-08-20T23:17Z,https://www.futbolfantasy.com/analytics/laliga-fantasy/puntos
Muriqi,Vedat Muriqi,Mallorca,234,37,6.320,8134,2025-26,2026-08-20T23:17Z,https://www.futbolfantasy.com/analytics/laliga-fantasy/puntos
Leo Román,Leo Román,Mallorca,165,33,5.000,9405,2025-26,2026-08-20T23:17Z,https://www.futbolfantasy.com/analytics/laliga-fantasy/puntos
Bergstrom,Lucas Bergstrom,Mallorca,36,5,7.200,9602,2025-26,2026-08-20T23:17Z,https://www.futbolfantasy.com/analytics/laliga-fantasy/puntos
Llabrés,Javi Llabrés,Mallorca,27,16,1.690,9771,2025-26,2026-08-20T23:17Z,https://www.futbolfantasy.com/analytics/laliga-fantasy/puntos
Pablo Torre,Pablo Torre,Mallorca,146,35,4.170,10205,2025-26,2026-08-20T23:17Z,https://www.futbolfantasy.com/analytics/laliga-fantasy/puntos
Doménech,Marc Doménech,Mallorca,20,7,2.860,10328,2025-26,2026-08-20T23:17Z,https://www.futbolfantasy.com/analytics/laliga-fantasy/puntos
Joseph,Mateo Joseph,Mallorca,112,29,3.860,10886,2025-26,2026-08-20T23:17Z,https://www.futbolfantasy.com/analytics/laliga-fantasy/puntos
Luna,Daniel Luna,Mallorca,0,0,0.000,11249,2025-26,2026-08-20T23:17Z,https://www.futbolfantasy.com/analytics/laliga-fantasy/puntos
David López,David López,Mallorca,45,14,3.210,11712,2025-26,2026-08-20T23:17Z,https://www.futbolfantasy.com/analytics/laliga-fantasy/puntos
Salas,Jan Salas,Mallorca,4,2,2.000,13823,2025-26,2026-08-20T23:17Z,https://www.futbolfantasy.com/analytics/laliga-fantasy/puntos
Salhi,Iliesse Salhi,Mallorca,0,0,0.000,14912,2025-26,2026-08-20T23:17Z,https://www.futbolfantasy.com/analytics/laliga-fantasy/puntos
Cuéllar,Iván Cuéllar,Mallorca,0,0,0.000,2016,2025-26,2026-08-20T23:17Z,https://www.futbolfantasy.com/analytics/laliga-fantasy/puntos
Kumbulla,Marash Kumbulla,Mallorca,10,8,1.250,7100,2025-26,2026-08-20T23:17Z,https://www.futbolfantasy.com/analytics/laliga-fantasy/puntos
Samú,Samú Costa,Mallorca,165,34,4.850,8105,2025-26,2026-08-20T23:17Z,https://www.futbolfantasy.com/analytics/laliga-fantasy/puntos
Virgili,Jan Virgili,Mallorca,141,31,4.550,16169,2025-26,2026-08-20T23:17Z,https://www.futbolfantasy.com/analytics/laliga-fantasy/puntos
Maffeo,Pablo Maffeo,Mallorca,134,31,4.320,2663,2025-26,2026-08-20T23:17Z,https://www.futbolfantasy.com/analytics/laliga-fantasy/puntos
Olaizola,Javier Olaizola,Mallorca,6,2,3.000,16714,2025-26,2026-08-20T23:17Z,https://www.futbolfantasy.com/analytics/laliga-fantasy/puntos
Torreguitart,Nil Torreguitart,Mallorca,0,0,0.000,16811,2025-26,2026-08-20T23:17Z,https://www.futbolfantasy.com/analytics/laliga-fantasy/puntos
Kalumba,Justin Kalumba,Mallorca,5,3,1.670,17159,2025-26,2026-08-20T23:17Z,https://www.futbolfantasy.com/analytics/laliga-fantasy/puntos
Luvumbo,Zito Luvumbo,Mallorca,37,10,3.700,9963,2025-26,2026-08-20T23:17Z,https://www.futbolfantasy.com/analytics/laliga-fantasy/puntos
Leo Lucas,Leo Lucas,Mallorca,0,0,0.000,16204,2025-26,2026-08-20T23:17Z,https://www.futbolfantasy.com/analytics/laliga-fantasy/puntos
Jandro,Jandro García,Mallorca,0,0,0.000,16979,2025-26,2026-08-20T23:17Z,https://www.futbolfantasy.com/analytics/laliga-fantasy/puntos
Vlad,Rareș Vlad,Mallorca,0,0,0.000,17482,2025-26,2026-08-20T23:17Z,https://www.futbolfantasy.com/analytics/laliga-fantasy/puntos
Riba,Cesc Riba,Mallorca,0,0,0.000,13825,2025-26,2026-08-20T23:17Z,https://www.futbolfantasy.com/analytics/laliga-fantasy/puntos
Orejuela,Luis Orejuela,Mallorca,1,1,1.000,16929,2025-26,2026-08-20T23:17Z,https://www.futbolfantasy.com/analytics/laliga-fantasy/puntos
Calatayud,Miguel Calatayud,Mallorca,0,2,0.000,17572,2025-26,2026-08-20T23:17Z,https://www.futbolfantasy.com/analytics/laliga-fantasy/puntos
Galán,Javi Galán,Osasuna,110,25,4.400,6487,2025-26,2026-08-20T23:17Z,https://www.futbolfantasy.com/analytics/laliga-fantasy/puntos
Rubén G.,Rubén García,Osasuna,174,35,4.970,660,2025-26,2026-08-20T23:17Z,https://www.futbolfantasy.com/analytics/laliga-fantasy/puntos
Aitor,Aitor Fernández,Osasuna,8,2,4.000,829,2025-26,2026-08-20T23:17Z,https://www.futbolfantasy.com/analytics/laliga-fantasy/puntos
Moi Gómez,Moi Gómez,Osasuna,104,26,4.000,841,2025-26,2026-08-20T23:17Z,https://www.futbolfantasy.com/analytics/laliga-fantasy/puntos
Torró,Lucas Torró,Osasuna,101,34,2.970,1928,2025-26,2026-08-20T23:17Z,https://www.futbolfantasy.com/analytics/laliga-fantasy/puntos
Kike Barja,Kike Barja,Osasuna,72,27,2.670,3206,2025-26,2026-08-20T23:17Z,https://www.futbolfantasy.com/analytics/laliga-fantasy/puntos
Catena,Alejandro Catena,Osasuna,183,35,5.230,6493,2025-26,2026-08-20T23:17Z,https://www.futbolfantasy.com/analytics/laliga-fantasy/puntos
Herrera,Sergio Herrera,Osasuna,217,37,5.860,6611,2025-26,2026-08-20T23:17Z,https://www.futbolfantasy.com/analytics/laliga-fantasy/puntos
Budimir,Ante Budimir,Osasuna,211,37,5.700,6635,2025-26,2026-08-20T23:17Z,https://www.futbolfantasy.com/analytics/laliga-fantasy/puntos
Juan Cruz,Juan Cruz,Osasuna,40,15,2.670,6820,2025-26,2026-08-20T23:17Z,https://www.futbolfantasy.com/analytics/laliga-fantasy/puntos
Raúl García,Raúl García,Osasuna,118,36,3.280,7027,2025-26,2026-08-20T23:17Z,https://www.futbolfantasy.com/analytics/laliga-fantasy/puntos
Herrando,Jorge Herrando,Osasuna,90,28,3.210,7082,2025-26,2026-08-20T23:17Z,https://www.futbolfantasy.com/analytics/laliga-fantasy/puntos
Oroz,Aimar Oroz,Osasuna,121,31,3.900,7203,2025-26,2026-08-20T23:17Z,https://www.futbolfantasy.com/analytics/laliga-fantasy/puntos
Moncayola,Jon Moncayola,Osasuna,159,36,4.420,7204,2025-26,2026-08-20T23:17Z,https://www.futbolfantasy.com/analytics/laliga-fantasy/puntos
Boyomo,Boyomo,Osasuna,121,30,4.030,8695,2025-26,2026-08-20T23:17Z,https://www.futbolfantasy.com/analytics/laliga-fantasy/puntos
Rosier,Valentin Rosier,Osasuna,136,31,4.390,9531,2025-26,2026-08-20T23:17Z,https://www.futbolfantasy.com/analytics/laliga-fantasy/puntos
Bretones,Abel Bretones,Osasuna,86,28,3.070,11230,2025-26,2026-08-20T23:17Z,https://www.futbolfantasy.com/analytics/laliga-fantasy/puntos
Iker Muñoz,Iker Muñoz,Osasuna,55,19,2.890,11362,2025-26,2026-08-20T23:17Z,https://www.futbolfantasy.com/analytics/laliga-fantasy/puntos
Stamatakis,Dimitrios Stamatakis,Osasuna,0,0,0.000,11871,2025-26,2026-08-20T23:17Z,https://www.futbolfantasy.com/analytics/laliga-fantasy/puntos
Osambela,Asier Osambela,Osasuna,37,17,2.180,12453,2025-26,2026-08-20T23:17Z,https://www.futbolfantasy.com/analytics/laliga-fantasy/puntos
Chasco,Raúl Chasco,Osasuna,0,0,0.000,13868,2025-26,2026-08-20T23:17Z,https://www.futbolfantasy.com/analytics/laliga-fantasy/puntos
Víctor Muñoz,Víctor Muñoz,Osasuna,188,34,5.530,14954,2025-26,2026-08-20T23:17Z,https://www.futbolfantasy.com/analytics/laliga-fantasy/puntos
Echegoyen,Mauro Echegoyen,Osasuna,0,0,0.000,16158,2025-26,2026-08-20T23:17Z,https://www.futbolfantasy.com/analytics/laliga-fantasy/puntos
Benito,Iker Benito,Osasuna,20,6,3.330,9872,2025-26,2026-08-20T23:17Z,https://www.futbolfantasy.com/analytics/laliga-fantasy/puntos
Becker,Sheraldo Becker,Osasuna,13,9,1.440,11353,2025-26,2026-08-20T23:17Z,https://www.futbolfantasy.com/analytics/laliga-fantasy/puntos
Pedroarena,Martín Pedroarena,Osasuna,0,0,0.000,16159,2025-26,2026-08-20T23:17Z,https://www.futbolfantasy.com/analytics/laliga-fantasy/puntos
Arguibide,Iñigo Arguibide,Osasuna,17,6,2.830,12823,2025-26,2026-08-20T23:17Z,https://www.futbolfantasy.com/analytics/laliga-fantasy/puntos
Serrano,Mikel Serrano,Osasuna,0,0,0.000,16916,2025-26,2026-08-20T23:17Z,https://www.futbolfantasy.com/analytics/laliga-fantasy/puntos
Raul Moro,Raul Moro,Osasuna,52,14,3.710,7870,2025-26,2026-08-20T23:17Z,https://www.futbolfantasy.com/analytics/laliga-fantasy/puntos
Rafa,Rafa Fernández,Osasuna,0,0,0.000,15424,2025-26,2026-08-20T23:17Z,https://www.futbolfantasy.com/analytics/laliga-fantasy/puntos
Lejeune,Florian Lejeune,Rayo,242,36,6.720,863,2025-26,2026-08-20T23:17Z,https://www.futbolfantasy.com/analytics/laliga-fantasy/puntos
Álvaro García,Álvaro García,Rayo,158,32,4.940,867,2025-26,2026-08-20T23:17Z,https://www.futbolfantasy.com/analytics/laliga-fantasy/puntos
Unai López,Unai López,Rayo,135,28,4.820,1881,2025-26,2026-08-20T23:17Z,https://www.futbolfantasy.com/analytics/laliga-fantasy/puntos
Gumbau,Gerard Gumbau,Rayo,86,28,3.070,2128,2025-26,2026-08-20T23:17Z,https://www.futbolfantasy.com/analytics/laliga-fantasy/puntos
Pedro Díaz,Pedro Díaz,Rayo,98,34,2.880,3623,2025-26,2026-08-20T23:17Z,https://www.futbolfantasy.com/analytics/laliga-fantasy/puntos
Trejo,Óscar Trejo,Rayo,21,7,3.000,5548,2025-26,2026-08-20T23:17Z,https://www.futbolfantasy.com/analytics/laliga-fantasy/puntos
Luiz Felipe,Luiz Felipe,Rayo,36,10,3.600,5705,2025-26,2026-08-20T23:17Z,https://www.futbolfantasy.com/analytics/laliga-fantasy/puntos
Ratiu,Andrei Ratiu,Rayo,201,35,5.740,6560,2025-26,2026-08-20T23:17Z,https://www.futbolfantasy.com/analytics/laliga-fantasy/puntos
Camello,Sergio Camello,Rayo,91,22,4.140,6562,2025-26,2026-08-20T23:17Z,https://www.futbolfantasy.com/analytics/laliga-fantasy/puntos
De Frutos,Jorge de Frutos,Rayo,197,36,5.470,6633,2025-26,2026-08-20T23:17Z,https://www.futbolfantasy.com/analytics/laliga-fantasy/puntos
Espino,Alfonso Espino,Rayo,104,30,3.470,6804,2025-26,2026-08-20T23:17Z,https://www.futbolfantasy.com/analytics/laliga-fantasy/puntos
Nteka,Randy Nteka,Rayo,41,13,3.150,6853,2025-26,2026-08-20T23:17Z,https://www.futbolfantasy.com/analytics/laliga-fantasy/puntos
Valentín,Óscar Valentín,Rayo,134,33,4.060,6889,2025-26,2026-08-20T23:17Z,https://www.futbolfantasy.com/analytics/laliga-fantasy/puntos
Isi,Isi Palazón,Rayo,139,31,4.480,6957,2025-26,2026-08-20T23:17Z,https://www.futbolfantasy.com/analytics/laliga-fantasy/puntos
Balliu,Iván Balliu,Rayo,32,14,2.290,7251,2025-26,2026-08-20T23:17Z,https://www.futbolfantasy.com/analytics/laliga-fantasy/puntos
Pathé Ciss,Pathé Ciss,Rayo,137,29,4.720,7307,2025-26,2026-08-20T23:17Z,https://www.futbolfantasy.com/analytics/laliga-fantasy/puntos
Cárdenas,Dani Cárdenas,Rayo,35,4,8.750,7570,2025-26,2026-08-20T23:17Z,https://www.futbolfantasy.com/analytics/laliga-fantasy/puntos
Pep Chavarría,Pep Chavarría,Rayo,152,33,4.610,7992,2025-26,2026-08-20T23:17Z,https://www.futbolfantasy.com/analytics/laliga-fantasy/puntos
Fran Pérez,Fran Pérez,Rayo,98,29,3.380,10210,2025-26,2026-08-20T23:17Z,https://www.futbolfantasy.com/analytics/laliga-fantasy/puntos
Batalla,Augusto Batalla,Rayo,213,34,6.260,12651,2025-26,2026-08-20T23:17Z,https://www.futbolfantasy.com/analytics/laliga-fantasy/puntos
Pelayo,Pelayo Fernández,Rayo,3,1,3.000,13801,2025-26,2026-08-20T23:17Z,https://www.futbolfantasy.com/analytics/laliga-fantasy/puntos
Vertrouwd,Jozhua Vertrouwd,Rayo,24,9,2.670,14004,2025-26,2026-08-20T23:17Z,https://www.futbolfantasy.com/analytics/laliga-fantasy/puntos
Becerra,Samu Becerra,Rayo,5,3,1.670,16146,2025-26,2026-08-20T23:17Z,https://www.futbolfantasy.com/analytics/laliga-fantasy/puntos
Carlos Martín,Carlos Martín,Rayo,20,11,1.820,9755,2025-26,2026-08-20T23:17Z,https://www.futbolfantasy.com/analytics/laliga-fantasy/puntos
Juanpe,Juanpe Gil,Rayo,0,0,0.000,14967,2025-26,2026-08-20T23:17Z,https://www.futbolfantasy.com/analytics/laliga-fantasy/puntos
Alemão,Alemão,Rayo,78,26,3.000,11758,2025-26,2026-08-20T23:17Z,https://www.futbolfantasy.com/analytics/laliga-fantasy/puntos
Molina,Adrián Molina,Rayo,0,0,0.000,13813,2025-26,2026-08-20T23:17Z,https://www.futbolfantasy.com/analytics/laliga-fantasy/puntos
De la Sías,Marco de la Sías,Rayo,0,0,0.000,13814,2025-26,2026-08-20T23:17Z,https://www.futbolfantasy.com/analytics/laliga-fantasy/puntos
Mendy,Nobel Mendy,Rayo,120,24,5.000,12595,2025-26,2026-08-20T23:17Z,https://www.futbolfantasy.com/analytics/laliga-fantasy/puntos
Mumin,Abdul Mumin,Rayo,6,3,2.000,10552,2025-26,2026-08-20T23:17Z,https://www.futbolfantasy.com/analytics/laliga-fantasy/puntos
Courtois,Thibaut Courtois,Real Madrid,212,32,6.630,59,2025-26,2026-08-20T23:17Z,https://www.futbolfantasy.com/analytics/laliga-fantasy/puntos
Carvajal,Daniel Carvajal,Real Madrid,67,17,3.940,790,2025-26,2026-08-20T23:17Z,https://www.futbolfantasy.com/analytics/laliga-fantasy/puntos
Ceballos,Dani Ceballos,Real Madrid,46,16,2.880,1062,2025-26,2026-08-20T23:17Z,https://www.futbolfantasy.com/analytics/laliga-fantasy/puntos
Alaba,David Alaba,Real Madrid,30,11,2.730,2223,2025-26,2026-08-20T23:17Z,https://www.futbolfantasy.com/analytics/laliga-fantasy/puntos
Mbappé,Kylian Mbappé,Real Madrid,324,31,10.450,3429,2025-26,2026-08-20T23:17Z,https://www.futbolfantasy.com/analytics/laliga-fantasy/puntos
Valverde,Federico Valverde,Real Madrid,249,33,7.550,3758,2025-26,2026-08-20T23:17Z,https://www.futbolfantasy.com/analytics/laliga-fantasy/puntos
Alexander-Arnold,Trent Alexander-Arnold,Real Madrid,91,21,4.330,4480,2025-26,2026-08-20T23:17Z,https://www.futbolfantasy.com/analytics/laliga-fantasy/puntos
Brahim,Brahim Díaz,Real Madrid,142,30,4.730,5035,2025-26,2026-08-20T23:17Z,https://www.futbolfantasy.com/analytics/laliga-fantasy/puntos
Lunin,Andriy Lunin,Real Madrid,39,6,6.500,5526,2025-26,2026-08-20T23:17Z,https://www.futbolfantasy.com/analytics/laliga-fantasy/puntos
Vinicius,Vinicius Junior,Real Madrid,279,36,7.750,5565,2025-26,2026-08-20T23:17Z,https://www.futbolfantasy.com/analytics/laliga-fantasy/puntos
Militão,Éder Militão,Real Madrid,103,16,6.440,6062,2025-26,2026-08-20T23:17Z,https://www.futbolfantasy.com/analytics/laliga-fantasy/puntos
Fran García,Fran García,Real Madrid,57,13,4.380,6392,2025-26,2026-08-20T23:17Z,https://www.futbolfantasy.com/analytics/laliga-fantasy/puntos
Rodrygo,Rodrygo Goes,Real Madrid,92,19,4.840,6631,2025-26,2026-08-20T23:17Z,https://www.futbolfantasy.com/analytics/laliga-fantasy/puntos
Tchouaméni,Aurélien Tchouaméni,Real Madrid,181,33,5.480,9669,2025-26,2026-08-20T23:17Z,https://www.futbolfantasy.com/analytics/laliga-fantasy/puntos
A. F. Carreras,Álvaro F. Carreras,Real Madrid,176,28,6.290,10176,2025-26,2026-08-20T23:17Z,https://www.futbolfantasy.com/analytics/laliga-fantasy/puntos
Mestre,Sergio Mestre,Real Madrid,0,0,0.000,10767,2025-26,2026-08-20T23:17Z,https://www.futbolfantasy.com/analytics/laliga-fantasy/puntos
Güler,Arda Güler,Real Madrid,234,33,7.090,11439,2025-26,2026-08-20T23:17Z,https://www.futbolfantasy.com/analytics/laliga-fantasy/puntos
Huijsen,Dean Huijsen,Real Madrid,169,28,6.040,11830,2025-26,2026-08-20T23:17Z,https://www.futbolfantasy.com/analytics/laliga-fantasy/puntos
Gonzalo,Gonzalo García,Real Madrid,99,30,3.300,11885,2025-26,2026-08-20T23:17Z,https://www.futbolfantasy.com/analytics/laliga-fantasy/puntos
Asencio,Raúl Asencio,Real Madrid,109,23,4.740,12639,2025-26,2026-08-20T23:17Z,https://www.futbolfantasy.com/analytics/laliga-fantasy/puntos
Mastantuono,Franco Mastantuono,Real Madrid,78,23,3.390,15437,2025-26,2026-08-20T23:17Z,https://www.futbolfantasy.com/analytics/laliga-fantasy/puntos
Thiago,Thiago Pitarch,Real Madrid,41,10,4.100,16237,2025-26,2026-08-20T23:17Z,https://www.futbolfantasy.com/analytics/laliga-fantasy/puntos
Rüdiger,Antonio Rüdiger,Real Madrid,93,18,5.170,2536,2025-26,2026-08-20T23:17Z,https://www.futbolfantasy.com/analytics/laliga-fantasy/puntos
Bellingham,Jude Bellingham,Real Madrid,193,28,6.890,8386,2025-26,2026-08-20T23:17Z,https://www.futbolfantasy.com/analytics/laliga-fantasy/puntos
Camavinga,Eduardo Camavinga,Real Madrid,121,29,4.170,8479,2025-26,2026-08-20T23:17Z,https://www.futbolfantasy.com/analytics/laliga-fantasy/puntos
Endrick,Endrick,Real Madrid,2,1,2.000,13564,2025-26,2026-08-20T23:17Z,https://www.futbolfantasy.com/analytics/laliga-fantasy/puntos
Jiménez,David Jiménez,Real Madrid,8,2,4.000,14700,2025-26,2026-08-20T23:17Z,https://www.futbolfantasy.com/analytics/laliga-fantasy/puntos
Mendy,Ferland Mendy,Real Madrid,14,5,2.800,6158,2025-26,2026-08-20T23:17Z,https://www.futbolfantasy.com/analytics/laliga-fantasy/puntos
Fran González,Fran González,Real Madrid,0,0,0.000,11554,2025-26,2026-08-20T23:17Z,https://www.futbolfantasy.com/analytics/laliga-fantasy/puntos
Joan Martínez,Joan Martínez,Real Madrid,0,0,0.000,14036,2025-26,2026-08-20T23:17Z,https://www.futbolfantasy.com/analytics/laliga-fantasy/puntos
Valdepeñas,Víctor Valdepeñas,Real Madrid,0,1,0.000,15326,2025-26,2026-08-20T23:17Z,https://www.futbolfantasy.com/analytics/laliga-fantasy/puntos
Cestero,Jorge Cestero,Real Madrid,2,2,1.000,16948,2025-26,2026-08-20T23:17Z,https://www.futbolfantasy.com/analytics/laliga-fantasy/puntos
Palacios,César Palacios,Real Madrid,8,5,1.600,14038,2025-26,2026-08-20T23:17Z,https://www.futbolfantasy.com/analytics/laliga-fantasy/puntos
Leiva,Álvaro Leiva,Real Madrid,0,1,0.000,17160,2025-26,2026-08-20T23:17Z,https://www.futbolfantasy.com/analytics/laliga-fantasy/puntos
D. Aguado,Diego Aguado,Real Madrid,2,1,2.000,14886,2025-26,2026-08-20T23:17Z,https://www.futbolfantasy.com/analytics/laliga-fantasy/puntos
Manuel Ángel,Manuel Ángel,Real Madrid,5,4,1.250,11886,2025-26,2026-08-20T23:17Z,https://www.futbolfantasy.com/analytics/laliga-fantasy/puntos
Lamini Fati,Lamini Fati,Real Madrid,0,0,0.000,17406,2025-26,2026-08-20T23:17Z,https://www.futbolfantasy.com/analytics/laliga-fantasy/puntos
Yáñez,Daniel Yáñez,Real Madrid,2,2,1.000,14904,2025-26,2026-08-20T23:17Z,https://www.futbolfantasy.com/analytics/laliga-fantasy/puntos
Javi Navarro,Javi Navarro,Real Madrid,0,0,0.000,16735,2025-26,2026-08-20T23:17Z,https://www.futbolfantasy.com/analytics/laliga-fantasy/puntos
Fortea,Jesús Fortea,Real Madrid,0,0,0.000,15961,2025-26,2026-08-20T23:17Z,https://www.futbolfantasy.com/analytics/laliga-fantasy/puntos
Mesonero,Dani Mesonero,Real Madrid,0,0,0.000,17166,2025-26,2026-08-20T23:17Z,https://www.futbolfantasy.com/analytics/laliga-fantasy/puntos
Álvaro,Álvaro González,Real Madrid,0,0,0.000,17586,2025-26,2026-08-20T23:17Z,https://www.futbolfantasy.com/analytics/laliga-fantasy/puntos
Manuel Serrano,Manuel Serrano,Real Madrid,0,1,0.000,17587,2025-26,2026-08-20T23:17Z,https://www.futbolfantasy.com/analytics/laliga-fantasy/puntos
Aritz,Aritz Elustondo,Real Sociedad,33,16,2.060,1940,2025-26,2026-08-20T23:17Z,https://www.futbolfantasy.com/analytics/laliga-fantasy/puntos
Remiro,Álex Remiro,Real Sociedad,188,37,5.080,1975,2025-26,2026-08-20T23:17Z,https://www.futbolfantasy.com/analytics/laliga-fantasy/puntos
Guedes,Gonçalo Guedes,Real Sociedad,176,32,5.500,2242,2025-26,2026-08-20T23:17Z,https://www.futbolfantasy.com/analytics/laliga-fantasy/puntos
Oyarzabal,Mikel Oyarzabal,Real Sociedad,228,34,6.710,2675,2025-26,2026-08-20T23:17Z,https://www.futbolfantasy.com/analytics/laliga-fantasy/puntos
Zubeldia,Igor Zubeldia,Real Sociedad,90,25,3.600,2802,2025-26,2026-08-20T23:17Z,https://www.futbolfantasy.com/analytics/laliga-fantasy/puntos
Brais,Brais Méndez,Real Sociedad,138,29,4.760,3650,2025-26,2026-08-20T23:17Z,https://www.futbolfantasy.com/analytics/laliga-fantasy/puntos
Caleta-Car,Duje Caleta-Car,Real Sociedad,110,27,4.070,5385,2025-26,2026-08-20T23:17Z,https://www.futbolfantasy.com/analytics/laliga-fantasy/puntos
Sergio Gómez,Sergio Gómez,Real Sociedad,173,35,4.940,6180,2025-26,2026-08-20T23:17Z,https://www.futbolfantasy.com/analytics/laliga-fantasy/puntos
Barrenetxea,Ander Barrenetxea,Real Sociedad,150,30,5.000,6363,2025-26,2026-08-20T23:17Z,https://www.futbolfantasy.com/analytics/laliga-fantasy/puntos
Aihen,Aihen Muñoz,Real Sociedad,46,21,2.190,6394,2025-26,2026-08-20T23:17Z,https://www.futbolfantasy.com/analytics/laliga-fantasy/puntos
Kubo,Takefusa Kubo,Real Sociedad,122,24,5.080,7091,2025-26,2026-08-20T23:17Z,https://www.futbolfantasy.com/analytics/laliga-fantasy/puntos
Urko,Urko González de Zarate,Real Sociedad,114,36,3.170,8228,2025-26,2026-08-20T23:17Z,https://www.futbolfantasy.com/analytics/laliga-fantasy/puntos
L. Sucic,Luka Sucic,Real Sociedad,80,22,3.640,8392,2025-26,2026-08-20T23:17Z,https://www.futbolfantasy.com/analytics/laliga-fantasy/puntos
Traoré,Hamari Traoré,Real Sociedad,0,0,0.000,8477,2025-26,2026-08-20T23:17Z,https://www.futbolfantasy.com/analytics/laliga-fantasy/puntos
Turrientes,Beñat Turrientes,Real Sociedad,93,27,3.440,8651,2025-26,2026-08-20T23:17Z,https://www.futbolfantasy.com/analytics/laliga-fantasy/puntos
Marrero,Unai Marrero,Real Sociedad,8,1,8.000,8679,2025-26,2026-08-20T23:17Z,https://www.futbolfantasy.com/analytics/laliga-fantasy/puntos
Zakharyan,Arsen Zakharyan,Real Sociedad,29,17,1.710,9011,2025-26,2026-08-20T23:17Z,https://www.futbolfantasy.com/analytics/laliga-fantasy/puntos
Karrikaburu,Jon Karrikaburu,Real Sociedad,11,7,1.570,9423,2025-26,2026-08-20T23:17Z,https://www.futbolfantasy.com/analytics/laliga-fantasy/puntos
Óskarsson,Orri Steinn Óskarsson,Real Sociedad,85,20,4.250,10660,2025-26,2026-08-20T23:17Z,https://www.futbolfantasy.com/analytics/laliga-fantasy/puntos
Arana,Egoitz Arana,Real Sociedad,0,0,0.000,10764,2025-26,2026-08-20T23:17Z,https://www.futbolfantasy.com/analytics/laliga-fantasy/puntos
Marín,Pablo Marín,Real Sociedad,74,34,2.180,10830,2025-26,2026-08-20T23:17Z,https://www.futbolfantasy.com/analytics/laliga-fantasy/puntos
Goti,Mikel Goti,Real Sociedad,3,4,0.750,11684,2025-26,2026-08-20T23:17Z,https://www.futbolfantasy.com/analytics/laliga-fantasy/puntos
Jon Martín,Jon Martín,Real Sociedad,112,25,4.480,11792,2025-26,2026-08-20T23:17Z,https://www.futbolfantasy.com/analytics/laliga-fantasy/puntos
Aramburu,Jon Aramburu,Real Sociedad,83,35,2.370,12538,2025-26,2026-08-20T23:17Z,https://www.futbolfantasy.com/analytics/laliga-fantasy/puntos
Gorrotxategi,Jon Gorrotxategi,Real Sociedad,117,30,3.900,11683,2025-26,2026-08-20T23:17Z,https://www.futbolfantasy.com/analytics/laliga-fantasy/puntos
Folgado,Theo Folgado,Real Sociedad,0,0,0.000,16155,2025-26,2026-08-20T23:17Z,https://www.futbolfantasy.com/analytics/laliga-fantasy/puntos
Carlos Soler,Carlos Soler,Real Sociedad,175,33,5.300,2799,2025-26,2026-08-20T23:17Z,https://www.futbolfantasy.com/analytics/laliga-fantasy/puntos
Odriozola,Álvaro Odriozola,Real Sociedad,22,5,4.400,2807,2025-26,2026-08-20T23:17Z,https://www.futbolfantasy.com/analytics/laliga-fantasy/puntos
Fraga,Aitor Fraga,Real Sociedad,0,0,0.000,11816,2025-26,2026-08-20T23:17Z,https://www.futbolfantasy.com/analytics/laliga-fantasy/puntos
Lebarbier,Alex Lebarbier,Real Sociedad,0,0,0.000,11793,2025-26,2026-08-20T23:17Z,https://www.futbolfantasy.com/analytics/laliga-fantasy/puntos
Beitia,Luken Beitia,Real Sociedad,6,2,3.000,15273,2025-26,2026-08-20T23:17Z,https://www.futbolfantasy.com/analytics/laliga-fantasy/puntos
Marchal,Alex Marchal,Real Sociedad,0,0,0.000,14881,2025-26,2026-08-20T23:17Z,https://www.futbolfantasy.com/analytics/laliga-fantasy/puntos
Carrera,Gorka Carrera,Real Sociedad,2,3,0.670,16922,2025-26,2026-08-20T23:17Z,https://www.futbolfantasy.com/analytics/laliga-fantasy/puntos
Carrera,Gorka Carrera,Real Sociedad,0,0,0.000,16248,2025-26,2026-08-20T23:17Z,https://www.futbolfantasy.com/analytics/laliga-fantasy/puntos
Mariezkurrena,Arkaitz Mariezkurrena,Real Sociedad,0,1,0.000,14020,2025-26,2026-08-20T23:17Z,https://www.futbolfantasy.com/analytics/laliga-fantasy/puntos
Astiazaran,Lander Astiazaran,Real Sociedad,0,1,0.000,16247,2025-26,2026-08-20T23:17Z,https://www.futbolfantasy.com/analytics/laliga-fantasy/puntos
Kita,Kazunari Kita,Real Sociedad,0,0,0.000,16217,2025-26,2026-08-20T23:17Z,https://www.futbolfantasy.com/analytics/laliga-fantasy/puntos
Aguirre,Ibai Aguirre,Real Sociedad,1,1,1.000,16867,2025-26,2026-08-20T23:17Z,https://www.futbolfantasy.com/analytics/laliga-fantasy/puntos
Ochieng,Job Ochieng,Real Sociedad,3,2,1.500,14021,2025-26,2026-08-20T23:17Z,https://www.futbolfantasy.com/analytics/laliga-fantasy/puntos
Dani Díaz,Dani Díaz,Real Sociedad,0,1,0.000,14822,2025-26,2026-08-20T23:17Z,https://www.futbolfantasy.com/analytics/laliga-fantasy/puntos
Wesley,Wesley Gassova,Real Sociedad,7,5,1.400,17286,2025-26,2026-08-20T23:17Z,https://www.futbolfantasy.com/analytics/laliga-fantasy/puntos
Carbonell,Tomy Carbonell,Real Sociedad,0,0,0.000,16220,2025-26,2026-08-20T23:17Z,https://www.futbolfantasy.com/analytics/laliga-fantasy/puntos
Rupérez,Iñaki Rupérez,Real Sociedad,0,1,0.000,12694,2025-26,2026-08-20T23:17Z,https://www.futbolfantasy.com/analytics/laliga-fantasy/puntos
Januzaj,Adnan Januzaj,Sevilla,24,12,2.000,1715,2025-26,2026-08-20T23:17Z,https://www.futbolfantasy.com/analytics/laliga-fantasy/puntos
Sow,Djibril Sow,Sevilla,146,33,4.420,3357,2025-26,2026-08-20T23:17Z,https://www.futbolfantasy.com/analytics/laliga-fantasy/puntos
Marcão,Marcão,Sevilla,46,13,3.540,4208,2025-26,2026-08-20T23:17Z,https://www.futbolfantasy.com/analytics/laliga-fantasy/puntos
Lukebakio,Dodi Lukebakio,Sevilla,13,2,6.500,5139,2025-26,2026-08-20T23:17Z,https://www.futbolfantasy.com/analytics/laliga-fantasy/puntos
Nyland,Örjan Nyland,Sevilla,21,5,4.200,6705,2025-26,2026-08-20T23:17Z,https://www.futbolfantasy.com/analytics/laliga-fantasy/puntos
Gudelj,Nemanja Gudelj,Sevilla,139,34,4.090,7028,2025-26,2026-08-20T23:17Z,https://www.futbolfantasy.com/analytics/laliga-fantasy/puntos
Agoume,Lucien Agoume,Sevilla,133,34,3.910,7249,2025-26,2026-08-20T23:17Z,https://www.futbolfantasy.com/analytics/laliga-fantasy/puntos
Juanlu,Juanlu Sánchez,Sevilla,114,32,3.560,7779,2025-26,2026-08-20T23:17Z,https://www.futbolfantasy.com/analytics/laliga-fantasy/puntos
Rafa,Rafael Romero,Sevilla,0,0,0.000,8634,2025-26,2026-08-20T23:17Z,https://www.futbolfantasy.com/analytics/laliga-fantasy/puntos
Carmona,José Ángel Carmona,Sevilla,104,35,2.970,9317,2025-26,2026-08-20T23:17Z,https://www.futbolfantasy.com/analytics/laliga-fantasy/puntos
Alberto,Alberto Flores,Sevilla,0,0,0.000,9824,2025-26,2026-08-20T23:17Z,https://www.futbolfantasy.com/analytics/laliga-fantasy/puntos
Kike Salas,Kike Salas,Sevilla,130,26,5.000,9931,2025-26,2026-08-20T23:17Z,https://www.futbolfantasy.com/analytics/laliga-fantasy/puntos
Peque,Peque,Sevilla,72,26,2.770,10341,2025-26,2026-08-20T23:17Z,https://www.futbolfantasy.com/analytics/laliga-fantasy/puntos
Manu Bueno,Manu Bueno,Sevilla,15,8,1.880,11180,2025-26,2026-08-20T23:17Z,https://www.futbolfantasy.com/analytics/laliga-fantasy/puntos
Romero,Isaac Romero,Sevilla,86,29,2.970,11680,2025-26,2026-08-20T23:17Z,https://www.futbolfantasy.com/analytics/laliga-fantasy/puntos
Ejuke,Chidera Ejuke,Sevilla,109,27,4.040,12042,2025-26,2026-08-20T23:17Z,https://www.futbolfantasy.com/analytics/laliga-fantasy/puntos
Idumbo M.,Stanis Idumbo Muzambo,Sevilla,1,1,1.000,12685,2025-26,2026-08-20T23:17Z,https://www.futbolfantasy.com/analytics/laliga-fantasy/puntos
Castrín,Andrés Castrín,Sevilla,90,19,4.740,13888,2025-26,2026-08-20T23:17Z,https://www.futbolfantasy.com/analytics/laliga-fantasy/puntos
Adams,Akor Adams,Sevilla,142,32,4.440,15134,2025-26,2026-08-20T23:17Z,https://www.futbolfantasy.com/analytics/laliga-fantasy/puntos
Altozano,Edu Altozano,Sevilla,0,0,0.000,16198,2025-26,2026-08-20T23:17Z,https://www.futbolfantasy.com/analytics/laliga-fantasy/puntos
Sierra,Miguel Sierra,Sevilla,9,4,2.250,16236,2025-26,2026-08-20T23:17Z,https://www.futbolfantasy.com/analytics/laliga-fantasy/puntos
Álvaro,Álvaro Fernández,Sevilla,0,0,0.000,3612,2025-26,2026-08-20T23:17Z,https://www.futbolfantasy.com/analytics/laliga-fantasy/puntos
Vargas,Rubén Vargas,Sevilla,130,24,5.420,9125,2025-26,2026-08-20T23:17Z,https://www.futbolfantasy.com/analytics/laliga-fantasy/puntos
Vlachodimos,Odysseas Vlachodimos,Sevilla,155,33,4.700,6235,2025-26,2026-08-20T23:17Z,https://www.futbolfantasy.com/analytics/laliga-fantasy/puntos
Suazo,Gabriel Suazo,Sevilla,94,29,3.240,12358,2025-26,2026-08-20T23:17Z,https://www.futbolfantasy.com/analytics/laliga-fantasy/puntos
Oso,Joaquín Oso,Sevilla,81,21,3.860,12596,2025-26,2026-08-20T23:17Z,https://www.futbolfantasy.com/analytics/laliga-fantasy/puntos
Álex Costa,Álex Costa,Sevilla,0,0,0.000,16235,2025-26,2026-08-20T23:17Z,https://www.futbolfantasy.com/analytics/laliga-fantasy/puntos
Alexis,Alexis Sánchez,Sevilla,96,28,3.430,83,2025-26,2026-08-20T23:17Z,https://www.futbolfantasy.com/analytics/laliga-fantasy/puntos
Azpilicueta,César Azpilicueta,Sevilla,55,17,3.240,1375,2025-26,2026-08-20T23:17Z,https://www.futbolfantasy.com/analytics/laliga-fantasy/puntos
Nianzou,Tanguy Nianzou,Sevilla,25,12,2.080,7386,2025-26,2026-08-20T23:17Z,https://www.futbolfantasy.com/analytics/laliga-fantasy/puntos
Cardoso,Fábio Cardoso,Sevilla,20,4,5.000,9500,2025-26,2026-08-20T23:17Z,https://www.futbolfantasy.com/analytics/laliga-fantasy/puntos
Ramón,Ramón Martínez,Sevilla,2,2,1.000,13804,2025-26,2026-08-20T23:17Z,https://www.futbolfantasy.com/analytics/laliga-fantasy/puntos
Mendy,Batista Mendy,Sevilla,86,27,3.190,16332,2025-26,2026-08-20T23:17Z,https://www.futbolfantasy.com/analytics/laliga-fantasy/puntos
Jordan,Joan Jordan,Sevilla,3,3,1.000,1887,2025-26,2026-08-20T23:17Z,https://www.futbolfantasy.com/analytics/laliga-fantasy/puntos
Loren,Loren Luchino,Sevilla,0,0,0.000,16974,2025-26,2026-08-20T23:17Z,https://www.futbolfantasy.com/analytics/laliga-fantasy/puntos
Iker Muñoz,Iker Muñoz,Sevilla,0,0,0.000,16975,2025-26,2026-08-20T23:17Z,https://www.futbolfantasy.com/analytics/laliga-fantasy/puntos
Gattoni,Federico Gattoni,Sevilla,0,1,0.000,11381,2025-26,2026-08-20T23:17Z,https://www.futbolfantasy.com/analytics/laliga-fantasy/puntos
Maupay,Neal Maupay,Sevilla,46,12,3.830,7220,2025-26,2026-08-20T23:17Z,https://www.futbolfantasy.com/analytics/laliga-fantasy/puntos
Guillén,Nico Guillén,Sevilla,0,0,0.000,13865,2025-26,2026-08-20T23:17Z,https://www.futbolfantasy.com/analytics/laliga-fantasy/puntos
Gayà,José Gayà,Valencia,135,32,4.220,663,2025-26,2026-08-20T23:17Z,https://www.futbolfantasy.com/analytics/laliga-fantasy/puntos
Foulquier,Dimitri Foulquier,Valencia,44,15,2.930,943,2025-26,2026-08-20T23:17Z,https://www.futbolfantasy.com/analytics/laliga-fantasy/puntos
Pepelu,Pepelu,Valencia,135,31,4.350,2715,2025-26,2026-08-20T23:17Z,https://www.futbolfantasy.com/analytics/laliga-fantasy/puntos
Diakhaby,Mouctar Diakhaby,Valencia,38,8,4.750,3607,2025-26,2026-08-20T23:17Z,https://www.futbolfantasy.com/analytics/laliga-fantasy/puntos
Raba,Daniel Raba,Valencia,33,13,2.540,3732,2025-26,2026-08-20T23:17Z,https://www.futbolfantasy.com/analytics/laliga-fantasy/puntos
Duro,Hugo Duro,Valencia,134,36,3.720,5019,2025-26,2026-08-20T23:17Z,https://www.futbolfantasy.com/analytics/laliga-fantasy/puntos
Rivero,Cristian Rivero,Valencia,-3,0,0.000,5080,2025-26,2026-08-20T23:17Z,https://www.futbolfantasy.com/analytics/laliga-fantasy/puntos
Danjuma,Arnaut Danjuma,Valencia,126,30,4.200,6174,2025-26,2026-08-20T23:17Z,https://www.futbolfantasy.com/analytics/laliga-fantasy/puntos
Rioja,Luis Rioja,Valencia,191,37,5.160,6665,2025-26,2026-08-20T23:17Z,https://www.futbolfantasy.com/analytics/laliga-fantasy/puntos
Jesús Vázquez,Jesús Vázquez,Valencia,64,24,2.670,8684,2025-26,2026-08-20T23:17Z,https://www.futbolfantasy.com/analytics/laliga-fantasy/puntos
Cömert,Eray Cömert,Valencia,93,17,5.470,9124,2025-26,2026-08-20T23:17Z,https://www.futbolfantasy.com/analytics/laliga-fantasy/puntos
Agirrezabala,Julen Agirrezabala,Valencia,104,18,5.780,9213,2025-26,2026-08-20T23:17Z,https://www.futbolfantasy.com/analytics/laliga-fantasy/puntos
Copete,José Manuel Copete,Valencia,76,21,3.620,9234,2025-26,2026-08-20T23:17Z,https://www.futbolfantasy.com/analytics/laliga-fantasy/puntos
Diego López,Diego López,Valencia,121,34,3.560,9304,2025-26,2026-08-20T23:17Z,https://www.futbolfantasy.com/analytics/laliga-fantasy/puntos
Tárrega,César Tárrega,Valencia,127,32,3.970,9762,2025-26,2026-08-20T23:17Z,https://www.futbolfantasy.com/analytics/laliga-fantasy/puntos
Iranzo,Rubén Iranzo,Valencia,2,1,2.000,9796,2025-26,2026-08-20T23:17Z,https://www.futbolfantasy.com/analytics/laliga-fantasy/puntos
Javi Guerra,Javi Guerra,Valencia,171,36,4.750,9927,2025-26,2026-08-20T23:17Z,https://www.futbolfantasy.com/analytics/laliga-fantasy/puntos
Almeida,André Almeida,Valencia,91,22,4.140,10533,2025-26,2026-08-20T23:17Z,https://www.futbolfantasy.com/analytics/laliga-fantasy/puntos
Santamaria,Baptiste Santamaria,Valencia,58,19,3.050,11289,2025-26,2026-08-20T23:17Z,https://www.futbolfantasy.com/analytics/laliga-fantasy/puntos
Ugrinic,Filip Ugrinic,Valencia,114,27,4.220,12025,2025-26,2026-08-20T23:17Z,https://www.futbolfantasy.com/analytics/laliga-fantasy/puntos
Otorbi,David Otorbi,Valencia,0,0,0.000,12594,2025-26,2026-08-20T23:17Z,https://www.futbolfantasy.com/analytics/laliga-fantasy/puntos
Abril,Vicent Abril,Valencia,0,0,0.000,13007,2025-26,2026-08-20T23:17Z,https://www.futbolfantasy.com/analytics/laliga-fantasy/puntos
Pablo López,Pablo López,Valencia,0,0,0.000,15000,2025-26,2026-08-20T23:17Z,https://www.futbolfantasy.com/analytics/laliga-fantasy/puntos
Blázquez,Aimar Blázquez,Valencia,0,0,0.000,16018,2025-26,2026-08-20T23:17Z,https://www.futbolfantasy.com/analytics/laliga-fantasy/puntos
Dimitrievski,Stole Dimitrievski,Valencia,118,20,5.900,989,2025-26,2026-08-20T23:17Z,https://www.futbolfantasy.com/analytics/laliga-fantasy/puntos
Ramazani,Largie Ramazani,Valencia,114,27,4.220,7934,2025-26,2026-08-20T23:17Z,https://www.futbolfantasy.com/analytics/laliga-fantasy/puntos
Lucas Núñez,Lucas Núñez,Valencia,0,0,0.000,15413,2025-26,2026-08-20T23:17Z,https://www.futbolfantasy.com/analytics/laliga-fantasy/puntos
Navarro,Marcos Navarro,Valencia,0,0,0.000,16317,2025-26,2026-08-20T23:17Z,https://www.futbolfantasy.com/analytics/laliga-fantasy/puntos
Navarro,Javier Navarro,Valencia,0,0,0.000,11685,2025-26,2026-08-20T23:17Z,https://www.futbolfantasy.com/analytics/laliga-fantasy/puntos
Thierry,Thierry Correia,Valencia,61,24,2.540,7294,2025-26,2026-08-20T23:17Z,https://www.futbolfantasy.com/analytics/laliga-fantasy/puntos
Beltrán,Lucas Beltrán,Valencia,90,27,3.330,11833,2025-26,2026-08-20T23:17Z,https://www.futbolfantasy.com/analytics/laliga-fantasy/puntos
Sadiq,Umar Sadiq,Valencia,94,25,3.760,8294,2025-26,2026-08-20T23:17Z,https://www.futbolfantasy.com/analytics/laliga-fantasy/puntos
Panach,Alejandro Panach,Valencia,0,0,0.000,16017,2025-26,2026-08-20T23:17Z,https://www.futbolfantasy.com/analytics/laliga-fantasy/puntos
Caro,Andrés Caro,Valencia,0,0,0.000,16015,2025-26,2026-08-20T23:17Z,https://www.futbolfantasy.com/analytics/laliga-fantasy/puntos
Fontanet,Joel Fontanet,Valencia,0,0,0.000,16874,2025-26,2026-08-20T23:17Z,https://www.futbolfantasy.com/analytics/laliga-fantasy/puntos
U. Núñez,Unai Núñez,Valencia,48,13,3.690,3785,2025-26,2026-08-20T23:17Z,https://www.futbolfantasy.com/analytics/laliga-fantasy/puntos
Guido,Guido Rodríguez,Valencia,88,16,5.500,7676,2025-26,2026-08-20T23:17Z,https://www.futbolfantasy.com/analytics/laliga-fantasy/puntos
Pere,Pere Joan García,Valencia,0,0,0.000,7860,2025-26,2026-08-20T23:17Z,https://www.futbolfantasy.com/analytics/laliga-fantasy/puntos
Mayol,Aaron Ndive Mayol,Valencia,0,0,0.000,17376,2025-26,2026-08-20T23:17Z,https://www.futbolfantasy.com/analytics/laliga-fantasy/puntos
Saravia,Renzo Saravia,Valencia,12,5,2.400,10012,2025-26,2026-08-20T23:17Z,https://www.futbolfantasy.com/analytics/laliga-fantasy/puntos
Rubi,Rubi Muñoz,Valencia,0,0,0.000,17585,2025-26,2026-08-20T23:17Z,https://www.futbolfantasy.com/analytics/laliga-fantasy/puntos
Pedrosa,Adrià Pedrosa,Elche,59,27,2.190,5587,2025-26,2026-08-20T23:17Z,https://www.futbolfantasy.com/analytics/laliga-fantasy/puntos
Peña,Iñaki Peña,Elche,102,16,6.380,6289,2025-26,2026-08-20T23:17Z,https://www.futbolfantasy.com/analytics/laliga-fantasy/puntos
Bigas,Pedro Bigas,Elche,131,28,4.680,404,2025-26,2026-08-20T23:17Z,https://www.futbolfantasy.com/analytics/laliga-fantasy/puntos
André Silva,André Silva,Elche,145,31,4.680,2401,2025-26,2026-08-20T23:17Z,https://www.futbolfantasy.com/analytics/laliga-fantasy/puntos
Rafa Mir,Rafa Mir,Elche,121,27,4.480,2687,2025-26,2026-08-20T23:17Z,https://www.futbolfantasy.com/analytics/laliga-fantasy/puntos
Bambo,Bambo Diaby,Elche,3,4,0.750,5022,2025-26,2026-08-20T23:17Z,https://www.futbolfantasy.com/analytics/laliga-fantasy/puntos
Jairo I.,Jairo Izquierdo,Elche,2,1,2.000,5701,2025-26,2026-08-20T23:17Z,https://www.futbolfantasy.com/analytics/laliga-fantasy/puntos
Febas,Aleix Febas,Elche,173,36,4.810,6885,2025-26,2026-08-20T23:17Z,https://www.futbolfantasy.com/analytics/laliga-fantasy/puntos
Valera,Germán Valera,Elche,207,36,5.750,7658,2025-26,2026-08-20T23:17Z,https://www.futbolfantasy.com/analytics/laliga-fantasy/puntos
Mourad,Mourad Daoudi,Elche,4,2,2.000,8254,2025-26,2026-08-20T23:17Z,https://www.futbolfantasy.com/analytics/laliga-fantasy/puntos
Chust,Víctor Chust,Elche,96,31,3.100,8273,2025-26,2026-08-20T23:17Z,https://www.futbolfantasy.com/analytics/laliga-fantasy/puntos
John C.,John Chetauya,Elche,38,21,1.810,8680,2025-26,2026-08-20T23:17Z,https://www.futbolfantasy.com/analytics/laliga-fantasy/puntos
Affengruber,David Affengruber,Elche,168,36,4.670,8816,2025-26,2026-08-20T23:17Z,https://www.futbolfantasy.com/analytics/laliga-fantasy/puntos
Dituro,Matías Dituro,Elche,137,22,6.230,9161,2025-26,2026-08-20T23:17Z,https://www.futbolfantasy.com/analytics/laliga-fantasy/puntos
Iturbe,Alejandro Iturbe,Elche,0,0,0.000,9759,2025-26,2026-08-20T23:17Z,https://www.futbolfantasy.com/analytics/laliga-fantasy/puntos
Mendoza,Rodrigo Mendoza,Elche,73,24,3.040,10237,2025-26,2026-08-20T23:17Z,https://www.futbolfantasy.com/analytics/laliga-fantasy/puntos
Aguado,Marc Aguado,Elche,145,35,4.140,10358,2025-26,2026-08-20T23:17Z,https://www.futbolfantasy.com/analytics/laliga-fantasy/puntos
Alvaro R.,Alvaro Rodríguez,Elche,154,34,4.530,10859,2025-26,2026-08-20T23:17Z,https://www.futbolfantasy.com/analytics/laliga-fantasy/puntos
Á. Núñez,Álvaro Núñez,Elche,125,25,5.000,11767,2025-26,2026-08-20T23:17Z,https://www.futbolfantasy.com/analytics/laliga-fantasy/puntos
Martim Neto,Martim Neto,Elche,125,25,5.000,13883,2025-26,2026-08-20T23:17Z,https://www.futbolfantasy.com/analytics/laliga-fantasy/puntos
Ali Houary,Ali Houary,Elche,7,2,3.500,14118,2025-26,2026-08-20T23:17Z,https://www.futbolfantasy.com/analytics/laliga-fantasy/puntos
Niculaesei,Albert Niculaesei,Elche,0,0,0.000,14832,2025-26,2026-08-20T23:17Z,https://www.futbolfantasy.com/analytics/laliga-fantasy/puntos
Redondo,Federico Redondo,Elche,18,11,1.640,15505,2025-26,2026-08-20T23:17Z,https://www.futbolfantasy.com/analytics/laliga-fantasy/puntos
Martínez Bastida,Antonio Martínez Bastida,Elche,0,0,0.000,16014,2025-26,2026-08-20T23:17Z,https://www.futbolfantasy.com/analytics/laliga-fantasy/puntos
Pétrot,Léo Pétrot,Elche,69,32,2.160,16160,2025-26,2026-08-20T23:17Z,https://www.futbolfantasy.com/analytics/laliga-fantasy/puntos
Josan,Josan Ferrández,Elche,75,19,3.950,1859,2025-26,2026-08-20T23:17Z,https://www.futbolfantasy.com/analytics/laliga-fantasy/puntos
Diangana,Grady Diangana,Elche,48,20,2.400,5194,2025-26,2026-08-20T23:17Z,https://www.futbolfantasy.com/analytics/laliga-fantasy/puntos
Fort,Héctor Fort,Elche,55,14,3.930,11577,2025-26,2026-08-20T23:17Z,https://www.futbolfantasy.com/analytics/laliga-fantasy/puntos
Adam Boayar,Adam Boayar,Elche,19,7,2.710,12922,2025-26,2026-08-20T23:17Z,https://www.futbolfantasy.com/analytics/laliga-fantasy/puntos
Santiago,Yago Santiago,Elche,20,9,2.220,11562,2025-26,2026-08-20T23:17Z,https://www.futbolfantasy.com/analytics/laliga-fantasy/puntos
Delgado,David Delgado,Elche,0,0,0.000,16767,2025-26,2026-08-20T23:17Z,https://www.futbolfantasy.com/analytics/laliga-fantasy/puntos
Piri,Piri,Elche,0,0,0.000,16937,2025-26,2026-08-20T23:17Z,https://www.futbolfantasy.com/analytics/laliga-fantasy/puntos
Bema Sina,Bema Sina,Elche,0,0,0.000,17189,2025-26,2026-08-20T23:17Z,https://www.futbolfantasy.com/analytics/laliga-fantasy/puntos
Álex Sánchez,Álex Sánchez,Elche,6,1,6.000,17190,2025-26,2026-08-20T23:17Z,https://www.futbolfantasy.com/analytics/laliga-fantasy/puntos
Nico Salvador,Nico Salvador,Elche,0,0,0.000,16936,2025-26,2026-08-20T23:17Z,https://www.futbolfantasy.com/analytics/laliga-fantasy/puntos
Cepeda,Lucas Cepeda,Elche,32,10,3.200,17248,2025-26,2026-08-20T23:17Z,https://www.futbolfantasy.com/analytics/laliga-fantasy/puntos
Herraiz,Alex Herraiz,Elche,0,0,0.000,17289,2025-26,2026-08-20T23:17Z,https://www.futbolfantasy.com/analytics/laliga-fantasy/puntos
Villar,Gonzalo Villar,Elche,42,12,3.500,5227,2025-26,2026-08-20T23:17Z,https://www.futbolfantasy.com/analytics/laliga-fantasy/puntos
Tete Morente,Tete Morente,Elche,56,13,4.310,6882,2025-26,2026-08-20T23:17Z,https://www.futbolfantasy.com/analytics/laliga-fantasy/puntos
Sangaré,Buba Sangaré,Elche,20,12,1.670,12878,2025-26,2026-08-20T23:17Z,https://www.futbolfantasy.com/analytics/laliga-fantasy/puntos
Pablo Felipe,Pablo Felipe,Elche,0,0,0.000,16011,2025-26,2026-08-20T23:17Z,https://www.futbolfantasy.com/analytics/laliga-fantasy/puntos
Piera,Juan Piera,Elche,0,0,0.000,17570,2025-26,2026-08-20T23:17Z,https://www.futbolfantasy.com/analytics/laliga-fantasy/puntos
Parejo,Dani Parejo,Villarreal,95,32,2.970,137,2025-26,2026-08-20T23:17Z,https://www.futbolfantasy.com/analytics/laliga-fantasy/puntos
Thomas,Thomas Teye,Villarreal,68,25,2.720,767,2025-26,2026-08-20T23:17Z,https://www.futbolfantasy.com/analytics/laliga-fantasy/puntos
Gerard,Gerard Moreno,Villarreal,140,22,6.360,843,2025-26,2026-08-20T23:17Z,https://www.futbolfantasy.com/analytics/laliga-fantasy/puntos
Pedraza,Alfonso Pedraza,Villarreal,104,27,3.850,1978,2025-26,2026-08-20T23:17Z,https://www.futbolfantasy.com/analytics/laliga-fantasy/puntos
Foyth,Juan Foyth,Villarreal,63,13,4.850,4705,2025-26,2026-08-20T23:17Z,https://www.futbolfantasy.com/analytics/laliga-fantasy/puntos
Comesaña,Santi Comesaña,Villarreal,175,34,5.150,5549,2025-26,2026-08-20T23:17Z,https://www.futbolfantasy.com/analytics/laliga-fantasy/puntos
Pépé,Nicolas Pépé,Villarreal,251,36,6.970,7209,2025-26,2026-08-20T23:17Z,https://www.futbolfantasy.com/analytics/laliga-fantasy/puntos
Pape Gueye,Pape Gueye,Villarreal,169,30,5.630,8413,2025-26,2026-08-20T23:17Z,https://www.futbolfantasy.com/analytics/laliga-fantasy/puntos
Yéremi,Yéremi Pino,Villarreal,14,2,7.000,8498,2025-26,2026-08-20T23:17Z,https://www.futbolfantasy.com/analytics/laliga-fantasy/puntos
Akhomach,Ilias Akhomach,Villarreal,62,20,3.100,9763,2025-26,2026-08-20T23:17Z,https://www.futbolfantasy.com/analytics/laliga-fantasy/puntos
Rafa Marín,Rafa Marín,Villarreal,124,23,5.390,9844,2025-26,2026-08-20T23:17Z,https://www.futbolfantasy.com/analytics/laliga-fantasy/puntos
S. Cardona,Sergi Cardona,Villarreal,123,31,3.970,9989,2025-26,2026-08-20T23:17Z,https://www.futbolfantasy.com/analytics/laliga-fantasy/puntos
Moleiro,Alberto Moleiro,Villarreal,218,37,5.890,9990,2025-26,2026-08-20T23:17Z,https://www.futbolfantasy.com/analytics/laliga-fantasy/puntos
Etta Eyong,Karl Etta Eyong,Villarreal,133,33,4.030,10326,2025-26,2026-08-20T23:17Z,https://www.futbolfantasy.com/analytics/laliga-fantasy/puntos
Altimira,Adrià Altimira,Villarreal,2,1,2.000,10357,2025-26,2026-08-20T23:17Z,https://www.futbolfantasy.com/analytics/laliga-fantasy/puntos
Buchanan,Tajon Buchanan,Villarreal,149,34,4.380,10638,2025-26,2026-08-20T23:17Z,https://www.futbolfantasy.com/analytics/laliga-fantasy/puntos
Mouriño,Santiago Mouriño,Villarreal,127,28,4.540,11678,2025-26,2026-08-20T23:17Z,https://www.futbolfantasy.com/analytics/laliga-fantasy/puntos
Pau Navarro,Pau Navarro,Villarreal,89,23,3.870,12860,2025-26,2026-08-20T23:17Z,https://www.futbolfantasy.com/analytics/laliga-fantasy/puntos
Cabanes,Pau Cabanes,Villarreal,2,1,2.000,13032,2025-26,2026-08-20T23:17Z,https://www.futbolfantasy.com/analytics/laliga-fantasy/puntos
Luiz Junior,Luiz Junior,Villarreal,200,28,7.140,14125,2025-26,2026-08-20T23:17Z,https://www.futbolfantasy.com/analytics/laliga-fantasy/puntos
Rubén Gómez,Rubén Gómez,Villarreal,0,0,0.000,14812,2025-26,2026-08-20T23:17Z,https://www.futbolfantasy.com/analytics/laliga-fantasy/puntos
Valou,Jean Ives Valou,Villarreal,0,0,0.000,14816,2025-26,2026-08-20T23:17Z,https://www.futbolfantasy.com/analytics/laliga-fantasy/puntos
Veiga,Renato Veiga,Villarreal,119,32,3.720,10114,2025-26,2026-08-20T23:17Z,https://www.futbolfantasy.com/analytics/laliga-fantasy/puntos
Alfon,Alfonso González,Villarreal,58,20,2.900,8703,2025-26,2026-08-20T23:17Z,https://www.futbolfantasy.com/analytics/laliga-fantasy/puntos
Conde,Diego Conde,Villarreal,0,0,0.000,7554,2025-26,2026-08-20T23:17Z,https://www.futbolfantasy.com/analytics/laliga-fantasy/puntos
Tenas,Arnau Tenas,Villarreal,50,10,5.000,7569,2025-26,2026-08-20T23:17Z,https://www.futbolfantasy.com/analytics/laliga-fantasy/puntos
Oluwaseyi,Tani Oluwaseyi,Villarreal,80,27,2.960,13440,2025-26,2026-08-20T23:17Z,https://www.futbolfantasy.com/analytics/laliga-fantasy/puntos
Hugo López,Hugo López,Villarreal,3,2,1.500,16319,2025-26,2026-08-20T23:17Z,https://www.futbolfantasy.com/analytics/laliga-fantasy/puntos
Ayoze,Ayoze Pérez,Villarreal,102,25,4.080,4511,2025-26,2026-08-20T23:17Z,https://www.futbolfantasy.com/analytics/laliga-fantasy/puntos
Solomon,Manor Solomon,Villarreal,28,6,4.670,7395,2025-26,2026-08-20T23:17Z,https://www.futbolfantasy.com/analytics/laliga-fantasy/puntos
Mikautadze,Georges Mikautadze,Villarreal,207,32,6.470,12139,2025-26,2026-08-20T23:17Z,https://www.futbolfantasy.com/analytics/laliga-fantasy/puntos
Sierra,Ismael Sierra,Villarreal,0,0,0.000,10769,2025-26,2026-08-20T23:17Z,https://www.futbolfantasy.com/analytics/laliga-fantasy/puntos
Barry,Mahamoud Barry,Villarreal,0,0,0.000,16201,2025-26,2026-08-20T23:17Z,https://www.futbolfantasy.com/analytics/laliga-fantasy/puntos
Diatta,Alassane Diatta,Villarreal,4,1,4.000,14022,2025-26,2026-08-20T23:17Z,https://www.futbolfantasy.com/analytics/laliga-fantasy/puntos
Carlos Macià,Carlos Macià,Villarreal,6,5,1.200,16938,2025-26,2026-08-20T23:17Z,https://www.futbolfantasy.com/analytics/laliga-fantasy/puntos
Gaitán,Joselillo Gaitán,Villarreal,0,0,0.000,17119,2025-26,2026-08-20T23:17Z,https://www.futbolfantasy.com/analytics/laliga-fantasy/puntos
Freeman,Alex Freeman,Villarreal,26,9,2.890,17275,2025-26,2026-08-20T23:17Z,https://www.futbolfantasy.com/analytics/laliga-fantasy/puntos
Kambwala,Willy Kambwala,Villarreal,3,2,1.500,12634,2025-26,2026-08-20T23:17Z,https://www.futbolfantasy.com/analytics/laliga-fantasy/puntos
Logan Costa,Logan Costa,Villarreal,4,2,2.000,12354,2025-26,2026-08-20T23:17Z,https://www.futbolfantasy.com/analytics/laliga-fantasy/puntos
Raúl F.,Raúl Fernández,Alavés,0,0,0.000,33,2025-26,2026-08-20T23:17Z,https://www.futbolfantasy.com/analytics/laliga-fantasy/puntos
Jonny,Jonny Castro,Alavés,95,34,2.790,189,2025-26,2026-08-20T23:17Z,https://www.futbolfantasy.com/analytics/laliga-fantasy/puntos
Sivera,Antonio Sivera,Alavés,171,38,4.500,1059,2025-26,2026-08-20T23:17Z,https://www.futbolfantasy.com/analytics/laliga-fantasy/puntos
Denis Suárez,Denis Suárez,Alavés,97,30,3.230,1778,2025-26,2026-08-20T23:17Z,https://www.futbolfantasy.com/analytics/laliga-fantasy/puntos
Aleñá,Carles Aleñá,Alavés,127,34,3.740,2759,2025-26,2026-08-20T23:17Z,https://www.futbolfantasy.com/analytics/laliga-fantasy/puntos
Mariano,Mariano Díaz,Alavés,18,10,1.800,3226,2025-26,2026-08-20T23:17Z,https://www.futbolfantasy.com/analytics/laliga-fantasy/puntos
Guridi,Jon Guridi,Alavés,68,28,2.430,3736,2025-26,2026-08-20T23:17Z,https://www.futbolfantasy.com/analytics/laliga-fantasy/puntos
Guevara,Ander Guevara,Alavés,64,25,2.560,3802,2025-26,2026-08-20T23:17Z,https://www.futbolfantasy.com/analytics/laliga-fantasy/puntos
Maras,Nikola Maras,Alavés,0,0,0.000,4715,2025-26,2026-08-20T23:17Z,https://www.futbolfantasy.com/analytics/laliga-fantasy/puntos
Toni Martinez,Toni Martinez,Alavés,217,37,5.860,5032,2025-26,2026-08-20T23:17Z,https://www.futbolfantasy.com/analytics/laliga-fantasy/puntos
Pacheco,Jon Pacheco,Alavés,71,22,3.230,7725,2025-26,2026-08-20T23:17Z,https://www.futbolfantasy.com/analytics/laliga-fantasy/puntos
Blanco,Antonio Blanco,Alavés,159,36,4.420,8737,2025-26,2026-08-20T23:17Z,https://www.futbolfantasy.com/analytics/laliga-fantasy/puntos
Tenaglia,Nahuel Tenaglia,Alavés,173,36,4.810,9909,2025-26,2026-08-20T23:17Z,https://www.futbolfantasy.com/analytics/laliga-fantasy/puntos
Ibáñez,Pablo Ibáñez,Alavés,130,37,3.510,10258,2025-26,2026-08-20T23:17Z,https://www.futbolfantasy.com/analytics/laliga-fantasy/puntos
Protesoni,Carlos Benavidez,Alavés,26,13,2.000,10448,2025-26,2026-08-20T23:17Z,https://www.futbolfantasy.com/analytics/laliga-fantasy/puntos
Rebbach,Abde Rebbach,Alavés,113,30,3.770,10476,2025-26,2026-08-20T23:17Z,https://www.futbolfantasy.com/analytics/laliga-fantasy/puntos
Carlos Vicente,Carlos Vicente,Alavés,112,21,5.330,11765,2025-26,2026-08-20T23:17Z,https://www.futbolfantasy.com/analytics/laliga-fantasy/puntos
Diarra,Moussa Diarra,Alavés,7,3,2.330,12355,2025-26,2026-08-20T23:17Z,https://www.futbolfantasy.com/analytics/laliga-fantasy/puntos
Parada,Victor Parada,Alavés,85,30,2.830,12560,2025-26,2026-08-20T23:17Z,https://www.futbolfantasy.com/analytics/laliga-fantasy/puntos
Garcés,Facundo Garcés,Alavés,43,10,4.300,14045,2025-26,2026-08-20T23:17Z,https://www.futbolfantasy.com/analytics/laliga-fantasy/puntos
Youssef,Youssef Enríquez,Alavés,72,25,2.880,14935,2025-26,2026-08-20T23:17Z,https://www.futbolfantasy.com/analytics/laliga-fantasy/puntos
Pinillos,Lander Pinillos,Alavés,1,1,1.000,15423,2025-26,2026-08-20T23:17Z,https://www.futbolfantasy.com/analytics/laliga-fantasy/puntos
Calebe,Calebe Gonçalves,Alavés,52,19,2.740,16200,2025-26,2026-08-20T23:17Z,https://www.futbolfantasy.com/analytics/laliga-fantasy/puntos
Swiderski,Grégoire Swiderski,Alavés,0,0,0.000,15133,2025-26,2026-08-20T23:17Z,https://www.futbolfantasy.com/analytics/laliga-fantasy/puntos
Montero,Rúben Montero,Alavés,0,0,0.000,12479,2025-26,2026-08-20T23:17Z,https://www.futbolfantasy.com/analytics/laliga-fantasy/puntos
Boyé,Lucas Boyé,Alavés,152,29,5.240,5124,2025-26,2026-08-20T23:17Z,https://www.futbolfantasy.com/analytics/laliga-fantasy/puntos
Egoitz,Egoitz Muñoz,Alavés,0,0,0.000,11788,2025-26,2026-08-20T23:17Z,https://www.futbolfantasy.com/analytics/laliga-fantasy/puntos
A. Moreno,Alberto Moreno,Alavés,0,0,0.000,9905,2025-26,2026-08-20T23:17Z,https://www.futbolfantasy.com/analytics/laliga-fantasy/puntos
Morcillo,Diego Morcillo,Alavés,1,1,1.000,16757,2025-26,2026-08-20T23:17Z,https://www.futbolfantasy.com/analytics/laliga-fantasy/puntos
Ballestero,Carlos Ballestero,Alavés,1,1,1.000,16758,2025-26,2026-08-20T23:17Z,https://www.futbolfantasy.com/analytics/laliga-fantasy/puntos
Izei,Izei Hernández,Alavés,0,0,0.000,16920,2025-26,2026-08-20T23:17Z,https://www.futbolfantasy.com/analytics/laliga-fantasy/puntos
Aitor Mañas,Aitor Mañas,Alavés,15,9,1.670,12925,2025-26,2026-08-20T23:17Z,https://www.futbolfantasy.com/analytics/laliga-fantasy/puntos
Oláiz,Xanet Oláiz,Alavés,0,0,0.000,16931,2025-26,2026-08-20T23:17Z,https://www.futbolfantasy.com/analytics/laliga-fantasy/puntos
Ángel Pérez,Ángel Pérez,Alavés,80,16,5.000,15127,2025-26,2026-08-20T23:17Z,https://www.futbolfantasy.com/analytics/laliga-fantasy/puntos
Diabaté,Ibrahim Diabate,Alavés,37,10,3.700,9792,2025-26,2026-08-20T23:17Z,https://www.futbolfantasy.com/analytics/laliga-fantasy/puntos
Koski,Ville Koski,Alavés,23,5,4.600,17284,2025-26,2026-08-20T23:17Z,https://www.futbolfantasy.com/analytics/laliga-fantasy/puntos
Paco Sanz,Paco Sanz,Alavés,0,0,0.000,12478,2025-26,2026-08-20T23:17Z,https://www.futbolfantasy.com/analytics/laliga-fantasy/puntos
David López,David López,Girona,9,6,1.500,658,2025-26,2026-08-20T23:17Z,https://www.futbolfantasy.com/analytics/laliga-fantasy/puntos
Portu,Cristian Portu,Girona,16,10,1.600,664,2025-26,2026-08-20T23:17Z,https://www.futbolfantasy.com/analytics/laliga-fantasy/puntos
Blind,Daley Blind,Girona,146,31,4.710,1382,2025-26,2026-08-20T23:17Z,https://www.futbolfantasy.com/analytics/laliga-fantasy/puntos
Juan Carlos,Juan Carlos Martín,Girona,0,0,0.000,1833,2025-26,2026-08-20T23:17Z,https://www.futbolfantasy.com/analytics/laliga-fantasy/puntos
Krejcí,Ladislav Krejcí,Girona,-2,2,-1.000,2827,2025-26,2026-08-20T23:17Z,https://www.futbolfantasy.com/analytics/laliga-fantasy/puntos
Lemar,Thomas Lemar,Girona,117,27,4.330,3427,2025-26,2026-08-20T23:17Z,https://www.futbolfantasy.com/analytics/laliga-fantasy/puntos
Tsygankov,Viktor Tsygankov,Girona,188,32,5.880,3524,2025-26,2026-08-20T23:17Z,https://www.futbolfantasy.com/analytics/laliga-fantasy/puntos
Gazzaniga,Paulo Gazzaniga,Girona,201,35,5.740,4516,2025-26,2026-08-20T23:17Z,https://www.futbolfantasy.com/analytics/laliga-fantasy/puntos
Herrera,Yangel Herrera,Girona,18,14,1.290,6446,2025-26,2026-08-20T23:17Z,https://www.futbolfantasy.com/analytics/laliga-fantasy/puntos
Iván Martín,Iván Martín,Girona,148,35,4.230,6563,2025-26,2026-08-20T23:17Z,https://www.futbolfantasy.com/analytics/laliga-fantasy/puntos
Francés,Alejandro Francés,Girona,87,24,3.630,7993,2025-26,2026-08-20T23:17Z,https://www.futbolfantasy.com/analytics/laliga-fantasy/puntos
Arnau,Arnau Martínez,Girona,190,35,5.430,9218,2025-26,2026-08-20T23:17Z,https://www.futbolfantasy.com/analytics/laliga-fantasy/puntos
Asprilla,Yaser Asprilla,Girona,50,15,3.330,9924,2025-26,2026-08-20T23:17Z,https://www.futbolfantasy.com/analytics/laliga-fantasy/puntos
Roca,Joel Roca,Girona,103,32,3.220,10272,2025-26,2026-08-20T23:17Z,https://www.futbolfantasy.com/analytics/laliga-fantasy/puntos
Rincón,Hugo Rincón,Girona,87,33,2.640,11677,2025-26,2026-08-20T23:17Z,https://www.futbolfantasy.com/analytics/laliga-fantasy/puntos
Solís,Jhon Solís,Girona,20,12,1.670,11888,2025-26,2026-08-20T23:17Z,https://www.futbolfantasy.com/analytics/laliga-fantasy/puntos
Miovski,Bojan Miovski,Girona,0,1,0.000,13177,2025-26,2026-08-20T23:17Z,https://www.futbolfantasy.com/analytics/laliga-fantasy/puntos
Papa Ba,Papa Dame Ba,Girona,0,0,0.000,14811,2025-26,2026-08-20T23:17Z,https://www.futbolfantasy.com/analytics/laliga-fantasy/puntos
Krapyvtsov,Vladyslav Krapyvtsov,Girona,3,2,1.500,14950,2025-26,2026-08-20T23:17Z,https://www.futbolfantasy.com/analytics/laliga-fantasy/puntos
Vitor Reis,Vitor Reis,Girona,178,36,4.940,15123,2025-26,2026-08-20T23:17Z,https://www.futbolfantasy.com/analytics/laliga-fantasy/puntos
Beltrán,Fran Beltrán,Girona,100,27,3.700,5547,2025-26,2026-08-20T23:17Z,https://www.futbolfantasy.com/analytics/laliga-fantasy/puntos
Stuani,Christian Stuani,Girona,61,21,2.900,626,2025-26,2026-08-20T23:17Z,https://www.futbolfantasy.com/analytics/laliga-fantasy/puntos
Witsel,Axel Witsel,Girona,149,32,4.660,1708,2025-26,2026-08-20T23:17Z,https://www.futbolfantasy.com/analytics/laliga-fantasy/puntos
Álex Moreno,Álex Moreno,Girona,120,31,3.870,1825,2025-26,2026-08-20T23:17Z,https://www.futbolfantasy.com/analytics/laliga-fantasy/puntos
Dawda,Dawda Camara,Girona,2,2,1.000,11357,2025-26,2026-08-20T23:17Z,https://www.futbolfantasy.com/analytics/laliga-fantasy/puntos
Gibert,Gibert Jordana,Girona,0,0,0.000,16163,2025-26,2026-08-20T23:17Z,https://www.futbolfantasy.com/analytics/laliga-fantasy/puntos
Livakovic,Dominik Livakovic,Girona,0,0,0.000,3589,2025-26,2026-08-20T23:17Z,https://www.futbolfantasy.com/analytics/laliga-fantasy/puntos
Van de Beek,Donny van de Beek,Girona,4,2,2.000,6209,2025-26,2026-08-20T23:17Z,https://www.futbolfantasy.com/analytics/laliga-fantasy/puntos
Bryan Gil,Bryan Gil,Girona,106,29,3.660,6436,2025-26,2026-08-20T23:17Z,https://www.futbolfantasy.com/analytics/laliga-fantasy/puntos
Abel Ruiz,Abel Ruiz,Girona,18,9,2.000,6538,2025-26,2026-08-20T23:17Z,https://www.futbolfantasy.com/analytics/laliga-fantasy/puntos
Vanat,Vladyslav Vanat,Girona,130,27,4.810,8930,2025-26,2026-08-20T23:17Z,https://www.futbolfantasy.com/analytics/laliga-fantasy/puntos
Ounahi,Azzedine Ounahi,Girona,179,24,7.460,10960,2025-26,2026-08-20T23:17Z,https://www.futbolfantasy.com/analytics/laliga-fantasy/puntos
Andreev,Aleksandar Andreev,Girona,0,0,0.000,14831,2025-26,2026-08-20T23:17Z,https://www.futbolfantasy.com/analytics/laliga-fantasy/puntos
Lass,Lass Kourouma,Girona,0,5,0.000,16162,2025-26,2026-08-20T23:17Z,https://www.futbolfantasy.com/analytics/laliga-fantasy/puntos
Sarasa,Javier Sarasa,Girona,0,0,0.000,16753,2025-26,2026-08-20T23:17Z,https://www.futbolfantasy.com/analytics/laliga-fantasy/puntos
Pol Arnau,Pol Arnau,Girona,0,0,0.000,16790,2025-26,2026-08-20T23:17Z,https://www.futbolfantasy.com/analytics/laliga-fantasy/puntos
Salguero,Antonio Salguero,Girona,0,0,0.000,16791,2025-26,2026-08-20T23:17Z,https://www.futbolfantasy.com/analytics/laliga-fantasy/puntos
Arango,Juan Arango,Girona,3,2,1.500,12601,2025-26,2026-08-20T23:17Z,https://www.futbolfantasy.com/analytics/laliga-fantasy/puntos
Ter Stegen,Marc-André ter Stegen,Girona,12,2,6.000,1263,2025-26,2026-08-20T23:17Z,https://www.futbolfantasy.com/analytics/laliga-fantasy/puntos
Echeverri,Claudio Echeverri,Girona,52,17,3.060,15062,2025-26,2026-08-20T23:17Z,https://www.futbolfantasy.com/analytics/laliga-fantasy/puntos
Rubén,Rubén Blanco,Girona,0,0,0.000,188,2025-26,2026-08-20T23:17Z,https://www.futbolfantasy.com/analytics/laliga-fantasy/puntos
Artero,Ricard Artero,Girona,0,0,0.000,9994,2025-26,2026-08-20T23:17Z,https://www.futbolfantasy.com/analytics/laliga-fantasy/puntos
Cazorla,Santi Cazorla,Real Oviedo,80,28,2.860,328,2025-26,2026-08-20T23:17Z,https://www.futbolfantasy.com/analytics/laliga-fantasy/puntos
Rondón,Salomón Rondón,Real Oviedo,52,16,3.250,339,2025-26,2026-08-20T23:17Z,https://www.futbolfantasy.com/analytics/laliga-fantasy/puntos
Aarón,Aarón Escandell,Real Oviedo,256,36,7.110,1071,2025-26,2026-08-20T23:17Z,https://www.futbolfantasy.com/analytics/laliga-fantasy/puntos
Calvo,Dani Calvo,Real Oviedo,100,20,5.000,2721,2025-26,2026-08-20T23:17Z,https://www.futbolfantasy.com/analytics/laliga-fantasy/puntos
Nacho Vidal,Nacho Vidal,Real Oviedo,106,29,3.660,3742,2025-26,2026-08-20T23:17Z,https://www.futbolfantasy.com/analytics/laliga-fantasy/puntos
Sibo,Kwasi Sibo,Real Oviedo,75,26,2.880,6783,2025-26,2026-08-20T23:17Z,https://www.futbolfantasy.com/analytics/laliga-fantasy/puntos
Borja Sánchez,Borja Sánchez,Real Oviedo,2,1,2.000,6981,2025-26,2026-08-20T23:17Z,https://www.futbolfantasy.com/analytics/laliga-fantasy/puntos
Luengo,Oier Luengo,Real Oviedo,6,3,2.000,7915,2025-26,2026-08-20T23:17Z,https://www.futbolfantasy.com/analytics/laliga-fantasy/puntos
L. Ilic,Luka Ilic,Real Oviedo,40,19,2.110,7926,2025-26,2026-08-20T23:17Z,https://www.futbolfantasy.com/analytics/laliga-fantasy/puntos
Hassan,Haissem Hassan,Real Oviedo,125,37,3.380,9283,2025-26,2026-08-20T23:17Z,https://www.futbolfantasy.com/analytics/laliga-fantasy/puntos
Chaira,Ilyas Chaira,Real Oviedo,162,36,4.500,11580,2025-26,2026-08-20T23:17Z,https://www.futbolfantasy.com/analytics/laliga-fantasy/puntos
Reina,Alberto Reina,Real Oviedo,158,37,4.270,11756,2025-26,2026-08-20T23:17Z,https://www.futbolfantasy.com/analytics/laliga-fantasy/puntos
Cardero,Álex Cardero,Real Oviedo,0,0,0.000,11924,2025-26,2026-08-20T23:17Z,https://www.futbolfantasy.com/analytics/laliga-fantasy/puntos
Moldovan,Horatiu Moldovan,Real Oviedo,7,2,3.500,12706,2025-26,2026-08-20T23:17Z,https://www.futbolfantasy.com/analytics/laliga-fantasy/puntos
Marco Esteban,Marco Esteban,Real Oviedo,2,1,2.000,12945,2025-26,2026-08-20T23:17Z,https://www.futbolfantasy.com/analytics/laliga-fantasy/puntos
Alhassane,Rahim Alhassane,Real Oviedo,72,27,2.670,14000,2025-26,2026-08-20T23:17Z,https://www.futbolfantasy.com/analytics/laliga-fantasy/puntos
Viñas,Federico Viñas,Real Oviedo,167,33,5.060,14156,2025-26,2026-08-20T23:17Z,https://www.futbolfantasy.com/analytics/laliga-fantasy/puntos
Narvaez,Miguel Narvaez,Real Oviedo,0,0,0.000,14773,2025-26,2026-08-20T23:17Z,https://www.futbolfantasy.com/analytics/laliga-fantasy/puntos
Falah,Omar Falah,Real Oviedo,2,1,2.000,15349,2025-26,2026-08-20T23:17Z,https://www.futbolfantasy.com/analytics/laliga-fantasy/puntos
Gueye,Lamine Gueye,Real Oviedo,0,0,0.000,15427,2025-26,2026-08-20T23:17Z,https://www.futbolfantasy.com/analytics/laliga-fantasy/puntos
Brandon,Brandon Dominguès,Real Oviedo,0,0,0.000,16001,2025-26,2026-08-20T23:17Z,https://www.futbolfantasy.com/analytics/laliga-fantasy/puntos
Cheli,Cheli Pereda,Real Oviedo,0,0,0.000,16227,2025-26,2026-08-20T23:17Z,https://www.futbolfantasy.com/analytics/laliga-fantasy/puntos
Ejaria,Ovie Ejaria,Real Oviedo,19,8,2.380,16228,2025-26,2026-08-20T23:17Z,https://www.futbolfantasy.com/analytics/laliga-fantasy/puntos
Costas,David Costas,Real Oviedo,117,25,4.680,935,2025-26,2026-08-20T23:17Z,https://www.futbolfantasy.com/analytics/laliga-fantasy/puntos
Bailly,Eric Bailly,Real Oviedo,70,15,4.670,1923,2025-26,2026-08-20T23:17Z,https://www.futbolfantasy.com/analytics/laliga-fantasy/puntos
Dendoncker,Leander Dendoncker,Real Oviedo,61,19,3.210,4793,2025-26,2026-08-20T23:17Z,https://www.futbolfantasy.com/analytics/laliga-fantasy/puntos
Colombatto,Santiago Colombatto,Real Oviedo,108,32,3.380,7055,2025-26,2026-08-20T23:17Z,https://www.futbolfantasy.com/analytics/laliga-fantasy/puntos
Brekalo,Josip Brekalo,Real Oviedo,29,14,2.070,9017,2025-26,2026-08-20T23:17Z,https://www.futbolfantasy.com/analytics/laliga-fantasy/puntos
Forés,Alex Forés,Real Oviedo,33,18,1.830,12656,2025-26,2026-08-20T23:17Z,https://www.futbolfantasy.com/analytics/laliga-fantasy/puntos
Carmo,David Carmo,Real Oviedo,95,22,4.320,10041,2025-26,2026-08-20T23:17Z,https://www.futbolfantasy.com/analytics/laliga-fantasy/puntos
Ahijado,Lucas Ahijado,Real Oviedo,49,20,2.450,6977,2025-26,2026-08-20T23:17Z,https://www.futbolfantasy.com/analytics/laliga-fantasy/puntos
Javi López,Javi López,Real Oviedo,85,25,3.400,7781,2025-26,2026-08-20T23:17Z,https://www.futbolfantasy.com/analytics/laliga-fantasy/puntos
Agudín,Pablo Agudín,Real Oviedo,3,7,0.430,16788,2025-26,2026-08-20T23:17Z,https://www.futbolfantasy.com/analytics/laliga-fantasy/puntos
Espi,Diego Espinosa,Real Oviedo,0,0,0.000,16226,2025-26,2026-08-20T23:17Z,https://www.futbolfantasy.com/analytics/laliga-fantasy/puntos
Cheli,Cheli Pereda,Real Oviedo,0,0,0.000,16973,2025-26,2026-08-20T23:17Z,https://www.futbolfantasy.com/analytics/laliga-fantasy/puntos
Diego Menéndez,Diego Menéndez,Real Oviedo,0,0,0.000,12955,2025-26,2026-08-20T23:17Z,https://www.futbolfantasy.com/analytics/laliga-fantasy/puntos
Fonseca,Nicolás Fonseca,Real Oviedo,45,19,2.370,15674,2025-26,2026-08-20T23:17Z,https://www.futbolfantasy.com/analytics/laliga-fantasy/puntos
Borbas,Thiago Borbas,Real Oviedo,15,12,1.250,17115,2025-26,2026-08-20T23:17Z,https://www.futbolfantasy.com/analytics/laliga-fantasy/puntos
Thiago,Thiago Fernández,Real Oviedo,64,16,4.000,17116,2025-26,2026-08-20T23:17Z,https://www.futbolfantasy.com/analytics/laliga-fantasy/puntos
Adri,Adri Fernández,Real Oviedo,0,0,0.000,17449,2025-26,2026-08-20T23:17Z,https://www.futbolfantasy.com/analytics/laliga-fantasy/puntos
