observed_at,source,week,slot,formation,player_id,player_name,player_name_full,position_id,market_value,snapshot_at,points
2026-08-19T1904Z,laliga,38,POR,4-5-1,2713,Ionut Radu,Ionut Radu,1,37412396,2026-08-19T20:26:10+02:00,0
2026-08-19T1904Z,laliga,38,DEF,4-5-1,2390,Starfelt,Carl Starfelt,2,14065733,2026-08-19T20:26:10+02:00,0
2026-08-19T1904Z,laliga,38,DEF,4-5-1,255,Le Normand,Robin Le Normand,2,10591897,2026-08-19T20:26:10+02:00,0
2026-08-19T1904Z,laliga,38,DEF,4-5-1,1930,El Hilali,Omar El Hilali,2,9743295,2026-08-19T20:26:10+02:00,0
2026-08-19T1904Z,laliga,38,DEF,4-5-1,3123,Marcos Alonso,Marcos Alonso,2,28304295,2026-08-19T20:26:10+02:00,0
2026-08-19T1904Z,laliga,38,MED,4-5-1,2464,Pepelu,José Luis García Vayá,3,7669774,2026-08-19T20:26:10+02:00,0
2026-08-19T1904Z,laliga,38,MED,4-5-1,1070,De Galarreta,Inigo Ruiz de Galarreta,3,12770836,2026-08-19T20:26:10+02:00,0
2026-08-19T1904Z,laliga,38,MED,4-5-1,637,Moncayola,Jon Moncayola,3,6905144,2026-08-19T20:26:10+02:00,0
2026-08-19T1904Z,laliga,38,MED,4-5-1,2453,Agoumé,Lucien Agoumé,3,5678476,2026-08-19T20:26:10+02:00,0
2026-08-19T1904Z,laliga,38,MED,4-5-1,3099,Fornals,Pablo Fornals,3,56515936,2026-08-19T20:26:10+02:00,0
2026-08-19T1904Z,laliga,38,DEL,4-5-1,3002,Iñigo Vicente,Iñigo Vicente,4,19820874,2026-08-19T20:26:10+02:00,0
2026-08-19T2220Z,laliga,38,POR,4-5-1,2713,Ionut Radu,Ionut Radu,1,37412396,2026-08-19T20:26:10+02:00,0
2026-08-19T2220Z,laliga,38,DEF,4-5-1,2390,Starfelt,Carl Starfelt,2,14065733,2026-08-19T20:26:10+02:00,0
2026-08-19T2220Z,laliga,38,DEF,4-5-1,255,Le Normand,Robin Le Normand,2,10591897,2026-08-19T20:26:10+02:00,0
2026-08-19T2220Z,laliga,38,DEF,4-5-1,1930,El Hilali,Omar El Hilali,2,9743295,2026-08-19T20:26:10+02:00,0
2026-08-19T2220Z,laliga,38,DEF,4-5-1,3123,Marcos Alonso,Marcos Alonso,2,28304295,2026-08-19T20:26:10+02:00,0
2026-08-19T2220Z,laliga,38,MED,4-5-1,2464,Pepelu,José Luis García Vayá,3,7669774,2026-08-19T20:26:10+02:00,0
2026-08-19T2220Z,laliga,38,MED,4-5-1,1070,De Galarreta,Inigo Ruiz de Galarreta,3,12770836,2026-08-19T20:26:10+02:00,0
2026-08-19T2220Z,laliga,38,MED,4-5-1,637,Moncayola,Jon Moncayola,3,6905144,2026-08-19T20:26:10+02:00,0
2026-08-19T2220Z,laliga,38,MED,4-5-1,2453,Agoumé,Lucien Agoumé,3,5678476,2026-08-19T20:26:10+02:00,0
2026-08-19T2220Z,laliga,38,MED,4-5-1,3099,Fornals,Pablo Fornals,3,56515936,2026-08-19T20:26:10+02:00,0
2026-08-19T2220Z,laliga,38,DEL,4-5-1,3002,Iñigo Vicente,Iñigo Vicente,4,19820874,2026-08-19T20:26:10+02:00,0
2026-08-19T2221Z,laliga,38,POR,4-5-1,2713,Ionut Radu,Ionut Radu,1,37412396,2026-08-19T20:26:10+02:00,0
2026-08-19T2221Z,laliga,38,DEF,4-5-1,2390,Starfelt,Carl Starfelt,2,14065733,2026-08-19T20:26:10+02:00,0
2026-08-19T2221Z,laliga,38,DEF,4-5-1,255,Le Normand,Robin Le Normand,2,10591897,2026-08-19T20:26:10+02:00,0
2026-08-19T2221Z,laliga,38,DEF,4-5-1,1930,El Hilali,Omar El Hilali,2,9743295,2026-08-19T20:26:10+02:00,0
2026-08-19T2221Z,laliga,38,DEF,4-5-1,3123,Marcos Alonso,Marcos Alonso,2,28304295,2026-08-19T20:26:10+02:00,0
2026-08-19T2221Z,laliga,38,MED,4-5-1,2464,Pepelu,José Luis García Vayá,3,7669774,2026-08-19T20:26:10+02:00,0
2026-08-19T2221Z,laliga,38,MED,4-5-1,1070,De Galarreta,Inigo Ruiz de Galarreta,3,12770836,2026-08-19T20:26:10+02:00,0
2026-08-19T2221Z,laliga,38,MED,4-5-1,637,Moncayola,Jon Moncayola,3,6905144,2026-08-19T20:26:10+02:00,0
2026-08-19T2221Z,laliga,38,MED,4-5-1,2453,Agoumé,Lucien Agoumé,3,5678476,2026-08-19T20:26:10+02:00,0
2026-08-19T2221Z,laliga,38,MED,4-5-1,3099,Fornals,Pablo Fornals,3,56515936,2026-08-19T20:26:10+02:00,0
2026-08-19T2221Z,laliga,38,DEL,4-5-1,3002,Iñigo Vicente,Iñigo Vicente,4,19820874,2026-08-19T20:26:10+02:00,0
2026-08-19T2307Z,laliga,38,POR,4-5-1,2713,Ionut Radu,Ionut Radu,1,37412396,2026-08-19T20:26:10+02:00,0
2026-08-19T2307Z,laliga,38,DEF,4-5-1,2390,Starfelt,Carl Starfelt,2,14065733,2026-08-19T20:26:10+02:00,0
2026-08-19T2307Z,laliga,38,DEF,4-5-1,255,Le Normand,Robin Le Normand,2,10591897,2026-08-19T20:26:10+02:00,0
2026-08-19T2307Z,laliga,38,DEF,4-5-1,1930,El Hilali,Omar El Hilali,2,9743295,2026-08-19T20:26:10+02:00,0
2026-08-19T2307Z,laliga,38,DEF,4-5-1,3123,Marcos Alonso,Marcos Alonso,2,28304295,2026-08-19T20:26:10+02:00,0
2026-08-19T2307Z,laliga,38,MED,4-5-1,2464,Pepelu,José Luis García Vayá,3,7669774,2026-08-19T20:26:10+02:00,0
2026-08-19T2307Z,laliga,38,MED,4-5-1,1070,De Galarreta,Inigo Ruiz de Galarreta,3,12770836,2026-08-19T20:26:10+02:00,0
2026-08-19T2307Z,laliga,38,MED,4-5-1,637,Moncayola,Jon Moncayola,3,6905144,2026-08-19T20:26:10+02:00,0
2026-08-19T2307Z,laliga,38,MED,4-5-1,2453,Agoumé,Lucien Agoumé,3,5678476,2026-08-19T20:26:10+02:00,0
2026-08-19T2307Z,laliga,38,MED,4-5-1,3099,Fornals,Pablo Fornals,3,56515936,2026-08-19T20:26:10+02:00,0
2026-08-19T2307Z,laliga,38,DEL,4-5-1,3002,Iñigo Vicente,Iñigo Vicente,4,19820874,2026-08-19T20:26:10+02:00,0
2026-08-19T2316Z,laliga,38,POR,4-5-1,2713,Ionut Radu,Ionut Radu,1,37412396,2026-08-19T20:26:10+02:00,0
2026-08-19T2316Z,laliga,38,DEF,4-5-1,2390,Starfelt,Carl Starfelt,2,14065733,2026-08-19T20:26:10+02:00,0
2026-08-19T2316Z,laliga,38,DEF,4-5-1,255,Le Normand,Robin Le Normand,2,10591897,2026-08-19T20:26:10+02:00,0
2026-08-19T2316Z,laliga,38,DEF,4-5-1,1930,El Hilali,Omar El Hilali,2,9743295,2026-08-19T20:26:10+02:00,0
2026-08-19T2316Z,laliga,38,DEF,4-5-1,3123,Marcos Alonso,Marcos Alonso,2,28304295,2026-08-19T20:26:10+02:00,0
2026-08-19T2316Z,laliga,38,MED,4-5-1,2464,Pepelu,José Luis García Vayá,3,7669774,2026-08-19T20:26:10+02:00,0
2026-08-19T2316Z,laliga,38,MED,4-5-1,1070,De Galarreta,Inigo Ruiz de Galarreta,3,12770836,2026-08-19T20:26:10+02:00,0
2026-08-19T2316Z,laliga,38,MED,4-5-1,637,Moncayola,Jon Moncayola,3,6905144,2026-08-19T20:26:10+02:00,0
2026-08-19T2316Z,laliga,38,MED,4-5-1,2453,Agoumé,Lucien Agoumé,3,5678476,2026-08-19T20:26:10+02:00,0
2026-08-19T2316Z,laliga,38,MED,4-5-1,3099,Fornals,Pablo Fornals,3,56515936,2026-08-19T20:26:10+02:00,0
2026-08-19T2316Z,laliga,38,DEL,4-5-1,3002,Iñigo Vicente,Iñigo Vicente,4,19820874,2026-08-19T20:26:10+02:00,0
2026-08-19T2356Z,laliga,38,POR,4-5-1,2713,Ionut Radu,Ionut Radu,1,37412396,2026-08-19T20:26:10+02:00,0
2026-08-19T2356Z,laliga,38,DEF,4-5-1,2390,Starfelt,Carl Starfelt,2,14065733,2026-08-19T20:26:10+02:00,0
2026-08-19T2356Z,laliga,38,DEF,4-5-1,255,Le Normand,Robin Le Normand,2,10591897,2026-08-19T20:26:10+02:00,0
2026-08-19T2356Z,laliga,38,DEF,4-5-1,1930,El Hilali,Omar El Hilali,2,9743295,2026-08-19T20:26:10+02:00,0
2026-08-19T2356Z,laliga,38,DEF,4-5-1,3123,Marcos Alonso,Marcos Alonso,2,28304295,2026-08-19T20:26:10+02:00,0
2026-08-19T2356Z,laliga,38,MED,4-5-1,2464,Pepelu,José Luis García Vayá,3,7669774,2026-08-19T20:26:10+02:00,0
2026-08-19T2356Z,laliga,38,MED,4-5-1,1070,De Galarreta,Inigo Ruiz de Galarreta,3,12770836,2026-08-19T20:26:10+02:00,0
2026-08-19T2356Z,laliga,38,MED,4-5-1,637,Moncayola,Jon Moncayola,3,6905144,2026-08-19T20:26:10+02:00,0
2026-08-19T2356Z,laliga,38,MED,4-5-1,2453,Agoumé,Lucien Agoumé,3,5678476,2026-08-19T20:26:10+02:00,0
2026-08-19T2356Z,laliga,38,MED,4-5-1,3099,Fornals,Pablo Fornals,3,56515936,2026-08-19T20:26:10+02:00,0
2026-08-19T2356Z,laliga,38,DEL,4-5-1,3002,Iñigo Vicente,Iñigo Vicente,4,19820874,2026-08-19T20:26:10+02:00,0
2026-08-20T0651Z,laliga,38,POR,4-5-1,2713,Ionut Radu,Ionut Radu,1,37412396,2026-08-19T20:26:10+02:00,0
2026-08-20T0651Z,laliga,38,DEF,4-5-1,2390,Starfelt,Carl Starfelt,2,14065733,2026-08-19T20:26:10+02:00,0
2026-08-20T0651Z,laliga,38,DEF,4-5-1,255,Le Normand,Robin Le Normand,2,10591897,2026-08-19T20:26:10+02:00,0
2026-08-20T0651Z,laliga,38,DEF,4-5-1,1930,El Hilali,Omar El Hilali,2,9743295,2026-08-19T20:26:10+02:00,0
2026-08-20T0651Z,laliga,38,DEF,4-5-1,3123,Marcos Alonso,Marcos Alonso,2,28304295,2026-08-19T20:26:10+02:00,0
2026-08-20T0651Z,laliga,38,MED,4-5-1,2464,Pepelu,José Luis García Vayá,3,7669774,2026-08-19T20:26:10+02:00,0
2026-08-20T0651Z,laliga,38,MED,4-5-1,1070,De Galarreta,Inigo Ruiz de Galarreta,3,12770836,2026-08-19T20:26:10+02:00,0
2026-08-20T0651Z,laliga,38,MED,4-5-1,637,Moncayola,Jon Moncayola,3,6905144,2026-08-19T20:26:10+02:00,0
2026-08-20T0651Z,laliga,38,MED,4-5-1,2453,Agoumé,Lucien Agoumé,3,5678476,2026-08-19T20:26:10+02:00,0
2026-08-20T0651Z,laliga,38,MED,4-5-1,3099,Fornals,Pablo Fornals,3,56515936,2026-08-19T20:26:10+02:00,0
2026-08-20T0651Z,laliga,38,DEL,4-5-1,3002,Iñigo Vicente,Iñigo Vicente,4,19820874,2026-08-19T20:26:10+02:00,0
2026-08-20T0653Z,laliga,38,POR,4-5-1,2713,Ionut Radu,Ionut Radu,1,37412396,2026-08-19T20:26:10+02:00,0
2026-08-20T0653Z,laliga,38,DEF,4-5-1,2390,Starfelt,Carl Starfelt,2,14065733,2026-08-19T20:26:10+02:00,0
2026-08-20T0653Z,laliga,38,DEF,4-5-1,255,Le Normand,Robin Le Normand,2,10591897,2026-08-19T20:26:10+02:00,0
2026-08-20T0653Z,laliga,38,DEF,4-5-1,1930,El Hilali,Omar El Hilali,2,9743295,2026-08-19T20:26:10+02:00,0
2026-08-20T0653Z,laliga,38,DEF,4-5-1,3123,Marcos Alonso,Marcos Alonso,2,28304295,2026-08-19T20:26:10+02:00,0
2026-08-20T0653Z,laliga,38,MED,4-5-1,2464,Pepelu,José Luis García Vayá,3,7669774,2026-08-19T20:26:10+02:00,0
2026-08-20T0653Z,laliga,38,MED,4-5-1,1070,De Galarreta,Inigo Ruiz de Galarreta,3,12770836,2026-08-19T20:26:10+02:00,0
2026-08-20T0653Z,laliga,38,MED,4-5-1,637,Moncayola,Jon Moncayola,3,6905144,2026-08-19T20:26:10+02:00,0
2026-08-20T0653Z,laliga,38,MED,4-5-1,2453,Agoumé,Lucien Agoumé,3,5678476,2026-08-19T20:26:10+02:00,0
2026-08-20T0653Z,laliga,38,MED,4-5-1,3099,Fornals,Pablo Fornals,3,56515936,2026-08-19T20:26:10+02:00,0
2026-08-20T0653Z,laliga,38,DEL,4-5-1,3002,Iñigo Vicente,Iñigo Vicente,4,19820874,2026-08-19T20:26:10+02:00,0
2026-08-20T0707Z,laliga,38,POR,4-5-1,2713,Ionut Radu,Ionut Radu,1,37412396,2026-08-19T20:26:10+02:00,0
2026-08-20T0707Z,laliga,38,DEF,4-5-1,2390,Starfelt,Carl Starfelt,2,14065733,2026-08-19T20:26:10+02:00,0
2026-08-20T0707Z,laliga,38,DEF,4-5-1,255,Le Normand,Robin Le Normand,2,10591897,2026-08-19T20:26:10+02:00,0
2026-08-20T0707Z,laliga,38,DEF,4-5-1,1930,El Hilali,Omar El Hilali,2,9743295,2026-08-19T20:26:10+02:00,0
2026-08-20T0707Z,laliga,38,DEF,4-5-1,3123,Marcos Alonso,Marcos Alonso,2,28304295,2026-08-19T20:26:10+02:00,0
2026-08-20T0707Z,laliga,38,MED,4-5-1,2464,Pepelu,José Luis García Vayá,3,7669774,2026-08-19T20:26:10+02:00,0
2026-08-20T0707Z,laliga,38,MED,4-5-1,1070,De Galarreta,Inigo Ruiz de Galarreta,3,12770836,2026-08-19T20:26:10+02:00,0
2026-08-20T0707Z,laliga,38,MED,4-5-1,637,Moncayola,Jon Moncayola,3,6905144,2026-08-19T20:26:10+02:00,0
2026-08-20T0707Z,laliga,38,MED,4-5-1,2453,Agoumé,Lucien Agoumé,3,5678476,2026-08-19T20:26:10+02:00,0
2026-08-20T0707Z,laliga,38,MED,4-5-1,3099,Fornals,Pablo Fornals,3,56515936,2026-08-19T20:26:10+02:00,0
2026-08-20T0707Z,laliga,38,DEL,4-5-1,3002,Iñigo Vicente,Iñigo Vicente,4,19820874,2026-08-19T20:26:10+02:00,0
2026-08-20T0714Z,laliga,38,POR,4-5-1,2713,Ionut Radu,Ionut Radu,1,37412396,2026-08-19T20:26:10+02:00,0
2026-08-20T0714Z,laliga,38,DEF,4-5-1,2390,Starfelt,Carl Starfelt,2,14065733,2026-08-19T20:26:10+02:00,0
2026-08-20T0714Z,laliga,38,DEF,4-5-1,255,Le Normand,Robin Le Normand,2,10591897,2026-08-19T20:26:10+02:00,0
2026-08-20T0714Z,laliga,38,DEF,4-5-1,1930,El Hilali,Omar El Hilali,2,9743295,2026-08-19T20:26:10+02:00,0
2026-08-20T0714Z,laliga,38,DEF,4-5-1,3123,Marcos Alonso,Marcos Alonso,2,28304295,2026-08-19T20:26:10+02:00,0
2026-08-20T0714Z,laliga,38,MED,4-5-1,2464,Pepelu,José Luis García Vayá,3,7669774,2026-08-19T20:26:10+02:00,0
2026-08-20T0714Z,laliga,38,MED,4-5-1,1070,De Galarreta,Inigo Ruiz de Galarreta,3,12770836,2026-08-19T20:26:10+02:00,0
2026-08-20T0714Z,laliga,38,MED,4-5-1,637,Moncayola,Jon Moncayola,3,6905144,2026-08-19T20:26:10+02:00,0
2026-08-20T0714Z,laliga,38,MED,4-5-1,2453,Agoumé,Lucien Agoumé,3,5678476,2026-08-19T20:26:10+02:00,0
2026-08-20T0714Z,laliga,38,MED,4-5-1,3099,Fornals,Pablo Fornals,3,56515936,2026-08-19T20:26:10+02:00,0
2026-08-20T0714Z,laliga,38,DEL,4-5-1,3002,Iñigo Vicente,Iñigo Vicente,4,19820874,2026-08-19T20:26:10+02:00,0
2026-08-20T0749Z,laliga,38,POR,4-5-1,2713,Ionut Radu,Ionut Radu,1,37412396,2026-08-19T20:26:10+02:00,0
2026-08-20T0749Z,laliga,38,DEF,4-5-1,2390,Starfelt,Carl Starfelt,2,14065733,2026-08-19T20:26:10+02:00,0
2026-08-20T0749Z,laliga,38,DEF,4-5-1,255,Le Normand,Robin Le Normand,2,10591897,2026-08-19T20:26:10+02:00,0
2026-08-20T0749Z,laliga,38,DEF,4-5-1,1930,El Hilali,Omar El Hilali,2,9743295,2026-08-19T20:26:10+02:00,0
2026-08-20T0749Z,laliga,38,DEF,4-5-1,3123,Marcos Alonso,Marcos Alonso,2,28304295,2026-08-19T20:26:10+02:00,0
2026-08-20T0749Z,laliga,38,MED,4-5-1,2464,Pepelu,José Luis García Vayá,3,7669774,2026-08-19T20:26:10+02:00,0
2026-08-20T0749Z,laliga,38,MED,4-5-1,1070,De Galarreta,Inigo Ruiz de Galarreta,3,12770836,2026-08-19T20:26:10+02:00,0
2026-08-20T0749Z,laliga,38,MED,4-5-1,637,Moncayola,Jon Moncayola,3,6905144,2026-08-19T20:26:10+02:00,0
2026-08-20T0749Z,laliga,38,MED,4-5-1,2453,Agoumé,Lucien Agoumé,3,5678476,2026-08-19T20:26:10+02:00,0
2026-08-20T0749Z,laliga,38,MED,4-5-1,3099,Fornals,Pablo Fornals,3,56515936,2026-08-19T20:26:10+02:00,0
2026-08-20T0749Z,laliga,38,DEL,4-5-1,3002,Iñigo Vicente,Iñigo Vicente,4,19820874,2026-08-19T20:26:10+02:00,0
2026-08-20T0831Z,laliga,38,POR,4-5-1,2713,Ionut Radu,Ionut Radu,1,37412396,2026-08-19T20:26:10+02:00,0
2026-08-20T0831Z,laliga,38,DEF,4-5-1,2390,Starfelt,Carl Starfelt,2,14065733,2026-08-19T20:26:10+02:00,0
2026-08-20T0831Z,laliga,38,DEF,4-5-1,255,Le Normand,Robin Le Normand,2,10591897,2026-08-19T20:26:10+02:00,0
2026-08-20T0831Z,laliga,38,DEF,4-5-1,1930,El Hilali,Omar El Hilali,2,9743295,2026-08-19T20:26:10+02:00,0
2026-08-20T0831Z,laliga,38,DEF,4-5-1,3123,Marcos Alonso,Marcos Alonso,2,28304295,2026-08-19T20:26:10+02:00,0
2026-08-20T0831Z,laliga,38,MED,4-5-1,2464,Pepelu,José Luis García Vayá,3,7669774,2026-08-19T20:26:10+02:00,0
2026-08-20T0831Z,laliga,38,MED,4-5-1,1070,De Galarreta,Inigo Ruiz de Galarreta,3,12770836,2026-08-19T20:26:10+02:00,0
2026-08-20T0831Z,laliga,38,MED,4-5-1,637,Moncayola,Jon Moncayola,3,6905144,2026-08-19T20:26:10+02:00,0
2026-08-20T0831Z,laliga,38,MED,4-5-1,2453,Agoumé,Lucien Agoumé,3,5678476,2026-08-19T20:26:10+02:00,0
2026-08-20T0831Z,laliga,38,MED,4-5-1,3099,Fornals,Pablo Fornals,3,56515936,2026-08-19T20:26:10+02:00,0
2026-08-20T0831Z,laliga,38,DEL,4-5-1,3002,Iñigo Vicente,Iñigo Vicente,4,19820874,2026-08-19T20:26:10+02:00,0
2026-08-20T0844Z,laliga,38,POR,4-5-1,2713,Ionut Radu,Ionut Radu,1,37412396,2026-08-19T20:26:10+02:00,0
2026-08-20T0844Z,laliga,38,DEF,4-5-1,2390,Starfelt,Carl Starfelt,2,14065733,2026-08-19T20:26:10+02:00,0
2026-08-20T0844Z,laliga,38,DEF,4-5-1,255,Le Normand,Robin Le Normand,2,10591897,2026-08-19T20:26:10+02:00,0
2026-08-20T0844Z,laliga,38,DEF,4-5-1,1930,El Hilali,Omar El Hilali,2,9743295,2026-08-19T20:26:10+02:00,0
2026-08-20T0844Z,laliga,38,DEF,4-5-1,3123,Marcos Alonso,Marcos Alonso,2,28304295,2026-08-19T20:26:10+02:00,0
2026-08-20T0844Z,laliga,38,MED,4-5-1,2464,Pepelu,José Luis García Vayá,3,7669774,2026-08-19T20:26:10+02:00,0
2026-08-20T0844Z,laliga,38,MED,4-5-1,1070,De Galarreta,Inigo Ruiz de Galarreta,3,12770836,2026-08-19T20:26:10+02:00,0
2026-08-20T0844Z,laliga,38,MED,4-5-1,637,Moncayola,Jon Moncayola,3,6905144,2026-08-19T20:26:10+02:00,0
2026-08-20T0844Z,laliga,38,MED,4-5-1,2453,Agoumé,Lucien Agoumé,3,5678476,2026-08-19T20:26:10+02:00,0
2026-08-20T0844Z,laliga,38,MED,4-5-1,3099,Fornals,Pablo Fornals,3,56515936,2026-08-19T20:26:10+02:00,0
2026-08-20T0844Z,laliga,38,DEL,4-5-1,3002,Iñigo Vicente,Iñigo Vicente,4,19820874,2026-08-19T20:26:10+02:00,0
2026-08-20T0850Z,laliga,38,POR,4-5-1,2713,Ionut Radu,Ionut Radu,1,37412396,2026-08-19T20:26:10+02:00,0
2026-08-20T0850Z,laliga,38,DEF,4-5-1,2390,Starfelt,Carl Starfelt,2,14065733,2026-08-19T20:26:10+02:00,0
2026-08-20T0850Z,laliga,38,DEF,4-5-1,255,Le Normand,Robin Le Normand,2,10591897,2026-08-19T20:26:10+02:00,0
2026-08-20T0850Z,laliga,38,DEF,4-5-1,1930,El Hilali,Omar El Hilali,2,9743295,2026-08-19T20:26:10+02:00,0
2026-08-20T0850Z,laliga,38,DEF,4-5-1,3123,Marcos Alonso,Marcos Alonso,2,28304295,2026-08-19T20:26:10+02:00,0
2026-08-20T0850Z,laliga,38,MED,4-5-1,2464,Pepelu,José Luis García Vayá,3,7669774,2026-08-19T20:26:10+02:00,0
2026-08-20T0850Z,laliga,38,MED,4-5-1,1070,De Galarreta,Inigo Ruiz de Galarreta,3,12770836,2026-08-19T20:26:10+02:00,0
2026-08-20T0850Z,laliga,38,MED,4-5-1,637,Moncayola,Jon Moncayola,3,6905144,2026-08-19T20:26:10+02:00,0
2026-08-20T0850Z,laliga,38,MED,4-5-1,2453,Agoumé,Lucien Agoumé,3,5678476,2026-08-19T20:26:10+02:00,0
2026-08-20T0850Z,laliga,38,MED,4-5-1,3099,Fornals,Pablo Fornals,3,56515936,2026-08-19T20:26:10+02:00,0
2026-08-20T0850Z,laliga,38,DEL,4-5-1,3002,Iñigo Vicente,Iñigo Vicente,4,19820874,2026-08-19T20:26:10+02:00,0
2026-08-20T0907Z,laliga,38,POR,4-5-1,2713,Ionut Radu,Ionut Radu,1,37412396,2026-08-19T20:26:10+02:00,0
2026-08-20T0907Z,laliga,38,DEF,4-5-1,2390,Starfelt,Carl Starfelt,2,14065733,2026-08-19T20:26:10+02:00,0
2026-08-20T0907Z,laliga,38,DEF,4-5-1,255,Le Normand,Robin Le Normand,2,10591897,2026-08-19T20:26:10+02:00,0
2026-08-20T0907Z,laliga,38,DEF,4-5-1,1930,El Hilali,Omar El Hilali,2,9743295,2026-08-19T20:26:10+02:00,0
2026-08-20T0907Z,laliga,38,DEF,4-5-1,3123,Marcos Alonso,Marcos Alonso,2,28304295,2026-08-19T20:26:10+02:00,0
2026-08-20T0907Z,laliga,38,MED,4-5-1,2464,Pepelu,José Luis García Vayá,3,7669774,2026-08-19T20:26:10+02:00,0
2026-08-20T0907Z,laliga,38,MED,4-5-1,1070,De Galarreta,Inigo Ruiz de Galarreta,3,12770836,2026-08-19T20:26:10+02:00,0
2026-08-20T0907Z,laliga,38,MED,4-5-1,637,Moncayola,Jon Moncayola,3,6905144,2026-08-19T20:26:10+02:00,0
2026-08-20T0907Z,laliga,38,MED,4-5-1,2453,Agoumé,Lucien Agoumé,3,5678476,2026-08-19T20:26:10+02:00,0
2026-08-20T0907Z,laliga,38,MED,4-5-1,3099,Fornals,Pablo Fornals,3,56515936,2026-08-19T20:26:10+02:00,0
2026-08-20T0907Z,laliga,38,DEL,4-5-1,3002,Iñigo Vicente,Iñigo Vicente,4,19820874,2026-08-19T20:26:10+02:00,0
2026-08-20T0911Z,laliga,38,POR,4-5-1,2713,Ionut Radu,Ionut Radu,1,37412396,2026-08-19T20:26:10+02:00,0
2026-08-20T0911Z,laliga,38,DEF,4-5-1,2390,Starfelt,Carl Starfelt,2,14065733,2026-08-19T20:26:10+02:00,0
2026-08-20T0911Z,laliga,38,DEF,4-5-1,255,Le Normand,Robin Le Normand,2,10591897,2026-08-19T20:26:10+02:00,0
2026-08-20T0911Z,laliga,38,DEF,4-5-1,1930,El Hilali,Omar El Hilali,2,9743295,2026-08-19T20:26:10+02:00,0
2026-08-20T0911Z,laliga,38,DEF,4-5-1,3123,Marcos Alonso,Marcos Alonso,2,28304295,2026-08-19T20:26:10+02:00,0
2026-08-20T0911Z,laliga,38,MED,4-5-1,2464,Pepelu,José Luis García Vayá,3,7669774,2026-08-19T20:26:10+02:00,0
2026-08-20T0911Z,laliga,38,MED,4-5-1,1070,De Galarreta,Inigo Ruiz de Galarreta,3,12770836,2026-08-19T20:26:10+02:00,0
2026-08-20T0911Z,laliga,38,MED,4-5-1,637,Moncayola,Jon Moncayola,3,6905144,2026-08-19T20:26:10+02:00,0
2026-08-20T0911Z,laliga,38,MED,4-5-1,2453,Agoumé,Lucien Agoumé,3,5678476,2026-08-19T20:26:10+02:00,0
2026-08-20T0911Z,laliga,38,MED,4-5-1,3099,Fornals,Pablo Fornals,3,56515936,2026-08-19T20:26:10+02:00,0
2026-08-20T0911Z,laliga,38,DEL,4-5-1,3002,Iñigo Vicente,Iñigo Vicente,4,19820874,2026-08-19T20:26:10+02:00,0
2026-08-20T0916Z,laliga,38,POR,4-5-1,2713,Ionut Radu,Ionut Radu,1,37412396,2026-08-19T20:26:10+02:00,0
2026-08-20T0916Z,laliga,38,DEF,4-5-1,2390,Starfelt,Carl Starfelt,2,14065733,2026-08-19T20:26:10+02:00,0
2026-08-20T0916Z,laliga,38,DEF,4-5-1,255,Le Normand,Robin Le Normand,2,10591897,2026-08-19T20:26:10+02:00,0
2026-08-20T0916Z,laliga,38,DEF,4-5-1,1930,El Hilali,Omar El Hilali,2,9743295,2026-08-19T20:26:10+02:00,0
2026-08-20T0916Z,laliga,38,DEF,4-5-1,3123,Marcos Alonso,Marcos Alonso,2,28304295,2026-08-19T20:26:10+02:00,0
2026-08-20T0916Z,laliga,38,MED,4-5-1,2464,Pepelu,José Luis García Vayá,3,7669774,2026-08-19T20:26:10+02:00,0
2026-08-20T0916Z,laliga,38,MED,4-5-1,1070,De Galarreta,Inigo Ruiz de Galarreta,3,12770836,2026-08-19T20:26:10+02:00,0
2026-08-20T0916Z,laliga,38,MED,4-5-1,637,Moncayola,Jon Moncayola,3,6905144,2026-08-19T20:26:10+02:00,0
2026-08-20T0916Z,laliga,38,MED,4-5-1,2453,Agoumé,Lucien Agoumé,3,5678476,2026-08-19T20:26:10+02:00,0
2026-08-20T0916Z,laliga,38,MED,4-5-1,3099,Fornals,Pablo Fornals,3,56515936,2026-08-19T20:26:10+02:00,0
2026-08-20T0916Z,laliga,38,DEL,4-5-1,3002,Iñigo Vicente,Iñigo Vicente,4,19820874,2026-08-19T20:26:10+02:00,0
2026-08-20T0923Z,laliga,38,POR,4-5-1,2713,Ionut Radu,Ionut Radu,1,37412396,2026-08-19T20:26:10+02:00,0
2026-08-20T0923Z,laliga,38,DEF,4-5-1,2390,Starfelt,Carl Starfelt,2,14065733,2026-08-19T20:26:10+02:00,0
2026-08-20T0923Z,laliga,38,DEF,4-5-1,255,Le Normand,Robin Le Normand,2,10591897,2026-08-19T20:26:10+02:00,0
2026-08-20T0923Z,laliga,38,DEF,4-5-1,1930,El Hilali,Omar El Hilali,2,9743295,2026-08-19T20:26:10+02:00,0
2026-08-20T0923Z,laliga,38,DEF,4-5-1,3123,Marcos Alonso,Marcos Alonso,2,28304295,2026-08-19T20:26:10+02:00,0
2026-08-20T0923Z,laliga,38,MED,4-5-1,2464,Pepelu,José Luis García Vayá,3,7669774,2026-08-19T20:26:10+02:00,0
2026-08-20T0923Z,laliga,38,MED,4-5-1,1070,De Galarreta,Inigo Ruiz de Galarreta,3,12770836,2026-08-19T20:26:10+02:00,0
2026-08-20T0923Z,laliga,38,MED,4-5-1,637,Moncayola,Jon Moncayola,3,6905144,2026-08-19T20:26:10+02:00,0
2026-08-20T0923Z,laliga,38,MED,4-5-1,2453,Agoumé,Lucien Agoumé,3,5678476,2026-08-19T20:26:10+02:00,0
2026-08-20T0923Z,laliga,38,MED,4-5-1,3099,Fornals,Pablo Fornals,3,56515936,2026-08-19T20:26:10+02:00,0
2026-08-20T0923Z,laliga,38,DEL,4-5-1,3002,Iñigo Vicente,Iñigo Vicente,4,19820874,2026-08-19T20:26:10+02:00,0
2026-08-20T0932Z,laliga,38,POR,4-5-1,2713,Ionut Radu,Ionut Radu,1,37412396,2026-08-19T20:26:10+02:00,0
2026-08-20T0932Z,laliga,38,DEF,4-5-1,2390,Starfelt,Carl Starfelt,2,14065733,2026-08-19T20:26:10+02:00,0
2026-08-20T0932Z,laliga,38,DEF,4-5-1,255,Le Normand,Robin Le Normand,2,10591897,2026-08-19T20:26:10+02:00,0
2026-08-20T0932Z,laliga,38,DEF,4-5-1,1930,El Hilali,Omar El Hilali,2,9743295,2026-08-19T20:26:10+02:00,0
2026-08-20T0932Z,laliga,38,DEF,4-5-1,3123,Marcos Alonso,Marcos Alonso,2,28304295,2026-08-19T20:26:10+02:00,0
2026-08-20T0932Z,laliga,38,MED,4-5-1,2464,Pepelu,José Luis García Vayá,3,7669774,2026-08-19T20:26:10+02:00,0
2026-08-20T0932Z,laliga,38,MED,4-5-1,1070,De Galarreta,Inigo Ruiz de Galarreta,3,12770836,2026-08-19T20:26:10+02:00,0
2026-08-20T0932Z,laliga,38,MED,4-5-1,637,Moncayola,Jon Moncayola,3,6905144,2026-08-19T20:26:10+02:00,0
2026-08-20T0932Z,laliga,38,MED,4-5-1,2453,Agoumé,Lucien Agoumé,3,5678476,2026-08-19T20:26:10+02:00,0
2026-08-20T0932Z,laliga,38,MED,4-5-1,3099,Fornals,Pablo Fornals,3,56515936,2026-08-19T20:26:10+02:00,0
2026-08-20T0932Z,laliga,38,DEL,4-5-1,3002,Iñigo Vicente,Iñigo Vicente,4,19820874,2026-08-19T20:26:10+02:00,0
2026-08-20T0936Z,laliga,38,POR,4-5-1,2713,Ionut Radu,Ionut Radu,1,37412396,2026-08-19T20:26:10+02:00,0
2026-08-20T0936Z,laliga,38,DEF,4-5-1,2390,Starfelt,Carl Starfelt,2,14065733,2026-08-19T20:26:10+02:00,0
2026-08-20T0936Z,laliga,38,DEF,4-5-1,255,Le Normand,Robin Le Normand,2,10591897,2026-08-19T20:26:10+02:00,0
2026-08-20T0936Z,laliga,38,DEF,4-5-1,1930,El Hilali,Omar El Hilali,2,9743295,2026-08-19T20:26:10+02:00,0
2026-08-20T0936Z,laliga,38,DEF,4-5-1,3123,Marcos Alonso,Marcos Alonso,2,28304295,2026-08-19T20:26:10+02:00,0
2026-08-20T0936Z,laliga,38,MED,4-5-1,2464,Pepelu,José Luis García Vayá,3,7669774,2026-08-19T20:26:10+02:00,0
2026-08-20T0936Z,laliga,38,MED,4-5-1,1070,De Galarreta,Inigo Ruiz de Galarreta,3,12770836,2026-08-19T20:26:10+02:00,0
2026-08-20T0936Z,laliga,38,MED,4-5-1,637,Moncayola,Jon Moncayola,3,6905144,2026-08-19T20:26:10+02:00,0
2026-08-20T0936Z,laliga,38,MED,4-5-1,2453,Agoumé,Lucien Agoumé,3,5678476,2026-08-19T20:26:10+02:00,0
2026-08-20T0936Z,laliga,38,MED,4-5-1,3099,Fornals,Pablo Fornals,3,56515936,2026-08-19T20:26:10+02:00,0
2026-08-20T0936Z,laliga,38,DEL,4-5-1,3002,Iñigo Vicente,Iñigo Vicente,4,19820874,2026-08-19T20:26:10+02:00,0
2026-08-20T1111Z,laliga,38,POR,4-5-1,2713,Ionut Radu,Ionut Radu,1,37412396,2026-08-19T20:26:10+02:00,0
2026-08-20T1111Z,laliga,38,DEF,4-5-1,2390,Starfelt,Carl Starfelt,2,14065733,2026-08-19T20:26:10+02:00,0
2026-08-20T1111Z,laliga,38,DEF,4-5-1,255,Le Normand,Robin Le Normand,2,10591897,2026-08-19T20:26:10+02:00,0
2026-08-20T1111Z,laliga,38,DEF,4-5-1,1930,El Hilali,Omar El Hilali,2,9743295,2026-08-19T20:26:10+02:00,0
2026-08-20T1111Z,laliga,38,DEF,4-5-1,3123,Marcos Alonso,Marcos Alonso,2,28304295,2026-08-19T20:26:10+02:00,0
2026-08-20T1111Z,laliga,38,MED,4-5-1,2464,Pepelu,José Luis García Vayá,3,7669774,2026-08-19T20:26:10+02:00,0
2026-08-20T1111Z,laliga,38,MED,4-5-1,1070,De Galarreta,Inigo Ruiz de Galarreta,3,12770836,2026-08-19T20:26:10+02:00,0
2026-08-20T1111Z,laliga,38,MED,4-5-1,637,Moncayola,Jon Moncayola,3,6905144,2026-08-19T20:26:10+02:00,0
2026-08-20T1111Z,laliga,38,MED,4-5-1,2453,Agoumé,Lucien Agoumé,3,5678476,2026-08-19T20:26:10+02:00,0
2026-08-20T1111Z,laliga,38,MED,4-5-1,3099,Fornals,Pablo Fornals,3,56515936,2026-08-19T20:26:10+02:00,0
2026-08-20T1111Z,laliga,38,DEL,4-5-1,3002,Iñigo Vicente,Iñigo Vicente,4,19820874,2026-08-19T20:26:10+02:00,0
2026-08-20T1139Z,laliga,38,POR,4-5-1,2713,Ionut Radu,Ionut Radu,1,37412396,2026-08-19T20:26:10+02:00,0
2026-08-20T1139Z,laliga,38,DEF,4-5-1,2390,Starfelt,Carl Starfelt,2,14065733,2026-08-19T20:26:10+02:00,0
2026-08-20T1139Z,laliga,38,DEF,4-5-1,255,Le Normand,Robin Le Normand,2,10591897,2026-08-19T20:26:10+02:00,0
2026-08-20T1139Z,laliga,38,DEF,4-5-1,1930,El Hilali,Omar El Hilali,2,9743295,2026-08-19T20:26:10+02:00,0
2026-08-20T1139Z,laliga,38,DEF,4-5-1,3123,Marcos Alonso,Marcos Alonso,2,28304295,2026-08-19T20:26:10+02:00,0
2026-08-20T1139Z,laliga,38,MED,4-5-1,2464,Pepelu,José Luis García Vayá,3,7669774,2026-08-19T20:26:10+02:00,0
2026-08-20T1139Z,laliga,38,MED,4-5-1,1070,De Galarreta,Inigo Ruiz de Galarreta,3,12770836,2026-08-19T20:26:10+02:00,0
2026-08-20T1139Z,laliga,38,MED,4-5-1,637,Moncayola,Jon Moncayola,3,6905144,2026-08-19T20:26:10+02:00,0
2026-08-20T1139Z,laliga,38,MED,4-5-1,2453,Agoumé,Lucien Agoumé,3,5678476,2026-08-19T20:26:10+02:00,0
2026-08-20T1139Z,laliga,38,MED,4-5-1,3099,Fornals,Pablo Fornals,3,56515936,2026-08-19T20:26:10+02:00,0
2026-08-20T1139Z,laliga,38,DEL,4-5-1,3002,Iñigo Vicente,Iñigo Vicente,4,19820874,2026-08-19T20:26:10+02:00,0
2026-08-20T1145Z,laliga,38,POR,4-5-1,2713,Ionut Radu,Ionut Radu,1,37412396,2026-08-19T20:26:10+02:00,0
2026-08-20T1145Z,laliga,38,DEF,4-5-1,2390,Starfelt,Carl Starfelt,2,14065733,2026-08-19T20:26:10+02:00,0
2026-08-20T1145Z,laliga,38,DEF,4-5-1,255,Le Normand,Robin Le Normand,2,10591897,2026-08-19T20:26:10+02:00,0
2026-08-20T1145Z,laliga,38,DEF,4-5-1,1930,El Hilali,Omar El Hilali,2,9743295,2026-08-19T20:26:10+02:00,0
2026-08-20T1145Z,laliga,38,DEF,4-5-1,3123,Marcos Alonso,Marcos Alonso,2,28304295,2026-08-19T20:26:10+02:00,0
2026-08-20T1145Z,laliga,38,MED,4-5-1,2464,Pepelu,José Luis García Vayá,3,7669774,2026-08-19T20:26:10+02:00,0
2026-08-20T1145Z,laliga,38,MED,4-5-1,1070,De Galarreta,Inigo Ruiz de Galarreta,3,12770836,2026-08-19T20:26:10+02:00,0
2026-08-20T1145Z,laliga,38,MED,4-5-1,637,Moncayola,Jon Moncayola,3,6905144,2026-08-19T20:26:10+02:00,0
2026-08-20T1145Z,laliga,38,MED,4-5-1,2453,Agoumé,Lucien Agoumé,3,5678476,2026-08-19T20:26:10+02:00,0
2026-08-20T1145Z,laliga,38,MED,4-5-1,3099,Fornals,Pablo Fornals,3,56515936,2026-08-19T20:26:10+02:00,0
2026-08-20T1145Z,laliga,38,DEL,4-5-1,3002,Iñigo Vicente,Iñigo Vicente,4,19820874,2026-08-19T20:26:10+02:00,0
2026-08-20T1151Z,laliga,38,POR,4-5-1,2713,Ionut Radu,Ionut Radu,1,37412396,2026-08-19T20:26:10+02:00,0
2026-08-20T1151Z,laliga,38,DEF,4-5-1,2390,Starfelt,Carl Starfelt,2,14065733,2026-08-19T20:26:10+02:00,0
2026-08-20T1151Z,laliga,38,DEF,4-5-1,255,Le Normand,Robin Le Normand,2,10591897,2026-08-19T20:26:10+02:00,0
2026-08-20T1151Z,laliga,38,DEF,4-5-1,1930,El Hilali,Omar El Hilali,2,9743295,2026-08-19T20:26:10+02:00,0
2026-08-20T1151Z,laliga,38,DEF,4-5-1,3123,Marcos Alonso,Marcos Alonso,2,28304295,2026-08-19T20:26:10+02:00,0
2026-08-20T1151Z,laliga,38,MED,4-5-1,2464,Pepelu,José Luis García Vayá,3,7669774,2026-08-19T20:26:10+02:00,0
2026-08-20T1151Z,laliga,38,MED,4-5-1,1070,De Galarreta,Inigo Ruiz de Galarreta,3,12770836,2026-08-19T20:26:10+02:00,0
2026-08-20T1151Z,laliga,38,MED,4-5-1,637,Moncayola,Jon Moncayola,3,6905144,2026-08-19T20:26:10+02:00,0
2026-08-20T1151Z,laliga,38,MED,4-5-1,2453,Agoumé,Lucien Agoumé,3,5678476,2026-08-19T20:26:10+02:00,0
2026-08-20T1151Z,laliga,38,MED,4-5-1,3099,Fornals,Pablo Fornals,3,56515936,2026-08-19T20:26:10+02:00,0
2026-08-20T1151Z,laliga,38,DEL,4-5-1,3002,Iñigo Vicente,Iñigo Vicente,4,19820874,2026-08-19T20:26:10+02:00,0
2026-08-20T1249Z,laliga,38,POR,4-5-1,2713,Ionut Radu,Ionut Radu,1,37412396,2026-08-19T20:26:10+02:00,0
2026-08-20T1249Z,laliga,38,DEF,4-5-1,2390,Starfelt,Carl Starfelt,2,14065733,2026-08-19T20:26:10+02:00,0
2026-08-20T1249Z,laliga,38,DEF,4-5-1,255,Le Normand,Robin Le Normand,2,10591897,2026-08-19T20:26:10+02:00,0
2026-08-20T1249Z,laliga,38,DEF,4-5-1,1930,El Hilali,Omar El Hilali,2,9743295,2026-08-19T20:26:10+02:00,0
2026-08-20T1249Z,laliga,38,DEF,4-5-1,3123,Marcos Alonso,Marcos Alonso,2,28304295,2026-08-19T20:26:10+02:00,0
2026-08-20T1249Z,laliga,38,MED,4-5-1,2464,Pepelu,José Luis García Vayá,3,7669774,2026-08-19T20:26:10+02:00,0
2026-08-20T1249Z,laliga,38,MED,4-5-1,1070,De Galarreta,Inigo Ruiz de Galarreta,3,12770836,2026-08-19T20:26:10+02:00,0
2026-08-20T1249Z,laliga,38,MED,4-5-1,637,Moncayola,Jon Moncayola,3,6905144,2026-08-19T20:26:10+02:00,0
2026-08-20T1249Z,laliga,38,MED,4-5-1,2453,Agoumé,Lucien Agoumé,3,5678476,2026-08-19T20:26:10+02:00,0
2026-08-20T1249Z,laliga,38,MED,4-5-1,3099,Fornals,Pablo Fornals,3,56515936,2026-08-19T20:26:10+02:00,0
2026-08-20T1249Z,laliga,38,DEL,4-5-1,3002,Iñigo Vicente,Iñigo Vicente,4,19820874,2026-08-19T20:26:10+02:00,0
2026-08-20T1408Z,laliga,38,POR,4-5-1,2713,Ionut Radu,Ionut Radu,1,37412396,2026-08-19T20:26:10+02:00,0
2026-08-20T1408Z,laliga,38,DEF,4-5-1,2390,Starfelt,Carl Starfelt,2,14065733,2026-08-19T20:26:10+02:00,0
2026-08-20T1408Z,laliga,38,DEF,4-5-1,255,Le Normand,Robin Le Normand,2,10591897,2026-08-19T20:26:10+02:00,0
2026-08-20T1408Z,laliga,38,DEF,4-5-1,1930,El Hilali,Omar El Hilali,2,9743295,2026-08-19T20:26:10+02:00,0
2026-08-20T1408Z,laliga,38,DEF,4-5-1,3123,Marcos Alonso,Marcos Alonso,2,28304295,2026-08-19T20:26:10+02:00,0
2026-08-20T1408Z,laliga,38,MED,4-5-1,2464,Pepelu,José Luis García Vayá,3,7669774,2026-08-19T20:26:10+02:00,0
2026-08-20T1408Z,laliga,38,MED,4-5-1,1070,De Galarreta,Inigo Ruiz de Galarreta,3,12770836,2026-08-19T20:26:10+02:00,0
2026-08-20T1408Z,laliga,38,MED,4-5-1,637,Moncayola,Jon Moncayola,3,6905144,2026-08-19T20:26:10+02:00,0
2026-08-20T1408Z,laliga,38,MED,4-5-1,2453,Agoumé,Lucien Agoumé,3,5678476,2026-08-19T20:26:10+02:00,0
2026-08-20T1408Z,laliga,38,MED,4-5-1,3099,Fornals,Pablo Fornals,3,56515936,2026-08-19T20:26:10+02:00,0
2026-08-20T1408Z,laliga,38,DEL,4-5-1,3002,Iñigo Vicente,Iñigo Vicente,4,19820874,2026-08-19T20:26:10+02:00,0
2026-08-20T1411Z,laliga,38,POR,4-5-1,2713,Ionut Radu,Ionut Radu,1,37412396,2026-08-19T20:26:10+02:00,0
2026-08-20T1411Z,laliga,38,DEF,4-5-1,2390,Starfelt,Carl Starfelt,2,14065733,2026-08-19T20:26:10+02:00,0
2026-08-20T1411Z,laliga,38,DEF,4-5-1,255,Le Normand,Robin Le Normand,2,10591897,2026-08-19T20:26:10+02:00,0
2026-08-20T1411Z,laliga,38,DEF,4-5-1,1930,El Hilali,Omar El Hilali,2,9743295,2026-08-19T20:26:10+02:00,0
2026-08-20T1411Z,laliga,38,DEF,4-5-1,3123,Marcos Alonso,Marcos Alonso,2,28304295,2026-08-19T20:26:10+02:00,0
2026-08-20T1411Z,laliga,38,MED,4-5-1,2464,Pepelu,José Luis García Vayá,3,7669774,2026-08-19T20:26:10+02:00,0
2026-08-20T1411Z,laliga,38,MED,4-5-1,1070,De Galarreta,Inigo Ruiz de Galarreta,3,12770836,2026-08-19T20:26:10+02:00,0
2026-08-20T1411Z,laliga,38,MED,4-5-1,637,Moncayola,Jon Moncayola,3,6905144,2026-08-19T20:26:10+02:00,0
2026-08-20T1411Z,laliga,38,MED,4-5-1,2453,Agoumé,Lucien Agoumé,3,5678476,2026-08-19T20:26:10+02:00,0
2026-08-20T1411Z,laliga,38,MED,4-5-1,3099,Fornals,Pablo Fornals,3,56515936,2026-08-19T20:26:10+02:00,0
2026-08-20T1411Z,laliga,38,DEL,4-5-1,3002,Iñigo Vicente,Iñigo Vicente,4,19820874,2026-08-19T20:26:10+02:00,0
2026-08-20T1428Z,laliga,38,POR,4-5-1,2713,Ionut Radu,Ionut Radu,1,37412396,2026-08-19T20:26:10+02:00,0
2026-08-20T1428Z,laliga,38,DEF,4-5-1,2390,Starfelt,Carl Starfelt,2,14065733,2026-08-19T20:26:10+02:00,0
2026-08-20T1428Z,laliga,38,DEF,4-5-1,255,Le Normand,Robin Le Normand,2,10591897,2026-08-19T20:26:10+02:00,0
2026-08-20T1428Z,laliga,38,DEF,4-5-1,1930,El Hilali,Omar El Hilali,2,9743295,2026-08-19T20:26:10+02:00,0
2026-08-20T1428Z,laliga,38,DEF,4-5-1,3123,Marcos Alonso,Marcos Alonso,2,28304295,2026-08-19T20:26:10+02:00,0
2026-08-20T1428Z,laliga,38,MED,4-5-1,2464,Pepelu,José Luis García Vayá,3,7669774,2026-08-19T20:26:10+02:00,0
2026-08-20T1428Z,laliga,38,MED,4-5-1,1070,De Galarreta,Inigo Ruiz de Galarreta,3,12770836,2026-08-19T20:26:10+02:00,0
2026-08-20T1428Z,laliga,38,MED,4-5-1,637,Moncayola,Jon Moncayola,3,6905144,2026-08-19T20:26:10+02:00,0
2026-08-20T1428Z,laliga,38,MED,4-5-1,2453,Agoumé,Lucien Agoumé,3,5678476,2026-08-19T20:26:10+02:00,0
2026-08-20T1428Z,laliga,38,MED,4-5-1,3099,Fornals,Pablo Fornals,3,56515936,2026-08-19T20:26:10+02:00,0
2026-08-20T1428Z,laliga,38,DEL,4-5-1,3002,Iñigo Vicente,Iñigo Vicente,4,19820874,2026-08-19T20:26:10+02:00,0
2026-08-20T1449Z,laliga,38,POR,4-5-1,2713,Ionut Radu,Ionut Radu,1,37412396,2026-08-19T20:26:10+02:00,0
2026-08-20T1449Z,laliga,38,DEF,4-5-1,2390,Starfelt,Carl Starfelt,2,14065733,2026-08-19T20:26:10+02:00,0
2026-08-20T1449Z,laliga,38,DEF,4-5-1,255,Le Normand,Robin Le Normand,2,10591897,2026-08-19T20:26:10+02:00,0
2026-08-20T1449Z,laliga,38,DEF,4-5-1,1930,El Hilali,Omar El Hilali,2,9743295,2026-08-19T20:26:10+02:00,0
2026-08-20T1449Z,laliga,38,DEF,4-5-1,3123,Marcos Alonso,Marcos Alonso,2,28304295,2026-08-19T20:26:10+02:00,0
2026-08-20T1449Z,laliga,38,MED,4-5-1,2464,Pepelu,José Luis García Vayá,3,7669774,2026-08-19T20:26:10+02:00,0
2026-08-20T1449Z,laliga,38,MED,4-5-1,1070,De Galarreta,Inigo Ruiz de Galarreta,3,12770836,2026-08-19T20:26:10+02:00,0
2026-08-20T1449Z,laliga,38,MED,4-5-1,637,Moncayola,Jon Moncayola,3,6905144,2026-08-19T20:26:10+02:00,0
2026-08-20T1449Z,laliga,38,MED,4-5-1,2453,Agoumé,Lucien Agoumé,3,5678476,2026-08-19T20:26:10+02:00,0
2026-08-20T1449Z,laliga,38,MED,4-5-1,3099,Fornals,Pablo Fornals,3,56515936,2026-08-19T20:26:10+02:00,0
2026-08-20T1449Z,laliga,38,DEL,4-5-1,3002,Iñigo Vicente,Iñigo Vicente,4,19820874,2026-08-19T20:26:10+02:00,0
2026-08-20T1514Z,laliga,38,POR,4-5-1,2713,Ionut Radu,Ionut Radu,1,37412396,2026-08-19T20:26:10+02:00,0
2026-08-20T1514Z,laliga,38,DEF,4-5-1,2390,Starfelt,Carl Starfelt,2,14065733,2026-08-19T20:26:10+02:00,0
2026-08-20T1514Z,laliga,38,DEF,4-5-1,255,Le Normand,Robin Le Normand,2,10591897,2026-08-19T20:26:10+02:00,0
2026-08-20T1514Z,laliga,38,DEF,4-5-1,1930,El Hilali,Omar El Hilali,2,9743295,2026-08-19T20:26:10+02:00,0
2026-08-20T1514Z,laliga,38,DEF,4-5-1,3123,Marcos Alonso,Marcos Alonso,2,28304295,2026-08-19T20:26:10+02:00,0
2026-08-20T1514Z,laliga,38,MED,4-5-1,2464,Pepelu,José Luis García Vayá,3,7669774,2026-08-19T20:26:10+02:00,0
2026-08-20T1514Z,laliga,38,MED,4-5-1,1070,De Galarreta,Inigo Ruiz de Galarreta,3,12770836,2026-08-19T20:26:10+02:00,0
2026-08-20T1514Z,laliga,38,MED,4-5-1,637,Moncayola,Jon Moncayola,3,6905144,2026-08-19T20:26:10+02:00,0
2026-08-20T1514Z,laliga,38,MED,4-5-1,2453,Agoumé,Lucien Agoumé,3,5678476,2026-08-19T20:26:10+02:00,0
2026-08-20T1514Z,laliga,38,MED,4-5-1,3099,Fornals,Pablo Fornals,3,56515936,2026-08-19T20:26:10+02:00,0
2026-08-20T1514Z,laliga,38,DEL,4-5-1,3002,Iñigo Vicente,Iñigo Vicente,4,19820874,2026-08-19T20:26:10+02:00,0
2026-08-20T1517Z,laliga,38,POR,4-5-1,2713,Ionut Radu,Ionut Radu,1,37412396,2026-08-19T20:26:10+02:00,0
2026-08-20T1517Z,laliga,38,DEF,4-5-1,2390,Starfelt,Carl Starfelt,2,14065733,2026-08-19T20:26:10+02:00,0
2026-08-20T1517Z,laliga,38,DEF,4-5-1,255,Le Normand,Robin Le Normand,2,10591897,2026-08-19T20:26:10+02:00,0
2026-08-20T1517Z,laliga,38,DEF,4-5-1,1930,El Hilali,Omar El Hilali,2,9743295,2026-08-19T20:26:10+02:00,0
2026-08-20T1517Z,laliga,38,DEF,4-5-1,3123,Marcos Alonso,Marcos Alonso,2,28304295,2026-08-19T20:26:10+02:00,0
2026-08-20T1517Z,laliga,38,MED,4-5-1,2464,Pepelu,José Luis García Vayá,3,7669774,2026-08-19T20:26:10+02:00,0
2026-08-20T1517Z,laliga,38,MED,4-5-1,1070,De Galarreta,Inigo Ruiz de Galarreta,3,12770836,2026-08-19T20:26:10+02:00,0
2026-08-20T1517Z,laliga,38,MED,4-5-1,637,Moncayola,Jon Moncayola,3,6905144,2026-08-19T20:26:10+02:00,0
2026-08-20T1517Z,laliga,38,MED,4-5-1,2453,Agoumé,Lucien Agoumé,3,5678476,2026-08-19T20:26:10+02:00,0
2026-08-20T1517Z,laliga,38,MED,4-5-1,3099,Fornals,Pablo Fornals,3,56515936,2026-08-19T20:26:10+02:00,0
2026-08-20T1517Z,laliga,38,DEL,4-5-1,3002,Iñigo Vicente,Iñigo Vicente,4,19820874,2026-08-19T20:26:10+02:00,0
2026-08-20T1714Z,laliga,38,POR,4-5-1,2713,Ionut Radu,Ionut Radu,1,37412396,2026-08-19T20:26:10+02:00,0
2026-08-20T1714Z,laliga,38,DEF,4-5-1,2390,Starfelt,Carl Starfelt,2,14065733,2026-08-19T20:26:10+02:00,0
2026-08-20T1714Z,laliga,38,DEF,4-5-1,255,Le Normand,Robin Le Normand,2,10591897,2026-08-19T20:26:10+02:00,0
2026-08-20T1714Z,laliga,38,DEF,4-5-1,1930,El Hilali,Omar El Hilali,2,9743295,2026-08-19T20:26:10+02:00,0
2026-08-20T1714Z,laliga,38,DEF,4-5-1,3123,Marcos Alonso,Marcos Alonso,2,28304295,2026-08-19T20:26:10+02:00,0
2026-08-20T1714Z,laliga,38,MED,4-5-1,2464,Pepelu,José Luis García Vayá,3,7669774,2026-08-19T20:26:10+02:00,0
2026-08-20T1714Z,laliga,38,MED,4-5-1,1070,De Galarreta,Inigo Ruiz de Galarreta,3,12770836,2026-08-19T20:26:10+02:00,0
2026-08-20T1714Z,laliga,38,MED,4-5-1,637,Moncayola,Jon Moncayola,3,6905144,2026-08-19T20:26:10+02:00,0
2026-08-20T1714Z,laliga,38,MED,4-5-1,2453,Agoumé,Lucien Agoumé,3,5678476,2026-08-19T20:26:10+02:00,0
2026-08-20T1714Z,laliga,38,MED,4-5-1,3099,Fornals,Pablo Fornals,3,56515936,2026-08-19T20:26:10+02:00,0
2026-08-20T1714Z,laliga,38,DEL,4-5-1,3002,Iñigo Vicente,Iñigo Vicente,4,19820874,2026-08-19T20:26:10+02:00,0
2026-08-20T1748Z,laliga,38,POR,4-5-1,2713,Ionut Radu,Ionut Radu,1,37412396,2026-08-19T20:26:10+02:00,0
2026-08-20T1748Z,laliga,38,DEF,4-5-1,2390,Starfelt,Carl Starfelt,2,14065733,2026-08-19T20:26:10+02:00,0
2026-08-20T1748Z,laliga,38,DEF,4-5-1,255,Le Normand,Robin Le Normand,2,10591897,2026-08-19T20:26:10+02:00,0
2026-08-20T1748Z,laliga,38,DEF,4-5-1,1930,El Hilali,Omar El Hilali,2,9743295,2026-08-19T20:26:10+02:00,0
2026-08-20T1748Z,laliga,38,DEF,4-5-1,3123,Marcos Alonso,Marcos Alonso,2,28304295,2026-08-19T20:26:10+02:00,0
2026-08-20T1748Z,laliga,38,MED,4-5-1,2464,Pepelu,José Luis García Vayá,3,7669774,2026-08-19T20:26:10+02:00,0
2026-08-20T1748Z,laliga,38,MED,4-5-1,1070,De Galarreta,Inigo Ruiz de Galarreta,3,12770836,2026-08-19T20:26:10+02:00,0
2026-08-20T1748Z,laliga,38,MED,4-5-1,637,Moncayola,Jon Moncayola,3,6905144,2026-08-19T20:26:10+02:00,0
2026-08-20T1748Z,laliga,38,MED,4-5-1,2453,Agoumé,Lucien Agoumé,3,5678476,2026-08-19T20:26:10+02:00,0
2026-08-20T1748Z,laliga,38,MED,4-5-1,3099,Fornals,Pablo Fornals,3,56515936,2026-08-19T20:26:10+02:00,0
2026-08-20T1748Z,laliga,38,DEL,4-5-1,3002,Iñigo Vicente,Iñigo Vicente,4,19820874,2026-08-19T20:26:10+02:00,0
2026-08-20T1751Z,laliga,38,POR,4-5-1,2713,Ionut Radu,Ionut Radu,1,37412396,2026-08-19T20:26:10+02:00,0
2026-08-20T1751Z,laliga,38,DEF,4-5-1,2390,Starfelt,Carl Starfelt,2,14065733,2026-08-19T20:26:10+02:00,0
2026-08-20T1751Z,laliga,38,DEF,4-5-1,255,Le Normand,Robin Le Normand,2,10591897,2026-08-19T20:26:10+02:00,0
2026-08-20T1751Z,laliga,38,DEF,4-5-1,1930,El Hilali,Omar El Hilali,2,9743295,2026-08-19T20:26:10+02:00,0
2026-08-20T1751Z,laliga,38,DEF,4-5-1,3123,Marcos Alonso,Marcos Alonso,2,28304295,2026-08-19T20:26:10+02:00,0
2026-08-20T1751Z,laliga,38,MED,4-5-1,2464,Pepelu,José Luis García Vayá,3,7669774,2026-08-19T20:26:10+02:00,0
2026-08-20T1751Z,laliga,38,MED,4-5-1,1070,De Galarreta,Inigo Ruiz de Galarreta,3,12770836,2026-08-19T20:26:10+02:00,0
2026-08-20T1751Z,laliga,38,MED,4-5-1,637,Moncayola,Jon Moncayola,3,6905144,2026-08-19T20:26:10+02:00,0
2026-08-20T1751Z,laliga,38,MED,4-5-1,2453,Agoumé,Lucien Agoumé,3,5678476,2026-08-19T20:26:10+02:00,0
2026-08-20T1751Z,laliga,38,MED,4-5-1,3099,Fornals,Pablo Fornals,3,56515936,2026-08-19T20:26:10+02:00,0
2026-08-20T1751Z,laliga,38,DEL,4-5-1,3002,Iñigo Vicente,Iñigo Vicente,4,19820874,2026-08-19T20:26:10+02:00,0
2026-08-20T1817Z,laliga,38,POR,4-5-1,2713,Ionut Radu,Ionut Radu,1,37412396,2026-08-19T20:26:10+02:00,0
2026-08-20T1817Z,laliga,38,DEF,4-5-1,2390,Starfelt,Carl Starfelt,2,14065733,2026-08-19T20:26:10+02:00,0
2026-08-20T1817Z,laliga,38,DEF,4-5-1,255,Le Normand,Robin Le Normand,2,10591897,2026-08-19T20:26:10+02:00,0
2026-08-20T1817Z,laliga,38,DEF,4-5-1,1930,El Hilali,Omar El Hilali,2,9743295,2026-08-19T20:26:10+02:00,0
2026-08-20T1817Z,laliga,38,DEF,4-5-1,3123,Marcos Alonso,Marcos Alonso,2,28304295,2026-08-19T20:26:10+02:00,0
2026-08-20T1817Z,laliga,38,MED,4-5-1,2464,Pepelu,José Luis García Vayá,3,7669774,2026-08-19T20:26:10+02:00,0
2026-08-20T1817Z,laliga,38,MED,4-5-1,1070,De Galarreta,Inigo Ruiz de Galarreta,3,12770836,2026-08-19T20:26:10+02:00,0
2026-08-20T1817Z,laliga,38,MED,4-5-1,637,Moncayola,Jon Moncayola,3,6905144,2026-08-19T20:26:10+02:00,0
2026-08-20T1817Z,laliga,38,MED,4-5-1,2453,Agoumé,Lucien Agoumé,3,5678476,2026-08-19T20:26:10+02:00,0
2026-08-20T1817Z,laliga,38,MED,4-5-1,3099,Fornals,Pablo Fornals,3,56515936,2026-08-19T20:26:10+02:00,0
2026-08-20T1817Z,laliga,38,DEL,4-5-1,3002,Iñigo Vicente,Iñigo Vicente,4,19820874,2026-08-19T20:26:10+02:00,0
2026-08-20T2241Z,laliga,38,POR,4-5-1,2713,Ionut Radu,Ionut Radu,1,37412396,2026-08-19T20:26:10+02:00,0
2026-08-20T2241Z,laliga,38,DEF,4-5-1,2390,Starfelt,Carl Starfelt,2,14065733,2026-08-19T20:26:10+02:00,0
2026-08-20T2241Z,laliga,38,DEF,4-5-1,255,Le Normand,Robin Le Normand,2,10591897,2026-08-19T20:26:10+02:00,0
2026-08-20T2241Z,laliga,38,DEF,4-5-1,1930,El Hilali,Omar El Hilali,2,9743295,2026-08-19T20:26:10+02:00,0
2026-08-20T2241Z,laliga,38,DEF,4-5-1,3123,Marcos Alonso,Marcos Alonso,2,28304295,2026-08-19T20:26:10+02:00,0
2026-08-20T2241Z,laliga,38,MED,4-5-1,2464,Pepelu,José Luis García Vayá,3,7669774,2026-08-19T20:26:10+02:00,0
2026-08-20T2241Z,laliga,38,MED,4-5-1,1070,De Galarreta,Inigo Ruiz de Galarreta,3,12770836,2026-08-19T20:26:10+02:00,0
2026-08-20T2241Z,laliga,38,MED,4-5-1,637,Moncayola,Jon Moncayola,3,6905144,2026-08-19T20:26:10+02:00,0
2026-08-20T2241Z,laliga,38,MED,4-5-1,2453,Agoumé,Lucien Agoumé,3,5678476,2026-08-19T20:26:10+02:00,0
2026-08-20T2241Z,laliga,38,MED,4-5-1,3099,Fornals,Pablo Fornals,3,56515936,2026-08-19T20:26:10+02:00,0
2026-08-20T2241Z,laliga,38,DEL,4-5-1,3002,Iñigo Vicente,Iñigo Vicente,4,19820874,2026-08-19T20:26:10+02:00,0
2026-08-20T2249Z,laliga,38,POR,4-5-1,2713,Ionut Radu,Ionut Radu,1,37412396,2026-08-19T20:26:10+02:00,0
2026-08-20T2249Z,laliga,38,DEF,4-5-1,2390,Starfelt,Carl Starfelt,2,14065733,2026-08-19T20:26:10+02:00,0
2026-08-20T2249Z,laliga,38,DEF,4-5-1,255,Le Normand,Robin Le Normand,2,10591897,2026-08-19T20:26:10+02:00,0
2026-08-20T2249Z,laliga,38,DEF,4-5-1,1930,El Hilali,Omar El Hilali,2,9743295,2026-08-19T20:26:10+02:00,0
2026-08-20T2249Z,laliga,38,DEF,4-5-1,3123,Marcos Alonso,Marcos Alonso,2,28304295,2026-08-19T20:26:10+02:00,0
2026-08-20T2249Z,laliga,38,MED,4-5-1,2464,Pepelu,José Luis García Vayá,3,7669774,2026-08-19T20:26:10+02:00,0
2026-08-20T2249Z,laliga,38,MED,4-5-1,1070,De Galarreta,Inigo Ruiz de Galarreta,3,12770836,2026-08-19T20:26:10+02:00,0
2026-08-20T2249Z,laliga,38,MED,4-5-1,637,Moncayola,Jon Moncayola,3,6905144,2026-08-19T20:26:10+02:00,0
2026-08-20T2249Z,laliga,38,MED,4-5-1,2453,Agoumé,Lucien Agoumé,3,5678476,2026-08-19T20:26:10+02:00,0
2026-08-20T2249Z,laliga,38,MED,4-5-1,3099,Fornals,Pablo Fornals,3,56515936,2026-08-19T20:26:10+02:00,0
2026-08-20T2249Z,laliga,38,DEL,4-5-1,3002,Iñigo Vicente,Iñigo Vicente,4,19820874,2026-08-19T20:26:10+02:00,0
2026-08-20T2250Z,laliga,38,POR,4-5-1,2713,Ionut Radu,Ionut Radu,1,37412396,2026-08-19T20:26:10+02:00,0
2026-08-20T2250Z,laliga,38,DEF,4-5-1,2390,Starfelt,Carl Starfelt,2,14065733,2026-08-19T20:26:10+02:00,0
2026-08-20T2250Z,laliga,38,DEF,4-5-1,255,Le Normand,Robin Le Normand,2,10591897,2026-08-19T20:26:10+02:00,0
2026-08-20T2250Z,laliga,38,DEF,4-5-1,1930,El Hilali,Omar El Hilali,2,9743295,2026-08-19T20:26:10+02:00,0
2026-08-20T2250Z,laliga,38,DEF,4-5-1,3123,Marcos Alonso,Marcos Alonso,2,28304295,2026-08-19T20:26:10+02:00,0
2026-08-20T2250Z,laliga,38,MED,4-5-1,2464,Pepelu,José Luis García Vayá,3,7669774,2026-08-19T20:26:10+02:00,0
2026-08-20T2250Z,laliga,38,MED,4-5-1,1070,De Galarreta,Inigo Ruiz de Galarreta,3,12770836,2026-08-19T20:26:10+02:00,0
2026-08-20T2250Z,laliga,38,MED,4-5-1,637,Moncayola,Jon Moncayola,3,6905144,2026-08-19T20:26:10+02:00,0
2026-08-20T2250Z,laliga,38,MED,4-5-1,2453,Agoumé,Lucien Agoumé,3,5678476,2026-08-19T20:26:10+02:00,0
2026-08-20T2250Z,laliga,38,MED,4-5-1,3099,Fornals,Pablo Fornals,3,56515936,2026-08-19T20:26:10+02:00,0
2026-08-20T2250Z,laliga,38,DEL,4-5-1,3002,Iñigo Vicente,Iñigo Vicente,4,19820874,2026-08-19T20:26:10+02:00,0
2026-08-20T2301Z,laliga,38,POR,4-5-1,2713,Ionut Radu,Ionut Radu,1,37412396,2026-08-19T20:26:10+02:00,0
2026-08-20T2301Z,laliga,38,DEF,4-5-1,2390,Starfelt,Carl Starfelt,2,14065733,2026-08-19T20:26:10+02:00,0
2026-08-20T2301Z,laliga,38,DEF,4-5-1,255,Le Normand,Robin Le Normand,2,10591897,2026-08-19T20:26:10+02:00,0
2026-08-20T2301Z,laliga,38,DEF,4-5-1,1930,El Hilali,Omar El Hilali,2,9743295,2026-08-19T20:26:10+02:00,0
2026-08-20T2301Z,laliga,38,DEF,4-5-1,3123,Marcos Alonso,Marcos Alonso,2,28304295,2026-08-19T20:26:10+02:00,0
2026-08-20T2301Z,laliga,38,MED,4-5-1,2464,Pepelu,José Luis García Vayá,3,7669774,2026-08-19T20:26:10+02:00,0
2026-08-20T2301Z,laliga,38,MED,4-5-1,1070,De Galarreta,Inigo Ruiz de Galarreta,3,12770836,2026-08-19T20:26:10+02:00,0
2026-08-20T2301Z,laliga,38,MED,4-5-1,637,Moncayola,Jon Moncayola,3,6905144,2026-08-19T20:26:10+02:00,0
2026-08-20T2301Z,laliga,38,MED,4-5-1,2453,Agoumé,Lucien Agoumé,3,5678476,2026-08-19T20:26:10+02:00,0
2026-08-20T2301Z,laliga,38,MED,4-5-1,3099,Fornals,Pablo Fornals,3,56515936,2026-08-19T20:26:10+02:00,0
2026-08-20T2301Z,laliga,38,DEL,4-5-1,3002,Iñigo Vicente,Iñigo Vicente,4,19820874,2026-08-19T20:26:10+02:00,0
2026-08-20T2307Z,laliga,38,POR,4-5-1,2713,Ionut Radu,Ionut Radu,1,37412396,2026-08-19T20:26:10+02:00,0
2026-08-20T2307Z,laliga,38,DEF,4-5-1,2390,Starfelt,Carl Starfelt,2,14065733,2026-08-19T20:26:10+02:00,0
2026-08-20T2307Z,laliga,38,DEF,4-5-1,255,Le Normand,Robin Le Normand,2,10591897,2026-08-19T20:26:10+02:00,0
2026-08-20T2307Z,laliga,38,DEF,4-5-1,1930,El Hilali,Omar El Hilali,2,9743295,2026-08-19T20:26:10+02:00,0
2026-08-20T2307Z,laliga,38,DEF,4-5-1,3123,Marcos Alonso,Marcos Alonso,2,28304295,2026-08-19T20:26:10+02:00,0
2026-08-20T2307Z,laliga,38,MED,4-5-1,2464,Pepelu,José Luis García Vayá,3,7669774,2026-08-19T20:26:10+02:00,0
2026-08-20T2307Z,laliga,38,MED,4-5-1,1070,De Galarreta,Inigo Ruiz de Galarreta,3,12770836,2026-08-19T20:26:10+02:00,0
2026-08-20T2307Z,laliga,38,MED,4-5-1,637,Moncayola,Jon Moncayola,3,6905144,2026-08-19T20:26:10+02:00,0
2026-08-20T2307Z,laliga,38,MED,4-5-1,2453,Agoumé,Lucien Agoumé,3,5678476,2026-08-19T20:26:10+02:00,0
2026-08-20T2307Z,laliga,38,MED,4-5-1,3099,Fornals,Pablo Fornals,3,56515936,2026-08-19T20:26:10+02:00,0
2026-08-20T2307Z,laliga,38,DEL,4-5-1,3002,Iñigo Vicente,Iñigo Vicente,4,19820874,2026-08-19T20:26:10+02:00,0
2026-08-20T2312Z,laliga,38,POR,4-5-1,2713,Ionut Radu,Ionut Radu,1,37412396,2026-08-19T20:26:10+02:00,0
2026-08-20T2312Z,laliga,38,DEF,4-5-1,2390,Starfelt,Carl Starfelt,2,14065733,2026-08-19T20:26:10+02:00,0
2026-08-20T2312Z,laliga,38,DEF,4-5-1,255,Le Normand,Robin Le Normand,2,10591897,2026-08-19T20:26:10+02:00,0
2026-08-20T2312Z,laliga,38,DEF,4-5-1,1930,El Hilali,Omar El Hilali,2,9743295,2026-08-19T20:26:10+02:00,0
2026-08-20T2312Z,laliga,38,DEF,4-5-1,3123,Marcos Alonso,Marcos Alonso,2,28304295,2026-08-19T20:26:10+02:00,0
2026-08-20T2312Z,laliga,38,MED,4-5-1,2464,Pepelu,José Luis García Vayá,3,7669774,2026-08-19T20:26:10+02:00,0
2026-08-20T2312Z,laliga,38,MED,4-5-1,1070,De Galarreta,Inigo Ruiz de Galarreta,3,12770836,2026-08-19T20:26:10+02:00,0
2026-08-20T2312Z,laliga,38,MED,4-5-1,637,Moncayola,Jon Moncayola,3,6905144,2026-08-19T20:26:10+02:00,0
2026-08-20T2312Z,laliga,38,MED,4-5-1,2453,Agoumé,Lucien Agoumé,3,5678476,2026-08-19T20:26:10+02:00,0
2026-08-20T2312Z,laliga,38,MED,4-5-1,3099,Fornals,Pablo Fornals,3,56515936,2026-08-19T20:26:10+02:00,0
2026-08-20T2312Z,laliga,38,DEL,4-5-1,3002,Iñigo Vicente,Iñigo Vicente,4,19820874,2026-08-19T20:26:10+02:00,0
2026-08-20T2320Z,laliga,38,POR,4-5-1,2713,Ionut Radu,Ionut Radu,1,37412396,2026-08-19T20:26:10+02:00,0
2026-08-20T2320Z,laliga,38,DEF,4-5-1,2390,Starfelt,Carl Starfelt,2,14065733,2026-08-19T20:26:10+02:00,0
2026-08-20T2320Z,laliga,38,DEF,4-5-1,255,Le Normand,Robin Le Normand,2,10591897,2026-08-19T20:26:10+02:00,0
2026-08-20T2320Z,laliga,38,DEF,4-5-1,1930,El Hilali,Omar El Hilali,2,9743295,2026-08-19T20:26:10+02:00,0
2026-08-20T2320Z,laliga,38,DEF,4-5-1,3123,Marcos Alonso,Marcos Alonso,2,28304295,2026-08-19T20:26:10+02:00,0
2026-08-20T2320Z,laliga,38,MED,4-5-1,2464,Pepelu,José Luis García Vayá,3,7669774,2026-08-19T20:26:10+02:00,0
2026-08-20T2320Z,laliga,38,MED,4-5-1,1070,De Galarreta,Inigo Ruiz de Galarreta,3,12770836,2026-08-19T20:26:10+02:00,0
2026-08-20T2320Z,laliga,38,MED,4-5-1,637,Moncayola,Jon Moncayola,3,6905144,2026-08-19T20:26:10+02:00,0
2026-08-20T2320Z,laliga,38,MED,4-5-1,2453,Agoumé,Lucien Agoumé,3,5678476,2026-08-19T20:26:10+02:00,0
2026-08-20T2320Z,laliga,38,MED,4-5-1,3099,Fornals,Pablo Fornals,3,56515936,2026-08-19T20:26:10+02:00,0
2026-08-20T2320Z,laliga,38,DEL,4-5-1,3002,Iñigo Vicente,Iñigo Vicente,4,19820874,2026-08-19T20:26:10+02:00,0
2026-08-21T0522Z,laliga,38,POR,4-5-1,2713,Ionut Radu,Ionut Radu,1,37412396,2026-08-19T20:26:10+02:00,0
2026-08-21T0522Z,laliga,38,DEF,4-5-1,2390,Starfelt,Carl Starfelt,2,14065733,2026-08-19T20:26:10+02:00,0
2026-08-21T0522Z,laliga,38,DEF,4-5-1,255,Le Normand,Robin Le Normand,2,10591897,2026-08-19T20:26:10+02:00,0
2026-08-21T0522Z,laliga,38,DEF,4-5-1,1930,El Hilali,Omar El Hilali,2,9743295,2026-08-19T20:26:10+02:00,0
2026-08-21T0522Z,laliga,38,DEF,4-5-1,3123,Marcos Alonso,Marcos Alonso,2,28304295,2026-08-19T20:26:10+02:00,0
2026-08-21T0522Z,laliga,38,MED,4-5-1,2464,Pepelu,José Luis García Vayá,3,7669774,2026-08-19T20:26:10+02:00,0
2026-08-21T0522Z,laliga,38,MED,4-5-1,1070,De Galarreta,Inigo Ruiz de Galarreta,3,12770836,2026-08-19T20:26:10+02:00,0
2026-08-21T0522Z,laliga,38,MED,4-5-1,637,Moncayola,Jon Moncayola,3,6905144,2026-08-19T20:26:10+02:00,0
2026-08-21T0522Z,laliga,38,MED,4-5-1,2453,Agoumé,Lucien Agoumé,3,5678476,2026-08-19T20:26:10+02:00,0
2026-08-21T0522Z,laliga,38,MED,4-5-1,3099,Fornals,Pablo Fornals,3,56515936,2026-08-19T20:26:10+02:00,0
2026-08-21T0522Z,laliga,38,DEL,4-5-1,3002,Iñigo Vicente,Iñigo Vicente,4,19820874,2026-08-19T20:26:10+02:00,0
2026-08-21T0534Z,laliga,38,POR,4-5-1,2713,Ionut Radu,Ionut Radu,1,37412396,2026-08-19T20:26:10+02:00,0
2026-08-21T0534Z,laliga,38,DEF,4-5-1,2390,Starfelt,Carl Starfelt,2,14065733,2026-08-19T20:26:10+02:00,0
2026-08-21T0534Z,laliga,38,DEF,4-5-1,255,Le Normand,Robin Le Normand,2,10591897,2026-08-19T20:26:10+02:00,0
2026-08-21T0534Z,laliga,38,DEF,4-5-1,1930,El Hilali,Omar El Hilali,2,9743295,2026-08-19T20:26:10+02:00,0
2026-08-21T0534Z,laliga,38,DEF,4-5-1,3123,Marcos Alonso,Marcos Alonso,2,28304295,2026-08-19T20:26:10+02:00,0
2026-08-21T0534Z,laliga,38,MED,4-5-1,2464,Pepelu,José Luis García Vayá,3,7669774,2026-08-19T20:26:10+02:00,0
2026-08-21T0534Z,laliga,38,MED,4-5-1,1070,De Galarreta,Inigo Ruiz de Galarreta,3,12770836,2026-08-19T20:26:10+02:00,0
2026-08-21T0534Z,laliga,38,MED,4-5-1,637,Moncayola,Jon Moncayola,3,6905144,2026-08-19T20:26:10+02:00,0
2026-08-21T0534Z,laliga,38,MED,4-5-1,2453,Agoumé,Lucien Agoumé,3,5678476,2026-08-19T20:26:10+02:00,0
2026-08-21T0534Z,laliga,38,MED,4-5-1,3099,Fornals,Pablo Fornals,3,56515936,2026-08-19T20:26:10+02:00,0
2026-08-21T0534Z,laliga,38,DEL,4-5-1,3002,Iñigo Vicente,Iñigo Vicente,4,19820874,2026-08-19T20:26:10+02:00,0
2026-08-21T0611Z,laliga,38,POR,4-5-1,2713,Ionut Radu,Ionut Radu,1,37412396,2026-08-19T20:26:10+02:00,0
2026-08-21T0611Z,laliga,38,DEF,4-5-1,2390,Starfelt,Carl Starfelt,2,14065733,2026-08-19T20:26:10+02:00,0
2026-08-21T0611Z,laliga,38,DEF,4-5-1,255,Le Normand,Robin Le Normand,2,10591897,2026-08-19T20:26:10+02:00,0
2026-08-21T0611Z,laliga,38,DEF,4-5-1,1930,El Hilali,Omar El Hilali,2,9743295,2026-08-19T20:26:10+02:00,0
2026-08-21T0611Z,laliga,38,DEF,4-5-1,3123,Marcos Alonso,Marcos Alonso,2,28304295,2026-08-19T20:26:10+02:00,0
2026-08-21T0611Z,laliga,38,MED,4-5-1,2464,Pepelu,José Luis García Vayá,3,7669774,2026-08-19T20:26:10+02:00,0
2026-08-21T0611Z,laliga,38,MED,4-5-1,1070,De Galarreta,Inigo Ruiz de Galarreta,3,12770836,2026-08-19T20:26:10+02:00,0
2026-08-21T0611Z,laliga,38,MED,4-5-1,637,Moncayola,Jon Moncayola,3,6905144,2026-08-19T20:26:10+02:00,0
2026-08-21T0611Z,laliga,38,MED,4-5-1,2453,Agoumé,Lucien Agoumé,3,5678476,2026-08-19T20:26:10+02:00,0
2026-08-21T0611Z,laliga,38,MED,4-5-1,3099,Fornals,Pablo Fornals,3,56515936,2026-08-19T20:26:10+02:00,0
2026-08-21T0611Z,laliga,38,DEL,4-5-1,3002,Iñigo Vicente,Iñigo Vicente,4,19820874,2026-08-19T20:26:10+02:00,0
2026-08-21T0630Z,laliga,38,POR,4-5-1,2713,Ionut Radu,Ionut Radu,1,37412396,2026-08-19T20:26:10+02:00,0
2026-08-21T0630Z,laliga,38,DEF,4-5-1,2390,Starfelt,Carl Starfelt,2,14065733,2026-08-19T20:26:10+02:00,0
2026-08-21T0630Z,laliga,38,DEF,4-5-1,255,Le Normand,Robin Le Normand,2,10591897,2026-08-19T20:26:10+02:00,0
2026-08-21T0630Z,laliga,38,DEF,4-5-1,1930,El Hilali,Omar El Hilali,2,9743295,2026-08-19T20:26:10+02:00,0
2026-08-21T0630Z,laliga,38,DEF,4-5-1,3123,Marcos Alonso,Marcos Alonso,2,28304295,2026-08-19T20:26:10+02:00,0
2026-08-21T0630Z,laliga,38,MED,4-5-1,2464,Pepelu,José Luis García Vayá,3,7669774,2026-08-19T20:26:10+02:00,0
2026-08-21T0630Z,laliga,38,MED,4-5-1,1070,De Galarreta,Inigo Ruiz de Galarreta,3,12770836,2026-08-19T20:26:10+02:00,0
2026-08-21T0630Z,laliga,38,MED,4-5-1,637,Moncayola,Jon Moncayola,3,6905144,2026-08-19T20:26:10+02:00,0
2026-08-21T0630Z,laliga,38,MED,4-5-1,2453,Agoumé,Lucien Agoumé,3,5678476,2026-08-19T20:26:10+02:00,0
2026-08-21T0630Z,laliga,38,MED,4-5-1,3099,Fornals,Pablo Fornals,3,56515936,2026-08-19T20:26:10+02:00,0
2026-08-21T0630Z,laliga,38,DEL,4-5-1,3002,Iñigo Vicente,Iñigo Vicente,4,19820874,2026-08-19T20:26:10+02:00,0
2026-08-21T1150Z,laliga,38,POR,4-5-1,2713,Ionut Radu,Ionut Radu,1,37412396,2026-08-19T20:26:10+02:00,0
2026-08-21T1150Z,laliga,38,DEF,4-5-1,2390,Starfelt,Carl Starfelt,2,14065733,2026-08-19T20:26:10+02:00,0
2026-08-21T1150Z,laliga,38,DEF,4-5-1,255,Le Normand,Robin Le Normand,2,10591897,2026-08-19T20:26:10+02:00,0
2026-08-21T1150Z,laliga,38,DEF,4-5-1,1930,El Hilali,Omar El Hilali,2,9743295,2026-08-19T20:26:10+02:00,0
2026-08-21T1150Z,laliga,38,DEF,4-5-1,3123,Marcos Alonso,Marcos Alonso,2,28304295,2026-08-19T20:26:10+02:00,0
2026-08-21T1150Z,laliga,38,MED,4-5-1,2464,Pepelu,José Luis García Vayá,3,7669774,2026-08-19T20:26:10+02:00,0
2026-08-21T1150Z,laliga,38,MED,4-5-1,1070,De Galarreta,Inigo Ruiz de Galarreta,3,12770836,2026-08-19T20:26:10+02:00,0
2026-08-21T1150Z,laliga,38,MED,4-5-1,637,Moncayola,Jon Moncayola,3,6905144,2026-08-19T20:26:10+02:00,0
2026-08-21T1150Z,laliga,38,MED,4-5-1,2453,Agoumé,Lucien Agoumé,3,5678476,2026-08-19T20:26:10+02:00,0
2026-08-21T1150Z,laliga,38,MED,4-5-1,3099,Fornals,Pablo Fornals,3,56515936,2026-08-19T20:26:10+02:00,0
2026-08-21T1150Z,laliga,38,DEL,4-5-1,3002,Iñigo Vicente,Iñigo Vicente,4,19820874,2026-08-19T20:26:10+02:00,0
2026-08-21T1232Z,laliga,38,POR,4-5-1,2713,Ionut Radu,Ionut Radu,1,37412396,2026-08-19T20:26:10+02:00,0
2026-08-21T1232Z,laliga,38,DEF,4-5-1,2390,Starfelt,Carl Starfelt,2,14065733,2026-08-19T20:26:10+02:00,0
2026-08-21T1232Z,laliga,38,DEF,4-5-1,255,Le Normand,Robin Le Normand,2,10591897,2026-08-19T20:26:10+02:00,0
2026-08-21T1232Z,laliga,38,DEF,4-5-1,1930,El Hilali,Omar El Hilali,2,9743295,2026-08-19T20:26:10+02:00,0
2026-08-21T1232Z,laliga,38,DEF,4-5-1,3123,Marcos Alonso,Marcos Alonso,2,28304295,2026-08-19T20:26:10+02:00,0
2026-08-21T1232Z,laliga,38,MED,4-5-1,2464,Pepelu,José Luis García Vayá,3,7669774,2026-08-19T20:26:10+02:00,0
2026-08-21T1232Z,laliga,38,MED,4-5-1,1070,De Galarreta,Inigo Ruiz de Galarreta,3,12770836,2026-08-19T20:26:10+02:00,0
2026-08-21T1232Z,laliga,38,MED,4-5-1,637,Moncayola,Jon Moncayola,3,6905144,2026-08-19T20:26:10+02:00,0
2026-08-21T1232Z,laliga,38,MED,4-5-1,2453,Agoumé,Lucien Agoumé,3,5678476,2026-08-19T20:26:10+02:00,0
2026-08-21T1232Z,laliga,38,MED,4-5-1,3099,Fornals,Pablo Fornals,3,56515936,2026-08-19T20:26:10+02:00,0
2026-08-21T1232Z,laliga,38,DEL,4-5-1,3002,Iñigo Vicente,Iñigo Vicente,4,19820874,2026-08-19T20:26:10+02:00,0
2026-08-21T1347Z,laliga,38,POR,4-5-1,2713,Ionut Radu,Ionut Radu,1,37412396,2026-08-19T20:26:10+02:00,0
2026-08-21T1347Z,laliga,38,DEF,4-5-1,2390,Starfelt,Carl Starfelt,2,14065733,2026-08-19T20:26:10+02:00,0
2026-08-21T1347Z,laliga,38,DEF,4-5-1,255,Le Normand,Robin Le Normand,2,10591897,2026-08-19T20:26:10+02:00,0
2026-08-21T1347Z,laliga,38,DEF,4-5-1,1930,El Hilali,Omar El Hilali,2,9743295,2026-08-19T20:26:10+02:00,0
2026-08-21T1347Z,laliga,38,DEF,4-5-1,3123,Marcos Alonso,Marcos Alonso,2,28304295,2026-08-19T20:26:10+02:00,0
2026-08-21T1347Z,laliga,38,MED,4-5-1,2464,Pepelu,José Luis García Vayá,3,7669774,2026-08-19T20:26:10+02:00,0
2026-08-21T1347Z,laliga,38,MED,4-5-1,1070,De Galarreta,Inigo Ruiz de Galarreta,3,12770836,2026-08-19T20:26:10+02:00,0
2026-08-21T1347Z,laliga,38,MED,4-5-1,637,Moncayola,Jon Moncayola,3,6905144,2026-08-19T20:26:10+02:00,0
2026-08-21T1347Z,laliga,38,MED,4-5-1,2453,Agoumé,Lucien Agoumé,3,5678476,2026-08-19T20:26:10+02:00,0
2026-08-21T1347Z,laliga,38,MED,4-5-1,3099,Fornals,Pablo Fornals,3,56515936,2026-08-19T20:26:10+02:00,0
2026-08-21T1347Z,laliga,38,DEL,4-5-1,3002,Iñigo Vicente,Iñigo Vicente,4,19820874,2026-08-19T20:26:10+02:00,0
2026-08-21T2127Z,laliga,38,POR,4-5-1,2713,Ionut Radu,Ionut Radu,1,37412396,2026-08-19T20:26:10+02:00,0
2026-08-21T2127Z,laliga,38,DEF,4-5-1,2390,Starfelt,Carl Starfelt,2,14065733,2026-08-19T20:26:10+02:00,0
2026-08-21T2127Z,laliga,38,DEF,4-5-1,255,Le Normand,Robin Le Normand,2,10591897,2026-08-19T20:26:10+02:00,0
2026-08-21T2127Z,laliga,38,DEF,4-5-1,1930,El Hilali,Omar El Hilali,2,9743295,2026-08-19T20:26:10+02:00,0
2026-08-21T2127Z,laliga,38,DEF,4-5-1,3123,Marcos Alonso,Marcos Alonso,2,28304295,2026-08-19T20:26:10+02:00,0
2026-08-21T2127Z,laliga,38,MED,4-5-1,2464,Pepelu,José Luis García Vayá,3,7669774,2026-08-19T20:26:10+02:00,0
2026-08-21T2127Z,laliga,38,MED,4-5-1,1070,De Galarreta,Inigo Ruiz de Galarreta,3,12770836,2026-08-19T20:26:10+02:00,0
2026-08-21T2127Z,laliga,38,MED,4-5-1,637,Moncayola,Jon Moncayola,3,6905144,2026-08-19T20:26:10+02:00,0
2026-08-21T2127Z,laliga,38,MED,4-5-1,2453,Agoumé,Lucien Agoumé,3,5678476,2026-08-19T20:26:10+02:00,0
2026-08-21T2127Z,laliga,38,MED,4-5-1,3099,Fornals,Pablo Fornals,3,56515936,2026-08-19T20:26:10+02:00,0
2026-08-21T2127Z,laliga,38,DEL,4-5-1,3002,Iñigo Vicente,Iñigo Vicente,4,19820874,2026-08-19T20:26:10+02:00,0
2026-08-22T0713Z,laliga,38,POR,4-5-1,2713,Ionut Radu,Ionut Radu,1,37412396,2026-08-19T20:26:10+02:00,0
2026-08-22T0713Z,laliga,38,DEF,4-5-1,2390,Starfelt,Carl Starfelt,2,14065733,2026-08-19T20:26:10+02:00,0
2026-08-22T0713Z,laliga,38,DEF,4-5-1,255,Le Normand,Robin Le Normand,2,10591897,2026-08-19T20:26:10+02:00,0
2026-08-22T0713Z,laliga,38,DEF,4-5-1,1930,El Hilali,Omar El Hilali,2,9743295,2026-08-19T20:26:10+02:00,0
2026-08-22T0713Z,laliga,38,DEF,4-5-1,3123,Marcos Alonso,Marcos Alonso,2,28304295,2026-08-19T20:26:10+02:00,0
2026-08-22T0713Z,laliga,38,MED,4-5-1,2464,Pepelu,José Luis García Vayá,3,7669774,2026-08-19T20:26:10+02:00,0
2026-08-22T0713Z,laliga,38,MED,4-5-1,1070,De Galarreta,Inigo Ruiz de Galarreta,3,12770836,2026-08-19T20:26:10+02:00,0
2026-08-22T0713Z,laliga,38,MED,4-5-1,637,Moncayola,Jon Moncayola,3,6905144,2026-08-19T20:26:10+02:00,0
2026-08-22T0713Z,laliga,38,MED,4-5-1,2453,Agoumé,Lucien Agoumé,3,5678476,2026-08-19T20:26:10+02:00,0
2026-08-22T0713Z,laliga,38,MED,4-5-1,3099,Fornals,Pablo Fornals,3,56515936,2026-08-19T20:26:10+02:00,0
2026-08-22T0713Z,laliga,38,DEL,4-5-1,3002,Iñigo Vicente,Iñigo Vicente,4,19820874,2026-08-19T20:26:10+02:00,0
2026-08-22T1501Z,laliga,38,POR,4-5-1,2713,Ionut Radu,Ionut Radu,1,37412396,2026-08-19T20:26:10+02:00,0
2026-08-22T1501Z,laliga,38,DEF,4-5-1,2390,Starfelt,Carl Starfelt,2,14065733,2026-08-19T20:26:10+02:00,0
2026-08-22T1501Z,laliga,38,DEF,4-5-1,255,Le Normand,Robin Le Normand,2,10591897,2026-08-19T20:26:10+02:00,0
2026-08-22T1501Z,laliga,38,DEF,4-5-1,1930,El Hilali,Omar El Hilali,2,9743295,2026-08-19T20:26:10+02:00,0
2026-08-22T1501Z,laliga,38,DEF,4-5-1,3123,Marcos Alonso,Marcos Alonso,2,28304295,2026-08-19T20:26:10+02:00,0
2026-08-22T1501Z,laliga,38,MED,4-5-1,2464,Pepelu,José Luis García Vayá,3,7669774,2026-08-19T20:26:10+02:00,0
2026-08-22T1501Z,laliga,38,MED,4-5-1,1070,De Galarreta,Inigo Ruiz de Galarreta,3,12770836,2026-08-19T20:26:10+02:00,0
2026-08-22T1501Z,laliga,38,MED,4-5-1,637,Moncayola,Jon Moncayola,3,6905144,2026-08-19T20:26:10+02:00,0
2026-08-22T1501Z,laliga,38,MED,4-5-1,2453,Agoumé,Lucien Agoumé,3,5678476,2026-08-19T20:26:10+02:00,0
2026-08-22T1501Z,laliga,38,MED,4-5-1,3099,Fornals,Pablo Fornals,3,56515936,2026-08-19T20:26:10+02:00,0
2026-08-22T1501Z,laliga,38,DEL,4-5-1,3002,Iñigo Vicente,Iñigo Vicente,4,19820874,2026-08-19T20:26:10+02:00,0
2026-08-22T1506Z,laliga,38,POR,5-4-1,2713,Ionut Radu,Ionut Radu,1,36378011,2026-08-22T17:05:15+02:00,0
2026-08-22T1506Z,laliga,38,DEF,5-4-1,2390,Starfelt,Carl Starfelt,2,13804691,2026-08-22T17:05:15+02:00,0
2026-08-22T1506Z,laliga,38,DEF,5-4-1,255,Le Normand,Robin Le Normand,2,12148000,2026-08-22T17:05:15+02:00,0
2026-08-22T1506Z,laliga,38,DEF,5-4-1,265,Zubeldia,Igor Zubeldia,2,10347676,2026-08-22T17:05:15+02:00,0
2026-08-22T1506Z,laliga,38,DEF,5-4-1,1930,El Hilali,Omar El Hilali,2,10794630,2026-08-22T17:05:15+02:00,0
2026-08-22T1506Z,laliga,38,DEF,5-4-1,3123,Marcos Alonso,Marcos Alonso,2,27538620,2026-08-22T17:05:15+02:00,0
2026-08-22T1506Z,laliga,38,MED,5-4-1,2464,Pepelu,José Luis García Vayá,3,7738924,2026-08-22T17:05:15+02:00,0
2026-08-22T1506Z,laliga,38,MED,5-4-1,637,Moncayola,Jon Moncayola,3,6844403,2026-08-22T17:05:15+02:00,0
2026-08-22T1506Z,laliga,38,MED,5-4-1,2453,Agoumé,Lucien Agoumé,3,5550051,2026-08-22T17:05:15+02:00,0
2026-08-22T1506Z,laliga,38,MED,5-4-1,3099,Fornals,Pablo Fornals,3,55847653,2026-08-22T17:05:15+02:00,0
2026-08-22T1506Z,laliga,38,DEL,5-4-1,3002,Iñigo Vicente,Iñigo Vicente,4,20445889,2026-08-22T17:05:15+02:00,0
2026-08-22T1532Z,laliga,38,POR,5-4-1,2713,Ionut Radu,Ionut Radu,1,36378011,2026-08-22T17:05:15+02:00,0
2026-08-22T1532Z,laliga,38,DEF,5-4-1,2390,Starfelt,Carl Starfelt,2,13804691,2026-08-22T17:05:15+02:00,0
2026-08-22T1532Z,laliga,38,DEF,5-4-1,255,Le Normand,Robin Le Normand,2,12148000,2026-08-22T17:05:15+02:00,0
2026-08-22T1532Z,laliga,38,DEF,5-4-1,265,Zubeldia,Igor Zubeldia,2,10347676,2026-08-22T17:05:15+02:00,0
2026-08-22T1532Z,laliga,38,DEF,5-4-1,1930,El Hilali,Omar El Hilali,2,10794630,2026-08-22T17:05:15+02:00,0
2026-08-22T1532Z,laliga,38,DEF,5-4-1,3123,Marcos Alonso,Marcos Alonso,2,27538620,2026-08-22T17:05:15+02:00,0
2026-08-22T1532Z,laliga,38,MED,5-4-1,2464,Pepelu,José Luis García Vayá,3,7738924,2026-08-22T17:05:15+02:00,0
2026-08-22T1532Z,laliga,38,MED,5-4-1,637,Moncayola,Jon Moncayola,3,6844403,2026-08-22T17:05:15+02:00,0
2026-08-22T1532Z,laliga,38,MED,5-4-1,2453,Agoumé,Lucien Agoumé,3,5550051,2026-08-22T17:05:15+02:00,0
2026-08-22T1532Z,laliga,38,MED,5-4-1,3099,Fornals,Pablo Fornals,3,55847653,2026-08-22T17:05:15+02:00,0
2026-08-22T1532Z,laliga,38,DEL,5-4-1,3002,Iñigo Vicente,Iñigo Vicente,4,20445889,2026-08-22T17:05:15+02:00,0
2026-08-22T1538Z,laliga,38,POR,5-4-1,2713,Ionut Radu,Ionut Radu,1,36378011,2026-08-22T17:05:15+02:00,0
2026-08-22T1538Z,laliga,38,DEF,5-4-1,2390,Starfelt,Carl Starfelt,2,13804691,2026-08-22T17:05:15+02:00,0
2026-08-22T1538Z,laliga,38,DEF,5-4-1,255,Le Normand,Robin Le Normand,2,12148000,2026-08-22T17:05:15+02:00,0
2026-08-22T1538Z,laliga,38,DEF,5-4-1,265,Zubeldia,Igor Zubeldia,2,10347676,2026-08-22T17:05:15+02:00,0
2026-08-22T1538Z,laliga,38,DEF,5-4-1,1930,El Hilali,Omar El Hilali,2,10794630,2026-08-22T17:05:15+02:00,0
2026-08-22T1538Z,laliga,38,DEF,5-4-1,3123,Marcos Alonso,Marcos Alonso,2,27538620,2026-08-22T17:05:15+02:00,0
2026-08-22T1538Z,laliga,38,MED,5-4-1,2464,Pepelu,José Luis García Vayá,3,7738924,2026-08-22T17:05:15+02:00,0
2026-08-22T1538Z,laliga,38,MED,5-4-1,637,Moncayola,Jon Moncayola,3,6844403,2026-08-22T17:05:15+02:00,0
2026-08-22T1538Z,laliga,38,MED,5-4-1,2453,Agoumé,Lucien Agoumé,3,5550051,2026-08-22T17:05:15+02:00,0
2026-08-22T1538Z,laliga,38,MED,5-4-1,3099,Fornals,Pablo Fornals,3,55847653,2026-08-22T17:05:15+02:00,0
2026-08-22T1538Z,laliga,38,DEL,5-4-1,3002,Iñigo Vicente,Iñigo Vicente,4,20445889,2026-08-22T17:05:15+02:00,0
2026-08-22T1607Z,laliga,38,POR,5-4-1,2713,Ionut Radu,Ionut Radu,1,36378011,2026-08-22T17:05:15+02:00,0
2026-08-22T1607Z,laliga,38,DEF,5-4-1,2390,Starfelt,Carl Starfelt,2,13804691,2026-08-22T17:05:15+02:00,0
2026-08-22T1607Z,laliga,38,DEF,5-4-1,255,Le Normand,Robin Le Normand,2,12148000,2026-08-22T17:05:15+02:00,0
2026-08-22T1607Z,laliga,38,DEF,5-4-1,265,Zubeldia,Igor Zubeldia,2,10347676,2026-08-22T17:05:15+02:00,0
2026-08-22T1607Z,laliga,38,DEF,5-4-1,1930,El Hilali,Omar El Hilali,2,10794630,2026-08-22T17:05:15+02:00,0
2026-08-22T1607Z,laliga,38,DEF,5-4-1,3123,Marcos Alonso,Marcos Alonso,2,27538620,2026-08-22T17:05:15+02:00,0
2026-08-22T1607Z,laliga,38,MED,5-4-1,2464,Pepelu,José Luis García Vayá,3,7738924,2026-08-22T17:05:15+02:00,0
2026-08-22T1607Z,laliga,38,MED,5-4-1,637,Moncayola,Jon Moncayola,3,6844403,2026-08-22T17:05:15+02:00,0
2026-08-22T1607Z,laliga,38,MED,5-4-1,2453,Agoumé,Lucien Agoumé,3,5550051,2026-08-22T17:05:15+02:00,0
2026-08-22T1607Z,laliga,38,MED,5-4-1,3099,Fornals,Pablo Fornals,3,55847653,2026-08-22T17:05:15+02:00,0
2026-08-22T1607Z,laliga,38,DEL,5-4-1,3002,Iñigo Vicente,Iñigo Vicente,4,20445889,2026-08-22T17:05:15+02:00,0
2026-08-22T1615Z,laliga,38,POR,5-4-1,2713,Ionut Radu,Ionut Radu,1,36378011,2026-08-22T17:05:15+02:00,0
2026-08-22T1615Z,laliga,38,DEF,5-4-1,2390,Starfelt,Carl Starfelt,2,13804691,2026-08-22T17:05:15+02:00,0
2026-08-22T1615Z,laliga,38,DEF,5-4-1,255,Le Normand,Robin Le Normand,2,12148000,2026-08-22T17:05:15+02:00,0
2026-08-22T1615Z,laliga,38,DEF,5-4-1,265,Zubeldia,Igor Zubeldia,2,10347676,2026-08-22T17:05:15+02:00,0
2026-08-22T1615Z,laliga,38,DEF,5-4-1,1930,El Hilali,Omar El Hilali,2,10794630,2026-08-22T17:05:15+02:00,0
2026-08-22T1615Z,laliga,38,DEF,5-4-1,3123,Marcos Alonso,Marcos Alonso,2,27538620,2026-08-22T17:05:15+02:00,0
2026-08-22T1615Z,laliga,38,MED,5-4-1,2464,Pepelu,José Luis García Vayá,3,7738924,2026-08-22T17:05:15+02:00,0
2026-08-22T1615Z,laliga,38,MED,5-4-1,637,Moncayola,Jon Moncayola,3,6844403,2026-08-22T17:05:15+02:00,0
2026-08-22T1615Z,laliga,38,MED,5-4-1,2453,Agoumé,Lucien Agoumé,3,5550051,2026-08-22T17:05:15+02:00,0
2026-08-22T1615Z,laliga,38,MED,5-4-1,3099,Fornals,Pablo Fornals,3,55847653,2026-08-22T17:05:15+02:00,0
2026-08-22T1615Z,laliga,38,DEL,5-4-1,3002,Iñigo Vicente,Iñigo Vicente,4,20445889,2026-08-22T17:05:15+02:00,0
2026-08-22T1617Z,laliga,38,POR,5-4-1,2713,Ionut Radu,Ionut Radu,1,36378011,2026-08-22T17:05:15+02:00,0
2026-08-22T1617Z,laliga,38,DEF,5-4-1,2390,Starfelt,Carl Starfelt,2,13804691,2026-08-22T17:05:15+02:00,0
2026-08-22T1617Z,laliga,38,DEF,5-4-1,255,Le Normand,Robin Le Normand,2,12148000,2026-08-22T17:05:15+02:00,0
2026-08-22T1617Z,laliga,38,DEF,5-4-1,265,Zubeldia,Igor Zubeldia,2,10347676,2026-08-22T17:05:15+02:00,0
2026-08-22T1617Z,laliga,38,DEF,5-4-1,1930,El Hilali,Omar El Hilali,2,10794630,2026-08-22T17:05:15+02:00,0
2026-08-22T1617Z,laliga,38,DEF,5-4-1,3123,Marcos Alonso,Marcos Alonso,2,27538620,2026-08-22T17:05:15+02:00,0
2026-08-22T1617Z,laliga,38,MED,5-4-1,2464,Pepelu,José Luis García Vayá,3,7738924,2026-08-22T17:05:15+02:00,0
2026-08-22T1617Z,laliga,38,MED,5-4-1,637,Moncayola,Jon Moncayola,3,6844403,2026-08-22T17:05:15+02:00,0
2026-08-22T1617Z,laliga,38,MED,5-4-1,2453,Agoumé,Lucien Agoumé,3,5550051,2026-08-22T17:05:15+02:00,0
2026-08-22T1617Z,laliga,38,MED,5-4-1,3099,Fornals,Pablo Fornals,3,55847653,2026-08-22T17:05:15+02:00,0
2026-08-22T1617Z,laliga,38,DEL,5-4-1,3002,Iñigo Vicente,Iñigo Vicente,4,20445889,2026-08-22T17:05:15+02:00,0
2026-08-22T1653Z,laliga,38,POR,5-4-1,2713,Ionut Radu,Ionut Radu,1,36378011,2026-08-22T17:05:15+02:00,0
2026-08-22T1653Z,laliga,38,DEF,5-4-1,2390,Starfelt,Carl Starfelt,2,13804691,2026-08-22T17:05:15+02:00,0
2026-08-22T1653Z,laliga,38,DEF,5-4-1,255,Le Normand,Robin Le Normand,2,12148000,2026-08-22T17:05:15+02:00,0
2026-08-22T1653Z,laliga,38,DEF,5-4-1,265,Zubeldia,Igor Zubeldia,2,10347676,2026-08-22T17:05:15+02:00,0
2026-08-22T1653Z,laliga,38,DEF,5-4-1,1930,El Hilali,Omar El Hilali,2,10794630,2026-08-22T17:05:15+02:00,0
2026-08-22T1653Z,laliga,38,DEF,5-4-1,3123,Marcos Alonso,Marcos Alonso,2,27538620,2026-08-22T17:05:15+02:00,0
2026-08-22T1653Z,laliga,38,MED,5-4-1,2464,Pepelu,José Luis García Vayá,3,7738924,2026-08-22T17:05:15+02:00,0
2026-08-22T1653Z,laliga,38,MED,5-4-1,637,Moncayola,Jon Moncayola,3,6844403,2026-08-22T17:05:15+02:00,0
2026-08-22T1653Z,laliga,38,MED,5-4-1,2453,Agoumé,Lucien Agoumé,3,5550051,2026-08-22T17:05:15+02:00,0
2026-08-22T1653Z,laliga,38,MED,5-4-1,3099,Fornals,Pablo Fornals,3,55847653,2026-08-22T17:05:15+02:00,0
2026-08-22T1653Z,laliga,38,DEL,5-4-1,3002,Iñigo Vicente,Iñigo Vicente,4,20445889,2026-08-22T17:05:15+02:00,0
2026-08-22T2215Z,laliga,38,POR,5-4-1,2713,Ionut Radu,Ionut Radu,1,36378011,2026-08-22T17:05:15+02:00,0
2026-08-22T2215Z,laliga,38,DEF,5-4-1,2390,Starfelt,Carl Starfelt,2,13804691,2026-08-22T17:05:15+02:00,0
2026-08-22T2215Z,laliga,38,DEF,5-4-1,255,Le Normand,Robin Le Normand,2,12148000,2026-08-22T17:05:15+02:00,0
2026-08-22T2215Z,laliga,38,DEF,5-4-1,265,Zubeldia,Igor Zubeldia,2,10347676,2026-08-22T17:05:15+02:00,0
2026-08-22T2215Z,laliga,38,DEF,5-4-1,1930,El Hilali,Omar El Hilali,2,10794630,2026-08-22T17:05:15+02:00,0
2026-08-22T2215Z,laliga,38,DEF,5-4-1,3123,Marcos Alonso,Marcos Alonso,2,27538620,2026-08-22T17:05:15+02:00,0
2026-08-22T2215Z,laliga,38,MED,5-4-1,2464,Pepelu,José Luis García Vayá,3,7738924,2026-08-22T17:05:15+02:00,0
2026-08-22T2215Z,laliga,38,MED,5-4-1,637,Moncayola,Jon Moncayola,3,6844403,2026-08-22T17:05:15+02:00,0
2026-08-22T2215Z,laliga,38,MED,5-4-1,2453,Agoumé,Lucien Agoumé,3,5550051,2026-08-22T17:05:15+02:00,0
2026-08-22T2215Z,laliga,38,MED,5-4-1,3099,Fornals,Pablo Fornals,3,55847653,2026-08-22T17:05:15+02:00,0
2026-08-22T2215Z,laliga,38,DEL,5-4-1,3002,Iñigo Vicente,Iñigo Vicente,4,20445889,2026-08-22T17:05:15+02:00,0
2026-08-22T2244Z,laliga,38,POR,5-4-1,2713,Ionut Radu,Ionut Radu,1,36378011,2026-08-22T17:05:15+02:00,0
2026-08-22T2244Z,laliga,38,DEF,5-4-1,2390,Starfelt,Carl Starfelt,2,13804691,2026-08-22T17:05:15+02:00,0
2026-08-22T2244Z,laliga,38,DEF,5-4-1,255,Le Normand,Robin Le Normand,2,12148000,2026-08-22T17:05:15+02:00,0
2026-08-22T2244Z,laliga,38,DEF,5-4-1,265,Zubeldia,Igor Zubeldia,2,10347676,2026-08-22T17:05:15+02:00,0
2026-08-22T2244Z,laliga,38,DEF,5-4-1,1930,El Hilali,Omar El Hilali,2,10794630,2026-08-22T17:05:15+02:00,0
2026-08-22T2244Z,laliga,38,DEF,5-4-1,3123,Marcos Alonso,Marcos Alonso,2,27538620,2026-08-22T17:05:15+02:00,0
2026-08-22T2244Z,laliga,38,MED,5-4-1,2464,Pepelu,José Luis García Vayá,3,7738924,2026-08-22T17:05:15+02:00,0
2026-08-22T2244Z,laliga,38,MED,5-4-1,637,Moncayola,Jon Moncayola,3,6844403,2026-08-22T17:05:15+02:00,0
2026-08-22T2244Z,laliga,38,MED,5-4-1,2453,Agoumé,Lucien Agoumé,3,5550051,2026-08-22T17:05:15+02:00,0
2026-08-22T2244Z,laliga,38,MED,5-4-1,3099,Fornals,Pablo Fornals,3,55847653,2026-08-22T17:05:15+02:00,0
2026-08-22T2244Z,laliga,38,DEL,5-4-1,3002,Iñigo Vicente,Iñigo Vicente,4,20445889,2026-08-22T17:05:15+02:00,0
2026-08-23T0737Z,laliga,38,POR,5-4-1,2713,Ionut Radu,Ionut Radu,1,36378011,2026-08-22T17:05:15+02:00,0
2026-08-23T0737Z,laliga,38,DEF,5-4-1,2390,Starfelt,Carl Starfelt,2,13804691,2026-08-22T17:05:15+02:00,0
2026-08-23T0737Z,laliga,38,DEF,5-4-1,255,Le Normand,Robin Le Normand,2,12148000,2026-08-22T17:05:15+02:00,0
2026-08-23T0737Z,laliga,38,DEF,5-4-1,265,Zubeldia,Igor Zubeldia,2,10347676,2026-08-22T17:05:15+02:00,0
2026-08-23T0737Z,laliga,38,DEF,5-4-1,1930,El Hilali,Omar El Hilali,2,10794630,2026-08-22T17:05:15+02:00,0
2026-08-23T0737Z,laliga,38,DEF,5-4-1,3123,Marcos Alonso,Marcos Alonso,2,27538620,2026-08-22T17:05:15+02:00,0
2026-08-23T0737Z,laliga,38,MED,5-4-1,2464,Pepelu,José Luis García Vayá,3,7738924,2026-08-22T17:05:15+02:00,0
2026-08-23T0737Z,laliga,38,MED,5-4-1,637,Moncayola,Jon Moncayola,3,6844403,2026-08-22T17:05:15+02:00,0
2026-08-23T0737Z,laliga,38,MED,5-4-1,2453,Agoumé,Lucien Agoumé,3,5550051,2026-08-22T17:05:15+02:00,0
2026-08-23T0737Z,laliga,38,MED,5-4-1,3099,Fornals,Pablo Fornals,3,55847653,2026-08-22T17:05:15+02:00,0
2026-08-23T0737Z,laliga,38,DEL,5-4-1,3002,Iñigo Vicente,Iñigo Vicente,4,20445889,2026-08-22T17:05:15+02:00,0
2026-08-23T1149Z,laliga,38,POR,5-4-1,2713,Ionut Radu,Ionut Radu,1,36378011,2026-08-22T17:05:15+02:00,0
2026-08-23T1149Z,laliga,38,DEF,5-4-1,2390,Starfelt,Carl Starfelt,2,13804691,2026-08-22T17:05:15+02:00,0
2026-08-23T1149Z,laliga,38,DEF,5-4-1,255,Le Normand,Robin Le Normand,2,12148000,2026-08-22T17:05:15+02:00,0
2026-08-23T1149Z,laliga,38,DEF,5-4-1,265,Zubeldia,Igor Zubeldia,2,10347676,2026-08-22T17:05:15+02:00,0
2026-08-23T1149Z,laliga,38,DEF,5-4-1,1930,El Hilali,Omar El Hilali,2,10794630,2026-08-22T17:05:15+02:00,0
2026-08-23T1149Z,laliga,38,DEF,5-4-1,3123,Marcos Alonso,Marcos Alonso,2,27538620,2026-08-22T17:05:15+02:00,0
2026-08-23T1149Z,laliga,38,MED,5-4-1,2464,Pepelu,José Luis García Vayá,3,7738924,2026-08-22T17:05:15+02:00,0
2026-08-23T1149Z,laliga,38,MED,5-4-1,637,Moncayola,Jon Moncayola,3,6844403,2026-08-22T17:05:15+02:00,0
2026-08-23T1149Z,laliga,38,MED,5-4-1,2453,Agoumé,Lucien Agoumé,3,5550051,2026-08-22T17:05:15+02:00,0
2026-08-23T1149Z,laliga,38,MED,5-4-1,3099,Fornals,Pablo Fornals,3,55847653,2026-08-22T17:05:15+02:00,0
2026-08-23T1149Z,laliga,38,DEL,5-4-1,3002,Iñigo Vicente,Iñigo Vicente,4,20445889,2026-08-22T17:05:15+02:00,0
2026-08-23T1228Z,laliga,38,POR,5-4-1,2713,Ionut Radu,Ionut Radu,1,36378011,2026-08-22T17:05:15+02:00,0
2026-08-23T1228Z,laliga,38,DEF,5-4-1,2390,Starfelt,Carl Starfelt,2,13804691,2026-08-22T17:05:15+02:00,0
2026-08-23T1228Z,laliga,38,DEF,5-4-1,255,Le Normand,Robin Le Normand,2,12148000,2026-08-22T17:05:15+02:00,0
2026-08-23T1228Z,laliga,38,DEF,5-4-1,265,Zubeldia,Igor Zubeldia,2,10347676,2026-08-22T17:05:15+02:00,0
2026-08-23T1228Z,laliga,38,DEF,5-4-1,1930,El Hilali,Omar El Hilali,2,10794630,2026-08-22T17:05:15+02:00,0
2026-08-23T1228Z,laliga,38,DEF,5-4-1,3123,Marcos Alonso,Marcos Alonso,2,27538620,2026-08-22T17:05:15+02:00,0
2026-08-23T1228Z,laliga,38,MED,5-4-1,2464,Pepelu,José Luis García Vayá,3,7738924,2026-08-22T17:05:15+02:00,0
2026-08-23T1228Z,laliga,38,MED,5-4-1,637,Moncayola,Jon Moncayola,3,6844403,2026-08-22T17:05:15+02:00,0
2026-08-23T1228Z,laliga,38,MED,5-4-1,2453,Agoumé,Lucien Agoumé,3,5550051,2026-08-22T17:05:15+02:00,0
2026-08-23T1228Z,laliga,38,MED,5-4-1,3099,Fornals,Pablo Fornals,3,55847653,2026-08-22T17:05:15+02:00,0
2026-08-23T1228Z,laliga,38,DEL,5-4-1,3002,Iñigo Vicente,Iñigo Vicente,4,20445889,2026-08-22T17:05:15+02:00,0
2026-08-23T2215Z,laliga,38,POR,4-5-1,2713,Ionut Radu,Ionut Radu,1,35902314,2026-08-23T22:27:24+02:00,0
2026-08-23T2215Z,laliga,38,DEF,4-5-1,2390,Starfelt,Carl Starfelt,2,13326565,2026-08-23T22:27:24+02:00,0
2026-08-23T2215Z,laliga,38,DEF,4-5-1,265,Zubeldia,Igor Zubeldia,2,10122272,2026-08-23T22:27:24+02:00,0
2026-08-23T2215Z,laliga,38,DEF,4-5-1,1930,El Hilali,Omar El Hilali,2,11373080,2026-08-23T22:27:24+02:00,0
2026-08-23T2215Z,laliga,38,DEF,4-5-1,3123,Marcos Alonso,Marcos Alonso,2,27712836,2026-08-23T22:27:24+02:00,0
2026-08-23T2215Z,laliga,38,MED,4-5-1,2464,Pepelu,José Luis García Vayá,3,7936734,2026-08-23T22:27:24+02:00,0
2026-08-23T2215Z,laliga,38,MED,4-5-1,637,Moncayola,Jon Moncayola,3,6696460,2026-08-23T22:27:24+02:00,0
2026-08-23T2215Z,laliga,38,MED,4-5-1,2453,Agoumé,Lucien Agoumé,3,5705705,2026-08-23T22:27:24+02:00,0
2026-08-23T2215Z,laliga,38,MED,4-5-1,3099,Fornals,Pablo Fornals,3,57499669,2026-08-23T22:27:24+02:00,0
2026-08-23T2215Z,laliga,38,MED,4-5-1,3128,Guido Rodríguez,Guido Rodríguez,3,23542914,2026-08-23T22:27:24+02:00,0
2026-08-23T2215Z,laliga,38,DEL,4-5-1,3002,Iñigo Vicente,Iñigo Vicente,4,20741999,2026-08-23T22:27:24+02:00,0
2026-08-23T2243Z,laliga,38,POR,4-5-1,2713,Ionut Radu,Ionut Radu,1,35902314,2026-08-24T00:21:24+02:00,0
2026-08-23T2243Z,laliga,38,DEF,4-5-1,2390,Starfelt,Carl Starfelt,2,13326565,2026-08-24T00:21:24+02:00,0
2026-08-23T2243Z,laliga,38,DEF,4-5-1,265,Zubeldia,Igor Zubeldia,2,10122272,2026-08-24T00:21:24+02:00,0
2026-08-23T2243Z,laliga,38,DEF,4-5-1,1930,El Hilali,Omar El Hilali,2,11373080,2026-08-24T00:21:24+02:00,0
2026-08-23T2243Z,laliga,38,DEF,4-5-1,3123,Marcos Alonso,Marcos Alonso,2,27712836,2026-08-24T00:21:24+02:00,0
2026-08-23T2243Z,laliga,38,MED,4-5-1,637,Moncayola,Jon Moncayola,3,6696460,2026-08-24T00:21:24+02:00,0
2026-08-23T2243Z,laliga,38,MED,4-5-1,2453,Agoumé,Lucien Agoumé,3,5705705,2026-08-24T00:21:24+02:00,0
2026-08-23T2243Z,laliga,38,MED,4-5-1,3099,Fornals,Pablo Fornals,3,57499669,2026-08-24T00:21:24+02:00,0
2026-08-23T2243Z,laliga,38,MED,4-5-1,2639,M. Román,Miguel Román,3,5085264,2026-08-24T00:21:24+02:00,0
2026-08-23T2243Z,laliga,38,MED,4-5-1,3128,Guido Rodríguez,Guido Rodríguez,3,23542914,2026-08-24T00:21:24+02:00,0
2026-08-23T2243Z,laliga,38,DEL,4-5-1,3002,Iñigo Vicente,Iñigo Vicente,4,20741999,2026-08-24T00:21:24+02:00,0
2026-08-24T0624Z,laliga,38,POR,4-5-1,2713,Ionut Radu,Ionut Radu,1,35902314,2026-08-24T00:21:24+02:00,0
2026-08-24T0624Z,laliga,38,DEF,4-5-1,2390,Starfelt,Carl Starfelt,2,13326565,2026-08-24T00:21:24+02:00,0
2026-08-24T0624Z,laliga,38,DEF,4-5-1,265,Zubeldia,Igor Zubeldia,2,10122272,2026-08-24T00:21:24+02:00,0
2026-08-24T0624Z,laliga,38,DEF,4-5-1,1930,El Hilali,Omar El Hilali,2,11373080,2026-08-24T00:21:24+02:00,0
2026-08-24T0624Z,laliga,38,DEF,4-5-1,3123,Marcos Alonso,Marcos Alonso,2,27712836,2026-08-24T00:21:24+02:00,0
2026-08-24T0624Z,laliga,38,MED,4-5-1,637,Moncayola,Jon Moncayola,3,6696460,2026-08-24T00:21:24+02:00,0
2026-08-24T0624Z,laliga,38,MED,4-5-1,2453,Agoumé,Lucien Agoumé,3,5705705,2026-08-24T00:21:24+02:00,0
2026-08-24T0624Z,laliga,38,MED,4-5-1,3099,Fornals,Pablo Fornals,3,57499669,2026-08-24T00:21:24+02:00,0
2026-08-24T0624Z,laliga,38,MED,4-5-1,2639,M. Román,Miguel Román,3,5085264,2026-08-24T00:21:24+02:00,0
2026-08-24T0624Z,laliga,38,MED,4-5-1,3128,Guido Rodríguez,Guido Rodríguez,3,23542914,2026-08-24T00:21:24+02:00,0
2026-08-24T0624Z,laliga,38,DEL,4-5-1,3002,Iñigo Vicente,Iñigo Vicente,4,20741999,2026-08-24T00:21:24+02:00,0
2026-08-24T0952Z,laliga,38,POR,4-5-1,2713,Ionut Radu,Ionut Radu,1,35902314,2026-08-24T00:21:24+02:00,0
2026-08-24T0952Z,laliga,38,DEF,4-5-1,2390,Starfelt,Carl Starfelt,2,13326565,2026-08-24T00:21:24+02:00,0
2026-08-24T0952Z,laliga,38,DEF,4-5-1,265,Zubeldia,Igor Zubeldia,2,10122272,2026-08-24T00:21:24+02:00,0
2026-08-24T0952Z,laliga,38,DEF,4-5-1,1930,El Hilali,Omar El Hilali,2,11373080,2026-08-24T00:21:24+02:00,0
2026-08-24T0952Z,laliga,38,DEF,4-5-1,3123,Marcos Alonso,Marcos Alonso,2,27712836,2026-08-24T00:21:24+02:00,0
2026-08-24T0952Z,laliga,38,MED,4-5-1,637,Moncayola,Jon Moncayola,3,6696460,2026-08-24T00:21:24+02:00,0
2026-08-24T0952Z,laliga,38,MED,4-5-1,2453,Agoumé,Lucien Agoumé,3,5705705,2026-08-24T00:21:24+02:00,0
2026-08-24T0952Z,laliga,38,MED,4-5-1,3099,Fornals,Pablo Fornals,3,57499669,2026-08-24T00:21:24+02:00,0
2026-08-24T0952Z,laliga,38,MED,4-5-1,2639,M. Román,Miguel Román,3,5085264,2026-08-24T00:21:24+02:00,0
2026-08-24T0952Z,laliga,38,MED,4-5-1,3128,Guido Rodríguez,Guido Rodríguez,3,23542914,2026-08-24T00:21:24+02:00,0
2026-08-24T0952Z,laliga,38,DEL,4-5-1,3002,Iñigo Vicente,Iñigo Vicente,4,20741999,2026-08-24T00:21:24+02:00,0
2026-08-24T1205Z,laliga,38,POR,4-5-1,2713,Ionut Radu,Ionut Radu,1,35902314,2026-08-24T00:21:24+02:00,0
2026-08-24T1205Z,laliga,38,DEF,4-5-1,2390,Starfelt,Carl Starfelt,2,13326565,2026-08-24T00:21:24+02:00,0
2026-08-24T1205Z,laliga,38,DEF,4-5-1,265,Zubeldia,Igor Zubeldia,2,10122272,2026-08-24T00:21:24+02:00,0
2026-08-24T1205Z,laliga,38,DEF,4-5-1,1930,El Hilali,Omar El Hilali,2,11373080,2026-08-24T00:21:24+02:00,0
2026-08-24T1205Z,laliga,38,DEF,4-5-1,3123,Marcos Alonso,Marcos Alonso,2,27712836,2026-08-24T00:21:24+02:00,0
2026-08-24T1205Z,laliga,38,MED,4-5-1,637,Moncayola,Jon Moncayola,3,6696460,2026-08-24T00:21:24+02:00,0
2026-08-24T1205Z,laliga,38,MED,4-5-1,2453,Agoumé,Lucien Agoumé,3,5705705,2026-08-24T00:21:24+02:00,0
2026-08-24T1205Z,laliga,38,MED,4-5-1,3099,Fornals,Pablo Fornals,3,57499669,2026-08-24T00:21:24+02:00,0
2026-08-24T1205Z,laliga,38,MED,4-5-1,2639,M. Román,Miguel Román,3,5085264,2026-08-24T00:21:24+02:00,0
2026-08-24T1205Z,laliga,38,MED,4-5-1,3128,Guido Rodríguez,Guido Rodríguez,3,23542914,2026-08-24T00:21:24+02:00,0
2026-08-24T1205Z,laliga,38,DEL,4-5-1,3002,Iñigo Vicente,Iñigo Vicente,4,20741999,2026-08-24T00:21:24+02:00,0
2026-08-24T2202Z,laliga,38,POR,4-5-1,2713,Ionut Radu,Ionut Radu,1,35902314,2026-08-24T00:21:24+02:00,0
2026-08-24T2202Z,laliga,38,DEF,4-5-1,2390,Starfelt,Carl Starfelt,2,13326565,2026-08-24T00:21:24+02:00,0
2026-08-24T2202Z,laliga,38,DEF,4-5-1,265,Zubeldia,Igor Zubeldia,2,10122272,2026-08-24T00:21:24+02:00,0
2026-08-24T2202Z,laliga,38,DEF,4-5-1,1930,El Hilali,Omar El Hilali,2,11373080,2026-08-24T00:21:24+02:00,0
2026-08-24T2202Z,laliga,38,DEF,4-5-1,3123,Marcos Alonso,Marcos Alonso,2,27712836,2026-08-24T00:21:24+02:00,0
2026-08-24T2202Z,laliga,38,MED,4-5-1,637,Moncayola,Jon Moncayola,3,6696460,2026-08-24T00:21:24+02:00,0
2026-08-24T2202Z,laliga,38,MED,4-5-1,2453,Agoumé,Lucien Agoumé,3,5705705,2026-08-24T00:21:24+02:00,0
2026-08-24T2202Z,laliga,38,MED,4-5-1,3099,Fornals,Pablo Fornals,3,57499669,2026-08-24T00:21:24+02:00,0
2026-08-24T2202Z,laliga,38,MED,4-5-1,2639,M. Román,Miguel Román,3,5085264,2026-08-24T00:21:24+02:00,0
2026-08-24T2202Z,laliga,38,MED,4-5-1,3128,Guido Rodríguez,Guido Rodríguez,3,23542914,2026-08-24T00:21:24+02:00,0
2026-08-24T2202Z,laliga,38,DEL,4-5-1,3002,Iñigo Vicente,Iñigo Vicente,4,20741999,2026-08-24T00:21:24+02:00,0
2026-08-24T2326Z,laliga,38,POR,4-5-1,2713,Ionut Radu,Ionut Radu,1,35902314,2026-08-24T00:21:24+02:00,0
2026-08-24T2326Z,laliga,38,DEF,4-5-1,2390,Starfelt,Carl Starfelt,2,13326565,2026-08-24T00:21:24+02:00,0
2026-08-24T2326Z,laliga,38,DEF,4-5-1,265,Zubeldia,Igor Zubeldia,2,10122272,2026-08-24T00:21:24+02:00,0
2026-08-24T2326Z,laliga,38,DEF,4-5-1,1930,El Hilali,Omar El Hilali,2,11373080,2026-08-24T00:21:24+02:00,0
2026-08-24T2326Z,laliga,38,DEF,4-5-1,3123,Marcos Alonso,Marcos Alonso,2,27712836,2026-08-24T00:21:24+02:00,0
2026-08-24T2326Z,laliga,38,MED,4-5-1,637,Moncayola,Jon Moncayola,3,6696460,2026-08-24T00:21:24+02:00,0
2026-08-24T2326Z,laliga,38,MED,4-5-1,2453,Agoumé,Lucien Agoumé,3,5705705,2026-08-24T00:21:24+02:00,0
2026-08-24T2326Z,laliga,38,MED,4-5-1,3099,Fornals,Pablo Fornals,3,57499669,2026-08-24T00:21:24+02:00,0
2026-08-24T2326Z,laliga,38,MED,4-5-1,2639,M. Román,Miguel Román,3,5085264,2026-08-24T00:21:24+02:00,0
2026-08-24T2326Z,laliga,38,MED,4-5-1,3128,Guido Rodríguez,Guido Rodríguez,3,23542914,2026-08-24T00:21:24+02:00,0
2026-08-24T2326Z,laliga,38,DEL,4-5-1,3002,Iñigo Vicente,Iñigo Vicente,4,20741999,2026-08-24T00:21:24+02:00,0
2026-08-25T0050Z,laliga,38,POR,4-5-1,2713,Ionut Radu,Ionut Radu,1,35902314,2026-08-24T00:21:24+02:00,0
2026-08-25T0050Z,laliga,38,DEF,4-5-1,2390,Starfelt,Carl Starfelt,2,13326565,2026-08-24T00:21:24+02:00,0
2026-08-25T0050Z,laliga,38,DEF,4-5-1,265,Zubeldia,Igor Zubeldia,2,10122272,2026-08-24T00:21:24+02:00,0
2026-08-25T0050Z,laliga,38,DEF,4-5-1,1930,El Hilali,Omar El Hilali,2,11373080,2026-08-24T00:21:24+02:00,0
2026-08-25T0050Z,laliga,38,DEF,4-5-1,3123,Marcos Alonso,Marcos Alonso,2,27712836,2026-08-24T00:21:24+02:00,0
2026-08-25T0050Z,laliga,38,MED,4-5-1,637,Moncayola,Jon Moncayola,3,6696460,2026-08-24T00:21:24+02:00,0
2026-08-25T0050Z,laliga,38,MED,4-5-1,2453,Agoumé,Lucien Agoumé,3,5705705,2026-08-24T00:21:24+02:00,0
2026-08-25T0050Z,laliga,38,MED,4-5-1,3099,Fornals,Pablo Fornals,3,57499669,2026-08-24T00:21:24+02:00,0
2026-08-25T0050Z,laliga,38,MED,4-5-1,2639,M. Román,Miguel Román,3,5085264,2026-08-24T00:21:24+02:00,0
2026-08-25T0050Z,laliga,38,MED,4-5-1,3128,Guido Rodríguez,Guido Rodríguez,3,23542914,2026-08-24T00:21:24+02:00,0
2026-08-25T0050Z,laliga,38,DEL,4-5-1,3002,Iñigo Vicente,Iñigo Vicente,4,20741999,2026-08-24T00:21:24+02:00,0
2026-08-25T0424Z,laliga,38,POR,4-5-1,2713,Ionut Radu,Ionut Radu,1,35902314,2026-08-24T00:21:24+02:00,0
2026-08-25T0424Z,laliga,38,DEF,4-5-1,2390,Starfelt,Carl Starfelt,2,13326565,2026-08-24T00:21:24+02:00,0
2026-08-25T0424Z,laliga,38,DEF,4-5-1,265,Zubeldia,Igor Zubeldia,2,10122272,2026-08-24T00:21:24+02:00,0
2026-08-25T0424Z,laliga,38,DEF,4-5-1,1930,El Hilali,Omar El Hilali,2,11373080,2026-08-24T00:21:24+02:00,0
2026-08-25T0424Z,laliga,38,DEF,4-5-1,3123,Marcos Alonso,Marcos Alonso,2,27712836,2026-08-24T00:21:24+02:00,0
2026-08-25T0424Z,laliga,38,MED,4-5-1,637,Moncayola,Jon Moncayola,3,6696460,2026-08-24T00:21:24+02:00,0
2026-08-25T0424Z,laliga,38,MED,4-5-1,2453,Agoumé,Lucien Agoumé,3,5705705,2026-08-24T00:21:24+02:00,0
2026-08-25T0424Z,laliga,38,MED,4-5-1,3099,Fornals,Pablo Fornals,3,57499669,2026-08-24T00:21:24+02:00,0
2026-08-25T0424Z,laliga,38,MED,4-5-1,2639,M. Román,Miguel Román,3,5085264,2026-08-24T00:21:24+02:00,0
2026-08-25T0424Z,laliga,38,MED,4-5-1,3128,Guido Rodríguez,Guido Rodríguez,3,23542914,2026-08-24T00:21:24+02:00,0
2026-08-25T0424Z,laliga,38,DEL,4-5-1,3002,Iñigo Vicente,Iñigo Vicente,4,20741999,2026-08-24T00:21:24+02:00,0
2026-08-25T1359Z,laliga,38,POR,4-5-1,2713,Ionut Radu,Ionut Radu,1,35902314,2026-08-24T00:21:24+02:00,0
2026-08-25T1359Z,laliga,38,DEF,4-5-1,2390,Starfelt,Carl Starfelt,2,13326565,2026-08-24T00:21:24+02:00,0
2026-08-25T1359Z,laliga,38,DEF,4-5-1,265,Zubeldia,Igor Zubeldia,2,10122272,2026-08-24T00:21:24+02:00,0
2026-08-25T1359Z,laliga,38,DEF,4-5-1,1930,El Hilali,Omar El Hilali,2,11373080,2026-08-24T00:21:24+02:00,0
2026-08-25T1359Z,laliga,38,DEF,4-5-1,3123,Marcos Alonso,Marcos Alonso,2,27712836,2026-08-24T00:21:24+02:00,0
2026-08-25T1359Z,laliga,38,MED,4-5-1,637,Moncayola,Jon Moncayola,3,6696460,2026-08-24T00:21:24+02:00,0
2026-08-25T1359Z,laliga,38,MED,4-5-1,2453,Agoumé,Lucien Agoumé,3,5705705,2026-08-24T00:21:24+02:00,0
2026-08-25T1359Z,laliga,38,MED,4-5-1,3099,Fornals,Pablo Fornals,3,57499669,2026-08-24T00:21:24+02:00,0
2026-08-25T1359Z,laliga,38,MED,4-5-1,2639,M. Román,Miguel Román,3,5085264,2026-08-24T00:21:24+02:00,0
2026-08-25T1359Z,laliga,38,MED,4-5-1,3128,Guido Rodríguez,Guido Rodríguez,3,23542914,2026-08-24T00:21:24+02:00,0
2026-08-25T1359Z,laliga,38,DEL,4-5-1,3002,Iñigo Vicente,Iñigo Vicente,4,20741999,2026-08-24T00:21:24+02:00,0
2026-08-25T1516Z,laliga,38,POR,4-5-1,2713,Ionut Radu,Ionut Radu,1,35902314,2026-08-24T00:21:24+02:00,0
2026-08-25T1516Z,laliga,38,DEF,4-5-1,2390,Starfelt,Carl Starfelt,2,13326565,2026-08-24T00:21:24+02:00,0
2026-08-25T1516Z,laliga,38,DEF,4-5-1,265,Zubeldia,Igor Zubeldia,2,10122272,2026-08-24T00:21:24+02:00,0
2026-08-25T1516Z,laliga,38,DEF,4-5-1,1930,El Hilali,Omar El Hilali,2,11373080,2026-08-24T00:21:24+02:00,0
2026-08-25T1516Z,laliga,38,DEF,4-5-1,3123,Marcos Alonso,Marcos Alonso,2,27712836,2026-08-24T00:21:24+02:00,0
2026-08-25T1516Z,laliga,38,MED,4-5-1,637,Moncayola,Jon Moncayola,3,6696460,2026-08-24T00:21:24+02:00,0
2026-08-25T1516Z,laliga,38,MED,4-5-1,2453,Agoumé,Lucien Agoumé,3,5705705,2026-08-24T00:21:24+02:00,0
2026-08-25T1516Z,laliga,38,MED,4-5-1,3099,Fornals,Pablo Fornals,3,57499669,2026-08-24T00:21:24+02:00,0
2026-08-25T1516Z,laliga,38,MED,4-5-1,2639,M. Román,Miguel Román,3,5085264,2026-08-24T00:21:24+02:00,0
2026-08-25T1516Z,laliga,38,MED,4-5-1,3128,Guido Rodríguez,Guido Rodríguez,3,23542914,2026-08-24T00:21:24+02:00,0
2026-08-25T1516Z,laliga,38,DEL,4-5-1,3002,Iñigo Vicente,Iñigo Vicente,4,20741999,2026-08-24T00:21:24+02:00,0
2026-08-25T1724Z,laliga,38,POR,4-5-1,2713,Ionut Radu,Ionut Radu,1,35902314,2026-08-24T00:21:24+02:00,0
2026-08-25T1724Z,laliga,38,DEF,4-5-1,2390,Starfelt,Carl Starfelt,2,13326565,2026-08-24T00:21:24+02:00,0
2026-08-25T1724Z,laliga,38,DEF,4-5-1,265,Zubeldia,Igor Zubeldia,2,10122272,2026-08-24T00:21:24+02:00,0
2026-08-25T1724Z,laliga,38,DEF,4-5-1,1930,El Hilali,Omar El Hilali,2,11373080,2026-08-24T00:21:24+02:00,0
2026-08-25T1724Z,laliga,38,DEF,4-5-1,3123,Marcos Alonso,Marcos Alonso,2,27712836,2026-08-24T00:21:24+02:00,0
2026-08-25T1724Z,laliga,38,MED,4-5-1,637,Moncayola,Jon Moncayola,3,6696460,2026-08-24T00:21:24+02:00,0
2026-08-25T1724Z,laliga,38,MED,4-5-1,2453,Agoumé,Lucien Agoumé,3,5705705,2026-08-24T00:21:24+02:00,0
2026-08-25T1724Z,laliga,38,MED,4-5-1,3099,Fornals,Pablo Fornals,3,57499669,2026-08-24T00:21:24+02:00,0
2026-08-25T1724Z,laliga,38,MED,4-5-1,2639,M. Román,Miguel Román,3,5085264,2026-08-24T00:21:24+02:00,0
2026-08-25T1724Z,laliga,38,MED,4-5-1,3128,Guido Rodríguez,Guido Rodríguez,3,23542914,2026-08-24T00:21:24+02:00,0
2026-08-25T1724Z,laliga,38,DEL,4-5-1,3002,Iñigo Vicente,Iñigo Vicente,4,20741999,2026-08-24T00:21:24+02:00,0
2026-08-25T2026Z,laliga,38,POR,4-5-1,2713,Ionut Radu,Ionut Radu,1,35902314,2026-08-24T00:21:24+02:00,0
2026-08-25T2026Z,laliga,38,DEF,4-5-1,2390,Starfelt,Carl Starfelt,2,13326565,2026-08-24T00:21:24+02:00,0
2026-08-25T2026Z,laliga,38,DEF,4-5-1,265,Zubeldia,Igor Zubeldia,2,10122272,2026-08-24T00:21:24+02:00,0
2026-08-25T2026Z,laliga,38,DEF,4-5-1,1930,El Hilali,Omar El Hilali,2,11373080,2026-08-24T00:21:24+02:00,0
2026-08-25T2026Z,laliga,38,DEF,4-5-1,3123,Marcos Alonso,Marcos Alonso,2,27712836,2026-08-24T00:21:24+02:00,0
2026-08-25T2026Z,laliga,38,MED,4-5-1,637,Moncayola,Jon Moncayola,3,6696460,2026-08-24T00:21:24+02:00,0
2026-08-25T2026Z,laliga,38,MED,4-5-1,2453,Agoumé,Lucien Agoumé,3,5705705,2026-08-24T00:21:24+02:00,0
2026-08-25T2026Z,laliga,38,MED,4-5-1,3099,Fornals,Pablo Fornals,3,57499669,2026-08-24T00:21:24+02:00,0
2026-08-25T2026Z,laliga,38,MED,4-5-1,2639,M. Román,Miguel Román,3,5085264,2026-08-24T00:21:24+02:00,0
2026-08-25T2026Z,laliga,38,MED,4-5-1,3128,Guido Rodríguez,Guido Rodríguez,3,23542914,2026-08-24T00:21:24+02:00,0
2026-08-25T2026Z,laliga,38,DEL,4-5-1,3002,Iñigo Vicente,Iñigo Vicente,4,20741999,2026-08-24T00:21:24+02:00,0
2026-08-25T2241Z,laliga,38,POR,4-5-1,2713,Ionut Radu,Ionut Radu,1,35752569,2026-08-26T00:22:50+02:00,0
2026-08-25T2241Z,laliga,38,DEF,4-5-1,2390,Starfelt,Carl Starfelt,2,12652367,2026-08-26T00:22:50+02:00,0
2026-08-25T2241Z,laliga,38,DEF,4-5-1,1930,El Hilali,Omar El Hilali,2,11699383,2026-08-26T00:22:50+02:00,0
2026-08-25T2241Z,laliga,38,DEF,4-5-1,3123,Marcos Alonso,Marcos Alonso,2,29028122,2026-08-26T00:22:50+02:00,0
2026-08-25T2241Z,laliga,38,DEF,4-5-1,2543,Natan,Natan Bernardo de Souza,2,37735206,2026-08-26T00:22:50+02:00,0
2026-08-25T2241Z,laliga,38,MED,4-5-1,637,Moncayola,Jon Moncayola,3,6671779,2026-08-26T00:22:50+02:00,0
2026-08-25T2241Z,laliga,38,MED,4-5-1,2453,Agoumé,Lucien Agoumé,3,6066565,2026-08-26T00:22:50+02:00,0
2026-08-25T2241Z,laliga,38,MED,4-5-1,3099,Fornals,Pablo Fornals,3,59300203,2026-08-26T00:22:50+02:00,0
2026-08-25T2241Z,laliga,38,MED,4-5-1,2639,M. Román,Miguel Román,3,5291848,2026-08-26T00:22:50+02:00,0
2026-08-25T2241Z,laliga,38,MED,4-5-1,3128,Guido Rodríguez,Guido Rodríguez,3,24520433,2026-08-26T00:22:50+02:00,0
2026-08-25T2241Z,laliga,38,DEL,4-5-1,3002,Iñigo Vicente,Iñigo Vicente,4,21210070,2026-08-26T00:22:50+02:00,0
2026-08-26T0423Z,laliga,38,POR,4-5-1,2713,Ionut Radu,Ionut Radu,1,35752569,2026-08-26T00:22:50+02:00,0
2026-08-26T0423Z,laliga,38,DEF,4-5-1,2390,Starfelt,Carl Starfelt,2,12652367,2026-08-26T00:22:50+02:00,0
2026-08-26T0423Z,laliga,38,DEF,4-5-1,1930,El Hilali,Omar El Hilali,2,11699383,2026-08-26T00:22:50+02:00,0
2026-08-26T0423Z,laliga,38,DEF,4-5-1,3123,Marcos Alonso,Marcos Alonso,2,29028122,2026-08-26T00:22:50+02:00,0
2026-08-26T0423Z,laliga,38,DEF,4-5-1,2543,Natan,Natan Bernardo de Souza,2,37735206,2026-08-26T00:22:50+02:00,0
2026-08-26T0423Z,laliga,38,MED,4-5-1,637,Moncayola,Jon Moncayola,3,6671779,2026-08-26T00:22:50+02:00,0
2026-08-26T0423Z,laliga,38,MED,4-5-1,2453,Agoumé,Lucien Agoumé,3,6066565,2026-08-26T00:22:50+02:00,0
2026-08-26T0423Z,laliga,38,MED,4-5-1,3099,Fornals,Pablo Fornals,3,59300203,2026-08-26T00:22:50+02:00,0
2026-08-26T0423Z,laliga,38,MED,4-5-1,2639,M. Román,Miguel Román,3,5291848,2026-08-26T00:22:50+02:00,0
2026-08-26T0423Z,laliga,38,MED,4-5-1,3128,Guido Rodríguez,Guido Rodríguez,3,24520433,2026-08-26T00:22:50+02:00,0
2026-08-26T0423Z,laliga,38,DEL,4-5-1,3002,Iñigo Vicente,Iñigo Vicente,4,21210070,2026-08-26T00:22:50+02:00,0
2026-08-26T0455Z,laliga,38,POR,4-5-1,2713,Ionut Radu,Ionut Radu,1,35752569,2026-08-26T06:54:25+02:00,0
2026-08-26T0455Z,laliga,38,DEF,4-5-1,2390,Starfelt,Carl Starfelt,2,12652367,2026-08-26T06:54:25+02:00,0
2026-08-26T0455Z,laliga,38,DEF,4-5-1,1930,El Hilali,Omar El Hilali,2,11699383,2026-08-26T06:54:25+02:00,0
2026-08-26T0455Z,laliga,38,DEF,4-5-1,3123,Marcos Alonso,Marcos Alonso,2,29028122,2026-08-26T06:54:25+02:00,0
2026-08-26T0455Z,laliga,38,DEF,4-5-1,2543,Natan,Natan Bernardo de Souza,2,37735206,2026-08-26T06:54:25+02:00,0
2026-08-26T0455Z,laliga,38,MED,4-5-1,2464,Pepelu,José Luis García Vayá,3,8507184,2026-08-26T06:54:25+02:00,0
2026-08-26T0455Z,laliga,38,MED,4-5-1,2453,Agoumé,Lucien Agoumé,3,6066565,2026-08-26T06:54:25+02:00,0
2026-08-26T0455Z,laliga,38,MED,4-5-1,3099,Fornals,Pablo Fornals,3,59300203,2026-08-26T06:54:25+02:00,0
2026-08-26T0455Z,laliga,38,MED,4-5-1,2639,M. Román,Miguel Román,3,5291848,2026-08-26T06:54:25+02:00,0
2026-08-26T0455Z,laliga,38,MED,4-5-1,3128,Guido Rodríguez,Guido Rodríguez,3,24520433,2026-08-26T06:54:25+02:00,0
2026-08-26T0455Z,laliga,38,DEL,4-5-1,3002,Iñigo Vicente,Iñigo Vicente,4,21210070,2026-08-26T06:54:25+02:00,0
2026-08-27T0505Z,laliga,38,POR,4-5-1,2713,Ionut Radu,Ionut Radu,1,35752569,2026-08-26T06:54:25+02:00,0
2026-08-27T0505Z,laliga,38,DEF,4-5-1,2390,Starfelt,Carl Starfelt,2,12652367,2026-08-26T06:54:25+02:00,0
2026-08-27T0505Z,laliga,38,DEF,4-5-1,1930,El Hilali,Omar El Hilali,2,11699383,2026-08-26T06:54:25+02:00,0
2026-08-27T0505Z,laliga,38,DEF,4-5-1,3123,Marcos Alonso,Marcos Alonso,2,29028122,2026-08-26T06:54:25+02:00,0
2026-08-27T0505Z,laliga,38,DEF,4-5-1,2543,Natan,Natan Bernardo de Souza,2,37735206,2026-08-26T06:54:25+02:00,0
2026-08-27T0505Z,laliga,38,MED,4-5-1,2464,Pepelu,José Luis García Vayá,3,8507184,2026-08-26T06:54:25+02:00,0
2026-08-27T0505Z,laliga,38,MED,4-5-1,2453,Agoumé,Lucien Agoumé,3,6066565,2026-08-26T06:54:25+02:00,0
2026-08-27T0505Z,laliga,38,MED,4-5-1,3099,Fornals,Pablo Fornals,3,59300203,2026-08-26T06:54:25+02:00,0
2026-08-27T0505Z,laliga,38,MED,4-5-1,2639,M. Román,Miguel Román,3,5291848,2026-08-26T06:54:25+02:00,0
2026-08-27T0505Z,laliga,38,MED,4-5-1,3128,Guido Rodríguez,Guido Rodríguez,3,24520433,2026-08-26T06:54:25+02:00,0
2026-08-27T0505Z,laliga,38,DEL,4-5-1,3002,Iñigo Vicente,Iñigo Vicente,4,21210070,2026-08-26T06:54:25+02:00,0
2026-08-27T0510Z,laliga,38,POR,4-5-1,2713,Ionut Radu,Ionut Radu,1,35752569,2026-08-26T06:54:25+02:00,0
2026-08-27T0510Z,laliga,38,DEF,4-5-1,2390,Starfelt,Carl Starfelt,2,12652367,2026-08-26T06:54:25+02:00,0
2026-08-27T0510Z,laliga,38,DEF,4-5-1,1930,El Hilali,Omar El Hilali,2,11699383,2026-08-26T06:54:25+02:00,0
2026-08-27T0510Z,laliga,38,DEF,4-5-1,3123,Marcos Alonso,Marcos Alonso,2,29028122,2026-08-26T06:54:25+02:00,0
2026-08-27T0510Z,laliga,38,DEF,4-5-1,2543,Natan,Natan Bernardo de Souza,2,37735206,2026-08-26T06:54:25+02:00,0
2026-08-27T0510Z,laliga,38,MED,4-5-1,2464,Pepelu,José Luis García Vayá,3,8507184,2026-08-26T06:54:25+02:00,0
2026-08-27T0510Z,laliga,38,MED,4-5-1,2453,Agoumé,Lucien Agoumé,3,6066565,2026-08-26T06:54:25+02:00,0
2026-08-27T0510Z,laliga,38,MED,4-5-1,3099,Fornals,Pablo Fornals,3,59300203,2026-08-26T06:54:25+02:00,0
2026-08-27T0510Z,laliga,38,MED,4-5-1,2639,M. Román,Miguel Román,3,5291848,2026-08-26T06:54:25+02:00,0
2026-08-27T0510Z,laliga,38,MED,4-5-1,3128,Guido Rodríguez,Guido Rodríguez,3,24520433,2026-08-26T06:54:25+02:00,0
2026-08-27T0510Z,laliga,38,DEL,4-5-1,3002,Iñigo Vicente,Iñigo Vicente,4,21210070,2026-08-26T06:54:25+02:00,0
2026-08-27T1037Z,laliga,38,POR,4-5-1,2713,Ionut Radu,Ionut Radu,1,35752569,2026-08-26T06:54:25+02:00,0
2026-08-27T1037Z,laliga,38,DEF,4-5-1,2390,Starfelt,Carl Starfelt,2,12652367,2026-08-26T06:54:25+02:00,0
2026-08-27T1037Z,laliga,38,DEF,4-5-1,1930,El Hilali,Omar El Hilali,2,11699383,2026-08-26T06:54:25+02:00,0
2026-08-27T1037Z,laliga,38,DEF,4-5-1,3123,Marcos Alonso,Marcos Alonso,2,29028122,2026-08-26T06:54:25+02:00,0
2026-08-27T1037Z,laliga,38,DEF,4-5-1,2543,Natan,Natan Bernardo de Souza,2,37735206,2026-08-26T06:54:25+02:00,0
2026-08-27T1037Z,laliga,38,MED,4-5-1,2464,Pepelu,José Luis García Vayá,3,8507184,2026-08-26T06:54:25+02:00,0
2026-08-27T1037Z,laliga,38,MED,4-5-1,2453,Agoumé,Lucien Agoumé,3,6066565,2026-08-26T06:54:25+02:00,0
2026-08-27T1037Z,laliga,38,MED,4-5-1,3099,Fornals,Pablo Fornals,3,59300203,2026-08-26T06:54:25+02:00,0
2026-08-27T1037Z,laliga,38,MED,4-5-1,2639,M. Román,Miguel Román,3,5291848,2026-08-26T06:54:25+02:00,0
2026-08-27T1037Z,laliga,38,MED,4-5-1,3128,Guido Rodríguez,Guido Rodríguez,3,24520433,2026-08-26T06:54:25+02:00,0
2026-08-27T1037Z,laliga,38,DEL,4-5-1,3002,Iñigo Vicente,Iñigo Vicente,4,21210070,2026-08-26T06:54:25+02:00,0
2026-08-27T1618Z,laliga,38,POR,4-5-1,2713,Ionut Radu,Ionut Radu,1,35752569,2026-08-26T06:54:25+02:00,0
2026-08-27T1618Z,laliga,38,DEF,4-5-1,2390,Starfelt,Carl Starfelt,2,12652367,2026-08-26T06:54:25+02:00,0
2026-08-27T1618Z,laliga,38,DEF,4-5-1,1930,El Hilali,Omar El Hilali,2,11699383,2026-08-26T06:54:25+02:00,0
2026-08-27T1618Z,laliga,38,DEF,4-5-1,3123,Marcos Alonso,Marcos Alonso,2,29028122,2026-08-26T06:54:25+02:00,0
2026-08-27T1618Z,laliga,38,DEF,4-5-1,2543,Natan,Natan Bernardo de Souza,2,37735206,2026-08-26T06:54:25+02:00,0
2026-08-27T1618Z,laliga,38,MED,4-5-1,2464,Pepelu,José Luis García Vayá,3,8507184,2026-08-26T06:54:25+02:00,0
2026-08-27T1618Z,laliga,38,MED,4-5-1,2453,Agoumé,Lucien Agoumé,3,6066565,2026-08-26T06:54:25+02:00,0
2026-08-27T1618Z,laliga,38,MED,4-5-1,3099,Fornals,Pablo Fornals,3,59300203,2026-08-26T06:54:25+02:00,0
2026-08-27T1618Z,laliga,38,MED,4-5-1,2639,M. Román,Miguel Román,3,5291848,2026-08-26T06:54:25+02:00,0
2026-08-27T1618Z,laliga,38,MED,4-5-1,3128,Guido Rodríguez,Guido Rodríguez,3,24520433,2026-08-26T06:54:25+02:00,0
2026-08-27T1618Z,laliga,38,DEL,4-5-1,3002,Iñigo Vicente,Iñigo Vicente,4,21210070,2026-08-26T06:54:25+02:00,0
2026-08-27T2137Z,laliga,38,POR,4-5-1,2713,Ionut Radu,Ionut Radu,1,35752569,2026-08-26T06:54:25+02:00,0
2026-08-27T2137Z,laliga,38,DEF,4-5-1,2390,Starfelt,Carl Starfelt,2,12652367,2026-08-26T06:54:25+02:00,0
2026-08-27T2137Z,laliga,38,DEF,4-5-1,1930,El Hilali,Omar El Hilali,2,11699383,2026-08-26T06:54:25+02:00,0
2026-08-27T2137Z,laliga,38,DEF,4-5-1,3123,Marcos Alonso,Marcos Alonso,2,29028122,2026-08-26T06:54:25+02:00,0
2026-08-27T2137Z,laliga,38,DEF,4-5-1,2543,Natan,Natan Bernardo de Souza,2,37735206,2026-08-26T06:54:25+02:00,0
2026-08-27T2137Z,laliga,38,MED,4-5-1,2464,Pepelu,José Luis García Vayá,3,8507184,2026-08-26T06:54:25+02:00,0
2026-08-27T2137Z,laliga,38,MED,4-5-1,2453,Agoumé,Lucien Agoumé,3,6066565,2026-08-26T06:54:25+02:00,0
2026-08-27T2137Z,laliga,38,MED,4-5-1,3099,Fornals,Pablo Fornals,3,59300203,2026-08-26T06:54:25+02:00,0
2026-08-27T2137Z,laliga,38,MED,4-5-1,2639,M. Román,Miguel Román,3,5291848,2026-08-26T06:54:25+02:00,0
2026-08-27T2137Z,laliga,38,MED,4-5-1,3128,Guido Rodríguez,Guido Rodríguez,3,24520433,2026-08-26T06:54:25+02:00,0
2026-08-27T2137Z,laliga,38,DEL,4-5-1,3002,Iñigo Vicente,Iñigo Vicente,4,21210070,2026-08-26T06:54:25+02:00,0
2026-08-27T2245Z,laliga,38,POR,4-5-1,2713,Ionut Radu,Ionut Radu,1,35752569,2026-08-26T06:54:25+02:00,0
2026-08-27T2245Z,laliga,38,DEF,4-5-1,2390,Starfelt,Carl Starfelt,2,12652367,2026-08-26T06:54:25+02:00,0
2026-08-27T2245Z,laliga,38,DEF,4-5-1,1930,El Hilali,Omar El Hilali,2,11699383,2026-08-26T06:54:25+02:00,0
2026-08-27T2245Z,laliga,38,DEF,4-5-1,3123,Marcos Alonso,Marcos Alonso,2,29028122,2026-08-26T06:54:25+02:00,0
2026-08-27T2245Z,laliga,38,DEF,4-5-1,2543,Natan,Natan Bernardo de Souza,2,37735206,2026-08-26T06:54:25+02:00,0
2026-08-27T2245Z,laliga,38,MED,4-5-1,2464,Pepelu,José Luis García Vayá,3,8507184,2026-08-26T06:54:25+02:00,0
2026-08-27T2245Z,laliga,38,MED,4-5-1,2453,Agoumé,Lucien Agoumé,3,6066565,2026-08-26T06:54:25+02:00,0
2026-08-27T2245Z,laliga,38,MED,4-5-1,3099,Fornals,Pablo Fornals,3,59300203,2026-08-26T06:54:25+02:00,0
2026-08-27T2245Z,laliga,38,MED,4-5-1,2639,M. Román,Miguel Román,3,5291848,2026-08-26T06:54:25+02:00,0
2026-08-27T2245Z,laliga,38,MED,4-5-1,3128,Guido Rodríguez,Guido Rodríguez,3,24520433,2026-08-26T06:54:25+02:00,0
2026-08-27T2245Z,laliga,38,DEL,4-5-1,3002,Iñigo Vicente,Iñigo Vicente,4,21210070,2026-08-26T06:54:25+02:00,0
2026-08-28T0623Z,laliga,38,POR,4-5-1,2713,Ionut Radu,Ionut Radu,1,35752569,2026-08-26T06:54:25+02:00,0
2026-08-28T0623Z,laliga,38,DEF,4-5-1,2390,Starfelt,Carl Starfelt,2,12652367,2026-08-26T06:54:25+02:00,0
2026-08-28T0623Z,laliga,38,DEF,4-5-1,1930,El Hilali,Omar El Hilali,2,11699383,2026-08-26T06:54:25+02:00,0
2026-08-28T0623Z,laliga,38,DEF,4-5-1,3123,Marcos Alonso,Marcos Alonso,2,29028122,2026-08-26T06:54:25+02:00,0
2026-08-28T0623Z,laliga,38,DEF,4-5-1,2543,Natan,Natan Bernardo de Souza,2,37735206,2026-08-26T06:54:25+02:00,0
2026-08-28T0623Z,laliga,38,MED,4-5-1,2464,Pepelu,José Luis García Vayá,3,8507184,2026-08-26T06:54:25+02:00,0
2026-08-28T0623Z,laliga,38,MED,4-5-1,2453,Agoumé,Lucien Agoumé,3,6066565,2026-08-26T06:54:25+02:00,0
2026-08-28T0623Z,laliga,38,MED,4-5-1,3099,Fornals,Pablo Fornals,3,59300203,2026-08-26T06:54:25+02:00,0
2026-08-28T0623Z,laliga,38,MED,4-5-1,2639,M. Román,Miguel Román,3,5291848,2026-08-26T06:54:25+02:00,0
2026-08-28T0623Z,laliga,38,MED,4-5-1,3128,Guido Rodríguez,Guido Rodríguez,3,24520433,2026-08-26T06:54:25+02:00,0
2026-08-28T0623Z,laliga,38,DEL,4-5-1,3002,Iñigo Vicente,Iñigo Vicente,4,21210070,2026-08-26T06:54:25+02:00,0
2026-08-28T2155Z,laliga,38,POR,4-5-1,2713,Ionut Radu,Ionut Radu,1,35752569,2026-08-26T06:54:25+02:00,0
2026-08-28T2155Z,laliga,38,DEF,4-5-1,2390,Starfelt,Carl Starfelt,2,12652367,2026-08-26T06:54:25+02:00,0
2026-08-28T2155Z,laliga,38,DEF,4-5-1,1930,El Hilali,Omar El Hilali,2,11699383,2026-08-26T06:54:25+02:00,0
2026-08-28T2155Z,laliga,38,DEF,4-5-1,3123,Marcos Alonso,Marcos Alonso,2,29028122,2026-08-26T06:54:25+02:00,0
2026-08-28T2155Z,laliga,38,DEF,4-5-1,2543,Natan,Natan Bernardo de Souza,2,37735206,2026-08-26T06:54:25+02:00,0
2026-08-28T2155Z,laliga,38,MED,4-5-1,2464,Pepelu,José Luis García Vayá,3,8507184,2026-08-26T06:54:25+02:00,0
2026-08-28T2155Z,laliga,38,MED,4-5-1,2453,Agoumé,Lucien Agoumé,3,6066565,2026-08-26T06:54:25+02:00,0
2026-08-28T2155Z,laliga,38,MED,4-5-1,3099,Fornals,Pablo Fornals,3,59300203,2026-08-26T06:54:25+02:00,0
2026-08-28T2155Z,laliga,38,MED,4-5-1,2639,M. Román,Miguel Román,3,5291848,2026-08-26T06:54:25+02:00,0
2026-08-28T2155Z,laliga,38,MED,4-5-1,3128,Guido Rodríguez,Guido Rodríguez,3,24520433,2026-08-26T06:54:25+02:00,0
2026-08-28T2155Z,laliga,38,DEL,4-5-1,3002,Iñigo Vicente,Iñigo Vicente,4,21210070,2026-08-26T06:54:25+02:00,0
2026-08-28T2241Z,laliga,38,POR,4-5-1,2713,Ionut Radu,Ionut Radu,1,35752569,2026-08-26T06:54:25+02:00,0
2026-08-28T2241Z,laliga,38,DEF,4-5-1,2390,Starfelt,Carl Starfelt,2,12652367,2026-08-26T06:54:25+02:00,0
2026-08-28T2241Z,laliga,38,DEF,4-5-1,1930,El Hilali,Omar El Hilali,2,11699383,2026-08-26T06:54:25+02:00,0
2026-08-28T2241Z,laliga,38,DEF,4-5-1,3123,Marcos Alonso,Marcos Alonso,2,29028122,2026-08-26T06:54:25+02:00,0
2026-08-28T2241Z,laliga,38,DEF,4-5-1,2543,Natan,Natan Bernardo de Souza,2,37735206,2026-08-26T06:54:25+02:00,0
2026-08-28T2241Z,laliga,38,MED,4-5-1,2464,Pepelu,José Luis García Vayá,3,8507184,2026-08-26T06:54:25+02:00,0
2026-08-28T2241Z,laliga,38,MED,4-5-1,2453,Agoumé,Lucien Agoumé,3,6066565,2026-08-26T06:54:25+02:00,0
2026-08-28T2241Z,laliga,38,MED,4-5-1,3099,Fornals,Pablo Fornals,3,59300203,2026-08-26T06:54:25+02:00,0
2026-08-28T2241Z,laliga,38,MED,4-5-1,2639,M. Román,Miguel Román,3,5291848,2026-08-26T06:54:25+02:00,0
2026-08-28T2241Z,laliga,38,MED,4-5-1,3128,Guido Rodríguez,Guido Rodríguez,3,24520433,2026-08-26T06:54:25+02:00,0
2026-08-28T2241Z,laliga,38,DEL,4-5-1,3002,Iñigo Vicente,Iñigo Vicente,4,21210070,2026-08-26T06:54:25+02:00,0
2026-08-29T1159Z,laliga,38,POR,4-5-1,2713,Ionut Radu,Ionut Radu,1,35752569,2026-08-26T06:54:25+02:00,0
2026-08-29T1159Z,laliga,38,DEF,4-5-1,2390,Starfelt,Carl Starfelt,2,12652367,2026-08-26T06:54:25+02:00,0
2026-08-29T1159Z,laliga,38,DEF,4-5-1,1930,El Hilali,Omar El Hilali,2,11699383,2026-08-26T06:54:25+02:00,0
2026-08-29T1159Z,laliga,38,DEF,4-5-1,3123,Marcos Alonso,Marcos Alonso,2,29028122,2026-08-26T06:54:25+02:00,0
2026-08-29T1159Z,laliga,38,DEF,4-5-1,2543,Natan,Natan Bernardo de Souza,2,37735206,2026-08-26T06:54:25+02:00,0
2026-08-29T1159Z,laliga,38,MED,4-5-1,2464,Pepelu,José Luis García Vayá,3,8507184,2026-08-26T06:54:25+02:00,0
2026-08-29T1159Z,laliga,38,MED,4-5-1,2453,Agoumé,Lucien Agoumé,3,6066565,2026-08-26T06:54:25+02:00,0
2026-08-29T1159Z,laliga,38,MED,4-5-1,3099,Fornals,Pablo Fornals,3,59300203,2026-08-26T06:54:25+02:00,0
2026-08-29T1159Z,laliga,38,MED,4-5-1,2639,M. Román,Miguel Román,3,5291848,2026-08-26T06:54:25+02:00,0
2026-08-29T1159Z,laliga,38,MED,4-5-1,3128,Guido Rodríguez,Guido Rodríguez,3,24520433,2026-08-26T06:54:25+02:00,0
2026-08-29T1159Z,laliga,38,DEL,4-5-1,3002,Iñigo Vicente,Iñigo Vicente,4,21210070,2026-08-26T06:54:25+02:00,0
2026-08-29T1308Z,laliga,38,POR,4-5-1,2713,Ionut Radu,Ionut Radu,1,35752569,2026-08-26T06:54:25+02:00,0
2026-08-29T1308Z,laliga,38,DEF,4-5-1,2390,Starfelt,Carl Starfelt,2,12652367,2026-08-26T06:54:25+02:00,0
2026-08-29T1308Z,laliga,38,DEF,4-5-1,1930,El Hilali,Omar El Hilali,2,11699383,2026-08-26T06:54:25+02:00,0
2026-08-29T1308Z,laliga,38,DEF,4-5-1,3123,Marcos Alonso,Marcos Alonso,2,29028122,2026-08-26T06:54:25+02:00,0
2026-08-29T1308Z,laliga,38,DEF,4-5-1,2543,Natan,Natan Bernardo de Souza,2,37735206,2026-08-26T06:54:25+02:00,0
2026-08-29T1308Z,laliga,38,MED,4-5-1,2464,Pepelu,José Luis García Vayá,3,8507184,2026-08-26T06:54:25+02:00,0
2026-08-29T1308Z,laliga,38,MED,4-5-1,2453,Agoumé,Lucien Agoumé,3,6066565,2026-08-26T06:54:25+02:00,0
2026-08-29T1308Z,laliga,38,MED,4-5-1,3099,Fornals,Pablo Fornals,3,59300203,2026-08-26T06:54:25+02:00,0
2026-08-29T1308Z,laliga,38,MED,4-5-1,2639,M. Román,Miguel Román,3,5291848,2026-08-26T06:54:25+02:00,0
2026-08-29T1308Z,laliga,38,MED,4-5-1,3128,Guido Rodríguez,Guido Rodríguez,3,24520433,2026-08-26T06:54:25+02:00,0
2026-08-29T1308Z,laliga,38,DEL,4-5-1,3002,Iñigo Vicente,Iñigo Vicente,4,21210070,2026-08-26T06:54:25+02:00,0
2026-08-29T1329Z,laliga,38,POR,4-5-1,2713,Ionut Radu,Ionut Radu,1,35752569,2026-08-26T06:54:25+02:00,0
2026-08-29T1329Z,laliga,38,DEF,4-5-1,2390,Starfelt,Carl Starfelt,2,12652367,2026-08-26T06:54:25+02:00,0
2026-08-29T1329Z,laliga,38,DEF,4-5-1,1930,El Hilali,Omar El Hilali,2,11699383,2026-08-26T06:54:25+02:00,0
2026-08-29T1329Z,laliga,38,DEF,4-5-1,3123,Marcos Alonso,Marcos Alonso,2,29028122,2026-08-26T06:54:25+02:00,0
2026-08-29T1329Z,laliga,38,DEF,4-5-1,2543,Natan,Natan Bernardo de Souza,2,37735206,2026-08-26T06:54:25+02:00,0
2026-08-29T1329Z,laliga,38,MED,4-5-1,2464,Pepelu,José Luis García Vayá,3,8507184,2026-08-26T06:54:25+02:00,0
2026-08-29T1329Z,laliga,38,MED,4-5-1,2453,Agoumé,Lucien Agoumé,3,6066565,2026-08-26T06:54:25+02:00,0
2026-08-29T1329Z,laliga,38,MED,4-5-1,3099,Fornals,Pablo Fornals,3,59300203,2026-08-26T06:54:25+02:00,0
2026-08-29T1329Z,laliga,38,MED,4-5-1,2639,M. Román,Miguel Román,3,5291848,2026-08-26T06:54:25+02:00,0
2026-08-29T1329Z,laliga,38,MED,4-5-1,3128,Guido Rodríguez,Guido Rodríguez,3,24520433,2026-08-26T06:54:25+02:00,0
2026-08-29T1329Z,laliga,38,DEL,4-5-1,3002,Iñigo Vicente,Iñigo Vicente,4,21210070,2026-08-26T06:54:25+02:00,0
2026-08-29T1344Z,laliga,38,POR,4-5-1,2713,Ionut Radu,Ionut Radu,1,35752569,2026-08-26T06:54:25+02:00,0
2026-08-29T1344Z,laliga,38,DEF,4-5-1,2390,Starfelt,Carl Starfelt,2,12652367,2026-08-26T06:54:25+02:00,0
2026-08-29T1344Z,laliga,38,DEF,4-5-1,1930,El Hilali,Omar El Hilali,2,11699383,2026-08-26T06:54:25+02:00,0
2026-08-29T1344Z,laliga,38,DEF,4-5-1,3123,Marcos Alonso,Marcos Alonso,2,29028122,2026-08-26T06:54:25+02:00,0
2026-08-29T1344Z,laliga,38,DEF,4-5-1,2543,Natan,Natan Bernardo de Souza,2,37735206,2026-08-26T06:54:25+02:00,0
2026-08-29T1344Z,laliga,38,MED,4-5-1,2464,Pepelu,José Luis García Vayá,3,8507184,2026-08-26T06:54:25+02:00,0
2026-08-29T1344Z,laliga,38,MED,4-5-1,2453,Agoumé,Lucien Agoumé,3,6066565,2026-08-26T06:54:25+02:00,0
2026-08-29T1344Z,laliga,38,MED,4-5-1,3099,Fornals,Pablo Fornals,3,59300203,2026-08-26T06:54:25+02:00,0
2026-08-29T1344Z,laliga,38,MED,4-5-1,2639,M. Román,Miguel Román,3,5291848,2026-08-26T06:54:25+02:00,0
2026-08-29T1344Z,laliga,38,MED,4-5-1,3128,Guido Rodríguez,Guido Rodríguez,3,24520433,2026-08-26T06:54:25+02:00,0
2026-08-29T1344Z,laliga,38,DEL,4-5-1,3002,Iñigo Vicente,Iñigo Vicente,4,21210070,2026-08-26T06:54:25+02:00,0
2026-08-29T1359Z,laliga,38,POR,4-5-1,2713,Ionut Radu,Ionut Radu,1,35752569,2026-08-26T06:54:25+02:00,0
2026-08-29T1359Z,laliga,38,DEF,4-5-1,2390,Starfelt,Carl Starfelt,2,12652367,2026-08-26T06:54:25+02:00,0
2026-08-29T1359Z,laliga,38,DEF,4-5-1,1930,El Hilali,Omar El Hilali,2,11699383,2026-08-26T06:54:25+02:00,0
2026-08-29T1359Z,laliga,38,DEF,4-5-1,3123,Marcos Alonso,Marcos Alonso,2,29028122,2026-08-26T06:54:25+02:00,0
2026-08-29T1359Z,laliga,38,DEF,4-5-1,2543,Natan,Natan Bernardo de Souza,2,37735206,2026-08-26T06:54:25+02:00,0
2026-08-29T1359Z,laliga,38,MED,4-5-1,2464,Pepelu,José Luis García Vayá,3,8507184,2026-08-26T06:54:25+02:00,0
2026-08-29T1359Z,laliga,38,MED,4-5-1,2453,Agoumé,Lucien Agoumé,3,6066565,2026-08-26T06:54:25+02:00,0
2026-08-29T1359Z,laliga,38,MED,4-5-1,3099,Fornals,Pablo Fornals,3,59300203,2026-08-26T06:54:25+02:00,0
2026-08-29T1359Z,laliga,38,MED,4-5-1,2639,M. Román,Miguel Román,3,5291848,2026-08-26T06:54:25+02:00,0
2026-08-29T1359Z,laliga,38,MED,4-5-1,3128,Guido Rodríguez,Guido Rodríguez,3,24520433,2026-08-26T06:54:25+02:00,0
2026-08-29T1359Z,laliga,38,DEL,4-5-1,3002,Iñigo Vicente,Iñigo Vicente,4,21210070,2026-08-26T06:54:25+02:00,0
2026-08-29T2106Z,laliga,38,POR,4-5-1,2713,Ionut Radu,Ionut Radu,1,35471662,2026-08-29T23:05:05+02:00,0
2026-08-29T2106Z,laliga,38,DEF,4-5-1,2390,Starfelt,Carl Starfelt,2,11878334,2026-08-29T23:05:05+02:00,0
2026-08-29T2106Z,laliga,38,DEF,4-5-1,1930,El Hilali,Omar El Hilali,2,12024108,2026-08-29T23:05:05+02:00,0
2026-08-29T2106Z,laliga,38,DEF,4-5-1,2543,Natan,Natan Bernardo de Souza,2,37657284,2026-08-29T23:05:05+02:00,0
2026-08-29T2106Z,laliga,38,DEF,4-5-1,2999,Mantilla,Álvaro Mantilla,2,2262901,2026-08-29T23:05:05+02:00,0
2026-08-29T2106Z,laliga,38,MED,4-5-1,2464,Pepelu,José Luis García Vayá,3,9437611,2026-08-29T23:05:05+02:00,0
2026-08-29T2106Z,laliga,38,MED,4-5-1,2453,Agoumé,Lucien Agoumé,3,6642561,2026-08-29T23:05:05+02:00,0
2026-08-29T2106Z,laliga,38,MED,4-5-1,3099,Fornals,Pablo Fornals,3,60851617,2026-08-29T23:05:05+02:00,0
2026-08-29T2106Z,laliga,38,MED,4-5-1,2639,M. Román,Miguel Román,3,5707698,2026-08-29T23:05:05+02:00,0
2026-08-29T2106Z,laliga,38,MED,4-5-1,3128,Guido Rodríguez,Guido Rodríguez,3,25156951,2026-08-29T23:05:05+02:00,0
2026-08-29T2106Z,laliga,38,DEL,4-5-1,3002,Iñigo Vicente,Iñigo Vicente,4,22196901,2026-08-29T23:05:05+02:00,0
2026-08-29T2242Z,laliga,38,POR,4-5-1,2713,Ionut Radu,Ionut Radu,1,35338741,2026-08-29T23:25:42+02:00,0
2026-08-29T2242Z,laliga,38,DEF,4-5-1,2390,Starfelt,Carl Starfelt,2,11582842,2026-08-29T23:25:42+02:00,0
2026-08-29T2242Z,laliga,38,DEF,4-5-1,1930,El Hilali,Omar El Hilali,2,12073627,2026-08-29T23:25:42+02:00,0
2026-08-29T2242Z,laliga,38,DEF,4-5-1,2543,Natan,Natan Bernardo de Souza,2,37189203,2026-08-29T23:25:42+02:00,0
2026-08-29T2242Z,laliga,38,DEF,4-5-1,2999,Mantilla,Álvaro Mantilla,2,2220388,2026-08-29T23:25:42+02:00,0
2026-08-29T2242Z,laliga,38,MED,4-5-1,2464,Pepelu,José Luis García Vayá,3,9753844,2026-08-29T23:25:42+02:00,0
2026-08-29T2242Z,laliga,38,MED,4-5-1,2453,Agoumé,Lucien Agoumé,3,6773004,2026-08-29T23:25:42+02:00,0
2026-08-29T2242Z,laliga,38,MED,4-5-1,3099,Fornals,Pablo Fornals,3,60968042,2026-08-29T23:25:42+02:00,0
2026-08-29T2242Z,laliga,38,MED,4-5-1,2639,M. Román,Miguel Román,3,5978398,2026-08-29T23:25:42+02:00,0
2026-08-29T2242Z,laliga,38,MED,4-5-1,680,Moi Gómez,Moi Gómez,3,1997714,2026-08-29T23:25:42+02:00,0
2026-08-29T2242Z,laliga,38,DEL,4-5-1,3002,Iñigo Vicente,Iñigo Vicente,4,22925455,2026-08-29T23:25:42+02:00,0
2026-08-30T0758Z,laliga,38,POR,4-5-1,2713,Ionut Radu,Ionut Radu,1,35338741,2026-08-29T23:25:42+02:00,0
2026-08-30T0758Z,laliga,38,DEF,4-5-1,2390,Starfelt,Carl Starfelt,2,11582842,2026-08-29T23:25:42+02:00,0
2026-08-30T0758Z,laliga,38,DEF,4-5-1,1930,El Hilali,Omar El Hilali,2,12073627,2026-08-29T23:25:42+02:00,0
2026-08-30T0758Z,laliga,38,DEF,4-5-1,2543,Natan,Natan Bernardo de Souza,2,37189203,2026-08-29T23:25:42+02:00,0
2026-08-30T0758Z,laliga,38,DEF,4-5-1,2999,Mantilla,Álvaro Mantilla,2,2220388,2026-08-29T23:25:42+02:00,0
2026-08-30T0758Z,laliga,38,MED,4-5-1,2464,Pepelu,José Luis García Vayá,3,9753844,2026-08-29T23:25:42+02:00,0
2026-08-30T0758Z,laliga,38,MED,4-5-1,2453,Agoumé,Lucien Agoumé,3,6773004,2026-08-29T23:25:42+02:00,0
2026-08-30T0758Z,laliga,38,MED,4-5-1,3099,Fornals,Pablo Fornals,3,60968042,2026-08-29T23:25:42+02:00,0
2026-08-30T0758Z,laliga,38,MED,4-5-1,2639,M. Román,Miguel Román,3,5978398,2026-08-29T23:25:42+02:00,0
2026-08-30T0758Z,laliga,38,MED,4-5-1,680,Moi Gómez,Moi Gómez,3,1997714,2026-08-29T23:25:42+02:00,0
2026-08-30T0758Z,laliga,38,DEL,4-5-1,3002,Iñigo Vicente,Iñigo Vicente,4,22925455,2026-08-29T23:25:42+02:00,0
2026-08-30T2111Z,laliga,38,POR,4-5-1,2713,Ionut Radu,Ionut Radu,1,35338741,2026-08-29T23:25:42+02:00,0
2026-08-30T2111Z,laliga,38,DEF,4-5-1,2390,Starfelt,Carl Starfelt,2,11582842,2026-08-29T23:25:42+02:00,0
2026-08-30T2111Z,laliga,38,DEF,4-5-1,1930,El Hilali,Omar El Hilali,2,12073627,2026-08-29T23:25:42+02:00,0
2026-08-30T2111Z,laliga,38,DEF,4-5-1,2543,Natan,Natan Bernardo de Souza,2,37189203,2026-08-29T23:25:42+02:00,0
2026-08-30T2111Z,laliga,38,DEF,4-5-1,2999,Mantilla,Álvaro Mantilla,2,2220388,2026-08-29T23:25:42+02:00,0
2026-08-30T2111Z,laliga,38,MED,4-5-1,2464,Pepelu,José Luis García Vayá,3,9753844,2026-08-29T23:25:42+02:00,0
2026-08-30T2111Z,laliga,38,MED,4-5-1,2453,Agoumé,Lucien Agoumé,3,6773004,2026-08-29T23:25:42+02:00,0
2026-08-30T2111Z,laliga,38,MED,4-5-1,3099,Fornals,Pablo Fornals,3,60968042,2026-08-29T23:25:42+02:00,0
2026-08-30T2111Z,laliga,38,MED,4-5-1,2639,M. Román,Miguel Román,3,5978398,2026-08-29T23:25:42+02:00,0
2026-08-30T2111Z,laliga,38,MED,4-5-1,680,Moi Gómez,Moi Gómez,3,1997714,2026-08-29T23:25:42+02:00,0
2026-08-30T2111Z,laliga,38,DEL,4-5-1,3002,Iñigo Vicente,Iñigo Vicente,4,22925455,2026-08-29T23:25:42+02:00,0
2026-08-30T2148Z,laliga,38,POR,5-4-1,2713,Ionut Radu,Ionut Radu,1,35338741,2026-08-30T23:15:19+02:00,0
2026-08-30T2148Z,laliga,38,DEF,5-4-1,2390,Starfelt,Carl Starfelt,2,11582842,2026-08-30T23:15:19+02:00,0
2026-08-30T2148Z,laliga,38,DEF,5-4-1,1930,El Hilali,Omar El Hilali,2,12073627,2026-08-30T23:15:19+02:00,0
2026-08-30T2148Z,laliga,38,DEF,5-4-1,3123,Marcos Alonso,Marcos Alonso,2,28722014,2026-08-30T23:15:19+02:00,0
2026-08-30T2148Z,laliga,38,DEF,5-4-1,2543,Natan,Natan Bernardo de Souza,2,37189203,2026-08-30T23:15:19+02:00,0
2026-08-30T2148Z,laliga,38,DEF,5-4-1,2999,Mantilla,Álvaro Mantilla,2,2220388,2026-08-30T23:15:19+02:00,0
2026-08-30T2148Z,laliga,38,MED,5-4-1,2464,Pepelu,José Luis García Vayá,3,9753844,2026-08-30T23:15:19+02:00,0
2026-08-30T2148Z,laliga,38,MED,5-4-1,2453,Agoumé,Lucien Agoumé,3,6773004,2026-08-30T23:15:19+02:00,0
2026-08-30T2148Z,laliga,38,MED,5-4-1,3099,Fornals,Pablo Fornals,3,60968042,2026-08-30T23:15:19+02:00,0
2026-08-30T2148Z,laliga,38,MED,5-4-1,2639,M. Román,Miguel Román,3,5978398,2026-08-30T23:15:19+02:00,0
2026-08-30T2148Z,laliga,38,DEL,5-4-1,3002,Iñigo Vicente,Iñigo Vicente,4,22925455,2026-08-30T23:15:19+02:00,0
2026-08-30T2242Z,laliga,38,POR,5-4-1,2713,Ionut Radu,Ionut Radu,1,35338741,2026-08-30T23:15:19+02:00,0
2026-08-30T2242Z,laliga,38,DEF,5-4-1,2390,Starfelt,Carl Starfelt,2,11582842,2026-08-30T23:15:19+02:00,0
2026-08-30T2242Z,laliga,38,DEF,5-4-1,1930,El Hilali,Omar El Hilali,2,12073627,2026-08-30T23:15:19+02:00,0
2026-08-30T2242Z,laliga,38,DEF,5-4-1,3123,Marcos Alonso,Marcos Alonso,2,28722014,2026-08-30T23:15:19+02:00,0
2026-08-30T2242Z,laliga,38,DEF,5-4-1,2543,Natan,Natan Bernardo de Souza,2,37189203,2026-08-30T23:15:19+02:00,0
2026-08-30T2242Z,laliga,38,DEF,5-4-1,2999,Mantilla,Álvaro Mantilla,2,2220388,2026-08-30T23:15:19+02:00,0
2026-08-30T2242Z,laliga,38,MED,5-4-1,2464,Pepelu,José Luis García Vayá,3,9753844,2026-08-30T23:15:19+02:00,0
2026-08-30T2242Z,laliga,38,MED,5-4-1,2453,Agoumé,Lucien Agoumé,3,6773004,2026-08-30T23:15:19+02:00,0
2026-08-30T2242Z,laliga,38,MED,5-4-1,3099,Fornals,Pablo Fornals,3,60968042,2026-08-30T23:15:19+02:00,0
2026-08-30T2242Z,laliga,38,MED,5-4-1,2639,M. Román,Miguel Román,3,5978398,2026-08-30T23:15:19+02:00,0
2026-08-30T2242Z,laliga,38,DEL,5-4-1,3002,Iñigo Vicente,Iñigo Vicente,4,22925455,2026-08-30T23:15:19+02:00,0
2026-08-31T0523Z,laliga,38,POR,5-4-1,2713,Ionut Radu,Ionut Radu,1,35338741,2026-08-30T23:15:19+02:00,0
2026-08-31T0523Z,laliga,38,DEF,5-4-1,2390,Starfelt,Carl Starfelt,2,11582842,2026-08-30T23:15:19+02:00,0
2026-08-31T0523Z,laliga,38,DEF,5-4-1,1930,El Hilali,Omar El Hilali,2,12073627,2026-08-30T23:15:19+02:00,0
2026-08-31T0523Z,laliga,38,DEF,5-4-1,3123,Marcos Alonso,Marcos Alonso,2,28722014,2026-08-30T23:15:19+02:00,0
2026-08-31T0523Z,laliga,38,DEF,5-4-1,2543,Natan,Natan Bernardo de Souza,2,37189203,2026-08-30T23:15:19+02:00,0
2026-08-31T0523Z,laliga,38,DEF,5-4-1,2999,Mantilla,Álvaro Mantilla,2,2220388,2026-08-30T23:15:19+02:00,0
2026-08-31T0523Z,laliga,38,MED,5-4-1,2464,Pepelu,José Luis García Vayá,3,9753844,2026-08-30T23:15:19+02:00,0
2026-08-31T0523Z,laliga,38,MED,5-4-1,2453,Agoumé,Lucien Agoumé,3,6773004,2026-08-30T23:15:19+02:00,0
2026-08-31T0523Z,laliga,38,MED,5-4-1,3099,Fornals,Pablo Fornals,3,60968042,2026-08-30T23:15:19+02:00,0
2026-08-31T0523Z,laliga,38,MED,5-4-1,2639,M. Román,Miguel Román,3,5978398,2026-08-30T23:15:19+02:00,0
2026-08-31T0523Z,laliga,38,DEL,5-4-1,3002,Iñigo Vicente,Iñigo Vicente,4,22925455,2026-08-30T23:15:19+02:00,0
2026-08-31T0635Z,laliga,38,POR,5-4-1,2713,Ionut Radu,Ionut Radu,1,35338741,2026-08-30T23:15:19+02:00,0
2026-08-31T0635Z,laliga,38,DEF,5-4-1,2390,Starfelt,Carl Starfelt,2,11582842,2026-08-30T23:15:19+02:00,0
2026-08-31T0635Z,laliga,38,DEF,5-4-1,1930,El Hilali,Omar El Hilali,2,12073627,2026-08-30T23:15:19+02:00,0
2026-08-31T0635Z,laliga,38,DEF,5-4-1,3123,Marcos Alonso,Marcos Alonso,2,28722014,2026-08-30T23:15:19+02:00,0
2026-08-31T0635Z,laliga,38,DEF,5-4-1,2543,Natan,Natan Bernardo de Souza,2,37189203,2026-08-30T23:15:19+02:00,0
2026-08-31T0635Z,laliga,38,DEF,5-4-1,2999,Mantilla,Álvaro Mantilla,2,2220388,2026-08-30T23:15:19+02:00,0
2026-08-31T0635Z,laliga,38,MED,5-4-1,2464,Pepelu,José Luis García Vayá,3,9753844,2026-08-30T23:15:19+02:00,0
2026-08-31T0635Z,laliga,38,MED,5-4-1,2453,Agoumé,Lucien Agoumé,3,6773004,2026-08-30T23:15:19+02:00,0
2026-08-31T0635Z,laliga,38,MED,5-4-1,3099,Fornals,Pablo Fornals,3,60968042,2026-08-30T23:15:19+02:00,0
2026-08-31T0635Z,laliga,38,MED,5-4-1,2639,M. Román,Miguel Román,3,5978398,2026-08-30T23:15:19+02:00,0
2026-08-31T0635Z,laliga,38,DEL,5-4-1,3002,Iñigo Vicente,Iñigo Vicente,4,22925455,2026-08-30T23:15:19+02:00,0
2026-08-31T2215Z,laliga,38,POR,5-4-1,2713,Ionut Radu,Ionut Radu,1,35338741,2026-08-30T23:15:19+02:00,0
2026-08-31T2215Z,laliga,38,DEF,5-4-1,2390,Starfelt,Carl Starfelt,2,11582842,2026-08-30T23:15:19+02:00,0
2026-08-31T2215Z,laliga,38,DEF,5-4-1,1930,El Hilali,Omar El Hilali,2,12073627,2026-08-30T23:15:19+02:00,0
2026-08-31T2215Z,laliga,38,DEF,5-4-1,3123,Marcos Alonso,Marcos Alonso,2,28722014,2026-08-30T23:15:19+02:00,0
2026-08-31T2215Z,laliga,38,DEF,5-4-1,2543,Natan,Natan Bernardo de Souza,2,37189203,2026-08-30T23:15:19+02:00,0
2026-08-31T2215Z,laliga,38,DEF,5-4-1,2999,Mantilla,Álvaro Mantilla,2,2220388,2026-08-30T23:15:19+02:00,0
2026-08-31T2215Z,laliga,38,MED,5-4-1,2464,Pepelu,José Luis García Vayá,3,9753844,2026-08-30T23:15:19+02:00,0
2026-08-31T2215Z,laliga,38,MED,5-4-1,2453,Agoumé,Lucien Agoumé,3,6773004,2026-08-30T23:15:19+02:00,0
2026-08-31T2215Z,laliga,38,MED,5-4-1,3099,Fornals,Pablo Fornals,3,60968042,2026-08-30T23:15:19+02:00,0
2026-08-31T2215Z,laliga,38,MED,5-4-1,2639,M. Román,Miguel Román,3,5978398,2026-08-30T23:15:19+02:00,0
2026-08-31T2215Z,laliga,38,DEL,5-4-1,3002,Iñigo Vicente,Iñigo Vicente,4,22925455,2026-08-30T23:15:19+02:00,0
2026-08-31T2244Z,laliga,38,POR,5-4-1,2713,Ionut Radu,Ionut Radu,1,35338741,2026-08-30T23:15:19+02:00,0
2026-08-31T2244Z,laliga,38,DEF,5-4-1,2390,Starfelt,Carl Starfelt,2,11582842,2026-08-30T23:15:19+02:00,0
2026-08-31T2244Z,laliga,38,DEF,5-4-1,1930,El Hilali,Omar El Hilali,2,12073627,2026-08-30T23:15:19+02:00,0
2026-08-31T2244Z,laliga,38,DEF,5-4-1,3123,Marcos Alonso,Marcos Alonso,2,28722014,2026-08-30T23:15:19+02:00,0
2026-08-31T2244Z,laliga,38,DEF,5-4-1,2543,Natan,Natan Bernardo de Souza,2,37189203,2026-08-30T23:15:19+02:00,0
2026-08-31T2244Z,laliga,38,DEF,5-4-1,2999,Mantilla,Álvaro Mantilla,2,2220388,2026-08-30T23:15:19+02:00,0
2026-08-31T2244Z,laliga,38,MED,5-4-1,2464,Pepelu,José Luis García Vayá,3,9753844,2026-08-30T23:15:19+02:00,0
2026-08-31T2244Z,laliga,38,MED,5-4-1,2453,Agoumé,Lucien Agoumé,3,6773004,2026-08-30T23:15:19+02:00,0
2026-08-31T2244Z,laliga,38,MED,5-4-1,3099,Fornals,Pablo Fornals,3,60968042,2026-08-30T23:15:19+02:00,0
2026-08-31T2244Z,laliga,38,MED,5-4-1,2639,M. Román,Miguel Román,3,5978398,2026-08-30T23:15:19+02:00,0
2026-08-31T2244Z,laliga,38,DEL,5-4-1,3002,Iñigo Vicente,Iñigo Vicente,4,22925455,2026-08-30T23:15:19+02:00,0
2026-08-31T2252Z,laliga,38,POR,5-4-1,2713,Ionut Radu,Ionut Radu,1,35338741,2026-08-30T23:15:19+02:00,0
2026-08-31T2252Z,laliga,38,DEF,5-4-1,2390,Starfelt,Carl Starfelt,2,11582842,2026-08-30T23:15:19+02:00,0
2026-08-31T2252Z,laliga,38,DEF,5-4-1,1930,El Hilali,Omar El Hilali,2,12073627,2026-08-30T23:15:19+02:00,0
2026-08-31T2252Z,laliga,38,DEF,5-4-1,3123,Marcos Alonso,Marcos Alonso,2,28722014,2026-08-30T23:15:19+02:00,0
2026-08-31T2252Z,laliga,38,DEF,5-4-1,2543,Natan,Natan Bernardo de Souza,2,37189203,2026-08-30T23:15:19+02:00,0
2026-08-31T2252Z,laliga,38,DEF,5-4-1,2999,Mantilla,Álvaro Mantilla,2,2220388,2026-08-30T23:15:19+02:00,0
2026-08-31T2252Z,laliga,38,MED,5-4-1,2464,Pepelu,José Luis García Vayá,3,9753844,2026-08-30T23:15:19+02:00,0
2026-08-31T2252Z,laliga,38,MED,5-4-1,2453,Agoumé,Lucien Agoumé,3,6773004,2026-08-30T23:15:19+02:00,0
2026-08-31T2252Z,laliga,38,MED,5-4-1,3099,Fornals,Pablo Fornals,3,60968042,2026-08-30T23:15:19+02:00,0
2026-08-31T2252Z,laliga,38,MED,5-4-1,2639,M. Román,Miguel Román,3,5978398,2026-08-30T23:15:19+02:00,0
2026-08-31T2252Z,laliga,38,DEL,5-4-1,3002,Iñigo Vicente,Iñigo Vicente,4,22925455,2026-08-30T23:15:19+02:00,0
2026-09-01T0730Z,laliga,38,POR,5-4-1,2713,Ionut Radu,Ionut Radu,1,35338741,2026-08-30T23:15:19+02:00,0
2026-09-01T0730Z,laliga,38,DEF,5-4-1,2390,Starfelt,Carl Starfelt,2,11582842,2026-08-30T23:15:19+02:00,0
2026-09-01T0730Z,laliga,38,DEF,5-4-1,1930,El Hilali,Omar El Hilali,2,12073627,2026-08-30T23:15:19+02:00,0
2026-09-01T0730Z,laliga,38,DEF,5-4-1,3123,Marcos Alonso,Marcos Alonso,2,28722014,2026-08-30T23:15:19+02:00,0
2026-09-01T0730Z,laliga,38,DEF,5-4-1,2543,Natan,Natan Bernardo de Souza,2,37189203,2026-08-30T23:15:19+02:00,0
2026-09-01T0730Z,laliga,38,DEF,5-4-1,2999,Mantilla,Álvaro Mantilla,2,2220388,2026-08-30T23:15:19+02:00,0
2026-09-01T0730Z,laliga,38,MED,5-4-1,2464,Pepelu,José Luis García Vayá,3,9753844,2026-08-30T23:15:19+02:00,0
2026-09-01T0730Z,laliga,38,MED,5-4-1,2453,Agoumé,Lucien Agoumé,3,6773004,2026-08-30T23:15:19+02:00,0
2026-09-01T0730Z,laliga,38,MED,5-4-1,3099,Fornals,Pablo Fornals,3,60968042,2026-08-30T23:15:19+02:00,0
2026-09-01T0730Z,laliga,38,MED,5-4-1,2639,M. Román,Miguel Román,3,5978398,2026-08-30T23:15:19+02:00,0
2026-09-01T0730Z,laliga,38,DEL,5-4-1,3002,Iñigo Vicente,Iñigo Vicente,4,22925455,2026-08-30T23:15:19+02:00,0
2026-09-01T0759Z,laliga,38,POR,5-4-1,2713,Ionut Radu,Ionut Radu,1,35338741,2026-08-30T23:15:19+02:00,0
2026-09-01T0759Z,laliga,38,DEF,5-4-1,2390,Starfelt,Carl Starfelt,2,11582842,2026-08-30T23:15:19+02:00,0
2026-09-01T0759Z,laliga,38,DEF,5-4-1,1930,El Hilali,Omar El Hilali,2,12073627,2026-08-30T23:15:19+02:00,0
2026-09-01T0759Z,laliga,38,DEF,5-4-1,3123,Marcos Alonso,Marcos Alonso,2,28722014,2026-08-30T23:15:19+02:00,0
2026-09-01T0759Z,laliga,38,DEF,5-4-1,2543,Natan,Natan Bernardo de Souza,2,37189203,2026-08-30T23:15:19+02:00,0
2026-09-01T0759Z,laliga,38,DEF,5-4-1,2999,Mantilla,Álvaro Mantilla,2,2220388,2026-08-30T23:15:19+02:00,0
2026-09-01T0759Z,laliga,38,MED,5-4-1,2464,Pepelu,José Luis García Vayá,3,9753844,2026-08-30T23:15:19+02:00,0
2026-09-01T0759Z,laliga,38,MED,5-4-1,2453,Agoumé,Lucien Agoumé,3,6773004,2026-08-30T23:15:19+02:00,0
2026-09-01T0759Z,laliga,38,MED,5-4-1,3099,Fornals,Pablo Fornals,3,60968042,2026-08-30T23:15:19+02:00,0
2026-09-01T0759Z,laliga,38,MED,5-4-1,2639,M. Román,Miguel Román,3,5978398,2026-08-30T23:15:19+02:00,0
2026-09-01T0759Z,laliga,38,DEL,5-4-1,3002,Iñigo Vicente,Iñigo Vicente,4,22925455,2026-08-30T23:15:19+02:00,0
2026-09-01T1056Z,laliga,38,POR,5-4-1,2713,Ionut Radu,Ionut Radu,1,35338741,2026-08-30T23:15:19+02:00,0
2026-09-01T1056Z,laliga,38,DEF,5-4-1,2390,Starfelt,Carl Starfelt,2,11582842,2026-08-30T23:15:19+02:00,0
2026-09-01T1056Z,laliga,38,DEF,5-4-1,1930,El Hilali,Omar El Hilali,2,12073627,2026-08-30T23:15:19+02:00,0
2026-09-01T1056Z,laliga,38,DEF,5-4-1,3123,Marcos Alonso,Marcos Alonso,2,28722014,2026-08-30T23:15:19+02:00,0
2026-09-01T1056Z,laliga,38,DEF,5-4-1,2543,Natan,Natan Bernardo de Souza,2,37189203,2026-08-30T23:15:19+02:00,0
2026-09-01T1056Z,laliga,38,DEF,5-4-1,2999,Mantilla,Álvaro Mantilla,2,2220388,2026-08-30T23:15:19+02:00,0
2026-09-01T1056Z,laliga,38,MED,5-4-1,2464,Pepelu,José Luis García Vayá,3,9753844,2026-08-30T23:15:19+02:00,0
2026-09-01T1056Z,laliga,38,MED,5-4-1,2453,Agoumé,Lucien Agoumé,3,6773004,2026-08-30T23:15:19+02:00,0
2026-09-01T1056Z,laliga,38,MED,5-4-1,3099,Fornals,Pablo Fornals,3,60968042,2026-08-30T23:15:19+02:00,0
2026-09-01T1056Z,laliga,38,MED,5-4-1,2639,M. Román,Miguel Román,3,5978398,2026-08-30T23:15:19+02:00,0
2026-09-01T1056Z,laliga,38,DEL,5-4-1,3002,Iñigo Vicente,Iñigo Vicente,4,22925455,2026-08-30T23:15:19+02:00,0
2026-09-01T2039Z,laliga,38,POR,5-4-1,2713,Ionut Radu,Ionut Radu,1,35338741,2026-08-30T23:15:19+02:00,0
2026-09-01T2039Z,laliga,38,DEF,5-4-1,2390,Starfelt,Carl Starfelt,2,11582842,2026-08-30T23:15:19+02:00,0
2026-09-01T2039Z,laliga,38,DEF,5-4-1,1930,El Hilali,Omar El Hilali,2,12073627,2026-08-30T23:15:19+02:00,0
2026-09-01T2039Z,laliga,38,DEF,5-4-1,3123,Marcos Alonso,Marcos Alonso,2,28722014,2026-08-30T23:15:19+02:00,0
2026-09-01T2039Z,laliga,38,DEF,5-4-1,2543,Natan,Natan Bernardo de Souza,2,37189203,2026-08-30T23:15:19+02:00,0
2026-09-01T2039Z,laliga,38,DEF,5-4-1,2999,Mantilla,Álvaro Mantilla,2,2220388,2026-08-30T23:15:19+02:00,0
2026-09-01T2039Z,laliga,38,MED,5-4-1,2464,Pepelu,José Luis García Vayá,3,9753844,2026-08-30T23:15:19+02:00,0
2026-09-01T2039Z,laliga,38,MED,5-4-1,2453,Agoumé,Lucien Agoumé,3,6773004,2026-08-30T23:15:19+02:00,0
2026-09-01T2039Z,laliga,38,MED,5-4-1,3099,Fornals,Pablo Fornals,3,60968042,2026-08-30T23:15:19+02:00,0
2026-09-01T2039Z,laliga,38,MED,5-4-1,2639,M. Román,Miguel Román,3,5978398,2026-08-30T23:15:19+02:00,0
2026-09-01T2039Z,laliga,38,DEL,5-4-1,3002,Iñigo Vicente,Iñigo Vicente,4,22925455,2026-08-30T23:15:19+02:00,0
2026-09-01T2106Z,laliga,38,POR,4-5-1,2713,Ionut Radu,Ionut Radu,1,35019858,2026-09-01T22:46:46+02:00,0
2026-09-01T2106Z,laliga,38,DEF,4-5-1,2390,Starfelt,Carl Starfelt,2,11034397,2026-09-01T22:46:46+02:00,0
2026-09-01T2106Z,laliga,38,DEF,4-5-1,1930,El Hilali,Omar El Hilali,2,12319882,2026-09-01T22:46:46+02:00,0
2026-09-01T2106Z,laliga,38,DEF,4-5-1,3123,Marcos Alonso,Marcos Alonso,2,27384881,2026-09-01T22:46:46+02:00,0
2026-09-01T2106Z,laliga,38,DEF,4-5-1,2543,Natan,Natan Bernardo de Souza,2,35819674,2026-09-01T22:46:46+02:00,0
2026-09-01T2106Z,laliga,38,MED,4-5-1,2464,Pepelu,José Luis García Vayá,3,10018835,2026-09-01T22:46:46+02:00,0
2026-09-01T2106Z,laliga,38,MED,4-5-1,2453,Agoumé,Lucien Agoumé,3,6928277,2026-09-01T22:46:46+02:00,0
2026-09-01T2106Z,laliga,38,MED,4-5-1,3099,Fornals,Pablo Fornals,3,59127612,2026-09-01T22:46:46+02:00,0
2026-09-01T2106Z,laliga,38,MED,4-5-1,2639,M. Román,Miguel Román,3,6512221,2026-09-01T22:46:46+02:00,0
2026-09-01T2106Z,laliga,38,MED,4-5-1,680,Moi Gómez,Moi Gómez,3,2114815,2026-09-01T22:46:46+02:00,0
2026-09-01T2106Z,laliga,38,DEL,4-5-1,3002,Iñigo Vicente,Iñigo Vicente,4,24419896,2026-09-01T22:46:46+02:00,0
2026-09-01T2244Z,laliga,38,POR,4-5-1,2713,Ionut Radu,Ionut Radu,1,35019858,2026-09-01T22:46:46+02:00,0
2026-09-01T2244Z,laliga,38,DEF,4-5-1,2390,Starfelt,Carl Starfelt,2,11034397,2026-09-01T22:46:46+02:00,0
2026-09-01T2244Z,laliga,38,DEF,4-5-1,1930,El Hilali,Omar El Hilali,2,12319882,2026-09-01T22:46:46+02:00,0
2026-09-01T2244Z,laliga,38,DEF,4-5-1,3123,Marcos Alonso,Marcos Alonso,2,27384881,2026-09-01T22:46:46+02:00,0
2026-09-01T2244Z,laliga,38,DEF,4-5-1,2543,Natan,Natan Bernardo de Souza,2,35819674,2026-09-01T22:46:46+02:00,0
2026-09-01T2244Z,laliga,38,MED,4-5-1,2464,Pepelu,José Luis García Vayá,3,10018835,2026-09-01T22:46:46+02:00,0
2026-09-01T2244Z,laliga,38,MED,4-5-1,2453,Agoumé,Lucien Agoumé,3,6928277,2026-09-01T22:46:46+02:00,0
2026-09-01T2244Z,laliga,38,MED,4-5-1,3099,Fornals,Pablo Fornals,3,59127612,2026-09-01T22:46:46+02:00,0
2026-09-01T2244Z,laliga,38,MED,4-5-1,2639,M. Román,Miguel Román,3,6512221,2026-09-01T22:46:46+02:00,0
2026-09-01T2244Z,laliga,38,MED,4-5-1,680,Moi Gómez,Moi Gómez,3,2114815,2026-09-01T22:46:46+02:00,0
2026-09-01T2244Z,laliga,38,DEL,4-5-1,3002,Iñigo Vicente,Iñigo Vicente,4,24419896,2026-09-01T22:46:46+02:00,0
2026-09-02T0705Z,laliga,38,POR,4-5-1,2713,Ionut Radu,Ionut Radu,1,35019858,2026-09-01T22:46:46+02:00,0
2026-09-02T0705Z,laliga,38,DEF,4-5-1,2390,Starfelt,Carl Starfelt,2,11034397,2026-09-01T22:46:46+02:00,0
2026-09-02T0705Z,laliga,38,DEF,4-5-1,1930,El Hilali,Omar El Hilali,2,12319882,2026-09-01T22:46:46+02:00,0
2026-09-02T0705Z,laliga,38,DEF,4-5-1,3123,Marcos Alonso,Marcos Alonso,2,27384881,2026-09-01T22:46:46+02:00,0
2026-09-02T0705Z,laliga,38,DEF,4-5-1,2543,Natan,Natan Bernardo de Souza,2,35819674,2026-09-01T22:46:46+02:00,0
2026-09-02T0705Z,laliga,38,MED,4-5-1,2464,Pepelu,José Luis García Vayá,3,10018835,2026-09-01T22:46:46+02:00,0
2026-09-02T0705Z,laliga,38,MED,4-5-1,2453,Agoumé,Lucien Agoumé,3,6928277,2026-09-01T22:46:46+02:00,0
2026-09-02T0705Z,laliga,38,MED,4-5-1,3099,Fornals,Pablo Fornals,3,59127612,2026-09-01T22:46:46+02:00,0
2026-09-02T0705Z,laliga,38,MED,4-5-1,2639,M. Román,Miguel Román,3,6512221,2026-09-01T22:46:46+02:00,0
2026-09-02T0705Z,laliga,38,MED,4-5-1,680,Moi Gómez,Moi Gómez,3,2114815,2026-09-01T22:46:46+02:00,0
2026-09-02T0705Z,laliga,38,DEL,4-5-1,3002,Iñigo Vicente,Iñigo Vicente,4,24419896,2026-09-01T22:46:46+02:00,0
2026-09-02T0943Z,laliga,38,POR,4-5-1,2713,Ionut Radu,Ionut Radu,1,34873239,2026-09-02T09:24:41+02:00,0
2026-09-02T0943Z,laliga,38,DEF,4-5-1,2390,Starfelt,Carl Starfelt,2,10738240,2026-09-02T09:24:41+02:00,0
2026-09-02T0943Z,laliga,38,DEF,4-5-1,1930,El Hilali,Omar El Hilali,2,12323026,2026-09-02T09:24:41+02:00,0
2026-09-02T0943Z,laliga,38,DEF,4-5-1,3123,Marcos Alonso,Marcos Alonso,2,26951476,2026-09-02T09:24:41+02:00,0
2026-09-02T0943Z,laliga,38,DEF,4-5-1,2999,Mantilla,Álvaro Mantilla,2,2107006,2026-09-02T09:24:41+02:00,0
2026-09-02T0943Z,laliga,38,MED,4-5-1,2464,Pepelu,José Luis García Vayá,3,9940922,2026-09-02T09:24:41+02:00,0
2026-09-02T0943Z,laliga,38,MED,4-5-1,2453,Agoumé,Lucien Agoumé,3,6950486,2026-09-02T09:24:41+02:00,0
2026-09-02T0943Z,laliga,38,MED,4-5-1,3099,Fornals,Pablo Fornals,3,57668577,2026-09-02T09:24:41+02:00,0
2026-09-02T0943Z,laliga,38,MED,4-5-1,2639,M. Román,Miguel Román,3,6844129,2026-09-02T09:24:41+02:00,0
2026-09-02T0943Z,laliga,38,MED,4-5-1,680,Moi Gómez,Moi Gómez,3,2307327,2026-09-02T09:24:41+02:00,0
2026-09-02T0943Z,laliga,38,DEL,4-5-1,3002,Iñigo Vicente,Iñigo Vicente,4,24884252,2026-09-02T09:24:41+02:00,0
2026-09-02T1058Z,laliga,38,POR,4-5-1,2713,Ionut Radu,Ionut Radu,1,34873239,2026-09-02T09:24:41+02:00,0
2026-09-02T1058Z,laliga,38,DEF,4-5-1,2390,Starfelt,Carl Starfelt,2,10738240,2026-09-02T09:24:41+02:00,0
2026-09-02T1058Z,laliga,38,DEF,4-5-1,1930,El Hilali,Omar El Hilali,2,12323026,2026-09-02T09:24:41+02:00,0
2026-09-02T1058Z,laliga,38,DEF,4-5-1,3123,Marcos Alonso,Marcos Alonso,2,26951476,2026-09-02T09:24:41+02:00,0
2026-09-02T1058Z,laliga,38,DEF,4-5-1,2999,Mantilla,Álvaro Mantilla,2,2107006,2026-09-02T09:24:41+02:00,0
2026-09-02T1058Z,laliga,38,MED,4-5-1,2464,Pepelu,José Luis García Vayá,3,9940922,2026-09-02T09:24:41+02:00,0
2026-09-02T1058Z,laliga,38,MED,4-5-1,2453,Agoumé,Lucien Agoumé,3,6950486,2026-09-02T09:24:41+02:00,0
2026-09-02T1058Z,laliga,38,MED,4-5-1,3099,Fornals,Pablo Fornals,3,57668577,2026-09-02T09:24:41+02:00,0
2026-09-02T1058Z,laliga,38,MED,4-5-1,2639,M. Román,Miguel Román,3,6844129,2026-09-02T09:24:41+02:00,0
2026-09-02T1058Z,laliga,38,MED,4-5-1,680,Moi Gómez,Moi Gómez,3,2307327,2026-09-02T09:24:41+02:00,0
2026-09-02T1058Z,laliga,38,DEL,4-5-1,3002,Iñigo Vicente,Iñigo Vicente,4,24884252,2026-09-02T09:24:41+02:00,0
2026-09-02T1429Z,laliga,38,POR,4-5-1,2713,Ionut Radu,Ionut Radu,1,34873239,2026-09-02T09:24:41+02:00,0
2026-09-02T1429Z,laliga,38,DEF,4-5-1,2390,Starfelt,Carl Starfelt,2,10738240,2026-09-02T09:24:41+02:00,0
2026-09-02T1429Z,laliga,38,DEF,4-5-1,1930,El Hilali,Omar El Hilali,2,12323026,2026-09-02T09:24:41+02:00,0
2026-09-02T1429Z,laliga,38,DEF,4-5-1,3123,Marcos Alonso,Marcos Alonso,2,26951476,2026-09-02T09:24:41+02:00,0
2026-09-02T1429Z,laliga,38,DEF,4-5-1,2999,Mantilla,Álvaro Mantilla,2,2107006,2026-09-02T09:24:41+02:00,0
2026-09-02T1429Z,laliga,38,MED,4-5-1,2464,Pepelu,José Luis García Vayá,3,9940922,2026-09-02T09:24:41+02:00,0
2026-09-02T1429Z,laliga,38,MED,4-5-1,2453,Agoumé,Lucien Agoumé,3,6950486,2026-09-02T09:24:41+02:00,0
2026-09-02T1429Z,laliga,38,MED,4-5-1,3099,Fornals,Pablo Fornals,3,57668577,2026-09-02T09:24:41+02:00,0
2026-09-02T1429Z,laliga,38,MED,4-5-1,2639,M. Román,Miguel Román,3,6844129,2026-09-02T09:24:41+02:00,0
2026-09-02T1429Z,laliga,38,MED,4-5-1,680,Moi Gómez,Moi Gómez,3,2307327,2026-09-02T09:24:41+02:00,0
2026-09-02T1429Z,laliga,38,DEL,4-5-1,3002,Iñigo Vicente,Iñigo Vicente,4,24884252,2026-09-02T09:24:41+02:00,0
2026-09-02T1508Z,laliga,38,POR,4-5-1,2713,Ionut Radu,Ionut Radu,1,34873239,2026-09-02T09:24:41+02:00,0
2026-09-02T1508Z,laliga,38,DEF,4-5-1,2390,Starfelt,Carl Starfelt,2,10738240,2026-09-02T09:24:41+02:00,0
2026-09-02T1508Z,laliga,38,DEF,4-5-1,1930,El Hilali,Omar El Hilali,2,12323026,2026-09-02T09:24:41+02:00,0
2026-09-02T1508Z,laliga,38,DEF,4-5-1,3123,Marcos Alonso,Marcos Alonso,2,26951476,2026-09-02T09:24:41+02:00,0
2026-09-02T1508Z,laliga,38,DEF,4-5-1,2999,Mantilla,Álvaro Mantilla,2,2107006,2026-09-02T09:24:41+02:00,0
2026-09-02T1508Z,laliga,38,MED,4-5-1,2464,Pepelu,José Luis García Vayá,3,9940922,2026-09-02T09:24:41+02:00,0
2026-09-02T1508Z,laliga,38,MED,4-5-1,2453,Agoumé,Lucien Agoumé,3,6950486,2026-09-02T09:24:41+02:00,0
2026-09-02T1508Z,laliga,38,MED,4-5-1,3099,Fornals,Pablo Fornals,3,57668577,2026-09-02T09:24:41+02:00,0
2026-09-02T1508Z,laliga,38,MED,4-5-1,2639,M. Román,Miguel Román,3,6844129,2026-09-02T09:24:41+02:00,0
2026-09-02T1508Z,laliga,38,MED,4-5-1,680,Moi Gómez,Moi Gómez,3,2307327,2026-09-02T09:24:41+02:00,0
2026-09-02T1508Z,laliga,38,DEL,4-5-1,3002,Iñigo Vicente,Iñigo Vicente,4,24884252,2026-09-02T09:24:41+02:00,0
2026-09-02T1626Z,laliga,38,POR,4-5-1,2713,Ionut Radu,Ionut Radu,1,34873239,2026-09-02T09:24:41+02:00,0
2026-09-02T1626Z,laliga,38,DEF,4-5-1,2390,Starfelt,Carl Starfelt,2,10738240,2026-09-02T09:24:41+02:00,0
2026-09-02T1626Z,laliga,38,DEF,4-5-1,1930,El Hilali,Omar El Hilali,2,12323026,2026-09-02T09:24:41+02:00,0
2026-09-02T1626Z,laliga,38,DEF,4-5-1,3123,Marcos Alonso,Marcos Alonso,2,26951476,2026-09-02T09:24:41+02:00,0
2026-09-02T1626Z,laliga,38,DEF,4-5-1,2999,Mantilla,Álvaro Mantilla,2,2107006,2026-09-02T09:24:41+02:00,0
2026-09-02T1626Z,laliga,38,MED,4-5-1,2464,Pepelu,José Luis García Vayá,3,9940922,2026-09-02T09:24:41+02:00,0
2026-09-02T1626Z,laliga,38,MED,4-5-1,2453,Agoumé,Lucien Agoumé,3,6950486,2026-09-02T09:24:41+02:00,0
2026-09-02T1626Z,laliga,38,MED,4-5-1,3099,Fornals,Pablo Fornals,3,57668577,2026-09-02T09:24:41+02:00,0
2026-09-02T1626Z,laliga,38,MED,4-5-1,2639,M. Román,Miguel Román,3,6844129,2026-09-02T09:24:41+02:00,0
2026-09-02T1626Z,laliga,38,MED,4-5-1,680,Moi Gómez,Moi Gómez,3,2307327,2026-09-02T09:24:41+02:00,0
2026-09-02T1626Z,laliga,38,DEL,4-5-1,3002,Iñigo Vicente,Iñigo Vicente,4,24884252,2026-09-02T09:24:41+02:00,0
2026-09-02T1634Z,laliga,38,POR,4-5-1,2713,Ionut Radu,Ionut Radu,1,34873239,2026-09-02T09:24:41+02:00,0
2026-09-02T1634Z,laliga,38,DEF,4-5-1,2390,Starfelt,Carl Starfelt,2,10738240,2026-09-02T09:24:41+02:00,0
2026-09-02T1634Z,laliga,38,DEF,4-5-1,1930,El Hilali,Omar El Hilali,2,12323026,2026-09-02T09:24:41+02:00,0
2026-09-02T1634Z,laliga,38,DEF,4-5-1,3123,Marcos Alonso,Marcos Alonso,2,26951476,2026-09-02T09:24:41+02:00,0
2026-09-02T1634Z,laliga,38,DEF,4-5-1,2999,Mantilla,Álvaro Mantilla,2,2107006,2026-09-02T09:24:41+02:00,0
2026-09-02T1634Z,laliga,38,MED,4-5-1,2464,Pepelu,José Luis García Vayá,3,9940922,2026-09-02T09:24:41+02:00,0
2026-09-02T1634Z,laliga,38,MED,4-5-1,2453,Agoumé,Lucien Agoumé,3,6950486,2026-09-02T09:24:41+02:00,0
2026-09-02T1634Z,laliga,38,MED,4-5-1,3099,Fornals,Pablo Fornals,3,57668577,2026-09-02T09:24:41+02:00,0
2026-09-02T1634Z,laliga,38,MED,4-5-1,2639,M. Román,Miguel Román,3,6844129,2026-09-02T09:24:41+02:00,0
2026-09-02T1634Z,laliga,38,MED,4-5-1,680,Moi Gómez,Moi Gómez,3,2307327,2026-09-02T09:24:41+02:00,0
2026-09-02T1634Z,laliga,38,DEL,4-5-1,3002,Iñigo Vicente,Iñigo Vicente,4,24884252,2026-09-02T09:24:41+02:00,0
2026-09-02T1824Z,laliga,38,POR,4-5-1,2713,Ionut Radu,Ionut Radu,1,34873239,2026-09-02T09:24:41+02:00,0
2026-09-02T1824Z,laliga,38,DEF,4-5-1,2390,Starfelt,Carl Starfelt,2,10738240,2026-09-02T09:24:41+02:00,0
2026-09-02T1824Z,laliga,38,DEF,4-5-1,1930,El Hilali,Omar El Hilali,2,12323026,2026-09-02T09:24:41+02:00,0
2026-09-02T1824Z,laliga,38,DEF,4-5-1,3123,Marcos Alonso,Marcos Alonso,2,26951476,2026-09-02T09:24:41+02:00,0
2026-09-02T1824Z,laliga,38,DEF,4-5-1,2999,Mantilla,Álvaro Mantilla,2,2107006,2026-09-02T09:24:41+02:00,0
2026-09-02T1824Z,laliga,38,MED,4-5-1,2464,Pepelu,José Luis García Vayá,3,9940922,2026-09-02T09:24:41+02:00,0
2026-09-02T1824Z,laliga,38,MED,4-5-1,2453,Agoumé,Lucien Agoumé,3,6950486,2026-09-02T09:24:41+02:00,0
2026-09-02T1824Z,laliga,38,MED,4-5-1,3099,Fornals,Pablo Fornals,3,57668577,2026-09-02T09:24:41+02:00,0
2026-09-02T1824Z,laliga,38,MED,4-5-1,2639,M. Román,Miguel Román,3,6844129,2026-09-02T09:24:41+02:00,0
2026-09-02T1824Z,laliga,38,MED,4-5-1,680,Moi Gómez,Moi Gómez,3,2307327,2026-09-02T09:24:41+02:00,0
2026-09-02T1824Z,laliga,38,DEL,4-5-1,3002,Iñigo Vicente,Iñigo Vicente,4,24884252,2026-09-02T09:24:41+02:00,0
2026-09-02T2243Z,laliga,38,POR,4-5-1,2713,Ionut Radu,Ionut Radu,1,34873239,2026-09-02T09:24:41+02:00,0
2026-09-02T2243Z,laliga,38,DEF,4-5-1,2390,Starfelt,Carl Starfelt,2,10738240,2026-09-02T09:24:41+02:00,0
2026-09-02T2243Z,laliga,38,DEF,4-5-1,1930,El Hilali,Omar El Hilali,2,12323026,2026-09-02T09:24:41+02:00,0
2026-09-02T2243Z,laliga,38,DEF,4-5-1,3123,Marcos Alonso,Marcos Alonso,2,26951476,2026-09-02T09:24:41+02:00,0
2026-09-02T2243Z,laliga,38,DEF,4-5-1,2999,Mantilla,Álvaro Mantilla,2,2107006,2026-09-02T09:24:41+02:00,0
2026-09-02T2243Z,laliga,38,MED,4-5-1,2464,Pepelu,José Luis García Vayá,3,9940922,2026-09-02T09:24:41+02:00,0
2026-09-02T2243Z,laliga,38,MED,4-5-1,2453,Agoumé,Lucien Agoumé,3,6950486,2026-09-02T09:24:41+02:00,0
2026-09-02T2243Z,laliga,38,MED,4-5-1,3099,Fornals,Pablo Fornals,3,57668577,2026-09-02T09:24:41+02:00,0
2026-09-02T2243Z,laliga,38,MED,4-5-1,2639,M. Román,Miguel Román,3,6844129,2026-09-02T09:24:41+02:00,0
2026-09-02T2243Z,laliga,38,MED,4-5-1,680,Moi Gómez,Moi Gómez,3,2307327,2026-09-02T09:24:41+02:00,0
2026-09-02T2243Z,laliga,38,DEL,4-5-1,3002,Iñigo Vicente,Iñigo Vicente,4,24884252,2026-09-02T09:24:41+02:00,0
2026-09-03T1034Z,laliga,38,POR,4-5-1,2713,Ionut Radu,Ionut Radu,1,34873239,2026-09-02T09:24:41+02:00,0
2026-09-03T1034Z,laliga,38,DEF,4-5-1,2390,Starfelt,Carl Starfelt,2,10738240,2026-09-02T09:24:41+02:00,0
2026-09-03T1034Z,laliga,38,DEF,4-5-1,1930,El Hilali,Omar El Hilali,2,12323026,2026-09-02T09:24:41+02:00,0
2026-09-03T1034Z,laliga,38,DEF,4-5-1,3123,Marcos Alonso,Marcos Alonso,2,26951476,2026-09-02T09:24:41+02:00,0
2026-09-03T1034Z,laliga,38,DEF,4-5-1,2999,Mantilla,Álvaro Mantilla,2,2107006,2026-09-02T09:24:41+02:00,0
2026-09-03T1034Z,laliga,38,MED,4-5-1,2464,Pepelu,José Luis García Vayá,3,9940922,2026-09-02T09:24:41+02:00,0
2026-09-03T1034Z,laliga,38,MED,4-5-1,2453,Agoumé,Lucien Agoumé,3,6950486,2026-09-02T09:24:41+02:00,0
2026-09-03T1034Z,laliga,38,MED,4-5-1,3099,Fornals,Pablo Fornals,3,57668577,2026-09-02T09:24:41+02:00,0
2026-09-03T1034Z,laliga,38,MED,4-5-1,2639,M. Román,Miguel Román,3,6844129,2026-09-02T09:24:41+02:00,0
2026-09-03T1034Z,laliga,38,MED,4-5-1,680,Moi Gómez,Moi Gómez,3,2307327,2026-09-02T09:24:41+02:00,0
2026-09-03T1034Z,laliga,38,DEL,4-5-1,3002,Iñigo Vicente,Iñigo Vicente,4,24884252,2026-09-02T09:24:41+02:00,0
2026-09-03T1901Z,laliga,38,POR,4-5-1,2713,Ionut Radu,Ionut Radu,1,34873239,2026-09-02T09:24:41+02:00,0
2026-09-03T1901Z,laliga,38,DEF,4-5-1,2390,Starfelt,Carl Starfelt,2,10738240,2026-09-02T09:24:41+02:00,0
2026-09-03T1901Z,laliga,38,DEF,4-5-1,1930,El Hilali,Omar El Hilali,2,12323026,2026-09-02T09:24:41+02:00,0
2026-09-03T1901Z,laliga,38,DEF,4-5-1,3123,Marcos Alonso,Marcos Alonso,2,26951476,2026-09-02T09:24:41+02:00,0
2026-09-03T1901Z,laliga,38,DEF,4-5-1,2999,Mantilla,Álvaro Mantilla,2,2107006,2026-09-02T09:24:41+02:00,0
2026-09-03T1901Z,laliga,38,MED,4-5-1,2464,Pepelu,José Luis García Vayá,3,9940922,2026-09-02T09:24:41+02:00,0
2026-09-03T1901Z,laliga,38,MED,4-5-1,2453,Agoumé,Lucien Agoumé,3,6950486,2026-09-02T09:24:41+02:00,0
2026-09-03T1901Z,laliga,38,MED,4-5-1,3099,Fornals,Pablo Fornals,3,57668577,2026-09-02T09:24:41+02:00,0
2026-09-03T1901Z,laliga,38,MED,4-5-1,2639,M. Román,Miguel Román,3,6844129,2026-09-02T09:24:41+02:00,0
2026-09-03T1901Z,laliga,38,MED,4-5-1,680,Moi Gómez,Moi Gómez,3,2307327,2026-09-02T09:24:41+02:00,0
2026-09-03T1901Z,laliga,38,DEL,4-5-1,3002,Iñigo Vicente,Iñigo Vicente,4,24884252,2026-09-02T09:24:41+02:00,0
2026-09-03T1916Z,laliga,38,POR,4-5-1,2713,Ionut Radu,Ionut Radu,1,34873239,2026-09-02T09:24:41+02:00,0
2026-09-03T1916Z,laliga,38,DEF,4-5-1,2390,Starfelt,Carl Starfelt,2,10738240,2026-09-02T09:24:41+02:00,0
2026-09-03T1916Z,laliga,38,DEF,4-5-1,1930,El Hilali,Omar El Hilali,2,12323026,2026-09-02T09:24:41+02:00,0
2026-09-03T1916Z,laliga,38,DEF,4-5-1,3123,Marcos Alonso,Marcos Alonso,2,26951476,2026-09-02T09:24:41+02:00,0
2026-09-03T1916Z,laliga,38,DEF,4-5-1,2999,Mantilla,Álvaro Mantilla,2,2107006,2026-09-02T09:24:41+02:00,0
2026-09-03T1916Z,laliga,38,MED,4-5-1,2464,Pepelu,José Luis García Vayá,3,9940922,2026-09-02T09:24:41+02:00,0
2026-09-03T1916Z,laliga,38,MED,4-5-1,2453,Agoumé,Lucien Agoumé,3,6950486,2026-09-02T09:24:41+02:00,0
2026-09-03T1916Z,laliga,38,MED,4-5-1,3099,Fornals,Pablo Fornals,3,57668577,2026-09-02T09:24:41+02:00,0
2026-09-03T1916Z,laliga,38,MED,4-5-1,2639,M. Román,Miguel Román,3,6844129,2026-09-02T09:24:41+02:00,0
2026-09-03T1916Z,laliga,38,MED,4-5-1,680,Moi Gómez,Moi Gómez,3,2307327,2026-09-02T09:24:41+02:00,0
2026-09-03T1916Z,laliga,38,DEL,4-5-1,3002,Iñigo Vicente,Iñigo Vicente,4,24884252,2026-09-02T09:24:41+02:00,0
2026-09-03T2206Z,laliga,38,POR,4-5-1,2713,Ionut Radu,Ionut Radu,1,34873239,2026-09-02T09:24:41+02:00,0
2026-09-03T2206Z,laliga,38,DEF,4-5-1,2390,Starfelt,Carl Starfelt,2,10738240,2026-09-02T09:24:41+02:00,0
2026-09-03T2206Z,laliga,38,DEF,4-5-1,1930,El Hilali,Omar El Hilali,2,12323026,2026-09-02T09:24:41+02:00,0
2026-09-03T2206Z,laliga,38,DEF,4-5-1,3123,Marcos Alonso,Marcos Alonso,2,26951476,2026-09-02T09:24:41+02:00,0
2026-09-03T2206Z,laliga,38,DEF,4-5-1,2999,Mantilla,Álvaro Mantilla,2,2107006,2026-09-02T09:24:41+02:00,0
2026-09-03T2206Z,laliga,38,MED,4-5-1,2464,Pepelu,José Luis García Vayá,3,9940922,2026-09-02T09:24:41+02:00,0
2026-09-03T2206Z,laliga,38,MED,4-5-1,2453,Agoumé,Lucien Agoumé,3,6950486,2026-09-02T09:24:41+02:00,0
2026-09-03T2206Z,laliga,38,MED,4-5-1,3099,Fornals,Pablo Fornals,3,57668577,2026-09-02T09:24:41+02:00,0
2026-09-03T2206Z,laliga,38,MED,4-5-1,2639,M. Román,Miguel Román,3,6844129,2026-09-02T09:24:41+02:00,0
2026-09-03T2206Z,laliga,38,MED,4-5-1,680,Moi Gómez,Moi Gómez,3,2307327,2026-09-02T09:24:41+02:00,0
2026-09-03T2206Z,laliga,38,DEL,4-5-1,3002,Iñigo Vicente,Iñigo Vicente,4,24884252,2026-09-02T09:24:41+02:00,0
2026-09-03T2243Z,laliga,38,POR,4-5-1,2713,Ionut Radu,Ionut Radu,1,34873239,2026-09-02T09:24:41+02:00,0
2026-09-03T2243Z,laliga,38,DEF,4-5-1,2390,Starfelt,Carl Starfelt,2,10738240,2026-09-02T09:24:41+02:00,0
2026-09-03T2243Z,laliga,38,DEF,4-5-1,1930,El Hilali,Omar El Hilali,2,12323026,2026-09-02T09:24:41+02:00,0
2026-09-03T2243Z,laliga,38,DEF,4-5-1,3123,Marcos Alonso,Marcos Alonso,2,26951476,2026-09-02T09:24:41+02:00,0
2026-09-03T2243Z,laliga,38,DEF,4-5-1,2999,Mantilla,Álvaro Mantilla,2,2107006,2026-09-02T09:24:41+02:00,0
2026-09-03T2243Z,laliga,38,MED,4-5-1,2464,Pepelu,José Luis García Vayá,3,9940922,2026-09-02T09:24:41+02:00,0
2026-09-03T2243Z,laliga,38,MED,4-5-1,2453,Agoumé,Lucien Agoumé,3,6950486,2026-09-02T09:24:41+02:00,0
2026-09-03T2243Z,laliga,38,MED,4-5-1,3099,Fornals,Pablo Fornals,3,57668577,2026-09-02T09:24:41+02:00,0
2026-09-03T2243Z,laliga,38,MED,4-5-1,2639,M. Román,Miguel Román,3,6844129,2026-09-02T09:24:41+02:00,0
2026-09-03T2243Z,laliga,38,MED,4-5-1,680,Moi Gómez,Moi Gómez,3,2307327,2026-09-02T09:24:41+02:00,0
2026-09-03T2243Z,laliga,38,DEL,4-5-1,3002,Iñigo Vicente,Iñigo Vicente,4,24884252,2026-09-02T09:24:41+02:00,0
2026-09-04T0506Z,laliga,38,POR,4-5-1,2713,Ionut Radu,Ionut Radu,1,34659056,2026-09-04T07:06:10+02:00,0
2026-09-04T0506Z,laliga,38,DEF,4-5-1,1930,El Hilali,Omar El Hilali,2,12611323,2026-09-04T07:06:10+02:00,0
2026-09-04T0506Z,laliga,38,DEF,4-5-1,3123,Marcos Alonso,Marcos Alonso,2,26469328,2026-09-04T07:06:10+02:00,0
2026-09-04T0506Z,laliga,38,DEF,4-5-1,2543,Natan,Natan Bernardo de Souza,2,33625424,2026-09-04T07:06:10+02:00,0
2026-09-04T0506Z,laliga,38,DEF,4-5-1,2999,Mantilla,Álvaro Mantilla,2,2054084,2026-09-04T07:06:10+02:00,0
2026-09-04T0506Z,laliga,38,MED,4-5-1,2464,Pepelu,José Luis García Vayá,3,9990007,2026-09-04T07:06:10+02:00,0
2026-09-04T0506Z,laliga,38,MED,4-5-1,2453,Agoumé,Lucien Agoumé,3,7103210,2026-09-04T07:06:10+02:00,0
2026-09-04T0506Z,laliga,38,MED,4-5-1,3099,Fornals,Pablo Fornals,3,55356380,2026-09-04T07:06:10+02:00,0
2026-09-04T0506Z,laliga,38,MED,4-5-1,2639,M. Román,Miguel Román,3,7542990,2026-09-04T07:06:10+02:00,0
2026-09-04T0506Z,laliga,38,MED,4-5-1,680,Moi Gómez,Moi Gómez,3,2732386,2026-09-04T07:06:10+02:00,0
2026-09-04T0506Z,laliga,38,DEL,4-5-1,3002,Iñigo Vicente,Iñigo Vicente,4,26206857,2026-09-04T07:06:10+02:00,0
2026-09-04T2242Z,laliga,38,POR,4-5-1,2713,Ionut Radu,Ionut Radu,1,34659056,2026-09-04T07:06:10+02:00,0
2026-09-04T2242Z,laliga,38,DEF,4-5-1,1930,El Hilali,Omar El Hilali,2,12611323,2026-09-04T07:06:10+02:00,0
2026-09-04T2242Z,laliga,38,DEF,4-5-1,3123,Marcos Alonso,Marcos Alonso,2,26469328,2026-09-04T07:06:10+02:00,0
2026-09-04T2242Z,laliga,38,DEF,4-5-1,2543,Natan,Natan Bernardo de Souza,2,33625424,2026-09-04T07:06:10+02:00,0
2026-09-04T2242Z,laliga,38,DEF,4-5-1,2999,Mantilla,Álvaro Mantilla,2,2054084,2026-09-04T07:06:10+02:00,0
2026-09-04T2242Z,laliga,38,MED,4-5-1,2464,Pepelu,José Luis García Vayá,3,9990007,2026-09-04T07:06:10+02:00,0
2026-09-04T2242Z,laliga,38,MED,4-5-1,2453,Agoumé,Lucien Agoumé,3,7103210,2026-09-04T07:06:10+02:00,0
2026-09-04T2242Z,laliga,38,MED,4-5-1,3099,Fornals,Pablo Fornals,3,55356380,2026-09-04T07:06:10+02:00,0
2026-09-04T2242Z,laliga,38,MED,4-5-1,2639,M. Román,Miguel Román,3,7542990,2026-09-04T07:06:10+02:00,0
2026-09-04T2242Z,laliga,38,MED,4-5-1,680,Moi Gómez,Moi Gómez,3,2732386,2026-09-04T07:06:10+02:00,0
2026-09-04T2242Z,laliga,38,DEL,4-5-1,3002,Iñigo Vicente,Iñigo Vicente,4,26206857,2026-09-04T07:06:10+02:00,0
2026-09-05T0712Z,laliga,38,POR,4-5-1,2713,Ionut Radu,Ionut Radu,1,34659056,2026-09-04T07:06:10+02:00,0
2026-09-05T0712Z,laliga,38,DEF,4-5-1,1930,El Hilali,Omar El Hilali,2,12611323,2026-09-04T07:06:10+02:00,0
2026-09-05T0712Z,laliga,38,DEF,4-5-1,3123,Marcos Alonso,Marcos Alonso,2,26469328,2026-09-04T07:06:10+02:00,0
2026-09-05T0712Z,laliga,38,DEF,4-5-1,2543,Natan,Natan Bernardo de Souza,2,33625424,2026-09-04T07:06:10+02:00,0
2026-09-05T0712Z,laliga,38,DEF,4-5-1,2999,Mantilla,Álvaro Mantilla,2,2054084,2026-09-04T07:06:10+02:00,0
2026-09-05T0712Z,laliga,38,MED,4-5-1,2464,Pepelu,José Luis García Vayá,3,9990007,2026-09-04T07:06:10+02:00,0
2026-09-05T0712Z,laliga,38,MED,4-5-1,2453,Agoumé,Lucien Agoumé,3,7103210,2026-09-04T07:06:10+02:00,0
2026-09-05T0712Z,laliga,38,MED,4-5-1,3099,Fornals,Pablo Fornals,3,55356380,2026-09-04T07:06:10+02:00,0
2026-09-05T0712Z,laliga,38,MED,4-5-1,2639,M. Román,Miguel Román,3,7542990,2026-09-04T07:06:10+02:00,0
2026-09-05T0712Z,laliga,38,MED,4-5-1,680,Moi Gómez,Moi Gómez,3,2732386,2026-09-04T07:06:10+02:00,0
2026-09-05T0712Z,laliga,38,DEL,4-5-1,3002,Iñigo Vicente,Iñigo Vicente,4,26206857,2026-09-04T07:06:10+02:00,0
2026-09-05T1806Z,laliga,38,POR,4-5-1,2713,Ionut Radu,Ionut Radu,1,34659056,2026-09-04T07:06:10+02:00,0
2026-09-05T1806Z,laliga,38,DEF,4-5-1,1930,El Hilali,Omar El Hilali,2,12611323,2026-09-04T07:06:10+02:00,0
2026-09-05T1806Z,laliga,38,DEF,4-5-1,3123,Marcos Alonso,Marcos Alonso,2,26469328,2026-09-04T07:06:10+02:00,0
2026-09-05T1806Z,laliga,38,DEF,4-5-1,2543,Natan,Natan Bernardo de Souza,2,33625424,2026-09-04T07:06:10+02:00,0
2026-09-05T1806Z,laliga,38,DEF,4-5-1,2999,Mantilla,Álvaro Mantilla,2,2054084,2026-09-04T07:06:10+02:00,0
2026-09-05T1806Z,laliga,38,MED,4-5-1,2464,Pepelu,José Luis García Vayá,3,9990007,2026-09-04T07:06:10+02:00,0
2026-09-05T1806Z,laliga,38,MED,4-5-1,2453,Agoumé,Lucien Agoumé,3,7103210,2026-09-04T07:06:10+02:00,0
2026-09-05T1806Z,laliga,38,MED,4-5-1,3099,Fornals,Pablo Fornals,3,55356380,2026-09-04T07:06:10+02:00,0
2026-09-05T1806Z,laliga,38,MED,4-5-1,2639,M. Román,Miguel Román,3,7542990,2026-09-04T07:06:10+02:00,0
2026-09-05T1806Z,laliga,38,MED,4-5-1,680,Moi Gómez,Moi Gómez,3,2732386,2026-09-04T07:06:10+02:00,0
2026-09-05T1806Z,laliga,38,DEL,4-5-1,3002,Iñigo Vicente,Iñigo Vicente,4,26206857,2026-09-04T07:06:10+02:00,0
