observed_at,source,market_id,player_id,player_name,player_name_full,position_id,market_value,sale_price,bids,seller,status,player_status,shielded,expires_at,bid_id,bid_money,bid_status
2026-08-17T2246Z,laliga,63777377,2527,Simeone,Diego Simeone,5,5387241,5552694,0,marketPlayerLeague,on_sale,ok,,2026-08-18T22:24:00+02:00,,,
2026-08-17T2246Z,laliga,63777378,3094,Edin Terzic,Edin Terzic,5,7179353,7462901,0,marketPlayerLeague,on_sale,ok,,2026-08-18T22:24:00+02:00,,,
2026-08-17T2246Z,laliga,63777379,2382,Isi,Isi Palazón,4,20197802,19678560,1,marketPlayerLeague,on_sale,ok,,2026-08-18T22:24:00+02:00,,,
2026-08-17T2246Z,laliga,63777380,3087,Pepe,Nicolas Pépé,4,53090886,51462416,0,marketPlayerLeague,on_sale,ok,,2026-08-18T22:24:00+02:00,,,
2026-08-17T2246Z,laliga,63777381,3100,Pedri,Pedro González López,3,90239837,89225765,0,marketPlayerLeague,on_sale,ok,,2026-08-18T22:24:00+02:00,,,
2026-08-17T2246Z,laliga,63777382,2423,Lunin,Andrii Lunin,1,2081695,2111107,0,marketPlayerLeague,on_sale,ok,,2026-08-18T22:24:00+02:00,,,
2026-08-17T2246Z,laliga,63777383,3142,Angeliño,José Ángel Esmoris Tasende,2,15537090,15491666,0,marketPlayerLeague,on_sale,ok,,2026-08-18T22:24:00+02:00,,,
2026-08-17T2246Z,laliga,63777385,1787,Prados,Beñat Prados,3,1366137,1397648,0,marketPlayerLeague,on_sale,ok,,2026-08-18T22:24:00+02:00,,,
2026-08-17T2246Z,laliga,63777387,3178,Lozano,Sergio Lozano,2,655674,667402,0,marketPlayerLeague,on_sale,ok,,2026-08-18T22:24:00+02:00,,,
2026-08-17T2246Z,laliga,63777389,3123,Marcos Alonso,Marcos Alonso,2,28589508,28904550,0,marketPlayerLeague,on_sale,ok,,2026-08-18T22:24:00+02:00,,,
2026-08-17T2246Z,laliga,63777392,121,Bartra,Marc Bartra Aregall,2,27594034,27751215,0,marketPlayerLeague,on_sale,ok,,2026-08-18T22:24:00+02:00,,,
2026-08-17T2246Z,laliga,63777395,2887,Mañas,Aitor Mañas,4,523226,529435,0,marketPlayerLeague,on_sale,ok,,2026-08-18T22:24:00+02:00,,,
2026-08-17T2246Z,laliga,63777399,2745,Edu Altozano,Eduardo Altozano Agudo,3,584002,592744,0,marketPlayerLeague,on_sale,ok,,2026-08-18T22:24:00+02:00,,,
2026-08-17T2246Z,laliga,10520311,2418,Marc Roca,Marc Roca,3,5382179,5403735,1,marketPlayerTeam,on_sale,ok,false,2026-08-19T23:09:39+02:00,,,
2026-08-17T2246Z,laliga,10520445,2607,Ilaix Moriba,Moriba Kourouma Kourouma,3,9827371,10086454,1,marketPlayerTeam,on_sale,ok,false,2026-08-19T23:09:30+02:00,,,
2026-08-17T2246Z,laliga,10521109,2504,Ayoze,Ayoze Pérez,4,17704854,17352024,1,marketPlayerTeam,on_sale,ok,false,2026-08-19T23:09:59+02:00,,,
2026-08-17T2246Z,laliga,10521397,2603,Ferran Jutglà,Ferran Jutglà,4,9561951,9506551,1,marketPlayerTeam,on_sale,ok,false,2026-08-19T23:09:54+02:00,,,
2026-08-17T2246Z,laliga,10530519,2613,M. Dituro,Matías Dituro,1,7751180,7572315,1,marketPlayerTeam,on_sale,ok,false,2026-08-19T23:09:10+02:00,,,
2026-08-17T2246Z,laliga,10531276,1674,Arda Güler,Arda Güler,3,54547883,52651995,1,marketPlayerTeam,on_sale,ok,false,2026-08-19T23:09:45+02:00,,,
2026-08-17T2246Z,laliga,11115893,2783,Szczesny,Wojciech Szczesny,1,2206146,2257695,0,marketPlayerTeam,on_sale,ok,false,2026-08-20T23:29:01+02:00,,,
2026-08-17T2246Z,laliga,11705725,3129,Carlos Espí,Carlos Espí,4,9305617,8742183,1,marketPlayerTeam,on_sale,ok,false,2026-08-18T19:19:24+02:00,,,
2026-08-17T2246Z,laliga,11943329,3099,Fornals,Pablo Fornals,3,57032839,57625840,1,marketPlayerTeam,on_sale,ok,false,2026-08-19T00:24:01+02:00,,,
2026-08-17T2246Z,laliga,11943633,637,Moncayola,Jon Moncayola,3,6933138,6856268,1,marketPlayerTeam,on_sale,ok,false,2026-08-19T00:24:33+02:00,,,
2026-08-17T2246Z,laliga,11943699,1070,De Galarreta,Inigo Ruiz de Galarreta,3,12650951,12424943,1,marketPlayerTeam,on_sale,ok,false,2026-08-19T00:24:39+02:00,,,
2026-08-17T2246Z,laliga,11943762,1215,Turrientes,Beñat Turrientes,3,7073131,7136043,1,marketPlayerTeam,on_sale,ok,false,2026-08-19T00:24:43+02:00,,,
2026-08-17T2246Z,laliga,11943807,2453,Agoumé,Lucien Agoumé,3,5760043,5839881,1,marketPlayerTeam,on_sale,ok,false,2026-08-19T00:24:48+02:00,,,
2026-08-17T2246Z,laliga,11943865,3036,Dani Lorenzo,Dani Lorenzo,3,9604577,9716466,1,marketPlayerTeam,on_sale,ok,false,2026-08-19T00:24:53+02:00,,,
2026-08-17T2246Z,laliga,11943976,2390,Starfelt,Carl Starfelt,2,14087470,13983235,1,marketPlayerTeam,on_sale,ok,false,2026-08-19T00:25:01+02:00,,,
2026-08-17T2246Z,laliga,12713214,2315,Paredes,Aitor Paredes,2,5292134,5550000,0,marketPlayerTeam,on_sale,ok,false,2026-08-19T23:04:17+02:00,,,
2026-08-17T2246Z,laliga,12717104,1959,Mouriño,Santiago Mouriño,2,38378600,40219248,1,marketPlayerTeam,on_sale,ok,false,2026-08-19T23:09:16+02:00,,,
2026-08-17T2246Z,laliga,12717146,3068,Cabrera,Leandro Cabrera,2,16532608,17006166,1,marketPlayerTeam,on_sale,suspended,false,2026-08-19T23:09:19+02:00,,,
2026-08-17T2246Z,laliga,12717225,2470,Foyth,Juan Foyth,2,12898244,12236452,1,marketPlayerTeam,on_sale,ok,false,2026-08-19T23:09:25+02:00,,,
2026-08-17T2246Z,laliga,12717763,3022,Villalibre,Asier Villalibre,4,7235042,7249976,1,marketPlayerTeam,on_sale,ok,false,2026-08-19T23:10:04+02:00,,,
2026-08-17T2246Z,laliga,12717862,3089,Ez Abde,Abde Ezzalzouli,4,42927674,44395627,1,marketPlayerTeam,on_sale,doubtful,false,2026-08-19T23:10:11+02:00,,,
2026-08-17T2246Z,laliga,12978053,3098,Q. Hartman,Quilindschy Hartman,2,8289301,8549024,1,marketPlayerTeam,on_sale,ok,false,2026-08-20T13:04:17+02:00,,,
2026-08-17T2246Z,laliga,13366826,3037,C. Puga,Carlos Puga,2,5102130,5167056,1,marketPlayerTeam,on_sale,ok,false,2026-08-20T21:37:51+02:00,,,
2026-08-17T2246Z,laliga,13422062,2530,Huijsen,Dean Huijsen,2,34050589,35102280,0,marketPlayerTeam,on_sale,ok,false,2026-08-20T22:34:26+02:00,,,
2026-08-17T2246Z,laliga,13422395,2700,Etta Eyong,Karl Edouard Blaise Etta Eyong,4,25505804,26767339,0,marketPlayerTeam,on_sale,ok,false,2026-08-20T22:34:47+02:00,,,
2026-08-17T2246Z,laliga,13429658,1337,Tenaglia,Nahuel Tenaglia,2,15621725,16992195,0,marketPlayerTeam,on_sale,ok,false,2026-08-20T22:41:20+02:00,,,
2026-08-17T2246Z,laliga,13477125,2474,Denis Suárez,Denis Suárez,3,2423219,2456693,0,marketPlayerTeam,on_sale,ok,false,2026-08-20T23:22:19+02:00,,,
2026-08-17T2246Z,laliga,13477195,3069,Blanco,Antonio Blanco,3,14803449,14889131,0,marketPlayerTeam,on_sale,ok,false,2026-08-20T23:22:22+02:00,,,
2026-08-17T2318Z,laliga,63777377,2527,Simeone,Diego Simeone,5,5387241,5552694,0,marketPlayerLeague,on_sale,ok,,2026-08-18T22:24:00+02:00,,,
2026-08-17T2318Z,laliga,63777378,3094,Edin Terzic,Edin Terzic,5,7179353,7462901,0,marketPlayerLeague,on_sale,ok,,2026-08-18T22:24:00+02:00,,,
2026-08-17T2318Z,laliga,63777379,2382,Isi,Isi Palazón,4,20197802,19678560,1,marketPlayerLeague,on_sale,ok,,2026-08-18T22:24:00+02:00,,,
2026-08-17T2318Z,laliga,63777380,3087,Pepe,Nicolas Pépé,4,53090886,51462416,0,marketPlayerLeague,on_sale,ok,,2026-08-18T22:24:00+02:00,,,
2026-08-17T2318Z,laliga,63777381,3100,Pedri,Pedro González López,3,90239837,89225765,0,marketPlayerLeague,on_sale,ok,,2026-08-18T22:24:00+02:00,,,
2026-08-17T2318Z,laliga,63777382,2423,Lunin,Andrii Lunin,1,2081695,2111107,0,marketPlayerLeague,on_sale,ok,,2026-08-18T22:24:00+02:00,,,
2026-08-17T2318Z,laliga,63777383,3142,Angeliño,José Ángel Esmoris Tasende,2,15537090,15491666,0,marketPlayerLeague,on_sale,ok,,2026-08-18T22:24:00+02:00,,,
2026-08-17T2318Z,laliga,63777385,1787,Prados,Beñat Prados,3,1366137,1397648,0,marketPlayerLeague,on_sale,ok,,2026-08-18T22:24:00+02:00,,,
2026-08-17T2318Z,laliga,63777387,3178,Lozano,Sergio Lozano,2,655674,667402,0,marketPlayerLeague,on_sale,ok,,2026-08-18T22:24:00+02:00,,,
2026-08-17T2318Z,laliga,63777389,3123,Marcos Alonso,Marcos Alonso,2,28589508,28904550,0,marketPlayerLeague,on_sale,ok,,2026-08-18T22:24:00+02:00,,,
2026-08-17T2318Z,laliga,63777392,121,Bartra,Marc Bartra Aregall,2,27594034,27751215,0,marketPlayerLeague,on_sale,ok,,2026-08-18T22:24:00+02:00,,,
2026-08-17T2318Z,laliga,63777395,2887,Mañas,Aitor Mañas,4,523226,529435,0,marketPlayerLeague,on_sale,ok,,2026-08-18T22:24:00+02:00,,,
2026-08-17T2318Z,laliga,63777399,2745,Edu Altozano,Eduardo Altozano Agudo,3,584002,592744,0,marketPlayerLeague,on_sale,ok,,2026-08-18T22:24:00+02:00,,,
2026-08-17T2318Z,laliga,10520311,2418,Marc Roca,Marc Roca,3,5382179,5403735,1,marketPlayerTeam,on_sale,ok,false,2026-08-19T23:09:39+02:00,,,
2026-08-17T2318Z,laliga,10520445,2607,Ilaix Moriba,Moriba Kourouma Kourouma,3,9827371,10086454,1,marketPlayerTeam,on_sale,ok,false,2026-08-19T23:09:30+02:00,,,
2026-08-17T2318Z,laliga,10521109,2504,Ayoze,Ayoze Pérez,4,17704854,17352024,1,marketPlayerTeam,on_sale,ok,false,2026-08-19T23:09:59+02:00,,,
2026-08-17T2318Z,laliga,10521397,2603,Ferran Jutglà,Ferran Jutglà,4,9561951,9506551,1,marketPlayerTeam,on_sale,ok,false,2026-08-19T23:09:54+02:00,,,
2026-08-17T2318Z,laliga,10530519,2613,M. Dituro,Matías Dituro,1,7751180,7572315,1,marketPlayerTeam,on_sale,ok,false,2026-08-19T23:09:10+02:00,,,
2026-08-17T2318Z,laliga,10531276,1674,Arda Güler,Arda Güler,3,54547883,52651995,1,marketPlayerTeam,on_sale,ok,false,2026-08-19T23:09:45+02:00,,,
2026-08-17T2318Z,laliga,11115893,2783,Szczesny,Wojciech Szczesny,1,2206146,2257695,0,marketPlayerTeam,on_sale,ok,false,2026-08-20T23:29:01+02:00,,,
2026-08-17T2318Z,laliga,11705725,3129,Carlos Espí,Carlos Espí,4,9305617,8742183,1,marketPlayerTeam,on_sale,ok,false,2026-08-18T19:19:24+02:00,,,
2026-08-17T2318Z,laliga,11943329,3099,Fornals,Pablo Fornals,3,57032839,57625840,1,marketPlayerTeam,on_sale,ok,false,2026-08-19T00:24:01+02:00,,,
2026-08-17T2318Z,laliga,11943633,637,Moncayola,Jon Moncayola,3,6933138,6856268,1,marketPlayerTeam,on_sale,ok,false,2026-08-19T00:24:33+02:00,,,
2026-08-17T2318Z,laliga,11943699,1070,De Galarreta,Inigo Ruiz de Galarreta,3,12650951,12424943,1,marketPlayerTeam,on_sale,ok,false,2026-08-19T00:24:39+02:00,,,
2026-08-17T2318Z,laliga,11943762,1215,Turrientes,Beñat Turrientes,3,7073131,7136043,1,marketPlayerTeam,on_sale,ok,false,2026-08-19T00:24:43+02:00,,,
2026-08-17T2318Z,laliga,11943807,2453,Agoumé,Lucien Agoumé,3,5760043,5839881,1,marketPlayerTeam,on_sale,ok,false,2026-08-19T00:24:48+02:00,,,
2026-08-17T2318Z,laliga,11943865,3036,Dani Lorenzo,Dani Lorenzo,3,9604577,9716466,1,marketPlayerTeam,on_sale,ok,false,2026-08-19T00:24:53+02:00,,,
2026-08-17T2318Z,laliga,11943976,2390,Starfelt,Carl Starfelt,2,14087470,13983235,1,marketPlayerTeam,on_sale,ok,false,2026-08-19T00:25:01+02:00,,,
2026-08-17T2318Z,laliga,12713214,2315,Paredes,Aitor Paredes,2,5292134,5550000,0,marketPlayerTeam,on_sale,ok,false,2026-08-19T23:04:17+02:00,,,
2026-08-17T2318Z,laliga,12717104,1959,Mouriño,Santiago Mouriño,2,38378600,40219248,1,marketPlayerTeam,on_sale,ok,false,2026-08-19T23:09:16+02:00,,,
2026-08-17T2318Z,laliga,12717146,3068,Cabrera,Leandro Cabrera,2,16532608,17006166,1,marketPlayerTeam,on_sale,suspended,false,2026-08-19T23:09:19+02:00,,,
2026-08-17T2318Z,laliga,12717225,2470,Foyth,Juan Foyth,2,12898244,12236452,1,marketPlayerTeam,on_sale,ok,false,2026-08-19T23:09:25+02:00,,,
2026-08-17T2318Z,laliga,12717763,3022,Villalibre,Asier Villalibre,4,7235042,7249976,1,marketPlayerTeam,on_sale,ok,false,2026-08-19T23:10:04+02:00,,,
2026-08-17T2318Z,laliga,12717862,3089,Ez Abde,Abde Ezzalzouli,4,42927674,44395627,1,marketPlayerTeam,on_sale,doubtful,false,2026-08-19T23:10:11+02:00,,,
2026-08-17T2318Z,laliga,12978053,3098,Q. Hartman,Quilindschy Hartman,2,8289301,8549024,1,marketPlayerTeam,on_sale,ok,false,2026-08-20T13:04:17+02:00,,,
2026-08-17T2318Z,laliga,13366826,3037,C. Puga,Carlos Puga,2,5102130,5167056,1,marketPlayerTeam,on_sale,ok,false,2026-08-20T21:37:51+02:00,,,
2026-08-17T2318Z,laliga,13422062,2530,Huijsen,Dean Huijsen,2,34050589,35102280,0,marketPlayerTeam,on_sale,ok,false,2026-08-20T22:34:26+02:00,,,
2026-08-17T2318Z,laliga,13422395,2700,Etta Eyong,Karl Edouard Blaise Etta Eyong,4,25505804,26767339,0,marketPlayerTeam,on_sale,ok,false,2026-08-20T22:34:47+02:00,,,
2026-08-17T2318Z,laliga,13429658,1337,Tenaglia,Nahuel Tenaglia,2,15621725,16992195,0,marketPlayerTeam,on_sale,ok,false,2026-08-20T22:41:20+02:00,,,
2026-08-17T2318Z,laliga,13477125,2474,Denis Suárez,Denis Suárez,3,2423219,2456693,0,marketPlayerTeam,on_sale,ok,false,2026-08-20T23:22:19+02:00,,,
2026-08-17T2318Z,laliga,13477195,3069,Blanco,Antonio Blanco,3,14803449,14889131,0,marketPlayerTeam,on_sale,ok,false,2026-08-20T23:22:22+02:00,,,
2026-08-17T2345Z,laliga,63777377,2527,Simeone,Diego Simeone,5,5387241,5552694,0,marketPlayerLeague,on_sale,ok,,2026-08-18T22:24:00+02:00,,,
2026-08-17T2345Z,laliga,63777378,3094,Edin Terzic,Edin Terzic,5,7179353,7462901,0,marketPlayerLeague,on_sale,ok,,2026-08-18T22:24:00+02:00,,,
2026-08-17T2345Z,laliga,63777379,2382,Isi,Isi Palazón,4,20197802,19678560,1,marketPlayerLeague,on_sale,ok,,2026-08-18T22:24:00+02:00,,,
2026-08-17T2345Z,laliga,63777380,3087,Pepe,Nicolas Pépé,4,53090886,51462416,0,marketPlayerLeague,on_sale,ok,,2026-08-18T22:24:00+02:00,,,
2026-08-17T2345Z,laliga,63777381,3100,Pedri,Pedro González López,3,90239837,89225765,0,marketPlayerLeague,on_sale,ok,,2026-08-18T22:24:00+02:00,,,
2026-08-17T2345Z,laliga,63777382,2423,Lunin,Andrii Lunin,1,2081695,2111107,0,marketPlayerLeague,on_sale,ok,,2026-08-18T22:24:00+02:00,,,
2026-08-17T2345Z,laliga,63777383,3142,Angeliño,José Ángel Esmoris Tasende,2,15537090,15491666,0,marketPlayerLeague,on_sale,ok,,2026-08-18T22:24:00+02:00,,,
2026-08-17T2345Z,laliga,63777385,1787,Prados,Beñat Prados,3,1366137,1397648,0,marketPlayerLeague,on_sale,ok,,2026-08-18T22:24:00+02:00,,,
2026-08-17T2345Z,laliga,63777387,3178,Lozano,Sergio Lozano,2,655674,667402,0,marketPlayerLeague,on_sale,ok,,2026-08-18T22:24:00+02:00,,,
2026-08-17T2345Z,laliga,63777389,3123,Marcos Alonso,Marcos Alonso,2,28589508,28904550,0,marketPlayerLeague,on_sale,ok,,2026-08-18T22:24:00+02:00,,,
2026-08-17T2345Z,laliga,63777392,121,Bartra,Marc Bartra Aregall,2,27594034,27751215,0,marketPlayerLeague,on_sale,ok,,2026-08-18T22:24:00+02:00,,,
2026-08-17T2345Z,laliga,63777395,2887,Mañas,Aitor Mañas,4,523226,529435,0,marketPlayerLeague,on_sale,ok,,2026-08-18T22:24:00+02:00,,,
2026-08-17T2345Z,laliga,63777399,2745,Edu Altozano,Eduardo Altozano Agudo,3,584002,592744,0,marketPlayerLeague,on_sale,ok,,2026-08-18T22:24:00+02:00,,,
2026-08-17T2345Z,laliga,10520311,2418,Marc Roca,Marc Roca,3,5382179,5403735,1,marketPlayerTeam,on_sale,ok,false,2026-08-19T23:09:39+02:00,,,
2026-08-17T2345Z,laliga,10520445,2607,Ilaix Moriba,Moriba Kourouma Kourouma,3,9827371,10086454,1,marketPlayerTeam,on_sale,ok,false,2026-08-19T23:09:30+02:00,,,
2026-08-17T2345Z,laliga,10521109,2504,Ayoze,Ayoze Pérez,4,17704854,17352024,1,marketPlayerTeam,on_sale,ok,false,2026-08-19T23:09:59+02:00,,,
2026-08-17T2345Z,laliga,10521397,2603,Ferran Jutglà,Ferran Jutglà,4,9561951,9506551,1,marketPlayerTeam,on_sale,ok,false,2026-08-19T23:09:54+02:00,,,
2026-08-17T2345Z,laliga,10530519,2613,M. Dituro,Matías Dituro,1,7751180,7572315,1,marketPlayerTeam,on_sale,ok,false,2026-08-19T23:09:10+02:00,,,
2026-08-17T2345Z,laliga,10531276,1674,Arda Güler,Arda Güler,3,54547883,52651995,1,marketPlayerTeam,on_sale,ok,false,2026-08-19T23:09:45+02:00,,,
2026-08-17T2345Z,laliga,11115893,2783,Szczesny,Wojciech Szczesny,1,2206146,2257695,0,marketPlayerTeam,on_sale,ok,false,2026-08-20T23:29:01+02:00,,,
2026-08-17T2345Z,laliga,11705725,3129,Carlos Espí,Carlos Espí,4,9305617,8742183,1,marketPlayerTeam,on_sale,ok,false,2026-08-18T19:19:24+02:00,,,
2026-08-17T2345Z,laliga,11943329,3099,Fornals,Pablo Fornals,3,57032839,57625840,1,marketPlayerTeam,on_sale,ok,false,2026-08-19T00:24:01+02:00,,,
2026-08-17T2345Z,laliga,11943633,637,Moncayola,Jon Moncayola,3,6933138,6856268,1,marketPlayerTeam,on_sale,ok,false,2026-08-19T00:24:33+02:00,,,
2026-08-17T2345Z,laliga,11943699,1070,De Galarreta,Inigo Ruiz de Galarreta,3,12650951,12424943,1,marketPlayerTeam,on_sale,ok,false,2026-08-19T00:24:39+02:00,,,
2026-08-17T2345Z,laliga,11943762,1215,Turrientes,Beñat Turrientes,3,7073131,7136043,1,marketPlayerTeam,on_sale,ok,false,2026-08-19T00:24:43+02:00,,,
2026-08-17T2345Z,laliga,11943807,2453,Agoumé,Lucien Agoumé,3,5760043,5839881,1,marketPlayerTeam,on_sale,ok,false,2026-08-19T00:24:48+02:00,,,
2026-08-17T2345Z,laliga,11943865,3036,Dani Lorenzo,Dani Lorenzo,3,9604577,9716466,1,marketPlayerTeam,on_sale,ok,false,2026-08-19T00:24:53+02:00,,,
2026-08-17T2345Z,laliga,11943976,2390,Starfelt,Carl Starfelt,2,14087470,13983235,1,marketPlayerTeam,on_sale,ok,false,2026-08-19T00:25:01+02:00,,,
2026-08-17T2345Z,laliga,12713214,2315,Paredes,Aitor Paredes,2,5292134,5550000,0,marketPlayerTeam,on_sale,ok,false,2026-08-19T23:04:17+02:00,,,
2026-08-17T2345Z,laliga,12717104,1959,Mouriño,Santiago Mouriño,2,38378600,40219248,1,marketPlayerTeam,on_sale,ok,false,2026-08-19T23:09:16+02:00,,,
2026-08-17T2345Z,laliga,12717146,3068,Cabrera,Leandro Cabrera,2,16532608,17006166,1,marketPlayerTeam,on_sale,suspended,false,2026-08-19T23:09:19+02:00,,,
2026-08-17T2345Z,laliga,12717225,2470,Foyth,Juan Foyth,2,12898244,12236452,1,marketPlayerTeam,on_sale,ok,false,2026-08-19T23:09:25+02:00,,,
2026-08-17T2345Z,laliga,12717763,3022,Villalibre,Asier Villalibre,4,7235042,7249976,1,marketPlayerTeam,on_sale,ok,false,2026-08-19T23:10:04+02:00,,,
2026-08-17T2345Z,laliga,12717862,3089,Ez Abde,Abde Ezzalzouli,4,42927674,44395627,1,marketPlayerTeam,on_sale,doubtful,false,2026-08-19T23:10:11+02:00,,,
2026-08-17T2345Z,laliga,12978053,3098,Q. Hartman,Quilindschy Hartman,2,8289301,8549024,1,marketPlayerTeam,on_sale,ok,false,2026-08-20T13:04:17+02:00,,,
2026-08-17T2345Z,laliga,13366826,3037,C. Puga,Carlos Puga,2,5102130,5167056,1,marketPlayerTeam,on_sale,ok,false,2026-08-20T21:37:51+02:00,,,
2026-08-17T2345Z,laliga,13422062,2530,Huijsen,Dean Huijsen,2,34050589,35102280,0,marketPlayerTeam,on_sale,ok,false,2026-08-20T22:34:26+02:00,,,
2026-08-17T2345Z,laliga,13422395,2700,Etta Eyong,Karl Edouard Blaise Etta Eyong,4,25505804,26767339,0,marketPlayerTeam,on_sale,ok,false,2026-08-20T22:34:47+02:00,,,
2026-08-17T2345Z,laliga,13429658,1337,Tenaglia,Nahuel Tenaglia,2,15621725,16992195,0,marketPlayerTeam,on_sale,ok,false,2026-08-20T22:41:20+02:00,,,
2026-08-17T2345Z,laliga,13477125,2474,Denis Suárez,Denis Suárez,3,2423219,2456693,0,marketPlayerTeam,on_sale,ok,false,2026-08-20T23:22:19+02:00,,,
2026-08-17T2345Z,laliga,13477195,3069,Blanco,Antonio Blanco,3,14803449,14889131,0,marketPlayerTeam,on_sale,ok,false,2026-08-20T23:22:22+02:00,,,
2026-08-18T0144Z,laliga,63777377,2527,Simeone,Diego Simeone,5,5387241,5552694,0,marketPlayerLeague,on_sale,ok,,2026-08-18T22:24:00+02:00,,,
2026-08-18T0144Z,laliga,63777378,3094,Edin Terzic,Edin Terzic,5,7179353,7462901,0,marketPlayerLeague,on_sale,ok,,2026-08-18T22:24:00+02:00,,,
2026-08-18T0144Z,laliga,63777379,2382,Isi,Isi Palazón,4,20197802,19678560,1,marketPlayerLeague,on_sale,ok,,2026-08-18T22:24:00+02:00,,,
2026-08-18T0144Z,laliga,63777380,3087,Pepe,Nicolas Pépé,4,53090886,51462416,0,marketPlayerLeague,on_sale,ok,,2026-08-18T22:24:00+02:00,,,
2026-08-18T0144Z,laliga,63777381,3100,Pedri,Pedro González López,3,90239837,89225765,0,marketPlayerLeague,on_sale,ok,,2026-08-18T22:24:00+02:00,,,
2026-08-18T0144Z,laliga,63777382,2423,Lunin,Andrii Lunin,1,2081695,2111107,0,marketPlayerLeague,on_sale,ok,,2026-08-18T22:24:00+02:00,,,
2026-08-18T0144Z,laliga,63777383,3142,Angeliño,José Ángel Esmoris Tasende,2,15537090,15491666,0,marketPlayerLeague,on_sale,ok,,2026-08-18T22:24:00+02:00,,,
2026-08-18T0144Z,laliga,63777385,1787,Prados,Beñat Prados,3,1366137,1397648,0,marketPlayerLeague,on_sale,ok,,2026-08-18T22:24:00+02:00,,,
2026-08-18T0144Z,laliga,63777387,3178,Lozano,Sergio Lozano,2,655674,667402,0,marketPlayerLeague,on_sale,ok,,2026-08-18T22:24:00+02:00,,,
2026-08-18T0144Z,laliga,63777389,3123,Marcos Alonso,Marcos Alonso,2,28589508,28904550,0,marketPlayerLeague,on_sale,ok,,2026-08-18T22:24:00+02:00,,,
2026-08-18T0144Z,laliga,63777392,121,Bartra,Marc Bartra Aregall,2,27594034,27751215,0,marketPlayerLeague,on_sale,ok,,2026-08-18T22:24:00+02:00,,,
2026-08-18T0144Z,laliga,63777395,2887,Mañas,Aitor Mañas,4,523226,529435,0,marketPlayerLeague,on_sale,ok,,2026-08-18T22:24:00+02:00,,,
2026-08-18T0144Z,laliga,63777399,2745,Edu Altozano,Eduardo Altozano Agudo,3,584002,592744,0,marketPlayerLeague,on_sale,ok,,2026-08-18T22:24:00+02:00,,,
2026-08-18T0144Z,laliga,10520311,2418,Marc Roca,Marc Roca,3,5382179,5403735,1,marketPlayerTeam,on_sale,ok,false,2026-08-19T23:09:39+02:00,,,
2026-08-18T0144Z,laliga,10520445,2607,Ilaix Moriba,Moriba Kourouma Kourouma,3,9827371,10086454,1,marketPlayerTeam,on_sale,ok,false,2026-08-19T23:09:30+02:00,,,
2026-08-18T0144Z,laliga,10521109,2504,Ayoze,Ayoze Pérez,4,17704854,17352024,1,marketPlayerTeam,on_sale,ok,false,2026-08-19T23:09:59+02:00,,,
2026-08-18T0144Z,laliga,10521397,2603,Ferran Jutglà,Ferran Jutglà,4,9561951,9506551,1,marketPlayerTeam,on_sale,ok,false,2026-08-19T23:09:54+02:00,,,
2026-08-18T0144Z,laliga,10530519,2613,M. Dituro,Matías Dituro,1,7751180,7572315,1,marketPlayerTeam,on_sale,ok,false,2026-08-19T23:09:10+02:00,,,
2026-08-18T0144Z,laliga,10531276,1674,Arda Güler,Arda Güler,3,54547883,52651995,1,marketPlayerTeam,on_sale,ok,false,2026-08-19T23:09:45+02:00,,,
2026-08-18T0144Z,laliga,11115893,2783,Szczesny,Wojciech Szczesny,1,2206146,2257695,0,marketPlayerTeam,on_sale,ok,false,2026-08-20T23:29:01+02:00,,,
2026-08-18T0144Z,laliga,11705725,3129,Carlos Espí,Carlos Espí,4,9305617,8742183,1,marketPlayerTeam,on_sale,ok,false,2026-08-18T19:19:24+02:00,,,
2026-08-18T0144Z,laliga,11943329,3099,Fornals,Pablo Fornals,3,57032839,57625840,1,marketPlayerTeam,on_sale,ok,false,2026-08-19T00:24:01+02:00,,,
2026-08-18T0144Z,laliga,11943633,637,Moncayola,Jon Moncayola,3,6933138,6856268,1,marketPlayerTeam,on_sale,ok,false,2026-08-19T00:24:33+02:00,,,
2026-08-18T0144Z,laliga,11943699,1070,De Galarreta,Inigo Ruiz de Galarreta,3,12650951,12424943,1,marketPlayerTeam,on_sale,ok,false,2026-08-19T00:24:39+02:00,,,
2026-08-18T0144Z,laliga,11943762,1215,Turrientes,Beñat Turrientes,3,7073131,7136043,1,marketPlayerTeam,on_sale,ok,false,2026-08-19T00:24:43+02:00,,,
2026-08-18T0144Z,laliga,11943807,2453,Agoumé,Lucien Agoumé,3,5760043,5839881,1,marketPlayerTeam,on_sale,ok,false,2026-08-19T00:24:48+02:00,,,
2026-08-18T0144Z,laliga,11943865,3036,Dani Lorenzo,Dani Lorenzo,3,9604577,9716466,1,marketPlayerTeam,on_sale,ok,false,2026-08-19T00:24:53+02:00,,,
2026-08-18T0144Z,laliga,11943976,2390,Starfelt,Carl Starfelt,2,14087470,13983235,1,marketPlayerTeam,on_sale,ok,false,2026-08-19T00:25:01+02:00,,,
2026-08-18T0144Z,laliga,12713214,2315,Paredes,Aitor Paredes,2,5292134,5550000,0,marketPlayerTeam,on_sale,ok,false,2026-08-19T23:04:17+02:00,,,
2026-08-18T0144Z,laliga,12717104,1959,Mouriño,Santiago Mouriño,2,38378600,40219248,1,marketPlayerTeam,on_sale,ok,false,2026-08-19T23:09:16+02:00,,,
2026-08-18T0144Z,laliga,12717146,3068,Cabrera,Leandro Cabrera,2,16532608,17006166,1,marketPlayerTeam,on_sale,suspended,false,2026-08-19T23:09:19+02:00,,,
2026-08-18T0144Z,laliga,12717225,2470,Foyth,Juan Foyth,2,12898244,12236452,1,marketPlayerTeam,on_sale,ok,false,2026-08-19T23:09:25+02:00,,,
2026-08-18T0144Z,laliga,12717763,3022,Villalibre,Asier Villalibre,4,7235042,7249976,1,marketPlayerTeam,on_sale,ok,false,2026-08-19T23:10:04+02:00,,,
2026-08-18T0144Z,laliga,12717862,3089,Ez Abde,Abde Ezzalzouli,4,42927674,44395627,1,marketPlayerTeam,on_sale,doubtful,false,2026-08-19T23:10:11+02:00,,,
2026-08-18T0144Z,laliga,12978053,3098,Q. Hartman,Quilindschy Hartman,2,8289301,8549024,1,marketPlayerTeam,on_sale,ok,false,2026-08-20T13:04:17+02:00,,,
2026-08-18T0144Z,laliga,13366826,3037,C. Puga,Carlos Puga,2,5102130,5167056,1,marketPlayerTeam,on_sale,ok,false,2026-08-20T21:37:51+02:00,,,
2026-08-18T0144Z,laliga,13422062,2530,Huijsen,Dean Huijsen,2,34050589,35102280,0,marketPlayerTeam,on_sale,ok,false,2026-08-20T22:34:26+02:00,,,
2026-08-18T0144Z,laliga,13422395,2700,Etta Eyong,Karl Edouard Blaise Etta Eyong,4,25505804,26767339,0,marketPlayerTeam,on_sale,ok,false,2026-08-20T22:34:47+02:00,,,
2026-08-18T0144Z,laliga,13429658,1337,Tenaglia,Nahuel Tenaglia,2,15621725,16992195,0,marketPlayerTeam,on_sale,ok,false,2026-08-20T22:41:20+02:00,,,
2026-08-18T0144Z,laliga,13477125,2474,Denis Suárez,Denis Suárez,3,2423219,2456693,0,marketPlayerTeam,on_sale,ok,false,2026-08-20T23:22:19+02:00,,,
2026-08-18T0144Z,laliga,13477195,3069,Blanco,Antonio Blanco,3,14803449,14889131,0,marketPlayerTeam,on_sale,ok,false,2026-08-20T23:22:22+02:00,,,
2026-08-18T0152Z,laliga,63777377,2527,Simeone,Diego Simeone,5,5387241,5552694,0,marketPlayerLeague,on_sale,ok,,2026-08-18T22:24:00+02:00,,,
2026-08-18T0152Z,laliga,63777378,3094,Edin Terzic,Edin Terzic,5,7179353,7462901,0,marketPlayerLeague,on_sale,ok,,2026-08-18T22:24:00+02:00,,,
2026-08-18T0152Z,laliga,63777379,2382,Isi,Isi Palazón,4,20197802,19678560,1,marketPlayerLeague,on_sale,ok,,2026-08-18T22:24:00+02:00,,,
2026-08-18T0152Z,laliga,63777380,3087,Pepe,Nicolas Pépé,4,53090886,51462416,0,marketPlayerLeague,on_sale,ok,,2026-08-18T22:24:00+02:00,,,
2026-08-18T0152Z,laliga,63777381,3100,Pedri,Pedro González López,3,90239837,89225765,0,marketPlayerLeague,on_sale,ok,,2026-08-18T22:24:00+02:00,,,
2026-08-18T0152Z,laliga,63777382,2423,Lunin,Andrii Lunin,1,2081695,2111107,0,marketPlayerLeague,on_sale,ok,,2026-08-18T22:24:00+02:00,,,
2026-08-18T0152Z,laliga,63777383,3142,Angeliño,José Ángel Esmoris Tasende,2,15537090,15491666,0,marketPlayerLeague,on_sale,ok,,2026-08-18T22:24:00+02:00,,,
2026-08-18T0152Z,laliga,63777385,1787,Prados,Beñat Prados,3,1366137,1397648,0,marketPlayerLeague,on_sale,ok,,2026-08-18T22:24:00+02:00,,,
2026-08-18T0152Z,laliga,63777387,3178,Lozano,Sergio Lozano,2,655674,667402,0,marketPlayerLeague,on_sale,ok,,2026-08-18T22:24:00+02:00,,,
2026-08-18T0152Z,laliga,63777389,3123,Marcos Alonso,Marcos Alonso,2,28589508,28904550,0,marketPlayerLeague,on_sale,ok,,2026-08-18T22:24:00+02:00,,,
2026-08-18T0152Z,laliga,63777392,121,Bartra,Marc Bartra Aregall,2,27594034,27751215,0,marketPlayerLeague,on_sale,ok,,2026-08-18T22:24:00+02:00,,,
2026-08-18T0152Z,laliga,63777395,2887,Mañas,Aitor Mañas,4,523226,529435,0,marketPlayerLeague,on_sale,ok,,2026-08-18T22:24:00+02:00,,,
2026-08-18T0152Z,laliga,63777399,2745,Edu Altozano,Eduardo Altozano Agudo,3,584002,592744,0,marketPlayerLeague,on_sale,ok,,2026-08-18T22:24:00+02:00,,,
2026-08-18T0152Z,laliga,10520311,2418,Marc Roca,Marc Roca,3,5382179,5403735,1,marketPlayerTeam,on_sale,ok,false,2026-08-19T23:09:39+02:00,,,
2026-08-18T0152Z,laliga,10520445,2607,Ilaix Moriba,Moriba Kourouma Kourouma,3,9827371,10086454,1,marketPlayerTeam,on_sale,ok,false,2026-08-19T23:09:30+02:00,,,
2026-08-18T0152Z,laliga,10521109,2504,Ayoze,Ayoze Pérez,4,17704854,17352024,1,marketPlayerTeam,on_sale,ok,false,2026-08-19T23:09:59+02:00,,,
2026-08-18T0152Z,laliga,10521397,2603,Ferran Jutglà,Ferran Jutglà,4,9561951,9506551,1,marketPlayerTeam,on_sale,ok,false,2026-08-19T23:09:54+02:00,,,
2026-08-18T0152Z,laliga,10530519,2613,M. Dituro,Matías Dituro,1,7751180,7572315,1,marketPlayerTeam,on_sale,ok,false,2026-08-19T23:09:10+02:00,,,
2026-08-18T0152Z,laliga,10531276,1674,Arda Güler,Arda Güler,3,54547883,52651995,1,marketPlayerTeam,on_sale,ok,false,2026-08-19T23:09:45+02:00,,,
2026-08-18T0152Z,laliga,11115893,2783,Szczesny,Wojciech Szczesny,1,2206146,2257695,0,marketPlayerTeam,on_sale,ok,false,2026-08-20T23:29:01+02:00,,,
2026-08-18T0152Z,laliga,11705725,3129,Carlos Espí,Carlos Espí,4,9305617,8742183,1,marketPlayerTeam,on_sale,ok,false,2026-08-18T19:19:24+02:00,,,
2026-08-18T0152Z,laliga,11943329,3099,Fornals,Pablo Fornals,3,57032839,57625840,1,marketPlayerTeam,on_sale,ok,false,2026-08-19T00:24:01+02:00,,,
2026-08-18T0152Z,laliga,11943633,637,Moncayola,Jon Moncayola,3,6933138,6856268,1,marketPlayerTeam,on_sale,ok,false,2026-08-19T00:24:33+02:00,,,
2026-08-18T0152Z,laliga,11943699,1070,De Galarreta,Inigo Ruiz de Galarreta,3,12650951,12424943,1,marketPlayerTeam,on_sale,ok,false,2026-08-19T00:24:39+02:00,,,
2026-08-18T0152Z,laliga,11943762,1215,Turrientes,Beñat Turrientes,3,7073131,7136043,1,marketPlayerTeam,on_sale,ok,false,2026-08-19T00:24:43+02:00,,,
2026-08-18T0152Z,laliga,11943807,2453,Agoumé,Lucien Agoumé,3,5760043,5839881,1,marketPlayerTeam,on_sale,ok,false,2026-08-19T00:24:48+02:00,,,
2026-08-18T0152Z,laliga,11943865,3036,Dani Lorenzo,Dani Lorenzo,3,9604577,9716466,1,marketPlayerTeam,on_sale,ok,false,2026-08-19T00:24:53+02:00,,,
2026-08-18T0152Z,laliga,11943976,2390,Starfelt,Carl Starfelt,2,14087470,13983235,1,marketPlayerTeam,on_sale,ok,false,2026-08-19T00:25:01+02:00,,,
2026-08-18T0152Z,laliga,12713214,2315,Paredes,Aitor Paredes,2,5292134,5550000,0,marketPlayerTeam,on_sale,ok,false,2026-08-19T23:04:17+02:00,,,
2026-08-18T0152Z,laliga,12717104,1959,Mouriño,Santiago Mouriño,2,38378600,40219248,1,marketPlayerTeam,on_sale,ok,false,2026-08-19T23:09:16+02:00,,,
2026-08-18T0152Z,laliga,12717146,3068,Cabrera,Leandro Cabrera,2,16532608,17006166,1,marketPlayerTeam,on_sale,suspended,false,2026-08-19T23:09:19+02:00,,,
2026-08-18T0152Z,laliga,12717225,2470,Foyth,Juan Foyth,2,12898244,12236452,1,marketPlayerTeam,on_sale,ok,false,2026-08-19T23:09:25+02:00,,,
2026-08-18T0152Z,laliga,12717763,3022,Villalibre,Asier Villalibre,4,7235042,7249976,1,marketPlayerTeam,on_sale,ok,false,2026-08-19T23:10:04+02:00,,,
2026-08-18T0152Z,laliga,12717862,3089,Ez Abde,Abde Ezzalzouli,4,42927674,44395627,1,marketPlayerTeam,on_sale,doubtful,false,2026-08-19T23:10:11+02:00,,,
2026-08-18T0152Z,laliga,12978053,3098,Q. Hartman,Quilindschy Hartman,2,8289301,8549024,1,marketPlayerTeam,on_sale,ok,false,2026-08-20T13:04:17+02:00,,,
2026-08-18T0152Z,laliga,13366826,3037,C. Puga,Carlos Puga,2,5102130,5167056,1,marketPlayerTeam,on_sale,ok,false,2026-08-20T21:37:51+02:00,,,
2026-08-18T0152Z,laliga,13422062,2530,Huijsen,Dean Huijsen,2,34050589,35102280,0,marketPlayerTeam,on_sale,ok,false,2026-08-20T22:34:26+02:00,,,
2026-08-18T0152Z,laliga,13422395,2700,Etta Eyong,Karl Edouard Blaise Etta Eyong,4,25505804,26767339,0,marketPlayerTeam,on_sale,ok,false,2026-08-20T22:34:47+02:00,,,
2026-08-18T0152Z,laliga,13429658,1337,Tenaglia,Nahuel Tenaglia,2,15621725,16992195,0,marketPlayerTeam,on_sale,ok,false,2026-08-20T22:41:20+02:00,,,
2026-08-18T0152Z,laliga,13477125,2474,Denis Suárez,Denis Suárez,3,2423219,2456693,0,marketPlayerTeam,on_sale,ok,false,2026-08-20T23:22:19+02:00,,,
2026-08-18T0152Z,laliga,13477195,3069,Blanco,Antonio Blanco,3,14803449,14889131,0,marketPlayerTeam,on_sale,ok,false,2026-08-20T23:22:22+02:00,,,
2026-08-18T0941Z,laliga,63777377,2527,Simeone,Diego Simeone,5,5387241,5552694,0,marketPlayerLeague,on_sale,ok,,2026-08-18T22:24:00+02:00,,,
2026-08-18T0941Z,laliga,63777378,3094,Edin Terzic,Edin Terzic,5,7179353,7462901,0,marketPlayerLeague,on_sale,ok,,2026-08-18T22:24:00+02:00,,,
2026-08-18T0941Z,laliga,63777379,2382,Isi,Isi Palazón,4,20197802,19678560,1,marketPlayerLeague,on_sale,ok,,2026-08-18T22:24:00+02:00,,,
2026-08-18T0941Z,laliga,63777380,3087,Pepe,Nicolas Pépé,4,53090886,51462416,0,marketPlayerLeague,on_sale,ok,,2026-08-18T22:24:00+02:00,,,
2026-08-18T0941Z,laliga,63777381,3100,Pedri,Pedro González López,3,90239837,89225765,0,marketPlayerLeague,on_sale,ok,,2026-08-18T22:24:00+02:00,,,
2026-08-18T0941Z,laliga,63777382,2423,Lunin,Andrii Lunin,1,2081695,2111107,0,marketPlayerLeague,on_sale,ok,,2026-08-18T22:24:00+02:00,,,
2026-08-18T0941Z,laliga,63777383,3142,Angeliño,José Ángel Esmoris Tasende,2,15537090,15491666,1,marketPlayerLeague,on_sale,ok,,2026-08-18T22:24:00+02:00,,,
2026-08-18T0941Z,laliga,63777385,1787,Prados,Beñat Prados,3,1366137,1397648,0,marketPlayerLeague,on_sale,ok,,2026-08-18T22:24:00+02:00,,,
2026-08-18T0941Z,laliga,63777387,3178,Lozano,Sergio Lozano,2,655674,667402,0,marketPlayerLeague,on_sale,ok,,2026-08-18T22:24:00+02:00,,,
2026-08-18T0941Z,laliga,63777389,3123,Marcos Alonso,Marcos Alonso,2,28589508,28904550,1,marketPlayerLeague,on_sale,ok,,2026-08-18T22:24:00+02:00,10687601,28589508,pending
2026-08-18T0941Z,laliga,63777392,121,Bartra,Marc Bartra Aregall,2,27594034,27751215,0,marketPlayerLeague,on_sale,ok,,2026-08-18T22:24:00+02:00,,,
2026-08-18T0941Z,laliga,63777395,2887,Mañas,Aitor Mañas,4,523226,529435,0,marketPlayerLeague,on_sale,ok,,2026-08-18T22:24:00+02:00,,,
2026-08-18T0941Z,laliga,63777399,2745,Edu Altozano,Eduardo Altozano Agudo,3,584002,592744,0,marketPlayerLeague,on_sale,ok,,2026-08-18T22:24:00+02:00,,,
2026-08-18T0941Z,laliga,10520311,2418,Marc Roca,Marc Roca,3,5382179,5403735,0,marketPlayerTeam,on_sale,ok,false,2026-08-19T23:09:39+02:00,,,
2026-08-18T0941Z,laliga,10520445,2607,Ilaix Moriba,Moriba Kourouma Kourouma,3,9827371,10086454,0,marketPlayerTeam,on_sale,ok,false,2026-08-19T23:09:30+02:00,,,
2026-08-18T0941Z,laliga,10521109,2504,Ayoze,Ayoze Pérez,4,17704854,17352024,0,marketPlayerTeam,on_sale,ok,false,2026-08-19T23:09:59+02:00,,,
2026-08-18T0941Z,laliga,10521397,2603,Ferran Jutglà,Ferran Jutglà,4,9561951,9506551,1,marketPlayerTeam,on_sale,ok,false,2026-08-19T23:09:54+02:00,,,
2026-08-18T0941Z,laliga,10530519,2613,M. Dituro,Matías Dituro,1,7751180,7572315,0,marketPlayerTeam,on_sale,ok,false,2026-08-19T23:09:10+02:00,,,
2026-08-18T0941Z,laliga,10531276,1674,Arda Güler,Arda Güler,3,54547883,52651995,0,marketPlayerTeam,on_sale,ok,false,2026-08-19T23:09:45+02:00,,,
2026-08-18T0941Z,laliga,11115893,2783,Szczesny,Wojciech Szczesny,1,2206146,2257695,0,marketPlayerTeam,on_sale,ok,false,2026-08-20T23:29:01+02:00,,,
2026-08-18T0941Z,laliga,11705725,3129,Carlos Espí,Carlos Espí,4,9305617,8742183,1,marketPlayerTeam,on_sale,ok,false,2026-08-18T19:19:24+02:00,,,
2026-08-18T0941Z,laliga,11943329,3099,Fornals,Pablo Fornals,3,57032839,57625840,1,marketPlayerTeam,on_sale,ok,false,2026-08-19T00:24:01+02:00,,,
2026-08-18T0941Z,laliga,11943633,637,Moncayola,Jon Moncayola,3,6933138,6856268,1,marketPlayerTeam,on_sale,ok,false,2026-08-19T00:24:33+02:00,,,
2026-08-18T0941Z,laliga,11943699,1070,De Galarreta,Inigo Ruiz de Galarreta,3,12650951,12424943,1,marketPlayerTeam,on_sale,ok,false,2026-08-19T00:24:39+02:00,,,
2026-08-18T0941Z,laliga,11943807,2453,Agoumé,Lucien Agoumé,3,5760043,5839881,1,marketPlayerTeam,on_sale,ok,false,2026-08-19T00:24:48+02:00,,,
2026-08-18T0941Z,laliga,12713214,2315,Paredes,Aitor Paredes,2,5292134,5550000,0,marketPlayerTeam,on_sale,ok,false,2026-08-19T23:04:17+02:00,,,
2026-08-18T0941Z,laliga,12717104,1959,Mouriño,Santiago Mouriño,2,38378600,40219248,0,marketPlayerTeam,on_sale,ok,false,2026-08-19T23:09:16+02:00,,,
2026-08-18T0941Z,laliga,12717146,3068,Cabrera,Leandro Cabrera,2,16532608,17006166,0,marketPlayerTeam,on_sale,suspended,false,2026-08-19T23:09:19+02:00,,,
2026-08-18T0941Z,laliga,12717225,2470,Foyth,Juan Foyth,2,12898244,12236452,0,marketPlayerTeam,on_sale,ok,false,2026-08-19T23:09:25+02:00,,,
2026-08-18T0941Z,laliga,12717862,3089,Ez Abde,Abde Ezzalzouli,4,42927674,44395627,0,marketPlayerTeam,on_sale,doubtful,false,2026-08-19T23:10:11+02:00,,,
2026-08-18T0941Z,laliga,12978053,3098,Q. Hartman,Quilindschy Hartman,2,8289301,8549024,1,marketPlayerTeam,on_sale,ok,false,2026-08-20T13:04:17+02:00,,,
2026-08-18T0941Z,laliga,13366826,3037,C. Puga,Carlos Puga,2,5102130,5167056,1,marketPlayerTeam,on_sale,ok,false,2026-08-20T21:37:51+02:00,,,
2026-08-18T0941Z,laliga,13422062,2530,Huijsen,Dean Huijsen,2,34050589,35102280,0,marketPlayerTeam,on_sale,ok,false,2026-08-20T22:34:26+02:00,,,
2026-08-18T0941Z,laliga,13422395,2700,Etta Eyong,Karl Edouard Blaise Etta Eyong,4,25505804,26767339,0,marketPlayerTeam,on_sale,ok,false,2026-08-20T22:34:47+02:00,,,
2026-08-18T0941Z,laliga,13429658,1337,Tenaglia,Nahuel Tenaglia,2,15621725,16992195,0,marketPlayerTeam,on_sale,ok,false,2026-08-20T22:41:20+02:00,,,
2026-08-18T0941Z,laliga,13477125,2474,Denis Suárez,Denis Suárez,3,2423219,2456693,0,marketPlayerTeam,on_sale,ok,false,2026-08-20T23:22:19+02:00,,,
2026-08-18T0941Z,laliga,13477195,3069,Blanco,Antonio Blanco,3,14803449,14889131,0,marketPlayerTeam,on_sale,ok,false,2026-08-20T23:22:22+02:00,,,
2026-08-18T0941Z,laliga,13605686,2975,A. Ferllo,Álvaro Fernández,1,4486912,4486912,0,marketPlayerTeam,on_sale,ok,false,2026-08-21T04:07:50+02:00,,,
2026-08-18T0941Z,laliga,13605749,1215,Turrientes,Beñat Turrientes,3,7073131,7073131,0,marketPlayerTeam,on_sale,ok,false,2026-08-21T04:08:16+02:00,,,
2026-08-18T0941Z,laliga,13605788,3036,Dani Lorenzo,Dani Lorenzo,3,9604577,9604577,0,marketPlayerTeam,on_sale,ok,false,2026-08-21T04:08:32+02:00,,,
2026-08-18T0941Z,laliga,13605833,2390,Starfelt,Carl Starfelt,2,14087470,14087470,0,marketPlayerTeam,on_sale,ok,false,2026-08-21T04:08:56+02:00,,,
2026-08-18T2241Z,laliga,67734622,1849,Iñigo Perez,Iñigo Pérez,5,2099445,2169683,0,marketPlayerLeague,on_sale,ok,,2026-08-19T22:24:00+02:00,,,
2026-08-18T2241Z,laliga,67734625,3166,Manel Usedo,Manel Usedo,3,744851,761846,0,marketPlayerLeague,on_sale,ok,,2026-08-19T22:24:00+02:00,,,
2026-08-18T2241Z,laliga,67734628,2945,Vecino,Matías Vecino,3,1827987,1881351,0,marketPlayerLeague,on_sale,ok,,2026-08-19T22:24:00+02:00,,,
2026-08-18T2241Z,laliga,67734632,3175,Guillén,Nico Guillén,3,4697714,4841225,0,marketPlayerLeague,on_sale,ok,,2026-08-19T22:24:00+02:00,,,
2026-08-18T2241Z,laliga,67734635,2995,Mario Soriano,Mario Soriano,3,27549308,27161321,0,marketPlayerLeague,on_sale,ok,,2026-08-19T22:24:00+02:00,,,
2026-08-18T2241Z,laliga,67734639,2492,Iago Aspas,Iago Aspas,4,6930450,7006087,0,marketPlayerLeague,on_sale,ok,,2026-08-19T22:24:00+02:00,,,
2026-08-18T2241Z,laliga,67734642,2922,Osorio,Abiel Osorio,4,1320886,1361883,0,marketPlayerLeague,on_sale,ok,,2026-08-19T22:24:00+02:00,,,
2026-08-18T2241Z,laliga,67734645,2634,Joan García,Joan García,1,70886933,70000004,0,marketPlayerLeague,on_sale,ok,,2026-08-19T22:24:00+02:00,,,
2026-08-18T2241Z,laliga,67734649,2516,Puado,Javi Puado,3,5728641,5914803,0,marketPlayerLeague,on_sale,injured,,2026-08-19T22:24:00+02:00,,,
2026-08-18T2241Z,laliga,67734654,2455,Peque,Gerard Fernández Castellano,4,2051836,1919445,0,marketPlayerLeague,on_sale,ok,,2026-08-19T22:24:00+02:00,,,
2026-08-18T2241Z,laliga,67734658,3176,Ibra,Ibrahima Sow,4,744851,761846,0,marketPlayerLeague,on_sale,ok,,2026-08-19T22:24:00+02:00,,,
2026-08-18T2241Z,laliga,67734661,2531,Trent,Trent Alexander-Arnold,2,22364018,22455172,0,marketPlayerLeague,on_sale,ok,,2026-08-19T22:24:00+02:00,,,
2026-08-18T2241Z,laliga,67734665,3130,Gulácsi,Péter Gulácsi,1,4107482,4182951,0,marketPlayerLeague,on_sale,ok,,2026-08-19T22:24:00+02:00,,,
2026-08-18T2241Z,laliga,10520311,2418,Marc Roca,Marc Roca,3,5348551,5403735,1,marketPlayerTeam,on_sale,ok,false,2026-08-19T23:09:39+02:00,,,
2026-08-18T2241Z,laliga,10520445,2607,Ilaix Moriba,Moriba Kourouma Kourouma,3,9645774,10086454,0,marketPlayerTeam,on_sale,ok,false,2026-08-19T23:09:30+02:00,,,
2026-08-18T2241Z,laliga,10521109,2504,Ayoze,Ayoze Pérez,4,17664470,17352024,1,marketPlayerTeam,on_sale,ok,false,2026-08-19T23:09:59+02:00,,,
2026-08-18T2241Z,laliga,10521397,2603,Ferran Jutglà,Ferran Jutglà,4,9566381,9506551,1,marketPlayerTeam,on_sale,ok,false,2026-08-19T23:09:54+02:00,,,
2026-08-18T2241Z,laliga,10530519,2613,M. Dituro,Matías Dituro,1,7888908,7572315,1,marketPlayerTeam,on_sale,ok,false,2026-08-19T23:09:10+02:00,,,
2026-08-18T2241Z,laliga,10531276,1674,Arda Güler,Arda Güler,3,56090061,52651995,1,marketPlayerTeam,on_sale,ok,false,2026-08-19T23:09:45+02:00,,,
2026-08-18T2241Z,laliga,11705725,3129,Carlos Espí,Carlos Espí,4,9563853,9282313,1,marketPlayerTeam,on_sale,ok,false,2026-08-21T21:57:07+02:00,,,
2026-08-18T2241Z,laliga,12717104,1959,Mouriño,Santiago Mouriño,2,37273620,40219248,0,marketPlayerTeam,on_sale,ok,false,2026-08-19T23:09:16+02:00,,,
2026-08-18T2241Z,laliga,12717146,3068,Cabrera,Leandro Cabrera,2,16007804,17006166,0,marketPlayerTeam,on_sale,suspended,false,2026-08-19T23:09:19+02:00,,,
2026-08-18T2241Z,laliga,12717225,2470,Foyth,Juan Foyth,2,13306196,12236452,0,marketPlayerTeam,on_sale,ok,false,2026-08-19T23:09:25+02:00,,,
2026-08-18T2241Z,laliga,12717862,3089,Ez Abde,Abde Ezzalzouli,4,42090016,44395627,1,marketPlayerTeam,on_sale,doubtful,false,2026-08-19T23:10:11+02:00,,,
2026-08-18T2241Z,laliga,13605788,3036,Dani Lorenzo,Dani Lorenzo,3,9446672,9604577,1,marketPlayerTeam,on_sale,ok,false,2026-08-21T04:08:32+02:00,,,
2026-08-18T2241Z,laliga,14174842,2640,Mario Martín,Mario Martín,3,4092313,3997637,0,marketPlayerTeam,on_sale,ok,false,2026-08-21T22:30:25+02:00,,,
2026-08-18T2241Z,laliga,14185477,3098,Q. Hartman,Quilindschy Hartman,2,8048919,8285765,0,marketPlayerTeam,on_sale,ok,false,2026-08-21T22:45:11+02:00,,,
2026-08-18T2241Z,laliga,14185646,3037,C. Puga,Carlos Puga,2,5012308,5096327,0,marketPlayerTeam,on_sale,ok,false,2026-08-21T22:45:24+02:00,,,
2026-08-18T2241Z,laliga,14185966,2530,Huijsen,Dean Huijsen,2,35049155,36955127,0,marketPlayerTeam,on_sale,ok,false,2026-08-21T22:45:54+02:00,,,
2026-08-18T2241Z,laliga,14186088,2315,Paredes,Aitor Paredes,2,5385813,5280233,0,marketPlayerTeam,on_sale,ok,false,2026-08-21T22:46:04+02:00,,,
2026-08-18T2241Z,laliga,14186254,2474,Denis Suárez,Denis Suárez,3,2388577,2420507,0,marketPlayerTeam,on_sale,ok,false,2026-08-21T22:46:18+02:00,,,
2026-08-18T2241Z,laliga,14186359,3069,Blanco,Antonio Blanco,3,14731133,14784817,0,marketPlayerTeam,on_sale,ok,false,2026-08-21T22:46:26+02:00,,,
2026-08-18T2241Z,laliga,14186511,2700,Etta Eyong,Karl Edouard Blaise Etta Eyong,4,24970145,25480174,0,marketPlayerTeam,on_sale,ok,false,2026-08-21T22:46:38+02:00,,,
2026-08-18T2241Z,laliga,14209621,2382,Isi,Isi Palazón,4,20471475,20144326,0,marketPlayerTeam,on_sale,ok,false,2026-08-21T23:19:39+02:00,,,
2026-08-18T2241Z,laliga,14243057,74,Yuri,Yuri Berchiche Izeta,2,12294334,12294334,0,marketPlayerTeam,on_sale,ok,false,2026-08-22T00:16:06+02:00,,,
2026-08-18T2241Z,laliga,14243153,1991,Tárrega,César Tárrega,2,9139919,9139919,0,marketPlayerTeam,on_sale,ok,false,2026-08-22T00:16:18+02:00,,,
2026-08-18T2241Z,laliga,14243525,2480,Johnny,Johnny Cardoso,3,5412259,5412259,0,marketPlayerTeam,on_sale,ok,false,2026-08-22T00:16:59+02:00,,,
2026-08-18T2241Z,laliga,14243639,3035,Izan M.,Izan Merino,3,6015339,6015339,0,marketPlayerTeam,on_sale,ok,false,2026-08-22T00:17:12+02:00,,,
2026-08-18T2241Z,laliga,14247593,1215,Turrientes,Beñat Turrientes,3,6956237,6956237,0,marketPlayerTeam,on_sale,ok,false,2026-08-22T00:24:14+02:00,,,
2026-08-18T2247Z,laliga,67734622,1849,Iñigo Perez,Iñigo Pérez,5,2099445,2169683,0,marketPlayerLeague,on_sale,ok,,2026-08-19T22:24:00+02:00,,,
2026-08-18T2247Z,laliga,67734625,3166,Manel Usedo,Manel Usedo,3,744851,761846,0,marketPlayerLeague,on_sale,ok,,2026-08-19T22:24:00+02:00,,,
2026-08-18T2247Z,laliga,67734628,2945,Vecino,Matías Vecino,3,1827987,1881351,0,marketPlayerLeague,on_sale,ok,,2026-08-19T22:24:00+02:00,,,
2026-08-18T2247Z,laliga,67734632,3175,Guillén,Nico Guillén,3,4697714,4841225,0,marketPlayerLeague,on_sale,ok,,2026-08-19T22:24:00+02:00,,,
2026-08-18T2247Z,laliga,67734635,2995,Mario Soriano,Mario Soriano,3,27549308,27161321,0,marketPlayerLeague,on_sale,ok,,2026-08-19T22:24:00+02:00,,,
2026-08-18T2247Z,laliga,67734639,2492,Iago Aspas,Iago Aspas,4,6930450,7006087,0,marketPlayerLeague,on_sale,ok,,2026-08-19T22:24:00+02:00,,,
2026-08-18T2247Z,laliga,67734642,2922,Osorio,Abiel Osorio,4,1320886,1361883,0,marketPlayerLeague,on_sale,ok,,2026-08-19T22:24:00+02:00,,,
2026-08-18T2247Z,laliga,67734645,2634,Joan García,Joan García,1,70886933,70000004,0,marketPlayerLeague,on_sale,ok,,2026-08-19T22:24:00+02:00,,,
2026-08-18T2247Z,laliga,67734649,2516,Puado,Javi Puado,3,5728641,5914803,0,marketPlayerLeague,on_sale,injured,,2026-08-19T22:24:00+02:00,,,
2026-08-18T2247Z,laliga,67734654,2455,Peque,Gerard Fernández Castellano,4,2051836,1919445,0,marketPlayerLeague,on_sale,ok,,2026-08-19T22:24:00+02:00,,,
2026-08-18T2247Z,laliga,67734658,3176,Ibra,Ibrahima Sow,4,744851,761846,0,marketPlayerLeague,on_sale,ok,,2026-08-19T22:24:00+02:00,,,
2026-08-18T2247Z,laliga,67734661,2531,Trent,Trent Alexander-Arnold,2,22364018,22455172,0,marketPlayerLeague,on_sale,ok,,2026-08-19T22:24:00+02:00,,,
2026-08-18T2247Z,laliga,67734665,3130,Gulácsi,Péter Gulácsi,1,4107482,4182951,0,marketPlayerLeague,on_sale,ok,,2026-08-19T22:24:00+02:00,,,
2026-08-18T2247Z,laliga,10520311,2418,Marc Roca,Marc Roca,3,5348551,5403735,1,marketPlayerTeam,on_sale,ok,false,2026-08-19T23:09:39+02:00,,,
2026-08-18T2247Z,laliga,10520445,2607,Ilaix Moriba,Moriba Kourouma Kourouma,3,9645774,10086454,0,marketPlayerTeam,on_sale,ok,false,2026-08-19T23:09:30+02:00,,,
2026-08-18T2247Z,laliga,10521109,2504,Ayoze,Ayoze Pérez,4,17664470,17352024,1,marketPlayerTeam,on_sale,ok,false,2026-08-19T23:09:59+02:00,,,
2026-08-18T2247Z,laliga,10521397,2603,Ferran Jutglà,Ferran Jutglà,4,9566381,9506551,1,marketPlayerTeam,on_sale,ok,false,2026-08-19T23:09:54+02:00,,,
2026-08-18T2247Z,laliga,10530519,2613,M. Dituro,Matías Dituro,1,7888908,7572315,1,marketPlayerTeam,on_sale,ok,false,2026-08-19T23:09:10+02:00,,,
2026-08-18T2247Z,laliga,10531276,1674,Arda Güler,Arda Güler,3,56090061,52651995,1,marketPlayerTeam,on_sale,ok,false,2026-08-19T23:09:45+02:00,,,
2026-08-18T2247Z,laliga,11705725,3129,Carlos Espí,Carlos Espí,4,9563853,9282313,1,marketPlayerTeam,on_sale,ok,false,2026-08-21T21:57:07+02:00,,,
2026-08-18T2247Z,laliga,12717104,1959,Mouriño,Santiago Mouriño,2,37273620,40219248,0,marketPlayerTeam,on_sale,ok,false,2026-08-19T23:09:16+02:00,,,
2026-08-18T2247Z,laliga,12717146,3068,Cabrera,Leandro Cabrera,2,16007804,17006166,0,marketPlayerTeam,on_sale,suspended,false,2026-08-19T23:09:19+02:00,,,
2026-08-18T2247Z,laliga,12717225,2470,Foyth,Juan Foyth,2,13306196,12236452,0,marketPlayerTeam,on_sale,ok,false,2026-08-19T23:09:25+02:00,,,
2026-08-18T2247Z,laliga,12717862,3089,Ez Abde,Abde Ezzalzouli,4,42090016,44395627,1,marketPlayerTeam,on_sale,doubtful,false,2026-08-19T23:10:11+02:00,,,
2026-08-18T2247Z,laliga,13605788,3036,Dani Lorenzo,Dani Lorenzo,3,9446672,9604577,1,marketPlayerTeam,on_sale,ok,false,2026-08-21T04:08:32+02:00,,,
2026-08-18T2247Z,laliga,14174842,2640,Mario Martín,Mario Martín,3,4092313,3997637,0,marketPlayerTeam,on_sale,ok,false,2026-08-21T22:30:25+02:00,,,
2026-08-18T2247Z,laliga,14185477,3098,Q. Hartman,Quilindschy Hartman,2,8048919,8285765,0,marketPlayerTeam,on_sale,ok,false,2026-08-21T22:45:11+02:00,,,
2026-08-18T2247Z,laliga,14185646,3037,C. Puga,Carlos Puga,2,5012308,5096327,0,marketPlayerTeam,on_sale,ok,false,2026-08-21T22:45:24+02:00,,,
2026-08-18T2247Z,laliga,14185966,2530,Huijsen,Dean Huijsen,2,35049155,36955127,0,marketPlayerTeam,on_sale,ok,false,2026-08-21T22:45:54+02:00,,,
2026-08-18T2247Z,laliga,14186088,2315,Paredes,Aitor Paredes,2,5385813,5280233,0,marketPlayerTeam,on_sale,ok,false,2026-08-21T22:46:04+02:00,,,
2026-08-18T2247Z,laliga,14186254,2474,Denis Suárez,Denis Suárez,3,2388577,2420507,0,marketPlayerTeam,on_sale,ok,false,2026-08-21T22:46:18+02:00,,,
2026-08-18T2247Z,laliga,14186359,3069,Blanco,Antonio Blanco,3,14731133,14784817,0,marketPlayerTeam,on_sale,ok,false,2026-08-21T22:46:26+02:00,,,
2026-08-18T2247Z,laliga,14186511,2700,Etta Eyong,Karl Edouard Blaise Etta Eyong,4,24970145,25480174,0,marketPlayerTeam,on_sale,ok,false,2026-08-21T22:46:38+02:00,,,
2026-08-18T2247Z,laliga,14209621,2382,Isi,Isi Palazón,4,20471475,20144326,0,marketPlayerTeam,on_sale,ok,false,2026-08-21T23:19:39+02:00,,,
2026-08-18T2247Z,laliga,14243057,74,Yuri,Yuri Berchiche Izeta,2,12294334,12294334,0,marketPlayerTeam,on_sale,ok,false,2026-08-22T00:16:06+02:00,,,
2026-08-18T2247Z,laliga,14243153,1991,Tárrega,César Tárrega,2,9139919,9139919,0,marketPlayerTeam,on_sale,ok,false,2026-08-22T00:16:18+02:00,,,
2026-08-18T2247Z,laliga,14243525,2480,Johnny,Johnny Cardoso,3,5412259,5412259,0,marketPlayerTeam,on_sale,ok,false,2026-08-22T00:16:59+02:00,,,
2026-08-18T2247Z,laliga,14243639,3035,Izan M.,Izan Merino,3,6015339,6015339,0,marketPlayerTeam,on_sale,ok,false,2026-08-22T00:17:12+02:00,,,
2026-08-18T2247Z,laliga,14247593,1215,Turrientes,Beñat Turrientes,3,6956237,6956237,0,marketPlayerTeam,on_sale,ok,false,2026-08-22T00:24:14+02:00,,,
2026-08-18T2258Z,laliga,67734622,1849,Iñigo Perez,Iñigo Pérez,5,2099445,2169683,0,marketPlayerLeague,on_sale,ok,,2026-08-19T22:24:00+02:00,,,
2026-08-18T2258Z,laliga,67734625,3166,Manel Usedo,Manel Usedo,3,744851,761846,0,marketPlayerLeague,on_sale,ok,,2026-08-19T22:24:00+02:00,,,
2026-08-18T2258Z,laliga,67734628,2945,Vecino,Matías Vecino,3,1827987,1881351,0,marketPlayerLeague,on_sale,ok,,2026-08-19T22:24:00+02:00,,,
2026-08-18T2258Z,laliga,67734632,3175,Guillén,Nico Guillén,3,4697714,4841225,0,marketPlayerLeague,on_sale,ok,,2026-08-19T22:24:00+02:00,,,
2026-08-18T2258Z,laliga,67734635,2995,Mario Soriano,Mario Soriano,3,27549308,27161321,0,marketPlayerLeague,on_sale,ok,,2026-08-19T22:24:00+02:00,,,
2026-08-18T2258Z,laliga,67734639,2492,Iago Aspas,Iago Aspas,4,6930450,7006087,0,marketPlayerLeague,on_sale,ok,,2026-08-19T22:24:00+02:00,,,
2026-08-18T2258Z,laliga,67734642,2922,Osorio,Abiel Osorio,4,1320886,1361883,0,marketPlayerLeague,on_sale,ok,,2026-08-19T22:24:00+02:00,,,
2026-08-18T2258Z,laliga,67734645,2634,Joan García,Joan García,1,70886933,70000004,0,marketPlayerLeague,on_sale,ok,,2026-08-19T22:24:00+02:00,,,
2026-08-18T2258Z,laliga,67734649,2516,Puado,Javi Puado,3,5728641,5914803,0,marketPlayerLeague,on_sale,injured,,2026-08-19T22:24:00+02:00,,,
2026-08-18T2258Z,laliga,67734654,2455,Peque,Gerard Fernández Castellano,4,2051836,1919445,0,marketPlayerLeague,on_sale,ok,,2026-08-19T22:24:00+02:00,,,
2026-08-18T2258Z,laliga,67734658,3176,Ibra,Ibrahima Sow,4,744851,761846,0,marketPlayerLeague,on_sale,ok,,2026-08-19T22:24:00+02:00,,,
2026-08-18T2258Z,laliga,67734661,2531,Trent,Trent Alexander-Arnold,2,22364018,22455172,0,marketPlayerLeague,on_sale,ok,,2026-08-19T22:24:00+02:00,,,
2026-08-18T2258Z,laliga,67734665,3130,Gulácsi,Péter Gulácsi,1,4107482,4182951,0,marketPlayerLeague,on_sale,ok,,2026-08-19T22:24:00+02:00,,,
2026-08-18T2258Z,laliga,10520311,2418,Marc Roca,Marc Roca,3,5348551,5403735,1,marketPlayerTeam,on_sale,ok,false,2026-08-19T23:09:39+02:00,,,
2026-08-18T2258Z,laliga,10520445,2607,Ilaix Moriba,Moriba Kourouma Kourouma,3,9645774,10086454,0,marketPlayerTeam,on_sale,ok,false,2026-08-19T23:09:30+02:00,,,
2026-08-18T2258Z,laliga,10521109,2504,Ayoze,Ayoze Pérez,4,17664470,17352024,1,marketPlayerTeam,on_sale,ok,false,2026-08-19T23:09:59+02:00,,,
2026-08-18T2258Z,laliga,10521397,2603,Ferran Jutglà,Ferran Jutglà,4,9566381,9506551,1,marketPlayerTeam,on_sale,ok,false,2026-08-19T23:09:54+02:00,,,
2026-08-18T2258Z,laliga,10530519,2613,M. Dituro,Matías Dituro,1,7888908,7572315,1,marketPlayerTeam,on_sale,ok,false,2026-08-19T23:09:10+02:00,,,
2026-08-18T2258Z,laliga,10531276,1674,Arda Güler,Arda Güler,3,56090061,52651995,1,marketPlayerTeam,on_sale,ok,false,2026-08-19T23:09:45+02:00,,,
2026-08-18T2258Z,laliga,11705725,3129,Carlos Espí,Carlos Espí,4,9563853,9282313,1,marketPlayerTeam,on_sale,ok,false,2026-08-21T21:57:07+02:00,,,
2026-08-18T2258Z,laliga,12717104,1959,Mouriño,Santiago Mouriño,2,37273620,40219248,0,marketPlayerTeam,on_sale,ok,false,2026-08-19T23:09:16+02:00,,,
2026-08-18T2258Z,laliga,12717146,3068,Cabrera,Leandro Cabrera,2,16007804,17006166,0,marketPlayerTeam,on_sale,suspended,false,2026-08-19T23:09:19+02:00,,,
2026-08-18T2258Z,laliga,12717225,2470,Foyth,Juan Foyth,2,13306196,12236452,0,marketPlayerTeam,on_sale,ok,false,2026-08-19T23:09:25+02:00,,,
2026-08-18T2258Z,laliga,12717862,3089,Ez Abde,Abde Ezzalzouli,4,42090016,44395627,1,marketPlayerTeam,on_sale,doubtful,false,2026-08-19T23:10:11+02:00,,,
2026-08-18T2258Z,laliga,13605788,3036,Dani Lorenzo,Dani Lorenzo,3,9446672,9604577,1,marketPlayerTeam,on_sale,ok,false,2026-08-21T04:08:32+02:00,,,
2026-08-18T2258Z,laliga,14174842,2640,Mario Martín,Mario Martín,3,4092313,3997637,0,marketPlayerTeam,on_sale,ok,false,2026-08-21T22:30:25+02:00,,,
2026-08-18T2258Z,laliga,14185477,3098,Q. Hartman,Quilindschy Hartman,2,8048919,8285765,0,marketPlayerTeam,on_sale,ok,false,2026-08-21T22:45:11+02:00,,,
2026-08-18T2258Z,laliga,14185646,3037,C. Puga,Carlos Puga,2,5012308,5096327,0,marketPlayerTeam,on_sale,ok,false,2026-08-21T22:45:24+02:00,,,
2026-08-18T2258Z,laliga,14185966,2530,Huijsen,Dean Huijsen,2,35049155,36955127,0,marketPlayerTeam,on_sale,ok,false,2026-08-21T22:45:54+02:00,,,
2026-08-18T2258Z,laliga,14186088,2315,Paredes,Aitor Paredes,2,5385813,5280233,0,marketPlayerTeam,on_sale,ok,false,2026-08-21T22:46:04+02:00,,,
2026-08-18T2258Z,laliga,14186254,2474,Denis Suárez,Denis Suárez,3,2388577,2420507,0,marketPlayerTeam,on_sale,ok,false,2026-08-21T22:46:18+02:00,,,
2026-08-18T2258Z,laliga,14186359,3069,Blanco,Antonio Blanco,3,14731133,14784817,0,marketPlayerTeam,on_sale,ok,false,2026-08-21T22:46:26+02:00,,,
2026-08-18T2258Z,laliga,14186511,2700,Etta Eyong,Karl Edouard Blaise Etta Eyong,4,24970145,25480174,0,marketPlayerTeam,on_sale,ok,false,2026-08-21T22:46:38+02:00,,,
2026-08-18T2258Z,laliga,14209621,2382,Isi,Isi Palazón,4,20471475,20144326,0,marketPlayerTeam,on_sale,ok,false,2026-08-21T23:19:39+02:00,,,
2026-08-18T2258Z,laliga,14243057,74,Yuri,Yuri Berchiche Izeta,2,12294334,12294334,0,marketPlayerTeam,on_sale,ok,false,2026-08-22T00:16:06+02:00,,,
2026-08-18T2258Z,laliga,14243153,1991,Tárrega,César Tárrega,2,9139919,9139919,0,marketPlayerTeam,on_sale,ok,false,2026-08-22T00:16:18+02:00,,,
2026-08-18T2258Z,laliga,14243525,2480,Johnny,Johnny Cardoso,3,5412259,5412259,0,marketPlayerTeam,on_sale,ok,false,2026-08-22T00:16:59+02:00,,,
2026-08-18T2258Z,laliga,14243639,3035,Izan M.,Izan Merino,3,6015339,6015339,0,marketPlayerTeam,on_sale,ok,false,2026-08-22T00:17:12+02:00,,,
2026-08-18T2258Z,laliga,14247593,1215,Turrientes,Beñat Turrientes,3,6956237,6956237,0,marketPlayerTeam,on_sale,ok,false,2026-08-22T00:24:14+02:00,,,
2026-08-18T2303Z,laliga,67734622,1849,Iñigo Perez,Iñigo Pérez,5,2099445,2169683,0,marketPlayerLeague,on_sale,ok,,2026-08-19T22:24:00+02:00,,,
2026-08-18T2303Z,laliga,67734625,3166,Manel Usedo,Manel Usedo,3,744851,761846,0,marketPlayerLeague,on_sale,ok,,2026-08-19T22:24:00+02:00,,,
2026-08-18T2303Z,laliga,67734628,2945,Vecino,Matías Vecino,3,1827987,1881351,0,marketPlayerLeague,on_sale,ok,,2026-08-19T22:24:00+02:00,,,
2026-08-18T2303Z,laliga,67734632,3175,Guillén,Nico Guillén,3,4697714,4841225,0,marketPlayerLeague,on_sale,ok,,2026-08-19T22:24:00+02:00,,,
2026-08-18T2303Z,laliga,67734635,2995,Mario Soriano,Mario Soriano,3,27549308,27161321,0,marketPlayerLeague,on_sale,ok,,2026-08-19T22:24:00+02:00,,,
2026-08-18T2303Z,laliga,67734639,2492,Iago Aspas,Iago Aspas,4,6930450,7006087,0,marketPlayerLeague,on_sale,ok,,2026-08-19T22:24:00+02:00,,,
2026-08-18T2303Z,laliga,67734642,2922,Osorio,Abiel Osorio,4,1320886,1361883,0,marketPlayerLeague,on_sale,ok,,2026-08-19T22:24:00+02:00,,,
2026-08-18T2303Z,laliga,67734645,2634,Joan García,Joan García,1,70886933,70000004,0,marketPlayerLeague,on_sale,ok,,2026-08-19T22:24:00+02:00,,,
2026-08-18T2303Z,laliga,67734649,2516,Puado,Javi Puado,3,5728641,5914803,0,marketPlayerLeague,on_sale,injured,,2026-08-19T22:24:00+02:00,,,
2026-08-18T2303Z,laliga,67734654,2455,Peque,Gerard Fernández Castellano,4,2051836,1919445,0,marketPlayerLeague,on_sale,ok,,2026-08-19T22:24:00+02:00,,,
2026-08-18T2303Z,laliga,67734658,3176,Ibra,Ibrahima Sow,4,744851,761846,0,marketPlayerLeague,on_sale,ok,,2026-08-19T22:24:00+02:00,,,
2026-08-18T2303Z,laliga,67734661,2531,Trent,Trent Alexander-Arnold,2,22364018,22455172,0,marketPlayerLeague,on_sale,ok,,2026-08-19T22:24:00+02:00,,,
2026-08-18T2303Z,laliga,67734665,3130,Gulácsi,Péter Gulácsi,1,4107482,4182951,0,marketPlayerLeague,on_sale,ok,,2026-08-19T22:24:00+02:00,,,
2026-08-18T2303Z,laliga,10520311,2418,Marc Roca,Marc Roca,3,5348551,5403735,1,marketPlayerTeam,on_sale,ok,false,2026-08-19T23:09:39+02:00,,,
2026-08-18T2303Z,laliga,10520445,2607,Ilaix Moriba,Moriba Kourouma Kourouma,3,9645774,10086454,0,marketPlayerTeam,on_sale,ok,false,2026-08-19T23:09:30+02:00,,,
2026-08-18T2303Z,laliga,10521109,2504,Ayoze,Ayoze Pérez,4,17664470,17352024,1,marketPlayerTeam,on_sale,ok,false,2026-08-19T23:09:59+02:00,,,
2026-08-18T2303Z,laliga,10521397,2603,Ferran Jutglà,Ferran Jutglà,4,9566381,9506551,1,marketPlayerTeam,on_sale,ok,false,2026-08-19T23:09:54+02:00,,,
2026-08-18T2303Z,laliga,10530519,2613,M. Dituro,Matías Dituro,1,7888908,7572315,1,marketPlayerTeam,on_sale,ok,false,2026-08-19T23:09:10+02:00,,,
2026-08-18T2303Z,laliga,10531276,1674,Arda Güler,Arda Güler,3,56090061,52651995,1,marketPlayerTeam,on_sale,ok,false,2026-08-19T23:09:45+02:00,,,
2026-08-18T2303Z,laliga,11705725,3129,Carlos Espí,Carlos Espí,4,9563853,9282313,1,marketPlayerTeam,on_sale,ok,false,2026-08-21T21:57:07+02:00,,,
2026-08-18T2303Z,laliga,12717104,1959,Mouriño,Santiago Mouriño,2,37273620,40219248,0,marketPlayerTeam,on_sale,ok,false,2026-08-19T23:09:16+02:00,,,
2026-08-18T2303Z,laliga,12717146,3068,Cabrera,Leandro Cabrera,2,16007804,17006166,0,marketPlayerTeam,on_sale,suspended,false,2026-08-19T23:09:19+02:00,,,
2026-08-18T2303Z,laliga,12717225,2470,Foyth,Juan Foyth,2,13306196,12236452,0,marketPlayerTeam,on_sale,ok,false,2026-08-19T23:09:25+02:00,,,
2026-08-18T2303Z,laliga,12717862,3089,Ez Abde,Abde Ezzalzouli,4,42090016,44395627,1,marketPlayerTeam,on_sale,doubtful,false,2026-08-19T23:10:11+02:00,,,
2026-08-18T2303Z,laliga,13605788,3036,Dani Lorenzo,Dani Lorenzo,3,9446672,9604577,1,marketPlayerTeam,on_sale,ok,false,2026-08-21T04:08:32+02:00,,,
2026-08-18T2303Z,laliga,14174842,2640,Mario Martín,Mario Martín,3,4092313,3997637,0,marketPlayerTeam,on_sale,ok,false,2026-08-21T22:30:25+02:00,,,
2026-08-18T2303Z,laliga,14185477,3098,Q. Hartman,Quilindschy Hartman,2,8048919,8285765,0,marketPlayerTeam,on_sale,ok,false,2026-08-21T22:45:11+02:00,,,
2026-08-18T2303Z,laliga,14185646,3037,C. Puga,Carlos Puga,2,5012308,5096327,0,marketPlayerTeam,on_sale,ok,false,2026-08-21T22:45:24+02:00,,,
2026-08-18T2303Z,laliga,14185966,2530,Huijsen,Dean Huijsen,2,35049155,36955127,0,marketPlayerTeam,on_sale,ok,false,2026-08-21T22:45:54+02:00,,,
2026-08-18T2303Z,laliga,14186088,2315,Paredes,Aitor Paredes,2,5385813,5280233,0,marketPlayerTeam,on_sale,ok,false,2026-08-21T22:46:04+02:00,,,
2026-08-18T2303Z,laliga,14186254,2474,Denis Suárez,Denis Suárez,3,2388577,2420507,0,marketPlayerTeam,on_sale,ok,false,2026-08-21T22:46:18+02:00,,,
2026-08-18T2303Z,laliga,14186359,3069,Blanco,Antonio Blanco,3,14731133,14784817,0,marketPlayerTeam,on_sale,ok,false,2026-08-21T22:46:26+02:00,,,
2026-08-18T2303Z,laliga,14186511,2700,Etta Eyong,Karl Edouard Blaise Etta Eyong,4,24970145,25480174,0,marketPlayerTeam,on_sale,ok,false,2026-08-21T22:46:38+02:00,,,
2026-08-18T2303Z,laliga,14209621,2382,Isi,Isi Palazón,4,20471475,20144326,0,marketPlayerTeam,on_sale,ok,false,2026-08-21T23:19:39+02:00,,,
2026-08-18T2303Z,laliga,14243057,74,Yuri,Yuri Berchiche Izeta,2,12294334,12294334,0,marketPlayerTeam,on_sale,ok,false,2026-08-22T00:16:06+02:00,,,
2026-08-18T2303Z,laliga,14243153,1991,Tárrega,César Tárrega,2,9139919,9139919,0,marketPlayerTeam,on_sale,ok,false,2026-08-22T00:16:18+02:00,,,
2026-08-18T2303Z,laliga,14243525,2480,Johnny,Johnny Cardoso,3,5412259,5412259,0,marketPlayerTeam,on_sale,ok,false,2026-08-22T00:16:59+02:00,,,
2026-08-18T2303Z,laliga,14243639,3035,Izan M.,Izan Merino,3,6015339,6015339,0,marketPlayerTeam,on_sale,ok,false,2026-08-22T00:17:12+02:00,,,
2026-08-18T2303Z,laliga,14247593,1215,Turrientes,Beñat Turrientes,3,6956237,6956237,0,marketPlayerTeam,on_sale,ok,false,2026-08-22T00:24:14+02:00,,,
2026-08-19T0013Z,laliga,67734622,1849,Iñigo Perez,Iñigo Pérez,5,2099445,2169683,0,marketPlayerLeague,on_sale,ok,,2026-08-19T22:24:00+02:00,,,
2026-08-19T0013Z,laliga,67734625,3166,Manel Usedo,Manel Usedo,3,744851,761846,0,marketPlayerLeague,on_sale,ok,,2026-08-19T22:24:00+02:00,,,
2026-08-19T0013Z,laliga,67734628,2945,Vecino,Matías Vecino,3,1827987,1881351,0,marketPlayerLeague,on_sale,ok,,2026-08-19T22:24:00+02:00,,,
2026-08-19T0013Z,laliga,67734632,3175,Guillén,Nico Guillén,3,4697714,4841225,0,marketPlayerLeague,on_sale,ok,,2026-08-19T22:24:00+02:00,,,
2026-08-19T0013Z,laliga,67734635,2995,Mario Soriano,Mario Soriano,3,27549308,27161321,0,marketPlayerLeague,on_sale,ok,,2026-08-19T22:24:00+02:00,,,
2026-08-19T0013Z,laliga,67734639,2492,Iago Aspas,Iago Aspas,4,6930450,7006087,0,marketPlayerLeague,on_sale,ok,,2026-08-19T22:24:00+02:00,,,
2026-08-19T0013Z,laliga,67734642,2922,Osorio,Abiel Osorio,4,1320886,1361883,0,marketPlayerLeague,on_sale,ok,,2026-08-19T22:24:00+02:00,,,
2026-08-19T0013Z,laliga,67734645,2634,Joan García,Joan García,1,70886933,70000004,0,marketPlayerLeague,on_sale,ok,,2026-08-19T22:24:00+02:00,,,
2026-08-19T0013Z,laliga,67734649,2516,Puado,Javi Puado,3,5728641,5914803,0,marketPlayerLeague,on_sale,injured,,2026-08-19T22:24:00+02:00,,,
2026-08-19T0013Z,laliga,67734654,2455,Peque,Gerard Fernández Castellano,4,2051836,1919445,0,marketPlayerLeague,on_sale,ok,,2026-08-19T22:24:00+02:00,,,
2026-08-19T0013Z,laliga,67734658,3176,Ibra,Ibrahima Sow,4,744851,761846,0,marketPlayerLeague,on_sale,ok,,2026-08-19T22:24:00+02:00,,,
2026-08-19T0013Z,laliga,67734661,2531,Trent,Trent Alexander-Arnold,2,22364018,22455172,0,marketPlayerLeague,on_sale,ok,,2026-08-19T22:24:00+02:00,,,
2026-08-19T0013Z,laliga,67734665,3130,Gulácsi,Péter Gulácsi,1,4107482,4182951,0,marketPlayerLeague,on_sale,ok,,2026-08-19T22:24:00+02:00,,,
2026-08-19T0013Z,laliga,10520311,2418,Marc Roca,Marc Roca,3,5348551,5403735,1,marketPlayerTeam,on_sale,ok,false,2026-08-19T23:09:39+02:00,,,
2026-08-19T0013Z,laliga,10520445,2607,Ilaix Moriba,Moriba Kourouma Kourouma,3,9645774,10086454,0,marketPlayerTeam,on_sale,ok,false,2026-08-19T23:09:30+02:00,,,
2026-08-19T0013Z,laliga,10521109,2504,Ayoze,Ayoze Pérez,4,17664470,17352024,1,marketPlayerTeam,on_sale,ok,false,2026-08-19T23:09:59+02:00,,,
2026-08-19T0013Z,laliga,10521397,2603,Ferran Jutglà,Ferran Jutglà,4,9566381,9506551,1,marketPlayerTeam,on_sale,ok,false,2026-08-19T23:09:54+02:00,,,
2026-08-19T0013Z,laliga,10530519,2613,M. Dituro,Matías Dituro,1,7888908,7572315,1,marketPlayerTeam,on_sale,ok,false,2026-08-19T23:09:10+02:00,,,
2026-08-19T0013Z,laliga,10531276,1674,Arda Güler,Arda Güler,3,56090061,52651995,1,marketPlayerTeam,on_sale,ok,false,2026-08-19T23:09:45+02:00,,,
2026-08-19T0013Z,laliga,11705725,3129,Carlos Espí,Carlos Espí,4,9563853,9282313,1,marketPlayerTeam,on_sale,ok,false,2026-08-21T21:57:07+02:00,,,
2026-08-19T0013Z,laliga,12717104,1959,Mouriño,Santiago Mouriño,2,37273620,40219248,0,marketPlayerTeam,on_sale,ok,false,2026-08-19T23:09:16+02:00,,,
2026-08-19T0013Z,laliga,12717146,3068,Cabrera,Leandro Cabrera,2,16007804,17006166,0,marketPlayerTeam,on_sale,suspended,false,2026-08-19T23:09:19+02:00,,,
2026-08-19T0013Z,laliga,12717225,2470,Foyth,Juan Foyth,2,13306196,12236452,0,marketPlayerTeam,on_sale,ok,false,2026-08-19T23:09:25+02:00,,,
2026-08-19T0013Z,laliga,12717862,3089,Ez Abde,Abde Ezzalzouli,4,42090016,44395627,1,marketPlayerTeam,on_sale,doubtful,false,2026-08-19T23:10:11+02:00,,,
2026-08-19T0013Z,laliga,13605788,3036,Dani Lorenzo,Dani Lorenzo,3,9446672,9604577,1,marketPlayerTeam,on_sale,ok,false,2026-08-21T04:08:32+02:00,,,
2026-08-19T0013Z,laliga,14174842,2640,Mario Martín,Mario Martín,3,4092313,3997637,0,marketPlayerTeam,on_sale,ok,false,2026-08-21T22:30:25+02:00,,,
2026-08-19T0013Z,laliga,14185477,3098,Q. Hartman,Quilindschy Hartman,2,8048919,8285765,0,marketPlayerTeam,on_sale,ok,false,2026-08-21T22:45:11+02:00,,,
2026-08-19T0013Z,laliga,14185646,3037,C. Puga,Carlos Puga,2,5012308,5096327,0,marketPlayerTeam,on_sale,ok,false,2026-08-21T22:45:24+02:00,,,
2026-08-19T0013Z,laliga,14185966,2530,Huijsen,Dean Huijsen,2,35049155,36955127,0,marketPlayerTeam,on_sale,ok,false,2026-08-21T22:45:54+02:00,,,
2026-08-19T0013Z,laliga,14186088,2315,Paredes,Aitor Paredes,2,5385813,5280233,0,marketPlayerTeam,on_sale,ok,false,2026-08-21T22:46:04+02:00,,,
2026-08-19T0013Z,laliga,14186254,2474,Denis Suárez,Denis Suárez,3,2388577,2420507,0,marketPlayerTeam,on_sale,ok,false,2026-08-21T22:46:18+02:00,,,
2026-08-19T0013Z,laliga,14186359,3069,Blanco,Antonio Blanco,3,14731133,14784817,0,marketPlayerTeam,on_sale,ok,false,2026-08-21T22:46:26+02:00,,,
2026-08-19T0013Z,laliga,14186511,2700,Etta Eyong,Karl Edouard Blaise Etta Eyong,4,24970145,25480174,0,marketPlayerTeam,on_sale,ok,false,2026-08-21T22:46:38+02:00,,,
2026-08-19T0013Z,laliga,14209621,2382,Isi,Isi Palazón,4,20471475,20144326,0,marketPlayerTeam,on_sale,ok,false,2026-08-21T23:19:39+02:00,,,
2026-08-19T0013Z,laliga,14243057,74,Yuri,Yuri Berchiche Izeta,2,12294334,12294334,0,marketPlayerTeam,on_sale,ok,false,2026-08-22T00:16:06+02:00,,,
2026-08-19T0013Z,laliga,14243153,1991,Tárrega,César Tárrega,2,9139919,9139919,0,marketPlayerTeam,on_sale,ok,false,2026-08-22T00:16:18+02:00,,,
2026-08-19T0013Z,laliga,14243525,2480,Johnny,Johnny Cardoso,3,5412259,5412259,0,marketPlayerTeam,on_sale,ok,false,2026-08-22T00:16:59+02:00,,,
2026-08-19T0013Z,laliga,14243639,3035,Izan M.,Izan Merino,3,6015339,6015339,0,marketPlayerTeam,on_sale,ok,false,2026-08-22T00:17:12+02:00,,,
2026-08-19T0013Z,laliga,14247593,1215,Turrientes,Beñat Turrientes,3,6956237,6956237,0,marketPlayerTeam,on_sale,ok,false,2026-08-22T00:24:14+02:00,,,
2026-08-19T0013Z,laliga,14270371,1930,El Hilali,Omar El Hilali,2,9760951,9760951,0,marketPlayerTeam,on_sale,ok,false,2026-08-22T01:11:35+02:00,,,
2026-08-19T0016Z,laliga,67734622,1849,Iñigo Perez,Iñigo Pérez,5,2099445,2169683,0,marketPlayerLeague,on_sale,ok,,2026-08-19T22:24:00+02:00,,,
2026-08-19T0016Z,laliga,67734625,3166,Manel Usedo,Manel Usedo,3,744851,761846,0,marketPlayerLeague,on_sale,ok,,2026-08-19T22:24:00+02:00,,,
2026-08-19T0016Z,laliga,67734628,2945,Vecino,Matías Vecino,3,1827987,1881351,0,marketPlayerLeague,on_sale,ok,,2026-08-19T22:24:00+02:00,,,
2026-08-19T0016Z,laliga,67734632,3175,Guillén,Nico Guillén,3,4697714,4841225,0,marketPlayerLeague,on_sale,ok,,2026-08-19T22:24:00+02:00,,,
2026-08-19T0016Z,laliga,67734635,2995,Mario Soriano,Mario Soriano,3,27549308,27161321,0,marketPlayerLeague,on_sale,ok,,2026-08-19T22:24:00+02:00,,,
2026-08-19T0016Z,laliga,67734639,2492,Iago Aspas,Iago Aspas,4,6930450,7006087,0,marketPlayerLeague,on_sale,ok,,2026-08-19T22:24:00+02:00,,,
2026-08-19T0016Z,laliga,67734642,2922,Osorio,Abiel Osorio,4,1320886,1361883,0,marketPlayerLeague,on_sale,ok,,2026-08-19T22:24:00+02:00,,,
2026-08-19T0016Z,laliga,67734645,2634,Joan García,Joan García,1,70886933,70000004,0,marketPlayerLeague,on_sale,ok,,2026-08-19T22:24:00+02:00,,,
2026-08-19T0016Z,laliga,67734649,2516,Puado,Javi Puado,3,5728641,5914803,0,marketPlayerLeague,on_sale,injured,,2026-08-19T22:24:00+02:00,,,
2026-08-19T0016Z,laliga,67734654,2455,Peque,Gerard Fernández Castellano,4,2051836,1919445,0,marketPlayerLeague,on_sale,ok,,2026-08-19T22:24:00+02:00,,,
2026-08-19T0016Z,laliga,67734658,3176,Ibra,Ibrahima Sow,4,744851,761846,0,marketPlayerLeague,on_sale,ok,,2026-08-19T22:24:00+02:00,,,
2026-08-19T0016Z,laliga,67734661,2531,Trent,Trent Alexander-Arnold,2,22364018,22455172,0,marketPlayerLeague,on_sale,ok,,2026-08-19T22:24:00+02:00,,,
2026-08-19T0016Z,laliga,67734665,3130,Gulácsi,Péter Gulácsi,1,4107482,4182951,0,marketPlayerLeague,on_sale,ok,,2026-08-19T22:24:00+02:00,,,
2026-08-19T0016Z,laliga,10520311,2418,Marc Roca,Marc Roca,3,5348551,5403735,1,marketPlayerTeam,on_sale,ok,false,2026-08-19T23:09:39+02:00,,,
2026-08-19T0016Z,laliga,10520445,2607,Ilaix Moriba,Moriba Kourouma Kourouma,3,9645774,10086454,0,marketPlayerTeam,on_sale,ok,false,2026-08-19T23:09:30+02:00,,,
2026-08-19T0016Z,laliga,10521109,2504,Ayoze,Ayoze Pérez,4,17664470,17352024,1,marketPlayerTeam,on_sale,ok,false,2026-08-19T23:09:59+02:00,,,
2026-08-19T0016Z,laliga,10521397,2603,Ferran Jutglà,Ferran Jutglà,4,9566381,9506551,1,marketPlayerTeam,on_sale,ok,false,2026-08-19T23:09:54+02:00,,,
2026-08-19T0016Z,laliga,10530519,2613,M. Dituro,Matías Dituro,1,7888908,7572315,1,marketPlayerTeam,on_sale,ok,false,2026-08-19T23:09:10+02:00,,,
2026-08-19T0016Z,laliga,10531276,1674,Arda Güler,Arda Güler,3,56090061,52651995,1,marketPlayerTeam,on_sale,ok,false,2026-08-19T23:09:45+02:00,,,
2026-08-19T0016Z,laliga,11705725,3129,Carlos Espí,Carlos Espí,4,9563853,9282313,1,marketPlayerTeam,on_sale,ok,false,2026-08-21T21:57:07+02:00,,,
2026-08-19T0016Z,laliga,12717104,1959,Mouriño,Santiago Mouriño,2,37273620,40219248,0,marketPlayerTeam,on_sale,ok,false,2026-08-19T23:09:16+02:00,,,
2026-08-19T0016Z,laliga,12717146,3068,Cabrera,Leandro Cabrera,2,16007804,17006166,0,marketPlayerTeam,on_sale,suspended,false,2026-08-19T23:09:19+02:00,,,
2026-08-19T0016Z,laliga,12717225,2470,Foyth,Juan Foyth,2,13306196,12236452,0,marketPlayerTeam,on_sale,ok,false,2026-08-19T23:09:25+02:00,,,
2026-08-19T0016Z,laliga,12717862,3089,Ez Abde,Abde Ezzalzouli,4,42090016,44395627,1,marketPlayerTeam,on_sale,doubtful,false,2026-08-19T23:10:11+02:00,,,
2026-08-19T0016Z,laliga,13605788,3036,Dani Lorenzo,Dani Lorenzo,3,9446672,9604577,1,marketPlayerTeam,on_sale,ok,false,2026-08-21T04:08:32+02:00,,,
2026-08-19T0016Z,laliga,14174842,2640,Mario Martín,Mario Martín,3,4092313,3997637,0,marketPlayerTeam,on_sale,ok,false,2026-08-21T22:30:25+02:00,,,
2026-08-19T0016Z,laliga,14185477,3098,Q. Hartman,Quilindschy Hartman,2,8048919,8285765,0,marketPlayerTeam,on_sale,ok,false,2026-08-21T22:45:11+02:00,,,
2026-08-19T0016Z,laliga,14185646,3037,C. Puga,Carlos Puga,2,5012308,5096327,0,marketPlayerTeam,on_sale,ok,false,2026-08-21T22:45:24+02:00,,,
2026-08-19T0016Z,laliga,14185966,2530,Huijsen,Dean Huijsen,2,35049155,36955127,0,marketPlayerTeam,on_sale,ok,false,2026-08-21T22:45:54+02:00,,,
2026-08-19T0016Z,laliga,14186088,2315,Paredes,Aitor Paredes,2,5385813,5280233,0,marketPlayerTeam,on_sale,ok,false,2026-08-21T22:46:04+02:00,,,
2026-08-19T0016Z,laliga,14186254,2474,Denis Suárez,Denis Suárez,3,2388577,2420507,0,marketPlayerTeam,on_sale,ok,false,2026-08-21T22:46:18+02:00,,,
2026-08-19T0016Z,laliga,14186359,3069,Blanco,Antonio Blanco,3,14731133,14784817,0,marketPlayerTeam,on_sale,ok,false,2026-08-21T22:46:26+02:00,,,
2026-08-19T0016Z,laliga,14186511,2700,Etta Eyong,Karl Edouard Blaise Etta Eyong,4,24970145,25480174,0,marketPlayerTeam,on_sale,ok,false,2026-08-21T22:46:38+02:00,,,
2026-08-19T0016Z,laliga,14209621,2382,Isi,Isi Palazón,4,20471475,20144326,0,marketPlayerTeam,on_sale,ok,false,2026-08-21T23:19:39+02:00,,,
2026-08-19T0016Z,laliga,14243057,74,Yuri,Yuri Berchiche Izeta,2,12294334,12294334,0,marketPlayerTeam,on_sale,ok,false,2026-08-22T00:16:06+02:00,,,
2026-08-19T0016Z,laliga,14243153,1991,Tárrega,César Tárrega,2,9139919,9139919,0,marketPlayerTeam,on_sale,ok,false,2026-08-22T00:16:18+02:00,,,
2026-08-19T0016Z,laliga,14243525,2480,Johnny,Johnny Cardoso,3,5412259,5412259,0,marketPlayerTeam,on_sale,ok,false,2026-08-22T00:16:59+02:00,,,
2026-08-19T0016Z,laliga,14243639,3035,Izan M.,Izan Merino,3,6015339,6015339,0,marketPlayerTeam,on_sale,ok,false,2026-08-22T00:17:12+02:00,,,
2026-08-19T0016Z,laliga,14247593,1215,Turrientes,Beñat Turrientes,3,6956237,6956237,0,marketPlayerTeam,on_sale,ok,false,2026-08-22T00:24:14+02:00,,,
2026-08-19T0016Z,laliga,14270371,1930,El Hilali,Omar El Hilali,2,9760951,9760951,0,marketPlayerTeam,on_sale,ok,false,2026-08-22T01:11:35+02:00,,,
2026-08-19T0019Z,laliga,67734622,1849,Iñigo Perez,Iñigo Pérez,5,2099445,2169683,0,marketPlayerLeague,on_sale,ok,,2026-08-19T22:24:00+02:00,,,
2026-08-19T0019Z,laliga,67734625,3166,Manel Usedo,Manel Usedo,3,744851,761846,0,marketPlayerLeague,on_sale,ok,,2026-08-19T22:24:00+02:00,,,
2026-08-19T0019Z,laliga,67734628,2945,Vecino,Matías Vecino,3,1827987,1881351,0,marketPlayerLeague,on_sale,ok,,2026-08-19T22:24:00+02:00,,,
2026-08-19T0019Z,laliga,67734632,3175,Guillén,Nico Guillén,3,4697714,4841225,0,marketPlayerLeague,on_sale,ok,,2026-08-19T22:24:00+02:00,,,
2026-08-19T0019Z,laliga,67734635,2995,Mario Soriano,Mario Soriano,3,27549308,27161321,0,marketPlayerLeague,on_sale,ok,,2026-08-19T22:24:00+02:00,,,
2026-08-19T0019Z,laliga,67734639,2492,Iago Aspas,Iago Aspas,4,6930450,7006087,0,marketPlayerLeague,on_sale,ok,,2026-08-19T22:24:00+02:00,,,
2026-08-19T0019Z,laliga,67734642,2922,Osorio,Abiel Osorio,4,1320886,1361883,0,marketPlayerLeague,on_sale,ok,,2026-08-19T22:24:00+02:00,,,
2026-08-19T0019Z,laliga,67734645,2634,Joan García,Joan García,1,70886933,70000004,0,marketPlayerLeague,on_sale,ok,,2026-08-19T22:24:00+02:00,,,
2026-08-19T0019Z,laliga,67734649,2516,Puado,Javi Puado,3,5728641,5914803,0,marketPlayerLeague,on_sale,injured,,2026-08-19T22:24:00+02:00,,,
2026-08-19T0019Z,laliga,67734654,2455,Peque,Gerard Fernández Castellano,4,2051836,1919445,0,marketPlayerLeague,on_sale,ok,,2026-08-19T22:24:00+02:00,,,
2026-08-19T0019Z,laliga,67734658,3176,Ibra,Ibrahima Sow,4,744851,761846,0,marketPlayerLeague,on_sale,ok,,2026-08-19T22:24:00+02:00,,,
2026-08-19T0019Z,laliga,67734661,2531,Trent,Trent Alexander-Arnold,2,22364018,22455172,0,marketPlayerLeague,on_sale,ok,,2026-08-19T22:24:00+02:00,,,
2026-08-19T0019Z,laliga,67734665,3130,Gulácsi,Péter Gulácsi,1,4107482,4182951,0,marketPlayerLeague,on_sale,ok,,2026-08-19T22:24:00+02:00,,,
2026-08-19T0019Z,laliga,10520311,2418,Marc Roca,Marc Roca,3,5348551,5403735,1,marketPlayerTeam,on_sale,ok,false,2026-08-19T23:09:39+02:00,,,
2026-08-19T0019Z,laliga,10520445,2607,Ilaix Moriba,Moriba Kourouma Kourouma,3,9645774,10086454,0,marketPlayerTeam,on_sale,ok,false,2026-08-19T23:09:30+02:00,,,
2026-08-19T0019Z,laliga,10521109,2504,Ayoze,Ayoze Pérez,4,17664470,17352024,1,marketPlayerTeam,on_sale,ok,false,2026-08-19T23:09:59+02:00,,,
2026-08-19T0019Z,laliga,10521397,2603,Ferran Jutglà,Ferran Jutglà,4,9566381,9506551,1,marketPlayerTeam,on_sale,ok,false,2026-08-19T23:09:54+02:00,,,
2026-08-19T0019Z,laliga,10530519,2613,M. Dituro,Matías Dituro,1,7888908,7572315,1,marketPlayerTeam,on_sale,ok,false,2026-08-19T23:09:10+02:00,,,
2026-08-19T0019Z,laliga,10531276,1674,Arda Güler,Arda Güler,3,56090061,52651995,1,marketPlayerTeam,on_sale,ok,false,2026-08-19T23:09:45+02:00,,,
2026-08-19T0019Z,laliga,11705725,3129,Carlos Espí,Carlos Espí,4,9563853,9282313,1,marketPlayerTeam,on_sale,ok,false,2026-08-21T21:57:07+02:00,,,
2026-08-19T0019Z,laliga,12717104,1959,Mouriño,Santiago Mouriño,2,37273620,40219248,0,marketPlayerTeam,on_sale,ok,false,2026-08-19T23:09:16+02:00,,,
2026-08-19T0019Z,laliga,12717146,3068,Cabrera,Leandro Cabrera,2,16007804,17006166,0,marketPlayerTeam,on_sale,suspended,false,2026-08-19T23:09:19+02:00,,,
2026-08-19T0019Z,laliga,12717225,2470,Foyth,Juan Foyth,2,13306196,12236452,0,marketPlayerTeam,on_sale,ok,false,2026-08-19T23:09:25+02:00,,,
2026-08-19T0019Z,laliga,12717862,3089,Ez Abde,Abde Ezzalzouli,4,42090016,44395627,1,marketPlayerTeam,on_sale,doubtful,false,2026-08-19T23:10:11+02:00,,,
2026-08-19T0019Z,laliga,13605788,3036,Dani Lorenzo,Dani Lorenzo,3,9446672,9604577,1,marketPlayerTeam,on_sale,ok,false,2026-08-21T04:08:32+02:00,,,
2026-08-19T0019Z,laliga,14174842,2640,Mario Martín,Mario Martín,3,4092313,3997637,0,marketPlayerTeam,on_sale,ok,false,2026-08-21T22:30:25+02:00,,,
2026-08-19T0019Z,laliga,14185477,3098,Q. Hartman,Quilindschy Hartman,2,8048919,8285765,0,marketPlayerTeam,on_sale,ok,false,2026-08-21T22:45:11+02:00,,,
2026-08-19T0019Z,laliga,14185646,3037,C. Puga,Carlos Puga,2,5012308,5096327,0,marketPlayerTeam,on_sale,ok,false,2026-08-21T22:45:24+02:00,,,
2026-08-19T0019Z,laliga,14185966,2530,Huijsen,Dean Huijsen,2,35049155,36955127,0,marketPlayerTeam,on_sale,ok,false,2026-08-21T22:45:54+02:00,,,
2026-08-19T0019Z,laliga,14186088,2315,Paredes,Aitor Paredes,2,5385813,5280233,0,marketPlayerTeam,on_sale,ok,false,2026-08-21T22:46:04+02:00,,,
2026-08-19T0019Z,laliga,14186254,2474,Denis Suárez,Denis Suárez,3,2388577,2420507,0,marketPlayerTeam,on_sale,ok,false,2026-08-21T22:46:18+02:00,,,
2026-08-19T0019Z,laliga,14186359,3069,Blanco,Antonio Blanco,3,14731133,14784817,0,marketPlayerTeam,on_sale,ok,false,2026-08-21T22:46:26+02:00,,,
2026-08-19T0019Z,laliga,14186511,2700,Etta Eyong,Karl Edouard Blaise Etta Eyong,4,24970145,25480174,0,marketPlayerTeam,on_sale,ok,false,2026-08-21T22:46:38+02:00,,,
2026-08-19T0019Z,laliga,14209621,2382,Isi,Isi Palazón,4,20471475,20144326,0,marketPlayerTeam,on_sale,ok,false,2026-08-21T23:19:39+02:00,,,
2026-08-19T0019Z,laliga,14243057,74,Yuri,Yuri Berchiche Izeta,2,12294334,12294334,0,marketPlayerTeam,on_sale,ok,false,2026-08-22T00:16:06+02:00,,,
2026-08-19T0019Z,laliga,14243153,1991,Tárrega,César Tárrega,2,9139919,9139919,0,marketPlayerTeam,on_sale,ok,false,2026-08-22T00:16:18+02:00,,,
2026-08-19T0019Z,laliga,14243525,2480,Johnny,Johnny Cardoso,3,5412259,5412259,0,marketPlayerTeam,on_sale,ok,false,2026-08-22T00:16:59+02:00,,,
2026-08-19T0019Z,laliga,14243639,3035,Izan M.,Izan Merino,3,6015339,6015339,0,marketPlayerTeam,on_sale,ok,false,2026-08-22T00:17:12+02:00,,,
2026-08-19T0019Z,laliga,14247593,1215,Turrientes,Beñat Turrientes,3,6956237,6956237,0,marketPlayerTeam,on_sale,ok,false,2026-08-22T00:24:14+02:00,,,
2026-08-19T0019Z,laliga,14270371,1930,El Hilali,Omar El Hilali,2,9760951,9760951,0,marketPlayerTeam,on_sale,ok,false,2026-08-22T01:11:35+02:00,,,
2026-08-19T0027Z,laliga,67734622,1849,Iñigo Perez,Iñigo Pérez,5,2099445,2169683,0,marketPlayerLeague,on_sale,ok,,2026-08-19T22:24:00+02:00,,,
2026-08-19T0027Z,laliga,67734625,3166,Manel Usedo,Manel Usedo,3,744851,761846,0,marketPlayerLeague,on_sale,ok,,2026-08-19T22:24:00+02:00,,,
2026-08-19T0027Z,laliga,67734628,2945,Vecino,Matías Vecino,3,1827987,1881351,0,marketPlayerLeague,on_sale,ok,,2026-08-19T22:24:00+02:00,,,
2026-08-19T0027Z,laliga,67734632,3175,Guillén,Nico Guillén,3,4697714,4841225,0,marketPlayerLeague,on_sale,ok,,2026-08-19T22:24:00+02:00,,,
2026-08-19T0027Z,laliga,67734635,2995,Mario Soriano,Mario Soriano,3,27549308,27161321,0,marketPlayerLeague,on_sale,ok,,2026-08-19T22:24:00+02:00,,,
2026-08-19T0027Z,laliga,67734639,2492,Iago Aspas,Iago Aspas,4,6930450,7006087,0,marketPlayerLeague,on_sale,ok,,2026-08-19T22:24:00+02:00,,,
2026-08-19T0027Z,laliga,67734642,2922,Osorio,Abiel Osorio,4,1320886,1361883,0,marketPlayerLeague,on_sale,ok,,2026-08-19T22:24:00+02:00,,,
2026-08-19T0027Z,laliga,67734645,2634,Joan García,Joan García,1,70886933,70000004,0,marketPlayerLeague,on_sale,ok,,2026-08-19T22:24:00+02:00,,,
2026-08-19T0027Z,laliga,67734649,2516,Puado,Javi Puado,3,5728641,5914803,0,marketPlayerLeague,on_sale,injured,,2026-08-19T22:24:00+02:00,,,
2026-08-19T0027Z,laliga,67734654,2455,Peque,Gerard Fernández Castellano,4,2051836,1919445,0,marketPlayerLeague,on_sale,ok,,2026-08-19T22:24:00+02:00,,,
2026-08-19T0027Z,laliga,67734658,3176,Ibra,Ibrahima Sow,4,744851,761846,0,marketPlayerLeague,on_sale,ok,,2026-08-19T22:24:00+02:00,,,
2026-08-19T0027Z,laliga,67734661,2531,Trent,Trent Alexander-Arnold,2,22364018,22455172,0,marketPlayerLeague,on_sale,ok,,2026-08-19T22:24:00+02:00,,,
2026-08-19T0027Z,laliga,67734665,3130,Gulácsi,Péter Gulácsi,1,4107482,4182951,0,marketPlayerLeague,on_sale,ok,,2026-08-19T22:24:00+02:00,,,
2026-08-19T0027Z,laliga,10520311,2418,Marc Roca,Marc Roca,3,5348551,5403735,1,marketPlayerTeam,on_sale,ok,false,2026-08-19T23:09:39+02:00,,,
2026-08-19T0027Z,laliga,10520445,2607,Ilaix Moriba,Moriba Kourouma Kourouma,3,9645774,10086454,0,marketPlayerTeam,on_sale,ok,false,2026-08-19T23:09:30+02:00,,,
2026-08-19T0027Z,laliga,10521109,2504,Ayoze,Ayoze Pérez,4,17664470,17352024,1,marketPlayerTeam,on_sale,ok,false,2026-08-19T23:09:59+02:00,,,
2026-08-19T0027Z,laliga,10521397,2603,Ferran Jutglà,Ferran Jutglà,4,9566381,9506551,1,marketPlayerTeam,on_sale,ok,false,2026-08-19T23:09:54+02:00,,,
2026-08-19T0027Z,laliga,10530519,2613,M. Dituro,Matías Dituro,1,7888908,7572315,1,marketPlayerTeam,on_sale,ok,false,2026-08-19T23:09:10+02:00,,,
2026-08-19T0027Z,laliga,10531276,1674,Arda Güler,Arda Güler,3,56090061,52651995,1,marketPlayerTeam,on_sale,ok,false,2026-08-19T23:09:45+02:00,,,
2026-08-19T0027Z,laliga,11705725,3129,Carlos Espí,Carlos Espí,4,9563853,9282313,1,marketPlayerTeam,on_sale,ok,false,2026-08-21T21:57:07+02:00,,,
2026-08-19T0027Z,laliga,12717104,1959,Mouriño,Santiago Mouriño,2,37273620,40219248,0,marketPlayerTeam,on_sale,ok,false,2026-08-19T23:09:16+02:00,,,
2026-08-19T0027Z,laliga,12717146,3068,Cabrera,Leandro Cabrera,2,16007804,17006166,0,marketPlayerTeam,on_sale,suspended,false,2026-08-19T23:09:19+02:00,,,
2026-08-19T0027Z,laliga,12717225,2470,Foyth,Juan Foyth,2,13306196,12236452,0,marketPlayerTeam,on_sale,ok,false,2026-08-19T23:09:25+02:00,,,
2026-08-19T0027Z,laliga,12717862,3089,Ez Abde,Abde Ezzalzouli,4,42090016,44395627,1,marketPlayerTeam,on_sale,doubtful,false,2026-08-19T23:10:11+02:00,,,
2026-08-19T0027Z,laliga,13605788,3036,Dani Lorenzo,Dani Lorenzo,3,9446672,9604577,1,marketPlayerTeam,on_sale,ok,false,2026-08-21T04:08:32+02:00,,,
2026-08-19T0027Z,laliga,14174842,2640,Mario Martín,Mario Martín,3,4092313,3997637,0,marketPlayerTeam,on_sale,ok,false,2026-08-21T22:30:25+02:00,,,
2026-08-19T0027Z,laliga,14185477,3098,Q. Hartman,Quilindschy Hartman,2,8048919,8285765,0,marketPlayerTeam,on_sale,ok,false,2026-08-21T22:45:11+02:00,,,
2026-08-19T0027Z,laliga,14185646,3037,C. Puga,Carlos Puga,2,5012308,5096327,0,marketPlayerTeam,on_sale,ok,false,2026-08-21T22:45:24+02:00,,,
2026-08-19T0027Z,laliga,14185966,2530,Huijsen,Dean Huijsen,2,35049155,36955127,0,marketPlayerTeam,on_sale,ok,false,2026-08-21T22:45:54+02:00,,,
2026-08-19T0027Z,laliga,14186088,2315,Paredes,Aitor Paredes,2,5385813,5280233,0,marketPlayerTeam,on_sale,ok,false,2026-08-21T22:46:04+02:00,,,
2026-08-19T0027Z,laliga,14186254,2474,Denis Suárez,Denis Suárez,3,2388577,2420507,0,marketPlayerTeam,on_sale,ok,false,2026-08-21T22:46:18+02:00,,,
2026-08-19T0027Z,laliga,14186359,3069,Blanco,Antonio Blanco,3,14731133,14784817,0,marketPlayerTeam,on_sale,ok,false,2026-08-21T22:46:26+02:00,,,
2026-08-19T0027Z,laliga,14186511,2700,Etta Eyong,Karl Edouard Blaise Etta Eyong,4,24970145,25480174,0,marketPlayerTeam,on_sale,ok,false,2026-08-21T22:46:38+02:00,,,
2026-08-19T0027Z,laliga,14209621,2382,Isi,Isi Palazón,4,20471475,20144326,0,marketPlayerTeam,on_sale,ok,false,2026-08-21T23:19:39+02:00,,,
2026-08-19T0027Z,laliga,14243057,74,Yuri,Yuri Berchiche Izeta,2,12294334,12294334,0,marketPlayerTeam,on_sale,ok,false,2026-08-22T00:16:06+02:00,,,
2026-08-19T0027Z,laliga,14243153,1991,Tárrega,César Tárrega,2,9139919,9139919,0,marketPlayerTeam,on_sale,ok,false,2026-08-22T00:16:18+02:00,,,
2026-08-19T0027Z,laliga,14243525,2480,Johnny,Johnny Cardoso,3,5412259,5412259,0,marketPlayerTeam,on_sale,ok,false,2026-08-22T00:16:59+02:00,,,
2026-08-19T0027Z,laliga,14243639,3035,Izan M.,Izan Merino,3,6015339,6015339,0,marketPlayerTeam,on_sale,ok,false,2026-08-22T00:17:12+02:00,,,
2026-08-19T0027Z,laliga,14247593,1215,Turrientes,Beñat Turrientes,3,6956237,6956237,0,marketPlayerTeam,on_sale,ok,false,2026-08-22T00:24:14+02:00,,,
2026-08-19T0027Z,laliga,14270371,1930,El Hilali,Omar El Hilali,2,9760951,9760951,0,marketPlayerTeam,on_sale,ok,false,2026-08-22T01:11:35+02:00,,,
2026-08-19T0029Z,laliga,67734622,1849,Iñigo Perez,Iñigo Pérez,5,2099445,2169683,0,marketPlayerLeague,on_sale,ok,,2026-08-19T22:24:00+02:00,,,
2026-08-19T0029Z,laliga,67734625,3166,Manel Usedo,Manel Usedo,3,744851,761846,0,marketPlayerLeague,on_sale,ok,,2026-08-19T22:24:00+02:00,,,
2026-08-19T0029Z,laliga,67734628,2945,Vecino,Matías Vecino,3,1827987,1881351,0,marketPlayerLeague,on_sale,ok,,2026-08-19T22:24:00+02:00,,,
2026-08-19T0029Z,laliga,67734632,3175,Guillén,Nico Guillén,3,4697714,4841225,0,marketPlayerLeague,on_sale,ok,,2026-08-19T22:24:00+02:00,,,
2026-08-19T0029Z,laliga,67734635,2995,Mario Soriano,Mario Soriano,3,27549308,27161321,0,marketPlayerLeague,on_sale,ok,,2026-08-19T22:24:00+02:00,,,
2026-08-19T0029Z,laliga,67734639,2492,Iago Aspas,Iago Aspas,4,6930450,7006087,0,marketPlayerLeague,on_sale,ok,,2026-08-19T22:24:00+02:00,,,
2026-08-19T0029Z,laliga,67734642,2922,Osorio,Abiel Osorio,4,1320886,1361883,0,marketPlayerLeague,on_sale,ok,,2026-08-19T22:24:00+02:00,,,
2026-08-19T0029Z,laliga,67734645,2634,Joan García,Joan García,1,70886933,70000004,0,marketPlayerLeague,on_sale,ok,,2026-08-19T22:24:00+02:00,,,
2026-08-19T0029Z,laliga,67734649,2516,Puado,Javi Puado,3,5728641,5914803,0,marketPlayerLeague,on_sale,injured,,2026-08-19T22:24:00+02:00,,,
2026-08-19T0029Z,laliga,67734654,2455,Peque,Gerard Fernández Castellano,4,2051836,1919445,0,marketPlayerLeague,on_sale,ok,,2026-08-19T22:24:00+02:00,,,
2026-08-19T0029Z,laliga,67734658,3176,Ibra,Ibrahima Sow,4,744851,761846,0,marketPlayerLeague,on_sale,ok,,2026-08-19T22:24:00+02:00,,,
2026-08-19T0029Z,laliga,67734661,2531,Trent,Trent Alexander-Arnold,2,22364018,22455172,0,marketPlayerLeague,on_sale,ok,,2026-08-19T22:24:00+02:00,,,
2026-08-19T0029Z,laliga,67734665,3130,Gulácsi,Péter Gulácsi,1,4107482,4182951,0,marketPlayerLeague,on_sale,ok,,2026-08-19T22:24:00+02:00,,,
2026-08-19T0029Z,laliga,10520311,2418,Marc Roca,Marc Roca,3,5348551,5403735,1,marketPlayerTeam,on_sale,ok,false,2026-08-19T23:09:39+02:00,,,
2026-08-19T0029Z,laliga,10520445,2607,Ilaix Moriba,Moriba Kourouma Kourouma,3,9645774,10086454,0,marketPlayerTeam,on_sale,ok,false,2026-08-19T23:09:30+02:00,,,
2026-08-19T0029Z,laliga,10521109,2504,Ayoze,Ayoze Pérez,4,17664470,17352024,1,marketPlayerTeam,on_sale,ok,false,2026-08-19T23:09:59+02:00,,,
2026-08-19T0029Z,laliga,10521397,2603,Ferran Jutglà,Ferran Jutglà,4,9566381,9506551,1,marketPlayerTeam,on_sale,ok,false,2026-08-19T23:09:54+02:00,,,
2026-08-19T0029Z,laliga,10530519,2613,M. Dituro,Matías Dituro,1,7888908,7572315,1,marketPlayerTeam,on_sale,ok,false,2026-08-19T23:09:10+02:00,,,
2026-08-19T0029Z,laliga,10531276,1674,Arda Güler,Arda Güler,3,56090061,52651995,1,marketPlayerTeam,on_sale,ok,false,2026-08-19T23:09:45+02:00,,,
2026-08-19T0029Z,laliga,11705725,3129,Carlos Espí,Carlos Espí,4,9563853,9282313,1,marketPlayerTeam,on_sale,ok,false,2026-08-21T21:57:07+02:00,,,
2026-08-19T0029Z,laliga,12717104,1959,Mouriño,Santiago Mouriño,2,37273620,40219248,0,marketPlayerTeam,on_sale,ok,false,2026-08-19T23:09:16+02:00,,,
2026-08-19T0029Z,laliga,12717146,3068,Cabrera,Leandro Cabrera,2,16007804,17006166,0,marketPlayerTeam,on_sale,suspended,false,2026-08-19T23:09:19+02:00,,,
2026-08-19T0029Z,laliga,12717225,2470,Foyth,Juan Foyth,2,13306196,12236452,0,marketPlayerTeam,on_sale,ok,false,2026-08-19T23:09:25+02:00,,,
2026-08-19T0029Z,laliga,12717862,3089,Ez Abde,Abde Ezzalzouli,4,42090016,44395627,1,marketPlayerTeam,on_sale,doubtful,false,2026-08-19T23:10:11+02:00,,,
2026-08-19T0029Z,laliga,13605788,3036,Dani Lorenzo,Dani Lorenzo,3,9446672,9604577,1,marketPlayerTeam,on_sale,ok,false,2026-08-21T04:08:32+02:00,,,
2026-08-19T0029Z,laliga,14174842,2640,Mario Martín,Mario Martín,3,4092313,3997637,0,marketPlayerTeam,on_sale,ok,false,2026-08-21T22:30:25+02:00,,,
2026-08-19T0029Z,laliga,14185477,3098,Q. Hartman,Quilindschy Hartman,2,8048919,8285765,0,marketPlayerTeam,on_sale,ok,false,2026-08-21T22:45:11+02:00,,,
2026-08-19T0029Z,laliga,14185646,3037,C. Puga,Carlos Puga,2,5012308,5096327,0,marketPlayerTeam,on_sale,ok,false,2026-08-21T22:45:24+02:00,,,
2026-08-19T0029Z,laliga,14185966,2530,Huijsen,Dean Huijsen,2,35049155,36955127,0,marketPlayerTeam,on_sale,ok,false,2026-08-21T22:45:54+02:00,,,
2026-08-19T0029Z,laliga,14186088,2315,Paredes,Aitor Paredes,2,5385813,5280233,0,marketPlayerTeam,on_sale,ok,false,2026-08-21T22:46:04+02:00,,,
2026-08-19T0029Z,laliga,14186254,2474,Denis Suárez,Denis Suárez,3,2388577,2420507,0,marketPlayerTeam,on_sale,ok,false,2026-08-21T22:46:18+02:00,,,
2026-08-19T0029Z,laliga,14186359,3069,Blanco,Antonio Blanco,3,14731133,14784817,0,marketPlayerTeam,on_sale,ok,false,2026-08-21T22:46:26+02:00,,,
2026-08-19T0029Z,laliga,14186511,2700,Etta Eyong,Karl Edouard Blaise Etta Eyong,4,24970145,25480174,0,marketPlayerTeam,on_sale,ok,false,2026-08-21T22:46:38+02:00,,,
2026-08-19T0029Z,laliga,14209621,2382,Isi,Isi Palazón,4,20471475,20144326,0,marketPlayerTeam,on_sale,ok,false,2026-08-21T23:19:39+02:00,,,
2026-08-19T0029Z,laliga,14243057,74,Yuri,Yuri Berchiche Izeta,2,12294334,12294334,0,marketPlayerTeam,on_sale,ok,false,2026-08-22T00:16:06+02:00,,,
2026-08-19T0029Z,laliga,14243153,1991,Tárrega,César Tárrega,2,9139919,9139919,0,marketPlayerTeam,on_sale,ok,false,2026-08-22T00:16:18+02:00,,,
2026-08-19T0029Z,laliga,14243525,2480,Johnny,Johnny Cardoso,3,5412259,5412259,0,marketPlayerTeam,on_sale,ok,false,2026-08-22T00:16:59+02:00,,,
2026-08-19T0029Z,laliga,14243639,3035,Izan M.,Izan Merino,3,6015339,6015339,0,marketPlayerTeam,on_sale,ok,false,2026-08-22T00:17:12+02:00,,,
2026-08-19T0029Z,laliga,14247593,1215,Turrientes,Beñat Turrientes,3,6956237,6956237,0,marketPlayerTeam,on_sale,ok,false,2026-08-22T00:24:14+02:00,,,
2026-08-19T0029Z,laliga,14270371,1930,El Hilali,Omar El Hilali,2,9760951,9760951,0,marketPlayerTeam,on_sale,ok,false,2026-08-22T01:11:35+02:00,,,
2026-08-19T0911Z,laliga,67734622,1849,Iñigo Perez,Iñigo Pérez,5,2099105,2169683,0,marketPlayerLeague,on_sale,ok,,2026-08-19T22:24:00+02:00,,,
2026-08-19T0911Z,laliga,67734625,3166,Manel Usedo,Manel Usedo,3,744611,761846,0,marketPlayerLeague,on_sale,ok,,2026-08-19T22:24:00+02:00,,,
2026-08-19T0911Z,laliga,67734628,2945,Vecino,Matías Vecino,3,1827597,1881351,0,marketPlayerLeague,on_sale,ok,,2026-08-19T22:24:00+02:00,,,
2026-08-19T0911Z,laliga,67734632,3175,Guillén,Nico Guillén,3,4696822,4841225,0,marketPlayerLeague,on_sale,ok,,2026-08-19T22:24:00+02:00,,,
2026-08-19T0911Z,laliga,67734635,2995,Mario Soriano,Mario Soriano,3,27523068,27161321,0,marketPlayerLeague,on_sale,ok,,2026-08-19T22:24:00+02:00,,,
2026-08-19T0911Z,laliga,67734639,2492,Iago Aspas,Iago Aspas,4,6926809,7006087,0,marketPlayerLeague,on_sale,ok,,2026-08-19T22:24:00+02:00,,,
2026-08-19T0911Z,laliga,67734642,2922,Osorio,Abiel Osorio,4,1320646,1361883,0,marketPlayerLeague,on_sale,ok,,2026-08-19T22:24:00+02:00,,,
2026-08-19T0911Z,laliga,67734645,2634,Joan García,Joan García,1,70821317,70000004,0,marketPlayerLeague,on_sale,ok,,2026-08-19T22:24:00+02:00,,,
2026-08-19T0911Z,laliga,67734649,2516,Puado,Javi Puado,3,5727743,5914803,0,marketPlayerLeague,on_sale,injured,,2026-08-19T22:24:00+02:00,,,
2026-08-19T0911Z,laliga,67734654,2455,Peque,Gerard Fernández Castellano,4,2048113,1919445,0,marketPlayerLeague,on_sale,ok,,2026-08-19T22:24:00+02:00,,,
2026-08-19T0911Z,laliga,67734658,3176,Ibra,Ibrahima Sow,4,744611,761846,0,marketPlayerLeague,on_sale,ok,,2026-08-19T22:24:00+02:00,,,
2026-08-19T0911Z,laliga,67734661,2531,Trent,Trent Alexander-Arnold,2,22349655,22455172,0,marketPlayerLeague,on_sale,ok,,2026-08-19T22:24:00+02:00,,,
2026-08-19T0911Z,laliga,67734665,3130,Gulácsi,Péter Gulácsi,1,4106059,4182951,0,marketPlayerLeague,on_sale,ok,,2026-08-19T22:24:00+02:00,,,
2026-08-19T0911Z,laliga,10520311,2418,Marc Roca,Marc Roca,3,5345196,5403735,1,marketPlayerTeam,on_sale,ok,false,2026-08-19T23:09:39+02:00,,,
2026-08-19T0911Z,laliga,10520445,2607,Ilaix Moriba,Moriba Kourouma Kourouma,3,9641801,10086454,0,marketPlayerTeam,on_sale,ok,false,2026-08-19T23:09:30+02:00,,,
2026-08-19T0911Z,laliga,10521109,2504,Ayoze,Ayoze Pérez,4,17651386,17352024,1,marketPlayerTeam,on_sale,ok,false,2026-08-19T23:09:59+02:00,,,
2026-08-19T0911Z,laliga,10521397,2603,Ferran Jutglà,Ferran Jutglà,4,9559253,9506551,1,marketPlayerTeam,on_sale,ok,false,2026-08-19T23:09:54+02:00,,,
2026-08-19T0911Z,laliga,10530519,2613,M. Dituro,Matías Dituro,1,7880641,7572315,1,marketPlayerTeam,on_sale,ok,false,2026-08-19T23:09:10+02:00,,,
2026-08-19T0911Z,laliga,10531276,1674,Arda Güler,Arda Güler,3,56021595,52651995,1,marketPlayerTeam,on_sale,ok,false,2026-08-19T23:09:45+02:00,,,
2026-08-19T0911Z,laliga,11705725,3129,Carlos Espí,Carlos Espí,4,9552235,9282313,1,marketPlayerTeam,on_sale,ok,false,2026-08-21T21:57:07+02:00,,,
2026-08-19T0911Z,laliga,12717104,1959,Mouriño,Santiago Mouriño,2,37265661,40219248,0,marketPlayerTeam,on_sale,ok,false,2026-08-19T23:09:16+02:00,,,
2026-08-19T0911Z,laliga,12717146,3068,Cabrera,Leandro Cabrera,2,16005223,17006166,0,marketPlayerTeam,on_sale,suspended,false,2026-08-19T23:09:19+02:00,,,
2026-08-19T0911Z,laliga,12717225,2470,Foyth,Juan Foyth,2,13289199,12236452,0,marketPlayerTeam,on_sale,ok,false,2026-08-19T23:09:25+02:00,,,
2026-08-19T0911Z,laliga,12717862,3089,Ez Abde,Abde Ezzalzouli,4,42073616,44395627,1,marketPlayerTeam,on_sale,doubtful,false,2026-08-19T23:10:11+02:00,,,
2026-08-19T0911Z,laliga,13605788,3036,Dani Lorenzo,Dani Lorenzo,3,9442076,9604577,1,marketPlayerTeam,on_sale,ok,false,2026-08-21T04:08:32+02:00,,,
2026-08-19T0911Z,laliga,14174842,2640,Mario Martín,Mario Martín,3,4087782,3997637,0,marketPlayerTeam,on_sale,ok,false,2026-08-21T22:30:25+02:00,,,
2026-08-19T0911Z,laliga,14185477,3098,Q. Hartman,Quilindschy Hartman,2,8047236,8285765,0,marketPlayerTeam,on_sale,ok,false,2026-08-21T22:45:11+02:00,,,
2026-08-19T0911Z,laliga,14185646,3037,C. Puga,Carlos Puga,2,5010175,5096327,0,marketPlayerTeam,on_sale,ok,false,2026-08-21T22:45:24+02:00,,,
2026-08-19T0911Z,laliga,14185966,2530,Huijsen,Dean Huijsen,2,35005513,36955127,0,marketPlayerTeam,on_sale,ok,false,2026-08-21T22:45:54+02:00,,,
2026-08-19T0911Z,laliga,14186088,2315,Paredes,Aitor Paredes,2,5380175,5280233,0,marketPlayerTeam,on_sale,ok,false,2026-08-21T22:46:04+02:00,,,
2026-08-19T0911Z,laliga,14186254,2474,Denis Suárez,Denis Suárez,3,2387396,2420507,0,marketPlayerTeam,on_sale,ok,false,2026-08-21T22:46:18+02:00,,,
2026-08-19T0911Z,laliga,14186359,3069,Blanco,Antonio Blanco,3,14721156,14784817,0,marketPlayerTeam,on_sale,ok,false,2026-08-21T22:46:26+02:00,,,
2026-08-19T0911Z,laliga,14186511,2700,Etta Eyong,Karl Edouard Blaise Etta Eyong,4,24961083,25480174,0,marketPlayerTeam,on_sale,ok,false,2026-08-21T22:46:38+02:00,,,
2026-08-19T0911Z,laliga,14209621,2382,Isi,Isi Palazón,4,20451312,20144326,0,marketPlayerTeam,on_sale,ok,false,2026-08-21T23:19:39+02:00,,,
2026-08-19T0911Z,laliga,14243057,74,Yuri,Yuri Berchiche Izeta,2,12287251,12294334,0,marketPlayerTeam,on_sale,ok,false,2026-08-22T00:16:06+02:00,,,
2026-08-19T0911Z,laliga,14243153,1991,Tárrega,César Tárrega,2,9132719,9139919,0,marketPlayerTeam,on_sale,ok,false,2026-08-22T00:16:18+02:00,,,
2026-08-19T0911Z,laliga,14243525,2480,Johnny,Johnny Cardoso,3,5410482,5412259,0,marketPlayerTeam,on_sale,ok,false,2026-08-22T00:16:59+02:00,,,
2026-08-19T0911Z,laliga,14243639,3035,Izan M.,Izan Merino,3,6013271,6015339,0,marketPlayerTeam,on_sale,ok,false,2026-08-22T00:17:12+02:00,,,
2026-08-19T0911Z,laliga,14247593,1215,Turrientes,Beñat Turrientes,3,6953124,6956237,0,marketPlayerTeam,on_sale,ok,false,2026-08-22T00:24:14+02:00,,,
2026-08-19T0911Z,laliga,14270371,1930,El Hilali,Omar El Hilali,2,9747774,9760951,0,marketPlayerTeam,on_sale,ok,false,2026-08-22T01:11:35+02:00,,,
2026-08-19T0911Z,laliga,14293583,265,Zubeldia,Igor Zubeldia,2,10287967,10295291,0,marketPlayerTeam,on_sale,ok,false,2026-08-22T02:31:14+02:00,,,
2026-08-19T0941Z,laliga,67734622,1849,Iñigo Perez,Iñigo Pérez,5,2099105,2169683,0,marketPlayerLeague,on_sale,ok,,2026-08-19T22:24:00+02:00,,,
2026-08-19T0941Z,laliga,67734625,3166,Manel Usedo,Manel Usedo,3,744611,761846,0,marketPlayerLeague,on_sale,ok,,2026-08-19T22:24:00+02:00,,,
2026-08-19T0941Z,laliga,67734628,2945,Vecino,Matías Vecino,3,1827597,1881351,0,marketPlayerLeague,on_sale,ok,,2026-08-19T22:24:00+02:00,,,
2026-08-19T0941Z,laliga,67734632,3175,Guillén,Nico Guillén,3,4696822,4841225,0,marketPlayerLeague,on_sale,ok,,2026-08-19T22:24:00+02:00,,,
2026-08-19T0941Z,laliga,67734635,2995,Mario Soriano,Mario Soriano,3,27523068,27161321,0,marketPlayerLeague,on_sale,ok,,2026-08-19T22:24:00+02:00,,,
2026-08-19T0941Z,laliga,67734639,2492,Iago Aspas,Iago Aspas,4,6926809,7006087,0,marketPlayerLeague,on_sale,ok,,2026-08-19T22:24:00+02:00,,,
2026-08-19T0941Z,laliga,67734642,2922,Osorio,Abiel Osorio,4,1320646,1361883,0,marketPlayerLeague,on_sale,ok,,2026-08-19T22:24:00+02:00,,,
2026-08-19T0941Z,laliga,67734645,2634,Joan García,Joan García,1,70821317,70000004,0,marketPlayerLeague,on_sale,ok,,2026-08-19T22:24:00+02:00,,,
2026-08-19T0941Z,laliga,67734649,2516,Puado,Javi Puado,3,5727743,5914803,0,marketPlayerLeague,on_sale,injured,,2026-08-19T22:24:00+02:00,,,
2026-08-19T0941Z,laliga,67734654,2455,Peque,Gerard Fernández Castellano,4,2048113,1919445,0,marketPlayerLeague,on_sale,ok,,2026-08-19T22:24:00+02:00,,,
2026-08-19T0941Z,laliga,67734658,3176,Ibra,Ibrahima Sow,4,744611,761846,0,marketPlayerLeague,on_sale,ok,,2026-08-19T22:24:00+02:00,,,
2026-08-19T0941Z,laliga,67734661,2531,Trent,Trent Alexander-Arnold,2,22349655,22455172,0,marketPlayerLeague,on_sale,ok,,2026-08-19T22:24:00+02:00,,,
2026-08-19T0941Z,laliga,67734665,3130,Gulácsi,Péter Gulácsi,1,4106059,4182951,0,marketPlayerLeague,on_sale,ok,,2026-08-19T22:24:00+02:00,,,
2026-08-19T0941Z,laliga,10520311,2418,Marc Roca,Marc Roca,3,5345196,5403735,1,marketPlayerTeam,on_sale,ok,false,2026-08-19T23:09:39+02:00,,,
2026-08-19T0941Z,laliga,10520445,2607,Ilaix Moriba,Moriba Kourouma Kourouma,3,9641801,10086454,0,marketPlayerTeam,on_sale,ok,false,2026-08-19T23:09:30+02:00,,,
2026-08-19T0941Z,laliga,10521109,2504,Ayoze,Ayoze Pérez,4,17651386,17352024,1,marketPlayerTeam,on_sale,ok,false,2026-08-19T23:09:59+02:00,,,
2026-08-19T0941Z,laliga,10521397,2603,Ferran Jutglà,Ferran Jutglà,4,9559253,9506551,1,marketPlayerTeam,on_sale,ok,false,2026-08-19T23:09:54+02:00,,,
2026-08-19T0941Z,laliga,10530519,2613,M. Dituro,Matías Dituro,1,7880641,7572315,1,marketPlayerTeam,on_sale,ok,false,2026-08-19T23:09:10+02:00,,,
2026-08-19T0941Z,laliga,10531276,1674,Arda Güler,Arda Güler,3,56021595,52651995,1,marketPlayerTeam,on_sale,ok,false,2026-08-19T23:09:45+02:00,,,
2026-08-19T0941Z,laliga,11705725,3129,Carlos Espí,Carlos Espí,4,9552235,9282313,1,marketPlayerTeam,on_sale,ok,false,2026-08-21T21:57:07+02:00,,,
2026-08-19T0941Z,laliga,12717104,1959,Mouriño,Santiago Mouriño,2,37265661,40219248,0,marketPlayerTeam,on_sale,ok,false,2026-08-19T23:09:16+02:00,,,
2026-08-19T0941Z,laliga,12717146,3068,Cabrera,Leandro Cabrera,2,16005223,17006166,0,marketPlayerTeam,on_sale,suspended,false,2026-08-19T23:09:19+02:00,,,
2026-08-19T0941Z,laliga,12717225,2470,Foyth,Juan Foyth,2,13289199,12236452,0,marketPlayerTeam,on_sale,ok,false,2026-08-19T23:09:25+02:00,,,
2026-08-19T0941Z,laliga,12717862,3089,Ez Abde,Abde Ezzalzouli,4,42073616,44395627,1,marketPlayerTeam,on_sale,doubtful,false,2026-08-19T23:10:11+02:00,,,
2026-08-19T0941Z,laliga,13605788,3036,Dani Lorenzo,Dani Lorenzo,3,9442076,9604577,1,marketPlayerTeam,on_sale,ok,false,2026-08-21T04:08:32+02:00,,,
2026-08-19T0941Z,laliga,14174842,2640,Mario Martín,Mario Martín,3,4087782,3997637,0,marketPlayerTeam,on_sale,ok,false,2026-08-21T22:30:25+02:00,,,
2026-08-19T0941Z,laliga,14185477,3098,Q. Hartman,Quilindschy Hartman,2,8047236,8285765,0,marketPlayerTeam,on_sale,ok,false,2026-08-21T22:45:11+02:00,,,
2026-08-19T0941Z,laliga,14185646,3037,C. Puga,Carlos Puga,2,5010175,5096327,0,marketPlayerTeam,on_sale,ok,false,2026-08-21T22:45:24+02:00,,,
2026-08-19T0941Z,laliga,14185966,2530,Huijsen,Dean Huijsen,2,35005513,36955127,0,marketPlayerTeam,on_sale,ok,false,2026-08-21T22:45:54+02:00,,,
2026-08-19T0941Z,laliga,14186088,2315,Paredes,Aitor Paredes,2,5380175,5280233,0,marketPlayerTeam,on_sale,ok,false,2026-08-21T22:46:04+02:00,,,
2026-08-19T0941Z,laliga,14186254,2474,Denis Suárez,Denis Suárez,3,2387396,2420507,0,marketPlayerTeam,on_sale,ok,false,2026-08-21T22:46:18+02:00,,,
2026-08-19T0941Z,laliga,14186359,3069,Blanco,Antonio Blanco,3,14721156,14784817,0,marketPlayerTeam,on_sale,ok,false,2026-08-21T22:46:26+02:00,,,
2026-08-19T0941Z,laliga,14186511,2700,Etta Eyong,Karl Edouard Blaise Etta Eyong,4,24961083,25480174,0,marketPlayerTeam,on_sale,ok,false,2026-08-21T22:46:38+02:00,,,
2026-08-19T0941Z,laliga,14209621,2382,Isi,Isi Palazón,4,20451312,20144326,0,marketPlayerTeam,on_sale,ok,false,2026-08-21T23:19:39+02:00,,,
2026-08-19T0941Z,laliga,14243057,74,Yuri,Yuri Berchiche Izeta,2,12287251,12294334,0,marketPlayerTeam,on_sale,ok,false,2026-08-22T00:16:06+02:00,,,
2026-08-19T0941Z,laliga,14243153,1991,Tárrega,César Tárrega,2,9132719,9139919,0,marketPlayerTeam,on_sale,ok,false,2026-08-22T00:16:18+02:00,,,
2026-08-19T0941Z,laliga,14243525,2480,Johnny,Johnny Cardoso,3,5410482,5412259,0,marketPlayerTeam,on_sale,ok,false,2026-08-22T00:16:59+02:00,,,
2026-08-19T0941Z,laliga,14243639,3035,Izan M.,Izan Merino,3,6013271,6015339,0,marketPlayerTeam,on_sale,ok,false,2026-08-22T00:17:12+02:00,,,
2026-08-19T0941Z,laliga,14247593,1215,Turrientes,Beñat Turrientes,3,6953124,6956237,0,marketPlayerTeam,on_sale,ok,false,2026-08-22T00:24:14+02:00,,,
2026-08-19T0941Z,laliga,14270371,1930,El Hilali,Omar El Hilali,2,9747774,9760951,0,marketPlayerTeam,on_sale,ok,false,2026-08-22T01:11:35+02:00,,,
2026-08-19T0941Z,laliga,14293583,265,Zubeldia,Igor Zubeldia,2,10287967,10295291,0,marketPlayerTeam,on_sale,ok,false,2026-08-22T02:31:14+02:00,,,
2026-08-19T1018Z,laliga,67734622,1849,Iñigo Perez,Iñigo Pérez,5,2099105,2169683,0,marketPlayerLeague,on_sale,ok,,2026-08-19T22:24:00+02:00,,,
2026-08-19T1018Z,laliga,67734625,3166,Manel Usedo,Manel Usedo,3,744611,761846,0,marketPlayerLeague,on_sale,ok,,2026-08-19T22:24:00+02:00,,,
2026-08-19T1018Z,laliga,67734628,2945,Vecino,Matías Vecino,3,1827597,1881351,0,marketPlayerLeague,on_sale,ok,,2026-08-19T22:24:00+02:00,,,
2026-08-19T1018Z,laliga,67734632,3175,Guillén,Nico Guillén,3,4696822,4841225,0,marketPlayerLeague,on_sale,ok,,2026-08-19T22:24:00+02:00,,,
2026-08-19T1018Z,laliga,67734635,2995,Mario Soriano,Mario Soriano,3,27523068,27161321,0,marketPlayerLeague,on_sale,ok,,2026-08-19T22:24:00+02:00,,,
2026-08-19T1018Z,laliga,67734639,2492,Iago Aspas,Iago Aspas,4,6926809,7006087,0,marketPlayerLeague,on_sale,ok,,2026-08-19T22:24:00+02:00,,,
2026-08-19T1018Z,laliga,67734642,2922,Osorio,Abiel Osorio,4,1320646,1361883,0,marketPlayerLeague,on_sale,ok,,2026-08-19T22:24:00+02:00,,,
2026-08-19T1018Z,laliga,67734645,2634,Joan García,Joan García,1,70821317,70000004,0,marketPlayerLeague,on_sale,ok,,2026-08-19T22:24:00+02:00,,,
2026-08-19T1018Z,laliga,67734649,2516,Puado,Javi Puado,3,5727743,5914803,0,marketPlayerLeague,on_sale,injured,,2026-08-19T22:24:00+02:00,,,
2026-08-19T1018Z,laliga,67734654,2455,Peque,Gerard Fernández Castellano,4,2048113,1919445,0,marketPlayerLeague,on_sale,ok,,2026-08-19T22:24:00+02:00,,,
2026-08-19T1018Z,laliga,67734658,3176,Ibra,Ibrahima Sow,4,744611,761846,0,marketPlayerLeague,on_sale,ok,,2026-08-19T22:24:00+02:00,,,
2026-08-19T1018Z,laliga,67734661,2531,Trent,Trent Alexander-Arnold,2,22349655,22455172,0,marketPlayerLeague,on_sale,ok,,2026-08-19T22:24:00+02:00,,,
2026-08-19T1018Z,laliga,67734665,3130,Gulácsi,Péter Gulácsi,1,4106059,4182951,0,marketPlayerLeague,on_sale,ok,,2026-08-19T22:24:00+02:00,,,
2026-08-19T1018Z,laliga,10520311,2418,Marc Roca,Marc Roca,3,5345196,5403735,1,marketPlayerTeam,on_sale,ok,false,2026-08-19T23:09:39+02:00,,,
2026-08-19T1018Z,laliga,10520445,2607,Ilaix Moriba,Moriba Kourouma Kourouma,3,9641801,10086454,0,marketPlayerTeam,on_sale,ok,false,2026-08-19T23:09:30+02:00,,,
2026-08-19T1018Z,laliga,10521109,2504,Ayoze,Ayoze Pérez,4,17651386,17352024,1,marketPlayerTeam,on_sale,ok,false,2026-08-19T23:09:59+02:00,,,
2026-08-19T1018Z,laliga,10521397,2603,Ferran Jutglà,Ferran Jutglà,4,9559253,9506551,1,marketPlayerTeam,on_sale,ok,false,2026-08-19T23:09:54+02:00,,,
2026-08-19T1018Z,laliga,10530519,2613,M. Dituro,Matías Dituro,1,7880641,7572315,1,marketPlayerTeam,on_sale,ok,false,2026-08-19T23:09:10+02:00,,,
2026-08-19T1018Z,laliga,10531276,1674,Arda Güler,Arda Güler,3,56021595,52651995,1,marketPlayerTeam,on_sale,ok,false,2026-08-19T23:09:45+02:00,,,
2026-08-19T1018Z,laliga,11705725,3129,Carlos Espí,Carlos Espí,4,9552235,9282313,1,marketPlayerTeam,on_sale,ok,false,2026-08-21T21:57:07+02:00,,,
2026-08-19T1018Z,laliga,12717104,1959,Mouriño,Santiago Mouriño,2,37265661,40219248,0,marketPlayerTeam,on_sale,ok,false,2026-08-19T23:09:16+02:00,,,
2026-08-19T1018Z,laliga,12717146,3068,Cabrera,Leandro Cabrera,2,16005223,17006166,0,marketPlayerTeam,on_sale,suspended,false,2026-08-19T23:09:19+02:00,,,
2026-08-19T1018Z,laliga,12717225,2470,Foyth,Juan Foyth,2,13289199,12236452,0,marketPlayerTeam,on_sale,ok,false,2026-08-19T23:09:25+02:00,,,
2026-08-19T1018Z,laliga,12717862,3089,Ez Abde,Abde Ezzalzouli,4,42073616,44395627,1,marketPlayerTeam,on_sale,doubtful,false,2026-08-19T23:10:11+02:00,,,
2026-08-19T1018Z,laliga,13605788,3036,Dani Lorenzo,Dani Lorenzo,3,9442076,9604577,1,marketPlayerTeam,on_sale,ok,false,2026-08-21T04:08:32+02:00,,,
2026-08-19T1018Z,laliga,14174842,2640,Mario Martín,Mario Martín,3,4087782,3997637,0,marketPlayerTeam,on_sale,ok,false,2026-08-21T22:30:25+02:00,,,
2026-08-19T1018Z,laliga,14185477,3098,Q. Hartman,Quilindschy Hartman,2,8047236,8285765,0,marketPlayerTeam,on_sale,ok,false,2026-08-21T22:45:11+02:00,,,
2026-08-19T1018Z,laliga,14185646,3037,C. Puga,Carlos Puga,2,5010175,5096327,0,marketPlayerTeam,on_sale,ok,false,2026-08-21T22:45:24+02:00,,,
2026-08-19T1018Z,laliga,14185966,2530,Huijsen,Dean Huijsen,2,35005513,36955127,0,marketPlayerTeam,on_sale,ok,false,2026-08-21T22:45:54+02:00,,,
2026-08-19T1018Z,laliga,14186088,2315,Paredes,Aitor Paredes,2,5380175,5280233,0,marketPlayerTeam,on_sale,ok,false,2026-08-21T22:46:04+02:00,,,
2026-08-19T1018Z,laliga,14186254,2474,Denis Suárez,Denis Suárez,3,2387396,2420507,0,marketPlayerTeam,on_sale,ok,false,2026-08-21T22:46:18+02:00,,,
2026-08-19T1018Z,laliga,14186359,3069,Blanco,Antonio Blanco,3,14721156,14784817,0,marketPlayerTeam,on_sale,ok,false,2026-08-21T22:46:26+02:00,,,
2026-08-19T1018Z,laliga,14186511,2700,Etta Eyong,Karl Edouard Blaise Etta Eyong,4,24961083,25480174,0,marketPlayerTeam,on_sale,ok,false,2026-08-21T22:46:38+02:00,,,
2026-08-19T1018Z,laliga,14209621,2382,Isi,Isi Palazón,4,20451312,20144326,0,marketPlayerTeam,on_sale,ok,false,2026-08-21T23:19:39+02:00,,,
2026-08-19T1018Z,laliga,14243057,74,Yuri,Yuri Berchiche Izeta,2,12287251,12294334,0,marketPlayerTeam,on_sale,ok,false,2026-08-22T00:16:06+02:00,,,
2026-08-19T1018Z,laliga,14243153,1991,Tárrega,César Tárrega,2,9132719,9139919,0,marketPlayerTeam,on_sale,ok,false,2026-08-22T00:16:18+02:00,,,
2026-08-19T1018Z,laliga,14243525,2480,Johnny,Johnny Cardoso,3,5410482,5412259,0,marketPlayerTeam,on_sale,ok,false,2026-08-22T00:16:59+02:00,,,
2026-08-19T1018Z,laliga,14243639,3035,Izan M.,Izan Merino,3,6013271,6015339,0,marketPlayerTeam,on_sale,ok,false,2026-08-22T00:17:12+02:00,,,
2026-08-19T1018Z,laliga,14247593,1215,Turrientes,Beñat Turrientes,3,6953124,6956237,0,marketPlayerTeam,on_sale,ok,false,2026-08-22T00:24:14+02:00,,,
2026-08-19T1018Z,laliga,14270371,1930,El Hilali,Omar El Hilali,2,9747774,9760951,0,marketPlayerTeam,on_sale,ok,false,2026-08-22T01:11:35+02:00,,,
2026-08-19T1018Z,laliga,14293583,265,Zubeldia,Igor Zubeldia,2,10287967,10295291,0,marketPlayerTeam,on_sale,ok,false,2026-08-22T02:31:14+02:00,,,
2026-08-19T1245Z,laliga,67734622,1849,Iñigo Perez,Iñigo Pérez,5,2099105,2169683,0,marketPlayerLeague,on_sale,ok,,2026-08-19T22:24:00+02:00,,,
2026-08-19T1245Z,laliga,67734625,3166,Manel Usedo,Manel Usedo,3,744611,761846,0,marketPlayerLeague,on_sale,ok,,2026-08-19T22:24:00+02:00,,,
2026-08-19T1245Z,laliga,67734628,2945,Vecino,Matías Vecino,3,1827597,1881351,0,marketPlayerLeague,on_sale,ok,,2026-08-19T22:24:00+02:00,,,
2026-08-19T1245Z,laliga,67734632,3175,Guillén,Nico Guillén,3,4696822,4841225,0,marketPlayerLeague,on_sale,ok,,2026-08-19T22:24:00+02:00,,,
2026-08-19T1245Z,laliga,67734635,2995,Mario Soriano,Mario Soriano,3,27523068,27161321,0,marketPlayerLeague,on_sale,ok,,2026-08-19T22:24:00+02:00,,,
2026-08-19T1245Z,laliga,67734639,2492,Iago Aspas,Iago Aspas,4,6926809,7006087,0,marketPlayerLeague,on_sale,ok,,2026-08-19T22:24:00+02:00,,,
2026-08-19T1245Z,laliga,67734642,2922,Osorio,Abiel Osorio,4,1320646,1361883,0,marketPlayerLeague,on_sale,ok,,2026-08-19T22:24:00+02:00,,,
2026-08-19T1245Z,laliga,67734645,2634,Joan García,Joan García,1,70821317,70000004,0,marketPlayerLeague,on_sale,ok,,2026-08-19T22:24:00+02:00,,,
2026-08-19T1245Z,laliga,67734649,2516,Puado,Javi Puado,3,5727743,5914803,0,marketPlayerLeague,on_sale,injured,,2026-08-19T22:24:00+02:00,,,
2026-08-19T1245Z,laliga,67734654,2455,Peque,Gerard Fernández Castellano,4,2048113,1919445,0,marketPlayerLeague,on_sale,ok,,2026-08-19T22:24:00+02:00,,,
2026-08-19T1245Z,laliga,67734658,3176,Ibra,Ibrahima Sow,4,744611,761846,0,marketPlayerLeague,on_sale,ok,,2026-08-19T22:24:00+02:00,,,
2026-08-19T1245Z,laliga,67734661,2531,Trent,Trent Alexander-Arnold,2,22349655,22455172,0,marketPlayerLeague,on_sale,ok,,2026-08-19T22:24:00+02:00,,,
2026-08-19T1245Z,laliga,67734665,3130,Gulácsi,Péter Gulácsi,1,4106059,4182951,0,marketPlayerLeague,on_sale,ok,,2026-08-19T22:24:00+02:00,,,
2026-08-19T1245Z,laliga,10520311,2418,Marc Roca,Marc Roca,3,5345196,5403735,1,marketPlayerTeam,on_sale,ok,false,2026-08-19T23:09:39+02:00,,,
2026-08-19T1245Z,laliga,10520445,2607,Ilaix Moriba,Moriba Kourouma Kourouma,3,9641801,10086454,0,marketPlayerTeam,on_sale,ok,false,2026-08-19T23:09:30+02:00,,,
2026-08-19T1245Z,laliga,10521109,2504,Ayoze,Ayoze Pérez,4,17651386,17352024,1,marketPlayerTeam,on_sale,ok,false,2026-08-19T23:09:59+02:00,,,
2026-08-19T1245Z,laliga,10521397,2603,Ferran Jutglà,Ferran Jutglà,4,9559253,9506551,1,marketPlayerTeam,on_sale,ok,false,2026-08-19T23:09:54+02:00,,,
2026-08-19T1245Z,laliga,10530519,2613,M. Dituro,Matías Dituro,1,7880641,7572315,1,marketPlayerTeam,on_sale,ok,false,2026-08-19T23:09:10+02:00,,,
2026-08-19T1245Z,laliga,10531276,1674,Arda Güler,Arda Güler,3,56021595,52651995,1,marketPlayerTeam,on_sale,ok,false,2026-08-19T23:09:45+02:00,,,
2026-08-19T1245Z,laliga,11705725,3129,Carlos Espí,Carlos Espí,4,9552235,9282313,1,marketPlayerTeam,on_sale,ok,false,2026-08-21T21:57:07+02:00,,,
2026-08-19T1245Z,laliga,12717104,1959,Mouriño,Santiago Mouriño,2,37265661,40219248,0,marketPlayerTeam,on_sale,ok,false,2026-08-19T23:09:16+02:00,,,
2026-08-19T1245Z,laliga,12717146,3068,Cabrera,Leandro Cabrera,2,16005223,17006166,0,marketPlayerTeam,on_sale,suspended,false,2026-08-19T23:09:19+02:00,,,
2026-08-19T1245Z,laliga,12717225,2470,Foyth,Juan Foyth,2,13289199,12236452,0,marketPlayerTeam,on_sale,ok,false,2026-08-19T23:09:25+02:00,,,
2026-08-19T1245Z,laliga,12717862,3089,Ez Abde,Abde Ezzalzouli,4,42073616,44395627,1,marketPlayerTeam,on_sale,doubtful,false,2026-08-19T23:10:11+02:00,,,
2026-08-19T1245Z,laliga,13605788,3036,Dani Lorenzo,Dani Lorenzo,3,9442076,9604577,1,marketPlayerTeam,on_sale,ok,false,2026-08-21T04:08:32+02:00,,,
2026-08-19T1245Z,laliga,14174842,2640,Mario Martín,Mario Martín,3,4087782,3997637,0,marketPlayerTeam,on_sale,ok,false,2026-08-21T22:30:25+02:00,,,
2026-08-19T1245Z,laliga,14185477,3098,Q. Hartman,Quilindschy Hartman,2,8047236,8285765,0,marketPlayerTeam,on_sale,ok,false,2026-08-21T22:45:11+02:00,,,
2026-08-19T1245Z,laliga,14185646,3037,C. Puga,Carlos Puga,2,5010175,5096327,0,marketPlayerTeam,on_sale,ok,false,2026-08-21T22:45:24+02:00,,,
2026-08-19T1245Z,laliga,14185966,2530,Huijsen,Dean Huijsen,2,35005513,36955127,0,marketPlayerTeam,on_sale,ok,false,2026-08-21T22:45:54+02:00,,,
2026-08-19T1245Z,laliga,14186088,2315,Paredes,Aitor Paredes,2,5380175,5280233,0,marketPlayerTeam,on_sale,ok,false,2026-08-21T22:46:04+02:00,,,
2026-08-19T1245Z,laliga,14186254,2474,Denis Suárez,Denis Suárez,3,2387396,2420507,0,marketPlayerTeam,on_sale,ok,false,2026-08-21T22:46:18+02:00,,,
2026-08-19T1245Z,laliga,14186359,3069,Blanco,Antonio Blanco,3,14721156,14784817,0,marketPlayerTeam,on_sale,ok,false,2026-08-21T22:46:26+02:00,,,
2026-08-19T1245Z,laliga,14186511,2700,Etta Eyong,Karl Edouard Blaise Etta Eyong,4,24961083,25480174,0,marketPlayerTeam,on_sale,ok,false,2026-08-21T22:46:38+02:00,,,
2026-08-19T1245Z,laliga,14209621,2382,Isi,Isi Palazón,4,20451312,20144326,0,marketPlayerTeam,on_sale,ok,false,2026-08-21T23:19:39+02:00,,,
2026-08-19T1245Z,laliga,14243057,74,Yuri,Yuri Berchiche Izeta,2,12287251,12294334,0,marketPlayerTeam,on_sale,ok,false,2026-08-22T00:16:06+02:00,,,
2026-08-19T1245Z,laliga,14243153,1991,Tárrega,César Tárrega,2,9132719,9139919,0,marketPlayerTeam,on_sale,ok,false,2026-08-22T00:16:18+02:00,,,
2026-08-19T1245Z,laliga,14243525,2480,Johnny,Johnny Cardoso,3,5410482,5412259,0,marketPlayerTeam,on_sale,ok,false,2026-08-22T00:16:59+02:00,,,
2026-08-19T1245Z,laliga,14243639,3035,Izan M.,Izan Merino,3,6013271,6015339,0,marketPlayerTeam,on_sale,ok,false,2026-08-22T00:17:12+02:00,,,
2026-08-19T1245Z,laliga,14247593,1215,Turrientes,Beñat Turrientes,3,6953124,6956237,0,marketPlayerTeam,on_sale,ok,false,2026-08-22T00:24:14+02:00,,,
2026-08-19T1245Z,laliga,14270371,1930,El Hilali,Omar El Hilali,2,9747774,9760951,0,marketPlayerTeam,on_sale,ok,false,2026-08-22T01:11:35+02:00,,,
2026-08-19T1245Z,laliga,14293583,265,Zubeldia,Igor Zubeldia,2,10287967,10295291,0,marketPlayerTeam,on_sale,ok,false,2026-08-22T02:31:14+02:00,,,
2026-08-19T1454Z,laliga,67734622,1849,Iñigo Perez,Iñigo Pérez,5,2099105,2169683,0,marketPlayerLeague,on_sale,ok,,2026-08-19T22:24:00+02:00,,,
2026-08-19T1454Z,laliga,67734625,3166,Manel Usedo,Manel Usedo,3,744611,761846,0,marketPlayerLeague,on_sale,ok,,2026-08-19T22:24:00+02:00,,,
2026-08-19T1454Z,laliga,67734628,2945,Vecino,Matías Vecino,3,1827597,1881351,0,marketPlayerLeague,on_sale,ok,,2026-08-19T22:24:00+02:00,,,
2026-08-19T1454Z,laliga,67734632,3175,Guillén,Nico Guillén,3,4696822,4841225,0,marketPlayerLeague,on_sale,ok,,2026-08-19T22:24:00+02:00,,,
2026-08-19T1454Z,laliga,67734635,2995,Mario Soriano,Mario Soriano,3,27523068,27161321,0,marketPlayerLeague,on_sale,ok,,2026-08-19T22:24:00+02:00,,,
2026-08-19T1454Z,laliga,67734639,2492,Iago Aspas,Iago Aspas,4,6926809,7006087,0,marketPlayerLeague,on_sale,ok,,2026-08-19T22:24:00+02:00,,,
2026-08-19T1454Z,laliga,67734642,2922,Osorio,Abiel Osorio,4,1320646,1361883,0,marketPlayerLeague,on_sale,ok,,2026-08-19T22:24:00+02:00,,,
2026-08-19T1454Z,laliga,67734645,2634,Joan García,Joan García,1,70821317,70000004,0,marketPlayerLeague,on_sale,ok,,2026-08-19T22:24:00+02:00,,,
2026-08-19T1454Z,laliga,67734649,2516,Puado,Javi Puado,3,5727743,5914803,0,marketPlayerLeague,on_sale,injured,,2026-08-19T22:24:00+02:00,,,
2026-08-19T1454Z,laliga,67734654,2455,Peque,Gerard Fernández Castellano,4,2048113,1919445,0,marketPlayerLeague,on_sale,ok,,2026-08-19T22:24:00+02:00,,,
2026-08-19T1454Z,laliga,67734658,3176,Ibra,Ibrahima Sow,4,744611,761846,0,marketPlayerLeague,on_sale,ok,,2026-08-19T22:24:00+02:00,,,
2026-08-19T1454Z,laliga,67734661,2531,Trent,Trent Alexander-Arnold,2,22349655,22455172,0,marketPlayerLeague,on_sale,ok,,2026-08-19T22:24:00+02:00,,,
2026-08-19T1454Z,laliga,67734665,3130,Gulácsi,Péter Gulácsi,1,4106059,4182951,0,marketPlayerLeague,on_sale,ok,,2026-08-19T22:24:00+02:00,,,
2026-08-19T1454Z,laliga,10520311,2418,Marc Roca,Marc Roca,3,5345196,5403735,1,marketPlayerTeam,on_sale,ok,false,2026-08-19T23:09:39+02:00,,,
2026-08-19T1454Z,laliga,10520445,2607,Ilaix Moriba,Moriba Kourouma Kourouma,3,9641801,10086454,0,marketPlayerTeam,on_sale,ok,false,2026-08-19T23:09:30+02:00,,,
2026-08-19T1454Z,laliga,10521109,2504,Ayoze,Ayoze Pérez,4,17651386,17352024,1,marketPlayerTeam,on_sale,ok,false,2026-08-19T23:09:59+02:00,,,
2026-08-19T1454Z,laliga,10521397,2603,Ferran Jutglà,Ferran Jutglà,4,9559253,9506551,1,marketPlayerTeam,on_sale,ok,false,2026-08-19T23:09:54+02:00,,,
2026-08-19T1454Z,laliga,10530519,2613,M. Dituro,Matías Dituro,1,7880641,7572315,1,marketPlayerTeam,on_sale,ok,false,2026-08-19T23:09:10+02:00,,,
2026-08-19T1454Z,laliga,10531276,1674,Arda Güler,Arda Güler,3,56021595,52651995,1,marketPlayerTeam,on_sale,ok,false,2026-08-19T23:09:45+02:00,,,
2026-08-19T1454Z,laliga,11705725,3129,Carlos Espí,Carlos Espí,4,9552235,9282313,1,marketPlayerTeam,on_sale,ok,false,2026-08-21T21:57:07+02:00,,,
2026-08-19T1454Z,laliga,12717104,1959,Mouriño,Santiago Mouriño,2,37265661,40219248,0,marketPlayerTeam,on_sale,ok,false,2026-08-19T23:09:16+02:00,,,
2026-08-19T1454Z,laliga,12717146,3068,Cabrera,Leandro Cabrera,2,16005223,17006166,0,marketPlayerTeam,on_sale,suspended,false,2026-08-19T23:09:19+02:00,,,
2026-08-19T1454Z,laliga,12717225,2470,Foyth,Juan Foyth,2,13289199,12236452,0,marketPlayerTeam,on_sale,ok,false,2026-08-19T23:09:25+02:00,,,
2026-08-19T1454Z,laliga,12717862,3089,Ez Abde,Abde Ezzalzouli,4,42073616,44395627,1,marketPlayerTeam,on_sale,doubtful,false,2026-08-19T23:10:11+02:00,,,
2026-08-19T1454Z,laliga,13605788,3036,Dani Lorenzo,Dani Lorenzo,3,9442076,9604577,1,marketPlayerTeam,on_sale,ok,false,2026-08-21T04:08:32+02:00,,,
2026-08-19T1454Z,laliga,14174842,2640,Mario Martín,Mario Martín,3,4087782,3997637,0,marketPlayerTeam,on_sale,ok,false,2026-08-21T22:30:25+02:00,,,
2026-08-19T1454Z,laliga,14185477,3098,Q. Hartman,Quilindschy Hartman,2,8047236,8285765,0,marketPlayerTeam,on_sale,ok,false,2026-08-21T22:45:11+02:00,,,
2026-08-19T1454Z,laliga,14185646,3037,C. Puga,Carlos Puga,2,5010175,5096327,0,marketPlayerTeam,on_sale,ok,false,2026-08-21T22:45:24+02:00,,,
2026-08-19T1454Z,laliga,14185966,2530,Huijsen,Dean Huijsen,2,35005513,36955127,0,marketPlayerTeam,on_sale,ok,false,2026-08-21T22:45:54+02:00,,,
2026-08-19T1454Z,laliga,14186088,2315,Paredes,Aitor Paredes,2,5380175,5280233,0,marketPlayerTeam,on_sale,ok,false,2026-08-21T22:46:04+02:00,,,
2026-08-19T1454Z,laliga,14186254,2474,Denis Suárez,Denis Suárez,3,2387396,2420507,0,marketPlayerTeam,on_sale,ok,false,2026-08-21T22:46:18+02:00,,,
2026-08-19T1454Z,laliga,14186359,3069,Blanco,Antonio Blanco,3,14721156,14784817,0,marketPlayerTeam,on_sale,ok,false,2026-08-21T22:46:26+02:00,,,
2026-08-19T1454Z,laliga,14186511,2700,Etta Eyong,Karl Edouard Blaise Etta Eyong,4,24961083,25480174,0,marketPlayerTeam,on_sale,ok,false,2026-08-21T22:46:38+02:00,,,
2026-08-19T1454Z,laliga,14209621,2382,Isi,Isi Palazón,4,20451312,20144326,0,marketPlayerTeam,on_sale,ok,false,2026-08-21T23:19:39+02:00,,,
2026-08-19T1454Z,laliga,14243057,74,Yuri,Yuri Berchiche Izeta,2,12287251,12294334,0,marketPlayerTeam,on_sale,ok,false,2026-08-22T00:16:06+02:00,,,
2026-08-19T1454Z,laliga,14243153,1991,Tárrega,César Tárrega,2,9132719,9139919,0,marketPlayerTeam,on_sale,ok,false,2026-08-22T00:16:18+02:00,,,
2026-08-19T1454Z,laliga,14243525,2480,Johnny,Johnny Cardoso,3,5410482,5412259,0,marketPlayerTeam,on_sale,ok,false,2026-08-22T00:16:59+02:00,,,
2026-08-19T1454Z,laliga,14243639,3035,Izan M.,Izan Merino,3,6013271,6015339,0,marketPlayerTeam,on_sale,ok,false,2026-08-22T00:17:12+02:00,,,
2026-08-19T1454Z,laliga,14247593,1215,Turrientes,Beñat Turrientes,3,6953124,6956237,0,marketPlayerTeam,on_sale,ok,false,2026-08-22T00:24:14+02:00,,,
2026-08-19T1454Z,laliga,14270371,1930,El Hilali,Omar El Hilali,2,9747774,9760951,0,marketPlayerTeam,on_sale,ok,false,2026-08-22T01:11:35+02:00,,,
2026-08-19T1454Z,laliga,14293583,265,Zubeldia,Igor Zubeldia,2,10287967,10295291,0,marketPlayerTeam,on_sale,ok,false,2026-08-22T02:31:14+02:00,,,
2026-08-19T1639Z,laliga,67734622,1849,Iñigo Perez,Iñigo Pérez,5,2099005,2169683,0,marketPlayerLeague,on_sale,ok,,2026-08-19T22:24:00+02:00,,,
2026-08-19T1639Z,laliga,67734625,3166,Manel Usedo,Manel Usedo,3,744529,761846,0,marketPlayerLeague,on_sale,ok,,2026-08-19T22:24:00+02:00,,,
2026-08-19T1639Z,laliga,67734628,2945,Vecino,Matías Vecino,3,1827465,1881351,0,marketPlayerLeague,on_sale,ok,,2026-08-19T22:24:00+02:00,,,
2026-08-19T1639Z,laliga,67734632,3175,Guillén,Nico Guillén,3,4696519,4841225,0,marketPlayerLeague,on_sale,ok,,2026-08-19T22:24:00+02:00,,,
2026-08-19T1639Z,laliga,67734635,2995,Mario Soriano,Mario Soriano,3,27513416,27161321,0,marketPlayerLeague,on_sale,ok,,2026-08-19T22:24:00+02:00,,,
2026-08-19T1639Z,laliga,67734639,2492,Iago Aspas,Iago Aspas,4,6925571,7006087,0,marketPlayerLeague,on_sale,ok,,2026-08-19T22:24:00+02:00,,,
2026-08-19T1639Z,laliga,67734642,2922,Osorio,Abiel Osorio,4,1320565,1361883,0,marketPlayerLeague,on_sale,ok,,2026-08-19T22:24:00+02:00,,,
2026-08-19T1639Z,laliga,67734645,2634,Joan García,Joan García,1,70799010,70000004,0,marketPlayerLeague,on_sale,ok,,2026-08-19T22:24:00+02:00,,,
2026-08-19T1639Z,laliga,67734649,2516,Puado,Javi Puado,3,5727423,5914803,0,marketPlayerLeague,on_sale,injured,,2026-08-19T22:24:00+02:00,,,
2026-08-19T1639Z,laliga,67734654,2455,Peque,Gerard Fernández Castellano,4,2046753,1919445,0,marketPlayerLeague,on_sale,ok,,2026-08-19T22:24:00+02:00,,,
2026-08-19T1639Z,laliga,67734658,3176,Ibra,Ibrahima Sow,4,744529,761846,0,marketPlayerLeague,on_sale,ok,,2026-08-19T22:24:00+02:00,,,
2026-08-19T1639Z,laliga,67734661,2531,Trent,Trent Alexander-Arnold,2,22344772,22455172,0,marketPlayerLeague,on_sale,ok,,2026-08-19T22:24:00+02:00,,,
2026-08-19T1639Z,laliga,67734665,3130,Gulácsi,Péter Gulácsi,1,4105474,4182951,0,marketPlayerLeague,on_sale,ok,,2026-08-19T22:24:00+02:00,,,
2026-08-19T1639Z,laliga,10520311,2418,Marc Roca,Marc Roca,3,5344056,5403735,1,marketPlayerTeam,on_sale,ok,false,2026-08-19T23:09:39+02:00,,,
2026-08-19T1639Z,laliga,10520445,2607,Ilaix Moriba,Moriba Kourouma Kourouma,3,9640450,10086454,0,marketPlayerTeam,on_sale,ok,false,2026-08-19T23:09:30+02:00,,,
2026-08-19T1639Z,laliga,10521109,2504,Ayoze,Ayoze Pérez,4,17647171,17352024,1,marketPlayerTeam,on_sale,ok,false,2026-08-19T23:09:59+02:00,,,
2026-08-19T1639Z,laliga,10521397,2603,Ferran Jutglà,Ferran Jutglà,4,9556829,9506551,1,marketPlayerTeam,on_sale,ok,false,2026-08-19T23:09:54+02:00,,,
2026-08-19T1639Z,laliga,10530519,2613,M. Dituro,Matías Dituro,1,7877831,7572315,1,marketPlayerTeam,on_sale,ok,false,2026-08-19T23:09:10+02:00,,,
2026-08-19T1639Z,laliga,10531276,1674,Arda Güler,Arda Güler,3,55998319,52651995,1,marketPlayerTeam,on_sale,ok,false,2026-08-19T23:09:45+02:00,,,
2026-08-19T1639Z,laliga,11705725,3129,Carlos Espí,Carlos Espí,4,9547986,9282313,1,marketPlayerTeam,on_sale,ok,false,2026-08-21T21:57:07+02:00,,,
2026-08-19T1639Z,laliga,12717104,1959,Mouriño,Santiago Mouriño,2,37262954,40219248,0,marketPlayerTeam,on_sale,ok,false,2026-08-19T23:09:16+02:00,,,
2026-08-19T1639Z,laliga,12717146,3068,Cabrera,Leandro Cabrera,2,16004326,17006166,0,marketPlayerTeam,on_sale,suspended,false,2026-08-19T23:09:19+02:00,,,
2026-08-19T1639Z,laliga,12717225,2470,Foyth,Juan Foyth,2,13283421,12236452,0,marketPlayerTeam,on_sale,ok,false,2026-08-19T23:09:25+02:00,,,
2026-08-19T1639Z,laliga,12717862,3089,Ez Abde,Abde Ezzalzouli,4,42067743,44395627,1,marketPlayerTeam,on_sale,doubtful,false,2026-08-19T23:10:11+02:00,,,
2026-08-19T1639Z,laliga,13605788,3036,Dani Lorenzo,Dani Lorenzo,3,9440630,9604577,1,marketPlayerTeam,on_sale,ok,false,2026-08-21T04:08:32+02:00,,,
2026-08-19T1639Z,laliga,14174842,2640,Mario Martín,Mario Martín,3,4086242,3997637,0,marketPlayerTeam,on_sale,ok,false,2026-08-21T22:30:25+02:00,,,
2026-08-19T1639Z,laliga,14185477,3098,Q. Hartman,Quilindschy Hartman,2,8046628,8285765,0,marketPlayerTeam,on_sale,ok,false,2026-08-21T22:45:11+02:00,,,
2026-08-19T1639Z,laliga,14185646,3037,C. Puga,Carlos Puga,2,5009390,5096327,0,marketPlayerTeam,on_sale,ok,false,2026-08-21T22:45:24+02:00,,,
2026-08-19T1639Z,laliga,14185966,2530,Huijsen,Dean Huijsen,2,34989568,36955127,0,marketPlayerTeam,on_sale,ok,false,2026-08-21T22:45:54+02:00,,,
2026-08-19T1639Z,laliga,14186088,2315,Paredes,Aitor Paredes,2,5377939,5280233,0,marketPlayerTeam,on_sale,ok,false,2026-08-21T22:46:04+02:00,,,
2026-08-19T1639Z,laliga,14186254,2474,Denis Suárez,Denis Suárez,3,2387092,2420507,0,marketPlayerTeam,on_sale,ok,false,2026-08-21T22:46:18+02:00,,,
2026-08-19T1639Z,laliga,14186359,3069,Blanco,Antonio Blanco,3,14717905,14784817,0,marketPlayerTeam,on_sale,ok,false,2026-08-21T22:46:26+02:00,,,
2026-08-19T1639Z,laliga,14186511,2700,Etta Eyong,Karl Edouard Blaise Etta Eyong,4,24958002,25480174,0,marketPlayerTeam,on_sale,ok,false,2026-08-21T22:46:38+02:00,,,
2026-08-19T1639Z,laliga,14209621,2382,Isi,Isi Palazón,4,20444458,20144326,0,marketPlayerTeam,on_sale,ok,false,2026-08-21T23:19:39+02:00,,,
2026-08-19T1639Z,laliga,14243057,74,Yuri,Yuri Berchiche Izeta,2,12284843,12294334,0,marketPlayerTeam,on_sale,ok,false,2026-08-22T00:16:06+02:00,,,
2026-08-19T1639Z,laliga,14243153,1991,Tárrega,César Tárrega,2,9130429,9139919,0,marketPlayerTeam,on_sale,ok,false,2026-08-22T00:16:18+02:00,,,
2026-08-19T1639Z,laliga,14243525,2480,Johnny,Johnny Cardoso,3,5409878,5412259,0,marketPlayerTeam,on_sale,ok,false,2026-08-22T00:16:59+02:00,,,
2026-08-19T1639Z,laliga,14243639,3035,Izan M.,Izan Merino,3,6012567,6015339,0,marketPlayerTeam,on_sale,ok,false,2026-08-22T00:17:12+02:00,,,
2026-08-19T1639Z,laliga,14247593,1215,Turrientes,Beñat Turrientes,3,6952066,6956237,0,marketPlayerTeam,on_sale,ok,false,2026-08-22T00:24:14+02:00,,,
2026-08-19T1639Z,laliga,14270371,1930,El Hilali,Omar El Hilali,2,9743295,9760951,0,marketPlayerTeam,on_sale,ok,false,2026-08-22T01:11:35+02:00,,,
2026-08-19T1639Z,laliga,14293583,265,Zubeldia,Igor Zubeldia,2,10285478,10295291,0,marketPlayerTeam,on_sale,ok,false,2026-08-22T02:31:14+02:00,,,
2026-08-19T1750Z,laliga,67734622,1849,Iñigo Perez,Iñigo Pérez,5,2099005,2169683,0,marketPlayerLeague,on_sale,ok,,2026-08-19T22:24:00+02:00,,,
2026-08-19T1750Z,laliga,67734625,3166,Manel Usedo,Manel Usedo,3,744529,761846,0,marketPlayerLeague,on_sale,ok,,2026-08-19T22:24:00+02:00,,,
2026-08-19T1750Z,laliga,67734628,2945,Vecino,Matías Vecino,3,1827465,1881351,0,marketPlayerLeague,on_sale,ok,,2026-08-19T22:24:00+02:00,,,
2026-08-19T1750Z,laliga,67734632,3175,Guillén,Nico Guillén,3,4696519,4841225,0,marketPlayerLeague,on_sale,ok,,2026-08-19T22:24:00+02:00,,,
2026-08-19T1750Z,laliga,67734635,2995,Mario Soriano,Mario Soriano,3,27513416,27161321,0,marketPlayerLeague,on_sale,ok,,2026-08-19T22:24:00+02:00,,,
2026-08-19T1750Z,laliga,67734639,2492,Iago Aspas,Iago Aspas,4,6925571,7006087,0,marketPlayerLeague,on_sale,ok,,2026-08-19T22:24:00+02:00,,,
2026-08-19T1750Z,laliga,67734642,2922,Osorio,Abiel Osorio,4,1320565,1361883,0,marketPlayerLeague,on_sale,ok,,2026-08-19T22:24:00+02:00,,,
2026-08-19T1750Z,laliga,67734645,2634,Joan García,Joan García,1,70799010,70000004,0,marketPlayerLeague,on_sale,ok,,2026-08-19T22:24:00+02:00,,,
2026-08-19T1750Z,laliga,67734649,2516,Puado,Javi Puado,3,5727423,5914803,0,marketPlayerLeague,on_sale,injured,,2026-08-19T22:24:00+02:00,,,
2026-08-19T1750Z,laliga,67734654,2455,Peque,Gerard Fernández Castellano,4,2046753,1919445,0,marketPlayerLeague,on_sale,ok,,2026-08-19T22:24:00+02:00,,,
2026-08-19T1750Z,laliga,67734658,3176,Ibra,Ibrahima Sow,4,744529,761846,0,marketPlayerLeague,on_sale,ok,,2026-08-19T22:24:00+02:00,,,
2026-08-19T1750Z,laliga,67734661,2531,Trent,Trent Alexander-Arnold,2,22344772,22455172,0,marketPlayerLeague,on_sale,ok,,2026-08-19T22:24:00+02:00,,,
2026-08-19T1750Z,laliga,67734665,3130,Gulácsi,Péter Gulácsi,1,4105474,4182951,0,marketPlayerLeague,on_sale,ok,,2026-08-19T22:24:00+02:00,,,
2026-08-19T1750Z,laliga,10520311,2418,Marc Roca,Marc Roca,3,5344056,5403735,1,marketPlayerTeam,on_sale,ok,false,2026-08-19T23:09:39+02:00,,,
2026-08-19T1750Z,laliga,10520445,2607,Ilaix Moriba,Moriba Kourouma Kourouma,3,9640450,10086454,0,marketPlayerTeam,on_sale,ok,false,2026-08-19T23:09:30+02:00,,,
2026-08-19T1750Z,laliga,10521109,2504,Ayoze,Ayoze Pérez,4,17647171,17352024,1,marketPlayerTeam,on_sale,ok,false,2026-08-19T23:09:59+02:00,,,
2026-08-19T1750Z,laliga,10521397,2603,Ferran Jutglà,Ferran Jutglà,4,9556829,9506551,1,marketPlayerTeam,on_sale,ok,false,2026-08-19T23:09:54+02:00,,,
2026-08-19T1750Z,laliga,10530519,2613,M. Dituro,Matías Dituro,1,7877831,7572315,1,marketPlayerTeam,on_sale,ok,false,2026-08-19T23:09:10+02:00,,,
2026-08-19T1750Z,laliga,11705725,3129,Carlos Espí,Carlos Espí,4,9547986,9282313,1,marketPlayerTeam,on_sale,ok,false,2026-08-21T21:57:07+02:00,,,
2026-08-19T1750Z,laliga,12717104,1959,Mouriño,Santiago Mouriño,2,37262954,40219248,0,marketPlayerTeam,on_sale,ok,false,2026-08-19T23:09:16+02:00,,,
2026-08-19T1750Z,laliga,12717146,3068,Cabrera,Leandro Cabrera,2,16004326,17006166,0,marketPlayerTeam,on_sale,suspended,false,2026-08-19T23:09:19+02:00,,,
2026-08-19T1750Z,laliga,12717225,2470,Foyth,Juan Foyth,2,13283421,12236452,0,marketPlayerTeam,on_sale,ok,false,2026-08-19T23:09:25+02:00,,,
2026-08-19T1750Z,laliga,12717862,3089,Ez Abde,Abde Ezzalzouli,4,42067743,44395627,1,marketPlayerTeam,on_sale,doubtful,false,2026-08-19T23:10:11+02:00,,,
2026-08-19T1750Z,laliga,13605788,3036,Dani Lorenzo,Dani Lorenzo,3,9440630,9604577,1,marketPlayerTeam,on_sale,ok,false,2026-08-21T04:08:32+02:00,,,
2026-08-19T1750Z,laliga,14174842,2640,Mario Martín,Mario Martín,3,4086242,3997637,0,marketPlayerTeam,on_sale,ok,false,2026-08-21T22:30:25+02:00,,,
2026-08-19T1750Z,laliga,14185477,3098,Q. Hartman,Quilindschy Hartman,2,8046628,8285765,0,marketPlayerTeam,on_sale,ok,false,2026-08-21T22:45:11+02:00,,,
2026-08-19T1750Z,laliga,14185646,3037,C. Puga,Carlos Puga,2,5009390,5096327,0,marketPlayerTeam,on_sale,ok,false,2026-08-21T22:45:24+02:00,,,
2026-08-19T1750Z,laliga,14185966,2530,Huijsen,Dean Huijsen,2,34989568,36955127,0,marketPlayerTeam,on_sale,ok,false,2026-08-21T22:45:54+02:00,,,
2026-08-19T1750Z,laliga,14186088,2315,Paredes,Aitor Paredes,2,5377939,5280233,0,marketPlayerTeam,on_sale,ok,false,2026-08-21T22:46:04+02:00,,,
2026-08-19T1750Z,laliga,14186254,2474,Denis Suárez,Denis Suárez,3,2387092,2420507,0,marketPlayerTeam,on_sale,ok,false,2026-08-21T22:46:18+02:00,,,
2026-08-19T1750Z,laliga,14186359,3069,Blanco,Antonio Blanco,3,14717905,14784817,0,marketPlayerTeam,on_sale,ok,false,2026-08-21T22:46:26+02:00,,,
2026-08-19T1750Z,laliga,14186511,2700,Etta Eyong,Karl Edouard Blaise Etta Eyong,4,24958002,25480174,0,marketPlayerTeam,on_sale,ok,false,2026-08-21T22:46:38+02:00,,,
2026-08-19T1750Z,laliga,14209621,2382,Isi,Isi Palazón,4,20444458,20144326,0,marketPlayerTeam,on_sale,ok,false,2026-08-21T23:19:39+02:00,,,
2026-08-19T1750Z,laliga,14243057,74,Yuri,Yuri Berchiche Izeta,2,12284843,12294334,0,marketPlayerTeam,on_sale,ok,false,2026-08-22T00:16:06+02:00,,,
2026-08-19T1750Z,laliga,14243153,1991,Tárrega,César Tárrega,2,9130429,9139919,0,marketPlayerTeam,on_sale,ok,false,2026-08-22T00:16:18+02:00,,,
2026-08-19T1750Z,laliga,14243525,2480,Johnny,Johnny Cardoso,3,5409878,5412259,0,marketPlayerTeam,on_sale,ok,false,2026-08-22T00:16:59+02:00,,,
2026-08-19T1750Z,laliga,14243639,3035,Izan M.,Izan Merino,3,6012567,6015339,0,marketPlayerTeam,on_sale,ok,false,2026-08-22T00:17:12+02:00,,,
2026-08-19T1750Z,laliga,14247593,1215,Turrientes,Beñat Turrientes,3,6952066,6956237,0,marketPlayerTeam,on_sale,ok,false,2026-08-22T00:24:14+02:00,,,
2026-08-19T1750Z,laliga,14270371,1930,El Hilali,Omar El Hilali,2,9743295,9760951,0,marketPlayerTeam,on_sale,ok,false,2026-08-22T01:11:35+02:00,,,
2026-08-19T1750Z,laliga,14293583,265,Zubeldia,Igor Zubeldia,2,10285478,10295291,0,marketPlayerTeam,on_sale,ok,false,2026-08-22T02:31:14+02:00,,,
2026-08-19T1823Z,laliga,67734622,1849,Iñigo Perez,Iñigo Pérez,5,2099005,2169683,0,marketPlayerLeague,on_sale,ok,,2026-08-19T22:24:00+02:00,,,
2026-08-19T1823Z,laliga,67734625,3166,Manel Usedo,Manel Usedo,3,744529,761846,0,marketPlayerLeague,on_sale,ok,,2026-08-19T22:24:00+02:00,,,
2026-08-19T1823Z,laliga,67734628,2945,Vecino,Matías Vecino,3,1827465,1881351,0,marketPlayerLeague,on_sale,ok,,2026-08-19T22:24:00+02:00,,,
2026-08-19T1823Z,laliga,67734632,3175,Guillén,Nico Guillén,3,4696519,4841225,0,marketPlayerLeague,on_sale,ok,,2026-08-19T22:24:00+02:00,,,
2026-08-19T1823Z,laliga,67734635,2995,Mario Soriano,Mario Soriano,3,27513416,27161321,0,marketPlayerLeague,on_sale,ok,,2026-08-19T22:24:00+02:00,,,
2026-08-19T1823Z,laliga,67734639,2492,Iago Aspas,Iago Aspas,4,6925571,7006087,0,marketPlayerLeague,on_sale,ok,,2026-08-19T22:24:00+02:00,,,
2026-08-19T1823Z,laliga,67734642,2922,Osorio,Abiel Osorio,4,1320565,1361883,0,marketPlayerLeague,on_sale,ok,,2026-08-19T22:24:00+02:00,,,
2026-08-19T1823Z,laliga,67734645,2634,Joan García,Joan García,1,70799010,70000004,0,marketPlayerLeague,on_sale,ok,,2026-08-19T22:24:00+02:00,,,
2026-08-19T1823Z,laliga,67734649,2516,Puado,Javi Puado,3,5727423,5914803,0,marketPlayerLeague,on_sale,injured,,2026-08-19T22:24:00+02:00,,,
2026-08-19T1823Z,laliga,67734654,2455,Peque,Gerard Fernández Castellano,4,2046753,1919445,0,marketPlayerLeague,on_sale,ok,,2026-08-19T22:24:00+02:00,,,
2026-08-19T1823Z,laliga,67734658,3176,Ibra,Ibrahima Sow,4,744529,761846,0,marketPlayerLeague,on_sale,ok,,2026-08-19T22:24:00+02:00,,,
2026-08-19T1823Z,laliga,67734661,2531,Trent,Trent Alexander-Arnold,2,22344772,22455172,0,marketPlayerLeague,on_sale,ok,,2026-08-19T22:24:00+02:00,,,
2026-08-19T1823Z,laliga,67734665,3130,Gulácsi,Péter Gulácsi,1,4105474,4182951,0,marketPlayerLeague,on_sale,ok,,2026-08-19T22:24:00+02:00,,,
2026-08-19T1823Z,laliga,10520311,2418,Marc Roca,Marc Roca,3,5344056,5403735,1,marketPlayerTeam,on_sale,ok,false,2026-08-19T23:09:39+02:00,,,
2026-08-19T1823Z,laliga,10520445,2607,Ilaix Moriba,Moriba Kourouma Kourouma,3,9640450,10086454,0,marketPlayerTeam,on_sale,ok,false,2026-08-19T23:09:30+02:00,,,
2026-08-19T1823Z,laliga,10521109,2504,Ayoze,Ayoze Pérez,4,17647171,17352024,1,marketPlayerTeam,on_sale,ok,false,2026-08-19T23:09:59+02:00,,,
2026-08-19T1823Z,laliga,10521397,2603,Ferran Jutglà,Ferran Jutglà,4,9556829,9506551,1,marketPlayerTeam,on_sale,ok,false,2026-08-19T23:09:54+02:00,,,
2026-08-19T1823Z,laliga,10530519,2613,M. Dituro,Matías Dituro,1,7877831,7572315,1,marketPlayerTeam,on_sale,ok,false,2026-08-19T23:09:10+02:00,,,
2026-08-19T1823Z,laliga,11705725,3129,Carlos Espí,Carlos Espí,4,9547986,9282313,1,marketPlayerTeam,on_sale,ok,false,2026-08-21T21:57:07+02:00,,,
2026-08-19T1823Z,laliga,12717104,1959,Mouriño,Santiago Mouriño,2,37262954,40219248,0,marketPlayerTeam,on_sale,ok,false,2026-08-19T23:09:16+02:00,,,
2026-08-19T1823Z,laliga,12717146,3068,Cabrera,Leandro Cabrera,2,16004326,17006166,0,marketPlayerTeam,on_sale,suspended,false,2026-08-19T23:09:19+02:00,,,
2026-08-19T1823Z,laliga,12717225,2470,Foyth,Juan Foyth,2,13283421,12236452,0,marketPlayerTeam,on_sale,ok,false,2026-08-19T23:09:25+02:00,,,
2026-08-19T1823Z,laliga,12717862,3089,Ez Abde,Abde Ezzalzouli,4,42067743,44395627,1,marketPlayerTeam,on_sale,doubtful,false,2026-08-19T23:10:11+02:00,,,
2026-08-19T1823Z,laliga,14174842,2640,Mario Martín,Mario Martín,3,4086242,3997637,0,marketPlayerTeam,on_sale,ok,false,2026-08-21T22:30:25+02:00,,,
2026-08-19T1823Z,laliga,14185477,3098,Q. Hartman,Quilindschy Hartman,2,8046628,8285765,0,marketPlayerTeam,on_sale,ok,false,2026-08-21T22:45:11+02:00,,,
2026-08-19T1823Z,laliga,14185646,3037,C. Puga,Carlos Puga,2,5009390,5096327,0,marketPlayerTeam,on_sale,ok,false,2026-08-21T22:45:24+02:00,,,
2026-08-19T1823Z,laliga,14185966,2530,Huijsen,Dean Huijsen,2,34989568,36955127,0,marketPlayerTeam,on_sale,ok,false,2026-08-21T22:45:54+02:00,,,
2026-08-19T1823Z,laliga,14186088,2315,Paredes,Aitor Paredes,2,5377939,5280233,0,marketPlayerTeam,on_sale,ok,false,2026-08-21T22:46:04+02:00,,,
2026-08-19T1823Z,laliga,14186254,2474,Denis Suárez,Denis Suárez,3,2387092,2420507,0,marketPlayerTeam,on_sale,ok,false,2026-08-21T22:46:18+02:00,,,
2026-08-19T1823Z,laliga,14186359,3069,Blanco,Antonio Blanco,3,14717905,14784817,0,marketPlayerTeam,on_sale,ok,false,2026-08-21T22:46:26+02:00,,,
2026-08-19T1823Z,laliga,14186511,2700,Etta Eyong,Karl Edouard Blaise Etta Eyong,4,24958002,25480174,0,marketPlayerTeam,on_sale,ok,false,2026-08-21T22:46:38+02:00,,,
2026-08-19T1823Z,laliga,14209621,2382,Isi,Isi Palazón,4,20444458,20144326,0,marketPlayerTeam,on_sale,ok,false,2026-08-21T23:19:39+02:00,,,
2026-08-19T1823Z,laliga,14243057,74,Yuri,Yuri Berchiche Izeta,2,12284843,12294334,0,marketPlayerTeam,on_sale,ok,false,2026-08-22T00:16:06+02:00,,,
2026-08-19T1823Z,laliga,14243153,1991,Tárrega,César Tárrega,2,9130429,9139919,0,marketPlayerTeam,on_sale,ok,false,2026-08-22T00:16:18+02:00,,,
2026-08-19T1823Z,laliga,14243525,2480,Johnny,Johnny Cardoso,3,5409878,5412259,0,marketPlayerTeam,on_sale,ok,false,2026-08-22T00:16:59+02:00,,,
2026-08-19T1823Z,laliga,14243639,3035,Izan M.,Izan Merino,3,6012567,6015339,0,marketPlayerTeam,on_sale,ok,false,2026-08-22T00:17:12+02:00,,,
2026-08-19T1823Z,laliga,14247593,1215,Turrientes,Beñat Turrientes,3,6952066,6956237,0,marketPlayerTeam,on_sale,ok,false,2026-08-22T00:24:14+02:00,,,
2026-08-19T1823Z,laliga,14270371,1930,El Hilali,Omar El Hilali,2,9743295,9760951,0,marketPlayerTeam,on_sale,ok,false,2026-08-22T01:11:35+02:00,,,
2026-08-19T1823Z,laliga,14293583,265,Zubeldia,Igor Zubeldia,2,10285478,10295291,0,marketPlayerTeam,on_sale,ok,false,2026-08-22T02:31:14+02:00,,,
2026-08-19T1904Z,laliga,67734622,1849,Iñigo Perez,Iñigo Pérez,5,2099005,2169683,0,marketPlayerLeague,on_sale,ok,,2026-08-19T22:24:00+02:00,,,
2026-08-19T1904Z,laliga,67734625,3166,Manel Usedo,Manel Usedo,3,744529,761846,0,marketPlayerLeague,on_sale,ok,,2026-08-19T22:24:00+02:00,,,
2026-08-19T1904Z,laliga,67734628,2945,Vecino,Matías Vecino,3,1827465,1881351,0,marketPlayerLeague,on_sale,ok,,2026-08-19T22:24:00+02:00,,,
2026-08-19T1904Z,laliga,67734632,3175,Guillén,Nico Guillén,3,4696519,4841225,0,marketPlayerLeague,on_sale,ok,,2026-08-19T22:24:00+02:00,,,
2026-08-19T1904Z,laliga,67734635,2995,Mario Soriano,Mario Soriano,3,27513416,27161321,0,marketPlayerLeague,on_sale,ok,,2026-08-19T22:24:00+02:00,,,
2026-08-19T1904Z,laliga,67734639,2492,Iago Aspas,Iago Aspas,4,6925571,7006087,0,marketPlayerLeague,on_sale,ok,,2026-08-19T22:24:00+02:00,,,
2026-08-19T1904Z,laliga,67734642,2922,Osorio,Abiel Osorio,4,1320565,1361883,0,marketPlayerLeague,on_sale,ok,,2026-08-19T22:24:00+02:00,,,
2026-08-19T1904Z,laliga,67734645,2634,Joan García,Joan García,1,70799010,70000004,0,marketPlayerLeague,on_sale,ok,,2026-08-19T22:24:00+02:00,,,
2026-08-19T1904Z,laliga,67734649,2516,Puado,Javi Puado,3,5727423,5914803,0,marketPlayerLeague,on_sale,injured,,2026-08-19T22:24:00+02:00,,,
2026-08-19T1904Z,laliga,67734654,2455,Peque,Gerard Fernández Castellano,4,2046753,1919445,0,marketPlayerLeague,on_sale,ok,,2026-08-19T22:24:00+02:00,,,
2026-08-19T1904Z,laliga,67734658,3176,Ibra,Ibrahima Sow,4,744529,761846,0,marketPlayerLeague,on_sale,ok,,2026-08-19T22:24:00+02:00,,,
2026-08-19T1904Z,laliga,67734661,2531,Trent,Trent Alexander-Arnold,2,22344772,22455172,0,marketPlayerLeague,on_sale,ok,,2026-08-19T22:24:00+02:00,,,
2026-08-19T1904Z,laliga,67734665,3130,Gulácsi,Péter Gulácsi,1,4105474,4182951,0,marketPlayerLeague,on_sale,ok,,2026-08-19T22:24:00+02:00,,,
2026-08-19T1904Z,laliga,10520311,2418,Marc Roca,Marc Roca,3,5344056,5403735,1,marketPlayerTeam,on_sale,ok,false,2026-08-19T23:09:39+02:00,,,
2026-08-19T1904Z,laliga,10520445,2607,Ilaix Moriba,Moriba Kourouma Kourouma,3,9640450,10086454,0,marketPlayerTeam,on_sale,ok,false,2026-08-19T23:09:30+02:00,,,
2026-08-19T1904Z,laliga,10521109,2504,Ayoze,Ayoze Pérez,4,17647171,17352024,1,marketPlayerTeam,on_sale,ok,false,2026-08-19T23:09:59+02:00,,,
2026-08-19T1904Z,laliga,10521397,2603,Ferran Jutglà,Ferran Jutglà,4,9556829,9506551,1,marketPlayerTeam,on_sale,ok,false,2026-08-19T23:09:54+02:00,,,
2026-08-19T1904Z,laliga,10530519,2613,M. Dituro,Matías Dituro,1,7877831,7572315,1,marketPlayerTeam,on_sale,ok,false,2026-08-19T23:09:10+02:00,,,
2026-08-19T1904Z,laliga,11705725,3129,Carlos Espí,Carlos Espí,4,9547986,9282313,1,marketPlayerTeam,on_sale,ok,false,2026-08-21T21:57:07+02:00,,,
2026-08-19T1904Z,laliga,12717104,1959,Mouriño,Santiago Mouriño,2,37262954,40219248,0,marketPlayerTeam,on_sale,ok,false,2026-08-19T23:09:16+02:00,,,
2026-08-19T1904Z,laliga,12717146,3068,Cabrera,Leandro Cabrera,2,16004326,17006166,0,marketPlayerTeam,on_sale,suspended,false,2026-08-19T23:09:19+02:00,,,
2026-08-19T1904Z,laliga,12717225,2470,Foyth,Juan Foyth,2,13283421,12236452,0,marketPlayerTeam,on_sale,ok,false,2026-08-19T23:09:25+02:00,,,
2026-08-19T1904Z,laliga,12717862,3089,Ez Abde,Abde Ezzalzouli,4,42067743,44395627,1,marketPlayerTeam,on_sale,doubtful,false,2026-08-19T23:10:11+02:00,,,
2026-08-19T1904Z,laliga,14174842,2640,Mario Martín,Mario Martín,3,4086242,3997637,0,marketPlayerTeam,on_sale,ok,false,2026-08-21T22:30:25+02:00,,,
2026-08-19T1904Z,laliga,14185477,3098,Q. Hartman,Quilindschy Hartman,2,8046628,8285765,0,marketPlayerTeam,on_sale,ok,false,2026-08-21T22:45:11+02:00,,,
2026-08-19T1904Z,laliga,14185646,3037,C. Puga,Carlos Puga,2,5009390,5096327,0,marketPlayerTeam,on_sale,ok,false,2026-08-21T22:45:24+02:00,,,
2026-08-19T1904Z,laliga,14185966,2530,Huijsen,Dean Huijsen,2,34989568,36955127,0,marketPlayerTeam,on_sale,ok,false,2026-08-21T22:45:54+02:00,,,
2026-08-19T1904Z,laliga,14186088,2315,Paredes,Aitor Paredes,2,5377939,5280233,0,marketPlayerTeam,on_sale,ok,false,2026-08-21T22:46:04+02:00,,,
2026-08-19T1904Z,laliga,14186254,2474,Denis Suárez,Denis Suárez,3,2387092,2420507,0,marketPlayerTeam,on_sale,ok,false,2026-08-21T22:46:18+02:00,,,
2026-08-19T1904Z,laliga,14186359,3069,Blanco,Antonio Blanco,3,14717905,14784817,0,marketPlayerTeam,on_sale,ok,false,2026-08-21T22:46:26+02:00,,,
2026-08-19T1904Z,laliga,14186511,2700,Etta Eyong,Karl Edouard Blaise Etta Eyong,4,24958002,25480174,0,marketPlayerTeam,on_sale,ok,false,2026-08-21T22:46:38+02:00,,,
2026-08-19T1904Z,laliga,14209621,2382,Isi,Isi Palazón,4,20444458,20144326,0,marketPlayerTeam,on_sale,ok,false,2026-08-21T23:19:39+02:00,,,
2026-08-19T1904Z,laliga,14243057,74,Yuri,Yuri Berchiche Izeta,2,12284843,12294334,0,marketPlayerTeam,on_sale,ok,false,2026-08-22T00:16:06+02:00,,,
2026-08-19T1904Z,laliga,14243153,1991,Tárrega,César Tárrega,2,9130429,9139919,0,marketPlayerTeam,on_sale,ok,false,2026-08-22T00:16:18+02:00,,,
2026-08-19T1904Z,laliga,14243525,2480,Johnny,Johnny Cardoso,3,5409878,5412259,0,marketPlayerTeam,on_sale,ok,false,2026-08-22T00:16:59+02:00,,,
2026-08-19T1904Z,laliga,14243639,3035,Izan M.,Izan Merino,3,6012567,6015339,0,marketPlayerTeam,on_sale,ok,false,2026-08-22T00:17:12+02:00,,,
2026-08-19T1904Z,laliga,14247593,1215,Turrientes,Beñat Turrientes,3,6952066,6956237,0,marketPlayerTeam,on_sale,ok,false,2026-08-22T00:24:14+02:00,,,
2026-08-19T1904Z,laliga,14270371,1930,El Hilali,Omar El Hilali,2,9743295,9760951,0,marketPlayerTeam,on_sale,ok,false,2026-08-22T01:11:35+02:00,,,
2026-08-19T1904Z,laliga,14293583,265,Zubeldia,Igor Zubeldia,2,10285478,10295291,0,marketPlayerTeam,on_sale,ok,false,2026-08-22T02:31:14+02:00,,,
2026-08-19T2220Z,laliga,71786756,3004,José Alberto,José Alberto López Menéndez,5,867231,886803,0,marketPlayerLeague,on_sale,ok,,2026-08-20T22:24:00+02:00,,,
2026-08-19T2220Z,laliga,71786757,2545,Adama,Adama Boiro,2,471333,474410,0,marketPlayerLeague,on_sale,ok,,2026-08-20T22:24:00+02:00,,,
2026-08-19T2220Z,laliga,71786758,3186,Kevin,Kevin Sánchez,4,842160,860688,0,marketPlayerLeague,on_sale,ok,,2026-08-20T22:24:00+02:00,,,
2026-08-19T2220Z,laliga,71786759,3171,Llorenç,Llorenç Serred Martínez,1,533822,539502,0,marketPlayerLeague,on_sale,ok,,2026-08-20T22:24:00+02:00,,,
2026-08-19T2220Z,laliga,71786760,3125,Canales,Sergio Canales,3,25454084,24993293,0,marketPlayerLeague,on_sale,ok,,2026-08-20T22:24:00+02:00,,,
2026-08-19T2220Z,laliga,71786761,2876,Iker Muñoz,Iker Ortín,2,566181,573210,0,marketPlayerLeague,on_sale,ok,,2026-08-20T22:24:00+02:00,,,
2026-08-19T2220Z,laliga,71786762,2687,Manu Bueno,Manu Bueno,3,742504,753581,0,marketPlayerLeague,on_sale,ok,,2026-08-20T22:24:00+02:00,,,
2026-08-19T2220Z,laliga,71786763,184,David Soria,David Soria Solís,1,22039978,21475099,0,marketPlayerLeague,on_sale,ok,,2026-08-20T22:24:00+02:00,,,
2026-08-19T2220Z,laliga,71786764,3108,Aubameyang,Pierre-Emerick Aubameyang,4,38507025,36877261,1,marketPlayerLeague,on_sale,ok,,2026-08-20T22:24:00+02:00,,,
2026-08-19T2220Z,laliga,71786765,3168,Alberto Calatrava,Alberto Calatrava,3,927472,949554,0,marketPlayerLeague,on_sale,ok,,2026-08-20T22:24:00+02:00,,,
2026-08-19T2220Z,laliga,71786766,2321,J. Musso,Juan Musso,1,4056137,4141446,0,marketPlayerLeague,on_sale,ok,,2026-08-20T22:24:00+02:00,,,
2026-08-19T2220Z,laliga,71786768,2699,J. Ives Valou,Jean Valou,2,566181,573210,0,marketPlayerLeague,on_sale,ok,,2026-08-20T22:24:00+02:00,,,
2026-08-19T2220Z,laliga,71786769,2819,Ferrer,Diego Ferrer,1,651339,661916,0,marketPlayerLeague,on_sale,ok,,2026-08-20T22:24:00+02:00,,,
2026-08-19T2220Z,laliga,11705725,3129,Carlos Espí,Carlos Espí,4,9774649,9282313,1,marketPlayerTeam,on_sale,ok,false,2026-08-21T21:57:07+02:00,,,
2026-08-19T2220Z,laliga,14185646,3037,C. Puga,Carlos Puga,2,4962579,5096327,1,marketPlayerTeam,on_sale,ok,false,2026-08-21T22:45:24+02:00,,,
2026-08-19T2220Z,laliga,14186088,2315,Paredes,Aitor Paredes,2,5477677,5280233,1,marketPlayerTeam,on_sale,ok,false,2026-08-21T22:46:04+02:00,,,
2026-08-19T2220Z,laliga,14186254,2474,Denis Suárez,Denis Suárez,3,2367084,2420507,1,marketPlayerTeam,on_sale,ok,false,2026-08-21T22:46:18+02:00,,,
2026-08-19T2220Z,laliga,14186359,3069,Blanco,Antonio Blanco,3,14590188,14784817,1,marketPlayerTeam,on_sale,ok,false,2026-08-21T22:46:26+02:00,,,
2026-08-19T2220Z,laliga,14186511,2700,Etta Eyong,Karl Edouard Blaise Etta Eyong,4,24426515,25480174,1,marketPlayerTeam,on_sale,ok,false,2026-08-21T22:46:38+02:00,,,
2026-08-19T2220Z,laliga,14243057,74,Yuri,Yuri Berchiche Izeta,2,12311693,12294334,1,marketPlayerTeam,on_sale,ok,false,2026-08-22T00:16:06+02:00,,,
2026-08-19T2220Z,laliga,14243153,1991,Tárrega,César Tárrega,2,9131344,9139919,1,marketPlayerTeam,on_sale,ok,false,2026-08-22T00:16:18+02:00,,,
2026-08-19T2220Z,laliga,14243525,2480,Johnny,Johnny Cardoso,3,5320779,5412259,1,marketPlayerTeam,on_sale,ok,false,2026-08-22T00:16:59+02:00,,,
2026-08-19T2220Z,laliga,14243639,3035,Izan M.,Izan Merino,3,5927091,6015339,1,marketPlayerTeam,on_sale,ok,false,2026-08-22T00:17:12+02:00,,,
2026-08-19T2220Z,laliga,14247593,1215,Turrientes,Beñat Turrientes,3,6840616,6956237,1,marketPlayerTeam,on_sale,ok,false,2026-08-22T00:24:14+02:00,,,
2026-08-19T2220Z,laliga,14270371,1930,El Hilali,Omar El Hilali,2,10098553,9760951,1,marketPlayerTeam,on_sale,ok,false,2026-08-22T01:11:35+02:00,,,
2026-08-19T2220Z,laliga,14293583,265,Zubeldia,Igor Zubeldia,2,10346166,10295291,1,marketPlayerTeam,on_sale,ok,false,2026-08-22T02:31:14+02:00,,,
2026-08-19T2220Z,laliga,14898744,2507,Dmitrovic,Marko Dmitrovic,1,39277920,38638122,0,marketPlayerTeam,on_sale,ok,false,2026-08-22T23:21:01+02:00,,,
2026-08-19T2221Z,laliga,71786756,3004,José Alberto,José Alberto López Menéndez,5,867231,886803,0,marketPlayerLeague,on_sale,ok,,2026-08-20T22:24:00+02:00,,,
2026-08-19T2221Z,laliga,71786757,2545,Adama,Adama Boiro,2,471333,474410,0,marketPlayerLeague,on_sale,ok,,2026-08-20T22:24:00+02:00,,,
2026-08-19T2221Z,laliga,71786758,3186,Kevin,Kevin Sánchez,4,842160,860688,0,marketPlayerLeague,on_sale,ok,,2026-08-20T22:24:00+02:00,,,
2026-08-19T2221Z,laliga,71786759,3171,Llorenç,Llorenç Serred Martínez,1,533822,539502,0,marketPlayerLeague,on_sale,ok,,2026-08-20T22:24:00+02:00,,,
2026-08-19T2221Z,laliga,71786760,3125,Canales,Sergio Canales,3,25454084,24993293,0,marketPlayerLeague,on_sale,ok,,2026-08-20T22:24:00+02:00,,,
2026-08-19T2221Z,laliga,71786761,2876,Iker Muñoz,Iker Ortín,2,566181,573210,0,marketPlayerLeague,on_sale,ok,,2026-08-20T22:24:00+02:00,,,
2026-08-19T2221Z,laliga,71786762,2687,Manu Bueno,Manu Bueno,3,742504,753581,0,marketPlayerLeague,on_sale,ok,,2026-08-20T22:24:00+02:00,,,
2026-08-19T2221Z,laliga,71786763,184,David Soria,David Soria Solís,1,22039978,21475099,0,marketPlayerLeague,on_sale,ok,,2026-08-20T22:24:00+02:00,,,
2026-08-19T2221Z,laliga,71786764,3108,Aubameyang,Pierre-Emerick Aubameyang,4,38507025,36877261,1,marketPlayerLeague,on_sale,ok,,2026-08-20T22:24:00+02:00,,,
2026-08-19T2221Z,laliga,71786765,3168,Alberto Calatrava,Alberto Calatrava,3,927472,949554,0,marketPlayerLeague,on_sale,ok,,2026-08-20T22:24:00+02:00,,,
2026-08-19T2221Z,laliga,71786766,2321,J. Musso,Juan Musso,1,4056137,4141446,0,marketPlayerLeague,on_sale,ok,,2026-08-20T22:24:00+02:00,,,
2026-08-19T2221Z,laliga,71786768,2699,J. Ives Valou,Jean Valou,2,566181,573210,0,marketPlayerLeague,on_sale,ok,,2026-08-20T22:24:00+02:00,,,
2026-08-19T2221Z,laliga,71786769,2819,Ferrer,Diego Ferrer,1,651339,661916,0,marketPlayerLeague,on_sale,ok,,2026-08-20T22:24:00+02:00,,,
2026-08-19T2221Z,laliga,11705725,3129,Carlos Espí,Carlos Espí,4,9774649,9282313,1,marketPlayerTeam,on_sale,ok,false,2026-08-21T21:57:07+02:00,,,
2026-08-19T2221Z,laliga,14185646,3037,C. Puga,Carlos Puga,2,4962579,5096327,1,marketPlayerTeam,on_sale,ok,false,2026-08-21T22:45:24+02:00,,,
2026-08-19T2221Z,laliga,14186088,2315,Paredes,Aitor Paredes,2,5477677,5280233,1,marketPlayerTeam,on_sale,ok,false,2026-08-21T22:46:04+02:00,,,
2026-08-19T2221Z,laliga,14186254,2474,Denis Suárez,Denis Suárez,3,2367084,2420507,1,marketPlayerTeam,on_sale,ok,false,2026-08-21T22:46:18+02:00,,,
2026-08-19T2221Z,laliga,14186359,3069,Blanco,Antonio Blanco,3,14590188,14784817,1,marketPlayerTeam,on_sale,ok,false,2026-08-21T22:46:26+02:00,,,
2026-08-19T2221Z,laliga,14186511,2700,Etta Eyong,Karl Edouard Blaise Etta Eyong,4,24426515,25480174,1,marketPlayerTeam,on_sale,ok,false,2026-08-21T22:46:38+02:00,,,
2026-08-19T2221Z,laliga,14243057,74,Yuri,Yuri Berchiche Izeta,2,12311693,12294334,1,marketPlayerTeam,on_sale,ok,false,2026-08-22T00:16:06+02:00,,,
2026-08-19T2221Z,laliga,14243153,1991,Tárrega,César Tárrega,2,9131344,9139919,1,marketPlayerTeam,on_sale,ok,false,2026-08-22T00:16:18+02:00,,,
2026-08-19T2221Z,laliga,14243525,2480,Johnny,Johnny Cardoso,3,5320779,5412259,1,marketPlayerTeam,on_sale,ok,false,2026-08-22T00:16:59+02:00,,,
2026-08-19T2221Z,laliga,14243639,3035,Izan M.,Izan Merino,3,5927091,6015339,1,marketPlayerTeam,on_sale,ok,false,2026-08-22T00:17:12+02:00,,,
2026-08-19T2221Z,laliga,14247593,1215,Turrientes,Beñat Turrientes,3,6840616,6956237,1,marketPlayerTeam,on_sale,ok,false,2026-08-22T00:24:14+02:00,,,
2026-08-19T2221Z,laliga,14270371,1930,El Hilali,Omar El Hilali,2,10098553,9760951,1,marketPlayerTeam,on_sale,ok,false,2026-08-22T01:11:35+02:00,,,
2026-08-19T2221Z,laliga,14293583,265,Zubeldia,Igor Zubeldia,2,10346166,10295291,1,marketPlayerTeam,on_sale,ok,false,2026-08-22T02:31:14+02:00,,,
2026-08-19T2221Z,laliga,14898744,2507,Dmitrovic,Marko Dmitrovic,1,39277920,38638122,0,marketPlayerTeam,on_sale,ok,false,2026-08-22T23:21:01+02:00,,,
2026-08-19T2307Z,laliga,71786756,3004,José Alberto,José Alberto López Menéndez,5,867231,886803,0,marketPlayerLeague,on_sale,ok,,2026-08-20T22:24:00+02:00,,,
2026-08-19T2307Z,laliga,71786757,2545,Adama,Adama Boiro,2,471333,474410,0,marketPlayerLeague,on_sale,ok,,2026-08-20T22:24:00+02:00,,,
2026-08-19T2307Z,laliga,71786758,3186,Kevin,Kevin Sánchez,4,842160,860688,0,marketPlayerLeague,on_sale,ok,,2026-08-20T22:24:00+02:00,,,
2026-08-19T2307Z,laliga,71786759,3171,Llorenç,Llorenç Serred Martínez,1,533822,539502,0,marketPlayerLeague,on_sale,ok,,2026-08-20T22:24:00+02:00,,,
2026-08-19T2307Z,laliga,71786760,3125,Canales,Sergio Canales,3,25454084,24993293,0,marketPlayerLeague,on_sale,ok,,2026-08-20T22:24:00+02:00,,,
2026-08-19T2307Z,laliga,71786761,2876,Iker Muñoz,Iker Ortín,2,566181,573210,0,marketPlayerLeague,on_sale,ok,,2026-08-20T22:24:00+02:00,,,
2026-08-19T2307Z,laliga,71786762,2687,Manu Bueno,Manu Bueno,3,742504,753581,0,marketPlayerLeague,on_sale,ok,,2026-08-20T22:24:00+02:00,,,
2026-08-19T2307Z,laliga,71786763,184,David Soria,David Soria Solís,1,22039978,21475099,1,marketPlayerLeague,on_sale,ok,,2026-08-20T22:24:00+02:00,11935147,22039978,pending
2026-08-19T2307Z,laliga,71786764,3108,Aubameyang,Pierre-Emerick Aubameyang,4,38507025,36877261,1,marketPlayerLeague,on_sale,ok,,2026-08-20T22:24:00+02:00,,,
2026-08-19T2307Z,laliga,71786765,3168,Alberto Calatrava,Alberto Calatrava,3,927472,949554,0,marketPlayerLeague,on_sale,ok,,2026-08-20T22:24:00+02:00,,,
2026-08-19T2307Z,laliga,71786766,2321,J. Musso,Juan Musso,1,4056137,4141446,0,marketPlayerLeague,on_sale,ok,,2026-08-20T22:24:00+02:00,,,
2026-08-19T2307Z,laliga,71786768,2699,J. Ives Valou,Jean Valou,2,566181,573210,0,marketPlayerLeague,on_sale,ok,,2026-08-20T22:24:00+02:00,,,
2026-08-19T2307Z,laliga,71786769,2819,Ferrer,Diego Ferrer,1,651339,661916,0,marketPlayerLeague,on_sale,ok,,2026-08-20T22:24:00+02:00,,,
2026-08-19T2307Z,laliga,11705725,3129,Carlos Espí,Carlos Espí,4,9774649,9282313,1,marketPlayerTeam,on_sale,ok,false,2026-08-21T21:57:07+02:00,,,
2026-08-19T2307Z,laliga,14185646,3037,C. Puga,Carlos Puga,2,4962579,5096327,1,marketPlayerTeam,on_sale,ok,false,2026-08-21T22:45:24+02:00,,,
2026-08-19T2307Z,laliga,14186088,2315,Paredes,Aitor Paredes,2,5477677,5280233,1,marketPlayerTeam,on_sale,ok,false,2026-08-21T22:46:04+02:00,,,
2026-08-19T2307Z,laliga,14186254,2474,Denis Suárez,Denis Suárez,3,2367084,2420507,1,marketPlayerTeam,on_sale,ok,false,2026-08-21T22:46:18+02:00,,,
2026-08-19T2307Z,laliga,14186359,3069,Blanco,Antonio Blanco,3,14590188,14784817,1,marketPlayerTeam,on_sale,ok,false,2026-08-21T22:46:26+02:00,,,
2026-08-19T2307Z,laliga,14186511,2700,Etta Eyong,Karl Edouard Blaise Etta Eyong,4,24426515,25480174,1,marketPlayerTeam,on_sale,ok,false,2026-08-21T22:46:38+02:00,,,
2026-08-19T2307Z,laliga,14243057,74,Yuri,Yuri Berchiche Izeta,2,12311693,12294334,1,marketPlayerTeam,on_sale,ok,false,2026-08-22T00:16:06+02:00,,,
2026-08-19T2307Z,laliga,14243153,1991,Tárrega,César Tárrega,2,9131344,9139919,1,marketPlayerTeam,on_sale,ok,false,2026-08-22T00:16:18+02:00,,,
2026-08-19T2307Z,laliga,14243525,2480,Johnny,Johnny Cardoso,3,5320779,5412259,1,marketPlayerTeam,on_sale,ok,false,2026-08-22T00:16:59+02:00,,,
2026-08-19T2307Z,laliga,14243639,3035,Izan M.,Izan Merino,3,5927091,6015339,1,marketPlayerTeam,on_sale,ok,false,2026-08-22T00:17:12+02:00,,,
2026-08-19T2307Z,laliga,14270371,1930,El Hilali,Omar El Hilali,2,10098553,9760951,1,marketPlayerTeam,on_sale,ok,false,2026-08-22T01:11:35+02:00,,,
2026-08-19T2307Z,laliga,14293583,265,Zubeldia,Igor Zubeldia,2,10346166,10295291,1,marketPlayerTeam,on_sale,ok,false,2026-08-22T02:31:14+02:00,,,
2026-08-19T2307Z,laliga,14898744,2507,Dmitrovic,Marko Dmitrovic,1,39277920,38638122,0,marketPlayerTeam,on_sale,ok,false,2026-08-22T23:21:01+02:00,,,
2026-08-19T2307Z,laliga,14948006,2713,Ionut Radu,Ionut Radu,1,37095939,37095939,0,marketPlayerTeam,on_sale,ok,false,2026-08-23T00:25:58+02:00,,,
2026-08-19T2316Z,laliga,71786756,3004,José Alberto,José Alberto López Menéndez,5,867231,886803,0,marketPlayerLeague,on_sale,ok,,2026-08-20T22:24:00+02:00,,,
2026-08-19T2316Z,laliga,71786757,2545,Adama,Adama Boiro,2,471333,474410,0,marketPlayerLeague,on_sale,ok,,2026-08-20T22:24:00+02:00,,,
2026-08-19T2316Z,laliga,71786758,3186,Kevin,Kevin Sánchez,4,842160,860688,0,marketPlayerLeague,on_sale,ok,,2026-08-20T22:24:00+02:00,,,
2026-08-19T2316Z,laliga,71786759,3171,Llorenç,Llorenç Serred Martínez,1,533822,539502,0,marketPlayerLeague,on_sale,ok,,2026-08-20T22:24:00+02:00,,,
2026-08-19T2316Z,laliga,71786760,3125,Canales,Sergio Canales,3,25454084,24993293,0,marketPlayerLeague,on_sale,ok,,2026-08-20T22:24:00+02:00,,,
2026-08-19T2316Z,laliga,71786761,2876,Iker Muñoz,Iker Ortín,2,566181,573210,0,marketPlayerLeague,on_sale,ok,,2026-08-20T22:24:00+02:00,,,
2026-08-19T2316Z,laliga,71786762,2687,Manu Bueno,Manu Bueno,3,742504,753581,0,marketPlayerLeague,on_sale,ok,,2026-08-20T22:24:00+02:00,,,
2026-08-19T2316Z,laliga,71786763,184,David Soria,David Soria Solís,1,22039978,21475099,1,marketPlayerLeague,on_sale,ok,,2026-08-20T22:24:00+02:00,11935147,22039978,pending
2026-08-19T2316Z,laliga,71786764,3108,Aubameyang,Pierre-Emerick Aubameyang,4,38507025,36877261,1,marketPlayerLeague,on_sale,ok,,2026-08-20T22:24:00+02:00,,,
2026-08-19T2316Z,laliga,71786765,3168,Alberto Calatrava,Alberto Calatrava,3,927472,949554,0,marketPlayerLeague,on_sale,ok,,2026-08-20T22:24:00+02:00,,,
2026-08-19T2316Z,laliga,71786766,2321,J. Musso,Juan Musso,1,4056137,4141446,0,marketPlayerLeague,on_sale,ok,,2026-08-20T22:24:00+02:00,,,
2026-08-19T2316Z,laliga,71786768,2699,J. Ives Valou,Jean Valou,2,566181,573210,0,marketPlayerLeague,on_sale,ok,,2026-08-20T22:24:00+02:00,,,
2026-08-19T2316Z,laliga,71786769,2819,Ferrer,Diego Ferrer,1,651339,661916,0,marketPlayerLeague,on_sale,ok,,2026-08-20T22:24:00+02:00,,,
2026-08-19T2316Z,laliga,11705725,3129,Carlos Espí,Carlos Espí,4,9774649,9282313,1,marketPlayerTeam,on_sale,ok,false,2026-08-21T21:57:07+02:00,,,
2026-08-19T2316Z,laliga,14185646,3037,C. Puga,Carlos Puga,2,4962579,5096327,1,marketPlayerTeam,on_sale,ok,false,2026-08-21T22:45:24+02:00,,,
2026-08-19T2316Z,laliga,14186088,2315,Paredes,Aitor Paredes,2,5477677,5280233,1,marketPlayerTeam,on_sale,ok,false,2026-08-21T22:46:04+02:00,,,
2026-08-19T2316Z,laliga,14186254,2474,Denis Suárez,Denis Suárez,3,2367084,2420507,1,marketPlayerTeam,on_sale,ok,false,2026-08-21T22:46:18+02:00,,,
2026-08-19T2316Z,laliga,14186359,3069,Blanco,Antonio Blanco,3,14590188,14784817,1,marketPlayerTeam,on_sale,ok,false,2026-08-21T22:46:26+02:00,,,
2026-08-19T2316Z,laliga,14186511,2700,Etta Eyong,Karl Edouard Blaise Etta Eyong,4,24426515,25480174,1,marketPlayerTeam,on_sale,ok,false,2026-08-21T22:46:38+02:00,,,
2026-08-19T2316Z,laliga,14243057,74,Yuri,Yuri Berchiche Izeta,2,12311693,12294334,1,marketPlayerTeam,on_sale,ok,false,2026-08-22T00:16:06+02:00,,,
2026-08-19T2316Z,laliga,14243153,1991,Tárrega,César Tárrega,2,9131344,9139919,1,marketPlayerTeam,on_sale,ok,false,2026-08-22T00:16:18+02:00,,,
2026-08-19T2316Z,laliga,14243525,2480,Johnny,Johnny Cardoso,3,5320779,5412259,1,marketPlayerTeam,on_sale,ok,false,2026-08-22T00:16:59+02:00,,,
2026-08-19T2316Z,laliga,14243639,3035,Izan M.,Izan Merino,3,5927091,6015339,1,marketPlayerTeam,on_sale,ok,false,2026-08-22T00:17:12+02:00,,,
2026-08-19T2316Z,laliga,14270371,1930,El Hilali,Omar El Hilali,2,10098553,9760951,1,marketPlayerTeam,on_sale,ok,false,2026-08-22T01:11:35+02:00,,,
2026-08-19T2316Z,laliga,14293583,265,Zubeldia,Igor Zubeldia,2,10346166,10295291,1,marketPlayerTeam,on_sale,ok,false,2026-08-22T02:31:14+02:00,,,
2026-08-19T2316Z,laliga,14898744,2507,Dmitrovic,Marko Dmitrovic,1,39277920,38638122,0,marketPlayerTeam,on_sale,ok,false,2026-08-22T23:21:01+02:00,,,
2026-08-19T2316Z,laliga,14948006,2713,Ionut Radu,Ionut Radu,1,37095939,37095939,0,marketPlayerTeam,on_sale,ok,false,2026-08-23T00:25:58+02:00,,,
2026-08-19T2356Z,laliga,71786756,3004,José Alberto,José Alberto López Menéndez,5,867231,886803,0,marketPlayerLeague,on_sale,ok,,2026-08-20T22:24:00+02:00,,,
2026-08-19T2356Z,laliga,71786757,2545,Adama,Adama Boiro,2,471333,474410,0,marketPlayerLeague,on_sale,ok,,2026-08-20T22:24:00+02:00,,,
2026-08-19T2356Z,laliga,71786758,3186,Kevin,Kevin Sánchez,4,842160,860688,0,marketPlayerLeague,on_sale,ok,,2026-08-20T22:24:00+02:00,,,
2026-08-19T2356Z,laliga,71786759,3171,Llorenç,Llorenç Serred Martínez,1,533822,539502,0,marketPlayerLeague,on_sale,ok,,2026-08-20T22:24:00+02:00,,,
2026-08-19T2356Z,laliga,71786760,3125,Canales,Sergio Canales,3,25454084,24993293,0,marketPlayerLeague,on_sale,ok,,2026-08-20T22:24:00+02:00,,,
2026-08-19T2356Z,laliga,71786761,2876,Iker Muñoz,Iker Ortín,2,566181,573210,0,marketPlayerLeague,on_sale,ok,,2026-08-20T22:24:00+02:00,,,
2026-08-19T2356Z,laliga,71786762,2687,Manu Bueno,Manu Bueno,3,742504,753581,0,marketPlayerLeague,on_sale,ok,,2026-08-20T22:24:00+02:00,,,
2026-08-19T2356Z,laliga,71786763,184,David Soria,David Soria Solís,1,22039978,21475099,1,marketPlayerLeague,on_sale,ok,,2026-08-20T22:24:00+02:00,11935147,22039978,pending
2026-08-19T2356Z,laliga,71786764,3108,Aubameyang,Pierre-Emerick Aubameyang,4,38507025,36877261,1,marketPlayerLeague,on_sale,ok,,2026-08-20T22:24:00+02:00,,,
2026-08-19T2356Z,laliga,71786765,3168,Alberto Calatrava,Alberto Calatrava,3,927472,949554,0,marketPlayerLeague,on_sale,ok,,2026-08-20T22:24:00+02:00,,,
2026-08-19T2356Z,laliga,71786766,2321,J. Musso,Juan Musso,1,4056137,4141446,0,marketPlayerLeague,on_sale,ok,,2026-08-20T22:24:00+02:00,,,
2026-08-19T2356Z,laliga,71786768,2699,J. Ives Valou,Jean Valou,2,566181,573210,0,marketPlayerLeague,on_sale,ok,,2026-08-20T22:24:00+02:00,,,
2026-08-19T2356Z,laliga,71786769,2819,Ferrer,Diego Ferrer,1,651339,661916,0,marketPlayerLeague,on_sale,ok,,2026-08-20T22:24:00+02:00,,,
2026-08-19T2356Z,laliga,11705725,3129,Carlos Espí,Carlos Espí,4,9774649,9282313,1,marketPlayerTeam,on_sale,ok,false,2026-08-21T21:57:07+02:00,,,
2026-08-19T2356Z,laliga,14185646,3037,C. Puga,Carlos Puga,2,4962579,5096327,1,marketPlayerTeam,on_sale,ok,false,2026-08-21T22:45:24+02:00,,,
2026-08-19T2356Z,laliga,14186088,2315,Paredes,Aitor Paredes,2,5477677,5280233,1,marketPlayerTeam,on_sale,ok,false,2026-08-21T22:46:04+02:00,,,
2026-08-19T2356Z,laliga,14186254,2474,Denis Suárez,Denis Suárez,3,2367084,2420507,1,marketPlayerTeam,on_sale,ok,false,2026-08-21T22:46:18+02:00,,,
2026-08-19T2356Z,laliga,14186359,3069,Blanco,Antonio Blanco,3,14590188,14784817,1,marketPlayerTeam,on_sale,ok,false,2026-08-21T22:46:26+02:00,,,
2026-08-19T2356Z,laliga,14186511,2700,Etta Eyong,Karl Edouard Blaise Etta Eyong,4,24426515,25480174,1,marketPlayerTeam,on_sale,ok,false,2026-08-21T22:46:38+02:00,,,
2026-08-19T2356Z,laliga,14243057,74,Yuri,Yuri Berchiche Izeta,2,12311693,12294334,1,marketPlayerTeam,on_sale,ok,false,2026-08-22T00:16:06+02:00,,,
2026-08-19T2356Z,laliga,14243153,1991,Tárrega,César Tárrega,2,9131344,9139919,1,marketPlayerTeam,on_sale,ok,false,2026-08-22T00:16:18+02:00,,,
2026-08-19T2356Z,laliga,14243525,2480,Johnny,Johnny Cardoso,3,5320779,5412259,1,marketPlayerTeam,on_sale,ok,false,2026-08-22T00:16:59+02:00,,,
2026-08-19T2356Z,laliga,14243639,3035,Izan M.,Izan Merino,3,5927091,6015339,1,marketPlayerTeam,on_sale,ok,false,2026-08-22T00:17:12+02:00,,,
2026-08-19T2356Z,laliga,14270371,1930,El Hilali,Omar El Hilali,2,10098553,9760951,1,marketPlayerTeam,on_sale,ok,false,2026-08-22T01:11:35+02:00,,,
2026-08-19T2356Z,laliga,14293583,265,Zubeldia,Igor Zubeldia,2,10346166,10295291,1,marketPlayerTeam,on_sale,ok,false,2026-08-22T02:31:14+02:00,,,
2026-08-19T2356Z,laliga,14898744,2507,Dmitrovic,Marko Dmitrovic,1,39277920,38638122,0,marketPlayerTeam,on_sale,ok,false,2026-08-22T23:21:01+02:00,,,
2026-08-19T2356Z,laliga,14948006,2713,Ionut Radu,Ionut Radu,1,37095939,37095939,0,marketPlayerTeam,on_sale,ok,false,2026-08-23T00:25:58+02:00,,,
2026-08-20T0651Z,laliga,71786756,3004,José Alberto,José Alberto López Menéndez,5,867231,886803,0,marketPlayerLeague,on_sale,ok,,2026-08-20T22:24:00+02:00,,,
2026-08-20T0651Z,laliga,71786757,2545,Adama,Adama Boiro,2,471333,474410,0,marketPlayerLeague,on_sale,ok,,2026-08-20T22:24:00+02:00,,,
2026-08-20T0651Z,laliga,71786758,3186,Kevin,Kevin Sánchez,4,842160,860688,0,marketPlayerLeague,on_sale,ok,,2026-08-20T22:24:00+02:00,,,
2026-08-20T0651Z,laliga,71786759,3171,Llorenç,Llorenç Serred Martínez,1,533822,539502,0,marketPlayerLeague,on_sale,ok,,2026-08-20T22:24:00+02:00,,,
2026-08-20T0651Z,laliga,71786760,3125,Canales,Sergio Canales,3,25454084,24993293,0,marketPlayerLeague,on_sale,ok,,2026-08-20T22:24:00+02:00,,,
2026-08-20T0651Z,laliga,71786761,2876,Iker Muñoz,Iker Ortín,2,566181,573210,0,marketPlayerLeague,on_sale,ok,,2026-08-20T22:24:00+02:00,,,
2026-08-20T0651Z,laliga,71786762,2687,Manu Bueno,Manu Bueno,3,742504,753581,0,marketPlayerLeague,on_sale,ok,,2026-08-20T22:24:00+02:00,,,
2026-08-20T0651Z,laliga,71786763,184,David Soria,David Soria Solís,1,22039978,21475099,1,marketPlayerLeague,on_sale,ok,,2026-08-20T22:24:00+02:00,11935147,22039978,pending
2026-08-20T0651Z,laliga,71786764,3108,Aubameyang,Pierre-Emerick Aubameyang,4,38507025,36877261,1,marketPlayerLeague,on_sale,ok,,2026-08-20T22:24:00+02:00,,,
2026-08-20T0651Z,laliga,71786765,3168,Alberto Calatrava,Alberto Calatrava,3,927472,949554,0,marketPlayerLeague,on_sale,ok,,2026-08-20T22:24:00+02:00,,,
2026-08-20T0651Z,laliga,71786766,2321,J. Musso,Juan Musso,1,4056137,4141446,0,marketPlayerLeague,on_sale,ok,,2026-08-20T22:24:00+02:00,,,
2026-08-20T0651Z,laliga,71786768,2699,J. Ives Valou,Jean Valou,2,566181,573210,0,marketPlayerLeague,on_sale,ok,,2026-08-20T22:24:00+02:00,,,
2026-08-20T0651Z,laliga,71786769,2819,Ferrer,Diego Ferrer,1,651339,661916,0,marketPlayerLeague,on_sale,ok,,2026-08-20T22:24:00+02:00,,,
2026-08-20T0651Z,laliga,11705725,3129,Carlos Espí,Carlos Espí,4,9774649,9282313,1,marketPlayerTeam,on_sale,ok,false,2026-08-21T21:57:07+02:00,,,
2026-08-20T0651Z,laliga,14185646,3037,C. Puga,Carlos Puga,2,4962579,5096327,1,marketPlayerTeam,on_sale,ok,false,2026-08-21T22:45:24+02:00,,,
2026-08-20T0651Z,laliga,14186088,2315,Paredes,Aitor Paredes,2,5477677,5280233,1,marketPlayerTeam,on_sale,ok,false,2026-08-21T22:46:04+02:00,,,
2026-08-20T0651Z,laliga,14186254,2474,Denis Suárez,Denis Suárez,3,2367084,2420507,1,marketPlayerTeam,on_sale,ok,false,2026-08-21T22:46:18+02:00,,,
2026-08-20T0651Z,laliga,14186359,3069,Blanco,Antonio Blanco,3,14590188,14784817,1,marketPlayerTeam,on_sale,ok,false,2026-08-21T22:46:26+02:00,,,
2026-08-20T0651Z,laliga,14186511,2700,Etta Eyong,Karl Edouard Blaise Etta Eyong,4,24426515,25480174,1,marketPlayerTeam,on_sale,ok,false,2026-08-21T22:46:38+02:00,,,
2026-08-20T0651Z,laliga,14243057,74,Yuri,Yuri Berchiche Izeta,2,12311693,12294334,1,marketPlayerTeam,on_sale,ok,false,2026-08-22T00:16:06+02:00,,,
2026-08-20T0651Z,laliga,14243153,1991,Tárrega,César Tárrega,2,9131344,9139919,1,marketPlayerTeam,on_sale,ok,false,2026-08-22T00:16:18+02:00,,,
2026-08-20T0651Z,laliga,14243525,2480,Johnny,Johnny Cardoso,3,5320779,5412259,1,marketPlayerTeam,on_sale,ok,false,2026-08-22T00:16:59+02:00,,,
2026-08-20T0651Z,laliga,14243639,3035,Izan M.,Izan Merino,3,5927091,6015339,1,marketPlayerTeam,on_sale,ok,false,2026-08-22T00:17:12+02:00,,,
2026-08-20T0651Z,laliga,14270371,1930,El Hilali,Omar El Hilali,2,10098553,9760951,1,marketPlayerTeam,on_sale,ok,false,2026-08-22T01:11:35+02:00,,,
2026-08-20T0651Z,laliga,14293583,265,Zubeldia,Igor Zubeldia,2,10346166,10295291,1,marketPlayerTeam,on_sale,ok,false,2026-08-22T02:31:14+02:00,,,
2026-08-20T0651Z,laliga,14898744,2507,Dmitrovic,Marko Dmitrovic,1,39277920,38638122,0,marketPlayerTeam,on_sale,ok,false,2026-08-22T23:21:01+02:00,,,
2026-08-20T0651Z,laliga,14948006,2713,Ionut Radu,Ionut Radu,1,37095939,37095939,0,marketPlayerTeam,on_sale,ok,false,2026-08-23T00:25:58+02:00,,,
2026-08-20T0653Z,laliga,71786756,3004,José Alberto,José Alberto López Menéndez,5,867231,886803,0,marketPlayerLeague,on_sale,ok,,2026-08-20T22:24:00+02:00,,,
2026-08-20T0653Z,laliga,71786757,2545,Adama,Adama Boiro,2,471333,474410,0,marketPlayerLeague,on_sale,ok,,2026-08-20T22:24:00+02:00,,,
2026-08-20T0653Z,laliga,71786758,3186,Kevin,Kevin Sánchez,4,842160,860688,0,marketPlayerLeague,on_sale,ok,,2026-08-20T22:24:00+02:00,,,
2026-08-20T0653Z,laliga,71786759,3171,Llorenç,Llorenç Serred Martínez,1,533822,539502,0,marketPlayerLeague,on_sale,ok,,2026-08-20T22:24:00+02:00,,,
2026-08-20T0653Z,laliga,71786760,3125,Canales,Sergio Canales,3,25454084,24993293,0,marketPlayerLeague,on_sale,ok,,2026-08-20T22:24:00+02:00,,,
2026-08-20T0653Z,laliga,71786761,2876,Iker Muñoz,Iker Ortín,2,566181,573210,0,marketPlayerLeague,on_sale,ok,,2026-08-20T22:24:00+02:00,,,
2026-08-20T0653Z,laliga,71786762,2687,Manu Bueno,Manu Bueno,3,742504,753581,0,marketPlayerLeague,on_sale,ok,,2026-08-20T22:24:00+02:00,,,
2026-08-20T0653Z,laliga,71786763,184,David Soria,David Soria Solís,1,22039978,21475099,1,marketPlayerLeague,on_sale,ok,,2026-08-20T22:24:00+02:00,11935147,22039978,pending
2026-08-20T0653Z,laliga,71786764,3108,Aubameyang,Pierre-Emerick Aubameyang,4,38507025,36877261,1,marketPlayerLeague,on_sale,ok,,2026-08-20T22:24:00+02:00,,,
2026-08-20T0653Z,laliga,71786765,3168,Alberto Calatrava,Alberto Calatrava,3,927472,949554,0,marketPlayerLeague,on_sale,ok,,2026-08-20T22:24:00+02:00,,,
2026-08-20T0653Z,laliga,71786766,2321,J. Musso,Juan Musso,1,4056137,4141446,0,marketPlayerLeague,on_sale,ok,,2026-08-20T22:24:00+02:00,,,
2026-08-20T0653Z,laliga,71786768,2699,J. Ives Valou,Jean Valou,2,566181,573210,0,marketPlayerLeague,on_sale,ok,,2026-08-20T22:24:00+02:00,,,
2026-08-20T0653Z,laliga,71786769,2819,Ferrer,Diego Ferrer,1,651339,661916,0,marketPlayerLeague,on_sale,ok,,2026-08-20T22:24:00+02:00,,,
2026-08-20T0653Z,laliga,11705725,3129,Carlos Espí,Carlos Espí,4,9774649,9282313,1,marketPlayerTeam,on_sale,ok,false,2026-08-21T21:57:07+02:00,,,
2026-08-20T0653Z,laliga,14185646,3037,C. Puga,Carlos Puga,2,4962579,5096327,1,marketPlayerTeam,on_sale,ok,false,2026-08-21T22:45:24+02:00,,,
2026-08-20T0653Z,laliga,14186088,2315,Paredes,Aitor Paredes,2,5477677,5280233,1,marketPlayerTeam,on_sale,ok,false,2026-08-21T22:46:04+02:00,,,
2026-08-20T0653Z,laliga,14186254,2474,Denis Suárez,Denis Suárez,3,2367084,2420507,1,marketPlayerTeam,on_sale,ok,false,2026-08-21T22:46:18+02:00,,,
2026-08-20T0653Z,laliga,14186359,3069,Blanco,Antonio Blanco,3,14590188,14784817,1,marketPlayerTeam,on_sale,ok,false,2026-08-21T22:46:26+02:00,,,
2026-08-20T0653Z,laliga,14186511,2700,Etta Eyong,Karl Edouard Blaise Etta Eyong,4,24426515,25480174,1,marketPlayerTeam,on_sale,ok,false,2026-08-21T22:46:38+02:00,,,
2026-08-20T0653Z,laliga,14243057,74,Yuri,Yuri Berchiche Izeta,2,12311693,12294334,1,marketPlayerTeam,on_sale,ok,false,2026-08-22T00:16:06+02:00,,,
2026-08-20T0653Z,laliga,14243153,1991,Tárrega,César Tárrega,2,9131344,9139919,1,marketPlayerTeam,on_sale,ok,false,2026-08-22T00:16:18+02:00,,,
2026-08-20T0653Z,laliga,14243525,2480,Johnny,Johnny Cardoso,3,5320779,5412259,1,marketPlayerTeam,on_sale,ok,false,2026-08-22T00:16:59+02:00,,,
2026-08-20T0653Z,laliga,14243639,3035,Izan M.,Izan Merino,3,5927091,6015339,1,marketPlayerTeam,on_sale,ok,false,2026-08-22T00:17:12+02:00,,,
2026-08-20T0653Z,laliga,14270371,1930,El Hilali,Omar El Hilali,2,10098553,9760951,1,marketPlayerTeam,on_sale,ok,false,2026-08-22T01:11:35+02:00,,,
2026-08-20T0653Z,laliga,14293583,265,Zubeldia,Igor Zubeldia,2,10346166,10295291,1,marketPlayerTeam,on_sale,ok,false,2026-08-22T02:31:14+02:00,,,
2026-08-20T0653Z,laliga,14898744,2507,Dmitrovic,Marko Dmitrovic,1,39277920,38638122,0,marketPlayerTeam,on_sale,ok,false,2026-08-22T23:21:01+02:00,,,
2026-08-20T0653Z,laliga,14948006,2713,Ionut Radu,Ionut Radu,1,37095939,37095939,0,marketPlayerTeam,on_sale,ok,false,2026-08-23T00:25:58+02:00,,,
2026-08-20T0707Z,laliga,71786756,3004,José Alberto,José Alberto López Menéndez,5,867231,886803,0,marketPlayerLeague,on_sale,ok,,2026-08-20T22:24:00+02:00,,,
2026-08-20T0707Z,laliga,71786757,2545,Adama,Adama Boiro,2,471333,474410,0,marketPlayerLeague,on_sale,ok,,2026-08-20T22:24:00+02:00,,,
2026-08-20T0707Z,laliga,71786758,3186,Kevin,Kevin Sánchez,4,842160,860688,0,marketPlayerLeague,on_sale,ok,,2026-08-20T22:24:00+02:00,,,
2026-08-20T0707Z,laliga,71786759,3171,Llorenç,Llorenç Serred Martínez,1,533822,539502,0,marketPlayerLeague,on_sale,ok,,2026-08-20T22:24:00+02:00,,,
2026-08-20T0707Z,laliga,71786760,3125,Canales,Sergio Canales,3,25454084,24993293,0,marketPlayerLeague,on_sale,ok,,2026-08-20T22:24:00+02:00,,,
2026-08-20T0707Z,laliga,71786761,2876,Iker Muñoz,Iker Ortín,2,566181,573210,0,marketPlayerLeague,on_sale,ok,,2026-08-20T22:24:00+02:00,,,
2026-08-20T0707Z,laliga,71786762,2687,Manu Bueno,Manu Bueno,3,742504,753581,0,marketPlayerLeague,on_sale,ok,,2026-08-20T22:24:00+02:00,,,
2026-08-20T0707Z,laliga,71786763,184,David Soria,David Soria Solís,1,22039978,21475099,1,marketPlayerLeague,on_sale,ok,,2026-08-20T22:24:00+02:00,11935147,22039978,pending
2026-08-20T0707Z,laliga,71786764,3108,Aubameyang,Pierre-Emerick Aubameyang,4,38507025,36877261,1,marketPlayerLeague,on_sale,ok,,2026-08-20T22:24:00+02:00,,,
2026-08-20T0707Z,laliga,71786765,3168,Alberto Calatrava,Alberto Calatrava,3,927472,949554,0,marketPlayerLeague,on_sale,ok,,2026-08-20T22:24:00+02:00,,,
2026-08-20T0707Z,laliga,71786766,2321,J. Musso,Juan Musso,1,4056137,4141446,0,marketPlayerLeague,on_sale,ok,,2026-08-20T22:24:00+02:00,,,
2026-08-20T0707Z,laliga,71786768,2699,J. Ives Valou,Jean Valou,2,566181,573210,0,marketPlayerLeague,on_sale,ok,,2026-08-20T22:24:00+02:00,,,
2026-08-20T0707Z,laliga,71786769,2819,Ferrer,Diego Ferrer,1,651339,661916,0,marketPlayerLeague,on_sale,ok,,2026-08-20T22:24:00+02:00,,,
2026-08-20T0707Z,laliga,11705725,3129,Carlos Espí,Carlos Espí,4,9774649,9282313,1,marketPlayerTeam,on_sale,ok,false,2026-08-21T21:57:07+02:00,,,
2026-08-20T0707Z,laliga,14185646,3037,C. Puga,Carlos Puga,2,4962579,5096327,1,marketPlayerTeam,on_sale,ok,false,2026-08-21T22:45:24+02:00,,,
2026-08-20T0707Z,laliga,14186088,2315,Paredes,Aitor Paredes,2,5477677,5280233,1,marketPlayerTeam,on_sale,ok,false,2026-08-21T22:46:04+02:00,,,
2026-08-20T0707Z,laliga,14186254,2474,Denis Suárez,Denis Suárez,3,2367084,2420507,1,marketPlayerTeam,on_sale,ok,false,2026-08-21T22:46:18+02:00,,,
2026-08-20T0707Z,laliga,14186359,3069,Blanco,Antonio Blanco,3,14590188,14784817,1,marketPlayerTeam,on_sale,ok,false,2026-08-21T22:46:26+02:00,,,
2026-08-20T0707Z,laliga,14186511,2700,Etta Eyong,Karl Edouard Blaise Etta Eyong,4,24426515,25480174,1,marketPlayerTeam,on_sale,ok,false,2026-08-21T22:46:38+02:00,,,
2026-08-20T0707Z,laliga,14243057,74,Yuri,Yuri Berchiche Izeta,2,12311693,12294334,1,marketPlayerTeam,on_sale,ok,false,2026-08-22T00:16:06+02:00,,,
2026-08-20T0707Z,laliga,14243153,1991,Tárrega,César Tárrega,2,9131344,9139919,1,marketPlayerTeam,on_sale,ok,false,2026-08-22T00:16:18+02:00,,,
2026-08-20T0707Z,laliga,14243525,2480,Johnny,Johnny Cardoso,3,5320779,5412259,1,marketPlayerTeam,on_sale,ok,false,2026-08-22T00:16:59+02:00,,,
2026-08-20T0707Z,laliga,14243639,3035,Izan M.,Izan Merino,3,5927091,6015339,1,marketPlayerTeam,on_sale,ok,false,2026-08-22T00:17:12+02:00,,,
2026-08-20T0707Z,laliga,14270371,1930,El Hilali,Omar El Hilali,2,10098553,9760951,1,marketPlayerTeam,on_sale,ok,false,2026-08-22T01:11:35+02:00,,,
2026-08-20T0707Z,laliga,14293583,265,Zubeldia,Igor Zubeldia,2,10346166,10295291,1,marketPlayerTeam,on_sale,ok,false,2026-08-22T02:31:14+02:00,,,
2026-08-20T0707Z,laliga,14898744,2507,Dmitrovic,Marko Dmitrovic,1,39277920,38638122,0,marketPlayerTeam,on_sale,ok,false,2026-08-22T23:21:01+02:00,,,
2026-08-20T0707Z,laliga,14948006,2713,Ionut Radu,Ionut Radu,1,37095939,37095939,0,marketPlayerTeam,on_sale,ok,false,2026-08-23T00:25:58+02:00,,,
2026-08-20T0714Z,laliga,71786756,3004,José Alberto,José Alberto López Menéndez,5,867231,886803,0,marketPlayerLeague,on_sale,ok,,2026-08-20T22:24:00+02:00,,,
2026-08-20T0714Z,laliga,71786757,2545,Adama,Adama Boiro,2,471333,474410,0,marketPlayerLeague,on_sale,ok,,2026-08-20T22:24:00+02:00,,,
2026-08-20T0714Z,laliga,71786758,3186,Kevin,Kevin Sánchez,4,842160,860688,0,marketPlayerLeague,on_sale,ok,,2026-08-20T22:24:00+02:00,,,
2026-08-20T0714Z,laliga,71786759,3171,Llorenç,Llorenç Serred Martínez,1,533822,539502,0,marketPlayerLeague,on_sale,ok,,2026-08-20T22:24:00+02:00,,,
2026-08-20T0714Z,laliga,71786760,3125,Canales,Sergio Canales,3,25454084,24993293,0,marketPlayerLeague,on_sale,ok,,2026-08-20T22:24:00+02:00,,,
2026-08-20T0714Z,laliga,71786761,2876,Iker Muñoz,Iker Ortín,2,566181,573210,0,marketPlayerLeague,on_sale,ok,,2026-08-20T22:24:00+02:00,,,
2026-08-20T0714Z,laliga,71786762,2687,Manu Bueno,Manu Bueno,3,742504,753581,0,marketPlayerLeague,on_sale,ok,,2026-08-20T22:24:00+02:00,,,
2026-08-20T0714Z,laliga,71786763,184,David Soria,David Soria Solís,1,22039978,21475099,1,marketPlayerLeague,on_sale,ok,,2026-08-20T22:24:00+02:00,11935147,22039978,pending
2026-08-20T0714Z,laliga,71786764,3108,Aubameyang,Pierre-Emerick Aubameyang,4,38507025,36877261,1,marketPlayerLeague,on_sale,ok,,2026-08-20T22:24:00+02:00,,,
2026-08-20T0714Z,laliga,71786765,3168,Alberto Calatrava,Alberto Calatrava,3,927472,949554,0,marketPlayerLeague,on_sale,ok,,2026-08-20T22:24:00+02:00,,,
2026-08-20T0714Z,laliga,71786766,2321,J. Musso,Juan Musso,1,4056137,4141446,0,marketPlayerLeague,on_sale,ok,,2026-08-20T22:24:00+02:00,,,
2026-08-20T0714Z,laliga,71786768,2699,J. Ives Valou,Jean Valou,2,566181,573210,0,marketPlayerLeague,on_sale,ok,,2026-08-20T22:24:00+02:00,,,
2026-08-20T0714Z,laliga,71786769,2819,Ferrer,Diego Ferrer,1,651339,661916,0,marketPlayerLeague,on_sale,ok,,2026-08-20T22:24:00+02:00,,,
2026-08-20T0714Z,laliga,11705725,3129,Carlos Espí,Carlos Espí,4,9774649,9282313,1,marketPlayerTeam,on_sale,ok,false,2026-08-21T21:57:07+02:00,,,
2026-08-20T0714Z,laliga,14185646,3037,C. Puga,Carlos Puga,2,4962579,5096327,1,marketPlayerTeam,on_sale,ok,false,2026-08-21T22:45:24+02:00,,,
2026-08-20T0714Z,laliga,14186088,2315,Paredes,Aitor Paredes,2,5477677,5280233,1,marketPlayerTeam,on_sale,ok,false,2026-08-21T22:46:04+02:00,,,
2026-08-20T0714Z,laliga,14186254,2474,Denis Suárez,Denis Suárez,3,2367084,2420507,1,marketPlayerTeam,on_sale,ok,false,2026-08-21T22:46:18+02:00,,,
2026-08-20T0714Z,laliga,14186359,3069,Blanco,Antonio Blanco,3,14590188,14784817,1,marketPlayerTeam,on_sale,ok,false,2026-08-21T22:46:26+02:00,,,
2026-08-20T0714Z,laliga,14186511,2700,Etta Eyong,Karl Edouard Blaise Etta Eyong,4,24426515,25480174,1,marketPlayerTeam,on_sale,ok,false,2026-08-21T22:46:38+02:00,,,
2026-08-20T0714Z,laliga,14243057,74,Yuri,Yuri Berchiche Izeta,2,12311693,12294334,1,marketPlayerTeam,on_sale,ok,false,2026-08-22T00:16:06+02:00,,,
2026-08-20T0714Z,laliga,14243153,1991,Tárrega,César Tárrega,2,9131344,9139919,1,marketPlayerTeam,on_sale,ok,false,2026-08-22T00:16:18+02:00,,,
2026-08-20T0714Z,laliga,14243525,2480,Johnny,Johnny Cardoso,3,5320779,5412259,1,marketPlayerTeam,on_sale,ok,false,2026-08-22T00:16:59+02:00,,,
2026-08-20T0714Z,laliga,14243639,3035,Izan M.,Izan Merino,3,5927091,6015339,1,marketPlayerTeam,on_sale,ok,false,2026-08-22T00:17:12+02:00,,,
2026-08-20T0714Z,laliga,14270371,1930,El Hilali,Omar El Hilali,2,10098553,9760951,1,marketPlayerTeam,on_sale,ok,false,2026-08-22T01:11:35+02:00,,,
2026-08-20T0714Z,laliga,14293583,265,Zubeldia,Igor Zubeldia,2,10346166,10295291,1,marketPlayerTeam,on_sale,ok,false,2026-08-22T02:31:14+02:00,,,
2026-08-20T0714Z,laliga,14898744,2507,Dmitrovic,Marko Dmitrovic,1,39277920,38638122,0,marketPlayerTeam,on_sale,ok,false,2026-08-22T23:21:01+02:00,,,
2026-08-20T0714Z,laliga,14948006,2713,Ionut Radu,Ionut Radu,1,37095939,37095939,0,marketPlayerTeam,on_sale,ok,false,2026-08-23T00:25:58+02:00,,,
2026-08-20T0749Z,laliga,71786756,3004,José Alberto,José Alberto López Menéndez,5,867231,886803,0,marketPlayerLeague,on_sale,ok,,2026-08-20T22:24:00+02:00,,,
2026-08-20T0749Z,laliga,71786757,2545,Adama,Adama Boiro,2,471333,474410,0,marketPlayerLeague,on_sale,ok,,2026-08-20T22:24:00+02:00,,,
2026-08-20T0749Z,laliga,71786758,3186,Kevin,Kevin Sánchez,4,842160,860688,0,marketPlayerLeague,on_sale,ok,,2026-08-20T22:24:00+02:00,,,
2026-08-20T0749Z,laliga,71786759,3171,Llorenç,Llorenç Serred Martínez,1,533822,539502,0,marketPlayerLeague,on_sale,ok,,2026-08-20T22:24:00+02:00,,,
2026-08-20T0749Z,laliga,71786760,3125,Canales,Sergio Canales,3,25454084,24993293,0,marketPlayerLeague,on_sale,ok,,2026-08-20T22:24:00+02:00,,,
2026-08-20T0749Z,laliga,71786761,2876,Iker Muñoz,Iker Ortín,2,566181,573210,0,marketPlayerLeague,on_sale,ok,,2026-08-20T22:24:00+02:00,,,
2026-08-20T0749Z,laliga,71786762,2687,Manu Bueno,Manu Bueno,3,742504,753581,0,marketPlayerLeague,on_sale,ok,,2026-08-20T22:24:00+02:00,,,
2026-08-20T0749Z,laliga,71786763,184,David Soria,David Soria Solís,1,22039978,21475099,1,marketPlayerLeague,on_sale,ok,,2026-08-20T22:24:00+02:00,11935147,22039978,pending
2026-08-20T0749Z,laliga,71786764,3108,Aubameyang,Pierre-Emerick Aubameyang,4,38507025,36877261,1,marketPlayerLeague,on_sale,ok,,2026-08-20T22:24:00+02:00,,,
2026-08-20T0749Z,laliga,71786765,3168,Alberto Calatrava,Alberto Calatrava,3,927472,949554,0,marketPlayerLeague,on_sale,ok,,2026-08-20T22:24:00+02:00,,,
2026-08-20T0749Z,laliga,71786766,2321,J. Musso,Juan Musso,1,4056137,4141446,0,marketPlayerLeague,on_sale,ok,,2026-08-20T22:24:00+02:00,,,
2026-08-20T0749Z,laliga,71786768,2699,J. Ives Valou,Jean Valou,2,566181,573210,0,marketPlayerLeague,on_sale,ok,,2026-08-20T22:24:00+02:00,,,
2026-08-20T0749Z,laliga,71786769,2819,Ferrer,Diego Ferrer,1,651339,661916,0,marketPlayerLeague,on_sale,ok,,2026-08-20T22:24:00+02:00,,,
2026-08-20T0749Z,laliga,11705725,3129,Carlos Espí,Carlos Espí,4,9774649,9282313,1,marketPlayerTeam,on_sale,ok,false,2026-08-21T21:57:07+02:00,,,
2026-08-20T0749Z,laliga,14185646,3037,C. Puga,Carlos Puga,2,4962579,5096327,1,marketPlayerTeam,on_sale,ok,false,2026-08-21T22:45:24+02:00,,,
2026-08-20T0749Z,laliga,14186088,2315,Paredes,Aitor Paredes,2,5477677,5280233,1,marketPlayerTeam,on_sale,ok,false,2026-08-21T22:46:04+02:00,,,
2026-08-20T0749Z,laliga,14186254,2474,Denis Suárez,Denis Suárez,3,2367084,2420507,1,marketPlayerTeam,on_sale,ok,false,2026-08-21T22:46:18+02:00,,,
2026-08-20T0749Z,laliga,14186359,3069,Blanco,Antonio Blanco,3,14590188,14784817,1,marketPlayerTeam,on_sale,ok,false,2026-08-21T22:46:26+02:00,,,
2026-08-20T0749Z,laliga,14186511,2700,Etta Eyong,Karl Edouard Blaise Etta Eyong,4,24426515,25480174,1,marketPlayerTeam,on_sale,ok,false,2026-08-21T22:46:38+02:00,,,
2026-08-20T0749Z,laliga,14243057,74,Yuri,Yuri Berchiche Izeta,2,12311693,12294334,1,marketPlayerTeam,on_sale,ok,false,2026-08-22T00:16:06+02:00,,,
2026-08-20T0749Z,laliga,14243153,1991,Tárrega,César Tárrega,2,9131344,9139919,1,marketPlayerTeam,on_sale,ok,false,2026-08-22T00:16:18+02:00,,,
2026-08-20T0749Z,laliga,14243525,2480,Johnny,Johnny Cardoso,3,5320779,5412259,1,marketPlayerTeam,on_sale,ok,false,2026-08-22T00:16:59+02:00,,,
2026-08-20T0749Z,laliga,14243639,3035,Izan M.,Izan Merino,3,5927091,6015339,1,marketPlayerTeam,on_sale,ok,false,2026-08-22T00:17:12+02:00,,,
2026-08-20T0749Z,laliga,14270371,1930,El Hilali,Omar El Hilali,2,10098553,9760951,1,marketPlayerTeam,on_sale,ok,false,2026-08-22T01:11:35+02:00,,,
2026-08-20T0749Z,laliga,14293583,265,Zubeldia,Igor Zubeldia,2,10346166,10295291,1,marketPlayerTeam,on_sale,ok,false,2026-08-22T02:31:14+02:00,,,
2026-08-20T0749Z,laliga,14898744,2507,Dmitrovic,Marko Dmitrovic,1,39277920,38638122,0,marketPlayerTeam,on_sale,ok,false,2026-08-22T23:21:01+02:00,,,
2026-08-20T0749Z,laliga,14948006,2713,Ionut Radu,Ionut Radu,1,37095939,37095939,0,marketPlayerTeam,on_sale,ok,false,2026-08-23T00:25:58+02:00,,,
2026-08-20T0831Z,laliga,71786756,3004,José Alberto,José Alberto López Menéndez,5,867231,886803,0,marketPlayerLeague,on_sale,ok,,2026-08-20T22:24:00+02:00,,,
2026-08-20T0831Z,laliga,71786757,2545,Adama,Adama Boiro,2,471333,474410,0,marketPlayerLeague,on_sale,ok,,2026-08-20T22:24:00+02:00,,,
2026-08-20T0831Z,laliga,71786758,3186,Kevin,Kevin Sánchez,4,842160,860688,0,marketPlayerLeague,on_sale,ok,,2026-08-20T22:24:00+02:00,,,
2026-08-20T0831Z,laliga,71786759,3171,Llorenç,Llorenç Serred Martínez,1,533822,539502,0,marketPlayerLeague,on_sale,ok,,2026-08-20T22:24:00+02:00,,,
2026-08-20T0831Z,laliga,71786760,3125,Canales,Sergio Canales,3,25454084,24993293,0,marketPlayerLeague,on_sale,ok,,2026-08-20T22:24:00+02:00,,,
2026-08-20T0831Z,laliga,71786761,2876,Iker Muñoz,Iker Ortín,2,566181,573210,0,marketPlayerLeague,on_sale,ok,,2026-08-20T22:24:00+02:00,,,
2026-08-20T0831Z,laliga,71786762,2687,Manu Bueno,Manu Bueno,3,742504,753581,0,marketPlayerLeague,on_sale,ok,,2026-08-20T22:24:00+02:00,,,
2026-08-20T0831Z,laliga,71786763,184,David Soria,David Soria Solís,1,22039978,21475099,1,marketPlayerLeague,on_sale,ok,,2026-08-20T22:24:00+02:00,11935147,22039978,pending
2026-08-20T0831Z,laliga,71786764,3108,Aubameyang,Pierre-Emerick Aubameyang,4,38507025,36877261,1,marketPlayerLeague,on_sale,ok,,2026-08-20T22:24:00+02:00,,,
2026-08-20T0831Z,laliga,71786765,3168,Alberto Calatrava,Alberto Calatrava,3,927472,949554,0,marketPlayerLeague,on_sale,ok,,2026-08-20T22:24:00+02:00,,,
2026-08-20T0831Z,laliga,71786766,2321,J. Musso,Juan Musso,1,4056137,4141446,0,marketPlayerLeague,on_sale,ok,,2026-08-20T22:24:00+02:00,,,
2026-08-20T0831Z,laliga,71786768,2699,J. Ives Valou,Jean Valou,2,566181,573210,0,marketPlayerLeague,on_sale,ok,,2026-08-20T22:24:00+02:00,,,
2026-08-20T0831Z,laliga,71786769,2819,Ferrer,Diego Ferrer,1,651339,661916,0,marketPlayerLeague,on_sale,ok,,2026-08-20T22:24:00+02:00,,,
2026-08-20T0831Z,laliga,11705725,3129,Carlos Espí,Carlos Espí,4,9774649,9282313,1,marketPlayerTeam,on_sale,ok,false,2026-08-21T21:57:07+02:00,,,
2026-08-20T0831Z,laliga,14185646,3037,C. Puga,Carlos Puga,2,4962579,5096327,1,marketPlayerTeam,on_sale,ok,false,2026-08-21T22:45:24+02:00,,,
2026-08-20T0831Z,laliga,14186088,2315,Paredes,Aitor Paredes,2,5477677,5280233,1,marketPlayerTeam,on_sale,ok,false,2026-08-21T22:46:04+02:00,,,
2026-08-20T0831Z,laliga,14186254,2474,Denis Suárez,Denis Suárez,3,2367084,2420507,1,marketPlayerTeam,on_sale,ok,false,2026-08-21T22:46:18+02:00,,,
2026-08-20T0831Z,laliga,14186359,3069,Blanco,Antonio Blanco,3,14590188,14784817,1,marketPlayerTeam,on_sale,ok,false,2026-08-21T22:46:26+02:00,,,
2026-08-20T0831Z,laliga,14186511,2700,Etta Eyong,Karl Edouard Blaise Etta Eyong,4,24426515,25480174,1,marketPlayerTeam,on_sale,ok,false,2026-08-21T22:46:38+02:00,,,
2026-08-20T0831Z,laliga,14243057,74,Yuri,Yuri Berchiche Izeta,2,12311693,12294334,1,marketPlayerTeam,on_sale,ok,false,2026-08-22T00:16:06+02:00,,,
2026-08-20T0831Z,laliga,14243153,1991,Tárrega,César Tárrega,2,9131344,9139919,1,marketPlayerTeam,on_sale,ok,false,2026-08-22T00:16:18+02:00,,,
2026-08-20T0831Z,laliga,14243525,2480,Johnny,Johnny Cardoso,3,5320779,5412259,1,marketPlayerTeam,on_sale,ok,false,2026-08-22T00:16:59+02:00,,,
2026-08-20T0831Z,laliga,14243639,3035,Izan M.,Izan Merino,3,5927091,6015339,1,marketPlayerTeam,on_sale,ok,false,2026-08-22T00:17:12+02:00,,,
2026-08-20T0831Z,laliga,14270371,1930,El Hilali,Omar El Hilali,2,10098553,9760951,1,marketPlayerTeam,on_sale,ok,false,2026-08-22T01:11:35+02:00,,,
2026-08-20T0831Z,laliga,14293583,265,Zubeldia,Igor Zubeldia,2,10346166,10295291,1,marketPlayerTeam,on_sale,ok,false,2026-08-22T02:31:14+02:00,,,
2026-08-20T0831Z,laliga,14898744,2507,Dmitrovic,Marko Dmitrovic,1,39277920,38638122,0,marketPlayerTeam,on_sale,ok,false,2026-08-22T23:21:01+02:00,,,
2026-08-20T0831Z,laliga,14948006,2713,Ionut Radu,Ionut Radu,1,37095939,37095939,0,marketPlayerTeam,on_sale,ok,false,2026-08-23T00:25:58+02:00,,,
2026-08-20T0844Z,laliga,71786756,3004,José Alberto,José Alberto López Menéndez,5,867231,886803,0,marketPlayerLeague,on_sale,ok,,2026-08-20T22:24:00+02:00,,,
2026-08-20T0844Z,laliga,71786757,2545,Adama,Adama Boiro,2,471333,474410,0,marketPlayerLeague,on_sale,ok,,2026-08-20T22:24:00+02:00,,,
2026-08-20T0844Z,laliga,71786758,3186,Kevin,Kevin Sánchez,4,842160,860688,0,marketPlayerLeague,on_sale,ok,,2026-08-20T22:24:00+02:00,,,
2026-08-20T0844Z,laliga,71786759,3171,Llorenç,Llorenç Serred Martínez,1,533822,539502,0,marketPlayerLeague,on_sale,ok,,2026-08-20T22:24:00+02:00,,,
2026-08-20T0844Z,laliga,71786760,3125,Canales,Sergio Canales,3,25454084,24993293,0,marketPlayerLeague,on_sale,ok,,2026-08-20T22:24:00+02:00,,,
2026-08-20T0844Z,laliga,71786761,2876,Iker Muñoz,Iker Ortín,2,566181,573210,0,marketPlayerLeague,on_sale,ok,,2026-08-20T22:24:00+02:00,,,
2026-08-20T0844Z,laliga,71786762,2687,Manu Bueno,Manu Bueno,3,742504,753581,0,marketPlayerLeague,on_sale,ok,,2026-08-20T22:24:00+02:00,,,
2026-08-20T0844Z,laliga,71786763,184,David Soria,David Soria Solís,1,22039978,21475099,1,marketPlayerLeague,on_sale,ok,,2026-08-20T22:24:00+02:00,11935147,22039978,pending
2026-08-20T0844Z,laliga,71786764,3108,Aubameyang,Pierre-Emerick Aubameyang,4,38507025,36877261,1,marketPlayerLeague,on_sale,ok,,2026-08-20T22:24:00+02:00,,,
2026-08-20T0844Z,laliga,71786765,3168,Alberto Calatrava,Alberto Calatrava,3,927472,949554,0,marketPlayerLeague,on_sale,ok,,2026-08-20T22:24:00+02:00,,,
2026-08-20T0844Z,laliga,71786766,2321,J. Musso,Juan Musso,1,4056137,4141446,0,marketPlayerLeague,on_sale,ok,,2026-08-20T22:24:00+02:00,,,
2026-08-20T0844Z,laliga,71786768,2699,J. Ives Valou,Jean Valou,2,566181,573210,0,marketPlayerLeague,on_sale,ok,,2026-08-20T22:24:00+02:00,,,
2026-08-20T0844Z,laliga,71786769,2819,Ferrer,Diego Ferrer,1,651339,661916,0,marketPlayerLeague,on_sale,ok,,2026-08-20T22:24:00+02:00,,,
2026-08-20T0844Z,laliga,11705725,3129,Carlos Espí,Carlos Espí,4,9774649,9282313,1,marketPlayerTeam,on_sale,ok,false,2026-08-21T21:57:07+02:00,,,
2026-08-20T0844Z,laliga,14185646,3037,C. Puga,Carlos Puga,2,4962579,5096327,1,marketPlayerTeam,on_sale,ok,false,2026-08-21T22:45:24+02:00,,,
2026-08-20T0844Z,laliga,14186088,2315,Paredes,Aitor Paredes,2,5477677,5280233,1,marketPlayerTeam,on_sale,ok,false,2026-08-21T22:46:04+02:00,,,
2026-08-20T0844Z,laliga,14186254,2474,Denis Suárez,Denis Suárez,3,2367084,2420507,1,marketPlayerTeam,on_sale,ok,false,2026-08-21T22:46:18+02:00,,,
2026-08-20T0844Z,laliga,14186359,3069,Blanco,Antonio Blanco,3,14590188,14784817,1,marketPlayerTeam,on_sale,ok,false,2026-08-21T22:46:26+02:00,,,
2026-08-20T0844Z,laliga,14186511,2700,Etta Eyong,Karl Edouard Blaise Etta Eyong,4,24426515,25480174,1,marketPlayerTeam,on_sale,ok,false,2026-08-21T22:46:38+02:00,,,
2026-08-20T0844Z,laliga,14243057,74,Yuri,Yuri Berchiche Izeta,2,12311693,12294334,1,marketPlayerTeam,on_sale,ok,false,2026-08-22T00:16:06+02:00,,,
2026-08-20T0844Z,laliga,14243153,1991,Tárrega,César Tárrega,2,9131344,9139919,1,marketPlayerTeam,on_sale,ok,false,2026-08-22T00:16:18+02:00,,,
2026-08-20T0844Z,laliga,14243525,2480,Johnny,Johnny Cardoso,3,5320779,5412259,1,marketPlayerTeam,on_sale,ok,false,2026-08-22T00:16:59+02:00,,,
2026-08-20T0844Z,laliga,14243639,3035,Izan M.,Izan Merino,3,5927091,6015339,1,marketPlayerTeam,on_sale,ok,false,2026-08-22T00:17:12+02:00,,,
2026-08-20T0844Z,laliga,14270371,1930,El Hilali,Omar El Hilali,2,10098553,9760951,1,marketPlayerTeam,on_sale,ok,false,2026-08-22T01:11:35+02:00,,,
2026-08-20T0844Z,laliga,14293583,265,Zubeldia,Igor Zubeldia,2,10346166,10295291,1,marketPlayerTeam,on_sale,ok,false,2026-08-22T02:31:14+02:00,,,
2026-08-20T0844Z,laliga,14898744,2507,Dmitrovic,Marko Dmitrovic,1,39277920,38638122,0,marketPlayerTeam,on_sale,ok,false,2026-08-22T23:21:01+02:00,,,
2026-08-20T0844Z,laliga,14948006,2713,Ionut Radu,Ionut Radu,1,37095939,37095939,0,marketPlayerTeam,on_sale,ok,false,2026-08-23T00:25:58+02:00,,,
2026-08-20T0850Z,laliga,71786756,3004,José Alberto,José Alberto López Menéndez,5,867231,886803,0,marketPlayerLeague,on_sale,ok,,2026-08-20T22:24:00+02:00,,,
2026-08-20T0850Z,laliga,71786757,2545,Adama,Adama Boiro,2,471333,474410,0,marketPlayerLeague,on_sale,ok,,2026-08-20T22:24:00+02:00,,,
2026-08-20T0850Z,laliga,71786758,3186,Kevin,Kevin Sánchez,4,842160,860688,0,marketPlayerLeague,on_sale,ok,,2026-08-20T22:24:00+02:00,,,
2026-08-20T0850Z,laliga,71786759,3171,Llorenç,Llorenç Serred Martínez,1,533822,539502,0,marketPlayerLeague,on_sale,ok,,2026-08-20T22:24:00+02:00,,,
2026-08-20T0850Z,laliga,71786760,3125,Canales,Sergio Canales,3,25454084,24993293,0,marketPlayerLeague,on_sale,ok,,2026-08-20T22:24:00+02:00,,,
2026-08-20T0850Z,laliga,71786761,2876,Iker Muñoz,Iker Ortín,2,566181,573210,0,marketPlayerLeague,on_sale,ok,,2026-08-20T22:24:00+02:00,,,
2026-08-20T0850Z,laliga,71786762,2687,Manu Bueno,Manu Bueno,3,742504,753581,0,marketPlayerLeague,on_sale,ok,,2026-08-20T22:24:00+02:00,,,
2026-08-20T0850Z,laliga,71786763,184,David Soria,David Soria Solís,1,22039978,21475099,1,marketPlayerLeague,on_sale,ok,,2026-08-20T22:24:00+02:00,11935147,22039978,pending
2026-08-20T0850Z,laliga,71786764,3108,Aubameyang,Pierre-Emerick Aubameyang,4,38507025,36877261,1,marketPlayerLeague,on_sale,ok,,2026-08-20T22:24:00+02:00,,,
2026-08-20T0850Z,laliga,71786765,3168,Alberto Calatrava,Alberto Calatrava,3,927472,949554,0,marketPlayerLeague,on_sale,ok,,2026-08-20T22:24:00+02:00,,,
2026-08-20T0850Z,laliga,71786766,2321,J. Musso,Juan Musso,1,4056137,4141446,0,marketPlayerLeague,on_sale,ok,,2026-08-20T22:24:00+02:00,,,
2026-08-20T0850Z,laliga,71786768,2699,J. Ives Valou,Jean Valou,2,566181,573210,0,marketPlayerLeague,on_sale,ok,,2026-08-20T22:24:00+02:00,,,
2026-08-20T0850Z,laliga,71786769,2819,Ferrer,Diego Ferrer,1,651339,661916,0,marketPlayerLeague,on_sale,ok,,2026-08-20T22:24:00+02:00,,,
2026-08-20T0850Z,laliga,11705725,3129,Carlos Espí,Carlos Espí,4,9774649,9282313,1,marketPlayerTeam,on_sale,ok,false,2026-08-21T21:57:07+02:00,,,
2026-08-20T0850Z,laliga,14185646,3037,C. Puga,Carlos Puga,2,4962579,5096327,1,marketPlayerTeam,on_sale,ok,false,2026-08-21T22:45:24+02:00,,,
2026-08-20T0850Z,laliga,14186088,2315,Paredes,Aitor Paredes,2,5477677,5280233,1,marketPlayerTeam,on_sale,ok,false,2026-08-21T22:46:04+02:00,,,
2026-08-20T0850Z,laliga,14186254,2474,Denis Suárez,Denis Suárez,3,2367084,2420507,1,marketPlayerTeam,on_sale,ok,false,2026-08-21T22:46:18+02:00,,,
2026-08-20T0850Z,laliga,14186359,3069,Blanco,Antonio Blanco,3,14590188,14784817,1,marketPlayerTeam,on_sale,ok,false,2026-08-21T22:46:26+02:00,,,
2026-08-20T0850Z,laliga,14186511,2700,Etta Eyong,Karl Edouard Blaise Etta Eyong,4,24426515,25480174,1,marketPlayerTeam,on_sale,ok,false,2026-08-21T22:46:38+02:00,,,
2026-08-20T0850Z,laliga,14243057,74,Yuri,Yuri Berchiche Izeta,2,12311693,12294334,1,marketPlayerTeam,on_sale,ok,false,2026-08-22T00:16:06+02:00,,,
2026-08-20T0850Z,laliga,14243153,1991,Tárrega,César Tárrega,2,9131344,9139919,1,marketPlayerTeam,on_sale,ok,false,2026-08-22T00:16:18+02:00,,,
2026-08-20T0850Z,laliga,14243525,2480,Johnny,Johnny Cardoso,3,5320779,5412259,1,marketPlayerTeam,on_sale,ok,false,2026-08-22T00:16:59+02:00,,,
2026-08-20T0850Z,laliga,14243639,3035,Izan M.,Izan Merino,3,5927091,6015339,1,marketPlayerTeam,on_sale,ok,false,2026-08-22T00:17:12+02:00,,,
2026-08-20T0850Z,laliga,14270371,1930,El Hilali,Omar El Hilali,2,10098553,9760951,1,marketPlayerTeam,on_sale,ok,false,2026-08-22T01:11:35+02:00,,,
2026-08-20T0850Z,laliga,14293583,265,Zubeldia,Igor Zubeldia,2,10346166,10295291,1,marketPlayerTeam,on_sale,ok,false,2026-08-22T02:31:14+02:00,,,
2026-08-20T0850Z,laliga,14898744,2507,Dmitrovic,Marko Dmitrovic,1,39277920,38638122,0,marketPlayerTeam,on_sale,ok,false,2026-08-22T23:21:01+02:00,,,
2026-08-20T0850Z,laliga,14948006,2713,Ionut Radu,Ionut Radu,1,37095939,37095939,0,marketPlayerTeam,on_sale,ok,false,2026-08-23T00:25:58+02:00,,,
2026-08-20T0907Z,laliga,71786756,3004,José Alberto,José Alberto López Menéndez,5,867231,886803,0,marketPlayerLeague,on_sale,ok,,2026-08-20T22:24:00+02:00,,,
2026-08-20T0907Z,laliga,71786757,2545,Adama,Adama Boiro,2,471333,474410,0,marketPlayerLeague,on_sale,ok,,2026-08-20T22:24:00+02:00,,,
2026-08-20T0907Z,laliga,71786758,3186,Kevin,Kevin Sánchez,4,842160,860688,0,marketPlayerLeague,on_sale,ok,,2026-08-20T22:24:00+02:00,,,
2026-08-20T0907Z,laliga,71786759,3171,Llorenç,Llorenç Serred Martínez,1,533822,539502,0,marketPlayerLeague,on_sale,ok,,2026-08-20T22:24:00+02:00,,,
2026-08-20T0907Z,laliga,71786760,3125,Canales,Sergio Canales,3,25454084,24993293,0,marketPlayerLeague,on_sale,ok,,2026-08-20T22:24:00+02:00,,,
2026-08-20T0907Z,laliga,71786761,2876,Iker Muñoz,Iker Ortín,2,566181,573210,0,marketPlayerLeague,on_sale,ok,,2026-08-20T22:24:00+02:00,,,
2026-08-20T0907Z,laliga,71786762,2687,Manu Bueno,Manu Bueno,3,742504,753581,0,marketPlayerLeague,on_sale,ok,,2026-08-20T22:24:00+02:00,,,
2026-08-20T0907Z,laliga,71786763,184,David Soria,David Soria Solís,1,22039978,21475099,1,marketPlayerLeague,on_sale,ok,,2026-08-20T22:24:00+02:00,11935147,22039978,pending
2026-08-20T0907Z,laliga,71786764,3108,Aubameyang,Pierre-Emerick Aubameyang,4,38507025,36877261,1,marketPlayerLeague,on_sale,ok,,2026-08-20T22:24:00+02:00,,,
2026-08-20T0907Z,laliga,71786765,3168,Alberto Calatrava,Alberto Calatrava,3,927472,949554,0,marketPlayerLeague,on_sale,ok,,2026-08-20T22:24:00+02:00,,,
2026-08-20T0907Z,laliga,71786766,2321,J. Musso,Juan Musso,1,4056137,4141446,0,marketPlayerLeague,on_sale,ok,,2026-08-20T22:24:00+02:00,,,
2026-08-20T0907Z,laliga,71786768,2699,J. Ives Valou,Jean Valou,2,566181,573210,0,marketPlayerLeague,on_sale,ok,,2026-08-20T22:24:00+02:00,,,
2026-08-20T0907Z,laliga,71786769,2819,Ferrer,Diego Ferrer,1,651339,661916,0,marketPlayerLeague,on_sale,ok,,2026-08-20T22:24:00+02:00,,,
2026-08-20T0907Z,laliga,11705725,3129,Carlos Espí,Carlos Espí,4,9774649,9282313,1,marketPlayerTeam,on_sale,ok,false,2026-08-21T21:57:07+02:00,,,
2026-08-20T0907Z,laliga,14185646,3037,C. Puga,Carlos Puga,2,4962579,5096327,1,marketPlayerTeam,on_sale,ok,false,2026-08-21T22:45:24+02:00,,,
2026-08-20T0907Z,laliga,14186088,2315,Paredes,Aitor Paredes,2,5477677,5280233,1,marketPlayerTeam,on_sale,ok,false,2026-08-21T22:46:04+02:00,,,
2026-08-20T0907Z,laliga,14186254,2474,Denis Suárez,Denis Suárez,3,2367084,2420507,1,marketPlayerTeam,on_sale,ok,false,2026-08-21T22:46:18+02:00,,,
2026-08-20T0907Z,laliga,14186359,3069,Blanco,Antonio Blanco,3,14590188,14784817,1,marketPlayerTeam,on_sale,ok,false,2026-08-21T22:46:26+02:00,,,
2026-08-20T0907Z,laliga,14186511,2700,Etta Eyong,Karl Edouard Blaise Etta Eyong,4,24426515,25480174,1,marketPlayerTeam,on_sale,ok,false,2026-08-21T22:46:38+02:00,,,
2026-08-20T0907Z,laliga,14243057,74,Yuri,Yuri Berchiche Izeta,2,12311693,12294334,1,marketPlayerTeam,on_sale,ok,false,2026-08-22T00:16:06+02:00,,,
2026-08-20T0907Z,laliga,14243153,1991,Tárrega,César Tárrega,2,9131344,9139919,1,marketPlayerTeam,on_sale,ok,false,2026-08-22T00:16:18+02:00,,,
2026-08-20T0907Z,laliga,14243525,2480,Johnny,Johnny Cardoso,3,5320779,5412259,1,marketPlayerTeam,on_sale,ok,false,2026-08-22T00:16:59+02:00,,,
2026-08-20T0907Z,laliga,14243639,3035,Izan M.,Izan Merino,3,5927091,6015339,1,marketPlayerTeam,on_sale,ok,false,2026-08-22T00:17:12+02:00,,,
2026-08-20T0907Z,laliga,14270371,1930,El Hilali,Omar El Hilali,2,10098553,9760951,1,marketPlayerTeam,on_sale,ok,false,2026-08-22T01:11:35+02:00,,,
2026-08-20T0907Z,laliga,14293583,265,Zubeldia,Igor Zubeldia,2,10346166,10295291,1,marketPlayerTeam,on_sale,ok,false,2026-08-22T02:31:14+02:00,,,
2026-08-20T0907Z,laliga,14898744,2507,Dmitrovic,Marko Dmitrovic,1,39277920,38638122,0,marketPlayerTeam,on_sale,ok,false,2026-08-22T23:21:01+02:00,,,
2026-08-20T0907Z,laliga,14948006,2713,Ionut Radu,Ionut Radu,1,37095939,37095939,0,marketPlayerTeam,on_sale,ok,false,2026-08-23T00:25:58+02:00,,,
2026-08-20T0911Z,laliga,71786756,3004,José Alberto,José Alberto López Menéndez,5,867231,886803,0,marketPlayerLeague,on_sale,ok,,2026-08-20T22:24:00+02:00,,,
2026-08-20T0911Z,laliga,71786757,2545,Adama,Adama Boiro,2,471333,474410,0,marketPlayerLeague,on_sale,ok,,2026-08-20T22:24:00+02:00,,,
2026-08-20T0911Z,laliga,71786758,3186,Kevin,Kevin Sánchez,4,842160,860688,0,marketPlayerLeague,on_sale,ok,,2026-08-20T22:24:00+02:00,,,
2026-08-20T0911Z,laliga,71786759,3171,Llorenç,Llorenç Serred Martínez,1,533822,539502,0,marketPlayerLeague,on_sale,ok,,2026-08-20T22:24:00+02:00,,,
2026-08-20T0911Z,laliga,71786760,3125,Canales,Sergio Canales,3,25454084,24993293,0,marketPlayerLeague,on_sale,ok,,2026-08-20T22:24:00+02:00,,,
2026-08-20T0911Z,laliga,71786761,2876,Iker Muñoz,Iker Ortín,2,566181,573210,0,marketPlayerLeague,on_sale,ok,,2026-08-20T22:24:00+02:00,,,
2026-08-20T0911Z,laliga,71786762,2687,Manu Bueno,Manu Bueno,3,742504,753581,0,marketPlayerLeague,on_sale,ok,,2026-08-20T22:24:00+02:00,,,
2026-08-20T0911Z,laliga,71786763,184,David Soria,David Soria Solís,1,22039978,21475099,1,marketPlayerLeague,on_sale,ok,,2026-08-20T22:24:00+02:00,11935147,22039978,pending
2026-08-20T0911Z,laliga,71786764,3108,Aubameyang,Pierre-Emerick Aubameyang,4,38507025,36877261,1,marketPlayerLeague,on_sale,ok,,2026-08-20T22:24:00+02:00,,,
2026-08-20T0911Z,laliga,71786765,3168,Alberto Calatrava,Alberto Calatrava,3,927472,949554,0,marketPlayerLeague,on_sale,ok,,2026-08-20T22:24:00+02:00,,,
2026-08-20T0911Z,laliga,71786766,2321,J. Musso,Juan Musso,1,4056137,4141446,0,marketPlayerLeague,on_sale,ok,,2026-08-20T22:24:00+02:00,,,
2026-08-20T0911Z,laliga,71786768,2699,J. Ives Valou,Jean Valou,2,566181,573210,0,marketPlayerLeague,on_sale,ok,,2026-08-20T22:24:00+02:00,,,
2026-08-20T0911Z,laliga,71786769,2819,Ferrer,Diego Ferrer,1,651339,661916,0,marketPlayerLeague,on_sale,ok,,2026-08-20T22:24:00+02:00,,,
2026-08-20T0911Z,laliga,11705725,3129,Carlos Espí,Carlos Espí,4,9774649,9282313,1,marketPlayerTeam,on_sale,ok,false,2026-08-21T21:57:07+02:00,,,
2026-08-20T0911Z,laliga,14185646,3037,C. Puga,Carlos Puga,2,4962579,5096327,1,marketPlayerTeam,on_sale,ok,false,2026-08-21T22:45:24+02:00,,,
2026-08-20T0911Z,laliga,14186088,2315,Paredes,Aitor Paredes,2,5477677,5280233,1,marketPlayerTeam,on_sale,ok,false,2026-08-21T22:46:04+02:00,,,
2026-08-20T0911Z,laliga,14186254,2474,Denis Suárez,Denis Suárez,3,2367084,2420507,1,marketPlayerTeam,on_sale,ok,false,2026-08-21T22:46:18+02:00,,,
2026-08-20T0911Z,laliga,14186359,3069,Blanco,Antonio Blanco,3,14590188,14784817,1,marketPlayerTeam,on_sale,ok,false,2026-08-21T22:46:26+02:00,,,
2026-08-20T0911Z,laliga,14186511,2700,Etta Eyong,Karl Edouard Blaise Etta Eyong,4,24426515,25480174,1,marketPlayerTeam,on_sale,ok,false,2026-08-21T22:46:38+02:00,,,
2026-08-20T0911Z,laliga,14243057,74,Yuri,Yuri Berchiche Izeta,2,12311693,12294334,1,marketPlayerTeam,on_sale,ok,false,2026-08-22T00:16:06+02:00,,,
2026-08-20T0911Z,laliga,14243153,1991,Tárrega,César Tárrega,2,9131344,9139919,1,marketPlayerTeam,on_sale,ok,false,2026-08-22T00:16:18+02:00,,,
2026-08-20T0911Z,laliga,14243525,2480,Johnny,Johnny Cardoso,3,5320779,5412259,1,marketPlayerTeam,on_sale,ok,false,2026-08-22T00:16:59+02:00,,,
2026-08-20T0911Z,laliga,14243639,3035,Izan M.,Izan Merino,3,5927091,6015339,1,marketPlayerTeam,on_sale,ok,false,2026-08-22T00:17:12+02:00,,,
2026-08-20T0911Z,laliga,14270371,1930,El Hilali,Omar El Hilali,2,10098553,9760951,1,marketPlayerTeam,on_sale,ok,false,2026-08-22T01:11:35+02:00,,,
2026-08-20T0911Z,laliga,14293583,265,Zubeldia,Igor Zubeldia,2,10346166,10295291,1,marketPlayerTeam,on_sale,ok,false,2026-08-22T02:31:14+02:00,,,
2026-08-20T0911Z,laliga,14898744,2507,Dmitrovic,Marko Dmitrovic,1,39277920,38638122,0,marketPlayerTeam,on_sale,ok,false,2026-08-22T23:21:01+02:00,,,
2026-08-20T0911Z,laliga,14948006,2713,Ionut Radu,Ionut Radu,1,37095939,37095939,0,marketPlayerTeam,on_sale,ok,false,2026-08-23T00:25:58+02:00,,,
2026-08-20T0916Z,laliga,71786756,3004,José Alberto,José Alberto López Menéndez,5,867231,886803,0,marketPlayerLeague,on_sale,ok,,2026-08-20T22:24:00+02:00,,,
2026-08-20T0916Z,laliga,71786757,2545,Adama,Adama Boiro,2,471333,474410,0,marketPlayerLeague,on_sale,ok,,2026-08-20T22:24:00+02:00,,,
2026-08-20T0916Z,laliga,71786758,3186,Kevin,Kevin Sánchez,4,842160,860688,0,marketPlayerLeague,on_sale,ok,,2026-08-20T22:24:00+02:00,,,
2026-08-20T0916Z,laliga,71786759,3171,Llorenç,Llorenç Serred Martínez,1,533822,539502,0,marketPlayerLeague,on_sale,ok,,2026-08-20T22:24:00+02:00,,,
2026-08-20T0916Z,laliga,71786760,3125,Canales,Sergio Canales,3,25454084,24993293,0,marketPlayerLeague,on_sale,ok,,2026-08-20T22:24:00+02:00,,,
2026-08-20T0916Z,laliga,71786761,2876,Iker Muñoz,Iker Ortín,2,566181,573210,0,marketPlayerLeague,on_sale,ok,,2026-08-20T22:24:00+02:00,,,
2026-08-20T0916Z,laliga,71786762,2687,Manu Bueno,Manu Bueno,3,742504,753581,0,marketPlayerLeague,on_sale,ok,,2026-08-20T22:24:00+02:00,,,
2026-08-20T0916Z,laliga,71786763,184,David Soria,David Soria Solís,1,22039978,21475099,1,marketPlayerLeague,on_sale,ok,,2026-08-20T22:24:00+02:00,11935147,22039978,pending
2026-08-20T0916Z,laliga,71786764,3108,Aubameyang,Pierre-Emerick Aubameyang,4,38507025,36877261,1,marketPlayerLeague,on_sale,ok,,2026-08-20T22:24:00+02:00,,,
2026-08-20T0916Z,laliga,71786765,3168,Alberto Calatrava,Alberto Calatrava,3,927472,949554,0,marketPlayerLeague,on_sale,ok,,2026-08-20T22:24:00+02:00,,,
2026-08-20T0916Z,laliga,71786766,2321,J. Musso,Juan Musso,1,4056137,4141446,0,marketPlayerLeague,on_sale,ok,,2026-08-20T22:24:00+02:00,,,
2026-08-20T0916Z,laliga,71786768,2699,J. Ives Valou,Jean Valou,2,566181,573210,0,marketPlayerLeague,on_sale,ok,,2026-08-20T22:24:00+02:00,,,
2026-08-20T0916Z,laliga,71786769,2819,Ferrer,Diego Ferrer,1,651339,661916,0,marketPlayerLeague,on_sale,ok,,2026-08-20T22:24:00+02:00,,,
2026-08-20T0916Z,laliga,11705725,3129,Carlos Espí,Carlos Espí,4,9774649,9282313,1,marketPlayerTeam,on_sale,ok,false,2026-08-21T21:57:07+02:00,,,
2026-08-20T0916Z,laliga,14185646,3037,C. Puga,Carlos Puga,2,4962579,5096327,1,marketPlayerTeam,on_sale,ok,false,2026-08-21T22:45:24+02:00,,,
2026-08-20T0916Z,laliga,14186088,2315,Paredes,Aitor Paredes,2,5477677,5280233,1,marketPlayerTeam,on_sale,ok,false,2026-08-21T22:46:04+02:00,,,
2026-08-20T0916Z,laliga,14186254,2474,Denis Suárez,Denis Suárez,3,2367084,2420507,1,marketPlayerTeam,on_sale,ok,false,2026-08-21T22:46:18+02:00,,,
2026-08-20T0916Z,laliga,14186359,3069,Blanco,Antonio Blanco,3,14590188,14784817,1,marketPlayerTeam,on_sale,ok,false,2026-08-21T22:46:26+02:00,,,
2026-08-20T0916Z,laliga,14186511,2700,Etta Eyong,Karl Edouard Blaise Etta Eyong,4,24426515,25480174,1,marketPlayerTeam,on_sale,ok,false,2026-08-21T22:46:38+02:00,,,
2026-08-20T0916Z,laliga,14243057,74,Yuri,Yuri Berchiche Izeta,2,12311693,12294334,1,marketPlayerTeam,on_sale,ok,false,2026-08-22T00:16:06+02:00,,,
2026-08-20T0916Z,laliga,14243153,1991,Tárrega,César Tárrega,2,9131344,9139919,1,marketPlayerTeam,on_sale,ok,false,2026-08-22T00:16:18+02:00,,,
2026-08-20T0916Z,laliga,14243525,2480,Johnny,Johnny Cardoso,3,5320779,5412259,1,marketPlayerTeam,on_sale,ok,false,2026-08-22T00:16:59+02:00,,,
2026-08-20T0916Z,laliga,14243639,3035,Izan M.,Izan Merino,3,5927091,6015339,1,marketPlayerTeam,on_sale,ok,false,2026-08-22T00:17:12+02:00,,,
2026-08-20T0916Z,laliga,14270371,1930,El Hilali,Omar El Hilali,2,10098553,9760951,1,marketPlayerTeam,on_sale,ok,false,2026-08-22T01:11:35+02:00,,,
2026-08-20T0916Z,laliga,14293583,265,Zubeldia,Igor Zubeldia,2,10346166,10295291,1,marketPlayerTeam,on_sale,ok,false,2026-08-22T02:31:14+02:00,,,
2026-08-20T0916Z,laliga,14898744,2507,Dmitrovic,Marko Dmitrovic,1,39277920,38638122,0,marketPlayerTeam,on_sale,ok,false,2026-08-22T23:21:01+02:00,,,
2026-08-20T0916Z,laliga,14948006,2713,Ionut Radu,Ionut Radu,1,37095939,37095939,0,marketPlayerTeam,on_sale,ok,false,2026-08-23T00:25:58+02:00,,,
2026-08-20T0923Z,laliga,71786756,3004,José Alberto,José Alberto López Menéndez,5,867231,886803,0,marketPlayerLeague,on_sale,ok,,2026-08-20T22:24:00+02:00,,,
2026-08-20T0923Z,laliga,71786757,2545,Adama,Adama Boiro,2,471333,474410,0,marketPlayerLeague,on_sale,ok,,2026-08-20T22:24:00+02:00,,,
2026-08-20T0923Z,laliga,71786758,3186,Kevin,Kevin Sánchez,4,842160,860688,0,marketPlayerLeague,on_sale,ok,,2026-08-20T22:24:00+02:00,,,
2026-08-20T0923Z,laliga,71786759,3171,Llorenç,Llorenç Serred Martínez,1,533822,539502,0,marketPlayerLeague,on_sale,ok,,2026-08-20T22:24:00+02:00,,,
2026-08-20T0923Z,laliga,71786760,3125,Canales,Sergio Canales,3,25454084,24993293,0,marketPlayerLeague,on_sale,ok,,2026-08-20T22:24:00+02:00,,,
2026-08-20T0923Z,laliga,71786761,2876,Iker Muñoz,Iker Ortín,2,566181,573210,0,marketPlayerLeague,on_sale,ok,,2026-08-20T22:24:00+02:00,,,
2026-08-20T0923Z,laliga,71786762,2687,Manu Bueno,Manu Bueno,3,742504,753581,0,marketPlayerLeague,on_sale,ok,,2026-08-20T22:24:00+02:00,,,
2026-08-20T0923Z,laliga,71786763,184,David Soria,David Soria Solís,1,22039978,21475099,1,marketPlayerLeague,on_sale,ok,,2026-08-20T22:24:00+02:00,11935147,22039978,pending
2026-08-20T0923Z,laliga,71786764,3108,Aubameyang,Pierre-Emerick Aubameyang,4,38507025,36877261,1,marketPlayerLeague,on_sale,ok,,2026-08-20T22:24:00+02:00,,,
2026-08-20T0923Z,laliga,71786765,3168,Alberto Calatrava,Alberto Calatrava,3,927472,949554,0,marketPlayerLeague,on_sale,ok,,2026-08-20T22:24:00+02:00,,,
2026-08-20T0923Z,laliga,71786766,2321,J. Musso,Juan Musso,1,4056137,4141446,0,marketPlayerLeague,on_sale,ok,,2026-08-20T22:24:00+02:00,,,
2026-08-20T0923Z,laliga,71786768,2699,J. Ives Valou,Jean Valou,2,566181,573210,0,marketPlayerLeague,on_sale,ok,,2026-08-20T22:24:00+02:00,,,
2026-08-20T0923Z,laliga,71786769,2819,Ferrer,Diego Ferrer,1,651339,661916,0,marketPlayerLeague,on_sale,ok,,2026-08-20T22:24:00+02:00,,,
2026-08-20T0923Z,laliga,11705725,3129,Carlos Espí,Carlos Espí,4,9774649,9282313,1,marketPlayerTeam,on_sale,ok,false,2026-08-21T21:57:07+02:00,,,
2026-08-20T0923Z,laliga,14185646,3037,C. Puga,Carlos Puga,2,4962579,5096327,1,marketPlayerTeam,on_sale,ok,false,2026-08-21T22:45:24+02:00,,,
2026-08-20T0923Z,laliga,14186088,2315,Paredes,Aitor Paredes,2,5477677,5280233,1,marketPlayerTeam,on_sale,ok,false,2026-08-21T22:46:04+02:00,,,
2026-08-20T0923Z,laliga,14186254,2474,Denis Suárez,Denis Suárez,3,2367084,2420507,1,marketPlayerTeam,on_sale,ok,false,2026-08-21T22:46:18+02:00,,,
2026-08-20T0923Z,laliga,14186359,3069,Blanco,Antonio Blanco,3,14590188,14784817,1,marketPlayerTeam,on_sale,ok,false,2026-08-21T22:46:26+02:00,,,
2026-08-20T0923Z,laliga,14186511,2700,Etta Eyong,Karl Edouard Blaise Etta Eyong,4,24426515,25480174,1,marketPlayerTeam,on_sale,ok,false,2026-08-21T22:46:38+02:00,,,
2026-08-20T0923Z,laliga,14243057,74,Yuri,Yuri Berchiche Izeta,2,12311693,12294334,1,marketPlayerTeam,on_sale,ok,false,2026-08-22T00:16:06+02:00,,,
2026-08-20T0923Z,laliga,14243153,1991,Tárrega,César Tárrega,2,9131344,9139919,1,marketPlayerTeam,on_sale,ok,false,2026-08-22T00:16:18+02:00,,,
2026-08-20T0923Z,laliga,14243525,2480,Johnny,Johnny Cardoso,3,5320779,5412259,1,marketPlayerTeam,on_sale,ok,false,2026-08-22T00:16:59+02:00,,,
2026-08-20T0923Z,laliga,14243639,3035,Izan M.,Izan Merino,3,5927091,6015339,1,marketPlayerTeam,on_sale,ok,false,2026-08-22T00:17:12+02:00,,,
2026-08-20T0923Z,laliga,14270371,1930,El Hilali,Omar El Hilali,2,10098553,9760951,1,marketPlayerTeam,on_sale,ok,false,2026-08-22T01:11:35+02:00,,,
2026-08-20T0923Z,laliga,14293583,265,Zubeldia,Igor Zubeldia,2,10346166,10295291,1,marketPlayerTeam,on_sale,ok,false,2026-08-22T02:31:14+02:00,,,
2026-08-20T0923Z,laliga,14898744,2507,Dmitrovic,Marko Dmitrovic,1,39277920,38638122,0,marketPlayerTeam,on_sale,ok,false,2026-08-22T23:21:01+02:00,,,
2026-08-20T0923Z,laliga,14948006,2713,Ionut Radu,Ionut Radu,1,37095939,37095939,0,marketPlayerTeam,on_sale,ok,false,2026-08-23T00:25:58+02:00,,,
2026-08-20T0932Z,laliga,71786756,3004,José Alberto,José Alberto López Menéndez,5,867231,886803,0,marketPlayerLeague,on_sale,ok,,2026-08-20T22:24:00+02:00,,,
2026-08-20T0932Z,laliga,71786757,2545,Adama,Adama Boiro,2,471333,474410,0,marketPlayerLeague,on_sale,ok,,2026-08-20T22:24:00+02:00,,,
2026-08-20T0932Z,laliga,71786758,3186,Kevin,Kevin Sánchez,4,842160,860688,0,marketPlayerLeague,on_sale,ok,,2026-08-20T22:24:00+02:00,,,
2026-08-20T0932Z,laliga,71786759,3171,Llorenç,Llorenç Serred Martínez,1,533822,539502,0,marketPlayerLeague,on_sale,ok,,2026-08-20T22:24:00+02:00,,,
2026-08-20T0932Z,laliga,71786760,3125,Canales,Sergio Canales,3,25454084,24993293,0,marketPlayerLeague,on_sale,ok,,2026-08-20T22:24:00+02:00,,,
2026-08-20T0932Z,laliga,71786761,2876,Iker Muñoz,Iker Ortín,2,566181,573210,0,marketPlayerLeague,on_sale,ok,,2026-08-20T22:24:00+02:00,,,
2026-08-20T0932Z,laliga,71786762,2687,Manu Bueno,Manu Bueno,3,742504,753581,0,marketPlayerLeague,on_sale,ok,,2026-08-20T22:24:00+02:00,,,
2026-08-20T0932Z,laliga,71786763,184,David Soria,David Soria Solís,1,22039978,21475099,1,marketPlayerLeague,on_sale,ok,,2026-08-20T22:24:00+02:00,11935147,22039978,pending
2026-08-20T0932Z,laliga,71786764,3108,Aubameyang,Pierre-Emerick Aubameyang,4,38507025,36877261,1,marketPlayerLeague,on_sale,ok,,2026-08-20T22:24:00+02:00,,,
2026-08-20T0932Z,laliga,71786765,3168,Alberto Calatrava,Alberto Calatrava,3,927472,949554,0,marketPlayerLeague,on_sale,ok,,2026-08-20T22:24:00+02:00,,,
2026-08-20T0932Z,laliga,71786766,2321,J. Musso,Juan Musso,1,4056137,4141446,0,marketPlayerLeague,on_sale,ok,,2026-08-20T22:24:00+02:00,,,
2026-08-20T0932Z,laliga,71786768,2699,J. Ives Valou,Jean Valou,2,566181,573210,0,marketPlayerLeague,on_sale,ok,,2026-08-20T22:24:00+02:00,,,
2026-08-20T0932Z,laliga,71786769,2819,Ferrer,Diego Ferrer,1,651339,661916,0,marketPlayerLeague,on_sale,ok,,2026-08-20T22:24:00+02:00,,,
2026-08-20T0932Z,laliga,11705725,3129,Carlos Espí,Carlos Espí,4,9774649,9282313,1,marketPlayerTeam,on_sale,ok,false,2026-08-21T21:57:07+02:00,,,
2026-08-20T0932Z,laliga,14185646,3037,C. Puga,Carlos Puga,2,4962579,5096327,1,marketPlayerTeam,on_sale,ok,false,2026-08-21T22:45:24+02:00,,,
2026-08-20T0932Z,laliga,14186088,2315,Paredes,Aitor Paredes,2,5477677,5280233,1,marketPlayerTeam,on_sale,ok,false,2026-08-21T22:46:04+02:00,,,
2026-08-20T0932Z,laliga,14186254,2474,Denis Suárez,Denis Suárez,3,2367084,2420507,1,marketPlayerTeam,on_sale,ok,false,2026-08-21T22:46:18+02:00,,,
2026-08-20T0932Z,laliga,14186359,3069,Blanco,Antonio Blanco,3,14590188,14784817,1,marketPlayerTeam,on_sale,ok,false,2026-08-21T22:46:26+02:00,,,
2026-08-20T0932Z,laliga,14186511,2700,Etta Eyong,Karl Edouard Blaise Etta Eyong,4,24426515,25480174,1,marketPlayerTeam,on_sale,ok,false,2026-08-21T22:46:38+02:00,,,
2026-08-20T0932Z,laliga,14243057,74,Yuri,Yuri Berchiche Izeta,2,12311693,12294334,1,marketPlayerTeam,on_sale,ok,false,2026-08-22T00:16:06+02:00,,,
2026-08-20T0932Z,laliga,14243153,1991,Tárrega,César Tárrega,2,9131344,9139919,1,marketPlayerTeam,on_sale,ok,false,2026-08-22T00:16:18+02:00,,,
2026-08-20T0932Z,laliga,14243525,2480,Johnny,Johnny Cardoso,3,5320779,5412259,1,marketPlayerTeam,on_sale,ok,false,2026-08-22T00:16:59+02:00,,,
2026-08-20T0932Z,laliga,14243639,3035,Izan M.,Izan Merino,3,5927091,6015339,1,marketPlayerTeam,on_sale,ok,false,2026-08-22T00:17:12+02:00,,,
2026-08-20T0932Z,laliga,14270371,1930,El Hilali,Omar El Hilali,2,10098553,9760951,1,marketPlayerTeam,on_sale,ok,false,2026-08-22T01:11:35+02:00,,,
2026-08-20T0932Z,laliga,14293583,265,Zubeldia,Igor Zubeldia,2,10346166,10295291,1,marketPlayerTeam,on_sale,ok,false,2026-08-22T02:31:14+02:00,,,
2026-08-20T0932Z,laliga,14898744,2507,Dmitrovic,Marko Dmitrovic,1,39277920,38638122,0,marketPlayerTeam,on_sale,ok,false,2026-08-22T23:21:01+02:00,,,
2026-08-20T0932Z,laliga,14948006,2713,Ionut Radu,Ionut Radu,1,37095939,37095939,0,marketPlayerTeam,on_sale,ok,false,2026-08-23T00:25:58+02:00,,,
2026-08-20T0936Z,laliga,71786756,3004,José Alberto,José Alberto López Menéndez,5,867231,886803,0,marketPlayerLeague,on_sale,ok,,2026-08-20T22:24:00+02:00,,,
2026-08-20T0936Z,laliga,71786757,2545,Adama,Adama Boiro,2,471333,474410,0,marketPlayerLeague,on_sale,ok,,2026-08-20T22:24:00+02:00,,,
2026-08-20T0936Z,laliga,71786758,3186,Kevin,Kevin Sánchez,4,842160,860688,0,marketPlayerLeague,on_sale,ok,,2026-08-20T22:24:00+02:00,,,
2026-08-20T0936Z,laliga,71786759,3171,Llorenç,Llorenç Serred Martínez,1,533822,539502,0,marketPlayerLeague,on_sale,ok,,2026-08-20T22:24:00+02:00,,,
2026-08-20T0936Z,laliga,71786760,3125,Canales,Sergio Canales,3,25454084,24993293,0,marketPlayerLeague,on_sale,ok,,2026-08-20T22:24:00+02:00,,,
2026-08-20T0936Z,laliga,71786761,2876,Iker Muñoz,Iker Ortín,2,566181,573210,0,marketPlayerLeague,on_sale,ok,,2026-08-20T22:24:00+02:00,,,
2026-08-20T0936Z,laliga,71786762,2687,Manu Bueno,Manu Bueno,3,742504,753581,0,marketPlayerLeague,on_sale,ok,,2026-08-20T22:24:00+02:00,,,
2026-08-20T0936Z,laliga,71786763,184,David Soria,David Soria Solís,1,22039978,21475099,1,marketPlayerLeague,on_sale,ok,,2026-08-20T22:24:00+02:00,11935147,22039978,pending
2026-08-20T0936Z,laliga,71786764,3108,Aubameyang,Pierre-Emerick Aubameyang,4,38507025,36877261,1,marketPlayerLeague,on_sale,ok,,2026-08-20T22:24:00+02:00,,,
2026-08-20T0936Z,laliga,71786765,3168,Alberto Calatrava,Alberto Calatrava,3,927472,949554,0,marketPlayerLeague,on_sale,ok,,2026-08-20T22:24:00+02:00,,,
2026-08-20T0936Z,laliga,71786766,2321,J. Musso,Juan Musso,1,4056137,4141446,0,marketPlayerLeague,on_sale,ok,,2026-08-20T22:24:00+02:00,,,
2026-08-20T0936Z,laliga,71786768,2699,J. Ives Valou,Jean Valou,2,566181,573210,0,marketPlayerLeague,on_sale,ok,,2026-08-20T22:24:00+02:00,,,
2026-08-20T0936Z,laliga,71786769,2819,Ferrer,Diego Ferrer,1,651339,661916,0,marketPlayerLeague,on_sale,ok,,2026-08-20T22:24:00+02:00,,,
2026-08-20T0936Z,laliga,11705725,3129,Carlos Espí,Carlos Espí,4,9774649,9282313,1,marketPlayerTeam,on_sale,ok,false,2026-08-21T21:57:07+02:00,,,
2026-08-20T0936Z,laliga,14185646,3037,C. Puga,Carlos Puga,2,4962579,5096327,1,marketPlayerTeam,on_sale,ok,false,2026-08-21T22:45:24+02:00,,,
2026-08-20T0936Z,laliga,14186088,2315,Paredes,Aitor Paredes,2,5477677,5280233,1,marketPlayerTeam,on_sale,ok,false,2026-08-21T22:46:04+02:00,,,
2026-08-20T0936Z,laliga,14186254,2474,Denis Suárez,Denis Suárez,3,2367084,2420507,1,marketPlayerTeam,on_sale,ok,false,2026-08-21T22:46:18+02:00,,,
2026-08-20T0936Z,laliga,14186359,3069,Blanco,Antonio Blanco,3,14590188,14784817,1,marketPlayerTeam,on_sale,ok,false,2026-08-21T22:46:26+02:00,,,
2026-08-20T0936Z,laliga,14186511,2700,Etta Eyong,Karl Edouard Blaise Etta Eyong,4,24426515,25480174,1,marketPlayerTeam,on_sale,ok,false,2026-08-21T22:46:38+02:00,,,
2026-08-20T0936Z,laliga,14243057,74,Yuri,Yuri Berchiche Izeta,2,12311693,12294334,1,marketPlayerTeam,on_sale,ok,false,2026-08-22T00:16:06+02:00,,,
2026-08-20T0936Z,laliga,14243153,1991,Tárrega,César Tárrega,2,9131344,9139919,1,marketPlayerTeam,on_sale,ok,false,2026-08-22T00:16:18+02:00,,,
2026-08-20T0936Z,laliga,14243525,2480,Johnny,Johnny Cardoso,3,5320779,5412259,1,marketPlayerTeam,on_sale,ok,false,2026-08-22T00:16:59+02:00,,,
2026-08-20T0936Z,laliga,14243639,3035,Izan M.,Izan Merino,3,5927091,6015339,1,marketPlayerTeam,on_sale,ok,false,2026-08-22T00:17:12+02:00,,,
2026-08-20T0936Z,laliga,14270371,1930,El Hilali,Omar El Hilali,2,10098553,9760951,1,marketPlayerTeam,on_sale,ok,false,2026-08-22T01:11:35+02:00,,,
2026-08-20T0936Z,laliga,14293583,265,Zubeldia,Igor Zubeldia,2,10346166,10295291,1,marketPlayerTeam,on_sale,ok,false,2026-08-22T02:31:14+02:00,,,
2026-08-20T0936Z,laliga,14898744,2507,Dmitrovic,Marko Dmitrovic,1,39277920,38638122,0,marketPlayerTeam,on_sale,ok,false,2026-08-22T23:21:01+02:00,,,
2026-08-20T0936Z,laliga,14948006,2713,Ionut Radu,Ionut Radu,1,37095939,37095939,0,marketPlayerTeam,on_sale,ok,false,2026-08-23T00:25:58+02:00,,,
2026-08-20T1111Z,laliga,71786756,3004,José Alberto,José Alberto López Menéndez,5,867231,886803,0,marketPlayerLeague,on_sale,ok,,2026-08-20T22:24:00+02:00,,,
2026-08-20T1111Z,laliga,71786757,2545,Adama,Adama Boiro,2,471333,474410,0,marketPlayerLeague,on_sale,ok,,2026-08-20T22:24:00+02:00,,,
2026-08-20T1111Z,laliga,71786758,3186,Kevin,Kevin Sánchez,4,842160,860688,0,marketPlayerLeague,on_sale,ok,,2026-08-20T22:24:00+02:00,,,
2026-08-20T1111Z,laliga,71786759,3171,Llorenç,Llorenç Serred Martínez,1,533822,539502,0,marketPlayerLeague,on_sale,ok,,2026-08-20T22:24:00+02:00,,,
2026-08-20T1111Z,laliga,71786760,3125,Canales,Sergio Canales,3,25454084,24993293,0,marketPlayerLeague,on_sale,ok,,2026-08-20T22:24:00+02:00,,,
2026-08-20T1111Z,laliga,71786761,2876,Iker Muñoz,Iker Ortín,2,566181,573210,0,marketPlayerLeague,on_sale,ok,,2026-08-20T22:24:00+02:00,,,
2026-08-20T1111Z,laliga,71786762,2687,Manu Bueno,Manu Bueno,3,742504,753581,0,marketPlayerLeague,on_sale,ok,,2026-08-20T22:24:00+02:00,,,
2026-08-20T1111Z,laliga,71786763,184,David Soria,David Soria Solís,1,22039978,21475099,1,marketPlayerLeague,on_sale,ok,,2026-08-20T22:24:00+02:00,11935147,22039978,pending
2026-08-20T1111Z,laliga,71786764,3108,Aubameyang,Pierre-Emerick Aubameyang,4,38507025,36877261,1,marketPlayerLeague,on_sale,ok,,2026-08-20T22:24:00+02:00,,,
2026-08-20T1111Z,laliga,71786765,3168,Alberto Calatrava,Alberto Calatrava,3,927472,949554,0,marketPlayerLeague,on_sale,ok,,2026-08-20T22:24:00+02:00,,,
2026-08-20T1111Z,laliga,71786766,2321,J. Musso,Juan Musso,1,4056137,4141446,0,marketPlayerLeague,on_sale,ok,,2026-08-20T22:24:00+02:00,,,
2026-08-20T1111Z,laliga,71786768,2699,J. Ives Valou,Jean Valou,2,566181,573210,0,marketPlayerLeague,on_sale,ok,,2026-08-20T22:24:00+02:00,,,
2026-08-20T1111Z,laliga,71786769,2819,Ferrer,Diego Ferrer,1,651339,661916,0,marketPlayerLeague,on_sale,ok,,2026-08-20T22:24:00+02:00,,,
2026-08-20T1111Z,laliga,11705725,3129,Carlos Espí,Carlos Espí,4,9774649,9282313,1,marketPlayerTeam,on_sale,ok,false,2026-08-21T21:57:07+02:00,,,
2026-08-20T1111Z,laliga,14185646,3037,C. Puga,Carlos Puga,2,4962579,5096327,1,marketPlayerTeam,on_sale,ok,false,2026-08-21T22:45:24+02:00,,,
2026-08-20T1111Z,laliga,14186088,2315,Paredes,Aitor Paredes,2,5477677,5280233,1,marketPlayerTeam,on_sale,ok,false,2026-08-21T22:46:04+02:00,,,
2026-08-20T1111Z,laliga,14186254,2474,Denis Suárez,Denis Suárez,3,2367084,2420507,1,marketPlayerTeam,on_sale,ok,false,2026-08-21T22:46:18+02:00,,,
2026-08-20T1111Z,laliga,14186359,3069,Blanco,Antonio Blanco,3,14590188,14784817,1,marketPlayerTeam,on_sale,ok,false,2026-08-21T22:46:26+02:00,,,
2026-08-20T1111Z,laliga,14186511,2700,Etta Eyong,Karl Edouard Blaise Etta Eyong,4,24426515,25480174,1,marketPlayerTeam,on_sale,ok,false,2026-08-21T22:46:38+02:00,,,
2026-08-20T1111Z,laliga,14243057,74,Yuri,Yuri Berchiche Izeta,2,12311693,12294334,1,marketPlayerTeam,on_sale,ok,false,2026-08-22T00:16:06+02:00,,,
2026-08-20T1111Z,laliga,14243153,1991,Tárrega,César Tárrega,2,9131344,9139919,1,marketPlayerTeam,on_sale,ok,false,2026-08-22T00:16:18+02:00,,,
2026-08-20T1111Z,laliga,14243525,2480,Johnny,Johnny Cardoso,3,5320779,5412259,1,marketPlayerTeam,on_sale,ok,false,2026-08-22T00:16:59+02:00,,,
2026-08-20T1111Z,laliga,14243639,3035,Izan M.,Izan Merino,3,5927091,6015339,1,marketPlayerTeam,on_sale,ok,false,2026-08-22T00:17:12+02:00,,,
2026-08-20T1111Z,laliga,14270371,1930,El Hilali,Omar El Hilali,2,10098553,9760951,1,marketPlayerTeam,on_sale,ok,false,2026-08-22T01:11:35+02:00,,,
2026-08-20T1111Z,laliga,14293583,265,Zubeldia,Igor Zubeldia,2,10346166,10295291,1,marketPlayerTeam,on_sale,ok,false,2026-08-22T02:31:14+02:00,,,
2026-08-20T1111Z,laliga,14898744,2507,Dmitrovic,Marko Dmitrovic,1,39277920,38638122,0,marketPlayerTeam,on_sale,ok,false,2026-08-22T23:21:01+02:00,,,
2026-08-20T1111Z,laliga,14948006,2713,Ionut Radu,Ionut Radu,1,37095939,37095939,0,marketPlayerTeam,on_sale,ok,false,2026-08-23T00:25:58+02:00,,,
2026-08-20T1139Z,laliga,71786756,3004,José Alberto,José Alberto López Menéndez,5,867231,886803,0,marketPlayerLeague,on_sale,ok,,2026-08-20T22:24:00+02:00,,,
2026-08-20T1139Z,laliga,71786757,2545,Adama,Adama Boiro,2,471333,474410,0,marketPlayerLeague,on_sale,ok,,2026-08-20T22:24:00+02:00,,,
2026-08-20T1139Z,laliga,71786758,3186,Kevin,Kevin Sánchez,4,842160,860688,0,marketPlayerLeague,on_sale,ok,,2026-08-20T22:24:00+02:00,,,
2026-08-20T1139Z,laliga,71786759,3171,Llorenç,Llorenç Serred Martínez,1,533822,539502,0,marketPlayerLeague,on_sale,ok,,2026-08-20T22:24:00+02:00,,,
2026-08-20T1139Z,laliga,71786760,3125,Canales,Sergio Canales,3,25454084,24993293,0,marketPlayerLeague,on_sale,ok,,2026-08-20T22:24:00+02:00,,,
2026-08-20T1139Z,laliga,71786761,2876,Iker Muñoz,Iker Ortín,2,566181,573210,0,marketPlayerLeague,on_sale,ok,,2026-08-20T22:24:00+02:00,,,
2026-08-20T1139Z,laliga,71786762,2687,Manu Bueno,Manu Bueno,3,742504,753581,0,marketPlayerLeague,on_sale,ok,,2026-08-20T22:24:00+02:00,,,
2026-08-20T1139Z,laliga,71786763,184,David Soria,David Soria Solís,1,22039978,21475099,1,marketPlayerLeague,on_sale,ok,,2026-08-20T22:24:00+02:00,11935147,22039978,pending
2026-08-20T1139Z,laliga,71786764,3108,Aubameyang,Pierre-Emerick Aubameyang,4,38507025,36877261,1,marketPlayerLeague,on_sale,ok,,2026-08-20T22:24:00+02:00,,,
2026-08-20T1139Z,laliga,71786765,3168,Alberto Calatrava,Alberto Calatrava,3,927472,949554,0,marketPlayerLeague,on_sale,ok,,2026-08-20T22:24:00+02:00,,,
2026-08-20T1139Z,laliga,71786766,2321,J. Musso,Juan Musso,1,4056137,4141446,0,marketPlayerLeague,on_sale,ok,,2026-08-20T22:24:00+02:00,,,
2026-08-20T1139Z,laliga,71786768,2699,J. Ives Valou,Jean Valou,2,566181,573210,0,marketPlayerLeague,on_sale,ok,,2026-08-20T22:24:00+02:00,,,
2026-08-20T1139Z,laliga,71786769,2819,Ferrer,Diego Ferrer,1,651339,661916,0,marketPlayerLeague,on_sale,ok,,2026-08-20T22:24:00+02:00,,,
2026-08-20T1139Z,laliga,11705725,3129,Carlos Espí,Carlos Espí,4,9774649,9282313,1,marketPlayerTeam,on_sale,ok,false,2026-08-21T21:57:07+02:00,,,
2026-08-20T1139Z,laliga,14185646,3037,C. Puga,Carlos Puga,2,4962579,5096327,1,marketPlayerTeam,on_sale,ok,false,2026-08-21T22:45:24+02:00,,,
2026-08-20T1139Z,laliga,14186088,2315,Paredes,Aitor Paredes,2,5477677,5280233,1,marketPlayerTeam,on_sale,ok,false,2026-08-21T22:46:04+02:00,,,
2026-08-20T1139Z,laliga,14186254,2474,Denis Suárez,Denis Suárez,3,2367084,2420507,1,marketPlayerTeam,on_sale,ok,false,2026-08-21T22:46:18+02:00,,,
2026-08-20T1139Z,laliga,14186359,3069,Blanco,Antonio Blanco,3,14590188,14784817,1,marketPlayerTeam,on_sale,ok,false,2026-08-21T22:46:26+02:00,,,
2026-08-20T1139Z,laliga,14186511,2700,Etta Eyong,Karl Edouard Blaise Etta Eyong,4,24426515,25480174,1,marketPlayerTeam,on_sale,ok,false,2026-08-21T22:46:38+02:00,,,
2026-08-20T1139Z,laliga,14243057,74,Yuri,Yuri Berchiche Izeta,2,12311693,12294334,1,marketPlayerTeam,on_sale,ok,false,2026-08-22T00:16:06+02:00,,,
2026-08-20T1139Z,laliga,14243153,1991,Tárrega,César Tárrega,2,9131344,9139919,1,marketPlayerTeam,on_sale,ok,false,2026-08-22T00:16:18+02:00,,,
2026-08-20T1139Z,laliga,14243525,2480,Johnny,Johnny Cardoso,3,5320779,5412259,1,marketPlayerTeam,on_sale,ok,false,2026-08-22T00:16:59+02:00,,,
2026-08-20T1139Z,laliga,14243639,3035,Izan M.,Izan Merino,3,5927091,6015339,1,marketPlayerTeam,on_sale,ok,false,2026-08-22T00:17:12+02:00,,,
2026-08-20T1139Z,laliga,14270371,1930,El Hilali,Omar El Hilali,2,10098553,9760951,1,marketPlayerTeam,on_sale,ok,false,2026-08-22T01:11:35+02:00,,,
2026-08-20T1139Z,laliga,14293583,265,Zubeldia,Igor Zubeldia,2,10346166,10295291,1,marketPlayerTeam,on_sale,ok,false,2026-08-22T02:31:14+02:00,,,
2026-08-20T1139Z,laliga,14898744,2507,Dmitrovic,Marko Dmitrovic,1,39277920,38638122,0,marketPlayerTeam,on_sale,ok,false,2026-08-22T23:21:01+02:00,,,
2026-08-20T1139Z,laliga,14948006,2713,Ionut Radu,Ionut Radu,1,37095939,37095939,0,marketPlayerTeam,on_sale,ok,false,2026-08-23T00:25:58+02:00,,,
2026-08-20T1145Z,laliga,71786756,3004,José Alberto,José Alberto López Menéndez,5,867231,886803,0,marketPlayerLeague,on_sale,ok,,2026-08-20T22:24:00+02:00,,,
2026-08-20T1145Z,laliga,71786757,2545,Adama,Adama Boiro,2,471333,474410,0,marketPlayerLeague,on_sale,ok,,2026-08-20T22:24:00+02:00,,,
2026-08-20T1145Z,laliga,71786758,3186,Kevin,Kevin Sánchez,4,842160,860688,0,marketPlayerLeague,on_sale,ok,,2026-08-20T22:24:00+02:00,,,
2026-08-20T1145Z,laliga,71786759,3171,Llorenç,Llorenç Serred Martínez,1,533822,539502,0,marketPlayerLeague,on_sale,ok,,2026-08-20T22:24:00+02:00,,,
2026-08-20T1145Z,laliga,71786760,3125,Canales,Sergio Canales,3,25454084,24993293,0,marketPlayerLeague,on_sale,ok,,2026-08-20T22:24:00+02:00,,,
2026-08-20T1145Z,laliga,71786761,2876,Iker Muñoz,Iker Ortín,2,566181,573210,0,marketPlayerLeague,on_sale,ok,,2026-08-20T22:24:00+02:00,,,
2026-08-20T1145Z,laliga,71786762,2687,Manu Bueno,Manu Bueno,3,742504,753581,0,marketPlayerLeague,on_sale,ok,,2026-08-20T22:24:00+02:00,,,
2026-08-20T1145Z,laliga,71786763,184,David Soria,David Soria Solís,1,22039978,21475099,1,marketPlayerLeague,on_sale,ok,,2026-08-20T22:24:00+02:00,11935147,22039978,pending
2026-08-20T1145Z,laliga,71786764,3108,Aubameyang,Pierre-Emerick Aubameyang,4,38507025,36877261,1,marketPlayerLeague,on_sale,ok,,2026-08-20T22:24:00+02:00,,,
2026-08-20T1145Z,laliga,71786765,3168,Alberto Calatrava,Alberto Calatrava,3,927472,949554,0,marketPlayerLeague,on_sale,ok,,2026-08-20T22:24:00+02:00,,,
2026-08-20T1145Z,laliga,71786766,2321,J. Musso,Juan Musso,1,4056137,4141446,0,marketPlayerLeague,on_sale,ok,,2026-08-20T22:24:00+02:00,,,
2026-08-20T1145Z,laliga,71786768,2699,J. Ives Valou,Jean Valou,2,566181,573210,0,marketPlayerLeague,on_sale,ok,,2026-08-20T22:24:00+02:00,,,
2026-08-20T1145Z,laliga,71786769,2819,Ferrer,Diego Ferrer,1,651339,661916,0,marketPlayerLeague,on_sale,ok,,2026-08-20T22:24:00+02:00,,,
2026-08-20T1145Z,laliga,11705725,3129,Carlos Espí,Carlos Espí,4,9774649,9282313,1,marketPlayerTeam,on_sale,ok,false,2026-08-21T21:57:07+02:00,,,
2026-08-20T1145Z,laliga,14185646,3037,C. Puga,Carlos Puga,2,4962579,5096327,1,marketPlayerTeam,on_sale,ok,false,2026-08-21T22:45:24+02:00,,,
2026-08-20T1145Z,laliga,14186088,2315,Paredes,Aitor Paredes,2,5477677,5280233,1,marketPlayerTeam,on_sale,ok,false,2026-08-21T22:46:04+02:00,,,
2026-08-20T1145Z,laliga,14186254,2474,Denis Suárez,Denis Suárez,3,2367084,2420507,1,marketPlayerTeam,on_sale,ok,false,2026-08-21T22:46:18+02:00,,,
2026-08-20T1145Z,laliga,14186359,3069,Blanco,Antonio Blanco,3,14590188,14784817,1,marketPlayerTeam,on_sale,ok,false,2026-08-21T22:46:26+02:00,,,
2026-08-20T1145Z,laliga,14186511,2700,Etta Eyong,Karl Edouard Blaise Etta Eyong,4,24426515,25480174,1,marketPlayerTeam,on_sale,ok,false,2026-08-21T22:46:38+02:00,,,
2026-08-20T1145Z,laliga,14243057,74,Yuri,Yuri Berchiche Izeta,2,12311693,12294334,1,marketPlayerTeam,on_sale,ok,false,2026-08-22T00:16:06+02:00,,,
2026-08-20T1145Z,laliga,14243153,1991,Tárrega,César Tárrega,2,9131344,9139919,1,marketPlayerTeam,on_sale,ok,false,2026-08-22T00:16:18+02:00,,,
2026-08-20T1145Z,laliga,14243525,2480,Johnny,Johnny Cardoso,3,5320779,5412259,1,marketPlayerTeam,on_sale,ok,false,2026-08-22T00:16:59+02:00,,,
2026-08-20T1145Z,laliga,14243639,3035,Izan M.,Izan Merino,3,5927091,6015339,1,marketPlayerTeam,on_sale,ok,false,2026-08-22T00:17:12+02:00,,,
2026-08-20T1145Z,laliga,14270371,1930,El Hilali,Omar El Hilali,2,10098553,9760951,1,marketPlayerTeam,on_sale,ok,false,2026-08-22T01:11:35+02:00,,,
2026-08-20T1145Z,laliga,14293583,265,Zubeldia,Igor Zubeldia,2,10346166,10295291,1,marketPlayerTeam,on_sale,ok,false,2026-08-22T02:31:14+02:00,,,
2026-08-20T1145Z,laliga,14898744,2507,Dmitrovic,Marko Dmitrovic,1,39277920,38638122,0,marketPlayerTeam,on_sale,ok,false,2026-08-22T23:21:01+02:00,,,
2026-08-20T1145Z,laliga,14948006,2713,Ionut Radu,Ionut Radu,1,37095939,37095939,0,marketPlayerTeam,on_sale,ok,false,2026-08-23T00:25:58+02:00,,,
2026-08-20T1151Z,laliga,71786756,3004,José Alberto,José Alberto López Menéndez,5,867231,886803,0,marketPlayerLeague,on_sale,ok,,2026-08-20T22:24:00+02:00,,,
2026-08-20T1151Z,laliga,71786757,2545,Adama,Adama Boiro,2,471333,474410,0,marketPlayerLeague,on_sale,ok,,2026-08-20T22:24:00+02:00,,,
2026-08-20T1151Z,laliga,71786758,3186,Kevin,Kevin Sánchez,4,842160,860688,0,marketPlayerLeague,on_sale,ok,,2026-08-20T22:24:00+02:00,,,
2026-08-20T1151Z,laliga,71786759,3171,Llorenç,Llorenç Serred Martínez,1,533822,539502,0,marketPlayerLeague,on_sale,ok,,2026-08-20T22:24:00+02:00,,,
2026-08-20T1151Z,laliga,71786760,3125,Canales,Sergio Canales,3,25454084,24993293,0,marketPlayerLeague,on_sale,ok,,2026-08-20T22:24:00+02:00,,,
2026-08-20T1151Z,laliga,71786761,2876,Iker Muñoz,Iker Ortín,2,566181,573210,0,marketPlayerLeague,on_sale,ok,,2026-08-20T22:24:00+02:00,,,
2026-08-20T1151Z,laliga,71786762,2687,Manu Bueno,Manu Bueno,3,742504,753581,0,marketPlayerLeague,on_sale,ok,,2026-08-20T22:24:00+02:00,,,
2026-08-20T1151Z,laliga,71786763,184,David Soria,David Soria Solís,1,22039978,21475099,1,marketPlayerLeague,on_sale,ok,,2026-08-20T22:24:00+02:00,11935147,22039978,pending
2026-08-20T1151Z,laliga,71786764,3108,Aubameyang,Pierre-Emerick Aubameyang,4,38507025,36877261,1,marketPlayerLeague,on_sale,ok,,2026-08-20T22:24:00+02:00,,,
2026-08-20T1151Z,laliga,71786765,3168,Alberto Calatrava,Alberto Calatrava,3,927472,949554,0,marketPlayerLeague,on_sale,ok,,2026-08-20T22:24:00+02:00,,,
2026-08-20T1151Z,laliga,71786766,2321,J. Musso,Juan Musso,1,4056137,4141446,0,marketPlayerLeague,on_sale,ok,,2026-08-20T22:24:00+02:00,,,
2026-08-20T1151Z,laliga,71786768,2699,J. Ives Valou,Jean Valou,2,566181,573210,0,marketPlayerLeague,on_sale,ok,,2026-08-20T22:24:00+02:00,,,
2026-08-20T1151Z,laliga,71786769,2819,Ferrer,Diego Ferrer,1,651339,661916,0,marketPlayerLeague,on_sale,ok,,2026-08-20T22:24:00+02:00,,,
2026-08-20T1151Z,laliga,11705725,3129,Carlos Espí,Carlos Espí,4,9774649,9282313,1,marketPlayerTeam,on_sale,ok,false,2026-08-21T21:57:07+02:00,,,
2026-08-20T1151Z,laliga,14185646,3037,C. Puga,Carlos Puga,2,4962579,5096327,1,marketPlayerTeam,on_sale,ok,false,2026-08-21T22:45:24+02:00,,,
2026-08-20T1151Z,laliga,14186088,2315,Paredes,Aitor Paredes,2,5477677,5280233,1,marketPlayerTeam,on_sale,ok,false,2026-08-21T22:46:04+02:00,,,
2026-08-20T1151Z,laliga,14186254,2474,Denis Suárez,Denis Suárez,3,2367084,2420507,1,marketPlayerTeam,on_sale,ok,false,2026-08-21T22:46:18+02:00,,,
2026-08-20T1151Z,laliga,14186359,3069,Blanco,Antonio Blanco,3,14590188,14784817,1,marketPlayerTeam,on_sale,ok,false,2026-08-21T22:46:26+02:00,,,
2026-08-20T1151Z,laliga,14186511,2700,Etta Eyong,Karl Edouard Blaise Etta Eyong,4,24426515,25480174,1,marketPlayerTeam,on_sale,ok,false,2026-08-21T22:46:38+02:00,,,
2026-08-20T1151Z,laliga,14243057,74,Yuri,Yuri Berchiche Izeta,2,12311693,12294334,1,marketPlayerTeam,on_sale,ok,false,2026-08-22T00:16:06+02:00,,,
2026-08-20T1151Z,laliga,14243153,1991,Tárrega,César Tárrega,2,9131344,9139919,1,marketPlayerTeam,on_sale,ok,false,2026-08-22T00:16:18+02:00,,,
2026-08-20T1151Z,laliga,14243525,2480,Johnny,Johnny Cardoso,3,5320779,5412259,1,marketPlayerTeam,on_sale,ok,false,2026-08-22T00:16:59+02:00,,,
2026-08-20T1151Z,laliga,14243639,3035,Izan M.,Izan Merino,3,5927091,6015339,1,marketPlayerTeam,on_sale,ok,false,2026-08-22T00:17:12+02:00,,,
2026-08-20T1151Z,laliga,14270371,1930,El Hilali,Omar El Hilali,2,10098553,9760951,1,marketPlayerTeam,on_sale,ok,false,2026-08-22T01:11:35+02:00,,,
2026-08-20T1151Z,laliga,14293583,265,Zubeldia,Igor Zubeldia,2,10346166,10295291,1,marketPlayerTeam,on_sale,ok,false,2026-08-22T02:31:14+02:00,,,
2026-08-20T1151Z,laliga,14898744,2507,Dmitrovic,Marko Dmitrovic,1,39277920,38638122,0,marketPlayerTeam,on_sale,ok,false,2026-08-22T23:21:01+02:00,,,
2026-08-20T1151Z,laliga,14948006,2713,Ionut Radu,Ionut Radu,1,37095939,37095939,0,marketPlayerTeam,on_sale,ok,false,2026-08-23T00:25:58+02:00,,,
2026-08-20T1249Z,laliga,71786756,3004,José Alberto,José Alberto López Menéndez,5,867231,886803,0,marketPlayerLeague,on_sale,ok,,2026-08-20T22:24:00+02:00,,,
2026-08-20T1249Z,laliga,71786757,2545,Adama,Adama Boiro,2,471333,474410,0,marketPlayerLeague,on_sale,ok,,2026-08-20T22:24:00+02:00,,,
2026-08-20T1249Z,laliga,71786758,3186,Kevin,Kevin Sánchez,4,842160,860688,0,marketPlayerLeague,on_sale,ok,,2026-08-20T22:24:00+02:00,,,
2026-08-20T1249Z,laliga,71786759,3171,Llorenç,Llorenç Serred Martínez,1,533822,539502,0,marketPlayerLeague,on_sale,ok,,2026-08-20T22:24:00+02:00,,,
2026-08-20T1249Z,laliga,71786760,3125,Canales,Sergio Canales,3,25454084,24993293,0,marketPlayerLeague,on_sale,ok,,2026-08-20T22:24:00+02:00,,,
2026-08-20T1249Z,laliga,71786761,2876,Iker Muñoz,Iker Ortín,2,566181,573210,0,marketPlayerLeague,on_sale,ok,,2026-08-20T22:24:00+02:00,,,
2026-08-20T1249Z,laliga,71786762,2687,Manu Bueno,Manu Bueno,3,742504,753581,0,marketPlayerLeague,on_sale,ok,,2026-08-20T22:24:00+02:00,,,
2026-08-20T1249Z,laliga,71786763,184,David Soria,David Soria Solís,1,22039978,21475099,1,marketPlayerLeague,on_sale,ok,,2026-08-20T22:24:00+02:00,11935147,22039978,pending
2026-08-20T1249Z,laliga,71786764,3108,Aubameyang,Pierre-Emerick Aubameyang,4,38507025,36877261,1,marketPlayerLeague,on_sale,ok,,2026-08-20T22:24:00+02:00,,,
2026-08-20T1249Z,laliga,71786765,3168,Alberto Calatrava,Alberto Calatrava,3,927472,949554,0,marketPlayerLeague,on_sale,ok,,2026-08-20T22:24:00+02:00,,,
2026-08-20T1249Z,laliga,71786766,2321,J. Musso,Juan Musso,1,4056137,4141446,0,marketPlayerLeague,on_sale,ok,,2026-08-20T22:24:00+02:00,,,
2026-08-20T1249Z,laliga,71786768,2699,J. Ives Valou,Jean Valou,2,566181,573210,0,marketPlayerLeague,on_sale,ok,,2026-08-20T22:24:00+02:00,,,
2026-08-20T1249Z,laliga,71786769,2819,Ferrer,Diego Ferrer,1,651339,661916,0,marketPlayerLeague,on_sale,ok,,2026-08-20T22:24:00+02:00,,,
2026-08-20T1249Z,laliga,11705725,3129,Carlos Espí,Carlos Espí,4,9774649,9282313,1,marketPlayerTeam,on_sale,ok,false,2026-08-21T21:57:07+02:00,,,
2026-08-20T1249Z,laliga,14185646,3037,C. Puga,Carlos Puga,2,4962579,5096327,1,marketPlayerTeam,on_sale,ok,false,2026-08-21T22:45:24+02:00,,,
2026-08-20T1249Z,laliga,14186088,2315,Paredes,Aitor Paredes,2,5477677,5280233,1,marketPlayerTeam,on_sale,ok,false,2026-08-21T22:46:04+02:00,,,
2026-08-20T1249Z,laliga,14186254,2474,Denis Suárez,Denis Suárez,3,2367084,2420507,1,marketPlayerTeam,on_sale,ok,false,2026-08-21T22:46:18+02:00,,,
2026-08-20T1249Z,laliga,14186359,3069,Blanco,Antonio Blanco,3,14590188,14784817,1,marketPlayerTeam,on_sale,ok,false,2026-08-21T22:46:26+02:00,,,
2026-08-20T1249Z,laliga,14186511,2700,Etta Eyong,Karl Edouard Blaise Etta Eyong,4,24426515,25480174,1,marketPlayerTeam,on_sale,ok,false,2026-08-21T22:46:38+02:00,,,
2026-08-20T1249Z,laliga,14243057,74,Yuri,Yuri Berchiche Izeta,2,12311693,12294334,1,marketPlayerTeam,on_sale,ok,false,2026-08-22T00:16:06+02:00,,,
2026-08-20T1249Z,laliga,14243153,1991,Tárrega,César Tárrega,2,9131344,9139919,1,marketPlayerTeam,on_sale,ok,false,2026-08-22T00:16:18+02:00,,,
2026-08-20T1249Z,laliga,14243525,2480,Johnny,Johnny Cardoso,3,5320779,5412259,1,marketPlayerTeam,on_sale,ok,false,2026-08-22T00:16:59+02:00,,,
2026-08-20T1249Z,laliga,14243639,3035,Izan M.,Izan Merino,3,5927091,6015339,1,marketPlayerTeam,on_sale,ok,false,2026-08-22T00:17:12+02:00,,,
2026-08-20T1249Z,laliga,14270371,1930,El Hilali,Omar El Hilali,2,10098553,9760951,1,marketPlayerTeam,on_sale,ok,false,2026-08-22T01:11:35+02:00,,,
2026-08-20T1249Z,laliga,14293583,265,Zubeldia,Igor Zubeldia,2,10346166,10295291,1,marketPlayerTeam,on_sale,ok,false,2026-08-22T02:31:14+02:00,,,
2026-08-20T1249Z,laliga,14898744,2507,Dmitrovic,Marko Dmitrovic,1,39277920,38638122,0,marketPlayerTeam,on_sale,ok,false,2026-08-22T23:21:01+02:00,,,
2026-08-20T1249Z,laliga,14948006,2713,Ionut Radu,Ionut Radu,1,37095939,37095939,0,marketPlayerTeam,on_sale,ok,false,2026-08-23T00:25:58+02:00,,,
2026-08-20T1408Z,laliga,71786756,3004,José Alberto,José Alberto López Menéndez,5,867231,886803,0,marketPlayerLeague,on_sale,ok,,2026-08-20T22:24:00+02:00,,,
2026-08-20T1408Z,laliga,71786757,2545,Adama,Adama Boiro,2,471333,474410,0,marketPlayerLeague,on_sale,ok,,2026-08-20T22:24:00+02:00,,,
2026-08-20T1408Z,laliga,71786758,3186,Kevin,Kevin Sánchez,4,842160,860688,0,marketPlayerLeague,on_sale,ok,,2026-08-20T22:24:00+02:00,,,
2026-08-20T1408Z,laliga,71786759,3171,Llorenç,Llorenç Serred Martínez,1,533822,539502,0,marketPlayerLeague,on_sale,ok,,2026-08-20T22:24:00+02:00,,,
2026-08-20T1408Z,laliga,71786760,3125,Canales,Sergio Canales,3,25454084,24993293,0,marketPlayerLeague,on_sale,ok,,2026-08-20T22:24:00+02:00,,,
2026-08-20T1408Z,laliga,71786761,2876,Iker Muñoz,Iker Ortín,2,566181,573210,0,marketPlayerLeague,on_sale,ok,,2026-08-20T22:24:00+02:00,,,
2026-08-20T1408Z,laliga,71786762,2687,Manu Bueno,Manu Bueno,3,742504,753581,0,marketPlayerLeague,on_sale,ok,,2026-08-20T22:24:00+02:00,,,
2026-08-20T1408Z,laliga,71786763,184,David Soria,David Soria Solís,1,22039978,21475099,1,marketPlayerLeague,on_sale,ok,,2026-08-20T22:24:00+02:00,11935147,22039978,pending
2026-08-20T1408Z,laliga,71786764,3108,Aubameyang,Pierre-Emerick Aubameyang,4,38507025,36877261,1,marketPlayerLeague,on_sale,ok,,2026-08-20T22:24:00+02:00,,,
2026-08-20T1408Z,laliga,71786765,3168,Alberto Calatrava,Alberto Calatrava,3,927472,949554,0,marketPlayerLeague,on_sale,ok,,2026-08-20T22:24:00+02:00,,,
2026-08-20T1408Z,laliga,71786766,2321,J. Musso,Juan Musso,1,4056137,4141446,0,marketPlayerLeague,on_sale,ok,,2026-08-20T22:24:00+02:00,,,
2026-08-20T1408Z,laliga,71786768,2699,J. Ives Valou,Jean Valou,2,566181,573210,0,marketPlayerLeague,on_sale,ok,,2026-08-20T22:24:00+02:00,,,
2026-08-20T1408Z,laliga,71786769,2819,Ferrer,Diego Ferrer,1,651339,661916,0,marketPlayerLeague,on_sale,ok,,2026-08-20T22:24:00+02:00,,,
2026-08-20T1408Z,laliga,11705725,3129,Carlos Espí,Carlos Espí,4,9774649,9282313,1,marketPlayerTeam,on_sale,ok,false,2026-08-21T21:57:07+02:00,,,
2026-08-20T1408Z,laliga,14185646,3037,C. Puga,Carlos Puga,2,4962579,5096327,1,marketPlayerTeam,on_sale,ok,false,2026-08-21T22:45:24+02:00,,,
2026-08-20T1408Z,laliga,14186088,2315,Paredes,Aitor Paredes,2,5477677,5280233,1,marketPlayerTeam,on_sale,ok,false,2026-08-21T22:46:04+02:00,,,
2026-08-20T1408Z,laliga,14186254,2474,Denis Suárez,Denis Suárez,3,2367084,2420507,1,marketPlayerTeam,on_sale,ok,false,2026-08-21T22:46:18+02:00,,,
2026-08-20T1408Z,laliga,14186359,3069,Blanco,Antonio Blanco,3,14590188,14784817,1,marketPlayerTeam,on_sale,ok,false,2026-08-21T22:46:26+02:00,,,
2026-08-20T1408Z,laliga,14186511,2700,Etta Eyong,Karl Edouard Blaise Etta Eyong,4,24426515,25480174,1,marketPlayerTeam,on_sale,ok,false,2026-08-21T22:46:38+02:00,,,
2026-08-20T1408Z,laliga,14243057,74,Yuri,Yuri Berchiche Izeta,2,12311693,12294334,1,marketPlayerTeam,on_sale,ok,false,2026-08-22T00:16:06+02:00,,,
2026-08-20T1408Z,laliga,14243153,1991,Tárrega,César Tárrega,2,9131344,9139919,1,marketPlayerTeam,on_sale,ok,false,2026-08-22T00:16:18+02:00,,,
2026-08-20T1408Z,laliga,14243525,2480,Johnny,Johnny Cardoso,3,5320779,5412259,1,marketPlayerTeam,on_sale,ok,false,2026-08-22T00:16:59+02:00,,,
2026-08-20T1408Z,laliga,14243639,3035,Izan M.,Izan Merino,3,5927091,6015339,1,marketPlayerTeam,on_sale,ok,false,2026-08-22T00:17:12+02:00,,,
2026-08-20T1408Z,laliga,14270371,1930,El Hilali,Omar El Hilali,2,10098553,9760951,1,marketPlayerTeam,on_sale,ok,false,2026-08-22T01:11:35+02:00,,,
2026-08-20T1408Z,laliga,14293583,265,Zubeldia,Igor Zubeldia,2,10346166,10295291,1,marketPlayerTeam,on_sale,ok,false,2026-08-22T02:31:14+02:00,,,
2026-08-20T1408Z,laliga,14898744,2507,Dmitrovic,Marko Dmitrovic,1,39277920,38638122,0,marketPlayerTeam,on_sale,ok,false,2026-08-22T23:21:01+02:00,,,
2026-08-20T1408Z,laliga,14948006,2713,Ionut Radu,Ionut Radu,1,37095939,37095939,0,marketPlayerTeam,on_sale,ok,false,2026-08-23T00:25:58+02:00,,,
2026-08-20T1411Z,laliga,71786756,3004,José Alberto,José Alberto López Menéndez,5,867231,886803,0,marketPlayerLeague,on_sale,ok,,2026-08-20T22:24:00+02:00,,,
2026-08-20T1411Z,laliga,71786757,2545,Adama,Adama Boiro,2,471333,474410,0,marketPlayerLeague,on_sale,ok,,2026-08-20T22:24:00+02:00,,,
2026-08-20T1411Z,laliga,71786758,3186,Kevin,Kevin Sánchez,4,842160,860688,0,marketPlayerLeague,on_sale,ok,,2026-08-20T22:24:00+02:00,,,
2026-08-20T1411Z,laliga,71786759,3171,Llorenç,Llorenç Serred Martínez,1,533822,539502,0,marketPlayerLeague,on_sale,ok,,2026-08-20T22:24:00+02:00,,,
2026-08-20T1411Z,laliga,71786760,3125,Canales,Sergio Canales,3,25454084,24993293,0,marketPlayerLeague,on_sale,ok,,2026-08-20T22:24:00+02:00,,,
2026-08-20T1411Z,laliga,71786761,2876,Iker Muñoz,Iker Ortín,2,566181,573210,0,marketPlayerLeague,on_sale,ok,,2026-08-20T22:24:00+02:00,,,
2026-08-20T1411Z,laliga,71786762,2687,Manu Bueno,Manu Bueno,3,742504,753581,0,marketPlayerLeague,on_sale,ok,,2026-08-20T22:24:00+02:00,,,
2026-08-20T1411Z,laliga,71786763,184,David Soria,David Soria Solís,1,22039978,21475099,1,marketPlayerLeague,on_sale,ok,,2026-08-20T22:24:00+02:00,11935147,22039978,pending
2026-08-20T1411Z,laliga,71786764,3108,Aubameyang,Pierre-Emerick Aubameyang,4,38507025,36877261,1,marketPlayerLeague,on_sale,ok,,2026-08-20T22:24:00+02:00,,,
2026-08-20T1411Z,laliga,71786765,3168,Alberto Calatrava,Alberto Calatrava,3,927472,949554,0,marketPlayerLeague,on_sale,ok,,2026-08-20T22:24:00+02:00,,,
2026-08-20T1411Z,laliga,71786766,2321,J. Musso,Juan Musso,1,4056137,4141446,0,marketPlayerLeague,on_sale,ok,,2026-08-20T22:24:00+02:00,,,
2026-08-20T1411Z,laliga,71786768,2699,J. Ives Valou,Jean Valou,2,566181,573210,0,marketPlayerLeague,on_sale,ok,,2026-08-20T22:24:00+02:00,,,
2026-08-20T1411Z,laliga,71786769,2819,Ferrer,Diego Ferrer,1,651339,661916,0,marketPlayerLeague,on_sale,ok,,2026-08-20T22:24:00+02:00,,,
2026-08-20T1411Z,laliga,11705725,3129,Carlos Espí,Carlos Espí,4,9774649,9282313,1,marketPlayerTeam,on_sale,ok,false,2026-08-21T21:57:07+02:00,,,
2026-08-20T1411Z,laliga,14185646,3037,C. Puga,Carlos Puga,2,4962579,5096327,1,marketPlayerTeam,on_sale,ok,false,2026-08-21T22:45:24+02:00,,,
2026-08-20T1411Z,laliga,14186088,2315,Paredes,Aitor Paredes,2,5477677,5280233,1,marketPlayerTeam,on_sale,ok,false,2026-08-21T22:46:04+02:00,,,
2026-08-20T1411Z,laliga,14186254,2474,Denis Suárez,Denis Suárez,3,2367084,2420507,1,marketPlayerTeam,on_sale,ok,false,2026-08-21T22:46:18+02:00,,,
2026-08-20T1411Z,laliga,14186359,3069,Blanco,Antonio Blanco,3,14590188,14784817,1,marketPlayerTeam,on_sale,ok,false,2026-08-21T22:46:26+02:00,,,
2026-08-20T1411Z,laliga,14186511,2700,Etta Eyong,Karl Edouard Blaise Etta Eyong,4,24426515,25480174,1,marketPlayerTeam,on_sale,ok,false,2026-08-21T22:46:38+02:00,,,
2026-08-20T1411Z,laliga,14243057,74,Yuri,Yuri Berchiche Izeta,2,12311693,12294334,1,marketPlayerTeam,on_sale,ok,false,2026-08-22T00:16:06+02:00,,,
2026-08-20T1411Z,laliga,14243153,1991,Tárrega,César Tárrega,2,9131344,9139919,1,marketPlayerTeam,on_sale,ok,false,2026-08-22T00:16:18+02:00,,,
2026-08-20T1411Z,laliga,14243525,2480,Johnny,Johnny Cardoso,3,5320779,5412259,1,marketPlayerTeam,on_sale,ok,false,2026-08-22T00:16:59+02:00,,,
2026-08-20T1411Z,laliga,14243639,3035,Izan M.,Izan Merino,3,5927091,6015339,1,marketPlayerTeam,on_sale,ok,false,2026-08-22T00:17:12+02:00,,,
2026-08-20T1411Z,laliga,14270371,1930,El Hilali,Omar El Hilali,2,10098553,9760951,1,marketPlayerTeam,on_sale,ok,false,2026-08-22T01:11:35+02:00,,,
2026-08-20T1411Z,laliga,14293583,265,Zubeldia,Igor Zubeldia,2,10346166,10295291,1,marketPlayerTeam,on_sale,ok,false,2026-08-22T02:31:14+02:00,,,
2026-08-20T1411Z,laliga,14898744,2507,Dmitrovic,Marko Dmitrovic,1,39277920,38638122,0,marketPlayerTeam,on_sale,ok,false,2026-08-22T23:21:01+02:00,,,
2026-08-20T1411Z,laliga,14948006,2713,Ionut Radu,Ionut Radu,1,37095939,37095939,0,marketPlayerTeam,on_sale,ok,false,2026-08-23T00:25:58+02:00,,,
2026-08-20T1428Z,laliga,71786756,3004,José Alberto,José Alberto López Menéndez,5,867231,886803,0,marketPlayerLeague,on_sale,ok,,2026-08-20T22:24:00+02:00,,,
2026-08-20T1428Z,laliga,71786757,2545,Adama,Adama Boiro,2,471333,474410,0,marketPlayerLeague,on_sale,ok,,2026-08-20T22:24:00+02:00,,,
2026-08-20T1428Z,laliga,71786758,3186,Kevin,Kevin Sánchez,4,842160,860688,0,marketPlayerLeague,on_sale,ok,,2026-08-20T22:24:00+02:00,,,
2026-08-20T1428Z,laliga,71786759,3171,Llorenç,Llorenç Serred Martínez,1,533822,539502,0,marketPlayerLeague,on_sale,ok,,2026-08-20T22:24:00+02:00,,,
2026-08-20T1428Z,laliga,71786760,3125,Canales,Sergio Canales,3,25454084,24993293,0,marketPlayerLeague,on_sale,ok,,2026-08-20T22:24:00+02:00,,,
2026-08-20T1428Z,laliga,71786761,2876,Iker Muñoz,Iker Ortín,2,566181,573210,0,marketPlayerLeague,on_sale,ok,,2026-08-20T22:24:00+02:00,,,
2026-08-20T1428Z,laliga,71786762,2687,Manu Bueno,Manu Bueno,3,742504,753581,0,marketPlayerLeague,on_sale,ok,,2026-08-20T22:24:00+02:00,,,
2026-08-20T1428Z,laliga,71786763,184,David Soria,David Soria Solís,1,22039978,21475099,1,marketPlayerLeague,on_sale,ok,,2026-08-20T22:24:00+02:00,11935147,22039978,pending
2026-08-20T1428Z,laliga,71786764,3108,Aubameyang,Pierre-Emerick Aubameyang,4,38507025,36877261,1,marketPlayerLeague,on_sale,ok,,2026-08-20T22:24:00+02:00,,,
2026-08-20T1428Z,laliga,71786765,3168,Alberto Calatrava,Alberto Calatrava,3,927472,949554,0,marketPlayerLeague,on_sale,ok,,2026-08-20T22:24:00+02:00,,,
2026-08-20T1428Z,laliga,71786766,2321,J. Musso,Juan Musso,1,4056137,4141446,0,marketPlayerLeague,on_sale,ok,,2026-08-20T22:24:00+02:00,,,
2026-08-20T1428Z,laliga,71786768,2699,J. Ives Valou,Jean Valou,2,566181,573210,0,marketPlayerLeague,on_sale,ok,,2026-08-20T22:24:00+02:00,,,
2026-08-20T1428Z,laliga,71786769,2819,Ferrer,Diego Ferrer,1,651339,661916,0,marketPlayerLeague,on_sale,ok,,2026-08-20T22:24:00+02:00,,,
2026-08-20T1428Z,laliga,11705725,3129,Carlos Espí,Carlos Espí,4,9774649,9282313,1,marketPlayerTeam,on_sale,ok,false,2026-08-21T21:57:07+02:00,,,
2026-08-20T1428Z,laliga,14185646,3037,C. Puga,Carlos Puga,2,4962579,5096327,1,marketPlayerTeam,on_sale,ok,false,2026-08-21T22:45:24+02:00,,,
2026-08-20T1428Z,laliga,14186088,2315,Paredes,Aitor Paredes,2,5477677,5280233,1,marketPlayerTeam,on_sale,ok,false,2026-08-21T22:46:04+02:00,,,
2026-08-20T1428Z,laliga,14186254,2474,Denis Suárez,Denis Suárez,3,2367084,2420507,1,marketPlayerTeam,on_sale,ok,false,2026-08-21T22:46:18+02:00,,,
2026-08-20T1428Z,laliga,14186359,3069,Blanco,Antonio Blanco,3,14590188,14784817,1,marketPlayerTeam,on_sale,ok,false,2026-08-21T22:46:26+02:00,,,
2026-08-20T1428Z,laliga,14186511,2700,Etta Eyong,Karl Edouard Blaise Etta Eyong,4,24426515,25480174,1,marketPlayerTeam,on_sale,ok,false,2026-08-21T22:46:38+02:00,,,
2026-08-20T1428Z,laliga,14243057,74,Yuri,Yuri Berchiche Izeta,2,12311693,12294334,1,marketPlayerTeam,on_sale,ok,false,2026-08-22T00:16:06+02:00,,,
2026-08-20T1428Z,laliga,14243153,1991,Tárrega,César Tárrega,2,9131344,9139919,1,marketPlayerTeam,on_sale,ok,false,2026-08-22T00:16:18+02:00,,,
2026-08-20T1428Z,laliga,14243525,2480,Johnny,Johnny Cardoso,3,5320779,5412259,1,marketPlayerTeam,on_sale,ok,false,2026-08-22T00:16:59+02:00,,,
2026-08-20T1428Z,laliga,14243639,3035,Izan M.,Izan Merino,3,5927091,6015339,1,marketPlayerTeam,on_sale,ok,false,2026-08-22T00:17:12+02:00,,,
2026-08-20T1428Z,laliga,14270371,1930,El Hilali,Omar El Hilali,2,10098553,9760951,1,marketPlayerTeam,on_sale,ok,false,2026-08-22T01:11:35+02:00,,,
2026-08-20T1428Z,laliga,14293583,265,Zubeldia,Igor Zubeldia,2,10346166,10295291,1,marketPlayerTeam,on_sale,ok,false,2026-08-22T02:31:14+02:00,,,
2026-08-20T1428Z,laliga,14898744,2507,Dmitrovic,Marko Dmitrovic,1,39277920,38638122,0,marketPlayerTeam,on_sale,ok,false,2026-08-22T23:21:01+02:00,,,
2026-08-20T1428Z,laliga,14948006,2713,Ionut Radu,Ionut Radu,1,37095939,37095939,0,marketPlayerTeam,on_sale,ok,false,2026-08-23T00:25:58+02:00,,,
2026-08-20T1449Z,laliga,71786756,3004,José Alberto,José Alberto López Menéndez,5,867231,886803,0,marketPlayerLeague,on_sale,ok,,2026-08-20T22:24:00+02:00,,,
2026-08-20T1449Z,laliga,71786757,2545,Adama,Adama Boiro,2,471333,474410,0,marketPlayerLeague,on_sale,ok,,2026-08-20T22:24:00+02:00,,,
2026-08-20T1449Z,laliga,71786758,3186,Kevin,Kevin Sánchez,4,842160,860688,0,marketPlayerLeague,on_sale,ok,,2026-08-20T22:24:00+02:00,,,
2026-08-20T1449Z,laliga,71786759,3171,Llorenç,Llorenç Serred Martínez,1,533822,539502,0,marketPlayerLeague,on_sale,ok,,2026-08-20T22:24:00+02:00,,,
2026-08-20T1449Z,laliga,71786760,3125,Canales,Sergio Canales,3,25454084,24993293,0,marketPlayerLeague,on_sale,ok,,2026-08-20T22:24:00+02:00,,,
2026-08-20T1449Z,laliga,71786761,2876,Iker Muñoz,Iker Ortín,2,566181,573210,0,marketPlayerLeague,on_sale,ok,,2026-08-20T22:24:00+02:00,,,
2026-08-20T1449Z,laliga,71786762,2687,Manu Bueno,Manu Bueno,3,742504,753581,0,marketPlayerLeague,on_sale,ok,,2026-08-20T22:24:00+02:00,,,
2026-08-20T1449Z,laliga,71786763,184,David Soria,David Soria Solís,1,22039978,21475099,1,marketPlayerLeague,on_sale,ok,,2026-08-20T22:24:00+02:00,11935147,22039978,pending
2026-08-20T1449Z,laliga,71786764,3108,Aubameyang,Pierre-Emerick Aubameyang,4,38507025,36877261,1,marketPlayerLeague,on_sale,ok,,2026-08-20T22:24:00+02:00,,,
2026-08-20T1449Z,laliga,71786765,3168,Alberto Calatrava,Alberto Calatrava,3,927472,949554,0,marketPlayerLeague,on_sale,ok,,2026-08-20T22:24:00+02:00,,,
2026-08-20T1449Z,laliga,71786766,2321,J. Musso,Juan Musso,1,4056137,4141446,0,marketPlayerLeague,on_sale,ok,,2026-08-20T22:24:00+02:00,,,
2026-08-20T1449Z,laliga,71786768,2699,J. Ives Valou,Jean Valou,2,566181,573210,0,marketPlayerLeague,on_sale,ok,,2026-08-20T22:24:00+02:00,,,
2026-08-20T1449Z,laliga,71786769,2819,Ferrer,Diego Ferrer,1,651339,661916,0,marketPlayerLeague,on_sale,ok,,2026-08-20T22:24:00+02:00,,,
2026-08-20T1449Z,laliga,11705725,3129,Carlos Espí,Carlos Espí,4,9774649,9282313,1,marketPlayerTeam,on_sale,ok,false,2026-08-21T21:57:07+02:00,,,
2026-08-20T1449Z,laliga,14185646,3037,C. Puga,Carlos Puga,2,4962579,5096327,1,marketPlayerTeam,on_sale,ok,false,2026-08-21T22:45:24+02:00,,,
2026-08-20T1449Z,laliga,14186088,2315,Paredes,Aitor Paredes,2,5477677,5280233,1,marketPlayerTeam,on_sale,ok,false,2026-08-21T22:46:04+02:00,,,
2026-08-20T1449Z,laliga,14186254,2474,Denis Suárez,Denis Suárez,3,2367084,2420507,1,marketPlayerTeam,on_sale,ok,false,2026-08-21T22:46:18+02:00,,,
2026-08-20T1449Z,laliga,14186359,3069,Blanco,Antonio Blanco,3,14590188,14784817,1,marketPlayerTeam,on_sale,ok,false,2026-08-21T22:46:26+02:00,,,
2026-08-20T1449Z,laliga,14186511,2700,Etta Eyong,Karl Edouard Blaise Etta Eyong,4,24426515,25480174,1,marketPlayerTeam,on_sale,ok,false,2026-08-21T22:46:38+02:00,,,
2026-08-20T1449Z,laliga,14243057,74,Yuri,Yuri Berchiche Izeta,2,12311693,12294334,1,marketPlayerTeam,on_sale,ok,false,2026-08-22T00:16:06+02:00,,,
2026-08-20T1449Z,laliga,14243153,1991,Tárrega,César Tárrega,2,9131344,9139919,1,marketPlayerTeam,on_sale,ok,false,2026-08-22T00:16:18+02:00,,,
2026-08-20T1449Z,laliga,14243525,2480,Johnny,Johnny Cardoso,3,5320779,5412259,1,marketPlayerTeam,on_sale,ok,false,2026-08-22T00:16:59+02:00,,,
2026-08-20T1449Z,laliga,14243639,3035,Izan M.,Izan Merino,3,5927091,6015339,1,marketPlayerTeam,on_sale,ok,false,2026-08-22T00:17:12+02:00,,,
2026-08-20T1449Z,laliga,14270371,1930,El Hilali,Omar El Hilali,2,10098553,9760951,1,marketPlayerTeam,on_sale,ok,false,2026-08-22T01:11:35+02:00,,,
2026-08-20T1449Z,laliga,14293583,265,Zubeldia,Igor Zubeldia,2,10346166,10295291,1,marketPlayerTeam,on_sale,ok,false,2026-08-22T02:31:14+02:00,,,
2026-08-20T1449Z,laliga,14898744,2507,Dmitrovic,Marko Dmitrovic,1,39277920,38638122,0,marketPlayerTeam,on_sale,ok,false,2026-08-22T23:21:01+02:00,,,
2026-08-20T1449Z,laliga,14948006,2713,Ionut Radu,Ionut Radu,1,37095939,37095939,0,marketPlayerTeam,on_sale,ok,false,2026-08-23T00:25:58+02:00,,,
2026-08-20T1514Z,laliga,71786756,3004,José Alberto,José Alberto López Menéndez,5,867231,886803,0,marketPlayerLeague,on_sale,ok,,2026-08-20T22:24:00+02:00,,,
2026-08-20T1514Z,laliga,71786757,2545,Adama,Adama Boiro,2,471333,474410,0,marketPlayerLeague,on_sale,ok,,2026-08-20T22:24:00+02:00,,,
2026-08-20T1514Z,laliga,71786758,3186,Kevin,Kevin Sánchez,4,842160,860688,0,marketPlayerLeague,on_sale,ok,,2026-08-20T22:24:00+02:00,,,
2026-08-20T1514Z,laliga,71786759,3171,Llorenç,Llorenç Serred Martínez,1,533822,539502,0,marketPlayerLeague,on_sale,ok,,2026-08-20T22:24:00+02:00,,,
2026-08-20T1514Z,laliga,71786760,3125,Canales,Sergio Canales,3,25454084,24993293,0,marketPlayerLeague,on_sale,ok,,2026-08-20T22:24:00+02:00,,,
2026-08-20T1514Z,laliga,71786761,2876,Iker Muñoz,Iker Ortín,2,566181,573210,0,marketPlayerLeague,on_sale,ok,,2026-08-20T22:24:00+02:00,,,
2026-08-20T1514Z,laliga,71786762,2687,Manu Bueno,Manu Bueno,3,742504,753581,0,marketPlayerLeague,on_sale,ok,,2026-08-20T22:24:00+02:00,,,
2026-08-20T1514Z,laliga,71786763,184,David Soria,David Soria Solís,1,22039978,21475099,1,marketPlayerLeague,on_sale,ok,,2026-08-20T22:24:00+02:00,11935147,22039978,pending
2026-08-20T1514Z,laliga,71786764,3108,Aubameyang,Pierre-Emerick Aubameyang,4,38507025,36877261,1,marketPlayerLeague,on_sale,ok,,2026-08-20T22:24:00+02:00,,,
2026-08-20T1514Z,laliga,71786765,3168,Alberto Calatrava,Alberto Calatrava,3,927472,949554,0,marketPlayerLeague,on_sale,ok,,2026-08-20T22:24:00+02:00,,,
2026-08-20T1514Z,laliga,71786766,2321,J. Musso,Juan Musso,1,4056137,4141446,0,marketPlayerLeague,on_sale,ok,,2026-08-20T22:24:00+02:00,,,
2026-08-20T1514Z,laliga,71786768,2699,J. Ives Valou,Jean Valou,2,566181,573210,0,marketPlayerLeague,on_sale,ok,,2026-08-20T22:24:00+02:00,,,
2026-08-20T1514Z,laliga,71786769,2819,Ferrer,Diego Ferrer,1,651339,661916,0,marketPlayerLeague,on_sale,ok,,2026-08-20T22:24:00+02:00,,,
2026-08-20T1514Z,laliga,11705725,3129,Carlos Espí,Carlos Espí,4,9774649,9282313,1,marketPlayerTeam,on_sale,ok,false,2026-08-21T21:57:07+02:00,,,
2026-08-20T1514Z,laliga,14185646,3037,C. Puga,Carlos Puga,2,4962579,5096327,1,marketPlayerTeam,on_sale,ok,false,2026-08-21T22:45:24+02:00,,,
2026-08-20T1514Z,laliga,14186088,2315,Paredes,Aitor Paredes,2,5477677,5280233,1,marketPlayerTeam,on_sale,ok,false,2026-08-21T22:46:04+02:00,,,
2026-08-20T1514Z,laliga,14186254,2474,Denis Suárez,Denis Suárez,3,2367084,2420507,1,marketPlayerTeam,on_sale,ok,false,2026-08-21T22:46:18+02:00,,,
2026-08-20T1514Z,laliga,14186359,3069,Blanco,Antonio Blanco,3,14590188,14784817,1,marketPlayerTeam,on_sale,ok,false,2026-08-21T22:46:26+02:00,,,
2026-08-20T1514Z,laliga,14186511,2700,Etta Eyong,Karl Edouard Blaise Etta Eyong,4,24426515,25480174,1,marketPlayerTeam,on_sale,ok,false,2026-08-21T22:46:38+02:00,,,
2026-08-20T1514Z,laliga,14243057,74,Yuri,Yuri Berchiche Izeta,2,12311693,12294334,1,marketPlayerTeam,on_sale,ok,false,2026-08-22T00:16:06+02:00,,,
2026-08-20T1514Z,laliga,14243153,1991,Tárrega,César Tárrega,2,9131344,9139919,1,marketPlayerTeam,on_sale,ok,false,2026-08-22T00:16:18+02:00,,,
2026-08-20T1514Z,laliga,14243525,2480,Johnny,Johnny Cardoso,3,5320779,5412259,1,marketPlayerTeam,on_sale,ok,false,2026-08-22T00:16:59+02:00,,,
2026-08-20T1514Z,laliga,14243639,3035,Izan M.,Izan Merino,3,5927091,6015339,1,marketPlayerTeam,on_sale,ok,false,2026-08-22T00:17:12+02:00,,,
2026-08-20T1514Z,laliga,14270371,1930,El Hilali,Omar El Hilali,2,10098553,9760951,1,marketPlayerTeam,on_sale,ok,false,2026-08-22T01:11:35+02:00,,,
2026-08-20T1514Z,laliga,14293583,265,Zubeldia,Igor Zubeldia,2,10346166,10295291,1,marketPlayerTeam,on_sale,ok,false,2026-08-22T02:31:14+02:00,,,
2026-08-20T1514Z,laliga,14898744,2507,Dmitrovic,Marko Dmitrovic,1,39277920,38638122,0,marketPlayerTeam,on_sale,ok,false,2026-08-22T23:21:01+02:00,,,
2026-08-20T1514Z,laliga,14948006,2713,Ionut Radu,Ionut Radu,1,37095939,37095939,0,marketPlayerTeam,on_sale,ok,false,2026-08-23T00:25:58+02:00,,,
2026-08-20T1517Z,laliga,71786756,3004,José Alberto,José Alberto López Menéndez,5,867231,886803,0,marketPlayerLeague,on_sale,ok,,2026-08-20T22:24:00+02:00,,,
2026-08-20T1517Z,laliga,71786757,2545,Adama,Adama Boiro,2,471333,474410,0,marketPlayerLeague,on_sale,ok,,2026-08-20T22:24:00+02:00,,,
2026-08-20T1517Z,laliga,71786758,3186,Kevin,Kevin Sánchez,4,842160,860688,0,marketPlayerLeague,on_sale,ok,,2026-08-20T22:24:00+02:00,,,
2026-08-20T1517Z,laliga,71786759,3171,Llorenç,Llorenç Serred Martínez,1,533822,539502,0,marketPlayerLeague,on_sale,ok,,2026-08-20T22:24:00+02:00,,,
2026-08-20T1517Z,laliga,71786760,3125,Canales,Sergio Canales,3,25454084,24993293,0,marketPlayerLeague,on_sale,ok,,2026-08-20T22:24:00+02:00,,,
2026-08-20T1517Z,laliga,71786761,2876,Iker Muñoz,Iker Ortín,2,566181,573210,0,marketPlayerLeague,on_sale,ok,,2026-08-20T22:24:00+02:00,,,
2026-08-20T1517Z,laliga,71786762,2687,Manu Bueno,Manu Bueno,3,742504,753581,0,marketPlayerLeague,on_sale,ok,,2026-08-20T22:24:00+02:00,,,
2026-08-20T1517Z,laliga,71786763,184,David Soria,David Soria Solís,1,22039978,21475099,1,marketPlayerLeague,on_sale,ok,,2026-08-20T22:24:00+02:00,11935147,22039978,pending
2026-08-20T1517Z,laliga,71786764,3108,Aubameyang,Pierre-Emerick Aubameyang,4,38507025,36877261,1,marketPlayerLeague,on_sale,ok,,2026-08-20T22:24:00+02:00,,,
2026-08-20T1517Z,laliga,71786765,3168,Alberto Calatrava,Alberto Calatrava,3,927472,949554,0,marketPlayerLeague,on_sale,ok,,2026-08-20T22:24:00+02:00,,,
2026-08-20T1517Z,laliga,71786766,2321,J. Musso,Juan Musso,1,4056137,4141446,0,marketPlayerLeague,on_sale,ok,,2026-08-20T22:24:00+02:00,,,
2026-08-20T1517Z,laliga,71786768,2699,J. Ives Valou,Jean Valou,2,566181,573210,0,marketPlayerLeague,on_sale,ok,,2026-08-20T22:24:00+02:00,,,
2026-08-20T1517Z,laliga,71786769,2819,Ferrer,Diego Ferrer,1,651339,661916,0,marketPlayerLeague,on_sale,ok,,2026-08-20T22:24:00+02:00,,,
2026-08-20T1517Z,laliga,11705725,3129,Carlos Espí,Carlos Espí,4,9774649,9282313,1,marketPlayerTeam,on_sale,ok,false,2026-08-21T21:57:07+02:00,,,
2026-08-20T1517Z,laliga,14185646,3037,C. Puga,Carlos Puga,2,4962579,5096327,1,marketPlayerTeam,on_sale,ok,false,2026-08-21T22:45:24+02:00,,,
2026-08-20T1517Z,laliga,14186088,2315,Paredes,Aitor Paredes,2,5477677,5280233,1,marketPlayerTeam,on_sale,ok,false,2026-08-21T22:46:04+02:00,,,
2026-08-20T1517Z,laliga,14186254,2474,Denis Suárez,Denis Suárez,3,2367084,2420507,1,marketPlayerTeam,on_sale,ok,false,2026-08-21T22:46:18+02:00,,,
2026-08-20T1517Z,laliga,14186359,3069,Blanco,Antonio Blanco,3,14590188,14784817,1,marketPlayerTeam,on_sale,ok,false,2026-08-21T22:46:26+02:00,,,
2026-08-20T1517Z,laliga,14186511,2700,Etta Eyong,Karl Edouard Blaise Etta Eyong,4,24426515,25480174,1,marketPlayerTeam,on_sale,ok,false,2026-08-21T22:46:38+02:00,,,
2026-08-20T1517Z,laliga,14243057,74,Yuri,Yuri Berchiche Izeta,2,12311693,12294334,1,marketPlayerTeam,on_sale,ok,false,2026-08-22T00:16:06+02:00,,,
2026-08-20T1517Z,laliga,14243153,1991,Tárrega,César Tárrega,2,9131344,9139919,1,marketPlayerTeam,on_sale,ok,false,2026-08-22T00:16:18+02:00,,,
2026-08-20T1517Z,laliga,14243525,2480,Johnny,Johnny Cardoso,3,5320779,5412259,1,marketPlayerTeam,on_sale,ok,false,2026-08-22T00:16:59+02:00,,,
2026-08-20T1517Z,laliga,14243639,3035,Izan M.,Izan Merino,3,5927091,6015339,1,marketPlayerTeam,on_sale,ok,false,2026-08-22T00:17:12+02:00,,,
2026-08-20T1517Z,laliga,14270371,1930,El Hilali,Omar El Hilali,2,10098553,9760951,1,marketPlayerTeam,on_sale,ok,false,2026-08-22T01:11:35+02:00,,,
2026-08-20T1517Z,laliga,14293583,265,Zubeldia,Igor Zubeldia,2,10346166,10295291,1,marketPlayerTeam,on_sale,ok,false,2026-08-22T02:31:14+02:00,,,
2026-08-20T1517Z,laliga,14898744,2507,Dmitrovic,Marko Dmitrovic,1,39277920,38638122,0,marketPlayerTeam,on_sale,ok,false,2026-08-22T23:21:01+02:00,,,
2026-08-20T1517Z,laliga,14948006,2713,Ionut Radu,Ionut Radu,1,37095939,37095939,0,marketPlayerTeam,on_sale,ok,false,2026-08-23T00:25:58+02:00,,,
2026-08-20T1714Z,laliga,71786756,3004,José Alberto,José Alberto López Menéndez,5,867231,886803,0,marketPlayerLeague,on_sale,ok,,2026-08-20T22:24:00+02:00,,,
2026-08-20T1714Z,laliga,71786757,2545,Adama,Adama Boiro,2,471333,474410,0,marketPlayerLeague,on_sale,ok,,2026-08-20T22:24:00+02:00,,,
2026-08-20T1714Z,laliga,71786758,3186,Kevin,Kevin Sánchez,4,842160,860688,0,marketPlayerLeague,on_sale,ok,,2026-08-20T22:24:00+02:00,,,
2026-08-20T1714Z,laliga,71786759,3171,Llorenç,Llorenç Serred Martínez,1,533822,539502,0,marketPlayerLeague,on_sale,ok,,2026-08-20T22:24:00+02:00,,,
2026-08-20T1714Z,laliga,71786760,3125,Canales,Sergio Canales,3,25454084,24993293,0,marketPlayerLeague,on_sale,ok,,2026-08-20T22:24:00+02:00,,,
2026-08-20T1714Z,laliga,71786761,2876,Iker Muñoz,Iker Ortín,2,566181,573210,0,marketPlayerLeague,on_sale,ok,,2026-08-20T22:24:00+02:00,,,
2026-08-20T1714Z,laliga,71786762,2687,Manu Bueno,Manu Bueno,3,742504,753581,0,marketPlayerLeague,on_sale,ok,,2026-08-20T22:24:00+02:00,,,
2026-08-20T1714Z,laliga,71786763,184,David Soria,David Soria Solís,1,22039978,21475099,1,marketPlayerLeague,on_sale,ok,,2026-08-20T22:24:00+02:00,11935147,22039978,pending
2026-08-20T1714Z,laliga,71786764,3108,Aubameyang,Pierre-Emerick Aubameyang,4,38507025,36877261,1,marketPlayerLeague,on_sale,ok,,2026-08-20T22:24:00+02:00,,,
2026-08-20T1714Z,laliga,71786765,3168,Alberto Calatrava,Alberto Calatrava,3,927472,949554,0,marketPlayerLeague,on_sale,ok,,2026-08-20T22:24:00+02:00,,,
2026-08-20T1714Z,laliga,71786766,2321,J. Musso,Juan Musso,1,4056137,4141446,0,marketPlayerLeague,on_sale,ok,,2026-08-20T22:24:00+02:00,,,
2026-08-20T1714Z,laliga,71786768,2699,J. Ives Valou,Jean Valou,2,566181,573210,0,marketPlayerLeague,on_sale,ok,,2026-08-20T22:24:00+02:00,,,
2026-08-20T1714Z,laliga,71786769,2819,Ferrer,Diego Ferrer,1,651339,661916,0,marketPlayerLeague,on_sale,ok,,2026-08-20T22:24:00+02:00,,,
2026-08-20T1714Z,laliga,11705725,3129,Carlos Espí,Carlos Espí,4,9774649,9282313,1,marketPlayerTeam,on_sale,ok,false,2026-08-21T21:57:07+02:00,,,
2026-08-20T1714Z,laliga,14185646,3037,C. Puga,Carlos Puga,2,4962579,5096327,1,marketPlayerTeam,on_sale,ok,false,2026-08-21T22:45:24+02:00,,,
2026-08-20T1714Z,laliga,14186088,2315,Paredes,Aitor Paredes,2,5477677,5280233,1,marketPlayerTeam,on_sale,ok,false,2026-08-21T22:46:04+02:00,,,
2026-08-20T1714Z,laliga,14186254,2474,Denis Suárez,Denis Suárez,3,2367084,2420507,1,marketPlayerTeam,on_sale,ok,false,2026-08-21T22:46:18+02:00,,,
2026-08-20T1714Z,laliga,14186359,3069,Blanco,Antonio Blanco,3,14590188,14784817,1,marketPlayerTeam,on_sale,ok,false,2026-08-21T22:46:26+02:00,,,
2026-08-20T1714Z,laliga,14186511,2700,Etta Eyong,Karl Edouard Blaise Etta Eyong,4,24426515,25480174,1,marketPlayerTeam,on_sale,ok,false,2026-08-21T22:46:38+02:00,,,
2026-08-20T1714Z,laliga,14243057,74,Yuri,Yuri Berchiche Izeta,2,12311693,12294334,1,marketPlayerTeam,on_sale,ok,false,2026-08-22T00:16:06+02:00,,,
2026-08-20T1714Z,laliga,14243153,1991,Tárrega,César Tárrega,2,9131344,9139919,1,marketPlayerTeam,on_sale,ok,false,2026-08-22T00:16:18+02:00,,,
2026-08-20T1714Z,laliga,14243525,2480,Johnny,Johnny Cardoso,3,5320779,5412259,1,marketPlayerTeam,on_sale,ok,false,2026-08-22T00:16:59+02:00,,,
2026-08-20T1714Z,laliga,14243639,3035,Izan M.,Izan Merino,3,5927091,6015339,1,marketPlayerTeam,on_sale,ok,false,2026-08-22T00:17:12+02:00,,,
2026-08-20T1714Z,laliga,14270371,1930,El Hilali,Omar El Hilali,2,10098553,9760951,1,marketPlayerTeam,on_sale,ok,false,2026-08-22T01:11:35+02:00,,,
2026-08-20T1714Z,laliga,14293583,265,Zubeldia,Igor Zubeldia,2,10346166,10295291,1,marketPlayerTeam,on_sale,ok,false,2026-08-22T02:31:14+02:00,,,
2026-08-20T1714Z,laliga,14898744,2507,Dmitrovic,Marko Dmitrovic,1,39277920,38638122,0,marketPlayerTeam,on_sale,ok,false,2026-08-22T23:21:01+02:00,,,
2026-08-20T1714Z,laliga,14948006,2713,Ionut Radu,Ionut Radu,1,37095939,37095939,0,marketPlayerTeam,on_sale,ok,false,2026-08-23T00:25:58+02:00,,,
2026-08-20T1748Z,laliga,71786756,3004,José Alberto,José Alberto López Menéndez,5,867231,886803,0,marketPlayerLeague,on_sale,ok,,2026-08-20T22:24:00+02:00,,,
2026-08-20T1748Z,laliga,71786757,2545,Adama,Adama Boiro,2,471333,474410,0,marketPlayerLeague,on_sale,ok,,2026-08-20T22:24:00+02:00,,,
2026-08-20T1748Z,laliga,71786758,3186,Kevin,Kevin Sánchez,4,842160,860688,0,marketPlayerLeague,on_sale,ok,,2026-08-20T22:24:00+02:00,,,
2026-08-20T1748Z,laliga,71786759,3171,Llorenç,Llorenç Serred Martínez,1,533822,539502,0,marketPlayerLeague,on_sale,ok,,2026-08-20T22:24:00+02:00,,,
2026-08-20T1748Z,laliga,71786760,3125,Canales,Sergio Canales,3,25454084,24993293,0,marketPlayerLeague,on_sale,ok,,2026-08-20T22:24:00+02:00,,,
2026-08-20T1748Z,laliga,71786761,2876,Iker Muñoz,Iker Ortín,2,566181,573210,0,marketPlayerLeague,on_sale,ok,,2026-08-20T22:24:00+02:00,,,
2026-08-20T1748Z,laliga,71786762,2687,Manu Bueno,Manu Bueno,3,742504,753581,0,marketPlayerLeague,on_sale,ok,,2026-08-20T22:24:00+02:00,,,
2026-08-20T1748Z,laliga,71786763,184,David Soria,David Soria Solís,1,22039978,21475099,1,marketPlayerLeague,on_sale,ok,,2026-08-20T22:24:00+02:00,11935147,22039978,pending
2026-08-20T1748Z,laliga,71786764,3108,Aubameyang,Pierre-Emerick Aubameyang,4,38507025,36877261,1,marketPlayerLeague,on_sale,ok,,2026-08-20T22:24:00+02:00,,,
2026-08-20T1748Z,laliga,71786765,3168,Alberto Calatrava,Alberto Calatrava,3,927472,949554,0,marketPlayerLeague,on_sale,ok,,2026-08-20T22:24:00+02:00,,,
2026-08-20T1748Z,laliga,71786766,2321,J. Musso,Juan Musso,1,4056137,4141446,0,marketPlayerLeague,on_sale,ok,,2026-08-20T22:24:00+02:00,,,
2026-08-20T1748Z,laliga,71786768,2699,J. Ives Valou,Jean Valou,2,566181,573210,0,marketPlayerLeague,on_sale,ok,,2026-08-20T22:24:00+02:00,,,
2026-08-20T1748Z,laliga,71786769,2819,Ferrer,Diego Ferrer,1,651339,661916,0,marketPlayerLeague,on_sale,ok,,2026-08-20T22:24:00+02:00,,,
2026-08-20T1748Z,laliga,11705725,3129,Carlos Espí,Carlos Espí,4,9774649,9282313,1,marketPlayerTeam,on_sale,ok,false,2026-08-21T21:57:07+02:00,,,
2026-08-20T1748Z,laliga,14185646,3037,C. Puga,Carlos Puga,2,4962579,5096327,1,marketPlayerTeam,on_sale,ok,false,2026-08-21T22:45:24+02:00,,,
2026-08-20T1748Z,laliga,14186088,2315,Paredes,Aitor Paredes,2,5477677,5280233,1,marketPlayerTeam,on_sale,ok,false,2026-08-21T22:46:04+02:00,,,
2026-08-20T1748Z,laliga,14186254,2474,Denis Suárez,Denis Suárez,3,2367084,2420507,1,marketPlayerTeam,on_sale,ok,false,2026-08-21T22:46:18+02:00,,,
2026-08-20T1748Z,laliga,14186359,3069,Blanco,Antonio Blanco,3,14590188,14784817,1,marketPlayerTeam,on_sale,ok,false,2026-08-21T22:46:26+02:00,,,
2026-08-20T1748Z,laliga,14186511,2700,Etta Eyong,Karl Edouard Blaise Etta Eyong,4,24426515,25480174,1,marketPlayerTeam,on_sale,ok,false,2026-08-21T22:46:38+02:00,,,
2026-08-20T1748Z,laliga,14243057,74,Yuri,Yuri Berchiche Izeta,2,12311693,12294334,1,marketPlayerTeam,on_sale,ok,false,2026-08-22T00:16:06+02:00,,,
2026-08-20T1748Z,laliga,14243153,1991,Tárrega,César Tárrega,2,9131344,9139919,1,marketPlayerTeam,on_sale,ok,false,2026-08-22T00:16:18+02:00,,,
2026-08-20T1748Z,laliga,14243525,2480,Johnny,Johnny Cardoso,3,5320779,5412259,1,marketPlayerTeam,on_sale,ok,false,2026-08-22T00:16:59+02:00,,,
2026-08-20T1748Z,laliga,14243639,3035,Izan M.,Izan Merino,3,5927091,6015339,1,marketPlayerTeam,on_sale,ok,false,2026-08-22T00:17:12+02:00,,,
2026-08-20T1748Z,laliga,14270371,1930,El Hilali,Omar El Hilali,2,10098553,9760951,1,marketPlayerTeam,on_sale,ok,false,2026-08-22T01:11:35+02:00,,,
2026-08-20T1748Z,laliga,14293583,265,Zubeldia,Igor Zubeldia,2,10346166,10295291,1,marketPlayerTeam,on_sale,ok,false,2026-08-22T02:31:14+02:00,,,
2026-08-20T1748Z,laliga,14898744,2507,Dmitrovic,Marko Dmitrovic,1,39277920,38638122,0,marketPlayerTeam,on_sale,ok,false,2026-08-22T23:21:01+02:00,,,
2026-08-20T1748Z,laliga,14948006,2713,Ionut Radu,Ionut Radu,1,37095939,37095939,0,marketPlayerTeam,on_sale,ok,false,2026-08-23T00:25:58+02:00,,,
2026-08-20T1751Z,laliga,71786756,3004,José Alberto,José Alberto López Menéndez,5,867231,886803,0,marketPlayerLeague,on_sale,ok,,2026-08-20T22:24:00+02:00,,,
2026-08-20T1751Z,laliga,71786757,2545,Adama,Adama Boiro,2,471333,474410,0,marketPlayerLeague,on_sale,ok,,2026-08-20T22:24:00+02:00,,,
2026-08-20T1751Z,laliga,71786758,3186,Kevin,Kevin Sánchez,4,842160,860688,0,marketPlayerLeague,on_sale,ok,,2026-08-20T22:24:00+02:00,,,
2026-08-20T1751Z,laliga,71786759,3171,Llorenç,Llorenç Serred Martínez,1,533822,539502,0,marketPlayerLeague,on_sale,ok,,2026-08-20T22:24:00+02:00,,,
2026-08-20T1751Z,laliga,71786760,3125,Canales,Sergio Canales,3,25454084,24993293,0,marketPlayerLeague,on_sale,ok,,2026-08-20T22:24:00+02:00,,,
2026-08-20T1751Z,laliga,71786761,2876,Iker Muñoz,Iker Ortín,2,566181,573210,0,marketPlayerLeague,on_sale,ok,,2026-08-20T22:24:00+02:00,,,
2026-08-20T1751Z,laliga,71786762,2687,Manu Bueno,Manu Bueno,3,742504,753581,0,marketPlayerLeague,on_sale,ok,,2026-08-20T22:24:00+02:00,,,
2026-08-20T1751Z,laliga,71786763,184,David Soria,David Soria Solís,1,22039978,21475099,1,marketPlayerLeague,on_sale,ok,,2026-08-20T22:24:00+02:00,11935147,22039978,pending
2026-08-20T1751Z,laliga,71786764,3108,Aubameyang,Pierre-Emerick Aubameyang,4,38507025,36877261,1,marketPlayerLeague,on_sale,ok,,2026-08-20T22:24:00+02:00,,,
2026-08-20T1751Z,laliga,71786765,3168,Alberto Calatrava,Alberto Calatrava,3,927472,949554,0,marketPlayerLeague,on_sale,ok,,2026-08-20T22:24:00+02:00,,,
2026-08-20T1751Z,laliga,71786766,2321,J. Musso,Juan Musso,1,4056137,4141446,0,marketPlayerLeague,on_sale,ok,,2026-08-20T22:24:00+02:00,,,
2026-08-20T1751Z,laliga,71786768,2699,J. Ives Valou,Jean Valou,2,566181,573210,0,marketPlayerLeague,on_sale,ok,,2026-08-20T22:24:00+02:00,,,
2026-08-20T1751Z,laliga,71786769,2819,Ferrer,Diego Ferrer,1,651339,661916,0,marketPlayerLeague,on_sale,ok,,2026-08-20T22:24:00+02:00,,,
2026-08-20T1751Z,laliga,11705725,3129,Carlos Espí,Carlos Espí,4,9774649,9282313,1,marketPlayerTeam,on_sale,ok,false,2026-08-21T21:57:07+02:00,,,
2026-08-20T1751Z,laliga,14185646,3037,C. Puga,Carlos Puga,2,4962579,5096327,1,marketPlayerTeam,on_sale,ok,false,2026-08-21T22:45:24+02:00,,,
2026-08-20T1751Z,laliga,14186088,2315,Paredes,Aitor Paredes,2,5477677,5280233,1,marketPlayerTeam,on_sale,ok,false,2026-08-21T22:46:04+02:00,,,
2026-08-20T1751Z,laliga,14186254,2474,Denis Suárez,Denis Suárez,3,2367084,2420507,1,marketPlayerTeam,on_sale,ok,false,2026-08-21T22:46:18+02:00,,,
2026-08-20T1751Z,laliga,14186359,3069,Blanco,Antonio Blanco,3,14590188,14784817,1,marketPlayerTeam,on_sale,ok,false,2026-08-21T22:46:26+02:00,,,
2026-08-20T1751Z,laliga,14186511,2700,Etta Eyong,Karl Edouard Blaise Etta Eyong,4,24426515,25480174,1,marketPlayerTeam,on_sale,ok,false,2026-08-21T22:46:38+02:00,,,
2026-08-20T1751Z,laliga,14243057,74,Yuri,Yuri Berchiche Izeta,2,12311693,12294334,1,marketPlayerTeam,on_sale,ok,false,2026-08-22T00:16:06+02:00,,,
2026-08-20T1751Z,laliga,14243153,1991,Tárrega,César Tárrega,2,9131344,9139919,1,marketPlayerTeam,on_sale,ok,false,2026-08-22T00:16:18+02:00,,,
2026-08-20T1751Z,laliga,14243525,2480,Johnny,Johnny Cardoso,3,5320779,5412259,1,marketPlayerTeam,on_sale,ok,false,2026-08-22T00:16:59+02:00,,,
2026-08-20T1751Z,laliga,14243639,3035,Izan M.,Izan Merino,3,5927091,6015339,1,marketPlayerTeam,on_sale,ok,false,2026-08-22T00:17:12+02:00,,,
2026-08-20T1751Z,laliga,14270371,1930,El Hilali,Omar El Hilali,2,10098553,9760951,1,marketPlayerTeam,on_sale,ok,false,2026-08-22T01:11:35+02:00,,,
2026-08-20T1751Z,laliga,14293583,265,Zubeldia,Igor Zubeldia,2,10346166,10295291,1,marketPlayerTeam,on_sale,ok,false,2026-08-22T02:31:14+02:00,,,
2026-08-20T1751Z,laliga,14898744,2507,Dmitrovic,Marko Dmitrovic,1,39277920,38638122,0,marketPlayerTeam,on_sale,ok,false,2026-08-22T23:21:01+02:00,,,
2026-08-20T1751Z,laliga,14948006,2713,Ionut Radu,Ionut Radu,1,37095939,37095939,0,marketPlayerTeam,on_sale,ok,false,2026-08-23T00:25:58+02:00,,,
2026-08-20T1817Z,laliga,71786756,3004,José Alberto,José Alberto López Menéndez,5,867231,886803,0,marketPlayerLeague,on_sale,ok,,2026-08-20T22:24:00+02:00,,,
2026-08-20T1817Z,laliga,71786757,2545,Adama,Adama Boiro,2,471333,474410,0,marketPlayerLeague,on_sale,ok,,2026-08-20T22:24:00+02:00,,,
2026-08-20T1817Z,laliga,71786758,3186,Kevin,Kevin Sánchez,4,842160,860688,0,marketPlayerLeague,on_sale,ok,,2026-08-20T22:24:00+02:00,,,
2026-08-20T1817Z,laliga,71786759,3171,Llorenç,Llorenç Serred Martínez,1,533822,539502,0,marketPlayerLeague,on_sale,ok,,2026-08-20T22:24:00+02:00,,,
2026-08-20T1817Z,laliga,71786760,3125,Canales,Sergio Canales,3,25454084,24993293,0,marketPlayerLeague,on_sale,ok,,2026-08-20T22:24:00+02:00,,,
2026-08-20T1817Z,laliga,71786761,2876,Iker Muñoz,Iker Ortín,2,566181,573210,0,marketPlayerLeague,on_sale,ok,,2026-08-20T22:24:00+02:00,,,
2026-08-20T1817Z,laliga,71786762,2687,Manu Bueno,Manu Bueno,3,742504,753581,0,marketPlayerLeague,on_sale,ok,,2026-08-20T22:24:00+02:00,,,
2026-08-20T1817Z,laliga,71786763,184,David Soria,David Soria Solís,1,22039978,21475099,1,marketPlayerLeague,on_sale,ok,,2026-08-20T22:24:00+02:00,11935147,22039978,pending
2026-08-20T1817Z,laliga,71786764,3108,Aubameyang,Pierre-Emerick Aubameyang,4,38507025,36877261,1,marketPlayerLeague,on_sale,ok,,2026-08-20T22:24:00+02:00,,,
2026-08-20T1817Z,laliga,71786765,3168,Alberto Calatrava,Alberto Calatrava,3,927472,949554,0,marketPlayerLeague,on_sale,ok,,2026-08-20T22:24:00+02:00,,,
2026-08-20T1817Z,laliga,71786766,2321,J. Musso,Juan Musso,1,4056137,4141446,0,marketPlayerLeague,on_sale,ok,,2026-08-20T22:24:00+02:00,,,
2026-08-20T1817Z,laliga,71786768,2699,J. Ives Valou,Jean Valou,2,566181,573210,0,marketPlayerLeague,on_sale,ok,,2026-08-20T22:24:00+02:00,,,
2026-08-20T1817Z,laliga,71786769,2819,Ferrer,Diego Ferrer,1,651339,661916,0,marketPlayerLeague,on_sale,ok,,2026-08-20T22:24:00+02:00,,,
2026-08-20T1817Z,laliga,11705725,3129,Carlos Espí,Carlos Espí,4,9774649,9282313,1,marketPlayerTeam,on_sale,ok,false,2026-08-21T21:57:07+02:00,,,
2026-08-20T1817Z,laliga,14185646,3037,C. Puga,Carlos Puga,2,4962579,5096327,1,marketPlayerTeam,on_sale,ok,false,2026-08-21T22:45:24+02:00,,,
2026-08-20T1817Z,laliga,14186088,2315,Paredes,Aitor Paredes,2,5477677,5280233,1,marketPlayerTeam,on_sale,ok,false,2026-08-21T22:46:04+02:00,,,
2026-08-20T1817Z,laliga,14186254,2474,Denis Suárez,Denis Suárez,3,2367084,2420507,1,marketPlayerTeam,on_sale,ok,false,2026-08-21T22:46:18+02:00,,,
2026-08-20T1817Z,laliga,14186359,3069,Blanco,Antonio Blanco,3,14590188,14784817,1,marketPlayerTeam,on_sale,ok,false,2026-08-21T22:46:26+02:00,,,
2026-08-20T1817Z,laliga,14186511,2700,Etta Eyong,Karl Edouard Blaise Etta Eyong,4,24426515,25480174,1,marketPlayerTeam,on_sale,ok,false,2026-08-21T22:46:38+02:00,,,
2026-08-20T1817Z,laliga,14243057,74,Yuri,Yuri Berchiche Izeta,2,12311693,12294334,1,marketPlayerTeam,on_sale,ok,false,2026-08-22T00:16:06+02:00,,,
2026-08-20T1817Z,laliga,14243153,1991,Tárrega,César Tárrega,2,9131344,9139919,1,marketPlayerTeam,on_sale,ok,false,2026-08-22T00:16:18+02:00,,,
2026-08-20T1817Z,laliga,14243525,2480,Johnny,Johnny Cardoso,3,5320779,5412259,1,marketPlayerTeam,on_sale,ok,false,2026-08-22T00:16:59+02:00,,,
2026-08-20T1817Z,laliga,14243639,3035,Izan M.,Izan Merino,3,5927091,6015339,1,marketPlayerTeam,on_sale,ok,false,2026-08-22T00:17:12+02:00,,,
2026-08-20T1817Z,laliga,14270371,1930,El Hilali,Omar El Hilali,2,10098553,9760951,1,marketPlayerTeam,on_sale,ok,false,2026-08-22T01:11:35+02:00,,,
2026-08-20T1817Z,laliga,14293583,265,Zubeldia,Igor Zubeldia,2,10346166,10295291,1,marketPlayerTeam,on_sale,ok,false,2026-08-22T02:31:14+02:00,,,
2026-08-20T1817Z,laliga,14898744,2507,Dmitrovic,Marko Dmitrovic,1,39277920,38638122,0,marketPlayerTeam,on_sale,ok,false,2026-08-22T23:21:01+02:00,,,
2026-08-20T1817Z,laliga,14948006,2713,Ionut Radu,Ionut Radu,1,37095939,37095939,0,marketPlayerTeam,on_sale,ok,false,2026-08-23T00:25:58+02:00,,,
2026-08-20T2241Z,laliga,75951402,2986,Antonio Hidalgo,Antonio Hidalgo,5,1396837,1439124,0,marketPlayerLeague,on_sale,ok,,2026-08-21T22:24:00+02:00,,,
2026-08-20T2241Z,laliga,75951403,2774,Kiko F.,Kiko Femenía,2,3427220,3529658,0,marketPlayerLeague,on_sale,suspended,,2026-08-21T22:24:00+02:00,,,
2026-08-20T2241Z,laliga,75951404,3170,Timera,Adama Timera,2,622199,632210,0,marketPlayerLeague,on_sale,ok,,2026-08-21T22:24:00+02:00,,,
2026-08-20T2241Z,laliga,75951405,652,Rubén García,Rubén García Santos,3,14091107,14083172,0,marketPlayerLeague,on_sale,ok,,2026-08-21T22:24:00+02:00,,,
2026-08-20T2241Z,laliga,75951406,3147,Fer Niño,Fer Niño,4,13543818,13796586,0,marketPlayerLeague,on_sale,ok,,2026-08-21T22:24:00+02:00,,,
2026-08-20T2241Z,laliga,75951407,2534,Álex Baena,Álex Baena,3,50746823,50261871,0,marketPlayerLeague,on_sale,ok,,2026-08-21T22:24:00+02:00,,,
2026-08-20T2241Z,laliga,75951409,3140,Juan Cruz,Juan Cruz,3,14605740,14953348,0,marketPlayerLeague,on_sale,ok,,2026-08-21T22:24:00+02:00,,,
2026-08-20T2241Z,laliga,75951411,1565,Barrios,Pablo Barrios,3,42770333,41903161,1,marketPlayerLeague,on_sale,ok,,2026-08-21T22:24:00+02:00,,,
2026-08-20T2241Z,laliga,75951413,2562,Marc Pubill,Marc Pubill,2,55301188,56068321,0,marketPlayerLeague,on_sale,ok,,2026-08-21T22:24:00+02:00,,,
2026-08-20T2241Z,laliga,75951421,2329,Javi Galán,Javi Galán,2,11268916,11380884,0,marketPlayerLeague,on_sale,ok,,2026-08-21T22:24:00+02:00,,,
2026-08-20T2241Z,laliga,75951423,988,Sivera,Antonio Sivera,1,34414159,33824935,0,marketPlayerLeague,on_sale,ok,,2026-08-21T22:24:00+02:00,,,
2026-08-20T2241Z,laliga,75951425,3000,Iñigo,Íñigo Sainz-Maza,2,679807,692218,0,marketPlayerLeague,on_sale,ok,,2026-08-21T22:24:00+02:00,,,
2026-08-20T2241Z,laliga,75951428,2714,Javi Rueda,Javi Rueda,2,4422008,4413024,0,marketPlayerLeague,on_sale,ok,,2026-08-21T22:24:00+02:00,,,
2026-08-20T2241Z,laliga,11705725,3129,Carlos Espí,Carlos Espí,4,9973776,9282313,1,marketPlayerTeam,on_sale,ok,false,2026-08-21T21:57:07+02:00,,,
2026-08-20T2241Z,laliga,12717104,1959,Mouriño,Santiago Mouriño,2,35379303,36327449,1,marketPlayerTeam,on_sale,ok,false,2026-08-23T22:21:19+02:00,,,
2026-08-20T2241Z,laliga,12717146,3068,Cabrera,Leandro Cabrera,2,15085874,15549740,1,marketPlayerTeam,on_sale,suspended,false,2026-08-23T22:21:32+02:00,,,
2026-08-20T2241Z,laliga,12717862,3089,Ez Abde,Abde Ezzalzouli,4,40470533,41408166,0,marketPlayerTeam,on_sale,injured,false,2026-08-23T22:21:59+02:00,,,
2026-08-20T2241Z,laliga,14185646,3037,C. Puga,Carlos Puga,2,4982023,5096327,1,marketPlayerTeam,on_sale,ok,false,2026-08-21T22:45:24+02:00,,,
2026-08-20T2241Z,laliga,14186088,2315,Paredes,Aitor Paredes,2,5578206,5280233,1,marketPlayerTeam,on_sale,ok,false,2026-08-21T22:46:04+02:00,,,
2026-08-20T2241Z,laliga,14186254,2474,Denis Suárez,Denis Suárez,3,2345882,2420507,1,marketPlayerTeam,on_sale,ok,false,2026-08-21T22:46:18+02:00,,,
2026-08-20T2241Z,laliga,14186359,3069,Blanco,Antonio Blanco,3,14554687,14784817,1,marketPlayerTeam,on_sale,ok,false,2026-08-21T22:46:26+02:00,,,
2026-08-20T2241Z,laliga,14186511,2700,Etta Eyong,Karl Edouard Blaise Etta Eyong,4,23999088,25480174,1,marketPlayerTeam,on_sale,ok,false,2026-08-21T22:46:38+02:00,,,
2026-08-20T2241Z,laliga,14243057,74,Yuri,Yuri Berchiche Izeta,2,12393458,12294334,1,marketPlayerTeam,on_sale,ok,false,2026-08-22T00:16:06+02:00,,,
2026-08-20T2241Z,laliga,14243153,1991,Tárrega,César Tárrega,2,9130462,9139919,1,marketPlayerTeam,on_sale,ok,false,2026-08-22T00:16:18+02:00,,,
2026-08-20T2241Z,laliga,14243525,2480,Johnny,Johnny Cardoso,3,5199691,5412259,1,marketPlayerTeam,on_sale,ok,false,2026-08-22T00:16:59+02:00,,,
2026-08-20T2241Z,laliga,14243639,3035,Izan M.,Izan Merino,3,5852672,6015339,1,marketPlayerTeam,on_sale,ok,false,2026-08-22T00:17:12+02:00,,,
2026-08-20T2241Z,laliga,14270371,1930,El Hilali,Omar El Hilali,2,10451843,9760951,1,marketPlayerTeam,on_sale,ok,false,2026-08-22T01:11:35+02:00,,,
2026-08-20T2241Z,laliga,14293583,265,Zubeldia,Igor Zubeldia,2,10353067,10295291,1,marketPlayerTeam,on_sale,ok,false,2026-08-22T02:31:14+02:00,,,
2026-08-20T2241Z,laliga,14898744,2507,Dmitrovic,Marko Dmitrovic,1,39752821,38638122,1,marketPlayerTeam,on_sale,ok,false,2026-08-22T23:21:01+02:00,,,
2026-08-20T2241Z,laliga,14948006,2713,Ionut Radu,Ionut Radu,1,36743791,37095939,1,marketPlayerTeam,on_sale,ok,false,2026-08-23T00:25:58+02:00,,,
2026-08-20T2241Z,laliga,15560007,2415,Llorente ,Diego Llorente,2,12782327,12888927,1,marketPlayerTeam,on_sale,ok,false,2026-08-23T22:21:26+02:00,,,
2026-08-20T2241Z,laliga,15567842,3125,Canales,Sergio Canales,3,25960607,25451761,0,marketPlayerTeam,on_sale,ok,false,2026-08-23T22:30:32+02:00,,,
2026-08-20T2241Z,laliga,15568099,1031,Comesaña,Santiago Comesaña,3,31255536,32090903,0,marketPlayerTeam,on_sale,ok,false,2026-08-23T22:30:51+02:00,,,
2026-08-20T2249Z,laliga,75951402,2986,Antonio Hidalgo,Antonio Hidalgo,5,1396837,1439124,0,marketPlayerLeague,on_sale,ok,,2026-08-21T22:24:00+02:00,,,
2026-08-20T2249Z,laliga,75951403,2774,Kiko F.,Kiko Femenía,2,3427220,3529658,0,marketPlayerLeague,on_sale,suspended,,2026-08-21T22:24:00+02:00,,,
2026-08-20T2249Z,laliga,75951404,3170,Timera,Adama Timera,2,622199,632210,0,marketPlayerLeague,on_sale,ok,,2026-08-21T22:24:00+02:00,,,
2026-08-20T2249Z,laliga,75951405,652,Rubén García,Rubén García Santos,3,14091107,14083172,0,marketPlayerLeague,on_sale,ok,,2026-08-21T22:24:00+02:00,,,
2026-08-20T2249Z,laliga,75951406,3147,Fer Niño,Fer Niño,4,13543818,13796586,0,marketPlayerLeague,on_sale,ok,,2026-08-21T22:24:00+02:00,,,
2026-08-20T2249Z,laliga,75951407,2534,Álex Baena,Álex Baena,3,50746823,50261871,0,marketPlayerLeague,on_sale,ok,,2026-08-21T22:24:00+02:00,,,
2026-08-20T2249Z,laliga,75951409,3140,Juan Cruz,Juan Cruz,3,14605740,14953348,0,marketPlayerLeague,on_sale,ok,,2026-08-21T22:24:00+02:00,,,
2026-08-20T2249Z,laliga,75951411,1565,Barrios,Pablo Barrios,3,42770333,41903161,1,marketPlayerLeague,on_sale,ok,,2026-08-21T22:24:00+02:00,,,
2026-08-20T2249Z,laliga,75951413,2562,Marc Pubill,Marc Pubill,2,55301188,56068321,0,marketPlayerLeague,on_sale,ok,,2026-08-21T22:24:00+02:00,,,
2026-08-20T2249Z,laliga,75951421,2329,Javi Galán,Javi Galán,2,11268916,11380884,0,marketPlayerLeague,on_sale,ok,,2026-08-21T22:24:00+02:00,,,
2026-08-20T2249Z,laliga,75951423,988,Sivera,Antonio Sivera,1,34414159,33824935,0,marketPlayerLeague,on_sale,ok,,2026-08-21T22:24:00+02:00,,,
2026-08-20T2249Z,laliga,75951425,3000,Iñigo,Íñigo Sainz-Maza,2,679807,692218,0,marketPlayerLeague,on_sale,ok,,2026-08-21T22:24:00+02:00,,,
2026-08-20T2249Z,laliga,75951428,2714,Javi Rueda,Javi Rueda,2,4422008,4413024,0,marketPlayerLeague,on_sale,ok,,2026-08-21T22:24:00+02:00,,,
2026-08-20T2249Z,laliga,11705725,3129,Carlos Espí,Carlos Espí,4,9973776,9282313,1,marketPlayerTeam,on_sale,ok,false,2026-08-21T21:57:07+02:00,,,
2026-08-20T2249Z,laliga,12717104,1959,Mouriño,Santiago Mouriño,2,35379303,36327449,1,marketPlayerTeam,on_sale,ok,false,2026-08-23T22:21:19+02:00,,,
2026-08-20T2249Z,laliga,12717146,3068,Cabrera,Leandro Cabrera,2,15085874,15549740,1,marketPlayerTeam,on_sale,suspended,false,2026-08-23T22:21:32+02:00,,,
2026-08-20T2249Z,laliga,12717862,3089,Ez Abde,Abde Ezzalzouli,4,40470533,41408166,0,marketPlayerTeam,on_sale,injured,false,2026-08-23T22:21:59+02:00,,,
2026-08-20T2249Z,laliga,14185646,3037,C. Puga,Carlos Puga,2,4982023,5096327,1,marketPlayerTeam,on_sale,ok,false,2026-08-21T22:45:24+02:00,,,
2026-08-20T2249Z,laliga,14186088,2315,Paredes,Aitor Paredes,2,5578206,5280233,1,marketPlayerTeam,on_sale,ok,false,2026-08-21T22:46:04+02:00,,,
2026-08-20T2249Z,laliga,14186254,2474,Denis Suárez,Denis Suárez,3,2345882,2420507,1,marketPlayerTeam,on_sale,ok,false,2026-08-21T22:46:18+02:00,,,
2026-08-20T2249Z,laliga,14186359,3069,Blanco,Antonio Blanco,3,14554687,14784817,1,marketPlayerTeam,on_sale,ok,false,2026-08-21T22:46:26+02:00,,,
2026-08-20T2249Z,laliga,14186511,2700,Etta Eyong,Karl Edouard Blaise Etta Eyong,4,23999088,25480174,1,marketPlayerTeam,on_sale,ok,false,2026-08-21T22:46:38+02:00,,,
2026-08-20T2249Z,laliga,14243057,74,Yuri,Yuri Berchiche Izeta,2,12393458,12294334,1,marketPlayerTeam,on_sale,ok,false,2026-08-22T00:16:06+02:00,,,
2026-08-20T2249Z,laliga,14243153,1991,Tárrega,César Tárrega,2,9130462,9139919,1,marketPlayerTeam,on_sale,ok,false,2026-08-22T00:16:18+02:00,,,
2026-08-20T2249Z,laliga,14243525,2480,Johnny,Johnny Cardoso,3,5199691,5412259,1,marketPlayerTeam,on_sale,ok,false,2026-08-22T00:16:59+02:00,,,
2026-08-20T2249Z,laliga,14243639,3035,Izan M.,Izan Merino,3,5852672,6015339,1,marketPlayerTeam,on_sale,ok,false,2026-08-22T00:17:12+02:00,,,
2026-08-20T2249Z,laliga,14270371,1930,El Hilali,Omar El Hilali,2,10451843,9760951,1,marketPlayerTeam,on_sale,ok,false,2026-08-22T01:11:35+02:00,,,
2026-08-20T2249Z,laliga,14293583,265,Zubeldia,Igor Zubeldia,2,10353067,10295291,1,marketPlayerTeam,on_sale,ok,false,2026-08-22T02:31:14+02:00,,,
2026-08-20T2249Z,laliga,14898744,2507,Dmitrovic,Marko Dmitrovic,1,39752821,38638122,1,marketPlayerTeam,on_sale,ok,false,2026-08-22T23:21:01+02:00,,,
2026-08-20T2249Z,laliga,14948006,2713,Ionut Radu,Ionut Radu,1,36743791,37095939,1,marketPlayerTeam,on_sale,ok,false,2026-08-23T00:25:58+02:00,,,
2026-08-20T2249Z,laliga,15560007,2415,Llorente ,Diego Llorente,2,12782327,12888927,1,marketPlayerTeam,on_sale,ok,false,2026-08-23T22:21:26+02:00,,,
2026-08-20T2249Z,laliga,15567842,3125,Canales,Sergio Canales,3,25960607,25451761,0,marketPlayerTeam,on_sale,ok,false,2026-08-23T22:30:32+02:00,,,
2026-08-20T2249Z,laliga,15568099,1031,Comesaña,Santiago Comesaña,3,31255536,32090903,0,marketPlayerTeam,on_sale,ok,false,2026-08-23T22:30:51+02:00,,,
2026-08-20T2250Z,laliga,75951402,2986,Antonio Hidalgo,Antonio Hidalgo,5,1396837,1439124,0,marketPlayerLeague,on_sale,ok,,2026-08-21T22:24:00+02:00,,,
2026-08-20T2250Z,laliga,75951403,2774,Kiko F.,Kiko Femenía,2,3427220,3529658,0,marketPlayerLeague,on_sale,suspended,,2026-08-21T22:24:00+02:00,,,
2026-08-20T2250Z,laliga,75951404,3170,Timera,Adama Timera,2,622199,632210,0,marketPlayerLeague,on_sale,ok,,2026-08-21T22:24:00+02:00,,,
2026-08-20T2250Z,laliga,75951405,652,Rubén García,Rubén García Santos,3,14091107,14083172,0,marketPlayerLeague,on_sale,ok,,2026-08-21T22:24:00+02:00,,,
2026-08-20T2250Z,laliga,75951406,3147,Fer Niño,Fer Niño,4,13543818,13796586,0,marketPlayerLeague,on_sale,ok,,2026-08-21T22:24:00+02:00,,,
2026-08-20T2250Z,laliga,75951407,2534,Álex Baena,Álex Baena,3,50746823,50261871,0,marketPlayerLeague,on_sale,ok,,2026-08-21T22:24:00+02:00,,,
2026-08-20T2250Z,laliga,75951409,3140,Juan Cruz,Juan Cruz,3,14605740,14953348,0,marketPlayerLeague,on_sale,ok,,2026-08-21T22:24:00+02:00,,,
2026-08-20T2250Z,laliga,75951411,1565,Barrios,Pablo Barrios,3,42770333,41903161,1,marketPlayerLeague,on_sale,ok,,2026-08-21T22:24:00+02:00,,,
2026-08-20T2250Z,laliga,75951413,2562,Marc Pubill,Marc Pubill,2,55301188,56068321,0,marketPlayerLeague,on_sale,ok,,2026-08-21T22:24:00+02:00,,,
2026-08-20T2250Z,laliga,75951421,2329,Javi Galán,Javi Galán,2,11268916,11380884,0,marketPlayerLeague,on_sale,ok,,2026-08-21T22:24:00+02:00,,,
2026-08-20T2250Z,laliga,75951423,988,Sivera,Antonio Sivera,1,34414159,33824935,0,marketPlayerLeague,on_sale,ok,,2026-08-21T22:24:00+02:00,,,
2026-08-20T2250Z,laliga,75951425,3000,Iñigo,Íñigo Sainz-Maza,2,679807,692218,0,marketPlayerLeague,on_sale,ok,,2026-08-21T22:24:00+02:00,,,
2026-08-20T2250Z,laliga,75951428,2714,Javi Rueda,Javi Rueda,2,4422008,4413024,0,marketPlayerLeague,on_sale,ok,,2026-08-21T22:24:00+02:00,,,
2026-08-20T2250Z,laliga,11705725,3129,Carlos Espí,Carlos Espí,4,9973776,9282313,1,marketPlayerTeam,on_sale,ok,false,2026-08-21T21:57:07+02:00,,,
2026-08-20T2250Z,laliga,12717104,1959,Mouriño,Santiago Mouriño,2,35379303,36327449,1,marketPlayerTeam,on_sale,ok,false,2026-08-23T22:21:19+02:00,,,
2026-08-20T2250Z,laliga,12717146,3068,Cabrera,Leandro Cabrera,2,15085874,15549740,1,marketPlayerTeam,on_sale,suspended,false,2026-08-23T22:21:32+02:00,,,
2026-08-20T2250Z,laliga,12717862,3089,Ez Abde,Abde Ezzalzouli,4,40470533,41408166,0,marketPlayerTeam,on_sale,injured,false,2026-08-23T22:21:59+02:00,,,
2026-08-20T2250Z,laliga,14185646,3037,C. Puga,Carlos Puga,2,4982023,5096327,1,marketPlayerTeam,on_sale,ok,false,2026-08-21T22:45:24+02:00,,,
2026-08-20T2250Z,laliga,14186088,2315,Paredes,Aitor Paredes,2,5578206,5280233,1,marketPlayerTeam,on_sale,ok,false,2026-08-21T22:46:04+02:00,,,
2026-08-20T2250Z,laliga,14186254,2474,Denis Suárez,Denis Suárez,3,2345882,2420507,1,marketPlayerTeam,on_sale,ok,false,2026-08-21T22:46:18+02:00,,,
2026-08-20T2250Z,laliga,14186359,3069,Blanco,Antonio Blanco,3,14554687,14784817,1,marketPlayerTeam,on_sale,ok,false,2026-08-21T22:46:26+02:00,,,
2026-08-20T2250Z,laliga,14186511,2700,Etta Eyong,Karl Edouard Blaise Etta Eyong,4,23999088,25480174,1,marketPlayerTeam,on_sale,ok,false,2026-08-21T22:46:38+02:00,,,
2026-08-20T2250Z,laliga,14243057,74,Yuri,Yuri Berchiche Izeta,2,12393458,12294334,1,marketPlayerTeam,on_sale,ok,false,2026-08-22T00:16:06+02:00,,,
2026-08-20T2250Z,laliga,14243153,1991,Tárrega,César Tárrega,2,9130462,9139919,1,marketPlayerTeam,on_sale,ok,false,2026-08-22T00:16:18+02:00,,,
2026-08-20T2250Z,laliga,14243525,2480,Johnny,Johnny Cardoso,3,5199691,5412259,1,marketPlayerTeam,on_sale,ok,false,2026-08-22T00:16:59+02:00,,,
2026-08-20T2250Z,laliga,14243639,3035,Izan M.,Izan Merino,3,5852672,6015339,1,marketPlayerTeam,on_sale,ok,false,2026-08-22T00:17:12+02:00,,,
2026-08-20T2250Z,laliga,14270371,1930,El Hilali,Omar El Hilali,2,10451843,9760951,1,marketPlayerTeam,on_sale,ok,false,2026-08-22T01:11:35+02:00,,,
2026-08-20T2250Z,laliga,14293583,265,Zubeldia,Igor Zubeldia,2,10353067,10295291,1,marketPlayerTeam,on_sale,ok,false,2026-08-22T02:31:14+02:00,,,
2026-08-20T2250Z,laliga,14898744,2507,Dmitrovic,Marko Dmitrovic,1,39752821,38638122,1,marketPlayerTeam,on_sale,ok,false,2026-08-22T23:21:01+02:00,,,
2026-08-20T2250Z,laliga,14948006,2713,Ionut Radu,Ionut Radu,1,36743791,37095939,1,marketPlayerTeam,on_sale,ok,false,2026-08-23T00:25:58+02:00,,,
2026-08-20T2250Z,laliga,15560007,2415,Llorente ,Diego Llorente,2,12782327,12888927,1,marketPlayerTeam,on_sale,ok,false,2026-08-23T22:21:26+02:00,,,
2026-08-20T2250Z,laliga,15567842,3125,Canales,Sergio Canales,3,25960607,25451761,0,marketPlayerTeam,on_sale,ok,false,2026-08-23T22:30:32+02:00,,,
2026-08-20T2250Z,laliga,15568099,1031,Comesaña,Santiago Comesaña,3,31255536,32090903,0,marketPlayerTeam,on_sale,ok,false,2026-08-23T22:30:51+02:00,,,
2026-08-20T2301Z,laliga,75951402,2986,Antonio Hidalgo,Antonio Hidalgo,5,1396837,1439124,0,marketPlayerLeague,on_sale,ok,,2026-08-21T22:24:00+02:00,,,
2026-08-20T2301Z,laliga,75951403,2774,Kiko F.,Kiko Femenía,2,3427220,3529658,0,marketPlayerLeague,on_sale,suspended,,2026-08-21T22:24:00+02:00,,,
2026-08-20T2301Z,laliga,75951404,3170,Timera,Adama Timera,2,622199,632210,0,marketPlayerLeague,on_sale,ok,,2026-08-21T22:24:00+02:00,,,
2026-08-20T2301Z,laliga,75951405,652,Rubén García,Rubén García Santos,3,14091107,14083172,0,marketPlayerLeague,on_sale,ok,,2026-08-21T22:24:00+02:00,,,
2026-08-20T2301Z,laliga,75951406,3147,Fer Niño,Fer Niño,4,13543818,13796586,0,marketPlayerLeague,on_sale,ok,,2026-08-21T22:24:00+02:00,,,
2026-08-20T2301Z,laliga,75951407,2534,Álex Baena,Álex Baena,3,50746823,50261871,0,marketPlayerLeague,on_sale,ok,,2026-08-21T22:24:00+02:00,,,
2026-08-20T2301Z,laliga,75951409,3140,Juan Cruz,Juan Cruz,3,14605740,14953348,0,marketPlayerLeague,on_sale,ok,,2026-08-21T22:24:00+02:00,,,
2026-08-20T2301Z,laliga,75951411,1565,Barrios,Pablo Barrios,3,42770333,41903161,1,marketPlayerLeague,on_sale,ok,,2026-08-21T22:24:00+02:00,,,
2026-08-20T2301Z,laliga,75951413,2562,Marc Pubill,Marc Pubill,2,55301188,56068321,0,marketPlayerLeague,on_sale,ok,,2026-08-21T22:24:00+02:00,,,
2026-08-20T2301Z,laliga,75951421,2329,Javi Galán,Javi Galán,2,11268916,11380884,0,marketPlayerLeague,on_sale,ok,,2026-08-21T22:24:00+02:00,,,
2026-08-20T2301Z,laliga,75951423,988,Sivera,Antonio Sivera,1,34414159,33824935,0,marketPlayerLeague,on_sale,ok,,2026-08-21T22:24:00+02:00,,,
2026-08-20T2301Z,laliga,75951425,3000,Iñigo,Íñigo Sainz-Maza,2,679807,692218,0,marketPlayerLeague,on_sale,ok,,2026-08-21T22:24:00+02:00,,,
2026-08-20T2301Z,laliga,75951428,2714,Javi Rueda,Javi Rueda,2,4422008,4413024,0,marketPlayerLeague,on_sale,ok,,2026-08-21T22:24:00+02:00,,,
2026-08-20T2301Z,laliga,11705725,3129,Carlos Espí,Carlos Espí,4,9973776,9282313,1,marketPlayerTeam,on_sale,ok,false,2026-08-21T21:57:07+02:00,,,
2026-08-20T2301Z,laliga,12717104,1959,Mouriño,Santiago Mouriño,2,35379303,36327449,1,marketPlayerTeam,on_sale,ok,false,2026-08-23T22:21:19+02:00,,,
2026-08-20T2301Z,laliga,12717146,3068,Cabrera,Leandro Cabrera,2,15085874,15549740,1,marketPlayerTeam,on_sale,suspended,false,2026-08-23T22:21:32+02:00,,,
2026-08-20T2301Z,laliga,12717862,3089,Ez Abde,Abde Ezzalzouli,4,40470533,41408166,0,marketPlayerTeam,on_sale,injured,false,2026-08-23T22:21:59+02:00,,,
2026-08-20T2301Z,laliga,14185646,3037,C. Puga,Carlos Puga,2,4982023,5096327,1,marketPlayerTeam,on_sale,ok,false,2026-08-21T22:45:24+02:00,,,
2026-08-20T2301Z,laliga,14186088,2315,Paredes,Aitor Paredes,2,5578206,5280233,2,marketPlayerTeam,on_sale,ok,false,2026-08-21T22:46:04+02:00,,,
2026-08-20T2301Z,laliga,14186254,2474,Denis Suárez,Denis Suárez,3,2345882,2420507,1,marketPlayerTeam,on_sale,ok,false,2026-08-21T22:46:18+02:00,,,
2026-08-20T2301Z,laliga,14186359,3069,Blanco,Antonio Blanco,3,14554687,14784817,1,marketPlayerTeam,on_sale,ok,false,2026-08-21T22:46:26+02:00,,,
2026-08-20T2301Z,laliga,14186511,2700,Etta Eyong,Karl Edouard Blaise Etta Eyong,4,23999088,25480174,1,marketPlayerTeam,on_sale,ok,false,2026-08-21T22:46:38+02:00,,,
2026-08-20T2301Z,laliga,14243057,74,Yuri,Yuri Berchiche Izeta,2,12393458,12294334,1,marketPlayerTeam,on_sale,ok,false,2026-08-22T00:16:06+02:00,,,
2026-08-20T2301Z,laliga,14243153,1991,Tárrega,César Tárrega,2,9130462,9139919,1,marketPlayerTeam,on_sale,ok,false,2026-08-22T00:16:18+02:00,,,
2026-08-20T2301Z,laliga,14243525,2480,Johnny,Johnny Cardoso,3,5199691,5412259,1,marketPlayerTeam,on_sale,ok,false,2026-08-22T00:16:59+02:00,,,
2026-08-20T2301Z,laliga,14243639,3035,Izan M.,Izan Merino,3,5852672,6015339,1,marketPlayerTeam,on_sale,ok,false,2026-08-22T00:17:12+02:00,,,
2026-08-20T2301Z,laliga,14270371,1930,El Hilali,Omar El Hilali,2,10451843,9760951,1,marketPlayerTeam,on_sale,ok,false,2026-08-22T01:11:35+02:00,,,
2026-08-20T2301Z,laliga,14293583,265,Zubeldia,Igor Zubeldia,2,10353067,10295291,1,marketPlayerTeam,on_sale,ok,false,2026-08-22T02:31:14+02:00,,,
2026-08-20T2301Z,laliga,14898744,2507,Dmitrovic,Marko Dmitrovic,1,39752821,38638122,1,marketPlayerTeam,on_sale,ok,false,2026-08-22T23:21:01+02:00,,,
2026-08-20T2301Z,laliga,14948006,2713,Ionut Radu,Ionut Radu,1,36743791,37095939,1,marketPlayerTeam,on_sale,ok,false,2026-08-23T00:25:58+02:00,,,
2026-08-20T2301Z,laliga,15560007,2415,Llorente ,Diego Llorente,2,12782327,12888927,1,marketPlayerTeam,on_sale,ok,false,2026-08-23T22:21:26+02:00,,,
2026-08-20T2301Z,laliga,15567842,3125,Canales,Sergio Canales,3,25960607,25451761,0,marketPlayerTeam,on_sale,ok,false,2026-08-23T22:30:32+02:00,,,
2026-08-20T2301Z,laliga,15568099,1031,Comesaña,Santiago Comesaña,3,31255536,32090903,0,marketPlayerTeam,on_sale,ok,false,2026-08-23T22:30:51+02:00,,,
2026-08-20T2307Z,laliga,75951402,2986,Antonio Hidalgo,Antonio Hidalgo,5,1396837,1439124,0,marketPlayerLeague,on_sale,ok,,2026-08-21T22:24:00+02:00,,,
2026-08-20T2307Z,laliga,75951403,2774,Kiko F.,Kiko Femenía,2,3427220,3529658,0,marketPlayerLeague,on_sale,suspended,,2026-08-21T22:24:00+02:00,,,
2026-08-20T2307Z,laliga,75951404,3170,Timera,Adama Timera,2,622199,632210,0,marketPlayerLeague,on_sale,ok,,2026-08-21T22:24:00+02:00,,,
2026-08-20T2307Z,laliga,75951405,652,Rubén García,Rubén García Santos,3,14091107,14083172,0,marketPlayerLeague,on_sale,ok,,2026-08-21T22:24:00+02:00,,,
2026-08-20T2307Z,laliga,75951406,3147,Fer Niño,Fer Niño,4,13543818,13796586,0,marketPlayerLeague,on_sale,ok,,2026-08-21T22:24:00+02:00,,,
2026-08-20T2307Z,laliga,75951407,2534,Álex Baena,Álex Baena,3,50746823,50261871,0,marketPlayerLeague,on_sale,ok,,2026-08-21T22:24:00+02:00,,,
2026-08-20T2307Z,laliga,75951409,3140,Juan Cruz,Juan Cruz,3,14605740,14953348,0,marketPlayerLeague,on_sale,ok,,2026-08-21T22:24:00+02:00,,,
2026-08-20T2307Z,laliga,75951411,1565,Barrios,Pablo Barrios,3,42770333,41903161,1,marketPlayerLeague,on_sale,ok,,2026-08-21T22:24:00+02:00,,,
2026-08-20T2307Z,laliga,75951413,2562,Marc Pubill,Marc Pubill,2,55301188,56068321,0,marketPlayerLeague,on_sale,ok,,2026-08-21T22:24:00+02:00,,,
2026-08-20T2307Z,laliga,75951421,2329,Javi Galán,Javi Galán,2,11268916,11380884,0,marketPlayerLeague,on_sale,ok,,2026-08-21T22:24:00+02:00,,,
2026-08-20T2307Z,laliga,75951423,988,Sivera,Antonio Sivera,1,34414159,33824935,0,marketPlayerLeague,on_sale,ok,,2026-08-21T22:24:00+02:00,,,
2026-08-20T2307Z,laliga,75951425,3000,Iñigo,Íñigo Sainz-Maza,2,679807,692218,0,marketPlayerLeague,on_sale,ok,,2026-08-21T22:24:00+02:00,,,
2026-08-20T2307Z,laliga,75951428,2714,Javi Rueda,Javi Rueda,2,4422008,4413024,0,marketPlayerLeague,on_sale,ok,,2026-08-21T22:24:00+02:00,,,
2026-08-20T2307Z,laliga,11705725,3129,Carlos Espí,Carlos Espí,4,9973776,9282313,1,marketPlayerTeam,on_sale,ok,false,2026-08-21T21:57:07+02:00,,,
2026-08-20T2307Z,laliga,12717104,1959,Mouriño,Santiago Mouriño,2,35379303,36327449,1,marketPlayerTeam,on_sale,ok,false,2026-08-23T22:21:19+02:00,,,
2026-08-20T2307Z,laliga,12717146,3068,Cabrera,Leandro Cabrera,2,15085874,15549740,1,marketPlayerTeam,on_sale,suspended,false,2026-08-23T22:21:32+02:00,,,
2026-08-20T2307Z,laliga,12717862,3089,Ez Abde,Abde Ezzalzouli,4,40470533,41408166,0,marketPlayerTeam,on_sale,injured,false,2026-08-23T22:21:59+02:00,,,
2026-08-20T2307Z,laliga,14185646,3037,C. Puga,Carlos Puga,2,4982023,5096327,1,marketPlayerTeam,on_sale,ok,false,2026-08-21T22:45:24+02:00,,,
2026-08-20T2307Z,laliga,14186088,2315,Paredes,Aitor Paredes,2,5578206,5280233,2,marketPlayerTeam,on_sale,ok,false,2026-08-21T22:46:04+02:00,,,
2026-08-20T2307Z,laliga,14186254,2474,Denis Suárez,Denis Suárez,3,2345882,2420507,1,marketPlayerTeam,on_sale,ok,false,2026-08-21T22:46:18+02:00,,,
2026-08-20T2307Z,laliga,14186359,3069,Blanco,Antonio Blanco,3,14554687,14784817,1,marketPlayerTeam,on_sale,ok,false,2026-08-21T22:46:26+02:00,,,
2026-08-20T2307Z,laliga,14186511,2700,Etta Eyong,Karl Edouard Blaise Etta Eyong,4,23999088,25480174,1,marketPlayerTeam,on_sale,ok,false,2026-08-21T22:46:38+02:00,,,
2026-08-20T2307Z,laliga,14243057,74,Yuri,Yuri Berchiche Izeta,2,12393458,12294334,1,marketPlayerTeam,on_sale,ok,false,2026-08-22T00:16:06+02:00,,,
2026-08-20T2307Z,laliga,14243153,1991,Tárrega,César Tárrega,2,9130462,9139919,1,marketPlayerTeam,on_sale,ok,false,2026-08-22T00:16:18+02:00,,,
2026-08-20T2307Z,laliga,14243525,2480,Johnny,Johnny Cardoso,3,5199691,5412259,1,marketPlayerTeam,on_sale,ok,false,2026-08-22T00:16:59+02:00,,,
2026-08-20T2307Z,laliga,14243639,3035,Izan M.,Izan Merino,3,5852672,6015339,1,marketPlayerTeam,on_sale,ok,false,2026-08-22T00:17:12+02:00,,,
2026-08-20T2307Z,laliga,14270371,1930,El Hilali,Omar El Hilali,2,10451843,9760951,1,marketPlayerTeam,on_sale,ok,false,2026-08-22T01:11:35+02:00,,,
2026-08-20T2307Z,laliga,14293583,265,Zubeldia,Igor Zubeldia,2,10353067,10295291,1,marketPlayerTeam,on_sale,ok,false,2026-08-22T02:31:14+02:00,,,
2026-08-20T2307Z,laliga,14898744,2507,Dmitrovic,Marko Dmitrovic,1,39752821,38638122,1,marketPlayerTeam,on_sale,ok,false,2026-08-22T23:21:01+02:00,,,
2026-08-20T2307Z,laliga,14948006,2713,Ionut Radu,Ionut Radu,1,36743791,37095939,1,marketPlayerTeam,on_sale,ok,false,2026-08-23T00:25:58+02:00,,,
2026-08-20T2307Z,laliga,15560007,2415,Llorente ,Diego Llorente,2,12782327,12888927,1,marketPlayerTeam,on_sale,ok,false,2026-08-23T22:21:26+02:00,,,
2026-08-20T2307Z,laliga,15567842,3125,Canales,Sergio Canales,3,25960607,25451761,0,marketPlayerTeam,on_sale,ok,false,2026-08-23T22:30:32+02:00,,,
2026-08-20T2307Z,laliga,15568099,1031,Comesaña,Santiago Comesaña,3,31255536,32090903,0,marketPlayerTeam,on_sale,ok,false,2026-08-23T22:30:51+02:00,,,
2026-08-20T2312Z,laliga,75951402,2986,Antonio Hidalgo,Antonio Hidalgo,5,1396837,1439124,0,marketPlayerLeague,on_sale,ok,,2026-08-21T22:24:00+02:00,,,
2026-08-20T2312Z,laliga,75951403,2774,Kiko F.,Kiko Femenía,2,3427220,3529658,0,marketPlayerLeague,on_sale,suspended,,2026-08-21T22:24:00+02:00,,,
2026-08-20T2312Z,laliga,75951404,3170,Timera,Adama Timera,2,622199,632210,0,marketPlayerLeague,on_sale,ok,,2026-08-21T22:24:00+02:00,,,
2026-08-20T2312Z,laliga,75951405,652,Rubén García,Rubén García Santos,3,14091107,14083172,0,marketPlayerLeague,on_sale,ok,,2026-08-21T22:24:00+02:00,,,
2026-08-20T2312Z,laliga,75951406,3147,Fer Niño,Fer Niño,4,13543818,13796586,0,marketPlayerLeague,on_sale,ok,,2026-08-21T22:24:00+02:00,,,
2026-08-20T2312Z,laliga,75951407,2534,Álex Baena,Álex Baena,3,50746823,50261871,0,marketPlayerLeague,on_sale,ok,,2026-08-21T22:24:00+02:00,,,
2026-08-20T2312Z,laliga,75951409,3140,Juan Cruz,Juan Cruz,3,14605740,14953348,0,marketPlayerLeague,on_sale,ok,,2026-08-21T22:24:00+02:00,,,
2026-08-20T2312Z,laliga,75951411,1565,Barrios,Pablo Barrios,3,42770333,41903161,1,marketPlayerLeague,on_sale,ok,,2026-08-21T22:24:00+02:00,,,
2026-08-20T2312Z,laliga,75951413,2562,Marc Pubill,Marc Pubill,2,55301188,56068321,0,marketPlayerLeague,on_sale,ok,,2026-08-21T22:24:00+02:00,,,
2026-08-20T2312Z,laliga,75951421,2329,Javi Galán,Javi Galán,2,11268916,11380884,0,marketPlayerLeague,on_sale,ok,,2026-08-21T22:24:00+02:00,,,
2026-08-20T2312Z,laliga,75951423,988,Sivera,Antonio Sivera,1,34414159,33824935,0,marketPlayerLeague,on_sale,ok,,2026-08-21T22:24:00+02:00,,,
2026-08-20T2312Z,laliga,75951425,3000,Iñigo,Íñigo Sainz-Maza,2,679807,692218,0,marketPlayerLeague,on_sale,ok,,2026-08-21T22:24:00+02:00,,,
2026-08-20T2312Z,laliga,75951428,2714,Javi Rueda,Javi Rueda,2,4422008,4413024,0,marketPlayerLeague,on_sale,ok,,2026-08-21T22:24:00+02:00,,,
2026-08-20T2312Z,laliga,11705725,3129,Carlos Espí,Carlos Espí,4,9973776,9282313,1,marketPlayerTeam,on_sale,ok,false,2026-08-21T21:57:07+02:00,,,
2026-08-20T2312Z,laliga,12717104,1959,Mouriño,Santiago Mouriño,2,35379303,36327449,1,marketPlayerTeam,on_sale,ok,false,2026-08-23T22:21:19+02:00,,,
2026-08-20T2312Z,laliga,12717146,3068,Cabrera,Leandro Cabrera,2,15085874,15549740,1,marketPlayerTeam,on_sale,suspended,false,2026-08-23T22:21:32+02:00,,,
2026-08-20T2312Z,laliga,12717862,3089,Ez Abde,Abde Ezzalzouli,4,40470533,41408166,0,marketPlayerTeam,on_sale,injured,false,2026-08-23T22:21:59+02:00,,,
2026-08-20T2312Z,laliga,14185646,3037,C. Puga,Carlos Puga,2,4982023,5096327,1,marketPlayerTeam,on_sale,ok,false,2026-08-21T22:45:24+02:00,,,
2026-08-20T2312Z,laliga,14186088,2315,Paredes,Aitor Paredes,2,5578206,5280233,2,marketPlayerTeam,on_sale,ok,false,2026-08-21T22:46:04+02:00,,,
2026-08-20T2312Z,laliga,14186254,2474,Denis Suárez,Denis Suárez,3,2345882,2420507,1,marketPlayerTeam,on_sale,ok,false,2026-08-21T22:46:18+02:00,,,
2026-08-20T2312Z,laliga,14186359,3069,Blanco,Antonio Blanco,3,14554687,14784817,1,marketPlayerTeam,on_sale,ok,false,2026-08-21T22:46:26+02:00,,,
2026-08-20T2312Z,laliga,14186511,2700,Etta Eyong,Karl Edouard Blaise Etta Eyong,4,23999088,25480174,1,marketPlayerTeam,on_sale,ok,false,2026-08-21T22:46:38+02:00,,,
2026-08-20T2312Z,laliga,14243057,74,Yuri,Yuri Berchiche Izeta,2,12393458,12294334,1,marketPlayerTeam,on_sale,ok,false,2026-08-22T00:16:06+02:00,,,
2026-08-20T2312Z,laliga,14243153,1991,Tárrega,César Tárrega,2,9130462,9139919,1,marketPlayerTeam,on_sale,ok,false,2026-08-22T00:16:18+02:00,,,
2026-08-20T2312Z,laliga,14243525,2480,Johnny,Johnny Cardoso,3,5199691,5412259,1,marketPlayerTeam,on_sale,ok,false,2026-08-22T00:16:59+02:00,,,
2026-08-20T2312Z,laliga,14243639,3035,Izan M.,Izan Merino,3,5852672,6015339,1,marketPlayerTeam,on_sale,ok,false,2026-08-22T00:17:12+02:00,,,
2026-08-20T2312Z,laliga,14270371,1930,El Hilali,Omar El Hilali,2,10451843,9760951,1,marketPlayerTeam,on_sale,ok,false,2026-08-22T01:11:35+02:00,,,
2026-08-20T2312Z,laliga,14293583,265,Zubeldia,Igor Zubeldia,2,10353067,10295291,1,marketPlayerTeam,on_sale,ok,false,2026-08-22T02:31:14+02:00,,,
2026-08-20T2312Z,laliga,14898744,2507,Dmitrovic,Marko Dmitrovic,1,39752821,38638122,1,marketPlayerTeam,on_sale,ok,false,2026-08-22T23:21:01+02:00,,,
2026-08-20T2312Z,laliga,14948006,2713,Ionut Radu,Ionut Radu,1,36743791,37095939,1,marketPlayerTeam,on_sale,ok,false,2026-08-23T00:25:58+02:00,,,
2026-08-20T2312Z,laliga,15560007,2415,Llorente ,Diego Llorente,2,12782327,12888927,1,marketPlayerTeam,on_sale,ok,false,2026-08-23T22:21:26+02:00,,,
2026-08-20T2312Z,laliga,15567842,3125,Canales,Sergio Canales,3,25960607,25451761,0,marketPlayerTeam,on_sale,ok,false,2026-08-23T22:30:32+02:00,,,
2026-08-20T2312Z,laliga,15568099,1031,Comesaña,Santiago Comesaña,3,31255536,32090903,0,marketPlayerTeam,on_sale,ok,false,2026-08-23T22:30:51+02:00,,,
2026-08-20T2320Z,laliga,75951402,2986,Antonio Hidalgo,Antonio Hidalgo,5,1396837,1439124,0,marketPlayerLeague,on_sale,ok,,2026-08-21T22:24:00+02:00,,,
2026-08-20T2320Z,laliga,75951403,2774,Kiko F.,Kiko Femenía,2,3427220,3529658,0,marketPlayerLeague,on_sale,suspended,,2026-08-21T22:24:00+02:00,,,
2026-08-20T2320Z,laliga,75951404,3170,Timera,Adama Timera,2,622199,632210,0,marketPlayerLeague,on_sale,ok,,2026-08-21T22:24:00+02:00,,,
2026-08-20T2320Z,laliga,75951405,652,Rubén García,Rubén García Santos,3,14091107,14083172,0,marketPlayerLeague,on_sale,ok,,2026-08-21T22:24:00+02:00,,,
2026-08-20T2320Z,laliga,75951406,3147,Fer Niño,Fer Niño,4,13543818,13796586,0,marketPlayerLeague,on_sale,ok,,2026-08-21T22:24:00+02:00,,,
2026-08-20T2320Z,laliga,75951407,2534,Álex Baena,Álex Baena,3,50746823,50261871,0,marketPlayerLeague,on_sale,ok,,2026-08-21T22:24:00+02:00,,,
2026-08-20T2320Z,laliga,75951409,3140,Juan Cruz,Juan Cruz,3,14605740,14953348,0,marketPlayerLeague,on_sale,ok,,2026-08-21T22:24:00+02:00,,,
2026-08-20T2320Z,laliga,75951411,1565,Barrios,Pablo Barrios,3,42770333,41903161,1,marketPlayerLeague,on_sale,ok,,2026-08-21T22:24:00+02:00,,,
2026-08-20T2320Z,laliga,75951413,2562,Marc Pubill,Marc Pubill,2,55301188,56068321,0,marketPlayerLeague,on_sale,ok,,2026-08-21T22:24:00+02:00,,,
2026-08-20T2320Z,laliga,75951421,2329,Javi Galán,Javi Galán,2,11268916,11380884,0,marketPlayerLeague,on_sale,ok,,2026-08-21T22:24:00+02:00,,,
2026-08-20T2320Z,laliga,75951423,988,Sivera,Antonio Sivera,1,34414159,33824935,0,marketPlayerLeague,on_sale,ok,,2026-08-21T22:24:00+02:00,,,
2026-08-20T2320Z,laliga,75951425,3000,Iñigo,Íñigo Sainz-Maza,2,679807,692218,0,marketPlayerLeague,on_sale,ok,,2026-08-21T22:24:00+02:00,,,
2026-08-20T2320Z,laliga,75951428,2714,Javi Rueda,Javi Rueda,2,4422008,4413024,0,marketPlayerLeague,on_sale,ok,,2026-08-21T22:24:00+02:00,,,
2026-08-20T2320Z,laliga,11705725,3129,Carlos Espí,Carlos Espí,4,9973776,9282313,1,marketPlayerTeam,on_sale,ok,false,2026-08-21T21:57:07+02:00,,,
2026-08-20T2320Z,laliga,12717104,1959,Mouriño,Santiago Mouriño,2,35379303,36327449,1,marketPlayerTeam,on_sale,ok,false,2026-08-23T22:21:19+02:00,,,
2026-08-20T2320Z,laliga,12717146,3068,Cabrera,Leandro Cabrera,2,15085874,15549740,1,marketPlayerTeam,on_sale,suspended,false,2026-08-23T22:21:32+02:00,,,
2026-08-20T2320Z,laliga,12717862,3089,Ez Abde,Abde Ezzalzouli,4,40470533,41408166,0,marketPlayerTeam,on_sale,injured,false,2026-08-23T22:21:59+02:00,,,
2026-08-20T2320Z,laliga,14185646,3037,C. Puga,Carlos Puga,2,4982023,5096327,1,marketPlayerTeam,on_sale,ok,false,2026-08-21T22:45:24+02:00,,,
2026-08-20T2320Z,laliga,14186088,2315,Paredes,Aitor Paredes,2,5578206,5280233,2,marketPlayerTeam,on_sale,ok,false,2026-08-21T22:46:04+02:00,,,
2026-08-20T2320Z,laliga,14186254,2474,Denis Suárez,Denis Suárez,3,2345882,2420507,1,marketPlayerTeam,on_sale,ok,false,2026-08-21T22:46:18+02:00,,,
2026-08-20T2320Z,laliga,14186359,3069,Blanco,Antonio Blanco,3,14554687,14784817,1,marketPlayerTeam,on_sale,ok,false,2026-08-21T22:46:26+02:00,,,
2026-08-20T2320Z,laliga,14186511,2700,Etta Eyong,Karl Edouard Blaise Etta Eyong,4,23999088,25480174,1,marketPlayerTeam,on_sale,ok,false,2026-08-21T22:46:38+02:00,,,
2026-08-20T2320Z,laliga,14243057,74,Yuri,Yuri Berchiche Izeta,2,12393458,12294334,1,marketPlayerTeam,on_sale,ok,false,2026-08-22T00:16:06+02:00,,,
2026-08-20T2320Z,laliga,14243153,1991,Tárrega,César Tárrega,2,9130462,9139919,1,marketPlayerTeam,on_sale,ok,false,2026-08-22T00:16:18+02:00,,,
2026-08-20T2320Z,laliga,14243525,2480,Johnny,Johnny Cardoso,3,5199691,5412259,1,marketPlayerTeam,on_sale,ok,false,2026-08-22T00:16:59+02:00,,,
2026-08-20T2320Z,laliga,14243639,3035,Izan M.,Izan Merino,3,5852672,6015339,1,marketPlayerTeam,on_sale,ok,false,2026-08-22T00:17:12+02:00,,,
2026-08-20T2320Z,laliga,14270371,1930,El Hilali,Omar El Hilali,2,10451843,9760951,1,marketPlayerTeam,on_sale,ok,false,2026-08-22T01:11:35+02:00,,,
2026-08-20T2320Z,laliga,14293583,265,Zubeldia,Igor Zubeldia,2,10353067,10295291,1,marketPlayerTeam,on_sale,ok,false,2026-08-22T02:31:14+02:00,,,
2026-08-20T2320Z,laliga,14898744,2507,Dmitrovic,Marko Dmitrovic,1,39752821,38638122,1,marketPlayerTeam,on_sale,ok,false,2026-08-22T23:21:01+02:00,,,
2026-08-20T2320Z,laliga,14948006,2713,Ionut Radu,Ionut Radu,1,36743791,37095939,1,marketPlayerTeam,on_sale,ok,false,2026-08-23T00:25:58+02:00,,,
2026-08-20T2320Z,laliga,15560007,2415,Llorente ,Diego Llorente,2,12782327,12888927,1,marketPlayerTeam,on_sale,ok,false,2026-08-23T22:21:26+02:00,,,
2026-08-20T2320Z,laliga,15567842,3125,Canales,Sergio Canales,3,25960607,25451761,0,marketPlayerTeam,on_sale,ok,false,2026-08-23T22:30:32+02:00,,,
2026-08-20T2320Z,laliga,15568099,1031,Comesaña,Santiago Comesaña,3,31255536,32090903,0,marketPlayerTeam,on_sale,ok,false,2026-08-23T22:30:51+02:00,,,
2026-08-21T0522Z,laliga,75951402,2986,Antonio Hidalgo,Antonio Hidalgo,5,1396837,1439124,0,marketPlayerLeague,on_sale,ok,,2026-08-21T22:24:00+02:00,,,
2026-08-21T0522Z,laliga,75951403,2774,Kiko F.,Kiko Femenía,2,3427220,3529658,0,marketPlayerLeague,on_sale,suspended,,2026-08-21T22:24:00+02:00,,,
2026-08-21T0522Z,laliga,75951404,3170,Timera,Adama Timera,2,622199,632210,0,marketPlayerLeague,on_sale,ok,,2026-08-21T22:24:00+02:00,,,
2026-08-21T0522Z,laliga,75951405,652,Rubén García,Rubén García Santos,3,14091107,14083172,0,marketPlayerLeague,on_sale,ok,,2026-08-21T22:24:00+02:00,,,
2026-08-21T0522Z,laliga,75951406,3147,Fer Niño,Fer Niño,4,13543818,13796586,0,marketPlayerLeague,on_sale,ok,,2026-08-21T22:24:00+02:00,,,
2026-08-21T0522Z,laliga,75951407,2534,Álex Baena,Álex Baena,3,50746823,50261871,0,marketPlayerLeague,on_sale,ok,,2026-08-21T22:24:00+02:00,,,
2026-08-21T0522Z,laliga,75951409,3140,Juan Cruz,Juan Cruz,3,14605740,14953348,0,marketPlayerLeague,on_sale,ok,,2026-08-21T22:24:00+02:00,,,
2026-08-21T0522Z,laliga,75951411,1565,Barrios,Pablo Barrios,3,42770333,41903161,1,marketPlayerLeague,on_sale,ok,,2026-08-21T22:24:00+02:00,,,
2026-08-21T0522Z,laliga,75951413,2562,Marc Pubill,Marc Pubill,2,55301188,56068321,0,marketPlayerLeague,on_sale,ok,,2026-08-21T22:24:00+02:00,,,
2026-08-21T0522Z,laliga,75951421,2329,Javi Galán,Javi Galán,2,11268916,11380884,0,marketPlayerLeague,on_sale,ok,,2026-08-21T22:24:00+02:00,,,
2026-08-21T0522Z,laliga,75951423,988,Sivera,Antonio Sivera,1,34414159,33824935,0,marketPlayerLeague,on_sale,ok,,2026-08-21T22:24:00+02:00,,,
2026-08-21T0522Z,laliga,75951425,3000,Iñigo,Íñigo Sainz-Maza,2,679807,692218,0,marketPlayerLeague,on_sale,ok,,2026-08-21T22:24:00+02:00,,,
2026-08-21T0522Z,laliga,75951428,2714,Javi Rueda,Javi Rueda,2,4422008,4413024,0,marketPlayerLeague,on_sale,ok,,2026-08-21T22:24:00+02:00,,,
2026-08-21T0522Z,laliga,11705725,3129,Carlos Espí,Carlos Espí,4,9973776,9282313,1,marketPlayerTeam,on_sale,ok,false,2026-08-21T21:57:07+02:00,,,
2026-08-21T0522Z,laliga,12717104,1959,Mouriño,Santiago Mouriño,2,35379303,36327449,1,marketPlayerTeam,on_sale,ok,false,2026-08-23T22:21:19+02:00,,,
2026-08-21T0522Z,laliga,12717146,3068,Cabrera,Leandro Cabrera,2,15085874,15549740,1,marketPlayerTeam,on_sale,suspended,false,2026-08-23T22:21:32+02:00,,,
2026-08-21T0522Z,laliga,12717862,3089,Ez Abde,Abde Ezzalzouli,4,40470533,41408166,0,marketPlayerTeam,on_sale,injured,false,2026-08-23T22:21:59+02:00,,,
2026-08-21T0522Z,laliga,14185646,3037,C. Puga,Carlos Puga,2,4982023,5096327,1,marketPlayerTeam,on_sale,ok,false,2026-08-21T22:45:24+02:00,,,
2026-08-21T0522Z,laliga,14186088,2315,Paredes,Aitor Paredes,2,5578206,5280233,2,marketPlayerTeam,on_sale,ok,false,2026-08-21T22:46:04+02:00,,,
2026-08-21T0522Z,laliga,14186254,2474,Denis Suárez,Denis Suárez,3,2345882,2420507,1,marketPlayerTeam,on_sale,ok,false,2026-08-21T22:46:18+02:00,,,
2026-08-21T0522Z,laliga,14186359,3069,Blanco,Antonio Blanco,3,14554687,14784817,1,marketPlayerTeam,on_sale,ok,false,2026-08-21T22:46:26+02:00,,,
2026-08-21T0522Z,laliga,14186511,2700,Etta Eyong,Karl Edouard Blaise Etta Eyong,4,23999088,25480174,1,marketPlayerTeam,on_sale,ok,false,2026-08-21T22:46:38+02:00,,,
2026-08-21T0522Z,laliga,14243057,74,Yuri,Yuri Berchiche Izeta,2,12393458,12294334,1,marketPlayerTeam,on_sale,ok,false,2026-08-22T00:16:06+02:00,,,
2026-08-21T0522Z,laliga,14243153,1991,Tárrega,César Tárrega,2,9130462,9139919,1,marketPlayerTeam,on_sale,ok,false,2026-08-22T00:16:18+02:00,,,
2026-08-21T0522Z,laliga,14243525,2480,Johnny,Johnny Cardoso,3,5199691,5412259,1,marketPlayerTeam,on_sale,ok,false,2026-08-22T00:16:59+02:00,,,
2026-08-21T0522Z,laliga,14243639,3035,Izan M.,Izan Merino,3,5852672,6015339,1,marketPlayerTeam,on_sale,ok,false,2026-08-22T00:17:12+02:00,,,
2026-08-21T0522Z,laliga,14270371,1930,El Hilali,Omar El Hilali,2,10451843,9760951,1,marketPlayerTeam,on_sale,ok,false,2026-08-22T01:11:35+02:00,,,
2026-08-21T0522Z,laliga,14293583,265,Zubeldia,Igor Zubeldia,2,10353067,10295291,1,marketPlayerTeam,on_sale,ok,false,2026-08-22T02:31:14+02:00,,,
2026-08-21T0522Z,laliga,14898744,2507,Dmitrovic,Marko Dmitrovic,1,39752821,38638122,1,marketPlayerTeam,on_sale,ok,false,2026-08-22T23:21:01+02:00,,,
2026-08-21T0522Z,laliga,14948006,2713,Ionut Radu,Ionut Radu,1,36743791,37095939,1,marketPlayerTeam,on_sale,ok,false,2026-08-23T00:25:58+02:00,,,
2026-08-21T0522Z,laliga,15560007,2415,Llorente ,Diego Llorente,2,12782327,12888927,1,marketPlayerTeam,on_sale,ok,false,2026-08-23T22:21:26+02:00,,,
2026-08-21T0522Z,laliga,15567842,3125,Canales,Sergio Canales,3,25960607,25451761,0,marketPlayerTeam,on_sale,ok,false,2026-08-23T22:30:32+02:00,,,
2026-08-21T0522Z,laliga,15568099,1031,Comesaña,Santiago Comesaña,3,31255536,32090903,0,marketPlayerTeam,on_sale,ok,false,2026-08-23T22:30:51+02:00,,,
2026-08-21T0534Z,laliga,75951402,2986,Antonio Hidalgo,Antonio Hidalgo,5,1396837,1439124,0,marketPlayerLeague,on_sale,ok,,2026-08-21T22:24:00+02:00,,,
2026-08-21T0534Z,laliga,75951403,2774,Kiko F.,Kiko Femenía,2,3427220,3529658,0,marketPlayerLeague,on_sale,suspended,,2026-08-21T22:24:00+02:00,,,
2026-08-21T0534Z,laliga,75951404,3170,Timera,Adama Timera,2,622199,632210,0,marketPlayerLeague,on_sale,ok,,2026-08-21T22:24:00+02:00,,,
2026-08-21T0534Z,laliga,75951405,652,Rubén García,Rubén García Santos,3,14091107,14083172,0,marketPlayerLeague,on_sale,ok,,2026-08-21T22:24:00+02:00,,,
2026-08-21T0534Z,laliga,75951406,3147,Fer Niño,Fer Niño,4,13543818,13796586,0,marketPlayerLeague,on_sale,ok,,2026-08-21T22:24:00+02:00,,,
2026-08-21T0534Z,laliga,75951407,2534,Álex Baena,Álex Baena,3,50746823,50261871,0,marketPlayerLeague,on_sale,ok,,2026-08-21T22:24:00+02:00,,,
2026-08-21T0534Z,laliga,75951409,3140,Juan Cruz,Juan Cruz,3,14605740,14953348,0,marketPlayerLeague,on_sale,ok,,2026-08-21T22:24:00+02:00,,,
2026-08-21T0534Z,laliga,75951411,1565,Barrios,Pablo Barrios,3,42770333,41903161,1,marketPlayerLeague,on_sale,ok,,2026-08-21T22:24:00+02:00,,,
2026-08-21T0534Z,laliga,75951413,2562,Marc Pubill,Marc Pubill,2,55301188,56068321,0,marketPlayerLeague,on_sale,ok,,2026-08-21T22:24:00+02:00,,,
2026-08-21T0534Z,laliga,75951421,2329,Javi Galán,Javi Galán,2,11268916,11380884,0,marketPlayerLeague,on_sale,ok,,2026-08-21T22:24:00+02:00,,,
2026-08-21T0534Z,laliga,75951423,988,Sivera,Antonio Sivera,1,34414159,33824935,0,marketPlayerLeague,on_sale,ok,,2026-08-21T22:24:00+02:00,,,
2026-08-21T0534Z,laliga,75951425,3000,Iñigo,Íñigo Sainz-Maza,2,679807,692218,0,marketPlayerLeague,on_sale,ok,,2026-08-21T22:24:00+02:00,,,
2026-08-21T0534Z,laliga,75951428,2714,Javi Rueda,Javi Rueda,2,4422008,4413024,0,marketPlayerLeague,on_sale,ok,,2026-08-21T22:24:00+02:00,,,
2026-08-21T0534Z,laliga,11705725,3129,Carlos Espí,Carlos Espí,4,9973776,9282313,1,marketPlayerTeam,on_sale,ok,false,2026-08-21T21:57:07+02:00,,,
2026-08-21T0534Z,laliga,12717104,1959,Mouriño,Santiago Mouriño,2,35379303,36327449,1,marketPlayerTeam,on_sale,ok,false,2026-08-23T22:21:19+02:00,,,
2026-08-21T0534Z,laliga,12717146,3068,Cabrera,Leandro Cabrera,2,15085874,15549740,1,marketPlayerTeam,on_sale,suspended,false,2026-08-23T22:21:32+02:00,,,
2026-08-21T0534Z,laliga,12717862,3089,Ez Abde,Abde Ezzalzouli,4,40470533,41408166,0,marketPlayerTeam,on_sale,injured,false,2026-08-23T22:21:59+02:00,,,
2026-08-21T0534Z,laliga,14185646,3037,C. Puga,Carlos Puga,2,4982023,5096327,1,marketPlayerTeam,on_sale,ok,false,2026-08-21T22:45:24+02:00,,,
2026-08-21T0534Z,laliga,14186088,2315,Paredes,Aitor Paredes,2,5578206,5280233,2,marketPlayerTeam,on_sale,ok,false,2026-08-21T22:46:04+02:00,,,
2026-08-21T0534Z,laliga,14186254,2474,Denis Suárez,Denis Suárez,3,2345882,2420507,1,marketPlayerTeam,on_sale,ok,false,2026-08-21T22:46:18+02:00,,,
2026-08-21T0534Z,laliga,14186359,3069,Blanco,Antonio Blanco,3,14554687,14784817,1,marketPlayerTeam,on_sale,ok,false,2026-08-21T22:46:26+02:00,,,
2026-08-21T0534Z,laliga,14186511,2700,Etta Eyong,Karl Edouard Blaise Etta Eyong,4,23999088,25480174,1,marketPlayerTeam,on_sale,ok,false,2026-08-21T22:46:38+02:00,,,
2026-08-21T0534Z,laliga,14243057,74,Yuri,Yuri Berchiche Izeta,2,12393458,12294334,1,marketPlayerTeam,on_sale,ok,false,2026-08-22T00:16:06+02:00,,,
2026-08-21T0534Z,laliga,14243153,1991,Tárrega,César Tárrega,2,9130462,9139919,1,marketPlayerTeam,on_sale,ok,false,2026-08-22T00:16:18+02:00,,,
2026-08-21T0534Z,laliga,14243525,2480,Johnny,Johnny Cardoso,3,5199691,5412259,1,marketPlayerTeam,on_sale,ok,false,2026-08-22T00:16:59+02:00,,,
2026-08-21T0534Z,laliga,14243639,3035,Izan M.,Izan Merino,3,5852672,6015339,1,marketPlayerTeam,on_sale,ok,false,2026-08-22T00:17:12+02:00,,,
2026-08-21T0534Z,laliga,14270371,1930,El Hilali,Omar El Hilali,2,10451843,9760951,1,marketPlayerTeam,on_sale,ok,false,2026-08-22T01:11:35+02:00,,,
2026-08-21T0534Z,laliga,14293583,265,Zubeldia,Igor Zubeldia,2,10353067,10295291,1,marketPlayerTeam,on_sale,ok,false,2026-08-22T02:31:14+02:00,,,
2026-08-21T0534Z,laliga,14898744,2507,Dmitrovic,Marko Dmitrovic,1,39752821,38638122,1,marketPlayerTeam,on_sale,ok,false,2026-08-22T23:21:01+02:00,,,
2026-08-21T0534Z,laliga,14948006,2713,Ionut Radu,Ionut Radu,1,36743791,37095939,1,marketPlayerTeam,on_sale,ok,false,2026-08-23T00:25:58+02:00,,,
2026-08-21T0534Z,laliga,15560007,2415,Llorente ,Diego Llorente,2,12782327,12888927,1,marketPlayerTeam,on_sale,ok,false,2026-08-23T22:21:26+02:00,,,
2026-08-21T0534Z,laliga,15567842,3125,Canales,Sergio Canales,3,25960607,25451761,0,marketPlayerTeam,on_sale,ok,false,2026-08-23T22:30:32+02:00,,,
2026-08-21T0534Z,laliga,15568099,1031,Comesaña,Santiago Comesaña,3,31255536,32090903,0,marketPlayerTeam,on_sale,ok,false,2026-08-23T22:30:51+02:00,,,
2026-08-21T0611Z,laliga,75951402,2986,Antonio Hidalgo,Antonio Hidalgo,5,1396837,1439124,0,marketPlayerLeague,on_sale,ok,,2026-08-21T22:24:00+02:00,,,
2026-08-21T0611Z,laliga,75951403,2774,Kiko F.,Kiko Femenía,2,3427220,3529658,0,marketPlayerLeague,on_sale,suspended,,2026-08-21T22:24:00+02:00,,,
2026-08-21T0611Z,laliga,75951404,3170,Timera,Adama Timera,2,622199,632210,0,marketPlayerLeague,on_sale,ok,,2026-08-21T22:24:00+02:00,,,
2026-08-21T0611Z,laliga,75951405,652,Rubén García,Rubén García Santos,3,14091107,14083172,0,marketPlayerLeague,on_sale,ok,,2026-08-21T22:24:00+02:00,,,
2026-08-21T0611Z,laliga,75951406,3147,Fer Niño,Fer Niño,4,13543818,13796586,0,marketPlayerLeague,on_sale,ok,,2026-08-21T22:24:00+02:00,,,
2026-08-21T0611Z,laliga,75951407,2534,Álex Baena,Álex Baena,3,50746823,50261871,0,marketPlayerLeague,on_sale,ok,,2026-08-21T22:24:00+02:00,,,
2026-08-21T0611Z,laliga,75951409,3140,Juan Cruz,Juan Cruz,3,14605740,14953348,0,marketPlayerLeague,on_sale,ok,,2026-08-21T22:24:00+02:00,,,
2026-08-21T0611Z,laliga,75951411,1565,Barrios,Pablo Barrios,3,42770333,41903161,1,marketPlayerLeague,on_sale,ok,,2026-08-21T22:24:00+02:00,,,
2026-08-21T0611Z,laliga,75951413,2562,Marc Pubill,Marc Pubill,2,55301188,56068321,0,marketPlayerLeague,on_sale,ok,,2026-08-21T22:24:00+02:00,,,
2026-08-21T0611Z,laliga,75951421,2329,Javi Galán,Javi Galán,2,11268916,11380884,0,marketPlayerLeague,on_sale,ok,,2026-08-21T22:24:00+02:00,,,
2026-08-21T0611Z,laliga,75951423,988,Sivera,Antonio Sivera,1,34414159,33824935,0,marketPlayerLeague,on_sale,ok,,2026-08-21T22:24:00+02:00,,,
2026-08-21T0611Z,laliga,75951425,3000,Iñigo,Íñigo Sainz-Maza,2,679807,692218,0,marketPlayerLeague,on_sale,ok,,2026-08-21T22:24:00+02:00,,,
2026-08-21T0611Z,laliga,75951428,2714,Javi Rueda,Javi Rueda,2,4422008,4413024,0,marketPlayerLeague,on_sale,ok,,2026-08-21T22:24:00+02:00,,,
2026-08-21T0611Z,laliga,11705725,3129,Carlos Espí,Carlos Espí,4,9973776,9282313,1,marketPlayerTeam,on_sale,ok,false,2026-08-21T21:57:07+02:00,,,
2026-08-21T0611Z,laliga,12717104,1959,Mouriño,Santiago Mouriño,2,35379303,36327449,1,marketPlayerTeam,on_sale,ok,false,2026-08-23T22:21:19+02:00,,,
2026-08-21T0611Z,laliga,12717146,3068,Cabrera,Leandro Cabrera,2,15085874,15549740,1,marketPlayerTeam,on_sale,suspended,false,2026-08-23T22:21:32+02:00,,,
2026-08-21T0611Z,laliga,12717862,3089,Ez Abde,Abde Ezzalzouli,4,40470533,41408166,0,marketPlayerTeam,on_sale,injured,false,2026-08-23T22:21:59+02:00,,,
2026-08-21T0611Z,laliga,14185646,3037,C. Puga,Carlos Puga,2,4982023,5096327,1,marketPlayerTeam,on_sale,ok,false,2026-08-21T22:45:24+02:00,,,
2026-08-21T0611Z,laliga,14186088,2315,Paredes,Aitor Paredes,2,5578206,5280233,2,marketPlayerTeam,on_sale,ok,false,2026-08-21T22:46:04+02:00,,,
2026-08-21T0611Z,laliga,14186254,2474,Denis Suárez,Denis Suárez,3,2345882,2420507,1,marketPlayerTeam,on_sale,ok,false,2026-08-21T22:46:18+02:00,,,
2026-08-21T0611Z,laliga,14186359,3069,Blanco,Antonio Blanco,3,14554687,14784817,1,marketPlayerTeam,on_sale,ok,false,2026-08-21T22:46:26+02:00,,,
2026-08-21T0611Z,laliga,14186511,2700,Etta Eyong,Karl Edouard Blaise Etta Eyong,4,23999088,25480174,1,marketPlayerTeam,on_sale,ok,false,2026-08-21T22:46:38+02:00,,,
2026-08-21T0611Z,laliga,14243057,74,Yuri,Yuri Berchiche Izeta,2,12393458,12294334,1,marketPlayerTeam,on_sale,ok,false,2026-08-22T00:16:06+02:00,,,
2026-08-21T0611Z,laliga,14243153,1991,Tárrega,César Tárrega,2,9130462,9139919,1,marketPlayerTeam,on_sale,ok,false,2026-08-22T00:16:18+02:00,,,
2026-08-21T0611Z,laliga,14243525,2480,Johnny,Johnny Cardoso,3,5199691,5412259,1,marketPlayerTeam,on_sale,ok,false,2026-08-22T00:16:59+02:00,,,
2026-08-21T0611Z,laliga,14243639,3035,Izan M.,Izan Merino,3,5852672,6015339,1,marketPlayerTeam,on_sale,ok,false,2026-08-22T00:17:12+02:00,,,
2026-08-21T0611Z,laliga,14270371,1930,El Hilali,Omar El Hilali,2,10451843,9760951,1,marketPlayerTeam,on_sale,ok,false,2026-08-22T01:11:35+02:00,,,
2026-08-21T0611Z,laliga,14293583,265,Zubeldia,Igor Zubeldia,2,10353067,10295291,1,marketPlayerTeam,on_sale,ok,false,2026-08-22T02:31:14+02:00,,,
2026-08-21T0611Z,laliga,14898744,2507,Dmitrovic,Marko Dmitrovic,1,39752821,38638122,1,marketPlayerTeam,on_sale,ok,false,2026-08-22T23:21:01+02:00,,,
2026-08-21T0611Z,laliga,14948006,2713,Ionut Radu,Ionut Radu,1,36743791,37095939,1,marketPlayerTeam,on_sale,ok,false,2026-08-23T00:25:58+02:00,,,
2026-08-21T0611Z,laliga,15560007,2415,Llorente ,Diego Llorente,2,12782327,12888927,1,marketPlayerTeam,on_sale,ok,false,2026-08-23T22:21:26+02:00,,,
2026-08-21T0611Z,laliga,15567842,3125,Canales,Sergio Canales,3,25960607,25451761,0,marketPlayerTeam,on_sale,ok,false,2026-08-23T22:30:32+02:00,,,
2026-08-21T0611Z,laliga,15568099,1031,Comesaña,Santiago Comesaña,3,31255536,32090903,0,marketPlayerTeam,on_sale,ok,false,2026-08-23T22:30:51+02:00,,,
2026-08-21T0630Z,laliga,75951402,2986,Antonio Hidalgo,Antonio Hidalgo,5,1396837,1439124,0,marketPlayerLeague,on_sale,ok,,2026-08-21T22:24:00+02:00,,,
2026-08-21T0630Z,laliga,75951403,2774,Kiko F.,Kiko Femenía,2,3427220,3529658,0,marketPlayerLeague,on_sale,suspended,,2026-08-21T22:24:00+02:00,,,
2026-08-21T0630Z,laliga,75951404,3170,Timera,Adama Timera,2,622199,632210,0,marketPlayerLeague,on_sale,ok,,2026-08-21T22:24:00+02:00,,,
2026-08-21T0630Z,laliga,75951405,652,Rubén García,Rubén García Santos,3,14091107,14083172,0,marketPlayerLeague,on_sale,ok,,2026-08-21T22:24:00+02:00,,,
2026-08-21T0630Z,laliga,75951406,3147,Fer Niño,Fer Niño,4,13543818,13796586,0,marketPlayerLeague,on_sale,ok,,2026-08-21T22:24:00+02:00,,,
2026-08-21T0630Z,laliga,75951407,2534,Álex Baena,Álex Baena,3,50746823,50261871,0,marketPlayerLeague,on_sale,ok,,2026-08-21T22:24:00+02:00,,,
2026-08-21T0630Z,laliga,75951409,3140,Juan Cruz,Juan Cruz,3,14605740,14953348,0,marketPlayerLeague,on_sale,ok,,2026-08-21T22:24:00+02:00,,,
2026-08-21T0630Z,laliga,75951411,1565,Barrios,Pablo Barrios,3,42770333,41903161,1,marketPlayerLeague,on_sale,ok,,2026-08-21T22:24:00+02:00,,,
2026-08-21T0630Z,laliga,75951413,2562,Marc Pubill,Marc Pubill,2,55301188,56068321,0,marketPlayerLeague,on_sale,ok,,2026-08-21T22:24:00+02:00,,,
2026-08-21T0630Z,laliga,75951421,2329,Javi Galán,Javi Galán,2,11268916,11380884,0,marketPlayerLeague,on_sale,ok,,2026-08-21T22:24:00+02:00,,,
2026-08-21T0630Z,laliga,75951423,988,Sivera,Antonio Sivera,1,34414159,33824935,0,marketPlayerLeague,on_sale,ok,,2026-08-21T22:24:00+02:00,,,
2026-08-21T0630Z,laliga,75951425,3000,Iñigo,Íñigo Sainz-Maza,2,679807,692218,0,marketPlayerLeague,on_sale,ok,,2026-08-21T22:24:00+02:00,,,
2026-08-21T0630Z,laliga,75951428,2714,Javi Rueda,Javi Rueda,2,4422008,4413024,0,marketPlayerLeague,on_sale,ok,,2026-08-21T22:24:00+02:00,,,
2026-08-21T0630Z,laliga,11705725,3129,Carlos Espí,Carlos Espí,4,9973776,9282313,1,marketPlayerTeam,on_sale,ok,false,2026-08-21T21:57:07+02:00,,,
2026-08-21T0630Z,laliga,12717104,1959,Mouriño,Santiago Mouriño,2,35379303,36327449,1,marketPlayerTeam,on_sale,ok,false,2026-08-23T22:21:19+02:00,,,
2026-08-21T0630Z,laliga,12717146,3068,Cabrera,Leandro Cabrera,2,15085874,15549740,1,marketPlayerTeam,on_sale,suspended,false,2026-08-23T22:21:32+02:00,,,
2026-08-21T0630Z,laliga,12717862,3089,Ez Abde,Abde Ezzalzouli,4,40470533,41408166,0,marketPlayerTeam,on_sale,injured,false,2026-08-23T22:21:59+02:00,,,
2026-08-21T0630Z,laliga,14185646,3037,C. Puga,Carlos Puga,2,4982023,5096327,1,marketPlayerTeam,on_sale,ok,false,2026-08-21T22:45:24+02:00,,,
2026-08-21T0630Z,laliga,14186088,2315,Paredes,Aitor Paredes,2,5578206,5280233,2,marketPlayerTeam,on_sale,ok,false,2026-08-21T22:46:04+02:00,,,
2026-08-21T0630Z,laliga,14186254,2474,Denis Suárez,Denis Suárez,3,2345882,2420507,1,marketPlayerTeam,on_sale,ok,false,2026-08-21T22:46:18+02:00,,,
2026-08-21T0630Z,laliga,14186359,3069,Blanco,Antonio Blanco,3,14554687,14784817,1,marketPlayerTeam,on_sale,ok,false,2026-08-21T22:46:26+02:00,,,
2026-08-21T0630Z,laliga,14186511,2700,Etta Eyong,Karl Edouard Blaise Etta Eyong,4,23999088,25480174,1,marketPlayerTeam,on_sale,ok,false,2026-08-21T22:46:38+02:00,,,
2026-08-21T0630Z,laliga,14243057,74,Yuri,Yuri Berchiche Izeta,2,12393458,12294334,1,marketPlayerTeam,on_sale,ok,false,2026-08-22T00:16:06+02:00,,,
2026-08-21T0630Z,laliga,14243153,1991,Tárrega,César Tárrega,2,9130462,9139919,1,marketPlayerTeam,on_sale,ok,false,2026-08-22T00:16:18+02:00,,,
2026-08-21T0630Z,laliga,14243525,2480,Johnny,Johnny Cardoso,3,5199691,5412259,1,marketPlayerTeam,on_sale,ok,false,2026-08-22T00:16:59+02:00,,,
2026-08-21T0630Z,laliga,14243639,3035,Izan M.,Izan Merino,3,5852672,6015339,1,marketPlayerTeam,on_sale,ok,false,2026-08-22T00:17:12+02:00,,,
2026-08-21T0630Z,laliga,14270371,1930,El Hilali,Omar El Hilali,2,10451843,9760951,1,marketPlayerTeam,on_sale,ok,false,2026-08-22T01:11:35+02:00,,,
2026-08-21T0630Z,laliga,14293583,265,Zubeldia,Igor Zubeldia,2,10353067,10295291,1,marketPlayerTeam,on_sale,ok,false,2026-08-22T02:31:14+02:00,,,
2026-08-21T0630Z,laliga,14898744,2507,Dmitrovic,Marko Dmitrovic,1,39752821,38638122,1,marketPlayerTeam,on_sale,ok,false,2026-08-22T23:21:01+02:00,,,
2026-08-21T0630Z,laliga,14948006,2713,Ionut Radu,Ionut Radu,1,36743791,37095939,1,marketPlayerTeam,on_sale,ok,false,2026-08-23T00:25:58+02:00,,,
2026-08-21T0630Z,laliga,15560007,2415,Llorente ,Diego Llorente,2,12782327,12888927,1,marketPlayerTeam,on_sale,ok,false,2026-08-23T22:21:26+02:00,,,
2026-08-21T0630Z,laliga,15567842,3125,Canales,Sergio Canales,3,25960607,25451761,0,marketPlayerTeam,on_sale,ok,false,2026-08-23T22:30:32+02:00,,,
2026-08-21T0630Z,laliga,15568099,1031,Comesaña,Santiago Comesaña,3,31255536,32090903,0,marketPlayerTeam,on_sale,ok,false,2026-08-23T22:30:51+02:00,,,
2026-08-21T1150Z,laliga,75951402,2986,Antonio Hidalgo,Antonio Hidalgo,5,1396833,1439124,0,marketPlayerLeague,on_sale,ok,,2026-08-21T22:24:00+02:00,,,
2026-08-21T1150Z,laliga,75951403,2774,Kiko F.,Kiko Femenía,2,3427419,3529658,0,marketPlayerLeague,on_sale,suspended,,2026-08-21T22:24:00+02:00,,,
2026-08-21T1150Z,laliga,75951404,3170,Timera,Adama Timera,2,622196,632210,0,marketPlayerLeague,on_sale,ok,,2026-08-21T22:24:00+02:00,,,
2026-08-21T1150Z,laliga,75951405,652,Rubén García,Rubén García Santos,3,14090964,14083172,0,marketPlayerLeague,on_sale,ok,,2026-08-21T22:24:00+02:00,,,
2026-08-21T1150Z,laliga,75951406,3147,Fer Niño,Fer Niño,4,13543677,13796586,0,marketPlayerLeague,on_sale,ok,,2026-08-21T22:24:00+02:00,,,
2026-08-21T1150Z,laliga,75951407,2534,Álex Baena,Álex Baena,3,50749569,50261871,0,marketPlayerLeague,on_sale,ok,,2026-08-21T22:24:00+02:00,,,
2026-08-21T1150Z,laliga,75951409,3140,Juan Cruz,Juan Cruz,3,14605677,14953348,0,marketPlayerLeague,on_sale,ok,,2026-08-21T22:24:00+02:00,,,
2026-08-21T1150Z,laliga,75951411,1565,Barrios,Pablo Barrios,3,42769697,41903161,1,marketPlayerLeague,on_sale,ok,,2026-08-21T22:24:00+02:00,,,
2026-08-21T1150Z,laliga,75951413,2562,Marc Pubill,Marc Pubill,2,55300819,56068321,0,marketPlayerLeague,on_sale,ok,,2026-08-21T22:24:00+02:00,,,
2026-08-21T1150Z,laliga,75951421,2329,Javi Galán,Javi Galán,2,11268628,11380884,0,marketPlayerLeague,on_sale,ok,,2026-08-21T22:24:00+02:00,,,
2026-08-21T1150Z,laliga,75951423,988,Sivera,Antonio Sivera,1,34412976,33824935,0,marketPlayerLeague,on_sale,ok,,2026-08-21T22:24:00+02:00,,,
2026-08-21T1150Z,laliga,75951425,3000,Iñigo,Íñigo Sainz-Maza,2,679803,692218,0,marketPlayerLeague,on_sale,ok,,2026-08-21T22:24:00+02:00,,,
2026-08-21T1150Z,laliga,75951428,2714,Javi Rueda,Javi Rueda,2,4421896,4413024,0,marketPlayerLeague,on_sale,ok,,2026-08-21T22:24:00+02:00,,,
2026-08-21T1150Z,laliga,11705725,3129,Carlos Espí,Carlos Espí,4,9973382,9282313,1,marketPlayerTeam,on_sale,ok,false,2026-08-21T21:57:07+02:00,,,
2026-08-21T1150Z,laliga,12717104,1959,Mouriño,Santiago Mouriño,2,35379177,36327449,1,marketPlayerTeam,on_sale,ok,false,2026-08-23T22:21:19+02:00,,,
2026-08-21T1150Z,laliga,12717146,3068,Cabrera,Leandro Cabrera,2,15085835,15549740,1,marketPlayerTeam,on_sale,suspended,false,2026-08-23T22:21:32+02:00,,,
2026-08-21T1150Z,laliga,12717862,3089,Ez Abde,Abde Ezzalzouli,4,40470353,41408166,0,marketPlayerTeam,on_sale,injured,false,2026-08-23T22:21:59+02:00,,,
2026-08-21T1150Z,laliga,14185646,3037,C. Puga,Carlos Puga,2,4981968,5096327,1,marketPlayerTeam,on_sale,ok,false,2026-08-21T22:45:24+02:00,,,
2026-08-21T1150Z,laliga,14186088,2315,Paredes,Aitor Paredes,2,5577844,5280233,2,marketPlayerTeam,on_sale,ok,false,2026-08-21T22:46:04+02:00,,,
2026-08-21T1150Z,laliga,14186254,2474,Denis Suárez,Denis Suárez,3,2345839,2420507,1,marketPlayerTeam,on_sale,ok,false,2026-08-21T22:46:18+02:00,,,
2026-08-21T1150Z,laliga,14186359,3069,Blanco,Antonio Blanco,3,14554549,14784817,1,marketPlayerTeam,on_sale,ok,false,2026-08-21T22:46:26+02:00,,,
2026-08-21T1150Z,laliga,14186511,2700,Etta Eyong,Karl Edouard Blaise Etta Eyong,4,23998951,25480174,1,marketPlayerTeam,on_sale,ok,false,2026-08-21T22:46:38+02:00,,,
2026-08-21T1150Z,laliga,14243057,74,Yuri,Yuri Berchiche Izeta,2,12393953,12294334,1,marketPlayerTeam,on_sale,ok,false,2026-08-22T00:16:06+02:00,,,
2026-08-21T1150Z,laliga,14243153,1991,Tárrega,César Tárrega,2,9130371,9139919,1,marketPlayerTeam,on_sale,ok,false,2026-08-22T00:16:18+02:00,,,
2026-08-21T1150Z,laliga,14243525,2480,Johnny,Johnny Cardoso,3,5199668,5412259,1,marketPlayerTeam,on_sale,ok,false,2026-08-22T00:16:59+02:00,,,
2026-08-21T1150Z,laliga,14243639,3035,Izan M.,Izan Merino,3,5852631,6015339,1,marketPlayerTeam,on_sale,ok,false,2026-08-22T00:17:12+02:00,,,
2026-08-21T1150Z,laliga,14270371,1930,El Hilali,Omar El Hilali,2,10450818,9760951,1,marketPlayerTeam,on_sale,ok,false,2026-08-22T01:11:35+02:00,,,
2026-08-21T1150Z,laliga,14293583,265,Zubeldia,Igor Zubeldia,2,10352538,10295291,1,marketPlayerTeam,on_sale,ok,false,2026-08-22T02:31:14+02:00,,,
2026-08-21T1150Z,laliga,14898744,2507,Dmitrovic,Marko Dmitrovic,1,39752309,38638122,1,marketPlayerTeam,on_sale,ok,false,2026-08-22T23:21:01+02:00,,,
2026-08-21T1150Z,laliga,14948006,2713,Ionut Radu,Ionut Radu,1,36743508,37095939,1,marketPlayerTeam,on_sale,ok,false,2026-08-23T00:25:58+02:00,,,
2026-08-21T1150Z,laliga,15560007,2415,Llorente ,Diego Llorente,2,12782225,12888927,1,marketPlayerTeam,on_sale,ok,false,2026-08-23T22:21:26+02:00,,,
2026-08-21T1150Z,laliga,15567842,3125,Canales,Sergio Canales,3,25961421,25451761,0,marketPlayerTeam,on_sale,ok,false,2026-08-23T22:30:32+02:00,,,
2026-08-21T1150Z,laliga,15568099,1031,Comesaña,Santiago Comesaña,3,31255335,32090903,0,marketPlayerTeam,on_sale,ok,false,2026-08-23T22:30:51+02:00,,,
2026-08-21T1150Z,laliga,15859287,2556,Buchanan,Tajon Buchanan,3,16734076,16734076,0,marketPlayerTeam,on_sale,ok,false,2026-08-24T13:09:32+02:00,,,
2026-08-21T1232Z,laliga,75951402,2986,Antonio Hidalgo,Antonio Hidalgo,5,1396833,1439124,0,marketPlayerLeague,on_sale,ok,,2026-08-21T22:24:00+02:00,,,
2026-08-21T1232Z,laliga,75951403,2774,Kiko F.,Kiko Femenía,2,3427419,3529658,0,marketPlayerLeague,on_sale,suspended,,2026-08-21T22:24:00+02:00,,,
2026-08-21T1232Z,laliga,75951404,3170,Timera,Adama Timera,2,622196,632210,0,marketPlayerLeague,on_sale,ok,,2026-08-21T22:24:00+02:00,,,
2026-08-21T1232Z,laliga,75951405,652,Rubén García,Rubén García Santos,3,14090964,14083172,0,marketPlayerLeague,on_sale,ok,,2026-08-21T22:24:00+02:00,,,
2026-08-21T1232Z,laliga,75951406,3147,Fer Niño,Fer Niño,4,13543677,13796586,0,marketPlayerLeague,on_sale,ok,,2026-08-21T22:24:00+02:00,,,
2026-08-21T1232Z,laliga,75951407,2534,Álex Baena,Álex Baena,3,50749569,50261871,0,marketPlayerLeague,on_sale,ok,,2026-08-21T22:24:00+02:00,,,
2026-08-21T1232Z,laliga,75951409,3140,Juan Cruz,Juan Cruz,3,14605677,14953348,0,marketPlayerLeague,on_sale,ok,,2026-08-21T22:24:00+02:00,,,
2026-08-21T1232Z,laliga,75951411,1565,Barrios,Pablo Barrios,3,42769697,41903161,1,marketPlayerLeague,on_sale,ok,,2026-08-21T22:24:00+02:00,,,
2026-08-21T1232Z,laliga,75951413,2562,Marc Pubill,Marc Pubill,2,55300819,56068321,0,marketPlayerLeague,on_sale,ok,,2026-08-21T22:24:00+02:00,,,
2026-08-21T1232Z,laliga,75951421,2329,Javi Galán,Javi Galán,2,11268628,11380884,0,marketPlayerLeague,on_sale,ok,,2026-08-21T22:24:00+02:00,,,
2026-08-21T1232Z,laliga,75951423,988,Sivera,Antonio Sivera,1,34412976,33824935,0,marketPlayerLeague,on_sale,ok,,2026-08-21T22:24:00+02:00,,,
2026-08-21T1232Z,laliga,75951425,3000,Iñigo,Íñigo Sainz-Maza,2,679803,692218,0,marketPlayerLeague,on_sale,ok,,2026-08-21T22:24:00+02:00,,,
2026-08-21T1232Z,laliga,75951428,2714,Javi Rueda,Javi Rueda,2,4421896,4413024,0,marketPlayerLeague,on_sale,ok,,2026-08-21T22:24:00+02:00,,,
2026-08-21T1232Z,laliga,11705725,3129,Carlos Espí,Carlos Espí,4,9973382,9282313,1,marketPlayerTeam,on_sale,ok,false,2026-08-21T21:57:07+02:00,,,
2026-08-21T1232Z,laliga,12717104,1959,Mouriño,Santiago Mouriño,2,35379177,36327449,1,marketPlayerTeam,on_sale,ok,false,2026-08-23T22:21:19+02:00,,,
2026-08-21T1232Z,laliga,12717146,3068,Cabrera,Leandro Cabrera,2,15085835,15549740,1,marketPlayerTeam,on_sale,suspended,false,2026-08-23T22:21:32+02:00,,,
2026-08-21T1232Z,laliga,12717862,3089,Ez Abde,Abde Ezzalzouli,4,40470353,41408166,0,marketPlayerTeam,on_sale,injured,false,2026-08-23T22:21:59+02:00,,,
2026-08-21T1232Z,laliga,14185646,3037,C. Puga,Carlos Puga,2,4981968,5096327,1,marketPlayerTeam,on_sale,ok,false,2026-08-21T22:45:24+02:00,,,
2026-08-21T1232Z,laliga,14186088,2315,Paredes,Aitor Paredes,2,5577844,5280233,2,marketPlayerTeam,on_sale,ok,false,2026-08-21T22:46:04+02:00,,,
2026-08-21T1232Z,laliga,14186254,2474,Denis Suárez,Denis Suárez,3,2345839,2420507,1,marketPlayerTeam,on_sale,ok,false,2026-08-21T22:46:18+02:00,,,
2026-08-21T1232Z,laliga,14186359,3069,Blanco,Antonio Blanco,3,14554549,14784817,1,marketPlayerTeam,on_sale,ok,false,2026-08-21T22:46:26+02:00,,,
2026-08-21T1232Z,laliga,14186511,2700,Etta Eyong,Karl Edouard Blaise Etta Eyong,4,23998951,25480174,1,marketPlayerTeam,on_sale,ok,false,2026-08-21T22:46:38+02:00,,,
2026-08-21T1232Z,laliga,14243057,74,Yuri,Yuri Berchiche Izeta,2,12393953,12294334,1,marketPlayerTeam,on_sale,ok,false,2026-08-22T00:16:06+02:00,,,
2026-08-21T1232Z,laliga,14243153,1991,Tárrega,César Tárrega,2,9130371,9139919,1,marketPlayerTeam,on_sale,ok,false,2026-08-22T00:16:18+02:00,,,
2026-08-21T1232Z,laliga,14243525,2480,Johnny,Johnny Cardoso,3,5199668,5412259,1,marketPlayerTeam,on_sale,ok,false,2026-08-22T00:16:59+02:00,,,
2026-08-21T1232Z,laliga,14243639,3035,Izan M.,Izan Merino,3,5852631,6015339,1,marketPlayerTeam,on_sale,ok,false,2026-08-22T00:17:12+02:00,,,
2026-08-21T1232Z,laliga,14270371,1930,El Hilali,Omar El Hilali,2,10450818,9760951,1,marketPlayerTeam,on_sale,ok,false,2026-08-22T01:11:35+02:00,,,
2026-08-21T1232Z,laliga,14293583,265,Zubeldia,Igor Zubeldia,2,10352538,10295291,1,marketPlayerTeam,on_sale,ok,false,2026-08-22T02:31:14+02:00,,,
2026-08-21T1232Z,laliga,14948006,2713,Ionut Radu,Ionut Radu,1,36743508,37095939,1,marketPlayerTeam,on_sale,ok,false,2026-08-23T00:25:58+02:00,,,
2026-08-21T1232Z,laliga,15560007,2415,Llorente ,Diego Llorente,2,12782225,12888927,1,marketPlayerTeam,on_sale,ok,false,2026-08-23T22:21:26+02:00,,,
2026-08-21T1232Z,laliga,15567842,3125,Canales,Sergio Canales,3,25961421,25451761,0,marketPlayerTeam,on_sale,ok,false,2026-08-23T22:30:32+02:00,,,
2026-08-21T1232Z,laliga,15568099,1031,Comesaña,Santiago Comesaña,3,31255335,32090903,0,marketPlayerTeam,on_sale,ok,false,2026-08-23T22:30:51+02:00,,,
2026-08-21T1232Z,laliga,15859287,2556,Buchanan,Tajon Buchanan,3,16734076,16734076,0,marketPlayerTeam,on_sale,ok,false,2026-08-24T13:09:32+02:00,,,
2026-08-21T1347Z,laliga,75951402,2986,Antonio Hidalgo,Antonio Hidalgo,5,1396833,1439124,0,marketPlayerLeague,on_sale,ok,,2026-08-21T22:24:00+02:00,,,
2026-08-21T1347Z,laliga,75951403,2774,Kiko F.,Kiko Femenía,2,3427419,3529658,0,marketPlayerLeague,on_sale,suspended,,2026-08-21T22:24:00+02:00,,,
2026-08-21T1347Z,laliga,75951404,3170,Timera,Adama Timera,2,622196,632210,0,marketPlayerLeague,on_sale,ok,,2026-08-21T22:24:00+02:00,,,
2026-08-21T1347Z,laliga,75951405,652,Rubén García,Rubén García Santos,3,14090964,14083172,0,marketPlayerLeague,on_sale,ok,,2026-08-21T22:24:00+02:00,,,
2026-08-21T1347Z,laliga,75951406,3147,Fer Niño,Fer Niño,4,13543677,13796586,0,marketPlayerLeague,on_sale,ok,,2026-08-21T22:24:00+02:00,,,
2026-08-21T1347Z,laliga,75951407,2534,Álex Baena,Álex Baena,3,50749569,50261871,0,marketPlayerLeague,on_sale,ok,,2026-08-21T22:24:00+02:00,,,
2026-08-21T1347Z,laliga,75951409,3140,Juan Cruz,Juan Cruz,3,14605677,14953348,0,marketPlayerLeague,on_sale,ok,,2026-08-21T22:24:00+02:00,,,
2026-08-21T1347Z,laliga,75951411,1565,Barrios,Pablo Barrios,3,42769697,41903161,1,marketPlayerLeague,on_sale,ok,,2026-08-21T22:24:00+02:00,,,
2026-08-21T1347Z,laliga,75951413,2562,Marc Pubill,Marc Pubill,2,55300819,56068321,0,marketPlayerLeague,on_sale,ok,,2026-08-21T22:24:00+02:00,,,
2026-08-21T1347Z,laliga,75951421,2329,Javi Galán,Javi Galán,2,11268628,11380884,0,marketPlayerLeague,on_sale,ok,,2026-08-21T22:24:00+02:00,,,
2026-08-21T1347Z,laliga,75951423,988,Sivera,Antonio Sivera,1,34412976,33824935,0,marketPlayerLeague,on_sale,ok,,2026-08-21T22:24:00+02:00,,,
2026-08-21T1347Z,laliga,75951425,3000,Iñigo,Íñigo Sainz-Maza,2,679803,692218,0,marketPlayerLeague,on_sale,ok,,2026-08-21T22:24:00+02:00,,,
2026-08-21T1347Z,laliga,75951428,2714,Javi Rueda,Javi Rueda,2,4421896,4413024,0,marketPlayerLeague,on_sale,ok,,2026-08-21T22:24:00+02:00,,,
2026-08-21T1347Z,laliga,11705725,3129,Carlos Espí,Carlos Espí,4,9973382,9282313,1,marketPlayerTeam,on_sale,ok,false,2026-08-21T21:57:07+02:00,,,
2026-08-21T1347Z,laliga,12717104,1959,Mouriño,Santiago Mouriño,2,35379177,36327449,1,marketPlayerTeam,on_sale,ok,false,2026-08-23T22:21:19+02:00,,,
2026-08-21T1347Z,laliga,12717146,3068,Cabrera,Leandro Cabrera,2,15085835,15549740,1,marketPlayerTeam,on_sale,suspended,false,2026-08-23T22:21:32+02:00,,,
2026-08-21T1347Z,laliga,12717862,3089,Ez Abde,Abde Ezzalzouli,4,40470353,41408166,0,marketPlayerTeam,on_sale,injured,false,2026-08-23T22:21:59+02:00,,,
2026-08-21T1347Z,laliga,14185646,3037,C. Puga,Carlos Puga,2,4981968,5096327,1,marketPlayerTeam,on_sale,ok,false,2026-08-21T22:45:24+02:00,,,
2026-08-21T1347Z,laliga,14186088,2315,Paredes,Aitor Paredes,2,5577844,5280233,2,marketPlayerTeam,on_sale,ok,false,2026-08-21T22:46:04+02:00,,,
2026-08-21T1347Z,laliga,14186254,2474,Denis Suárez,Denis Suárez,3,2345839,2420507,1,marketPlayerTeam,on_sale,ok,false,2026-08-21T22:46:18+02:00,,,
2026-08-21T1347Z,laliga,14186359,3069,Blanco,Antonio Blanco,3,14554549,14784817,1,marketPlayerTeam,on_sale,ok,false,2026-08-21T22:46:26+02:00,,,
2026-08-21T1347Z,laliga,14186511,2700,Etta Eyong,Karl Edouard Blaise Etta Eyong,4,23998951,25480174,1,marketPlayerTeam,on_sale,ok,false,2026-08-21T22:46:38+02:00,,,
2026-08-21T1347Z,laliga,14243057,74,Yuri,Yuri Berchiche Izeta,2,12393953,12294334,1,marketPlayerTeam,on_sale,ok,false,2026-08-22T00:16:06+02:00,,,
2026-08-21T1347Z,laliga,14243153,1991,Tárrega,César Tárrega,2,9130371,9139919,1,marketPlayerTeam,on_sale,ok,false,2026-08-22T00:16:18+02:00,,,
2026-08-21T1347Z,laliga,14243525,2480,Johnny,Johnny Cardoso,3,5199668,5412259,1,marketPlayerTeam,on_sale,ok,false,2026-08-22T00:16:59+02:00,,,
2026-08-21T1347Z,laliga,14243639,3035,Izan M.,Izan Merino,3,5852631,6015339,1,marketPlayerTeam,on_sale,ok,false,2026-08-22T00:17:12+02:00,,,
2026-08-21T1347Z,laliga,14270371,1930,El Hilali,Omar El Hilali,2,10450818,9760951,1,marketPlayerTeam,on_sale,ok,false,2026-08-22T01:11:35+02:00,,,
2026-08-21T1347Z,laliga,14293583,265,Zubeldia,Igor Zubeldia,2,10352538,10295291,1,marketPlayerTeam,on_sale,ok,false,2026-08-22T02:31:14+02:00,,,
2026-08-21T1347Z,laliga,14948006,2713,Ionut Radu,Ionut Radu,1,36743508,37095939,1,marketPlayerTeam,on_sale,ok,false,2026-08-23T00:25:58+02:00,,,
2026-08-21T1347Z,laliga,15560007,2415,Llorente ,Diego Llorente,2,12782225,12888927,1,marketPlayerTeam,on_sale,ok,false,2026-08-23T22:21:26+02:00,,,
2026-08-21T1347Z,laliga,15567842,3125,Canales,Sergio Canales,3,25961421,25451761,0,marketPlayerTeam,on_sale,ok,false,2026-08-23T22:30:32+02:00,,,
2026-08-21T1347Z,laliga,15568099,1031,Comesaña,Santiago Comesaña,3,31255335,32090903,0,marketPlayerTeam,on_sale,ok,false,2026-08-23T22:30:51+02:00,,,
2026-08-21T1347Z,laliga,15859287,2556,Buchanan,Tajon Buchanan,3,16734076,16734076,0,marketPlayerTeam,on_sale,ok,false,2026-08-24T13:09:32+02:00,,,
2026-08-21T2127Z,laliga,80190329,2638,Manolo González,José Manuel González Álvarez,5,980031,980031,0,marketPlayerLeague,on_sale,ok,,2026-08-22T22:24:00+02:00,,,
2026-08-21T2127Z,laliga,80190331,3095,Ramis,Luis Miguel Ramis,5,1237211,1237211,0,marketPlayerLeague,on_sale,ok,,2026-08-22T22:24:00+02:00,,,
2026-08-21T2127Z,laliga,80190333,2449,Marcao,Marcos do Nascimento Teixeira,2,581191,581191,0,marketPlayerLeague,on_sale,ok,,2026-08-22T22:24:00+02:00,,,
2026-08-21T2127Z,laliga,80190335,2715,A. Iturbe,Alejandro Iturbe,1,736767,736767,0,marketPlayerLeague,on_sale,ok,,2026-08-22T22:24:00+02:00,,,
2026-08-21T2127Z,laliga,80190337,3153,Miguel Rodríguez,Miguel Rodríguez,4,2718871,2718871,0,marketPlayerLeague,on_sale,ok,,2026-08-22T22:24:00+02:00,,,
2026-08-21T2127Z,laliga,80190339,2501,Nico Serrano,Nico Serrano,4,786494,786494,0,marketPlayerLeague,on_sale,ok,,2026-08-22T22:24:00+02:00,,,
2026-08-21T2127Z,laliga,80190343,2467,Júnior R.,Luiz Lúcio Reis Júnior,1,35936870,35936870,0,marketPlayerLeague,on_sale,ok,,2026-08-22T22:24:00+02:00,,,
2026-08-21T2127Z,laliga,80190349,3183,Dubasin,Jonathan Dubasin,4,13784903,13784903,0,marketPlayerLeague,on_sale,ok,,2026-08-22T22:24:00+02:00,,,
2026-08-21T2127Z,laliga,80190355,2398,F. Calero,Fernando Calero,2,2455925,2455925,0,marketPlayerLeague,on_sale,injured,,2026-08-22T22:24:00+02:00,,,
2026-08-21T2127Z,laliga,80190359,3188,E. Ponce,Ezequiel Ponce,4,1718420,1718420,0,marketPlayerLeague,on_sale,ok,,2026-08-22T22:24:00+02:00,,,
2026-08-21T2127Z,laliga,80190362,2446,Zakharyan,Arsen Zakharyan,3,904949,904949,0,marketPlayerLeague,on_sale,ok,,2026-08-22T22:24:00+02:00,,,
2026-08-21T2127Z,laliga,80190366,2560,Raba,Dani Raba,4,1406656,1406656,0,marketPlayerLeague,on_sale,ok,,2026-08-22T22:24:00+02:00,,,
2026-08-21T2127Z,laliga,80190370,2386,Nteka,Randy Nteka,4,1237606,1237606,0,marketPlayerLeague,on_sale,ok,,2026-08-22T22:24:00+02:00,,,
2026-08-21T2127Z,laliga,11705725,3129,Carlos Espí,Carlos Espí,4,9973382,9973382,0,marketPlayerTeam,on_sale,ok,false,2026-08-24T23:10:35+02:00,,,
2026-08-21T2127Z,laliga,12717104,1959,Mouriño,Santiago Mouriño,2,35379177,36327449,1,marketPlayerTeam,on_sale,ok,false,2026-08-23T22:21:19+02:00,,,
2026-08-21T2127Z,laliga,12717146,3068,Cabrera,Leandro Cabrera,2,15085835,15549740,1,marketPlayerTeam,on_sale,suspended,false,2026-08-23T22:21:32+02:00,,,
2026-08-21T2127Z,laliga,12717862,3089,Ez Abde,Abde Ezzalzouli,4,40470353,41408166,1,marketPlayerTeam,on_sale,injured,false,2026-08-23T22:21:59+02:00,,,
2026-08-21T2127Z,laliga,14186359,3069,Blanco,Antonio Blanco,3,14554549,14554549,1,marketPlayerTeam,on_sale,ok,false,2026-08-24T23:02:37+02:00,,,
2026-08-21T2127Z,laliga,14243057,74,Yuri,Yuri Berchiche Izeta,2,12393953,12294334,1,marketPlayerTeam,on_sale,ok,false,2026-08-22T00:16:06+02:00,,,
2026-08-21T2127Z,laliga,14243153,1991,Tárrega,César Tárrega,2,9130371,9139919,1,marketPlayerTeam,on_sale,ok,false,2026-08-22T00:16:18+02:00,,,
2026-08-21T2127Z,laliga,14243525,2480,Johnny,Johnny Cardoso,3,5199668,5412259,1,marketPlayerTeam,on_sale,ok,false,2026-08-22T00:16:59+02:00,,,
2026-08-21T2127Z,laliga,14243639,3035,Izan M.,Izan Merino,3,5852631,6015339,1,marketPlayerTeam,on_sale,ok,false,2026-08-22T00:17:12+02:00,,,
2026-08-21T2127Z,laliga,14270371,1930,El Hilali,Omar El Hilali,2,10450818,9760951,1,marketPlayerTeam,on_sale,ok,false,2026-08-22T01:11:35+02:00,,,
2026-08-21T2127Z,laliga,14293583,265,Zubeldia,Igor Zubeldia,2,10352538,10295291,1,marketPlayerTeam,on_sale,ok,false,2026-08-22T02:31:14+02:00,,,
2026-08-21T2127Z,laliga,14948006,2713,Ionut Radu,Ionut Radu,1,36743508,37095939,1,marketPlayerTeam,on_sale,ok,false,2026-08-23T00:25:58+02:00,,,
2026-08-21T2127Z,laliga,15560007,2415,Llorente ,Diego Llorente,2,12782225,12888927,1,marketPlayerTeam,on_sale,ok,false,2026-08-23T22:21:26+02:00,,,
2026-08-21T2127Z,laliga,16235615,3125,Canales,Sergio Canales,3,25961421,25961421,0,marketPlayerTeam,on_sale,ok,false,2026-08-24T23:02:32+02:00,,,
2026-08-21T2127Z,laliga,16235820,3037,C. Puga,Carlos Puga,2,4981968,4981968,0,marketPlayerTeam,on_sale,ok,false,2026-08-24T23:02:43+02:00,,,
2026-08-21T2127Z,laliga,16235912,3120,De Haas,Justin de Haas,2,8870623,8870623,0,marketPlayerTeam,on_sale,ok,false,2026-08-24T23:02:48+02:00,,,
2026-08-21T2127Z,laliga,16236032,2714,Javi Rueda,Javi Rueda,2,4421896,4421896,0,marketPlayerTeam,on_sale,ok,false,2026-08-24T23:02:55+02:00,,,
2026-08-22T0713Z,laliga,80190329,2638,Manolo González,José Manuel González Álvarez,5,957310,980031,0,marketPlayerLeague,on_sale,ok,,2026-08-22T22:24:00+02:00,,,
2026-08-22T0713Z,laliga,80190331,3095,Ramis,Luis Miguel Ramis,5,1204202,1237211,0,marketPlayerLeague,on_sale,ok,,2026-08-22T22:24:00+02:00,,,
2026-08-22T0713Z,laliga,80190333,2449,Marcao,Marcos do Nascimento Teixeira,2,574423,581191,0,marketPlayerLeague,on_sale,ok,,2026-08-22T22:24:00+02:00,,,
2026-08-22T0713Z,laliga,80190335,2715,A. Iturbe,Alejandro Iturbe,1,723776,736767,0,marketPlayerLeague,on_sale,ok,,2026-08-22T22:24:00+02:00,,,
2026-08-22T0713Z,laliga,80190337,3153,Miguel Rodríguez,Miguel Rodríguez,4,2638081,2718871,0,marketPlayerLeague,on_sale,ok,,2026-08-22T22:24:00+02:00,,,
2026-08-22T0713Z,laliga,80190339,2501,Nico Serrano,Nico Serrano,4,771514,786494,0,marketPlayerLeague,on_sale,ok,,2026-08-22T22:24:00+02:00,,,
2026-08-22T0713Z,laliga,80190343,2467,Júnior R.,Luiz Lúcio Reis Júnior,1,35588100,35936870,0,marketPlayerLeague,on_sale,ok,,2026-08-22T22:24:00+02:00,,,
2026-08-22T0713Z,laliga,80190349,3183,Dubasin,Jonathan Dubasin,4,13451605,13784903,0,marketPlayerLeague,on_sale,ok,,2026-08-22T22:24:00+02:00,,,
2026-08-22T0713Z,laliga,80190355,2398,F. Calero,Fernando Calero,2,2385018,2455925,0,marketPlayerLeague,on_sale,injured,,2026-08-22T22:24:00+02:00,,,
2026-08-22T0713Z,laliga,80190359,3188,E. Ponce,Ezequiel Ponce,4,1673990,1718420,0,marketPlayerLeague,on_sale,ok,,2026-08-22T22:24:00+02:00,,,
2026-08-22T0713Z,laliga,80190362,2446,Zakharyan,Arsen Zakharyan,3,885231,904949,0,marketPlayerLeague,on_sale,ok,,2026-08-22T22:24:00+02:00,,,
2026-08-22T0713Z,laliga,80190366,2560,Raba,Dani Raba,4,1371776,1406656,0,marketPlayerLeague,on_sale,ok,,2026-08-22T22:24:00+02:00,,,
2026-08-22T0713Z,laliga,80190370,2386,Nteka,Randy Nteka,4,1255625,1237606,0,marketPlayerLeague,on_sale,ok,,2026-08-22T22:24:00+02:00,,,
2026-08-22T0713Z,laliga,11705725,3129,Carlos Espí,Carlos Espí,4,10182989,9973382,0,marketPlayerTeam,on_sale,ok,false,2026-08-24T23:10:35+02:00,,,
2026-08-22T0713Z,laliga,12717104,1959,Mouriño,Santiago Mouriño,2,34464778,36327449,1,marketPlayerTeam,on_sale,ok,false,2026-08-23T22:21:19+02:00,,,
2026-08-22T0713Z,laliga,12717146,3068,Cabrera,Leandro Cabrera,2,14650321,15549740,1,marketPlayerTeam,on_sale,suspended,false,2026-08-23T22:21:32+02:00,,,
2026-08-22T0713Z,laliga,12717862,3089,Ez Abde,Abde Ezzalzouli,4,39475136,41408166,1,marketPlayerTeam,on_sale,injured,false,2026-08-23T22:21:59+02:00,,,
2026-08-22T0713Z,laliga,14186359,3069,Blanco,Antonio Blanco,3,14588917,14554549,1,marketPlayerTeam,on_sale,ok,false,2026-08-24T23:02:37+02:00,,,
2026-08-22T0713Z,laliga,14948006,2713,Ionut Radu,Ionut Radu,1,36378011,37095939,1,marketPlayerTeam,on_sale,ok,false,2026-08-23T00:25:58+02:00,,,
2026-08-22T0713Z,laliga,15560007,2415,Llorente ,Diego Llorente,2,12586758,12888927,1,marketPlayerTeam,on_sale,ok,false,2026-08-23T22:21:26+02:00,,,
2026-08-22T0713Z,laliga,16235615,3125,Canales,Sergio Canales,3,26439859,25961421,0,marketPlayerTeam,on_sale,ok,false,2026-08-24T23:02:32+02:00,,,
2026-08-22T0713Z,laliga,16235820,3037,C. Puga,Carlos Puga,2,4982161,4981968,0,marketPlayerTeam,on_sale,ok,false,2026-08-24T23:02:43+02:00,,,
2026-08-22T0713Z,laliga,16235912,3120,De Haas,Justin de Haas,2,8729681,8870623,0,marketPlayerTeam,on_sale,ok,false,2026-08-24T23:02:48+02:00,,,
2026-08-22T0713Z,laliga,16236032,2714,Javi Rueda,Javi Rueda,2,4407631,4421896,0,marketPlayerTeam,on_sale,ok,false,2026-08-24T23:02:55+02:00,,,
2026-08-22T1501Z,laliga,80190329,2638,Manolo González,José Manuel González Álvarez,5,957310,980031,0,marketPlayerLeague,on_sale,ok,,2026-08-22T22:24:00+02:00,,,
2026-08-22T1501Z,laliga,80190331,3095,Ramis,Luis Miguel Ramis,5,1204202,1237211,0,marketPlayerLeague,on_sale,ok,,2026-08-22T22:24:00+02:00,,,
2026-08-22T1501Z,laliga,80190333,2449,Marcao,Marcos do Nascimento Teixeira,2,574423,581191,0,marketPlayerLeague,on_sale,ok,,2026-08-22T22:24:00+02:00,,,
2026-08-22T1501Z,laliga,80190335,2715,A. Iturbe,Alejandro Iturbe,1,723776,736767,0,marketPlayerLeague,on_sale,ok,,2026-08-22T22:24:00+02:00,,,
2026-08-22T1501Z,laliga,80190337,3153,Miguel Rodríguez,Miguel Rodríguez,4,2638081,2718871,0,marketPlayerLeague,on_sale,ok,,2026-08-22T22:24:00+02:00,,,
2026-08-22T1501Z,laliga,80190339,2501,Nico Serrano,Nico Serrano,4,771514,786494,0,marketPlayerLeague,on_sale,ok,,2026-08-22T22:24:00+02:00,,,
2026-08-22T1501Z,laliga,80190343,2467,Júnior R.,Luiz Lúcio Reis Júnior,1,35588100,35936870,0,marketPlayerLeague,on_sale,ok,,2026-08-22T22:24:00+02:00,,,
2026-08-22T1501Z,laliga,80190349,3183,Dubasin,Jonathan Dubasin,4,13451605,13784903,0,marketPlayerLeague,on_sale,ok,,2026-08-22T22:24:00+02:00,,,
2026-08-22T1501Z,laliga,80190355,2398,F. Calero,Fernando Calero,2,2385018,2455925,0,marketPlayerLeague,on_sale,injured,,2026-08-22T22:24:00+02:00,,,
2026-08-22T1501Z,laliga,80190359,3188,E. Ponce,Ezequiel Ponce,4,1673990,1718420,0,marketPlayerLeague,on_sale,ok,,2026-08-22T22:24:00+02:00,,,
2026-08-22T1501Z,laliga,80190362,2446,Zakharyan,Arsen Zakharyan,3,885231,904949,0,marketPlayerLeague,on_sale,ok,,2026-08-22T22:24:00+02:00,,,
2026-08-22T1501Z,laliga,80190366,2560,Raba,Dani Raba,4,1371776,1406656,0,marketPlayerLeague,on_sale,ok,,2026-08-22T22:24:00+02:00,,,
2026-08-22T1501Z,laliga,80190370,2386,Nteka,Randy Nteka,4,1255625,1237606,2,marketPlayerLeague,on_sale,ok,,2026-08-22T22:24:00+02:00,,,
2026-08-22T1501Z,laliga,11705725,3129,Carlos Espí,Carlos Espí,4,10182989,9973382,0,marketPlayerTeam,on_sale,ok,false,2026-08-24T23:10:35+02:00,,,
2026-08-22T1501Z,laliga,12717104,1959,Mouriño,Santiago Mouriño,2,34464778,36327449,1,marketPlayerTeam,on_sale,ok,false,2026-08-23T22:21:19+02:00,,,
2026-08-22T1501Z,laliga,12717146,3068,Cabrera,Leandro Cabrera,2,14650321,15549740,1,marketPlayerTeam,on_sale,suspended,false,2026-08-23T22:21:32+02:00,,,
2026-08-22T1501Z,laliga,12717862,3089,Ez Abde,Abde Ezzalzouli,4,39475136,41408166,1,marketPlayerTeam,on_sale,injured,false,2026-08-23T22:21:59+02:00,,,
2026-08-22T1501Z,laliga,14186359,3069,Blanco,Antonio Blanco,3,14588917,14554549,1,marketPlayerTeam,on_sale,ok,false,2026-08-24T23:02:37+02:00,,,
2026-08-22T1501Z,laliga,14243057,74,Yuri,Yuri Berchiche Izeta,2,12326369,12326369,1,marketPlayerTeam,on_sale,ok,false,2026-08-25T11:21:10+02:00,,,
2026-08-22T1501Z,laliga,14948006,2713,Ionut Radu,Ionut Radu,1,36378011,37095939,1,marketPlayerTeam,on_sale,ok,false,2026-08-23T00:25:58+02:00,,,
2026-08-22T1501Z,laliga,15560007,2415,Llorente ,Diego Llorente,2,12586758,12888927,1,marketPlayerTeam,on_sale,ok,false,2026-08-23T22:21:26+02:00,,,
2026-08-22T1501Z,laliga,16235615,3125,Canales,Sergio Canales,3,26439859,25961421,0,marketPlayerTeam,on_sale,ok,false,2026-08-24T23:02:32+02:00,,,
2026-08-22T1501Z,laliga,16235820,3037,C. Puga,Carlos Puga,2,4982161,4981968,0,marketPlayerTeam,on_sale,ok,false,2026-08-24T23:02:43+02:00,,,
2026-08-22T1501Z,laliga,16235912,3120,De Haas,Justin de Haas,2,8729681,8870623,0,marketPlayerTeam,on_sale,ok,false,2026-08-24T23:02:48+02:00,,,
2026-08-22T1501Z,laliga,16236032,2714,Javi Rueda,Javi Rueda,2,4407631,4421896,0,marketPlayerTeam,on_sale,ok,false,2026-08-24T23:02:55+02:00,,,
2026-08-22T1506Z,laliga,80190329,2638,Manolo González,José Manuel González Álvarez,5,957310,980031,0,marketPlayerLeague,on_sale,ok,,2026-08-22T22:24:00+02:00,,,
2026-08-22T1506Z,laliga,80190331,3095,Ramis,Luis Miguel Ramis,5,1204202,1237211,0,marketPlayerLeague,on_sale,ok,,2026-08-22T22:24:00+02:00,,,
2026-08-22T1506Z,laliga,80190333,2449,Marcao,Marcos do Nascimento Teixeira,2,574423,581191,0,marketPlayerLeague,on_sale,ok,,2026-08-22T22:24:00+02:00,,,
2026-08-22T1506Z,laliga,80190335,2715,A. Iturbe,Alejandro Iturbe,1,723776,736767,0,marketPlayerLeague,on_sale,ok,,2026-08-22T22:24:00+02:00,,,
2026-08-22T1506Z,laliga,80190337,3153,Miguel Rodríguez,Miguel Rodríguez,4,2638081,2718871,0,marketPlayerLeague,on_sale,ok,,2026-08-22T22:24:00+02:00,,,
2026-08-22T1506Z,laliga,80190339,2501,Nico Serrano,Nico Serrano,4,771514,786494,0,marketPlayerLeague,on_sale,ok,,2026-08-22T22:24:00+02:00,,,
2026-08-22T1506Z,laliga,80190343,2467,Júnior R.,Luiz Lúcio Reis Júnior,1,35588100,35936870,0,marketPlayerLeague,on_sale,ok,,2026-08-22T22:24:00+02:00,,,
2026-08-22T1506Z,laliga,80190349,3183,Dubasin,Jonathan Dubasin,4,13451605,13784903,0,marketPlayerLeague,on_sale,ok,,2026-08-22T22:24:00+02:00,,,
2026-08-22T1506Z,laliga,80190355,2398,F. Calero,Fernando Calero,2,2385018,2455925,0,marketPlayerLeague,on_sale,injured,,2026-08-22T22:24:00+02:00,,,
2026-08-22T1506Z,laliga,80190359,3188,E. Ponce,Ezequiel Ponce,4,1673990,1718420,0,marketPlayerLeague,on_sale,ok,,2026-08-22T22:24:00+02:00,,,
2026-08-22T1506Z,laliga,80190362,2446,Zakharyan,Arsen Zakharyan,3,885231,904949,0,marketPlayerLeague,on_sale,ok,,2026-08-22T22:24:00+02:00,,,
2026-08-22T1506Z,laliga,80190366,2560,Raba,Dani Raba,4,1371776,1406656,0,marketPlayerLeague,on_sale,ok,,2026-08-22T22:24:00+02:00,,,
2026-08-22T1506Z,laliga,80190370,2386,Nteka,Randy Nteka,4,1255625,1237606,2,marketPlayerLeague,on_sale,ok,,2026-08-22T22:24:00+02:00,,,
2026-08-22T1506Z,laliga,11705725,3129,Carlos Espí,Carlos Espí,4,10182989,9973382,0,marketPlayerTeam,on_sale,ok,false,2026-08-24T23:10:35+02:00,,,
2026-08-22T1506Z,laliga,12717104,1959,Mouriño,Santiago Mouriño,2,34464778,36327449,1,marketPlayerTeam,on_sale,ok,false,2026-08-23T22:21:19+02:00,,,
2026-08-22T1506Z,laliga,12717146,3068,Cabrera,Leandro Cabrera,2,14650321,15549740,1,marketPlayerTeam,on_sale,suspended,false,2026-08-23T22:21:32+02:00,,,
2026-08-22T1506Z,laliga,12717862,3089,Ez Abde,Abde Ezzalzouli,4,39475136,41408166,1,marketPlayerTeam,on_sale,injured,false,2026-08-23T22:21:59+02:00,,,
2026-08-22T1506Z,laliga,14186359,3069,Blanco,Antonio Blanco,3,14588917,14554549,1,marketPlayerTeam,on_sale,ok,false,2026-08-24T23:02:37+02:00,,,
2026-08-22T1506Z,laliga,14243057,74,Yuri,Yuri Berchiche Izeta,2,12326369,12326369,1,marketPlayerTeam,on_sale,ok,false,2026-08-25T11:21:10+02:00,,,
2026-08-22T1506Z,laliga,14948006,2713,Ionut Radu,Ionut Radu,1,36378011,37095939,1,marketPlayerTeam,on_sale,ok,false,2026-08-23T00:25:58+02:00,,,
2026-08-22T1506Z,laliga,15560007,2415,Llorente ,Diego Llorente,2,12586758,12888927,1,marketPlayerTeam,on_sale,ok,false,2026-08-23T22:21:26+02:00,,,
2026-08-22T1506Z,laliga,16235615,3125,Canales,Sergio Canales,3,26439859,25961421,0,marketPlayerTeam,on_sale,ok,false,2026-08-24T23:02:32+02:00,,,
2026-08-22T1506Z,laliga,16235820,3037,C. Puga,Carlos Puga,2,4982161,4981968,0,marketPlayerTeam,on_sale,ok,false,2026-08-24T23:02:43+02:00,,,
2026-08-22T1506Z,laliga,16235912,3120,De Haas,Justin de Haas,2,8729681,8870623,0,marketPlayerTeam,on_sale,ok,false,2026-08-24T23:02:48+02:00,,,
2026-08-22T1506Z,laliga,16236032,2714,Javi Rueda,Javi Rueda,2,4407631,4421896,0,marketPlayerTeam,on_sale,ok,false,2026-08-24T23:02:55+02:00,,,
2026-08-22T1532Z,laliga,80190329,2638,Manolo González,José Manuel González Álvarez,5,957310,980031,0,marketPlayerLeague,on_sale,ok,,2026-08-22T22:24:00+02:00,,,
2026-08-22T1532Z,laliga,80190331,3095,Ramis,Luis Miguel Ramis,5,1204202,1237211,0,marketPlayerLeague,on_sale,ok,,2026-08-22T22:24:00+02:00,,,
2026-08-22T1532Z,laliga,80190333,2449,Marcao,Marcos do Nascimento Teixeira,2,574423,581191,0,marketPlayerLeague,on_sale,ok,,2026-08-22T22:24:00+02:00,,,
2026-08-22T1532Z,laliga,80190335,2715,A. Iturbe,Alejandro Iturbe,1,723776,736767,0,marketPlayerLeague,on_sale,ok,,2026-08-22T22:24:00+02:00,,,
2026-08-22T1532Z,laliga,80190337,3153,Miguel Rodríguez,Miguel Rodríguez,4,2638081,2718871,0,marketPlayerLeague,on_sale,ok,,2026-08-22T22:24:00+02:00,,,
2026-08-22T1532Z,laliga,80190339,2501,Nico Serrano,Nico Serrano,4,771514,786494,0,marketPlayerLeague,on_sale,ok,,2026-08-22T22:24:00+02:00,,,
2026-08-22T1532Z,laliga,80190343,2467,Júnior R.,Luiz Lúcio Reis Júnior,1,35588100,35936870,0,marketPlayerLeague,on_sale,ok,,2026-08-22T22:24:00+02:00,,,
2026-08-22T1532Z,laliga,80190349,3183,Dubasin,Jonathan Dubasin,4,13451605,13784903,0,marketPlayerLeague,on_sale,ok,,2026-08-22T22:24:00+02:00,,,
2026-08-22T1532Z,laliga,80190355,2398,F. Calero,Fernando Calero,2,2385018,2455925,0,marketPlayerLeague,on_sale,injured,,2026-08-22T22:24:00+02:00,,,
2026-08-22T1532Z,laliga,80190359,3188,E. Ponce,Ezequiel Ponce,4,1673990,1718420,0,marketPlayerLeague,on_sale,ok,,2026-08-22T22:24:00+02:00,,,
2026-08-22T1532Z,laliga,80190362,2446,Zakharyan,Arsen Zakharyan,3,885231,904949,0,marketPlayerLeague,on_sale,ok,,2026-08-22T22:24:00+02:00,,,
2026-08-22T1532Z,laliga,80190366,2560,Raba,Dani Raba,4,1371776,1406656,0,marketPlayerLeague,on_sale,ok,,2026-08-22T22:24:00+02:00,,,
2026-08-22T1532Z,laliga,80190370,2386,Nteka,Randy Nteka,4,1255625,1237606,2,marketPlayerLeague,on_sale,ok,,2026-08-22T22:24:00+02:00,,,
2026-08-22T1532Z,laliga,11705725,3129,Carlos Espí,Carlos Espí,4,10182989,9973382,0,marketPlayerTeam,on_sale,ok,false,2026-08-24T23:10:35+02:00,,,
2026-08-22T1532Z,laliga,12717104,1959,Mouriño,Santiago Mouriño,2,34464778,36327449,1,marketPlayerTeam,on_sale,ok,false,2026-08-23T22:21:19+02:00,,,
2026-08-22T1532Z,laliga,12717146,3068,Cabrera,Leandro Cabrera,2,14650321,15549740,1,marketPlayerTeam,on_sale,suspended,false,2026-08-23T22:21:32+02:00,,,
2026-08-22T1532Z,laliga,12717862,3089,Ez Abde,Abde Ezzalzouli,4,39475136,41408166,1,marketPlayerTeam,on_sale,injured,false,2026-08-23T22:21:59+02:00,,,
2026-08-22T1532Z,laliga,14186359,3069,Blanco,Antonio Blanco,3,14588917,14554549,1,marketPlayerTeam,on_sale,ok,false,2026-08-24T23:02:37+02:00,,,
2026-08-22T1532Z,laliga,14243057,74,Yuri,Yuri Berchiche Izeta,2,12326369,12326369,1,marketPlayerTeam,on_sale,ok,false,2026-08-25T11:21:10+02:00,,,
2026-08-22T1532Z,laliga,14948006,2713,Ionut Radu,Ionut Radu,1,36378011,37095939,1,marketPlayerTeam,on_sale,ok,false,2026-08-23T00:25:58+02:00,,,
2026-08-22T1532Z,laliga,15560007,2415,Llorente ,Diego Llorente,2,12586758,12888927,1,marketPlayerTeam,on_sale,ok,false,2026-08-23T22:21:26+02:00,,,
2026-08-22T1532Z,laliga,16235615,3125,Canales,Sergio Canales,3,26439859,25961421,0,marketPlayerTeam,on_sale,ok,false,2026-08-24T23:02:32+02:00,,,
2026-08-22T1532Z,laliga,16235820,3037,C. Puga,Carlos Puga,2,4982161,4981968,0,marketPlayerTeam,on_sale,ok,false,2026-08-24T23:02:43+02:00,,,
2026-08-22T1532Z,laliga,16235912,3120,De Haas,Justin de Haas,2,8729681,8870623,0,marketPlayerTeam,on_sale,ok,false,2026-08-24T23:02:48+02:00,,,
2026-08-22T1532Z,laliga,16236032,2714,Javi Rueda,Javi Rueda,2,4407631,4421896,0,marketPlayerTeam,on_sale,ok,false,2026-08-24T23:02:55+02:00,,,
2026-08-22T1538Z,laliga,80190329,2638,Manolo González,José Manuel González Álvarez,5,957310,980031,0,marketPlayerLeague,on_sale,ok,,2026-08-22T22:24:00+02:00,,,
2026-08-22T1538Z,laliga,80190331,3095,Ramis,Luis Miguel Ramis,5,1204202,1237211,0,marketPlayerLeague,on_sale,ok,,2026-08-22T22:24:00+02:00,,,
2026-08-22T1538Z,laliga,80190333,2449,Marcao,Marcos do Nascimento Teixeira,2,574423,581191,0,marketPlayerLeague,on_sale,ok,,2026-08-22T22:24:00+02:00,,,
2026-08-22T1538Z,laliga,80190335,2715,A. Iturbe,Alejandro Iturbe,1,723776,736767,0,marketPlayerLeague,on_sale,ok,,2026-08-22T22:24:00+02:00,,,
2026-08-22T1538Z,laliga,80190337,3153,Miguel Rodríguez,Miguel Rodríguez,4,2638081,2718871,0,marketPlayerLeague,on_sale,ok,,2026-08-22T22:24:00+02:00,,,
2026-08-22T1538Z,laliga,80190339,2501,Nico Serrano,Nico Serrano,4,771514,786494,0,marketPlayerLeague,on_sale,ok,,2026-08-22T22:24:00+02:00,,,
2026-08-22T1538Z,laliga,80190343,2467,Júnior R.,Luiz Lúcio Reis Júnior,1,35588100,35936870,0,marketPlayerLeague,on_sale,ok,,2026-08-22T22:24:00+02:00,,,
2026-08-22T1538Z,laliga,80190349,3183,Dubasin,Jonathan Dubasin,4,13451605,13784903,0,marketPlayerLeague,on_sale,ok,,2026-08-22T22:24:00+02:00,,,
2026-08-22T1538Z,laliga,80190355,2398,F. Calero,Fernando Calero,2,2385018,2455925,0,marketPlayerLeague,on_sale,injured,,2026-08-22T22:24:00+02:00,,,
2026-08-22T1538Z,laliga,80190359,3188,E. Ponce,Ezequiel Ponce,4,1673990,1718420,0,marketPlayerLeague,on_sale,ok,,2026-08-22T22:24:00+02:00,,,
2026-08-22T1538Z,laliga,80190362,2446,Zakharyan,Arsen Zakharyan,3,885231,904949,0,marketPlayerLeague,on_sale,ok,,2026-08-22T22:24:00+02:00,,,
2026-08-22T1538Z,laliga,80190366,2560,Raba,Dani Raba,4,1371776,1406656,0,marketPlayerLeague,on_sale,ok,,2026-08-22T22:24:00+02:00,,,
2026-08-22T1538Z,laliga,80190370,2386,Nteka,Randy Nteka,4,1255625,1237606,2,marketPlayerLeague,on_sale,ok,,2026-08-22T22:24:00+02:00,,,
2026-08-22T1538Z,laliga,11705725,3129,Carlos Espí,Carlos Espí,4,10182989,9973382,0,marketPlayerTeam,on_sale,ok,false,2026-08-24T23:10:35+02:00,,,
2026-08-22T1538Z,laliga,11943699,1070,De Galarreta,Inigo Ruiz de Galarreta,3,13042179,13042179,0,marketPlayerTeam,on_sale,ok,false,2026-08-25T17:33:24+02:00,,,
2026-08-22T1538Z,laliga,12717104,1959,Mouriño,Santiago Mouriño,2,34464778,36327449,1,marketPlayerTeam,on_sale,ok,false,2026-08-23T22:21:19+02:00,,,
2026-08-22T1538Z,laliga,12717146,3068,Cabrera,Leandro Cabrera,2,14650321,15549740,1,marketPlayerTeam,on_sale,suspended,false,2026-08-23T22:21:32+02:00,,,
2026-08-22T1538Z,laliga,12717862,3089,Ez Abde,Abde Ezzalzouli,4,39475136,41408166,1,marketPlayerTeam,on_sale,injured,false,2026-08-23T22:21:59+02:00,,,
2026-08-22T1538Z,laliga,14186359,3069,Blanco,Antonio Blanco,3,14588917,14554549,2,marketPlayerTeam,on_sale,ok,false,2026-08-24T23:02:37+02:00,,,
2026-08-22T1538Z,laliga,14243057,74,Yuri,Yuri Berchiche Izeta,2,12326369,12326369,1,marketPlayerTeam,on_sale,suspended,false,2026-08-25T11:21:10+02:00,,,
2026-08-22T1538Z,laliga,14948006,2713,Ionut Radu,Ionut Radu,1,36378011,37095939,1,marketPlayerTeam,on_sale,ok,false,2026-08-23T00:25:58+02:00,,,
2026-08-22T1538Z,laliga,15560007,2415,Llorente ,Diego Llorente,2,12586758,12888927,1,marketPlayerTeam,on_sale,ok,false,2026-08-23T22:21:26+02:00,,,
2026-08-22T1538Z,laliga,16235615,3125,Canales,Sergio Canales,3,26439859,25961421,0,marketPlayerTeam,on_sale,ok,false,2026-08-24T23:02:32+02:00,,,
2026-08-22T1538Z,laliga,16235820,3037,C. Puga,Carlos Puga,2,4982161,4981968,0,marketPlayerTeam,on_sale,ok,false,2026-08-24T23:02:43+02:00,,,
2026-08-22T1538Z,laliga,16235912,3120,De Haas,Justin de Haas,2,8729681,8870623,0,marketPlayerTeam,on_sale,ok,false,2026-08-24T23:02:48+02:00,,,
2026-08-22T1538Z,laliga,16236032,2714,Javi Rueda,Javi Rueda,2,4407631,4421896,0,marketPlayerTeam,on_sale,ok,false,2026-08-24T23:02:55+02:00,,,
2026-08-22T1607Z,laliga,80190329,2638,Manolo González,José Manuel González Álvarez,5,957310,980031,0,marketPlayerLeague,on_sale,ok,,2026-08-22T22:24:00+02:00,,,
2026-08-22T1607Z,laliga,80190331,3095,Ramis,Luis Miguel Ramis,5,1204202,1237211,0,marketPlayerLeague,on_sale,ok,,2026-08-22T22:24:00+02:00,,,
2026-08-22T1607Z,laliga,80190333,2449,Marcao,Marcos do Nascimento Teixeira,2,574423,581191,0,marketPlayerLeague,on_sale,ok,,2026-08-22T22:24:00+02:00,,,
2026-08-22T1607Z,laliga,80190335,2715,A. Iturbe,Alejandro Iturbe,1,723776,736767,0,marketPlayerLeague,on_sale,ok,,2026-08-22T22:24:00+02:00,,,
2026-08-22T1607Z,laliga,80190337,3153,Miguel Rodríguez,Miguel Rodríguez,4,2638081,2718871,0,marketPlayerLeague,on_sale,ok,,2026-08-22T22:24:00+02:00,,,
2026-08-22T1607Z,laliga,80190339,2501,Nico Serrano,Nico Serrano,4,771514,786494,0,marketPlayerLeague,on_sale,ok,,2026-08-22T22:24:00+02:00,,,
2026-08-22T1607Z,laliga,80190343,2467,Júnior R.,Luiz Lúcio Reis Júnior,1,35588100,35936870,0,marketPlayerLeague,on_sale,ok,,2026-08-22T22:24:00+02:00,,,
2026-08-22T1607Z,laliga,80190349,3183,Dubasin,Jonathan Dubasin,4,13451605,13784903,0,marketPlayerLeague,on_sale,ok,,2026-08-22T22:24:00+02:00,,,
2026-08-22T1607Z,laliga,80190355,2398,F. Calero,Fernando Calero,2,2385018,2455925,0,marketPlayerLeague,on_sale,injured,,2026-08-22T22:24:00+02:00,,,
2026-08-22T1607Z,laliga,80190359,3188,E. Ponce,Ezequiel Ponce,4,1673990,1718420,0,marketPlayerLeague,on_sale,ok,,2026-08-22T22:24:00+02:00,,,
2026-08-22T1607Z,laliga,80190362,2446,Zakharyan,Arsen Zakharyan,3,885231,904949,0,marketPlayerLeague,on_sale,ok,,2026-08-22T22:24:00+02:00,,,
2026-08-22T1607Z,laliga,80190366,2560,Raba,Dani Raba,4,1371776,1406656,0,marketPlayerLeague,on_sale,ok,,2026-08-22T22:24:00+02:00,,,
2026-08-22T1607Z,laliga,80190370,2386,Nteka,Randy Nteka,4,1255625,1237606,2,marketPlayerLeague,on_sale,ok,,2026-08-22T22:24:00+02:00,,,
2026-08-22T1607Z,laliga,11705725,3129,Carlos Espí,Carlos Espí,4,10182989,9973382,0,marketPlayerTeam,on_sale,ok,false,2026-08-24T23:10:35+02:00,,,
2026-08-22T1607Z,laliga,11943699,1070,De Galarreta,Inigo Ruiz de Galarreta,3,13042179,13042179,0,marketPlayerTeam,on_sale,ok,false,2026-08-25T17:33:24+02:00,,,
2026-08-22T1607Z,laliga,12717104,1959,Mouriño,Santiago Mouriño,2,34464778,36327449,1,marketPlayerTeam,on_sale,ok,false,2026-08-23T22:21:19+02:00,,,
2026-08-22T1607Z,laliga,12717146,3068,Cabrera,Leandro Cabrera,2,14650321,15549740,1,marketPlayerTeam,on_sale,suspended,false,2026-08-23T22:21:32+02:00,,,
2026-08-22T1607Z,laliga,12717862,3089,Ez Abde,Abde Ezzalzouli,4,39475136,41408166,1,marketPlayerTeam,on_sale,injured,false,2026-08-23T22:21:59+02:00,,,
2026-08-22T1607Z,laliga,14186359,3069,Blanco,Antonio Blanco,3,14588917,14554549,1,marketPlayerTeam,on_sale,ok,false,2026-08-24T23:02:37+02:00,,,
2026-08-22T1607Z,laliga,14243057,74,Yuri,Yuri Berchiche Izeta,2,12326369,12326369,1,marketPlayerTeam,on_sale,suspended,false,2026-08-25T11:21:10+02:00,,,
2026-08-22T1607Z,laliga,14948006,2713,Ionut Radu,Ionut Radu,1,36378011,37095939,1,marketPlayerTeam,on_sale,ok,false,2026-08-23T00:25:58+02:00,,,
2026-08-22T1607Z,laliga,15560007,2415,Llorente ,Diego Llorente,2,12586758,12888927,1,marketPlayerTeam,on_sale,ok,false,2026-08-23T22:21:26+02:00,,,
2026-08-22T1607Z,laliga,16235615,3125,Canales,Sergio Canales,3,26439859,25961421,0,marketPlayerTeam,on_sale,ok,false,2026-08-24T23:02:32+02:00,,,
2026-08-22T1607Z,laliga,16235820,3037,C. Puga,Carlos Puga,2,4982161,4981968,0,marketPlayerTeam,on_sale,ok,false,2026-08-24T23:02:43+02:00,,,
2026-08-22T1607Z,laliga,16235912,3120,De Haas,Justin de Haas,2,8729681,8870623,0,marketPlayerTeam,on_sale,ok,false,2026-08-24T23:02:48+02:00,,,
2026-08-22T1607Z,laliga,16236032,2714,Javi Rueda,Javi Rueda,2,4407631,4421896,0,marketPlayerTeam,on_sale,ok,false,2026-08-24T23:02:55+02:00,,,
2026-08-22T1615Z,laliga,80190329,2638,Manolo González,José Manuel González Álvarez,5,957310,980031,0,marketPlayerLeague,on_sale,ok,,2026-08-22T22:24:00+02:00,,,
2026-08-22T1615Z,laliga,80190331,3095,Ramis,Luis Miguel Ramis,5,1204202,1237211,0,marketPlayerLeague,on_sale,ok,,2026-08-22T22:24:00+02:00,,,
2026-08-22T1615Z,laliga,80190333,2449,Marcao,Marcos do Nascimento Teixeira,2,574423,581191,0,marketPlayerLeague,on_sale,ok,,2026-08-22T22:24:00+02:00,,,
2026-08-22T1615Z,laliga,80190335,2715,A. Iturbe,Alejandro Iturbe,1,723776,736767,0,marketPlayerLeague,on_sale,ok,,2026-08-22T22:24:00+02:00,,,
2026-08-22T1615Z,laliga,80190337,3153,Miguel Rodríguez,Miguel Rodríguez,4,2638081,2718871,0,marketPlayerLeague,on_sale,ok,,2026-08-22T22:24:00+02:00,,,
2026-08-22T1615Z,laliga,80190339,2501,Nico Serrano,Nico Serrano,4,771514,786494,0,marketPlayerLeague,on_sale,ok,,2026-08-22T22:24:00+02:00,,,
2026-08-22T1615Z,laliga,80190343,2467,Júnior R.,Luiz Lúcio Reis Júnior,1,35588100,35936870,0,marketPlayerLeague,on_sale,ok,,2026-08-22T22:24:00+02:00,,,
2026-08-22T1615Z,laliga,80190349,3183,Dubasin,Jonathan Dubasin,4,13451605,13784903,0,marketPlayerLeague,on_sale,ok,,2026-08-22T22:24:00+02:00,,,
2026-08-22T1615Z,laliga,80190355,2398,F. Calero,Fernando Calero,2,2385018,2455925,0,marketPlayerLeague,on_sale,injured,,2026-08-22T22:24:00+02:00,,,
2026-08-22T1615Z,laliga,80190359,3188,E. Ponce,Ezequiel Ponce,4,1673990,1718420,0,marketPlayerLeague,on_sale,ok,,2026-08-22T22:24:00+02:00,,,
2026-08-22T1615Z,laliga,80190362,2446,Zakharyan,Arsen Zakharyan,3,885231,904949,0,marketPlayerLeague,on_sale,ok,,2026-08-22T22:24:00+02:00,,,
2026-08-22T1615Z,laliga,80190366,2560,Raba,Dani Raba,4,1371776,1406656,0,marketPlayerLeague,on_sale,ok,,2026-08-22T22:24:00+02:00,,,
2026-08-22T1615Z,laliga,80190370,2386,Nteka,Randy Nteka,4,1255625,1237606,2,marketPlayerLeague,on_sale,ok,,2026-08-22T22:24:00+02:00,,,
2026-08-22T1615Z,laliga,11705725,3129,Carlos Espí,Carlos Espí,4,10182989,9973382,0,marketPlayerTeam,on_sale,ok,false,2026-08-24T23:10:35+02:00,,,
2026-08-22T1615Z,laliga,11943699,1070,De Galarreta,Inigo Ruiz de Galarreta,3,13042179,13042179,0,marketPlayerTeam,on_sale,ok,false,2026-08-25T17:33:24+02:00,,,
2026-08-22T1615Z,laliga,12717104,1959,Mouriño,Santiago Mouriño,2,34464778,36327449,1,marketPlayerTeam,on_sale,ok,false,2026-08-23T22:21:19+02:00,,,
2026-08-22T1615Z,laliga,12717146,3068,Cabrera,Leandro Cabrera,2,14650321,15549740,1,marketPlayerTeam,on_sale,suspended,false,2026-08-23T22:21:32+02:00,,,
2026-08-22T1615Z,laliga,12717862,3089,Ez Abde,Abde Ezzalzouli,4,39475136,41408166,1,marketPlayerTeam,on_sale,injured,false,2026-08-23T22:21:59+02:00,,,
2026-08-22T1615Z,laliga,14186359,3069,Blanco,Antonio Blanco,3,14588917,14554549,1,marketPlayerTeam,on_sale,ok,false,2026-08-24T23:02:37+02:00,,,
2026-08-22T1615Z,laliga,14243057,74,Yuri,Yuri Berchiche Izeta,2,12326369,12326369,1,marketPlayerTeam,on_sale,suspended,false,2026-08-25T11:21:10+02:00,,,
2026-08-22T1615Z,laliga,14948006,2713,Ionut Radu,Ionut Radu,1,36378011,37095939,1,marketPlayerTeam,on_sale,ok,false,2026-08-23T00:25:58+02:00,,,
2026-08-22T1615Z,laliga,15560007,2415,Llorente ,Diego Llorente,2,12586758,12888927,1,marketPlayerTeam,on_sale,ok,false,2026-08-23T22:21:26+02:00,,,
2026-08-22T1615Z,laliga,16235615,3125,Canales,Sergio Canales,3,26439859,25961421,0,marketPlayerTeam,on_sale,ok,false,2026-08-24T23:02:32+02:00,,,
2026-08-22T1615Z,laliga,16235820,3037,C. Puga,Carlos Puga,2,4982161,4981968,0,marketPlayerTeam,on_sale,ok,false,2026-08-24T23:02:43+02:00,,,
2026-08-22T1615Z,laliga,16235912,3120,De Haas,Justin de Haas,2,8729681,8870623,0,marketPlayerTeam,on_sale,ok,false,2026-08-24T23:02:48+02:00,,,
2026-08-22T1615Z,laliga,16236032,2714,Javi Rueda,Javi Rueda,2,4407631,4421896,0,marketPlayerTeam,on_sale,ok,false,2026-08-24T23:02:55+02:00,,,
2026-08-22T1617Z,laliga,80190329,2638,Manolo González,José Manuel González Álvarez,5,957310,980031,0,marketPlayerLeague,on_sale,ok,,2026-08-22T22:24:00+02:00,,,
2026-08-22T1617Z,laliga,80190331,3095,Ramis,Luis Miguel Ramis,5,1204202,1237211,0,marketPlayerLeague,on_sale,ok,,2026-08-22T22:24:00+02:00,,,
2026-08-22T1617Z,laliga,80190333,2449,Marcao,Marcos do Nascimento Teixeira,2,574423,581191,0,marketPlayerLeague,on_sale,ok,,2026-08-22T22:24:00+02:00,,,
2026-08-22T1617Z,laliga,80190335,2715,A. Iturbe,Alejandro Iturbe,1,723776,736767,0,marketPlayerLeague,on_sale,ok,,2026-08-22T22:24:00+02:00,,,
2026-08-22T1617Z,laliga,80190337,3153,Miguel Rodríguez,Miguel Rodríguez,4,2638081,2718871,0,marketPlayerLeague,on_sale,ok,,2026-08-22T22:24:00+02:00,,,
2026-08-22T1617Z,laliga,80190339,2501,Nico Serrano,Nico Serrano,4,771514,786494,0,marketPlayerLeague,on_sale,ok,,2026-08-22T22:24:00+02:00,,,
2026-08-22T1617Z,laliga,80190343,2467,Júnior R.,Luiz Lúcio Reis Júnior,1,35588100,35936870,0,marketPlayerLeague,on_sale,ok,,2026-08-22T22:24:00+02:00,,,
2026-08-22T1617Z,laliga,80190349,3183,Dubasin,Jonathan Dubasin,4,13451605,13784903,0,marketPlayerLeague,on_sale,ok,,2026-08-22T22:24:00+02:00,,,
2026-08-22T1617Z,laliga,80190355,2398,F. Calero,Fernando Calero,2,2385018,2455925,0,marketPlayerLeague,on_sale,injured,,2026-08-22T22:24:00+02:00,,,
2026-08-22T1617Z,laliga,80190359,3188,E. Ponce,Ezequiel Ponce,4,1673990,1718420,0,marketPlayerLeague,on_sale,ok,,2026-08-22T22:24:00+02:00,,,
2026-08-22T1617Z,laliga,80190362,2446,Zakharyan,Arsen Zakharyan,3,885231,904949,0,marketPlayerLeague,on_sale,ok,,2026-08-22T22:24:00+02:00,,,
2026-08-22T1617Z,laliga,80190366,2560,Raba,Dani Raba,4,1371776,1406656,0,marketPlayerLeague,on_sale,ok,,2026-08-22T22:24:00+02:00,,,
2026-08-22T1617Z,laliga,80190370,2386,Nteka,Randy Nteka,4,1255625,1237606,2,marketPlayerLeague,on_sale,ok,,2026-08-22T22:24:00+02:00,,,
2026-08-22T1617Z,laliga,11705725,3129,Carlos Espí,Carlos Espí,4,10182989,9973382,0,marketPlayerTeam,on_sale,ok,false,2026-08-24T23:10:35+02:00,,,
2026-08-22T1617Z,laliga,11943699,1070,De Galarreta,Inigo Ruiz de Galarreta,3,13042179,13042179,0,marketPlayerTeam,on_sale,ok,false,2026-08-25T17:33:24+02:00,,,
2026-08-22T1617Z,laliga,12717104,1959,Mouriño,Santiago Mouriño,2,34464778,36327449,1,marketPlayerTeam,on_sale,ok,false,2026-08-23T22:21:19+02:00,,,
2026-08-22T1617Z,laliga,12717146,3068,Cabrera,Leandro Cabrera,2,14650321,15549740,1,marketPlayerTeam,on_sale,suspended,false,2026-08-23T22:21:32+02:00,,,
2026-08-22T1617Z,laliga,12717862,3089,Ez Abde,Abde Ezzalzouli,4,39475136,41408166,1,marketPlayerTeam,on_sale,injured,false,2026-08-23T22:21:59+02:00,,,
2026-08-22T1617Z,laliga,14186359,3069,Blanco,Antonio Blanco,3,14588917,14554549,1,marketPlayerTeam,on_sale,ok,false,2026-08-24T23:02:37+02:00,,,
2026-08-22T1617Z,laliga,14243057,74,Yuri,Yuri Berchiche Izeta,2,12326369,12326369,1,marketPlayerTeam,on_sale,suspended,false,2026-08-25T11:21:10+02:00,,,
2026-08-22T1617Z,laliga,14948006,2713,Ionut Radu,Ionut Radu,1,36378011,37095939,1,marketPlayerTeam,on_sale,ok,false,2026-08-23T00:25:58+02:00,,,
2026-08-22T1617Z,laliga,15560007,2415,Llorente ,Diego Llorente,2,12586758,12888927,1,marketPlayerTeam,on_sale,ok,false,2026-08-23T22:21:26+02:00,,,
2026-08-22T1617Z,laliga,16235615,3125,Canales,Sergio Canales,3,26439859,25961421,0,marketPlayerTeam,on_sale,ok,false,2026-08-24T23:02:32+02:00,,,
2026-08-22T1617Z,laliga,16235820,3037,C. Puga,Carlos Puga,2,4982161,4981968,0,marketPlayerTeam,on_sale,ok,false,2026-08-24T23:02:43+02:00,,,
2026-08-22T1617Z,laliga,16235912,3120,De Haas,Justin de Haas,2,8729681,8870623,0,marketPlayerTeam,on_sale,ok,false,2026-08-24T23:02:48+02:00,,,
2026-08-22T1617Z,laliga,16236032,2714,Javi Rueda,Javi Rueda,2,4407631,4421896,0,marketPlayerTeam,on_sale,ok,false,2026-08-24T23:02:55+02:00,,,
2026-08-22T1653Z,laliga,80190329,2638,Manolo González,José Manuel González Álvarez,5,957310,980031,0,marketPlayerLeague,on_sale,ok,,2026-08-22T22:24:00+02:00,,,
2026-08-22T1653Z,laliga,80190331,3095,Ramis,Luis Miguel Ramis,5,1204202,1237211,0,marketPlayerLeague,on_sale,ok,,2026-08-22T22:24:00+02:00,,,
2026-08-22T1653Z,laliga,80190333,2449,Marcao,Marcos do Nascimento Teixeira,2,574423,581191,0,marketPlayerLeague,on_sale,ok,,2026-08-22T22:24:00+02:00,,,
2026-08-22T1653Z,laliga,80190335,2715,A. Iturbe,Alejandro Iturbe,1,723776,736767,0,marketPlayerLeague,on_sale,ok,,2026-08-22T22:24:00+02:00,,,
2026-08-22T1653Z,laliga,80190337,3153,Miguel Rodríguez,Miguel Rodríguez,4,2638081,2718871,0,marketPlayerLeague,on_sale,ok,,2026-08-22T22:24:00+02:00,,,
2026-08-22T1653Z,laliga,80190339,2501,Nico Serrano,Nico Serrano,4,771514,786494,0,marketPlayerLeague,on_sale,ok,,2026-08-22T22:24:00+02:00,,,
2026-08-22T1653Z,laliga,80190343,2467,Júnior R.,Luiz Lúcio Reis Júnior,1,35588100,35936870,0,marketPlayerLeague,on_sale,ok,,2026-08-22T22:24:00+02:00,,,
2026-08-22T1653Z,laliga,80190349,3183,Dubasin,Jonathan Dubasin,4,13451605,13784903,0,marketPlayerLeague,on_sale,ok,,2026-08-22T22:24:00+02:00,,,
2026-08-22T1653Z,laliga,80190355,2398,F. Calero,Fernando Calero,2,2385018,2455925,0,marketPlayerLeague,on_sale,injured,,2026-08-22T22:24:00+02:00,,,
2026-08-22T1653Z,laliga,80190359,3188,E. Ponce,Ezequiel Ponce,4,1673990,1718420,0,marketPlayerLeague,on_sale,ok,,2026-08-22T22:24:00+02:00,,,
2026-08-22T1653Z,laliga,80190362,2446,Zakharyan,Arsen Zakharyan,3,885231,904949,0,marketPlayerLeague,on_sale,ok,,2026-08-22T22:24:00+02:00,,,
2026-08-22T1653Z,laliga,80190366,2560,Raba,Dani Raba,4,1371776,1406656,0,marketPlayerLeague,on_sale,ok,,2026-08-22T22:24:00+02:00,,,
2026-08-22T1653Z,laliga,80190370,2386,Nteka,Randy Nteka,4,1255625,1237606,2,marketPlayerLeague,on_sale,ok,,2026-08-22T22:24:00+02:00,,,
2026-08-22T1653Z,laliga,11705725,3129,Carlos Espí,Carlos Espí,4,10182989,9973382,0,marketPlayerTeam,on_sale,ok,false,2026-08-24T23:10:35+02:00,,,
2026-08-22T1653Z,laliga,11943699,1070,De Galarreta,Inigo Ruiz de Galarreta,3,13042179,13042179,0,marketPlayerTeam,on_sale,ok,false,2026-08-25T17:33:24+02:00,,,
2026-08-22T1653Z,laliga,12717104,1959,Mouriño,Santiago Mouriño,2,34464778,36327449,1,marketPlayerTeam,on_sale,ok,false,2026-08-23T22:21:19+02:00,,,
2026-08-22T1653Z,laliga,12717146,3068,Cabrera,Leandro Cabrera,2,14650321,15549740,1,marketPlayerTeam,on_sale,suspended,false,2026-08-23T22:21:32+02:00,,,
2026-08-22T1653Z,laliga,12717862,3089,Ez Abde,Abde Ezzalzouli,4,39475136,41408166,1,marketPlayerTeam,on_sale,injured,false,2026-08-23T22:21:59+02:00,,,
2026-08-22T1653Z,laliga,14186359,3069,Blanco,Antonio Blanco,3,14588917,14554549,1,marketPlayerTeam,on_sale,ok,false,2026-08-24T23:02:37+02:00,,,
2026-08-22T1653Z,laliga,14243057,74,Yuri,Yuri Berchiche Izeta,2,12326369,12326369,1,marketPlayerTeam,on_sale,suspended,false,2026-08-25T11:21:10+02:00,,,
2026-08-22T1653Z,laliga,14948006,2713,Ionut Radu,Ionut Radu,1,36378011,37095939,1,marketPlayerTeam,on_sale,ok,false,2026-08-23T00:25:58+02:00,,,
2026-08-22T1653Z,laliga,15560007,2415,Llorente ,Diego Llorente,2,12586758,12888927,1,marketPlayerTeam,on_sale,ok,false,2026-08-23T22:21:26+02:00,,,
2026-08-22T1653Z,laliga,16235615,3125,Canales,Sergio Canales,3,26439859,25961421,0,marketPlayerTeam,on_sale,ok,false,2026-08-24T23:02:32+02:00,,,
2026-08-22T1653Z,laliga,16235820,3037,C. Puga,Carlos Puga,2,4982161,4981968,0,marketPlayerTeam,on_sale,ok,false,2026-08-24T23:02:43+02:00,,,
2026-08-22T1653Z,laliga,16235912,3120,De Haas,Justin de Haas,2,8729681,8870623,0,marketPlayerTeam,on_sale,ok,false,2026-08-24T23:02:48+02:00,,,
2026-08-22T1653Z,laliga,16236032,2714,Javi Rueda,Javi Rueda,2,4407631,4421896,0,marketPlayerTeam,on_sale,ok,false,2026-08-24T23:02:55+02:00,,,
2026-08-22T2215Z,laliga,84564459,2580,Manuel Pellegrini,Manuel Pellegrini,5,3405768,3517637,0,marketPlayerLeague,on_sale,ok,,2026-08-23T22:24:00+02:00,,,
2026-08-22T2215Z,laliga,84564461,2295,Febas,Aleix Febas,3,23779958,24014509,1,marketPlayerLeague,on_sale,ok,,2026-08-23T22:24:00+02:00,,,
2026-08-22T2215Z,laliga,84564463,3205,Iván Martín,Iván Martín,3,8129891,8230041,0,marketPlayerLeague,on_sale,ok,,2026-08-23T22:24:00+02:00,,,
2026-08-22T2215Z,laliga,84564465,3179,Marco Román,Marco Román,3,693998,704484,0,marketPlayerLeague,on_sale,ok,,2026-08-23T22:24:00+02:00,,,
2026-08-22T2215Z,laliga,84564468,3012,Maguette,Maguette Gueye,3,3468404,3555474,0,marketPlayerLeague,on_sale,ok,,2026-08-23T22:24:00+02:00,,,
2026-08-22T2215Z,laliga,84564469,3048,Ramon,Ramón Enríquez,3,713508,724807,0,marketPlayerLeague,on_sale,ok,,2026-08-23T22:24:00+02:00,,,
2026-08-22T2215Z,laliga,84564471,2746,Miguel Sierra,Miguel Sierra,4,943698,887666,0,marketPlayerLeague,on_sale,ok,,2026-08-23T22:24:00+02:00,,,
2026-08-22T2215Z,laliga,84564474,3031,Diego Diaz,Diego Díaz,4,548489,552912,0,marketPlayerLeague,on_sale,ok,,2026-08-23T22:24:00+02:00,,,
2026-08-22T2215Z,laliga,84564475,2384,Unai Lopez,Unai López,3,6684762,6374616,2,marketPlayerLeague,on_sale,ok,,2026-08-23T22:24:00+02:00,,,
2026-08-22T2215Z,laliga,84564478,3036,Dani Lorenzo,Dani Lorenzo,3,9549361,9541604,1,marketPlayerLeague,on_sale,ok,,2026-08-23T22:24:00+02:00,,,
2026-08-22T2215Z,laliga,84564480,3115,Diaby,Bambo Diaby,2,903034,922230,0,marketPlayerLeague,on_sale,ok,,2026-08-23T22:24:00+02:00,,,
2026-08-22T2215Z,laliga,84564482,2639,M. Román,Miguel Román,3,5007217,5078939,0,marketPlayerLeague,on_sale,ok,,2026-08-23T22:24:00+02:00,,,
2026-08-22T2215Z,laliga,84564483,3128,Guido Rodríguez,Guido Rodríguez,3,23240392,23568177,0,marketPlayerLeague,on_sale,ok,,2026-08-23T22:24:00+02:00,,,
2026-08-22T2215Z,laliga,11705725,3129,Carlos Espí,Carlos Espí,4,10382136,9973382,1,marketPlayerTeam,on_sale,ok,false,2026-08-24T23:10:35+02:00,,,
2026-08-22T2215Z,laliga,11943699,1070,De Galarreta,Inigo Ruiz de Galarreta,3,12904141,13042179,1,marketPlayerTeam,on_sale,ok,false,2026-08-25T17:33:24+02:00,,,
2026-08-22T2215Z,laliga,12717104,1959,Mouriño,Santiago Mouriño,2,33572678,36327449,1,marketPlayerTeam,on_sale,ok,false,2026-08-23T22:21:19+02:00,,,
2026-08-22T2215Z,laliga,12717146,3068,Cabrera,Leandro Cabrera,2,14250177,15549740,1,marketPlayerTeam,on_sale,suspended,false,2026-08-23T22:21:32+02:00,,,
2026-08-22T2215Z,laliga,12717862,3089,Ez Abde,Abde Ezzalzouli,4,38557111,41408166,1,marketPlayerTeam,on_sale,injured,false,2026-08-23T22:21:59+02:00,,,
2026-08-22T2215Z,laliga,14186359,3069,Blanco,Antonio Blanco,3,14715105,14554549,1,marketPlayerTeam,on_sale,ok,false,2026-08-24T23:02:37+02:00,,,
2026-08-22T2215Z,laliga,14243057,74,Yuri,Yuri Berchiche Izeta,2,12171943,12326369,1,marketPlayerTeam,on_sale,suspended,false,2026-08-25T11:21:10+02:00,,,
2026-08-22T2215Z,laliga,14948006,2713,Ionut Radu,Ionut Radu,1,35966982,37095939,1,marketPlayerTeam,on_sale,ok,false,2026-08-23T00:25:58+02:00,,,
2026-08-22T2215Z,laliga,15560007,2415,Llorente ,Diego Llorente,2,12294100,12888927,1,marketPlayerTeam,on_sale,ok,false,2026-08-23T22:21:26+02:00,,,
2026-08-22T2215Z,laliga,16235615,3125,Canales,Sergio Canales,3,26806991,25961421,1,marketPlayerTeam,on_sale,ok,false,2026-08-24T23:02:32+02:00,,,
2026-08-22T2215Z,laliga,16235820,3037,C. Puga,Carlos Puga,2,4972420,4981968,1,marketPlayerTeam,on_sale,ok,false,2026-08-24T23:02:43+02:00,,,
2026-08-22T2215Z,laliga,16235912,3120,De Haas,Justin de Haas,2,8600056,8870623,1,marketPlayerTeam,on_sale,ok,false,2026-08-24T23:02:48+02:00,,,
2026-08-22T2215Z,laliga,16236032,2714,Javi Rueda,Javi Rueda,2,4365156,4421896,1,marketPlayerTeam,on_sale,ok,false,2026-08-24T23:02:55+02:00,,,
2026-08-22T2215Z,laliga,16872949,2455,Peque,Gerard Fernández Castellano,4,2490823,2378686,1,marketPlayerTeam,on_sale,ok,false,2026-08-25T21:14:41+02:00,,,
2026-08-22T2215Z,laliga,16873147,1031,Comesaña,Santiago Comesaña,3,29623046,30413980,1,marketPlayerTeam,on_sale,ok,false,2026-08-25T21:14:54+02:00,,,
2026-08-22T2215Z,laliga,16946002,1300,Camavinga,Eduardo Celmi Camavinga,3,9016820,9187358,1,marketPlayerTeam,on_sale,ok,false,2026-08-25T22:19:05+02:00,,,
2026-08-22T2244Z,laliga,84564459,2580,Manuel Pellegrini,Manuel Pellegrini,5,3405768,3517637,0,marketPlayerLeague,on_sale,ok,,2026-08-23T22:24:00+02:00,,,
2026-08-22T2244Z,laliga,84564461,2295,Febas,Aleix Febas,3,23779958,24014509,1,marketPlayerLeague,on_sale,ok,,2026-08-23T22:24:00+02:00,,,
2026-08-22T2244Z,laliga,84564463,3205,Iván Martín,Iván Martín,3,8129891,8230041,0,marketPlayerLeague,on_sale,ok,,2026-08-23T22:24:00+02:00,,,
2026-08-22T2244Z,laliga,84564465,3179,Marco Román,Marco Román,3,693998,704484,0,marketPlayerLeague,on_sale,ok,,2026-08-23T22:24:00+02:00,,,
2026-08-22T2244Z,laliga,84564468,3012,Maguette,Maguette Gueye,3,3468404,3555474,0,marketPlayerLeague,on_sale,ok,,2026-08-23T22:24:00+02:00,,,
2026-08-22T2244Z,laliga,84564469,3048,Ramon,Ramón Enríquez,3,713508,724807,0,marketPlayerLeague,on_sale,ok,,2026-08-23T22:24:00+02:00,,,
2026-08-22T2244Z,laliga,84564471,2746,Miguel Sierra,Miguel Sierra,4,943698,887666,0,marketPlayerLeague,on_sale,ok,,2026-08-23T22:24:00+02:00,,,
2026-08-22T2244Z,laliga,84564474,3031,Diego Diaz,Diego Díaz,4,548489,552912,0,marketPlayerLeague,on_sale,ok,,2026-08-23T22:24:00+02:00,,,
2026-08-22T2244Z,laliga,84564475,2384,Unai Lopez,Unai López,3,6684762,6374616,2,marketPlayerLeague,on_sale,ok,,2026-08-23T22:24:00+02:00,,,
2026-08-22T2244Z,laliga,84564478,3036,Dani Lorenzo,Dani Lorenzo,3,9549361,9541604,1,marketPlayerLeague,on_sale,ok,,2026-08-23T22:24:00+02:00,,,
2026-08-22T2244Z,laliga,84564480,3115,Diaby,Bambo Diaby,2,903034,922230,0,marketPlayerLeague,on_sale,ok,,2026-08-23T22:24:00+02:00,,,
2026-08-22T2244Z,laliga,84564482,2639,M. Román,Miguel Román,3,5007217,5078939,0,marketPlayerLeague,on_sale,ok,,2026-08-23T22:24:00+02:00,,,
2026-08-22T2244Z,laliga,84564483,3128,Guido Rodríguez,Guido Rodríguez,3,23240392,23568177,0,marketPlayerLeague,on_sale,ok,,2026-08-23T22:24:00+02:00,,,
2026-08-22T2244Z,laliga,11705725,3129,Carlos Espí,Carlos Espí,4,10382136,9973382,1,marketPlayerTeam,on_sale,ok,false,2026-08-24T23:10:35+02:00,,,
2026-08-22T2244Z,laliga,11943699,1070,De Galarreta,Inigo Ruiz de Galarreta,3,12904141,13042179,1,marketPlayerTeam,on_sale,ok,false,2026-08-25T17:33:24+02:00,,,
2026-08-22T2244Z,laliga,12717104,1959,Mouriño,Santiago Mouriño,2,33572678,36327449,1,marketPlayerTeam,on_sale,ok,false,2026-08-23T22:21:19+02:00,,,
2026-08-22T2244Z,laliga,12717146,3068,Cabrera,Leandro Cabrera,2,14250177,15549740,1,marketPlayerTeam,on_sale,suspended,false,2026-08-23T22:21:32+02:00,,,
2026-08-22T2244Z,laliga,12717862,3089,Ez Abde,Abde Ezzalzouli,4,38557111,41408166,1,marketPlayerTeam,on_sale,injured,false,2026-08-23T22:21:59+02:00,,,
2026-08-22T2244Z,laliga,14186359,3069,Blanco,Antonio Blanco,3,14715105,14554549,1,marketPlayerTeam,on_sale,ok,false,2026-08-24T23:02:37+02:00,,,
2026-08-22T2244Z,laliga,14243057,74,Yuri,Yuri Berchiche Izeta,2,12171943,12326369,1,marketPlayerTeam,on_sale,suspended,false,2026-08-25T11:21:10+02:00,,,
2026-08-22T2244Z,laliga,15560007,2415,Llorente ,Diego Llorente,2,12294100,12888927,1,marketPlayerTeam,on_sale,ok,false,2026-08-23T22:21:26+02:00,,,
2026-08-22T2244Z,laliga,16235615,3125,Canales,Sergio Canales,3,26806991,25961421,1,marketPlayerTeam,on_sale,ok,false,2026-08-24T23:02:32+02:00,,,
2026-08-22T2244Z,laliga,16235820,3037,C. Puga,Carlos Puga,2,4972420,4981968,1,marketPlayerTeam,on_sale,ok,false,2026-08-24T23:02:43+02:00,,,
2026-08-22T2244Z,laliga,16235912,3120,De Haas,Justin de Haas,2,8600056,8870623,1,marketPlayerTeam,on_sale,ok,false,2026-08-24T23:02:48+02:00,,,
2026-08-22T2244Z,laliga,16236032,2714,Javi Rueda,Javi Rueda,2,4365156,4421896,1,marketPlayerTeam,on_sale,ok,false,2026-08-24T23:02:55+02:00,,,
2026-08-22T2244Z,laliga,16872949,2455,Peque,Gerard Fernández Castellano,4,2490823,2378686,1,marketPlayerTeam,on_sale,ok,false,2026-08-25T21:14:41+02:00,,,
2026-08-22T2244Z,laliga,16873147,1031,Comesaña,Santiago Comesaña,3,29623046,30413980,1,marketPlayerTeam,on_sale,ok,false,2026-08-25T21:14:54+02:00,,,
2026-08-22T2244Z,laliga,16946002,1300,Camavinga,Eduardo Celmi Camavinga,3,9016820,9187358,1,marketPlayerTeam,on_sale,ok,false,2026-08-25T22:19:05+02:00,,,
2026-08-23T0737Z,laliga,84564459,2580,Manuel Pellegrini,Manuel Pellegrini,5,3405768,3517637,0,marketPlayerLeague,on_sale,ok,,2026-08-23T22:24:00+02:00,,,
2026-08-23T0737Z,laliga,84564461,2295,Febas,Aleix Febas,3,23779958,24014509,1,marketPlayerLeague,on_sale,ok,,2026-08-23T22:24:00+02:00,,,
2026-08-23T0737Z,laliga,84564463,3205,Iván Martín,Iván Martín,3,8129891,8230041,0,marketPlayerLeague,on_sale,ok,,2026-08-23T22:24:00+02:00,,,
2026-08-23T0737Z,laliga,84564465,3179,Marco Román,Marco Román,3,693998,704484,0,marketPlayerLeague,on_sale,ok,,2026-08-23T22:24:00+02:00,,,
2026-08-23T0737Z,laliga,84564468,3012,Maguette,Maguette Gueye,3,3468404,3555474,0,marketPlayerLeague,on_sale,ok,,2026-08-23T22:24:00+02:00,,,
2026-08-23T0737Z,laliga,84564469,3048,Ramon,Ramón Enríquez,3,713508,724807,0,marketPlayerLeague,on_sale,ok,,2026-08-23T22:24:00+02:00,,,
2026-08-23T0737Z,laliga,84564471,2746,Miguel Sierra,Miguel Sierra,4,943698,887666,1,marketPlayerLeague,on_sale,ok,,2026-08-23T22:24:00+02:00,,,
2026-08-23T0737Z,laliga,84564474,3031,Diego Diaz,Diego Díaz,4,548489,552912,0,marketPlayerLeague,on_sale,ok,,2026-08-23T22:24:00+02:00,,,
2026-08-23T0737Z,laliga,84564475,2384,Unai Lopez,Unai López,3,6684762,6374616,3,marketPlayerLeague,on_sale,ok,,2026-08-23T22:24:00+02:00,,,
2026-08-23T0737Z,laliga,84564478,3036,Dani Lorenzo,Dani Lorenzo,3,9549361,9541604,1,marketPlayerLeague,on_sale,ok,,2026-08-23T22:24:00+02:00,,,
2026-08-23T0737Z,laliga,84564480,3115,Diaby,Bambo Diaby,2,903034,922230,0,marketPlayerLeague,on_sale,ok,,2026-08-23T22:24:00+02:00,,,
2026-08-23T0737Z,laliga,84564482,2639,M. Román,Miguel Román,3,5007217,5078939,1,marketPlayerLeague,on_sale,ok,,2026-08-23T22:24:00+02:00,,,
2026-08-23T0737Z,laliga,84564483,3128,Guido Rodríguez,Guido Rodríguez,3,23240392,23568177,0,marketPlayerLeague,on_sale,ok,,2026-08-23T22:24:00+02:00,,,
2026-08-23T0737Z,laliga,11705725,3129,Carlos Espí,Carlos Espí,4,10382136,9973382,1,marketPlayerTeam,on_sale,ok,false,2026-08-24T23:10:35+02:00,,,
2026-08-23T0737Z,laliga,11943699,1070,De Galarreta,Inigo Ruiz de Galarreta,3,12904141,13042179,1,marketPlayerTeam,on_sale,ok,false,2026-08-25T17:33:24+02:00,,,
2026-08-23T0737Z,laliga,12717104,1959,Mouriño,Santiago Mouriño,2,33572678,36327449,1,marketPlayerTeam,on_sale,ok,false,2026-08-23T22:21:19+02:00,,,
2026-08-23T0737Z,laliga,12717146,3068,Cabrera,Leandro Cabrera,2,14250177,15549740,1,marketPlayerTeam,on_sale,suspended,false,2026-08-23T22:21:32+02:00,,,
2026-08-23T0737Z,laliga,12717862,3089,Ez Abde,Abde Ezzalzouli,4,38557111,41408166,1,marketPlayerTeam,on_sale,injured,false,2026-08-23T22:21:59+02:00,,,
2026-08-23T0737Z,laliga,14186254,2474,Denis Suárez,Denis Suárez,3,2423936,2423936,0,marketPlayerTeam,on_sale,ok,false,2026-08-26T07:00:30+02:00,,,
2026-08-23T0737Z,laliga,14186359,3069,Blanco,Antonio Blanco,3,14715105,14554549,1,marketPlayerTeam,on_sale,ok,false,2026-08-24T23:02:37+02:00,,,
2026-08-23T0737Z,laliga,14243057,74,Yuri,Yuri Berchiche Izeta,2,12171943,12326369,1,marketPlayerTeam,on_sale,suspended,false,2026-08-25T11:21:10+02:00,,,
2026-08-23T0737Z,laliga,15560007,2415,Llorente ,Diego Llorente,2,12294100,12888927,1,marketPlayerTeam,on_sale,ok,false,2026-08-23T22:21:26+02:00,,,
2026-08-23T0737Z,laliga,16235615,3125,Canales,Sergio Canales,3,26806991,25961421,1,marketPlayerTeam,on_sale,ok,false,2026-08-24T23:02:32+02:00,,,
2026-08-23T0737Z,laliga,16235820,3037,C. Puga,Carlos Puga,2,4972420,4981968,1,marketPlayerTeam,on_sale,ok,false,2026-08-24T23:02:43+02:00,,,
2026-08-23T0737Z,laliga,16236032,2714,Javi Rueda,Javi Rueda,2,4365156,4421896,1,marketPlayerTeam,on_sale,ok,false,2026-08-24T23:02:55+02:00,,,
2026-08-23T0737Z,laliga,16872949,2455,Peque,Gerard Fernández Castellano,4,2490823,2378686,1,marketPlayerTeam,on_sale,ok,false,2026-08-25T21:14:41+02:00,,,
2026-08-23T0737Z,laliga,16873147,1031,Comesaña,Santiago Comesaña,3,29623046,30413980,1,marketPlayerTeam,on_sale,ok,false,2026-08-25T21:14:54+02:00,,,
2026-08-23T0737Z,laliga,16946002,1300,Camavinga,Eduardo Celmi Camavinga,3,9016820,9187358,1,marketPlayerTeam,on_sale,ok,false,2026-08-25T22:19:05+02:00,,,
2026-08-23T1149Z,laliga,84564459,2580,Manuel Pellegrini,Manuel Pellegrini,5,3405768,3517637,0,marketPlayerLeague,on_sale,ok,,2026-08-23T22:24:00+02:00,,,
2026-08-23T1149Z,laliga,84564461,2295,Febas,Aleix Febas,3,23779958,24014509,1,marketPlayerLeague,on_sale,ok,,2026-08-23T22:24:00+02:00,,,
2026-08-23T1149Z,laliga,84564463,3205,Iván Martín,Iván Martín,3,8129891,8230041,0,marketPlayerLeague,on_sale,ok,,2026-08-23T22:24:00+02:00,,,
2026-08-23T1149Z,laliga,84564465,3179,Marco Román,Marco Román,3,693998,704484,0,marketPlayerLeague,on_sale,ok,,2026-08-23T22:24:00+02:00,,,
2026-08-23T1149Z,laliga,84564468,3012,Maguette,Maguette Gueye,3,3468404,3555474,0,marketPlayerLeague,on_sale,ok,,2026-08-23T22:24:00+02:00,,,
2026-08-23T1149Z,laliga,84564469,3048,Ramon,Ramón Enríquez,3,713508,724807,0,marketPlayerLeague,on_sale,ok,,2026-08-23T22:24:00+02:00,,,
2026-08-23T1149Z,laliga,84564471,2746,Miguel Sierra,Miguel Sierra,4,943698,887666,1,marketPlayerLeague,on_sale,ok,,2026-08-23T22:24:00+02:00,,,
2026-08-23T1149Z,laliga,84564474,3031,Diego Diaz,Diego Díaz,4,548489,552912,0,marketPlayerLeague,on_sale,ok,,2026-08-23T22:24:00+02:00,,,
2026-08-23T1149Z,laliga,84564475,2384,Unai Lopez,Unai López,3,6684762,6374616,3,marketPlayerLeague,on_sale,ok,,2026-08-23T22:24:00+02:00,,,
2026-08-23T1149Z,laliga,84564478,3036,Dani Lorenzo,Dani Lorenzo,3,9549361,9541604,1,marketPlayerLeague,on_sale,ok,,2026-08-23T22:24:00+02:00,,,
2026-08-23T1149Z,laliga,84564480,3115,Diaby,Bambo Diaby,2,903034,922230,0,marketPlayerLeague,on_sale,ok,,2026-08-23T22:24:00+02:00,,,
2026-08-23T1149Z,laliga,84564482,2639,M. Román,Miguel Román,3,5007217,5078939,1,marketPlayerLeague,on_sale,ok,,2026-08-23T22:24:00+02:00,,,
2026-08-23T1149Z,laliga,84564483,3128,Guido Rodríguez,Guido Rodríguez,3,23240392,23568177,0,marketPlayerLeague,on_sale,ok,,2026-08-23T22:24:00+02:00,,,
2026-08-23T1149Z,laliga,11705725,3129,Carlos Espí,Carlos Espí,4,10382136,9973382,1,marketPlayerTeam,on_sale,ok,false,2026-08-24T23:10:35+02:00,,,
2026-08-23T1149Z,laliga,11943699,1070,De Galarreta,Inigo Ruiz de Galarreta,3,12904141,13042179,1,marketPlayerTeam,on_sale,ok,false,2026-08-25T17:33:24+02:00,,,
2026-08-23T1149Z,laliga,12717104,1959,Mouriño,Santiago Mouriño,2,33572678,36327449,1,marketPlayerTeam,on_sale,ok,false,2026-08-23T22:21:19+02:00,,,
2026-08-23T1149Z,laliga,12717146,3068,Cabrera,Leandro Cabrera,2,14250177,15549740,1,marketPlayerTeam,on_sale,suspended,false,2026-08-23T22:21:32+02:00,,,
2026-08-23T1149Z,laliga,12717862,3089,Ez Abde,Abde Ezzalzouli,4,38557111,41408166,1,marketPlayerTeam,on_sale,injured,false,2026-08-23T22:21:59+02:00,,,
2026-08-23T1149Z,laliga,14186254,2474,Denis Suárez,Denis Suárez,3,2423936,2423936,0,marketPlayerTeam,on_sale,ok,false,2026-08-26T07:00:30+02:00,,,
2026-08-23T1149Z,laliga,14186359,3069,Blanco,Antonio Blanco,3,14715105,14554549,1,marketPlayerTeam,on_sale,ok,false,2026-08-24T23:02:37+02:00,,,
2026-08-23T1149Z,laliga,14243057,74,Yuri,Yuri Berchiche Izeta,2,12171943,12326369,1,marketPlayerTeam,on_sale,suspended,false,2026-08-25T11:21:10+02:00,,,
2026-08-23T1149Z,laliga,15560007,2415,Llorente ,Diego Llorente,2,12294100,12888927,1,marketPlayerTeam,on_sale,ok,false,2026-08-23T22:21:26+02:00,,,
2026-08-23T1149Z,laliga,16235615,3125,Canales,Sergio Canales,3,26806991,25961421,1,marketPlayerTeam,on_sale,ok,false,2026-08-24T23:02:32+02:00,,,
2026-08-23T1149Z,laliga,16235820,3037,C. Puga,Carlos Puga,2,4972420,4981968,1,marketPlayerTeam,on_sale,ok,false,2026-08-24T23:02:43+02:00,,,
2026-08-23T1149Z,laliga,16236032,2714,Javi Rueda,Javi Rueda,2,4365156,4421896,1,marketPlayerTeam,on_sale,ok,false,2026-08-24T23:02:55+02:00,,,
2026-08-23T1149Z,laliga,16872949,2455,Peque,Gerard Fernández Castellano,4,2490823,2378686,1,marketPlayerTeam,on_sale,ok,false,2026-08-25T21:14:41+02:00,,,
2026-08-23T1149Z,laliga,16873147,1031,Comesaña,Santiago Comesaña,3,29623046,30413980,1,marketPlayerTeam,on_sale,ok,false,2026-08-25T21:14:54+02:00,,,
2026-08-23T1149Z,laliga,16946002,1300,Camavinga,Eduardo Celmi Camavinga,3,9016820,9187358,1,marketPlayerTeam,on_sale,ok,false,2026-08-25T22:19:05+02:00,,,
2026-08-23T1228Z,laliga,84564459,2580,Manuel Pellegrini,Manuel Pellegrini,5,3405768,3517637,0,marketPlayerLeague,on_sale,ok,,2026-08-23T22:24:00+02:00,,,
2026-08-23T1228Z,laliga,84564461,2295,Febas,Aleix Febas,3,23779958,24014509,1,marketPlayerLeague,on_sale,ok,,2026-08-23T22:24:00+02:00,,,
2026-08-23T1228Z,laliga,84564463,3205,Iván Martín,Iván Martín,3,8129891,8230041,0,marketPlayerLeague,on_sale,ok,,2026-08-23T22:24:00+02:00,,,
2026-08-23T1228Z,laliga,84564465,3179,Marco Román,Marco Román,3,693998,704484,0,marketPlayerLeague,on_sale,ok,,2026-08-23T22:24:00+02:00,,,
2026-08-23T1228Z,laliga,84564468,3012,Maguette,Maguette Gueye,3,3468404,3555474,0,marketPlayerLeague,on_sale,ok,,2026-08-23T22:24:00+02:00,,,
2026-08-23T1228Z,laliga,84564469,3048,Ramon,Ramón Enríquez,3,713508,724807,0,marketPlayerLeague,on_sale,ok,,2026-08-23T22:24:00+02:00,,,
2026-08-23T1228Z,laliga,84564471,2746,Miguel Sierra,Miguel Sierra,4,943698,887666,1,marketPlayerLeague,on_sale,ok,,2026-08-23T22:24:00+02:00,,,
2026-08-23T1228Z,laliga,84564474,3031,Diego Diaz,Diego Díaz,4,548489,552912,0,marketPlayerLeague,on_sale,ok,,2026-08-23T22:24:00+02:00,,,
2026-08-23T1228Z,laliga,84564475,2384,Unai Lopez,Unai López,3,6684762,6374616,3,marketPlayerLeague,on_sale,ok,,2026-08-23T22:24:00+02:00,,,
2026-08-23T1228Z,laliga,84564478,3036,Dani Lorenzo,Dani Lorenzo,3,9549361,9541604,1,marketPlayerLeague,on_sale,ok,,2026-08-23T22:24:00+02:00,,,
2026-08-23T1228Z,laliga,84564480,3115,Diaby,Bambo Diaby,2,903034,922230,0,marketPlayerLeague,on_sale,ok,,2026-08-23T22:24:00+02:00,,,
2026-08-23T1228Z,laliga,84564482,2639,M. Román,Miguel Román,3,5007217,5078939,2,marketPlayerLeague,on_sale,ok,,2026-08-23T22:24:00+02:00,14088683,5307217,pending
2026-08-23T1228Z,laliga,84564483,3128,Guido Rodríguez,Guido Rodríguez,3,23240392,23568177,1,marketPlayerLeague,on_sale,ok,,2026-08-23T22:24:00+02:00,14092113,23240392,pending
2026-08-23T1228Z,laliga,11705725,3129,Carlos Espí,Carlos Espí,4,10382136,9973382,1,marketPlayerTeam,on_sale,ok,false,2026-08-24T23:10:35+02:00,,,
2026-08-23T1228Z,laliga,11943633,637,Moncayola,Jon Moncayola,3,6767492,6767492,0,marketPlayerTeam,on_sale,ok,false,2026-08-26T13:59:54+02:00,,,
2026-08-23T1228Z,laliga,11943699,1070,De Galarreta,Inigo Ruiz de Galarreta,3,12904141,13042179,1,marketPlayerTeam,on_sale,ok,false,2026-08-25T17:33:24+02:00,,,
2026-08-23T1228Z,laliga,12717104,1959,Mouriño,Santiago Mouriño,2,33572678,36327449,1,marketPlayerTeam,on_sale,ok,false,2026-08-23T22:21:19+02:00,,,
2026-08-23T1228Z,laliga,12717146,3068,Cabrera,Leandro Cabrera,2,14250177,15549740,1,marketPlayerTeam,on_sale,suspended,false,2026-08-23T22:21:32+02:00,,,
2026-08-23T1228Z,laliga,12717862,3089,Ez Abde,Abde Ezzalzouli,4,38557111,41408166,1,marketPlayerTeam,on_sale,injured,false,2026-08-23T22:21:59+02:00,,,
2026-08-23T1228Z,laliga,14186254,2474,Denis Suárez,Denis Suárez,3,2423936,2423936,0,marketPlayerTeam,on_sale,ok,false,2026-08-26T07:00:30+02:00,,,
2026-08-23T1228Z,laliga,14186359,3069,Blanco,Antonio Blanco,3,14715105,14554549,1,marketPlayerTeam,on_sale,ok,false,2026-08-24T23:02:37+02:00,,,
2026-08-23T1228Z,laliga,14243057,74,Yuri,Yuri Berchiche Izeta,2,12171943,12326369,1,marketPlayerTeam,on_sale,suspended,false,2026-08-25T11:21:10+02:00,,,
2026-08-23T1228Z,laliga,14293583,265,Zubeldia,Igor Zubeldia,2,10248552,10248552,0,marketPlayerTeam,on_sale,ok,false,2026-08-26T14:00:09+02:00,,,
2026-08-23T1228Z,laliga,15560007,2415,Llorente ,Diego Llorente,2,12294100,12888927,1,marketPlayerTeam,on_sale,ok,false,2026-08-23T22:21:26+02:00,,,
2026-08-23T1228Z,laliga,16235615,3125,Canales,Sergio Canales,3,26806991,25961421,1,marketPlayerTeam,on_sale,ok,false,2026-08-24T23:02:32+02:00,,,
2026-08-23T1228Z,laliga,16235820,3037,C. Puga,Carlos Puga,2,4972420,4981968,1,marketPlayerTeam,on_sale,ok,false,2026-08-24T23:02:43+02:00,,,
2026-08-23T1228Z,laliga,16236032,2714,Javi Rueda,Javi Rueda,2,4365156,4421896,1,marketPlayerTeam,on_sale,ok,false,2026-08-24T23:02:55+02:00,,,
2026-08-23T1228Z,laliga,16872949,2455,Peque,Gerard Fernández Castellano,4,2490823,2378686,1,marketPlayerTeam,on_sale,ok,false,2026-08-25T21:14:41+02:00,,,
2026-08-23T1228Z,laliga,16873147,1031,Comesaña,Santiago Comesaña,3,29623046,30413980,1,marketPlayerTeam,on_sale,ok,false,2026-08-25T21:14:54+02:00,,,
2026-08-23T1228Z,laliga,16946002,1300,Camavinga,Eduardo Celmi Camavinga,3,9016820,9187358,1,marketPlayerTeam,on_sale,ok,false,2026-08-25T22:19:05+02:00,,,
2026-08-23T2215Z,laliga,89114748,1976,Hansi Flick,Hans-Dieter Flick,5,7810686,8019084,0,marketPlayerLeague,on_sale,ok,,2026-08-24T22:24:00+02:00,,,
2026-08-23T2215Z,laliga,89114749,1218,Álex Balde,Alejandro Balde Martínez,2,23435435,23924895,0,marketPlayerLeague,on_sale,injured,,2026-08-24T22:24:00+02:00,,,
2026-08-23T2215Z,laliga,89114750,3088,Julián Alvarez,Julián Alvarez,4,65479021,66418917,0,marketPlayerLeague,on_sale,ok,,2026-08-24T22:24:00+02:00,,,
2026-08-23T2215Z,laliga,89114751,3020,Carlos Sánchez,Carlos Sánchez,2,615916,623831,0,marketPlayerLeague,on_sale,ok,,2026-08-24T22:24:00+02:00,,,
2026-08-23T2215Z,laliga,89114752,2912,Julio Díaz,Julio Díaz,2,442604,443297,0,marketPlayerLeague,on_sale,ok,,2026-08-24T22:24:00+02:00,,,
2026-08-23T2215Z,laliga,89114753,3181,Ibra Drj,Ebrahima Drammeh,4,599691,606930,0,marketPlayerLeague,on_sale,ok,,2026-08-24T22:24:00+02:00,,,
2026-08-23T2215Z,laliga,89114754,2757,Gerard Martín,Gerard Martín,2,39580232,39253280,0,marketPlayerLeague,on_sale,ok,,2026-08-24T22:24:00+02:00,,,
2026-08-23T2215Z,laliga,89114755,2698,Pau Navarro,Pau Navarro,2,7388326,7595755,0,marketPlayerLeague,on_sale,ok,,2026-08-24T22:24:00+02:00,,,
2026-08-23T2215Z,laliga,89114756,2754,Alfon,Alfon González,4,4651495,4799049,0,marketPlayerLeague,on_sale,doubtful,,2026-08-24T22:24:00+02:00,,,
2026-08-23T2215Z,laliga,89114757,3041,Rafita,Rafael Garrido Hierro,2,4695749,4674593,0,marketPlayerLeague,on_sale,ok,,2026-08-24T22:24:00+02:00,,,
2026-08-23T2215Z,laliga,89114758,3081,Ratiu,Andrei Ratiu,2,35221591,35572936,0,marketPlayerLeague,on_sale,ok,,2026-08-24T22:24:00+02:00,,,
2026-08-23T2215Z,laliga,89114759,3047,Dani Sánchez,Dani Sánchez,2,627680,636085,0,marketPlayerLeague,on_sale,ok,,2026-08-24T22:24:00+02:00,,,
2026-08-23T2215Z,laliga,89114760,2624,Manu Sánchez,Manu Sánchez,2,4593066,4710322,0,marketPlayerLeague,on_sale,ok,,2026-08-24T22:24:00+02:00,,,
2026-08-23T2215Z,laliga,11705725,3129,Carlos Espí,Carlos Espí,4,10958461,9973382,1,marketPlayerTeam,on_sale,ok,false,2026-08-24T23:10:35+02:00,,,
2026-08-23T2215Z,laliga,11943633,637,Moncayola,Jon Moncayola,3,6696460,6767492,1,marketPlayerTeam,on_sale,ok,false,2026-08-26T13:59:54+02:00,,,
2026-08-23T2215Z,laliga,14186254,2474,Denis Suárez,Denis Suárez,3,2469862,2423936,1,marketPlayerTeam,on_sale,ok,false,2026-08-26T07:00:30+02:00,,,
2026-08-23T2215Z,laliga,14186359,3069,Blanco,Antonio Blanco,3,14866595,14554549,1,marketPlayerTeam,on_sale,ok,false,2026-08-24T23:02:37+02:00,,,
2026-08-23T2215Z,laliga,14293583,265,Zubeldia,Igor Zubeldia,2,10122272,10248552,1,marketPlayerTeam,on_sale,ok,false,2026-08-26T14:00:09+02:00,,,
2026-08-23T2215Z,laliga,16235615,3125,Canales,Sergio Canales,3,27084545,25961421,1,marketPlayerTeam,on_sale,ok,false,2026-08-24T23:02:32+02:00,,,
2026-08-23T2215Z,laliga,16235820,3037,C. Puga,Carlos Puga,2,4949387,4981968,1,marketPlayerTeam,on_sale,ok,false,2026-08-24T23:02:43+02:00,,,
2026-08-23T2215Z,laliga,16236032,2714,Javi Rueda,Javi Rueda,2,4281442,4421896,1,marketPlayerTeam,on_sale,ok,false,2026-08-24T23:02:55+02:00,,,
2026-08-23T2215Z,laliga,16872949,2455,Peque,Gerard Fernández Castellano,4,2574360,2378686,1,marketPlayerTeam,on_sale,ok,false,2026-08-25T21:14:41+02:00,,,
2026-08-23T2215Z,laliga,16873147,1031,Comesaña,Santiago Comesaña,3,28857492,30413980,1,marketPlayerTeam,on_sale,ok,false,2026-08-25T21:14:54+02:00,,,
2026-08-23T2215Z,laliga,16946002,1300,Camavinga,Eduardo Celmi Camavinga,3,8843131,9187358,1,marketPlayerTeam,on_sale,ok,false,2026-08-25T22:19:05+02:00,,,
2026-08-23T2215Z,laliga,17785988,2776,A. Abqar,Abdel Abqar,2,7133058,7213778,1,marketPlayerTeam,on_sale,ok,false,2026-08-26T21:19:16+02:00,,,
2026-08-23T2243Z,laliga,89114748,1976,Hansi Flick,Hans-Dieter Flick,5,7810686,8019084,0,marketPlayerLeague,on_sale,ok,,2026-08-24T22:24:00+02:00,,,
2026-08-23T2243Z,laliga,89114749,1218,Álex Balde,Alejandro Balde Martínez,2,23435435,23924895,0,marketPlayerLeague,on_sale,injured,,2026-08-24T22:24:00+02:00,,,
2026-08-23T2243Z,laliga,89114750,3088,Julián Alvarez,Julián Alvarez,4,65479021,66418917,0,marketPlayerLeague,on_sale,ok,,2026-08-24T22:24:00+02:00,,,
2026-08-23T2243Z,laliga,89114751,3020,Carlos Sánchez,Carlos Sánchez,2,615916,623831,0,marketPlayerLeague,on_sale,ok,,2026-08-24T22:24:00+02:00,,,
2026-08-23T2243Z,laliga,89114752,2912,Julio Díaz,Julio Díaz,2,442604,443297,0,marketPlayerLeague,on_sale,ok,,2026-08-24T22:24:00+02:00,,,
2026-08-23T2243Z,laliga,89114753,3181,Ibra Drj,Ebrahima Drammeh,4,599691,606930,0,marketPlayerLeague,on_sale,ok,,2026-08-24T22:24:00+02:00,,,
2026-08-23T2243Z,laliga,89114754,2757,Gerard Martín,Gerard Martín,2,39580232,39253280,0,marketPlayerLeague,on_sale,ok,,2026-08-24T22:24:00+02:00,,,
2026-08-23T2243Z,laliga,89114755,2698,Pau Navarro,Pau Navarro,2,7388326,7595755,0,marketPlayerLeague,on_sale,ok,,2026-08-24T22:24:00+02:00,,,
2026-08-23T2243Z,laliga,89114756,2754,Alfon,Alfon González,4,4651495,4799049,0,marketPlayerLeague,on_sale,doubtful,,2026-08-24T22:24:00+02:00,,,
2026-08-23T2243Z,laliga,89114757,3041,Rafita,Rafael Garrido Hierro,2,4695749,4674593,0,marketPlayerLeague,on_sale,ok,,2026-08-24T22:24:00+02:00,,,
2026-08-23T2243Z,laliga,89114758,3081,Ratiu,Andrei Ratiu,2,35221591,35572936,0,marketPlayerLeague,on_sale,ok,,2026-08-24T22:24:00+02:00,,,
2026-08-23T2243Z,laliga,89114759,3047,Dani Sánchez,Dani Sánchez,2,627680,636085,0,marketPlayerLeague,on_sale,ok,,2026-08-24T22:24:00+02:00,,,
2026-08-23T2243Z,laliga,89114760,2624,Manu Sánchez,Manu Sánchez,2,4593066,4710322,0,marketPlayerLeague,on_sale,ok,,2026-08-24T22:24:00+02:00,,,
2026-08-23T2243Z,laliga,11705725,3129,Carlos Espí,Carlos Espí,4,10958461,9973382,1,marketPlayerTeam,on_sale,ok,false,2026-08-24T23:10:35+02:00,,,
2026-08-23T2243Z,laliga,11943633,637,Moncayola,Jon Moncayola,3,6696460,6767492,1,marketPlayerTeam,on_sale,ok,false,2026-08-26T13:59:54+02:00,,,
2026-08-23T2243Z,laliga,14186254,2474,Denis Suárez,Denis Suárez,3,2469862,2423936,1,marketPlayerTeam,on_sale,ok,false,2026-08-26T07:00:30+02:00,,,
2026-08-23T2243Z,laliga,14186359,3069,Blanco,Antonio Blanco,3,14866595,14554549,1,marketPlayerTeam,on_sale,ok,false,2026-08-24T23:02:37+02:00,,,
2026-08-23T2243Z,laliga,14293583,265,Zubeldia,Igor Zubeldia,2,10122272,10248552,1,marketPlayerTeam,on_sale,ok,false,2026-08-26T14:00:09+02:00,,,
2026-08-23T2243Z,laliga,16235615,3125,Canales,Sergio Canales,3,27084545,25961421,1,marketPlayerTeam,on_sale,ok,false,2026-08-24T23:02:32+02:00,,,
2026-08-23T2243Z,laliga,16235820,3037,C. Puga,Carlos Puga,2,4949387,4981968,1,marketPlayerTeam,on_sale,ok,false,2026-08-24T23:02:43+02:00,,,
2026-08-23T2243Z,laliga,16236032,2714,Javi Rueda,Javi Rueda,2,4281442,4421896,1,marketPlayerTeam,on_sale,ok,false,2026-08-24T23:02:55+02:00,,,
2026-08-23T2243Z,laliga,16872949,2455,Peque,Gerard Fernández Castellano,4,2574360,2378686,1,marketPlayerTeam,on_sale,ok,false,2026-08-25T21:14:41+02:00,,,
2026-08-23T2243Z,laliga,16873147,1031,Comesaña,Santiago Comesaña,3,28857492,30413980,1,marketPlayerTeam,on_sale,ok,false,2026-08-25T21:14:54+02:00,,,
2026-08-23T2243Z,laliga,16946002,1300,Camavinga,Eduardo Celmi Camavinga,3,8843131,9187358,1,marketPlayerTeam,on_sale,ok,false,2026-08-25T22:19:05+02:00,,,
2026-08-23T2243Z,laliga,17785988,2776,A. Abqar,Abdel Abqar,2,7133058,7213778,1,marketPlayerTeam,on_sale,ok,false,2026-08-26T21:19:16+02:00,,,
2026-08-24T0624Z,laliga,89114748,1976,Hansi Flick,Hans-Dieter Flick,5,7810686,8019084,0,marketPlayerLeague,on_sale,ok,,2026-08-24T22:24:00+02:00,,,
2026-08-24T0624Z,laliga,89114749,1218,Álex Balde,Alejandro Balde Martínez,2,23435435,23924895,0,marketPlayerLeague,on_sale,injured,,2026-08-24T22:24:00+02:00,,,
2026-08-24T0624Z,laliga,89114750,3088,Julián Alvarez,Julián Alvarez,4,65479021,66418917,0,marketPlayerLeague,on_sale,ok,,2026-08-24T22:24:00+02:00,,,
2026-08-24T0624Z,laliga,89114751,3020,Carlos Sánchez,Carlos Sánchez,2,615916,623831,0,marketPlayerLeague,on_sale,ok,,2026-08-24T22:24:00+02:00,,,
2026-08-24T0624Z,laliga,89114752,2912,Julio Díaz,Julio Díaz,2,442604,443297,0,marketPlayerLeague,on_sale,ok,,2026-08-24T22:24:00+02:00,,,
2026-08-24T0624Z,laliga,89114753,3181,Ibra Drj,Ebrahima Drammeh,4,599691,606930,0,marketPlayerLeague,on_sale,ok,,2026-08-24T22:24:00+02:00,,,
2026-08-24T0624Z,laliga,89114754,2757,Gerard Martín,Gerard Martín,2,39580232,39253280,1,marketPlayerLeague,on_sale,ok,,2026-08-24T22:24:00+02:00,,,
2026-08-24T0624Z,laliga,89114755,2698,Pau Navarro,Pau Navarro,2,7388326,7595755,0,marketPlayerLeague,on_sale,ok,,2026-08-24T22:24:00+02:00,,,
2026-08-24T0624Z,laliga,89114756,2754,Alfon,Alfon González,4,4651495,4799049,0,marketPlayerLeague,on_sale,doubtful,,2026-08-24T22:24:00+02:00,,,
2026-08-24T0624Z,laliga,89114757,3041,Rafita,Rafael Garrido Hierro,2,4695749,4674593,0,marketPlayerLeague,on_sale,ok,,2026-08-24T22:24:00+02:00,,,
2026-08-24T0624Z,laliga,89114758,3081,Ratiu,Andrei Ratiu,2,35221591,35572936,0,marketPlayerLeague,on_sale,ok,,2026-08-24T22:24:00+02:00,,,
2026-08-24T0624Z,laliga,89114759,3047,Dani Sánchez,Dani Sánchez,2,627680,636085,0,marketPlayerLeague,on_sale,ok,,2026-08-24T22:24:00+02:00,,,
2026-08-24T0624Z,laliga,89114760,2624,Manu Sánchez,Manu Sánchez,2,4593066,4710322,0,marketPlayerLeague,on_sale,ok,,2026-08-24T22:24:00+02:00,,,
2026-08-24T0624Z,laliga,11705725,3129,Carlos Espí,Carlos Espí,4,10958461,9973382,1,marketPlayerTeam,on_sale,ok,false,2026-08-24T23:10:35+02:00,,,
2026-08-24T0624Z,laliga,11943633,637,Moncayola,Jon Moncayola,3,6696460,6767492,1,marketPlayerTeam,on_sale,ok,false,2026-08-26T13:59:54+02:00,,,
2026-08-24T0624Z,laliga,14186254,2474,Denis Suárez,Denis Suárez,3,2469862,2423936,1,marketPlayerTeam,on_sale,ok,false,2026-08-26T07:00:30+02:00,,,
2026-08-24T0624Z,laliga,14186359,3069,Blanco,Antonio Blanco,3,14866595,14554549,1,marketPlayerTeam,on_sale,ok,false,2026-08-24T23:02:37+02:00,,,
2026-08-24T0624Z,laliga,14293583,265,Zubeldia,Igor Zubeldia,2,10122272,10248552,1,marketPlayerTeam,on_sale,ok,false,2026-08-26T14:00:09+02:00,,,
2026-08-24T0624Z,laliga,16235615,3125,Canales,Sergio Canales,3,27084545,25961421,1,marketPlayerTeam,on_sale,ok,false,2026-08-24T23:02:32+02:00,,,
2026-08-24T0624Z,laliga,16235820,3037,C. Puga,Carlos Puga,2,4949387,4981968,1,marketPlayerTeam,on_sale,ok,false,2026-08-24T23:02:43+02:00,,,
2026-08-24T0624Z,laliga,16236032,2714,Javi Rueda,Javi Rueda,2,4281442,4421896,1,marketPlayerTeam,on_sale,ok,false,2026-08-24T23:02:55+02:00,,,
2026-08-24T0624Z,laliga,16872949,2455,Peque,Gerard Fernández Castellano,4,2574360,2378686,1,marketPlayerTeam,on_sale,ok,false,2026-08-25T21:14:41+02:00,,,
2026-08-24T0624Z,laliga,16873147,1031,Comesaña,Santiago Comesaña,3,28857492,30413980,1,marketPlayerTeam,on_sale,ok,false,2026-08-25T21:14:54+02:00,,,
2026-08-24T0624Z,laliga,16946002,1300,Camavinga,Eduardo Celmi Camavinga,3,8843131,9187358,1,marketPlayerTeam,on_sale,ok,false,2026-08-25T22:19:05+02:00,,,
2026-08-24T0624Z,laliga,17785988,2776,A. Abqar,Abdel Abqar,2,7133058,7213778,1,marketPlayerTeam,on_sale,ok,false,2026-08-26T21:19:16+02:00,,,
2026-08-24T0952Z,laliga,89114748,1976,Hansi Flick,Hans-Dieter Flick,5,7810686,8019084,0,marketPlayerLeague,on_sale,ok,,2026-08-24T22:24:00+02:00,,,
2026-08-24T0952Z,laliga,89114749,1218,Álex Balde,Alejandro Balde Martínez,2,23435435,23924895,0,marketPlayerLeague,on_sale,injured,,2026-08-24T22:24:00+02:00,,,
2026-08-24T0952Z,laliga,89114750,3088,Julián Alvarez,Julián Alvarez,4,65479021,66418917,0,marketPlayerLeague,on_sale,ok,,2026-08-24T22:24:00+02:00,,,
2026-08-24T0952Z,laliga,89114751,3020,Carlos Sánchez,Carlos Sánchez,2,615916,623831,0,marketPlayerLeague,on_sale,ok,,2026-08-24T22:24:00+02:00,,,
2026-08-24T0952Z,laliga,89114752,2912,Julio Díaz,Julio Díaz,2,442604,443297,0,marketPlayerLeague,on_sale,ok,,2026-08-24T22:24:00+02:00,,,
2026-08-24T0952Z,laliga,89114753,3181,Ibra Drj,Ebrahima Drammeh,4,599691,606930,0,marketPlayerLeague,on_sale,ok,,2026-08-24T22:24:00+02:00,,,
2026-08-24T0952Z,laliga,89114754,2757,Gerard Martín,Gerard Martín,2,39580232,39253280,1,marketPlayerLeague,on_sale,ok,,2026-08-24T22:24:00+02:00,,,
2026-08-24T0952Z,laliga,89114755,2698,Pau Navarro,Pau Navarro,2,7388326,7595755,0,marketPlayerLeague,on_sale,ok,,2026-08-24T22:24:00+02:00,,,
2026-08-24T0952Z,laliga,89114756,2754,Alfon,Alfon González,4,4651495,4799049,0,marketPlayerLeague,on_sale,doubtful,,2026-08-24T22:24:00+02:00,,,
2026-08-24T0952Z,laliga,89114757,3041,Rafita,Rafael Garrido Hierro,2,4695749,4674593,0,marketPlayerLeague,on_sale,ok,,2026-08-24T22:24:00+02:00,,,
2026-08-24T0952Z,laliga,89114758,3081,Ratiu,Andrei Ratiu,2,35221591,35572936,0,marketPlayerLeague,on_sale,ok,,2026-08-24T22:24:00+02:00,,,
2026-08-24T0952Z,laliga,89114759,3047,Dani Sánchez,Dani Sánchez,2,627680,636085,0,marketPlayerLeague,on_sale,ok,,2026-08-24T22:24:00+02:00,,,
2026-08-24T0952Z,laliga,89114760,2624,Manu Sánchez,Manu Sánchez,2,4593066,4710322,0,marketPlayerLeague,on_sale,ok,,2026-08-24T22:24:00+02:00,,,
2026-08-24T0952Z,laliga,11705725,3129,Carlos Espí,Carlos Espí,4,10958461,9973382,1,marketPlayerTeam,on_sale,ok,false,2026-08-24T23:10:35+02:00,,,
2026-08-24T0952Z,laliga,11943633,637,Moncayola,Jon Moncayola,3,6696460,6767492,1,marketPlayerTeam,on_sale,ok,false,2026-08-26T13:59:54+02:00,,,
2026-08-24T0952Z,laliga,14186254,2474,Denis Suárez,Denis Suárez,3,2469862,2423936,1,marketPlayerTeam,on_sale,ok,false,2026-08-26T07:00:30+02:00,,,
2026-08-24T0952Z,laliga,14186359,3069,Blanco,Antonio Blanco,3,14866595,14554549,1,marketPlayerTeam,on_sale,ok,false,2026-08-24T23:02:37+02:00,,,
2026-08-24T0952Z,laliga,14293583,265,Zubeldia,Igor Zubeldia,2,10122272,10248552,1,marketPlayerTeam,on_sale,ok,false,2026-08-26T14:00:09+02:00,,,
2026-08-24T0952Z,laliga,16235615,3125,Canales,Sergio Canales,3,27084545,25961421,1,marketPlayerTeam,on_sale,ok,false,2026-08-24T23:02:32+02:00,,,
2026-08-24T0952Z,laliga,16235820,3037,C. Puga,Carlos Puga,2,4949387,4981968,1,marketPlayerTeam,on_sale,ok,false,2026-08-24T23:02:43+02:00,,,
2026-08-24T0952Z,laliga,16236032,2714,Javi Rueda,Javi Rueda,2,4281442,4421896,1,marketPlayerTeam,on_sale,ok,false,2026-08-24T23:02:55+02:00,,,
2026-08-24T0952Z,laliga,16872949,2455,Peque,Gerard Fernández Castellano,4,2574360,2378686,1,marketPlayerTeam,on_sale,ok,false,2026-08-25T21:14:41+02:00,,,
2026-08-24T0952Z,laliga,16873147,1031,Comesaña,Santiago Comesaña,3,28857492,30413980,1,marketPlayerTeam,on_sale,ok,false,2026-08-25T21:14:54+02:00,,,
2026-08-24T0952Z,laliga,16946002,1300,Camavinga,Eduardo Celmi Camavinga,3,8843131,9187358,1,marketPlayerTeam,on_sale,ok,false,2026-08-25T22:19:05+02:00,,,
2026-08-24T0952Z,laliga,17785988,2776,A. Abqar,Abdel Abqar,2,7133058,7213778,1,marketPlayerTeam,on_sale,ok,false,2026-08-26T21:19:16+02:00,,,
2026-08-24T1205Z,laliga,89114748,1976,Hansi Flick,Hans-Dieter Flick,5,7810686,8019084,0,marketPlayerLeague,on_sale,ok,,2026-08-24T22:24:00+02:00,,,
2026-08-24T1205Z,laliga,89114749,1218,Álex Balde,Alejandro Balde Martínez,2,23435435,23924895,0,marketPlayerLeague,on_sale,injured,,2026-08-24T22:24:00+02:00,,,
2026-08-24T1205Z,laliga,89114750,3088,Julián Alvarez,Julián Alvarez,4,65479021,66418917,0,marketPlayerLeague,on_sale,ok,,2026-08-24T22:24:00+02:00,,,
2026-08-24T1205Z,laliga,89114751,3020,Carlos Sánchez,Carlos Sánchez,2,615916,623831,0,marketPlayerLeague,on_sale,ok,,2026-08-24T22:24:00+02:00,,,
2026-08-24T1205Z,laliga,89114752,2912,Julio Díaz,Julio Díaz,2,442604,443297,0,marketPlayerLeague,on_sale,ok,,2026-08-24T22:24:00+02:00,,,
2026-08-24T1205Z,laliga,89114753,3181,Ibra Drj,Ebrahima Drammeh,4,599691,606930,0,marketPlayerLeague,on_sale,ok,,2026-08-24T22:24:00+02:00,,,
2026-08-24T1205Z,laliga,89114754,2757,Gerard Martín,Gerard Martín,2,39580232,39253280,1,marketPlayerLeague,on_sale,ok,,2026-08-24T22:24:00+02:00,,,
2026-08-24T1205Z,laliga,89114755,2698,Pau Navarro,Pau Navarro,2,7388326,7595755,0,marketPlayerLeague,on_sale,ok,,2026-08-24T22:24:00+02:00,,,
2026-08-24T1205Z,laliga,89114756,2754,Alfon,Alfon González,4,4651495,4799049,0,marketPlayerLeague,on_sale,doubtful,,2026-08-24T22:24:00+02:00,,,
2026-08-24T1205Z,laliga,89114757,3041,Rafita,Rafael Garrido Hierro,2,4695749,4674593,0,marketPlayerLeague,on_sale,ok,,2026-08-24T22:24:00+02:00,,,
2026-08-24T1205Z,laliga,89114758,3081,Ratiu,Andrei Ratiu,2,35221591,35572936,0,marketPlayerLeague,on_sale,ok,,2026-08-24T22:24:00+02:00,,,
2026-08-24T1205Z,laliga,89114759,3047,Dani Sánchez,Dani Sánchez,2,627680,636085,0,marketPlayerLeague,on_sale,ok,,2026-08-24T22:24:00+02:00,,,
2026-08-24T1205Z,laliga,89114760,2624,Manu Sánchez,Manu Sánchez,2,4593066,4710322,0,marketPlayerLeague,on_sale,ok,,2026-08-24T22:24:00+02:00,,,
2026-08-24T1205Z,laliga,11705725,3129,Carlos Espí,Carlos Espí,4,10958461,9973382,1,marketPlayerTeam,on_sale,ok,false,2026-08-24T23:10:35+02:00,,,
2026-08-24T1205Z,laliga,11943633,637,Moncayola,Jon Moncayola,3,6696460,6767492,1,marketPlayerTeam,on_sale,ok,false,2026-08-26T13:59:54+02:00,,,
2026-08-24T1205Z,laliga,14186254,2474,Denis Suárez,Denis Suárez,3,2469862,2423936,1,marketPlayerTeam,on_sale,ok,false,2026-08-26T07:00:30+02:00,,,
2026-08-24T1205Z,laliga,14186359,3069,Blanco,Antonio Blanco,3,14866595,14554549,1,marketPlayerTeam,on_sale,ok,false,2026-08-24T23:02:37+02:00,,,
2026-08-24T1205Z,laliga,14293583,265,Zubeldia,Igor Zubeldia,2,10122272,10248552,1,marketPlayerTeam,on_sale,ok,false,2026-08-26T14:00:09+02:00,,,
2026-08-24T1205Z,laliga,16235615,3125,Canales,Sergio Canales,3,27084545,25961421,1,marketPlayerTeam,on_sale,ok,false,2026-08-24T23:02:32+02:00,,,
2026-08-24T1205Z,laliga,16235820,3037,C. Puga,Carlos Puga,2,4949387,4981968,1,marketPlayerTeam,on_sale,ok,false,2026-08-24T23:02:43+02:00,,,
2026-08-24T1205Z,laliga,16236032,2714,Javi Rueda,Javi Rueda,2,4281442,4421896,1,marketPlayerTeam,on_sale,ok,false,2026-08-24T23:02:55+02:00,,,
2026-08-24T1205Z,laliga,16872949,2455,Peque,Gerard Fernández Castellano,4,2574360,2378686,1,marketPlayerTeam,on_sale,ok,false,2026-08-25T21:14:41+02:00,,,
2026-08-24T1205Z,laliga,16873147,1031,Comesaña,Santiago Comesaña,3,28857492,30413980,1,marketPlayerTeam,on_sale,ok,false,2026-08-25T21:14:54+02:00,,,
2026-08-24T1205Z,laliga,16946002,1300,Camavinga,Eduardo Celmi Camavinga,3,8843131,9187358,1,marketPlayerTeam,on_sale,ok,false,2026-08-25T22:19:05+02:00,,,
2026-08-24T1205Z,laliga,17785988,2776,A. Abqar,Abdel Abqar,2,7133058,7213778,1,marketPlayerTeam,on_sale,ok,false,2026-08-26T21:19:16+02:00,,,
2026-08-24T2202Z,laliga,93798802,3093,Mourinho,José Mário dos Santos Mourinho Félix,5,10590604,10590604,0,marketPlayerLeague,on_sale,ok,,2026-08-25T22:24:00+02:00,,,
2026-08-24T2202Z,laliga,93798803,3169,Bauza,Rafel Bauzà,3,766085,766085,0,marketPlayerLeague,on_sale,ok,,2026-08-25T22:24:00+02:00,,,
2026-08-24T2202Z,laliga,93798805,2622,Urko,Urko González,3,5266211,5266211,0,marketPlayerLeague,on_sale,ok,,2026-08-25T22:24:00+02:00,,,
2026-08-24T2202Z,laliga,93798807,2362,M. Casadó,Marc Casadó,3,1522979,1522979,0,marketPlayerLeague,on_sale,ok,,2026-08-25T22:24:00+02:00,,,
2026-08-24T2202Z,laliga,93798809,3185,Gerenabarrena,Beñat Gerenabarrena,3,1165236,1165236,0,marketPlayerLeague,on_sale,ok,,2026-08-25T22:24:00+02:00,,,
2026-08-24T2202Z,laliga,93798812,3164,Bardeli,Enzo Bardeli,3,3355940,3355940,0,marketPlayerLeague,on_sale,ok,,2026-08-25T22:24:00+02:00,,,
2026-08-24T2202Z,laliga,93798814,2645,Rego,Alejandro Rego,2,4099763,4099763,0,marketPlayerLeague,on_sale,ok,,2026-08-25T22:24:00+02:00,,,
2026-08-24T2202Z,laliga,93798816,2543,Natan,Natan Bernardo de Souza,2,37109744,37109744,0,marketPlayerLeague,on_sale,ok,,2026-08-25T22:24:00+02:00,,,
2026-08-24T2202Z,laliga,93798819,1614,Cardona,Sergi Cardona,2,4021050,4021050,0,marketPlayerLeague,on_sale,ok,,2026-08-25T22:24:00+02:00,,,
2026-08-24T2202Z,laliga,93798821,1730,Iker Muñoz,Iker Muñoz,3,1187249,1187249,0,marketPlayerLeague,on_sale,ok,,2026-08-25T22:24:00+02:00,,,
2026-08-24T2202Z,laliga,93798823,2456,Isaac,Isaac Romero,4,5948966,5948966,1,marketPlayerLeague,on_sale,ok,,2026-08-25T22:24:00+02:00,,,
2026-08-24T2202Z,laliga,93798826,3105,Cala,Álex Calatrava Torrado,4,4306367,4306367,0,marketPlayerLeague,on_sale,ok,,2026-08-25T22:24:00+02:00,,,
2026-08-24T2202Z,laliga,93798827,3191,Á. Padilla,Álvaro Padilla,4,995013,995013,0,marketPlayerLeague,on_sale,ok,,2026-08-25T22:24:00+02:00,,,
2026-08-24T2202Z,laliga,11943633,637,Moncayola,Jon Moncayola,3,6687347,6767492,1,marketPlayerTeam,on_sale,ok,false,2026-08-26T13:59:54+02:00,,,
2026-08-24T2202Z,laliga,14186254,2474,Denis Suárez,Denis Suárez,3,2463417,2423936,1,marketPlayerTeam,on_sale,ok,false,2026-08-26T07:00:30+02:00,,,
2026-08-24T2202Z,laliga,14243525,2480,Johnny,Johnny Cardoso,3,4829184,4829184,0,marketPlayerTeam,on_sale,ok,false,2026-08-27T23:42:48+02:00,,,
2026-08-24T2202Z,laliga,14293583,265,Zubeldia,Igor Zubeldia,2,10109325,10248552,1,marketPlayerTeam,on_sale,ok,false,2026-08-26T14:00:09+02:00,,,
2026-08-24T2202Z,laliga,16872949,2455,Peque,Gerard Fernández Castellano,4,2565971,2378686,1,marketPlayerTeam,on_sale,ok,false,2026-08-25T21:14:41+02:00,,,
2026-08-24T2202Z,laliga,16873147,1031,Comesaña,Santiago Comesaña,3,28838321,30413980,1,marketPlayerTeam,on_sale,ok,false,2026-08-25T21:14:54+02:00,,,
2026-08-24T2202Z,laliga,18807368,2386,Nteka,Randy Nteka,4,1302066,1302066,0,marketPlayerTeam,on_sale,ok,false,2026-08-27T22:27:08+02:00,,,
2026-08-24T2202Z,laliga,18807459,2746,Miguel Sierra,Miguel Sierra,4,991388,991388,0,marketPlayerTeam,on_sale,ok,false,2026-08-27T22:27:12+02:00,,,
2026-08-24T2326Z,laliga,93798802,3093,Mourinho,José Mário dos Santos Mourinho Félix,5,10590604,10590604,0,marketPlayerLeague,on_sale,ok,,2026-08-25T22:24:00+02:00,,,
2026-08-24T2326Z,laliga,93798803,3169,Bauza,Rafel Bauzà,3,766085,766085,0,marketPlayerLeague,on_sale,ok,,2026-08-25T22:24:00+02:00,,,
2026-08-24T2326Z,laliga,93798805,2622,Urko,Urko González,3,5266211,5266211,0,marketPlayerLeague,on_sale,ok,,2026-08-25T22:24:00+02:00,,,
2026-08-24T2326Z,laliga,93798807,2362,M. Casadó,Marc Casadó,3,1522979,1522979,0,marketPlayerLeague,on_sale,ok,,2026-08-25T22:24:00+02:00,,,
2026-08-24T2326Z,laliga,93798809,3185,Gerenabarrena,Beñat Gerenabarrena,3,1165236,1165236,0,marketPlayerLeague,on_sale,ok,,2026-08-25T22:24:00+02:00,,,
2026-08-24T2326Z,laliga,93798812,3164,Bardeli,Enzo Bardeli,3,3355940,3355940,0,marketPlayerLeague,on_sale,ok,,2026-08-25T22:24:00+02:00,,,
2026-08-24T2326Z,laliga,93798814,2645,Rego,Alejandro Rego,2,4099763,4099763,0,marketPlayerLeague,on_sale,ok,,2026-08-25T22:24:00+02:00,,,
2026-08-24T2326Z,laliga,93798816,2543,Natan,Natan Bernardo de Souza,2,37109744,37109744,0,marketPlayerLeague,on_sale,ok,,2026-08-25T22:24:00+02:00,,,
2026-08-24T2326Z,laliga,93798819,1614,Cardona,Sergi Cardona,2,4021050,4021050,0,marketPlayerLeague,on_sale,ok,,2026-08-25T22:24:00+02:00,,,
2026-08-24T2326Z,laliga,93798821,1730,Iker Muñoz,Iker Muñoz,3,1187249,1187249,0,marketPlayerLeague,on_sale,ok,,2026-08-25T22:24:00+02:00,,,
2026-08-24T2326Z,laliga,93798823,2456,Isaac,Isaac Romero,4,5948966,5948966,1,marketPlayerLeague,on_sale,ok,,2026-08-25T22:24:00+02:00,,,
2026-08-24T2326Z,laliga,93798826,3105,Cala,Álex Calatrava Torrado,4,4306367,4306367,0,marketPlayerLeague,on_sale,ok,,2026-08-25T22:24:00+02:00,,,
2026-08-24T2326Z,laliga,93798827,3191,Á. Padilla,Álvaro Padilla,4,995013,995013,0,marketPlayerLeague,on_sale,ok,,2026-08-25T22:24:00+02:00,,,
2026-08-24T2326Z,laliga,11943633,637,Moncayola,Jon Moncayola,3,6687347,6767492,1,marketPlayerTeam,on_sale,ok,false,2026-08-26T13:59:54+02:00,,,
2026-08-24T2326Z,laliga,14186254,2474,Denis Suárez,Denis Suárez,3,2463417,2423936,1,marketPlayerTeam,on_sale,ok,false,2026-08-26T07:00:30+02:00,,,
2026-08-24T2326Z,laliga,14243525,2480,Johnny,Johnny Cardoso,3,4829184,4829184,0,marketPlayerTeam,on_sale,ok,false,2026-08-27T23:42:48+02:00,,,
2026-08-24T2326Z,laliga,14293583,265,Zubeldia,Igor Zubeldia,2,10109325,10248552,1,marketPlayerTeam,on_sale,ok,false,2026-08-26T14:00:09+02:00,,,
2026-08-24T2326Z,laliga,16872949,2455,Peque,Gerard Fernández Castellano,4,2565971,2378686,1,marketPlayerTeam,on_sale,ok,false,2026-08-25T21:14:41+02:00,,,
2026-08-24T2326Z,laliga,16873147,1031,Comesaña,Santiago Comesaña,3,28838321,30413980,1,marketPlayerTeam,on_sale,ok,false,2026-08-25T21:14:54+02:00,,,
2026-08-24T2326Z,laliga,18807368,2386,Nteka,Randy Nteka,4,1302066,1302066,0,marketPlayerTeam,on_sale,ok,false,2026-08-27T22:27:08+02:00,,,
2026-08-24T2326Z,laliga,18807459,2746,Miguel Sierra,Miguel Sierra,4,991388,991388,0,marketPlayerTeam,on_sale,ok,false,2026-08-27T22:27:12+02:00,,,
2026-08-25T0050Z,laliga,93798802,3093,Mourinho,José Mário dos Santos Mourinho Félix,5,10590604,10590604,0,marketPlayerLeague,on_sale,ok,,2026-08-25T22:24:00+02:00,,,
2026-08-25T0050Z,laliga,93798803,3169,Bauza,Rafel Bauzà,3,766085,766085,0,marketPlayerLeague,on_sale,ok,,2026-08-25T22:24:00+02:00,,,
2026-08-25T0050Z,laliga,93798805,2622,Urko,Urko González,3,5266211,5266211,0,marketPlayerLeague,on_sale,ok,,2026-08-25T22:24:00+02:00,,,
2026-08-25T0050Z,laliga,93798807,2362,M. Casadó,Marc Casadó,3,1522979,1522979,0,marketPlayerLeague,on_sale,ok,,2026-08-25T22:24:00+02:00,,,
2026-08-25T0050Z,laliga,93798809,3185,Gerenabarrena,Beñat Gerenabarrena,3,1165236,1165236,0,marketPlayerLeague,on_sale,ok,,2026-08-25T22:24:00+02:00,,,
2026-08-25T0050Z,laliga,93798812,3164,Bardeli,Enzo Bardeli,3,3355940,3355940,0,marketPlayerLeague,on_sale,ok,,2026-08-25T22:24:00+02:00,,,
2026-08-25T0050Z,laliga,93798814,2645,Rego,Alejandro Rego,2,4099763,4099763,0,marketPlayerLeague,on_sale,ok,,2026-08-25T22:24:00+02:00,,,
2026-08-25T0050Z,laliga,93798816,2543,Natan,Natan Bernardo de Souza,2,37109744,37109744,0,marketPlayerLeague,on_sale,ok,,2026-08-25T22:24:00+02:00,,,
2026-08-25T0050Z,laliga,93798819,1614,Cardona,Sergi Cardona,2,4021050,4021050,0,marketPlayerLeague,on_sale,ok,,2026-08-25T22:24:00+02:00,,,
2026-08-25T0050Z,laliga,93798821,1730,Iker Muñoz,Iker Muñoz,3,1187249,1187249,0,marketPlayerLeague,on_sale,ok,,2026-08-25T22:24:00+02:00,,,
2026-08-25T0050Z,laliga,93798823,2456,Isaac,Isaac Romero,4,5948966,5948966,1,marketPlayerLeague,on_sale,ok,,2026-08-25T22:24:00+02:00,,,
2026-08-25T0050Z,laliga,93798826,3105,Cala,Álex Calatrava Torrado,4,4306367,4306367,0,marketPlayerLeague,on_sale,ok,,2026-08-25T22:24:00+02:00,,,
2026-08-25T0050Z,laliga,93798827,3191,Á. Padilla,Álvaro Padilla,4,995013,995013,0,marketPlayerLeague,on_sale,ok,,2026-08-25T22:24:00+02:00,,,
2026-08-25T0050Z,laliga,11943633,637,Moncayola,Jon Moncayola,3,6687347,6767492,1,marketPlayerTeam,on_sale,ok,false,2026-08-26T13:59:54+02:00,,,
2026-08-25T0050Z,laliga,14186254,2474,Denis Suárez,Denis Suárez,3,2463417,2423936,1,marketPlayerTeam,on_sale,ok,false,2026-08-26T07:00:30+02:00,,,
2026-08-25T0050Z,laliga,14243525,2480,Johnny,Johnny Cardoso,3,4829184,4829184,0,marketPlayerTeam,on_sale,ok,false,2026-08-27T23:42:48+02:00,,,
2026-08-25T0050Z,laliga,14293583,265,Zubeldia,Igor Zubeldia,2,10109325,10248552,1,marketPlayerTeam,on_sale,ok,false,2026-08-26T14:00:09+02:00,,,
2026-08-25T0050Z,laliga,16872949,2455,Peque,Gerard Fernández Castellano,4,2565971,2378686,1,marketPlayerTeam,on_sale,ok,false,2026-08-25T21:14:41+02:00,,,
2026-08-25T0050Z,laliga,16873147,1031,Comesaña,Santiago Comesaña,3,28838321,30413980,1,marketPlayerTeam,on_sale,ok,false,2026-08-25T21:14:54+02:00,,,
2026-08-25T0050Z,laliga,18807368,2386,Nteka,Randy Nteka,4,1302066,1302066,0,marketPlayerTeam,on_sale,ok,false,2026-08-27T22:27:08+02:00,,,
2026-08-25T0050Z,laliga,18807459,2746,Miguel Sierra,Miguel Sierra,4,991388,991388,0,marketPlayerTeam,on_sale,ok,false,2026-08-27T22:27:12+02:00,,,
2026-08-25T0424Z,laliga,93798802,3093,Mourinho,José Mário dos Santos Mourinho Félix,5,10590604,10590604,0,marketPlayerLeague,on_sale,ok,,2026-08-25T22:24:00+02:00,,,
2026-08-25T0424Z,laliga,93798803,3169,Bauza,Rafel Bauzà,3,766085,766085,0,marketPlayerLeague,on_sale,ok,,2026-08-25T22:24:00+02:00,,,
2026-08-25T0424Z,laliga,93798805,2622,Urko,Urko González,3,5266211,5266211,0,marketPlayerLeague,on_sale,ok,,2026-08-25T22:24:00+02:00,,,
2026-08-25T0424Z,laliga,93798807,2362,M. Casadó,Marc Casadó,3,1522979,1522979,0,marketPlayerLeague,on_sale,ok,,2026-08-25T22:24:00+02:00,,,
2026-08-25T0424Z,laliga,93798809,3185,Gerenabarrena,Beñat Gerenabarrena,3,1165236,1165236,0,marketPlayerLeague,on_sale,ok,,2026-08-25T22:24:00+02:00,,,
2026-08-25T0424Z,laliga,93798812,3164,Bardeli,Enzo Bardeli,3,3355940,3355940,0,marketPlayerLeague,on_sale,ok,,2026-08-25T22:24:00+02:00,,,
2026-08-25T0424Z,laliga,93798814,2645,Rego,Alejandro Rego,2,4099763,4099763,0,marketPlayerLeague,on_sale,ok,,2026-08-25T22:24:00+02:00,,,
2026-08-25T0424Z,laliga,93798816,2543,Natan,Natan Bernardo de Souza,2,37109744,37109744,0,marketPlayerLeague,on_sale,ok,,2026-08-25T22:24:00+02:00,,,
2026-08-25T0424Z,laliga,93798819,1614,Cardona,Sergi Cardona,2,4021050,4021050,0,marketPlayerLeague,on_sale,ok,,2026-08-25T22:24:00+02:00,,,
2026-08-25T0424Z,laliga,93798821,1730,Iker Muñoz,Iker Muñoz,3,1187249,1187249,0,marketPlayerLeague,on_sale,ok,,2026-08-25T22:24:00+02:00,,,
2026-08-25T0424Z,laliga,93798823,2456,Isaac,Isaac Romero,4,5948966,5948966,1,marketPlayerLeague,on_sale,ok,,2026-08-25T22:24:00+02:00,,,
2026-08-25T0424Z,laliga,93798826,3105,Cala,Álex Calatrava Torrado,4,4306367,4306367,0,marketPlayerLeague,on_sale,ok,,2026-08-25T22:24:00+02:00,,,
2026-08-25T0424Z,laliga,93798827,3191,Á. Padilla,Álvaro Padilla,4,995013,995013,0,marketPlayerLeague,on_sale,ok,,2026-08-25T22:24:00+02:00,,,
2026-08-25T0424Z,laliga,11943633,637,Moncayola,Jon Moncayola,3,6687347,6767492,1,marketPlayerTeam,on_sale,ok,false,2026-08-26T13:59:54+02:00,,,
2026-08-25T0424Z,laliga,14186254,2474,Denis Suárez,Denis Suárez,3,2463417,2423936,1,marketPlayerTeam,on_sale,ok,false,2026-08-26T07:00:30+02:00,,,
2026-08-25T0424Z,laliga,14243525,2480,Johnny,Johnny Cardoso,3,4829184,4829184,0,marketPlayerTeam,on_sale,ok,false,2026-08-27T23:42:48+02:00,,,
2026-08-25T0424Z,laliga,14293583,265,Zubeldia,Igor Zubeldia,2,10109325,10248552,1,marketPlayerTeam,on_sale,ok,false,2026-08-26T14:00:09+02:00,,,
2026-08-25T0424Z,laliga,16872949,2455,Peque,Gerard Fernández Castellano,4,2565971,2378686,1,marketPlayerTeam,on_sale,ok,false,2026-08-25T21:14:41+02:00,,,
2026-08-25T0424Z,laliga,16873147,1031,Comesaña,Santiago Comesaña,3,28838321,30413980,1,marketPlayerTeam,on_sale,ok,false,2026-08-25T21:14:54+02:00,,,
2026-08-25T0424Z,laliga,18807368,2386,Nteka,Randy Nteka,4,1302066,1302066,0,marketPlayerTeam,on_sale,ok,false,2026-08-27T22:27:08+02:00,,,
2026-08-25T0424Z,laliga,18807459,2746,Miguel Sierra,Miguel Sierra,4,991388,991388,0,marketPlayerTeam,on_sale,ok,false,2026-08-27T22:27:12+02:00,,,
2026-08-25T1359Z,laliga,93798802,3093,Mourinho,José Mário dos Santos Mourinho Félix,5,10252091,10590604,0,marketPlayerLeague,on_sale,ok,,2026-08-25T22:24:00+02:00,,,
2026-08-25T1359Z,laliga,93798803,3169,Bauza,Rafel Bauzà,3,750634,766085,0,marketPlayerLeague,on_sale,ok,,2026-08-25T22:24:00+02:00,,,
2026-08-25T1359Z,laliga,93798805,2622,Urko,Urko González,3,5333566,5266211,0,marketPlayerLeague,on_sale,ok,,2026-08-25T22:24:00+02:00,,,
2026-08-25T1359Z,laliga,93798807,2362,M. Casadó,Marc Casadó,3,1490979,1522979,0,marketPlayerLeague,on_sale,ok,,2026-08-25T22:24:00+02:00,,,
2026-08-25T1359Z,laliga,93798809,3185,Gerenabarrena,Beñat Gerenabarrena,3,1159143,1165236,0,marketPlayerLeague,on_sale,ok,,2026-08-25T22:24:00+02:00,,,
2026-08-25T1359Z,laliga,93798812,3164,Bardeli,Enzo Bardeli,3,3265810,3355940,0,marketPlayerLeague,on_sale,ok,,2026-08-25T22:24:00+02:00,,,
2026-08-25T1359Z,laliga,93798814,2645,Rego,Alejandro Rego,2,3974237,4099763,0,marketPlayerLeague,on_sale,ok,,2026-08-25T22:24:00+02:00,,,
2026-08-25T1359Z,laliga,93798816,2543,Natan,Natan Bernardo de Souza,2,37492727,37109744,0,marketPlayerLeague,on_sale,ok,,2026-08-25T22:24:00+02:00,,,
2026-08-25T1359Z,laliga,93798819,1614,Cardona,Sergi Cardona,2,3915921,4021050,0,marketPlayerLeague,on_sale,ok,,2026-08-25T22:24:00+02:00,,,
2026-08-25T1359Z,laliga,93798821,1730,Iker Muñoz,Iker Muñoz,3,1167798,1187249,0,marketPlayerLeague,on_sale,ok,,2026-08-25T22:24:00+02:00,,,
2026-08-25T1359Z,laliga,93798823,2456,Isaac,Isaac Romero,4,6235031,5948966,1,marketPlayerLeague,on_sale,ok,,2026-08-25T22:24:00+02:00,,,
2026-08-25T1359Z,laliga,93798826,3105,Cala,Álex Calatrava Torrado,4,4503739,4306367,1,marketPlayerLeague,on_sale,ok,,2026-08-25T22:24:00+02:00,,,
2026-08-25T1359Z,laliga,93798827,3191,Á. Padilla,Álvaro Padilla,4,970405,995013,0,marketPlayerLeague,on_sale,ok,,2026-08-25T22:24:00+02:00,,,
2026-08-25T1359Z,laliga,11943633,637,Moncayola,Jon Moncayola,3,6611859,6767492,1,marketPlayerTeam,on_sale,ok,false,2026-08-26T13:59:54+02:00,,,
2026-08-25T1359Z,laliga,14186254,2474,Denis Suárez,Denis Suárez,3,2500796,2423936,1,marketPlayerTeam,on_sale,ok,false,2026-08-26T07:00:30+02:00,,,
2026-08-25T1359Z,laliga,14243525,2480,Johnny,Johnny Cardoso,3,4698688,4829184,0,marketPlayerTeam,on_sale,ok,false,2026-08-27T23:42:48+02:00,,,
2026-08-25T1359Z,laliga,14293583,265,Zubeldia,Igor Zubeldia,2,9992122,10248552,1,marketPlayerTeam,on_sale,ok,false,2026-08-26T14:00:09+02:00,,,
2026-08-25T1359Z,laliga,16235820,3037,C. Puga,Carlos Puga,2,4910779,4910779,1,marketPlayerTeam,on_sale,ok,false,2026-08-28T07:48:08+02:00,,,
2026-08-25T1359Z,laliga,16872949,2455,Peque,Gerard Fernández Castellano,4,2628990,2378686,1,marketPlayerTeam,on_sale,ok,false,2026-08-25T21:14:41+02:00,,,
2026-08-25T1359Z,laliga,16873147,1031,Comesaña,Santiago Comesaña,3,28223299,30413980,1,marketPlayerTeam,on_sale,ok,false,2026-08-25T21:14:54+02:00,,,
2026-08-25T1359Z,laliga,18807368,2386,Nteka,Randy Nteka,4,1321328,1302066,0,marketPlayerTeam,on_sale,ok,false,2026-08-27T22:27:08+02:00,,,
2026-08-25T1359Z,laliga,18807459,2746,Miguel Sierra,Miguel Sierra,4,1040931,991388,0,marketPlayerTeam,on_sale,ok,false,2026-08-27T22:27:12+02:00,,,
2026-08-25T1516Z,laliga,93798802,3093,Mourinho,José Mário dos Santos Mourinho Félix,5,10250831,10590604,0,marketPlayerLeague,on_sale,ok,,2026-08-25T22:24:00+02:00,,,
2026-08-25T1516Z,laliga,93798803,3169,Bauza,Rafel Bauzà,3,750409,766085,0,marketPlayerLeague,on_sale,ok,,2026-08-25T22:24:00+02:00,,,
2026-08-25T1516Z,laliga,93798805,2622,Urko,Urko González,3,5329451,5266211,0,marketPlayerLeague,on_sale,ok,,2026-08-25T22:24:00+02:00,,,
2026-08-25T1516Z,laliga,93798807,2362,M. Casadó,Marc Casadó,3,1490547,1522979,0,marketPlayerLeague,on_sale,ok,,2026-08-25T22:24:00+02:00,,,
2026-08-25T1516Z,laliga,93798809,3185,Gerenabarrena,Beñat Gerenabarrena,3,1158563,1165236,0,marketPlayerLeague,on_sale,ok,,2026-08-25T22:24:00+02:00,,,
2026-08-25T1516Z,laliga,93798812,3164,Bardeli,Enzo Bardeli,3,3265158,3355940,0,marketPlayerLeague,on_sale,ok,,2026-08-25T22:24:00+02:00,,,
2026-08-25T1516Z,laliga,93798814,2645,Rego,Alejandro Rego,2,3973667,4099763,0,marketPlayerLeague,on_sale,ok,,2026-08-25T22:24:00+02:00,,,
2026-08-25T1516Z,laliga,93798816,2543,Natan,Natan Bernardo de Souza,2,37465084,37109744,1,marketPlayerLeague,on_sale,ok,,2026-08-25T22:24:00+02:00,15921032,37492727,pending
2026-08-25T1516Z,laliga,93798819,1614,Cardona,Sergi Cardona,2,3915096,4021050,0,marketPlayerLeague,on_sale,ok,,2026-08-25T22:24:00+02:00,,,
2026-08-25T1516Z,laliga,93798821,1730,Iker Muñoz,Iker Muñoz,3,1167383,1187249,0,marketPlayerLeague,on_sale,ok,,2026-08-25T22:24:00+02:00,,,
2026-08-25T1516Z,laliga,93798823,2456,Isaac,Isaac Romero,4,6227385,5948966,1,marketPlayerLeague,on_sale,ok,,2026-08-25T22:24:00+02:00,,,
2026-08-25T1516Z,laliga,93798826,3105,Cala,Álex Calatrava Torrado,4,4498179,4306367,1,marketPlayerLeague,on_sale,ok,,2026-08-25T22:24:00+02:00,,,
2026-08-25T1516Z,laliga,93798827,3191,Á. Padilla,Álvaro Padilla,4,970180,995013,0,marketPlayerLeague,on_sale,ok,,2026-08-25T22:24:00+02:00,,,
2026-08-25T1516Z,laliga,11208008,2464,Pepelu,José Luis García Vayá,3,8196269,8205273,0,marketPlayerTeam,on_sale,ok,false,2026-08-28T16:10:17+02:00,,,
2026-08-25T1516Z,laliga,11943633,637,Moncayola,Jon Moncayola,3,6608945,6767492,1,marketPlayerTeam,on_sale,ok,false,2026-08-26T13:59:54+02:00,,,
2026-08-25T1516Z,laliga,14186254,2474,Denis Suárez,Denis Suárez,3,2498850,2423936,1,marketPlayerTeam,on_sale,ok,false,2026-08-26T07:00:30+02:00,,,
2026-08-25T1516Z,laliga,14243525,2480,Johnny,Johnny Cardoso,3,4697760,4829184,0,marketPlayerTeam,on_sale,ok,false,2026-08-27T23:42:48+02:00,,,
2026-08-25T1516Z,laliga,14293583,265,Zubeldia,Igor Zubeldia,2,9987871,10248552,1,marketPlayerTeam,on_sale,ok,false,2026-08-26T14:00:09+02:00,,,
2026-08-25T1516Z,laliga,16235820,3037,C. Puga,Carlos Puga,2,4908305,4910779,1,marketPlayerTeam,on_sale,ok,false,2026-08-28T07:48:08+02:00,,,
2026-08-25T1516Z,laliga,16872949,2455,Peque,Gerard Fernández Castellano,4,2626538,2378686,1,marketPlayerTeam,on_sale,ok,false,2026-08-25T21:14:41+02:00,,,
2026-08-25T1516Z,laliga,16873147,1031,Comesaña,Santiago Comesaña,3,28215327,30413980,1,marketPlayerTeam,on_sale,ok,false,2026-08-25T21:14:54+02:00,,,
2026-08-25T1516Z,laliga,18807368,2386,Nteka,Randy Nteka,4,1320272,1302066,0,marketPlayerTeam,on_sale,ok,false,2026-08-27T22:27:08+02:00,,,
2026-08-25T1516Z,laliga,18807459,2746,Miguel Sierra,Miguel Sierra,4,1039599,991388,0,marketPlayerTeam,on_sale,ok,false,2026-08-27T22:27:12+02:00,,,
2026-08-25T1516Z,laliga,19387347,2639,M. Román,Miguel Román,3,5186429,5191190,0,marketPlayerTeam,on_sale,ok,false,2026-08-28T16:10:25+02:00,,,
2026-08-25T1516Z,laliga,19387884,255,Le Normand,Robin Le Normand,2,13110491,13115020,0,marketPlayerTeam,on_sale,suspended,false,2026-08-28T16:11:02+02:00,,,
2026-08-25T1516Z,laliga,19387985,2390,Starfelt,Carl Starfelt,2,12968363,12971138,0,marketPlayerTeam,on_sale,ok,false,2026-08-28T16:11:10+02:00,,,
2026-08-25T1724Z,laliga,93798802,3093,Mourinho,José Mário dos Santos Mourinho Félix,5,10250831,10590604,0,marketPlayerLeague,on_sale,ok,,2026-08-25T22:24:00+02:00,,,
2026-08-25T1724Z,laliga,93798803,3169,Bauza,Rafel Bauzà,3,750409,766085,0,marketPlayerLeague,on_sale,ok,,2026-08-25T22:24:00+02:00,,,
2026-08-25T1724Z,laliga,93798805,2622,Urko,Urko González,3,5329451,5266211,0,marketPlayerLeague,on_sale,ok,,2026-08-25T22:24:00+02:00,,,
2026-08-25T1724Z,laliga,93798807,2362,M. Casadó,Marc Casadó,3,1490547,1522979,0,marketPlayerLeague,on_sale,ok,,2026-08-25T22:24:00+02:00,,,
2026-08-25T1724Z,laliga,93798809,3185,Gerenabarrena,Beñat Gerenabarrena,3,1158563,1165236,0,marketPlayerLeague,on_sale,ok,,2026-08-25T22:24:00+02:00,,,
2026-08-25T1724Z,laliga,93798812,3164,Bardeli,Enzo Bardeli,3,3265158,3355940,0,marketPlayerLeague,on_sale,ok,,2026-08-25T22:24:00+02:00,,,
2026-08-25T1724Z,laliga,93798814,2645,Rego,Alejandro Rego,2,3973667,4099763,0,marketPlayerLeague,on_sale,ok,,2026-08-25T22:24:00+02:00,,,
2026-08-25T1724Z,laliga,93798816,2543,Natan,Natan Bernardo de Souza,2,37465084,37109744,1,marketPlayerLeague,on_sale,ok,,2026-08-25T22:24:00+02:00,15921032,37492727,pending
2026-08-25T1724Z,laliga,93798819,1614,Cardona,Sergi Cardona,2,3915096,4021050,0,marketPlayerLeague,on_sale,ok,,2026-08-25T22:24:00+02:00,,,
2026-08-25T1724Z,laliga,93798821,1730,Iker Muñoz,Iker Muñoz,3,1167383,1187249,0,marketPlayerLeague,on_sale,ok,,2026-08-25T22:24:00+02:00,,,
2026-08-25T1724Z,laliga,93798823,2456,Isaac,Isaac Romero,4,6227385,5948966,1,marketPlayerLeague,on_sale,ok,,2026-08-25T22:24:00+02:00,,,
2026-08-25T1724Z,laliga,93798826,3105,Cala,Álex Calatrava Torrado,4,4498179,4306367,1,marketPlayerLeague,on_sale,ok,,2026-08-25T22:24:00+02:00,,,
2026-08-25T1724Z,laliga,93798827,3191,Á. Padilla,Álvaro Padilla,4,970180,995013,0,marketPlayerLeague,on_sale,ok,,2026-08-25T22:24:00+02:00,,,
2026-08-25T1724Z,laliga,11208008,2464,Pepelu,José Luis García Vayá,3,8196269,8205273,0,marketPlayerTeam,on_sale,ok,false,2026-08-28T16:10:17+02:00,,,
2026-08-25T1724Z,laliga,11943633,637,Moncayola,Jon Moncayola,3,6608945,6767492,1,marketPlayerTeam,on_sale,ok,false,2026-08-26T13:59:54+02:00,,,
2026-08-25T1724Z,laliga,14186254,2474,Denis Suárez,Denis Suárez,3,2498850,2423936,1,marketPlayerTeam,on_sale,ok,false,2026-08-26T07:00:30+02:00,,,
2026-08-25T1724Z,laliga,14243525,2480,Johnny,Johnny Cardoso,3,4697760,4829184,0,marketPlayerTeam,on_sale,ok,false,2026-08-27T23:42:48+02:00,,,
2026-08-25T1724Z,laliga,14293583,265,Zubeldia,Igor Zubeldia,2,9987871,10248552,1,marketPlayerTeam,on_sale,ok,false,2026-08-26T14:00:09+02:00,,,
2026-08-25T1724Z,laliga,16235820,3037,C. Puga,Carlos Puga,2,4908305,4910779,1,marketPlayerTeam,on_sale,ok,false,2026-08-28T07:48:08+02:00,,,
2026-08-25T1724Z,laliga,16872949,2455,Peque,Gerard Fernández Castellano,4,2626538,2378686,1,marketPlayerTeam,on_sale,ok,false,2026-08-25T21:14:41+02:00,,,
2026-08-25T1724Z,laliga,16873147,1031,Comesaña,Santiago Comesaña,3,28215327,30413980,1,marketPlayerTeam,on_sale,ok,false,2026-08-25T21:14:54+02:00,,,
2026-08-25T1724Z,laliga,18807368,2386,Nteka,Randy Nteka,4,1320272,1302066,0,marketPlayerTeam,on_sale,ok,false,2026-08-27T22:27:08+02:00,,,
2026-08-25T1724Z,laliga,18807459,2746,Miguel Sierra,Miguel Sierra,4,1039599,991388,0,marketPlayerTeam,on_sale,ok,false,2026-08-27T22:27:12+02:00,,,
2026-08-25T1724Z,laliga,19387347,2639,M. Román,Miguel Román,3,5186429,5191190,0,marketPlayerTeam,on_sale,ok,false,2026-08-28T16:10:25+02:00,,,
2026-08-25T1724Z,laliga,19387884,255,Le Normand,Robin Le Normand,2,13110491,13115020,0,marketPlayerTeam,on_sale,suspended,false,2026-08-28T16:11:02+02:00,,,
2026-08-25T1724Z,laliga,19387985,2390,Starfelt,Carl Starfelt,2,12968363,12971138,0,marketPlayerTeam,on_sale,ok,false,2026-08-28T16:11:10+02:00,,,
2026-08-25T2026Z,laliga,98557490,2527,Simeone,Diego Simeone,5,4334364,4334364,0,marketPlayerLeague,on_sale,ok,,2026-08-26T22:24:00+02:00,,,
2026-08-25T2026Z,laliga,98557493,3098,Q. Hartman,Quilindschy Hartman,2,6761424,6761424,0,marketPlayerLeague,on_sale,ok,,2026-08-26T22:24:00+02:00,,,
2026-08-25T2026Z,laliga,98557497,2770,Antony,Antony Matheus dos Santos,4,65191023,65191023,0,marketPlayerLeague,on_sale,ok,,2026-08-26T22:24:00+02:00,,,
2026-08-25T2026Z,laliga,98557500,1300,Camavinga,Eduardo Celmi Camavinga,3,8640162,8640162,0,marketPlayerLeague,on_sale,ok,,2026-08-26T22:24:00+02:00,,,
2026-08-25T2026Z,laliga,98557503,3200,Francho,Francho Serrano,3,2662674,2662674,0,marketPlayerLeague,on_sale,ok,,2026-08-26T22:24:00+02:00,,,
2026-08-25T2026Z,laliga,98557505,3102,Vini Jr.,Vinícius José Paixão de Oliveira Júnior,4,105932475,105932475,0,marketPlayerLeague,on_sale,ok,,2026-08-26T22:24:00+02:00,,,
2026-08-25T2026Z,laliga,98557507,3225,Abdelkarim,Hamza Mohamed Abdelkarim Elsayed Selim,4,3801390,3801390,0,marketPlayerLeague,on_sale,ok,,2026-08-26T22:24:00+02:00,,,
2026-08-25T2026Z,laliga,98557509,2776,A. Abqar,Abdel Abqar,2,6992429,6992429,0,marketPlayerLeague,on_sale,ok,,2026-08-26T22:24:00+02:00,,,
2026-08-25T2026Z,laliga,98557510,2759,Vlachodimos,Odysseas Vlachodimos,1,22900780,22900780,0,marketPlayerLeague,on_sale,ok,,2026-08-26T22:24:00+02:00,,,
2026-08-25T2026Z,laliga,98557511,2700,Etta Eyong,Karl Edouard Blaise Etta Eyong,4,21989472,21989472,0,marketPlayerLeague,on_sale,ok,,2026-08-26T22:24:00+02:00,,,
2026-08-25T2026Z,laliga,98557512,3078,T. Martínez,Toni Martínez,4,27914556,27914556,0,marketPlayerLeague,on_sale,ok,,2026-08-26T22:24:00+02:00,,,
2026-08-25T2026Z,laliga,98557513,2949,B. Sangare,Buba Sangaré,2,3915992,3915992,0,marketPlayerLeague,on_sale,ok,,2026-08-26T22:24:00+02:00,,,
2026-08-25T2026Z,laliga,98557514,2994,Mella,David Mella,3,3118101,3118101,0,marketPlayerLeague,on_sale,ok,,2026-08-26T22:24:00+02:00,,,
2026-08-25T2026Z,laliga,11208008,2464,Pepelu,José Luis García Vayá,3,8196269,8205273,1,marketPlayerTeam,on_sale,ok,false,2026-08-28T16:10:17+02:00,,,
2026-08-25T2026Z,laliga,11943633,637,Moncayola,Jon Moncayola,3,6608945,6767492,1,marketPlayerTeam,on_sale,ok,false,2026-08-26T13:59:54+02:00,,,
2026-08-25T2026Z,laliga,14186254,2474,Denis Suárez,Denis Suárez,3,2498850,2423936,1,marketPlayerTeam,on_sale,ok,false,2026-08-26T07:00:30+02:00,,,
2026-08-25T2026Z,laliga,14186359,3069,Blanco,Antonio Blanco,3,14925372,14925372,1,marketPlayerTeam,on_sale,ok,false,2026-08-28T21:15:16+02:00,,,
2026-08-25T2026Z,laliga,14243525,2480,Johnny,Johnny Cardoso,3,4697760,4829184,1,marketPlayerTeam,on_sale,ok,false,2026-08-27T23:42:48+02:00,,,
2026-08-25T2026Z,laliga,14293583,265,Zubeldia,Igor Zubeldia,2,9987871,10248552,1,marketPlayerTeam,on_sale,ok,false,2026-08-26T14:00:09+02:00,,,
2026-08-25T2026Z,laliga,16235820,3037,C. Puga,Carlos Puga,2,4908305,4910779,1,marketPlayerTeam,on_sale,ok,false,2026-08-28T07:48:08+02:00,,,
2026-08-25T2026Z,laliga,16872949,2455,Peque,Gerard Fernández Castellano,4,2626538,2626538,1,marketPlayerTeam,on_sale,ok,false,2026-08-28T21:15:25+02:00,,,
2026-08-25T2026Z,laliga,16873147,1031,Comesaña,Santiago Comesaña,3,28215327,28215327,1,marketPlayerTeam,on_sale,ok,false,2026-08-28T21:15:21+02:00,,,
2026-08-25T2026Z,laliga,18807368,2386,Nteka,Randy Nteka,4,1320272,1302066,1,marketPlayerTeam,on_sale,ok,false,2026-08-27T22:27:08+02:00,,,
2026-08-25T2026Z,laliga,18807459,2746,Miguel Sierra,Miguel Sierra,4,1039599,991388,1,marketPlayerTeam,on_sale,ok,false,2026-08-27T22:27:12+02:00,,,
2026-08-25T2026Z,laliga,19387347,2639,M. Román,Miguel Román,3,5186429,5191190,1,marketPlayerTeam,on_sale,ok,false,2026-08-28T16:10:25+02:00,,,
2026-08-25T2026Z,laliga,19387884,255,Le Normand,Robin Le Normand,2,13110491,13115020,1,marketPlayerTeam,on_sale,suspended,false,2026-08-28T16:11:02+02:00,,,
2026-08-25T2026Z,laliga,19387985,2390,Starfelt,Carl Starfelt,2,12968363,12971138,1,marketPlayerTeam,on_sale,ok,false,2026-08-28T16:11:10+02:00,,,
2026-08-25T2241Z,laliga,98557490,2527,Simeone,Diego Simeone,5,4334364,4334364,0,marketPlayerLeague,on_sale,ok,,2026-08-26T22:24:00+02:00,,,
2026-08-25T2241Z,laliga,98557493,3098,Q. Hartman,Quilindschy Hartman,2,6761424,6761424,0,marketPlayerLeague,on_sale,ok,,2026-08-26T22:24:00+02:00,,,
2026-08-25T2241Z,laliga,98557497,2770,Antony,Antony Matheus dos Santos,4,65191023,65191023,0,marketPlayerLeague,on_sale,ok,,2026-08-26T22:24:00+02:00,,,
2026-08-25T2241Z,laliga,98557500,1300,Camavinga,Eduardo Celmi Camavinga,3,8640162,8640162,0,marketPlayerLeague,on_sale,ok,,2026-08-26T22:24:00+02:00,,,
2026-08-25T2241Z,laliga,98557503,3200,Francho,Francho Serrano,3,2662674,2662674,0,marketPlayerLeague,on_sale,ok,,2026-08-26T22:24:00+02:00,,,
2026-08-25T2241Z,laliga,98557505,3102,Vini Jr.,Vinícius José Paixão de Oliveira Júnior,4,105932475,105932475,0,marketPlayerLeague,on_sale,ok,,2026-08-26T22:24:00+02:00,,,
2026-08-25T2241Z,laliga,98557507,3225,Abdelkarim,Hamza Mohamed Abdelkarim Elsayed Selim,4,3801390,3801390,0,marketPlayerLeague,on_sale,ok,,2026-08-26T22:24:00+02:00,,,
2026-08-25T2241Z,laliga,98557509,2776,A. Abqar,Abdel Abqar,2,6992429,6992429,0,marketPlayerLeague,on_sale,ok,,2026-08-26T22:24:00+02:00,,,
2026-08-25T2241Z,laliga,98557510,2759,Vlachodimos,Odysseas Vlachodimos,1,22900780,22900780,0,marketPlayerLeague,on_sale,ok,,2026-08-26T22:24:00+02:00,,,
2026-08-25T2241Z,laliga,98557511,2700,Etta Eyong,Karl Edouard Blaise Etta Eyong,4,21989472,21989472,0,marketPlayerLeague,on_sale,ok,,2026-08-26T22:24:00+02:00,,,
2026-08-25T2241Z,laliga,98557512,3078,T. Martínez,Toni Martínez,4,27914556,27914556,0,marketPlayerLeague,on_sale,ok,,2026-08-26T22:24:00+02:00,,,
2026-08-25T2241Z,laliga,98557513,2949,B. Sangare,Buba Sangaré,2,3915992,3915992,0,marketPlayerLeague,on_sale,ok,,2026-08-26T22:24:00+02:00,,,
2026-08-25T2241Z,laliga,98557514,2994,Mella,David Mella,3,3118101,3118101,0,marketPlayerLeague,on_sale,ok,,2026-08-26T22:24:00+02:00,,,
2026-08-25T2241Z,laliga,11208008,2464,Pepelu,José Luis García Vayá,3,8196269,8205273,1,marketPlayerTeam,on_sale,ok,false,2026-08-28T16:10:17+02:00,,,
2026-08-25T2241Z,laliga,11943633,637,Moncayola,Jon Moncayola,3,6608945,6767492,1,marketPlayerTeam,on_sale,ok,false,2026-08-26T13:59:54+02:00,,,
2026-08-25T2241Z,laliga,14186254,2474,Denis Suárez,Denis Suárez,3,2498850,2423936,1,marketPlayerTeam,on_sale,ok,false,2026-08-26T07:00:30+02:00,,,
2026-08-25T2241Z,laliga,14186359,3069,Blanco,Antonio Blanco,3,14925372,14925372,1,marketPlayerTeam,on_sale,ok,false,2026-08-28T21:15:16+02:00,,,
2026-08-25T2241Z,laliga,14243525,2480,Johnny,Johnny Cardoso,3,4697760,4829184,1,marketPlayerTeam,on_sale,ok,false,2026-08-27T23:42:48+02:00,,,
2026-08-25T2241Z,laliga,14293583,265,Zubeldia,Igor Zubeldia,2,9987871,10248552,1,marketPlayerTeam,on_sale,ok,false,2026-08-26T14:00:09+02:00,,,
2026-08-25T2241Z,laliga,16235820,3037,C. Puga,Carlos Puga,2,4908305,4910779,1,marketPlayerTeam,on_sale,ok,false,2026-08-28T07:48:08+02:00,,,
2026-08-25T2241Z,laliga,16872949,2455,Peque,Gerard Fernández Castellano,4,2626538,2626538,1,marketPlayerTeam,on_sale,ok,false,2026-08-28T21:15:25+02:00,,,
2026-08-25T2241Z,laliga,16873147,1031,Comesaña,Santiago Comesaña,3,28215327,28215327,1,marketPlayerTeam,on_sale,ok,false,2026-08-28T21:15:21+02:00,,,
2026-08-25T2241Z,laliga,18807368,2386,Nteka,Randy Nteka,4,1320272,1302066,1,marketPlayerTeam,on_sale,ok,false,2026-08-27T22:27:08+02:00,,,
2026-08-25T2241Z,laliga,18807459,2746,Miguel Sierra,Miguel Sierra,4,1039599,991388,1,marketPlayerTeam,on_sale,ok,false,2026-08-27T22:27:12+02:00,,,
2026-08-25T2241Z,laliga,19387347,2639,M. Román,Miguel Román,3,5186429,5191190,1,marketPlayerTeam,on_sale,ok,false,2026-08-28T16:10:25+02:00,,,
2026-08-25T2241Z,laliga,19387884,255,Le Normand,Robin Le Normand,2,13110491,13115020,1,marketPlayerTeam,on_sale,suspended,false,2026-08-28T16:11:02+02:00,,,
2026-08-25T2241Z,laliga,19387985,2390,Starfelt,Carl Starfelt,2,12968363,12971138,1,marketPlayerTeam,on_sale,ok,false,2026-08-28T16:11:10+02:00,,,
2026-08-26T0423Z,laliga,98557490,2527,Simeone,Diego Simeone,5,4334364,4334364,0,marketPlayerLeague,on_sale,ok,,2026-08-26T22:24:00+02:00,,,
2026-08-26T0423Z,laliga,98557493,3098,Q. Hartman,Quilindschy Hartman,2,6761424,6761424,0,marketPlayerLeague,on_sale,ok,,2026-08-26T22:24:00+02:00,,,
2026-08-26T0423Z,laliga,98557497,2770,Antony,Antony Matheus dos Santos,4,65191023,65191023,0,marketPlayerLeague,on_sale,ok,,2026-08-26T22:24:00+02:00,,,
2026-08-26T0423Z,laliga,98557500,1300,Camavinga,Eduardo Celmi Camavinga,3,8640162,8640162,0,marketPlayerLeague,on_sale,ok,,2026-08-26T22:24:00+02:00,,,
2026-08-26T0423Z,laliga,98557503,3200,Francho,Francho Serrano,3,2662674,2662674,0,marketPlayerLeague,on_sale,ok,,2026-08-26T22:24:00+02:00,,,
2026-08-26T0423Z,laliga,98557505,3102,Vini Jr.,Vinícius José Paixão de Oliveira Júnior,4,105932475,105932475,0,marketPlayerLeague,on_sale,ok,,2026-08-26T22:24:00+02:00,,,
2026-08-26T0423Z,laliga,98557507,3225,Abdelkarim,Hamza Mohamed Abdelkarim Elsayed Selim,4,3801390,3801390,0,marketPlayerLeague,on_sale,ok,,2026-08-26T22:24:00+02:00,,,
2026-08-26T0423Z,laliga,98557509,2776,A. Abqar,Abdel Abqar,2,6992429,6992429,0,marketPlayerLeague,on_sale,ok,,2026-08-26T22:24:00+02:00,,,
2026-08-26T0423Z,laliga,98557510,2759,Vlachodimos,Odysseas Vlachodimos,1,22900780,22900780,0,marketPlayerLeague,on_sale,ok,,2026-08-26T22:24:00+02:00,,,
2026-08-26T0423Z,laliga,98557511,2700,Etta Eyong,Karl Edouard Blaise Etta Eyong,4,21989472,21989472,0,marketPlayerLeague,on_sale,ok,,2026-08-26T22:24:00+02:00,,,
2026-08-26T0423Z,laliga,98557512,3078,T. Martínez,Toni Martínez,4,27914556,27914556,0,marketPlayerLeague,on_sale,ok,,2026-08-26T22:24:00+02:00,,,
2026-08-26T0423Z,laliga,98557513,2949,B. Sangare,Buba Sangaré,2,3915992,3915992,0,marketPlayerLeague,on_sale,ok,,2026-08-26T22:24:00+02:00,,,
2026-08-26T0423Z,laliga,98557514,2994,Mella,David Mella,3,3118101,3118101,0,marketPlayerLeague,on_sale,ok,,2026-08-26T22:24:00+02:00,,,
2026-08-26T0423Z,laliga,11208008,2464,Pepelu,José Luis García Vayá,3,8196269,8205273,1,marketPlayerTeam,on_sale,ok,false,2026-08-28T16:10:17+02:00,,,
2026-08-26T0423Z,laliga,11943633,637,Moncayola,Jon Moncayola,3,6608945,6767492,1,marketPlayerTeam,on_sale,ok,false,2026-08-26T13:59:54+02:00,,,
2026-08-26T0423Z,laliga,14186254,2474,Denis Suárez,Denis Suárez,3,2498850,2423936,1,marketPlayerTeam,on_sale,ok,false,2026-08-26T07:00:30+02:00,,,
2026-08-26T0423Z,laliga,14186359,3069,Blanco,Antonio Blanco,3,14925372,14925372,1,marketPlayerTeam,on_sale,ok,false,2026-08-28T21:15:16+02:00,,,
2026-08-26T0423Z,laliga,14243525,2480,Johnny,Johnny Cardoso,3,4697760,4829184,1,marketPlayerTeam,on_sale,ok,false,2026-08-27T23:42:48+02:00,,,
2026-08-26T0423Z,laliga,14293583,265,Zubeldia,Igor Zubeldia,2,9987871,10248552,1,marketPlayerTeam,on_sale,ok,false,2026-08-26T14:00:09+02:00,,,
2026-08-26T0423Z,laliga,16235820,3037,C. Puga,Carlos Puga,2,4908305,4910779,1,marketPlayerTeam,on_sale,ok,false,2026-08-28T07:48:08+02:00,,,
2026-08-26T0423Z,laliga,16872949,2455,Peque,Gerard Fernández Castellano,4,2626538,2626538,1,marketPlayerTeam,on_sale,ok,false,2026-08-28T21:15:25+02:00,,,
2026-08-26T0423Z,laliga,16873147,1031,Comesaña,Santiago Comesaña,3,28215327,28215327,1,marketPlayerTeam,on_sale,ok,false,2026-08-28T21:15:21+02:00,,,
2026-08-26T0423Z,laliga,18807368,2386,Nteka,Randy Nteka,4,1320272,1302066,1,marketPlayerTeam,on_sale,ok,false,2026-08-27T22:27:08+02:00,,,
2026-08-26T0423Z,laliga,18807459,2746,Miguel Sierra,Miguel Sierra,4,1039599,991388,1,marketPlayerTeam,on_sale,ok,false,2026-08-27T22:27:12+02:00,,,
2026-08-26T0423Z,laliga,19387347,2639,M. Román,Miguel Román,3,5186429,5191190,1,marketPlayerTeam,on_sale,ok,false,2026-08-28T16:10:25+02:00,,,
2026-08-26T0423Z,laliga,19387884,255,Le Normand,Robin Le Normand,2,13110491,13115020,1,marketPlayerTeam,on_sale,suspended,false,2026-08-28T16:11:02+02:00,,,
2026-08-26T0423Z,laliga,19387985,2390,Starfelt,Carl Starfelt,2,12968363,12971138,1,marketPlayerTeam,on_sale,ok,false,2026-08-28T16:11:10+02:00,,,
2026-08-26T0455Z,laliga,98557490,2527,Simeone,Diego Simeone,5,4195294,4334364,0,marketPlayerLeague,on_sale,ok,,2026-08-26T22:24:00+02:00,,,
2026-08-26T0455Z,laliga,98557493,3098,Q. Hartman,Quilindschy Hartman,2,6549569,6761424,0,marketPlayerLeague,on_sale,ok,,2026-08-26T22:24:00+02:00,,,
2026-08-26T0455Z,laliga,98557497,2770,Antony,Antony Matheus dos Santos,4,65937223,65191023,0,marketPlayerLeague,on_sale,ok,,2026-08-26T22:24:00+02:00,,,
2026-08-26T0455Z,laliga,98557500,1300,Camavinga,Eduardo Celmi Camavinga,3,8440188,8640162,0,marketPlayerLeague,on_sale,ok,,2026-08-26T22:24:00+02:00,,,
2026-08-26T0455Z,laliga,98557503,3200,Francho,Francho Serrano,3,2708372,2662674,0,marketPlayerLeague,on_sale,ok,,2026-08-26T22:24:00+02:00,,,
2026-08-26T0455Z,laliga,98557505,3102,Vini Jr.,Vinícius José Paixão de Oliveira Júnior,4,104399719,105932475,0,marketPlayerLeague,on_sale,ok,,2026-08-26T22:24:00+02:00,,,
2026-08-26T0455Z,laliga,98557507,3225,Abdelkarim,Hamza Mohamed Abdelkarim Elsayed Selim,4,3808099,3801390,0,marketPlayerLeague,on_sale,ok,,2026-08-26T22:24:00+02:00,,,
2026-08-26T0455Z,laliga,98557509,2776,A. Abqar,Abdel Abqar,2,6852017,6992429,0,marketPlayerLeague,on_sale,ok,,2026-08-26T22:24:00+02:00,,,
2026-08-26T0455Z,laliga,98557510,2759,Vlachodimos,Odysseas Vlachodimos,1,23459405,22900780,0,marketPlayerLeague,on_sale,ok,,2026-08-26T22:24:00+02:00,,,
2026-08-26T0455Z,laliga,98557511,2700,Etta Eyong,Karl Edouard Blaise Etta Eyong,4,21384105,21989472,0,marketPlayerLeague,on_sale,ok,,2026-08-26T22:24:00+02:00,,,
2026-08-26T0455Z,laliga,98557512,3078,T. Martínez,Toni Martínez,4,28028338,27914556,0,marketPlayerLeague,on_sale,ok,,2026-08-26T22:24:00+02:00,,,
2026-08-26T0455Z,laliga,98557513,2949,B. Sangare,Buba Sangaré,2,3880373,3915992,0,marketPlayerLeague,on_sale,ok,,2026-08-26T22:24:00+02:00,,,
2026-08-26T0455Z,laliga,98557514,2994,Mella,David Mella,3,3057908,3118101,0,marketPlayerLeague,on_sale,ok,,2026-08-26T22:24:00+02:00,,,
2026-08-26T0455Z,laliga,11208008,2464,Pepelu,José Luis García Vayá,3,8507184,8205273,1,marketPlayerTeam,on_sale,ok,false,2026-08-28T16:10:17+02:00,,,
2026-08-26T0455Z,laliga,14186254,2474,Denis Suárez,Denis Suárez,3,2519641,2423936,1,marketPlayerTeam,on_sale,ok,false,2026-08-26T07:00:30+02:00,,,
2026-08-26T0455Z,laliga,14186359,3069,Blanco,Antonio Blanco,3,15009843,14925372,1,marketPlayerTeam,on_sale,ok,false,2026-08-28T21:15:16+02:00,,,
2026-08-26T0455Z,laliga,14243525,2480,Johnny,Johnny Cardoso,3,4562726,4829184,1,marketPlayerTeam,on_sale,ok,false,2026-08-27T23:42:48+02:00,,,
2026-08-26T0455Z,laliga,16235820,3037,C. Puga,Carlos Puga,2,4914501,4910779,1,marketPlayerTeam,on_sale,ok,false,2026-08-28T07:48:08+02:00,,,
2026-08-26T0455Z,laliga,16872949,2455,Peque,Gerard Fernández Castellano,4,2676220,2626538,1,marketPlayerTeam,on_sale,ok,false,2026-08-28T21:15:25+02:00,,,
2026-08-26T0455Z,laliga,16873147,1031,Comesaña,Santiago Comesaña,3,27682719,28215327,1,marketPlayerTeam,on_sale,ok,false,2026-08-28T21:15:21+02:00,,,
2026-08-26T0455Z,laliga,18807368,2386,Nteka,Randy Nteka,4,1332596,1302066,1,marketPlayerTeam,on_sale,ok,false,2026-08-27T22:27:08+02:00,,,
2026-08-26T0455Z,laliga,18807459,2746,Miguel Sierra,Miguel Sierra,4,1085332,991388,1,marketPlayerTeam,on_sale,ok,false,2026-08-27T22:27:12+02:00,,,
2026-08-26T0455Z,laliga,19387347,2639,M. Román,Miguel Román,3,5291848,5191190,1,marketPlayerTeam,on_sale,ok,false,2026-08-28T16:10:25+02:00,,,
2026-08-26T0455Z,laliga,19387985,2390,Starfelt,Carl Starfelt,2,12652367,12971138,1,marketPlayerTeam,on_sale,ok,false,2026-08-28T16:11:10+02:00,,,
2026-08-27T0505Z,laliga,103432911,1849,Iñigo Perez,Iñigo Pérez,5,1641712,1693546,0,marketPlayerLeague,on_sale,ok,,2026-08-27T22:24:00+02:00,,,
2026-08-27T0505Z,laliga,103432914,3086,Moleiro,Alberto Moleiro,3,59125550,59911108,1,marketPlayerLeague,on_sale,ok,,2026-08-27T22:24:00+02:00,,,
2026-08-27T0505Z,laliga,103432917,3198,Tsitaishvili,Giorgi Tsitaishvili,4,2262662,2327354,0,marketPlayerLeague,on_sale,ok,,2026-08-27T22:24:00+02:00,,,
2026-08-27T0505Z,laliga,103432921,2771,Mikautadze,Georges Mikautadze,4,71083800,69648856,0,marketPlayerLeague,on_sale,ok,,2026-08-27T22:24:00+02:00,,,
2026-08-27T0505Z,laliga,103432929,3113,Tenés,Sergi Canós,4,456287,458729,0,marketPlayerLeague,on_sale,injured,,2026-08-27T22:24:00+02:00,,,
2026-08-27T0505Z,laliga,103432934,2372,Herrera,Yangel Herrera,3,3435241,3323385,0,marketPlayerLeague,on_sale,ok,,2026-08-27T22:24:00+02:00,,,
2026-08-27T0505Z,laliga,103432941,2938,Koski,Ville Koski,2,2122356,1989948,0,marketPlayerLeague,on_sale,ok,,2026-08-27T22:24:00+02:00,,,
2026-08-27T0505Z,laliga,103432948,3139,Pedro Felipe,Pedro Felipe de Jesus Gomes,2,1873420,1925152,0,marketPlayerLeague,on_sale,doubtful,,2026-08-27T22:24:00+02:00,,,
2026-08-27T0505Z,laliga,103432952,2556,Buchanan,Tajon Buchanan,3,15472572,15608833,0,marketPlayerLeague,on_sale,ok,,2026-08-27T22:24:00+02:00,,,
2026-08-27T0505Z,laliga,103432962,2355,Kounde,Jules Koundé,2,37047578,37772296,0,marketPlayerLeague,on_sale,ok,,2026-08-27T22:24:00+02:00,,,
2026-08-27T0505Z,laliga,103432971,3114,Hjulmand,Morten Hjulmand,3,30848858,31611099,0,marketPlayerLeague,on_sale,ok,,2026-08-27T22:24:00+02:00,,,
2026-08-27T0505Z,laliga,103432977,3180,Alonso,Iván Alonso,4,499635,503883,0,marketPlayerLeague,on_sale,ok,,2026-08-27T22:24:00+02:00,,,
2026-08-27T0505Z,laliga,103432985,3117,Vargas,Rubén Vargas,4,19196561,19788532,0,marketPlayerLeague,on_sale,doubtful,,2026-08-27T22:24:00+02:00,,,
2026-08-27T0505Z,laliga,10520311,2418,Marc Roca,Marc Roca,3,6166557,6031459,1,marketPlayerTeam,on_sale,ok,false,2026-08-29T18:57:36+02:00,,,
2026-08-27T0505Z,laliga,10521397,2603,Ferran Jutglà,Ferran Jutglà,4,9061209,9052978,0,marketPlayerTeam,on_sale,ok,false,2026-08-29T18:57:26+02:00,,,
2026-08-27T0505Z,laliga,10530519,2613,M. Dituro,Matías Dituro,1,9005409,8935717,0,marketPlayerTeam,on_sale,ok,false,2026-08-29T18:58:10+02:00,,,
2026-08-27T0505Z,laliga,11208008,2464,Pepelu,José Luis García Vayá,3,8798357,8205273,1,marketPlayerTeam,on_sale,ok,false,2026-08-28T16:10:17+02:00,,,
2026-08-27T0505Z,laliga,11705725,3129,Carlos Espí,Carlos Espí,4,12745877,12222283,1,marketPlayerTeam,on_sale,ok,false,2026-08-29T20:31:04+02:00,,,
2026-08-27T0505Z,laliga,12717146,3068,Cabrera,Leandro Cabrera,2,12706926,13056116,0,marketPlayerTeam,on_sale,suspended,false,2026-08-29T18:57:57+02:00,,,
2026-08-27T0505Z,laliga,14186359,3069,Blanco,Antonio Blanco,3,15048694,14925372,1,marketPlayerTeam,on_sale,ok,false,2026-08-28T21:15:16+02:00,,,
2026-08-27T0505Z,laliga,14243525,2480,Johnny,Johnny Cardoso,3,4432774,4829184,1,marketPlayerTeam,on_sale,ok,false,2026-08-27T23:42:48+02:00,,,
2026-08-27T0505Z,laliga,14243639,3035,Izan M.,Izan Merino,3,5231301,5290343,1,marketPlayerTeam,on_sale,ok,false,2026-08-29T20:30:59+02:00,,,
2026-08-27T0505Z,laliga,15560007,2415,Llorente ,Diego Llorente,2,11610130,11416419,1,marketPlayerTeam,on_sale,ok,false,2026-08-29T18:57:52+02:00,,,
2026-08-27T0505Z,laliga,16235820,3037,C. Puga,Carlos Puga,2,4934935,4910779,1,marketPlayerTeam,on_sale,ok,false,2026-08-28T07:48:08+02:00,,,
2026-08-27T0505Z,laliga,16872949,2455,Peque,Gerard Fernández Castellano,4,2727726,2626538,1,marketPlayerTeam,on_sale,ok,false,2026-08-28T21:15:25+02:00,,,
2026-08-27T0505Z,laliga,16873147,1031,Comesaña,Santiago Comesaña,3,27180826,28215327,1,marketPlayerTeam,on_sale,ok,false,2026-08-28T21:15:21+02:00,,,
2026-08-27T0505Z,laliga,18807368,2386,Nteka,Randy Nteka,4,1343982,1302066,1,marketPlayerTeam,on_sale,ok,false,2026-08-27T22:27:08+02:00,,,
2026-08-27T0505Z,laliga,18807459,2746,Miguel Sierra,Miguel Sierra,4,1137927,991388,1,marketPlayerTeam,on_sale,ok,false,2026-08-27T22:27:12+02:00,,,
2026-08-27T0505Z,laliga,19387347,2639,M. Román,Miguel Román,3,5395813,5191190,1,marketPlayerTeam,on_sale,ok,false,2026-08-28T16:10:25+02:00,,,
2026-08-27T0505Z,laliga,19387985,2390,Starfelt,Carl Starfelt,2,12362328,12971138,1,marketPlayerTeam,on_sale,ok,false,2026-08-28T16:11:10+02:00,,,
2026-08-27T0505Z,laliga,20358345,3036,Dani Lorenzo,Dani Lorenzo,3,9796315,9585403,1,marketPlayerTeam,on_sale,ok,false,2026-08-29T18:57:42+02:00,,,
2026-08-27T0505Z,laliga,20358414,3151,Buonanotte,Facundo Buonanotte,3,5379677,5480720,1,marketPlayerTeam,on_sale,ok,false,2026-08-29T18:57:48+02:00,,,
2026-08-27T0505Z,laliga,20430220,3109,Leo Román,Leo Román,1,40248325,40296105,1,marketPlayerTeam,on_sale,ok,false,2026-08-29T20:30:41+02:00,,,
2026-08-27T0505Z,laliga,20430568,927,Berenguer,Alejandro Berenguer Remiro,4,8034315,8134187,1,marketPlayerTeam,on_sale,ok,false,2026-08-29T20:31:12+02:00,,,
2026-08-27T0505Z,laliga,20567509,3142,Angeliño,José Ángel Esmoris Tasende,2,13117117,13430321,0,marketPlayerTeam,on_sale,ok,false,2026-08-29T22:50:59+02:00,,,
2026-08-27T0510Z,laliga,103432911,1849,Iñigo Perez,Iñigo Pérez,5,1641712,1693546,0,marketPlayerLeague,on_sale,ok,,2026-08-27T22:24:00+02:00,,,
2026-08-27T0510Z,laliga,103432914,3086,Moleiro,Alberto Moleiro,3,59125550,59911108,1,marketPlayerLeague,on_sale,ok,,2026-08-27T22:24:00+02:00,,,
2026-08-27T0510Z,laliga,103432917,3198,Tsitaishvili,Giorgi Tsitaishvili,4,2262662,2327354,0,marketPlayerLeague,on_sale,ok,,2026-08-27T22:24:00+02:00,,,
2026-08-27T0510Z,laliga,103432921,2771,Mikautadze,Georges Mikautadze,4,71083800,69648856,0,marketPlayerLeague,on_sale,ok,,2026-08-27T22:24:00+02:00,,,
2026-08-27T0510Z,laliga,103432929,3113,Tenés,Sergi Canós,4,456287,458729,0,marketPlayerLeague,on_sale,injured,,2026-08-27T22:24:00+02:00,,,
2026-08-27T0510Z,laliga,103432934,2372,Herrera,Yangel Herrera,3,3435241,3323385,0,marketPlayerLeague,on_sale,ok,,2026-08-27T22:24:00+02:00,,,
2026-08-27T0510Z,laliga,103432941,2938,Koski,Ville Koski,2,2122356,1989948,0,marketPlayerLeague,on_sale,ok,,2026-08-27T22:24:00+02:00,,,
2026-08-27T0510Z,laliga,103432948,3139,Pedro Felipe,Pedro Felipe de Jesus Gomes,2,1873420,1925152,0,marketPlayerLeague,on_sale,doubtful,,2026-08-27T22:24:00+02:00,,,
2026-08-27T0510Z,laliga,103432952,2556,Buchanan,Tajon Buchanan,3,15472572,15608833,0,marketPlayerLeague,on_sale,ok,,2026-08-27T22:24:00+02:00,,,
2026-08-27T0510Z,laliga,103432962,2355,Kounde,Jules Koundé,2,37047578,37772296,0,marketPlayerLeague,on_sale,ok,,2026-08-27T22:24:00+02:00,,,
2026-08-27T0510Z,laliga,103432971,3114,Hjulmand,Morten Hjulmand,3,30848858,31611099,0,marketPlayerLeague,on_sale,ok,,2026-08-27T22:24:00+02:00,,,
2026-08-27T0510Z,laliga,103432977,3180,Alonso,Iván Alonso,4,499635,503883,0,marketPlayerLeague,on_sale,ok,,2026-08-27T22:24:00+02:00,,,
2026-08-27T0510Z,laliga,103432985,3117,Vargas,Rubén Vargas,4,19196561,19788532,0,marketPlayerLeague,on_sale,doubtful,,2026-08-27T22:24:00+02:00,,,
2026-08-27T0510Z,laliga,10520311,2418,Marc Roca,Marc Roca,3,6166557,6031459,1,marketPlayerTeam,on_sale,ok,false,2026-08-29T18:57:36+02:00,,,
2026-08-27T0510Z,laliga,10521397,2603,Ferran Jutglà,Ferran Jutglà,4,9061209,9052978,0,marketPlayerTeam,on_sale,ok,false,2026-08-29T18:57:26+02:00,,,
2026-08-27T0510Z,laliga,10530519,2613,M. Dituro,Matías Dituro,1,9005409,8935717,0,marketPlayerTeam,on_sale,ok,false,2026-08-29T18:58:10+02:00,,,
2026-08-27T0510Z,laliga,11208008,2464,Pepelu,José Luis García Vayá,3,8798357,8205273,1,marketPlayerTeam,on_sale,ok,false,2026-08-28T16:10:17+02:00,,,
2026-08-27T0510Z,laliga,11705725,3129,Carlos Espí,Carlos Espí,4,12745877,12222283,1,marketPlayerTeam,on_sale,ok,false,2026-08-29T20:31:04+02:00,,,
2026-08-27T0510Z,laliga,12717146,3068,Cabrera,Leandro Cabrera,2,12706926,13056116,0,marketPlayerTeam,on_sale,suspended,false,2026-08-29T18:57:57+02:00,,,
2026-08-27T0510Z,laliga,14186359,3069,Blanco,Antonio Blanco,3,15048694,14925372,1,marketPlayerTeam,on_sale,ok,false,2026-08-28T21:15:16+02:00,,,
2026-08-27T0510Z,laliga,14243525,2480,Johnny,Johnny Cardoso,3,4432774,4829184,1,marketPlayerTeam,on_sale,ok,false,2026-08-27T23:42:48+02:00,,,
2026-08-27T0510Z,laliga,14243639,3035,Izan M.,Izan Merino,3,5231301,5290343,1,marketPlayerTeam,on_sale,ok,false,2026-08-29T20:30:59+02:00,,,
2026-08-27T0510Z,laliga,15560007,2415,Llorente ,Diego Llorente,2,11610130,11416419,1,marketPlayerTeam,on_sale,ok,false,2026-08-29T18:57:52+02:00,,,
2026-08-27T0510Z,laliga,16235820,3037,C. Puga,Carlos Puga,2,4934935,4910779,1,marketPlayerTeam,on_sale,ok,false,2026-08-28T07:48:08+02:00,,,
2026-08-27T0510Z,laliga,16872949,2455,Peque,Gerard Fernández Castellano,4,2727726,2626538,1,marketPlayerTeam,on_sale,ok,false,2026-08-28T21:15:25+02:00,,,
2026-08-27T0510Z,laliga,16873147,1031,Comesaña,Santiago Comesaña,3,27180826,28215327,1,marketPlayerTeam,on_sale,ok,false,2026-08-28T21:15:21+02:00,,,
2026-08-27T0510Z,laliga,18807368,2386,Nteka,Randy Nteka,4,1343982,1302066,1,marketPlayerTeam,on_sale,ok,false,2026-08-27T22:27:08+02:00,,,
2026-08-27T0510Z,laliga,18807459,2746,Miguel Sierra,Miguel Sierra,4,1137927,991388,1,marketPlayerTeam,on_sale,ok,false,2026-08-27T22:27:12+02:00,,,
2026-08-27T0510Z,laliga,19387347,2639,M. Román,Miguel Román,3,5395813,5191190,1,marketPlayerTeam,on_sale,ok,false,2026-08-28T16:10:25+02:00,,,
2026-08-27T0510Z,laliga,19387985,2390,Starfelt,Carl Starfelt,2,12362328,12971138,1,marketPlayerTeam,on_sale,ok,false,2026-08-28T16:11:10+02:00,,,
2026-08-27T0510Z,laliga,20358345,3036,Dani Lorenzo,Dani Lorenzo,3,9796315,9585403,1,marketPlayerTeam,on_sale,ok,false,2026-08-29T18:57:42+02:00,,,
2026-08-27T0510Z,laliga,20358414,3151,Buonanotte,Facundo Buonanotte,3,5379677,5480720,1,marketPlayerTeam,on_sale,ok,false,2026-08-29T18:57:48+02:00,,,
2026-08-27T0510Z,laliga,20430220,3109,Leo Román,Leo Román,1,40248325,40296105,1,marketPlayerTeam,on_sale,ok,false,2026-08-29T20:30:41+02:00,,,
2026-08-27T0510Z,laliga,20430568,927,Berenguer,Alejandro Berenguer Remiro,4,8034315,8134187,1,marketPlayerTeam,on_sale,ok,false,2026-08-29T20:31:12+02:00,,,
2026-08-27T0510Z,laliga,20567509,3142,Angeliño,José Ángel Esmoris Tasende,2,13117117,13430321,0,marketPlayerTeam,on_sale,ok,false,2026-08-29T22:50:59+02:00,,,
2026-08-27T1037Z,laliga,103432911,1849,Iñigo Perez,Iñigo Pérez,5,1641712,1693546,0,marketPlayerLeague,on_sale,ok,,2026-08-27T22:24:00+02:00,,,
2026-08-27T1037Z,laliga,103432914,3086,Moleiro,Alberto Moleiro,3,59125550,59911108,1,marketPlayerLeague,on_sale,ok,,2026-08-27T22:24:00+02:00,,,
2026-08-27T1037Z,laliga,103432917,3198,Tsitaishvili,Giorgi Tsitaishvili,4,2262662,2327354,0,marketPlayerLeague,on_sale,ok,,2026-08-27T22:24:00+02:00,,,
2026-08-27T1037Z,laliga,103432921,2771,Mikautadze,Georges Mikautadze,4,71083800,69648856,0,marketPlayerLeague,on_sale,ok,,2026-08-27T22:24:00+02:00,,,
2026-08-27T1037Z,laliga,103432929,3113,Tenés,Sergi Canós,4,456287,458729,0,marketPlayerLeague,on_sale,injured,,2026-08-27T22:24:00+02:00,,,
2026-08-27T1037Z,laliga,103432934,2372,Herrera,Yangel Herrera,3,3435241,3323385,0,marketPlayerLeague,on_sale,ok,,2026-08-27T22:24:00+02:00,,,
2026-08-27T1037Z,laliga,103432941,2938,Koski,Ville Koski,2,2122356,1989948,0,marketPlayerLeague,on_sale,ok,,2026-08-27T22:24:00+02:00,,,
2026-08-27T1037Z,laliga,103432948,3139,Pedro Felipe,Pedro Felipe de Jesus Gomes,2,1873420,1925152,0,marketPlayerLeague,on_sale,doubtful,,2026-08-27T22:24:00+02:00,,,
2026-08-27T1037Z,laliga,103432952,2556,Buchanan,Tajon Buchanan,3,15472572,15608833,0,marketPlayerLeague,on_sale,ok,,2026-08-27T22:24:00+02:00,,,
2026-08-27T1037Z,laliga,103432962,2355,Kounde,Jules Koundé,2,37047578,37772296,0,marketPlayerLeague,on_sale,ok,,2026-08-27T22:24:00+02:00,,,
2026-08-27T1037Z,laliga,103432971,3114,Hjulmand,Morten Hjulmand,3,30848858,31611099,0,marketPlayerLeague,on_sale,ok,,2026-08-27T22:24:00+02:00,,,
2026-08-27T1037Z,laliga,103432977,3180,Alonso,Iván Alonso,4,499635,503883,0,marketPlayerLeague,on_sale,ok,,2026-08-27T22:24:00+02:00,,,
2026-08-27T1037Z,laliga,103432985,3117,Vargas,Rubén Vargas,4,19196561,19788532,0,marketPlayerLeague,on_sale,doubtful,,2026-08-27T22:24:00+02:00,,,
2026-08-27T1037Z,laliga,10520311,2418,Marc Roca,Marc Roca,3,6166557,6031459,1,marketPlayerTeam,on_sale,ok,false,2026-08-29T18:57:36+02:00,,,
2026-08-27T1037Z,laliga,10521397,2603,Ferran Jutglà,Ferran Jutglà,4,9061209,9052978,0,marketPlayerTeam,on_sale,ok,false,2026-08-29T18:57:26+02:00,,,
2026-08-27T1037Z,laliga,10530519,2613,M. Dituro,Matías Dituro,1,9005409,8935717,0,marketPlayerTeam,on_sale,ok,false,2026-08-29T18:58:10+02:00,,,
2026-08-27T1037Z,laliga,11208008,2464,Pepelu,José Luis García Vayá,3,8798357,8205273,1,marketPlayerTeam,on_sale,ok,false,2026-08-28T16:10:17+02:00,,,
2026-08-27T1037Z,laliga,11705725,3129,Carlos Espí,Carlos Espí,4,12745877,12222283,1,marketPlayerTeam,on_sale,ok,false,2026-08-29T20:31:04+02:00,,,
2026-08-27T1037Z,laliga,12717146,3068,Cabrera,Leandro Cabrera,2,12706926,13056116,0,marketPlayerTeam,on_sale,suspended,false,2026-08-29T18:57:57+02:00,,,
2026-08-27T1037Z,laliga,14186359,3069,Blanco,Antonio Blanco,3,15048694,14925372,1,marketPlayerTeam,on_sale,ok,false,2026-08-28T21:15:16+02:00,,,
2026-08-27T1037Z,laliga,14243525,2480,Johnny,Johnny Cardoso,3,4432774,4829184,1,marketPlayerTeam,on_sale,ok,false,2026-08-27T23:42:48+02:00,,,
2026-08-27T1037Z,laliga,14243639,3035,Izan M.,Izan Merino,3,5231301,5290343,1,marketPlayerTeam,on_sale,ok,false,2026-08-29T20:30:59+02:00,,,
2026-08-27T1037Z,laliga,15560007,2415,Llorente ,Diego Llorente,2,11610130,11416419,1,marketPlayerTeam,on_sale,ok,false,2026-08-29T18:57:52+02:00,,,
2026-08-27T1037Z,laliga,16235820,3037,C. Puga,Carlos Puga,2,4934935,4910779,1,marketPlayerTeam,on_sale,ok,false,2026-08-28T07:48:08+02:00,,,
2026-08-27T1037Z,laliga,16872949,2455,Peque,Gerard Fernández Castellano,4,2727726,2626538,1,marketPlayerTeam,on_sale,ok,false,2026-08-28T21:15:25+02:00,,,
2026-08-27T1037Z,laliga,16873147,1031,Comesaña,Santiago Comesaña,3,27180826,28215327,1,marketPlayerTeam,on_sale,ok,false,2026-08-28T21:15:21+02:00,,,
2026-08-27T1037Z,laliga,18807368,2386,Nteka,Randy Nteka,4,1343982,1302066,1,marketPlayerTeam,on_sale,ok,false,2026-08-27T22:27:08+02:00,,,
2026-08-27T1037Z,laliga,18807459,2746,Miguel Sierra,Miguel Sierra,4,1137927,991388,1,marketPlayerTeam,on_sale,ok,false,2026-08-27T22:27:12+02:00,,,
2026-08-27T1037Z,laliga,19387347,2639,M. Román,Miguel Román,3,5395813,5191190,1,marketPlayerTeam,on_sale,ok,false,2026-08-28T16:10:25+02:00,,,
2026-08-27T1037Z,laliga,19387985,2390,Starfelt,Carl Starfelt,2,12362328,12971138,1,marketPlayerTeam,on_sale,ok,false,2026-08-28T16:11:10+02:00,,,
2026-08-27T1037Z,laliga,20358345,3036,Dani Lorenzo,Dani Lorenzo,3,9796315,9585403,1,marketPlayerTeam,on_sale,ok,false,2026-08-29T18:57:42+02:00,,,
2026-08-27T1037Z,laliga,20358414,3151,Buonanotte,Facundo Buonanotte,3,5379677,5480720,1,marketPlayerTeam,on_sale,ok,false,2026-08-29T18:57:48+02:00,,,
2026-08-27T1037Z,laliga,20430220,3109,Leo Román,Leo Román,1,40248325,40296105,1,marketPlayerTeam,on_sale,ok,false,2026-08-29T20:30:41+02:00,,,
2026-08-27T1037Z,laliga,20430568,927,Berenguer,Alejandro Berenguer Remiro,4,8034315,8134187,1,marketPlayerTeam,on_sale,ok,false,2026-08-29T20:31:12+02:00,,,
2026-08-27T1037Z,laliga,20567509,3142,Angeliño,José Ángel Esmoris Tasende,2,13117117,13430321,0,marketPlayerTeam,on_sale,ok,false,2026-08-29T22:50:59+02:00,,,
2026-08-27T1618Z,laliga,103432911,1849,Iñigo Perez,Iñigo Pérez,5,1641712,1693546,0,marketPlayerLeague,on_sale,ok,,2026-08-27T22:24:00+02:00,,,
2026-08-27T1618Z,laliga,103432914,3086,Moleiro,Alberto Moleiro,3,59125550,59911108,1,marketPlayerLeague,on_sale,ok,,2026-08-27T22:24:00+02:00,,,
2026-08-27T1618Z,laliga,103432917,3198,Tsitaishvili,Giorgi Tsitaishvili,4,2262662,2327354,0,marketPlayerLeague,on_sale,ok,,2026-08-27T22:24:00+02:00,,,
2026-08-27T1618Z,laliga,103432921,2771,Mikautadze,Georges Mikautadze,4,71083800,69648856,0,marketPlayerLeague,on_sale,ok,,2026-08-27T22:24:00+02:00,,,
2026-08-27T1618Z,laliga,103432929,3113,Tenés,Sergi Canós,4,456287,458729,0,marketPlayerLeague,on_sale,injured,,2026-08-27T22:24:00+02:00,,,
2026-08-27T1618Z,laliga,103432934,2372,Herrera,Yangel Herrera,3,3435241,3323385,0,marketPlayerLeague,on_sale,ok,,2026-08-27T22:24:00+02:00,,,
2026-08-27T1618Z,laliga,103432941,2938,Koski,Ville Koski,2,2122356,1989948,0,marketPlayerLeague,on_sale,ok,,2026-08-27T22:24:00+02:00,,,
2026-08-27T1618Z,laliga,103432948,3139,Pedro Felipe,Pedro Felipe de Jesus Gomes,2,1873420,1925152,0,marketPlayerLeague,on_sale,doubtful,,2026-08-27T22:24:00+02:00,,,
2026-08-27T1618Z,laliga,103432952,2556,Buchanan,Tajon Buchanan,3,15472572,15608833,0,marketPlayerLeague,on_sale,ok,,2026-08-27T22:24:00+02:00,,,
2026-08-27T1618Z,laliga,103432962,2355,Kounde,Jules Koundé,2,37047578,37772296,0,marketPlayerLeague,on_sale,ok,,2026-08-27T22:24:00+02:00,,,
2026-08-27T1618Z,laliga,103432971,3114,Hjulmand,Morten Hjulmand,3,30848858,31611099,0,marketPlayerLeague,on_sale,ok,,2026-08-27T22:24:00+02:00,,,
2026-08-27T1618Z,laliga,103432977,3180,Alonso,Iván Alonso,4,499635,503883,0,marketPlayerLeague,on_sale,ok,,2026-08-27T22:24:00+02:00,,,
2026-08-27T1618Z,laliga,103432985,3117,Vargas,Rubén Vargas,4,19196561,19788532,0,marketPlayerLeague,on_sale,doubtful,,2026-08-27T22:24:00+02:00,,,
2026-08-27T1618Z,laliga,10520311,2418,Marc Roca,Marc Roca,3,6166557,6031459,1,marketPlayerTeam,on_sale,ok,false,2026-08-29T18:57:36+02:00,,,
2026-08-27T1618Z,laliga,10521397,2603,Ferran Jutglà,Ferran Jutglà,4,9061209,9052978,0,marketPlayerTeam,on_sale,ok,false,2026-08-29T18:57:26+02:00,,,
2026-08-27T1618Z,laliga,10530519,2613,M. Dituro,Matías Dituro,1,9005409,8935717,0,marketPlayerTeam,on_sale,ok,false,2026-08-29T18:58:10+02:00,,,
2026-08-27T1618Z,laliga,11208008,2464,Pepelu,José Luis García Vayá,3,8798357,8205273,1,marketPlayerTeam,on_sale,ok,false,2026-08-28T16:10:17+02:00,,,
2026-08-27T1618Z,laliga,11705725,3129,Carlos Espí,Carlos Espí,4,12745877,12222283,1,marketPlayerTeam,on_sale,ok,false,2026-08-29T20:31:04+02:00,,,
2026-08-27T1618Z,laliga,12717146,3068,Cabrera,Leandro Cabrera,2,12706926,13056116,0,marketPlayerTeam,on_sale,suspended,false,2026-08-29T18:57:57+02:00,,,
2026-08-27T1618Z,laliga,14186359,3069,Blanco,Antonio Blanco,3,15048694,14925372,1,marketPlayerTeam,on_sale,ok,false,2026-08-28T21:15:16+02:00,,,
2026-08-27T1618Z,laliga,14243525,2480,Johnny,Johnny Cardoso,3,4432774,4829184,1,marketPlayerTeam,on_sale,ok,false,2026-08-27T23:42:48+02:00,,,
2026-08-27T1618Z,laliga,14243639,3035,Izan M.,Izan Merino,3,5231301,5290343,1,marketPlayerTeam,on_sale,ok,false,2026-08-29T20:30:59+02:00,,,
2026-08-27T1618Z,laliga,15560007,2415,Llorente ,Diego Llorente,2,11610130,11416419,1,marketPlayerTeam,on_sale,ok,false,2026-08-29T18:57:52+02:00,,,
2026-08-27T1618Z,laliga,16235820,3037,C. Puga,Carlos Puga,2,4934935,4910779,1,marketPlayerTeam,on_sale,ok,false,2026-08-28T07:48:08+02:00,,,
2026-08-27T1618Z,laliga,16872949,2455,Peque,Gerard Fernández Castellano,4,2727726,2626538,1,marketPlayerTeam,on_sale,ok,false,2026-08-28T21:15:25+02:00,,,
2026-08-27T1618Z,laliga,16873147,1031,Comesaña,Santiago Comesaña,3,27180826,28215327,1,marketPlayerTeam,on_sale,ok,false,2026-08-28T21:15:21+02:00,,,
2026-08-27T1618Z,laliga,18807368,2386,Nteka,Randy Nteka,4,1343982,1302066,1,marketPlayerTeam,on_sale,ok,false,2026-08-27T22:27:08+02:00,,,
2026-08-27T1618Z,laliga,18807459,2746,Miguel Sierra,Miguel Sierra,4,1137927,991388,1,marketPlayerTeam,on_sale,ok,false,2026-08-27T22:27:12+02:00,,,
2026-08-27T1618Z,laliga,19387347,2639,M. Román,Miguel Román,3,5395813,5191190,1,marketPlayerTeam,on_sale,ok,false,2026-08-28T16:10:25+02:00,,,
2026-08-27T1618Z,laliga,19387985,2390,Starfelt,Carl Starfelt,2,12362328,12971138,1,marketPlayerTeam,on_sale,ok,false,2026-08-28T16:11:10+02:00,,,
2026-08-27T1618Z,laliga,20358345,3036,Dani Lorenzo,Dani Lorenzo,3,9796315,9585403,1,marketPlayerTeam,on_sale,ok,false,2026-08-29T18:57:42+02:00,,,
2026-08-27T1618Z,laliga,20358414,3151,Buonanotte,Facundo Buonanotte,3,5379677,5480720,1,marketPlayerTeam,on_sale,ok,false,2026-08-29T18:57:48+02:00,,,
2026-08-27T1618Z,laliga,20430220,3109,Leo Román,Leo Román,1,40248325,40296105,1,marketPlayerTeam,on_sale,ok,false,2026-08-29T20:30:41+02:00,,,
2026-08-27T1618Z,laliga,20430568,927,Berenguer,Alejandro Berenguer Remiro,4,8034315,8134187,1,marketPlayerTeam,on_sale,ok,false,2026-08-29T20:31:12+02:00,,,
2026-08-27T1618Z,laliga,20567509,3142,Angeliño,José Ángel Esmoris Tasende,2,13117117,13430321,0,marketPlayerTeam,on_sale,ok,false,2026-08-29T22:50:59+02:00,,,
2026-08-27T2137Z,laliga,108427677,2638,Manolo González,José Manuel González Álvarez,5,853653,853653,0,marketPlayerLeague,on_sale,ok,,2026-08-28T22:24:00+02:00,,,
2026-08-27T2137Z,laliga,108427678,2951,Sánchez Flores,Enrique Sánchez Flores,5,685026,685026,0,marketPlayerLeague,on_sale,ok,,2026-08-28T22:24:00+02:00,,,
2026-08-27T2137Z,laliga,108427679,2846,Arguibide,Iñigo Arguibide,2,615885,615885,0,marketPlayerLeague,on_sale,ok,,2026-08-28T22:24:00+02:00,,,
2026-08-27T2137Z,laliga,108427680,3213,Johaneko,Johaneko Louis-Jean,2,1235533,1235533,0,marketPlayerLeague,on_sale,ok,,2026-08-28T22:24:00+02:00,,,
2026-08-27T2137Z,laliga,108427681,2429,Fran García,Fran García,2,13019728,13019728,0,marketPlayerLeague,on_sale,ok,,2026-08-28T22:24:00+02:00,,,
2026-08-27T2137Z,laliga,108427682,2834,Beitia,Luken Beitia,2,483847,483847,0,marketPlayerLeague,on_sale,ok,,2026-08-28T22:24:00+02:00,,,
2026-08-27T2137Z,laliga,108427683,2303,I. Romero,Iván Romero,4,6314571,6314571,0,marketPlayerLeague,on_sale,ok,,2026-08-28T22:24:00+02:00,,,
2026-08-27T2137Z,laliga,108427684,2419,Aitor Ruibal,Aitor Ruibal,4,1639398,1639398,0,marketPlayerLeague,on_sale,injured,,2026-08-28T22:24:00+02:00,,,
2026-08-27T2137Z,laliga,108427685,2488,B. Mayoral,Borja Mayoral,4,2384205,2384205,0,marketPlayerLeague,on_sale,ok,,2026-08-28T22:24:00+02:00,,,
2026-08-27T2137Z,laliga,108427686,2955,Ochieng,Job Ochieng,4,625874,625874,0,marketPlayerLeague,on_sale,ok,,2026-08-28T22:24:00+02:00,,,
2026-08-27T2137Z,laliga,108427687,3057,Carlos Lopez,Carlos López,1,386654,386654,0,marketPlayerLeague,on_sale,ok,,2026-08-28T22:24:00+02:00,,,
2026-08-27T2137Z,laliga,108427688,274,Remiro,Alejandro Remiro Gargallo,1,39803869,39803869,0,marketPlayerLeague,on_sale,ok,,2026-08-28T22:24:00+02:00,,,
2026-08-27T2137Z,laliga,108427689,2930,Nuñez,Unai Núñez,2,6492821,6492821,0,marketPlayerLeague,on_sale,ok,,2026-08-28T22:24:00+02:00,,,
2026-08-27T2137Z,laliga,10520311,2418,Marc Roca,Marc Roca,3,6167022,6031459,1,marketPlayerTeam,on_sale,ok,false,2026-08-29T18:57:36+02:00,,,
2026-08-27T2137Z,laliga,10521397,2603,Ferran Jutglà,Ferran Jutglà,4,9060414,9052978,1,marketPlayerTeam,on_sale,ok,false,2026-08-29T18:57:26+02:00,,,
2026-08-27T2137Z,laliga,10530519,2613,M. Dituro,Matías Dituro,1,9004091,8935717,1,marketPlayerTeam,on_sale,ok,false,2026-08-29T18:58:10+02:00,,,
2026-08-27T2137Z,laliga,11208008,2464,Pepelu,José Luis García Vayá,3,8796334,8205273,1,marketPlayerTeam,on_sale,ok,false,2026-08-28T16:10:17+02:00,,,
2026-08-27T2137Z,laliga,11705725,3129,Carlos Espí,Carlos Espí,4,12743103,12222283,1,marketPlayerTeam,on_sale,ok,false,2026-08-29T20:31:04+02:00,,,
2026-08-27T2137Z,laliga,12717146,3068,Cabrera,Leandro Cabrera,2,12706522,13056116,1,marketPlayerTeam,on_sale,suspended,false,2026-08-29T18:57:57+02:00,,,
2026-08-27T2137Z,laliga,14186359,3069,Blanco,Antonio Blanco,3,15048983,14925372,1,marketPlayerTeam,on_sale,ok,false,2026-08-28T21:15:16+02:00,,,
2026-08-27T2137Z,laliga,14243639,3035,Izan M.,Izan Merino,3,5230973,5290343,1,marketPlayerTeam,on_sale,ok,false,2026-08-29T20:30:59+02:00,,,
2026-08-27T2137Z,laliga,15560007,2415,Llorente ,Diego Llorente,2,11608734,11416419,1,marketPlayerTeam,on_sale,ok,false,2026-08-29T18:57:52+02:00,,,
2026-08-27T2137Z,laliga,16235820,3037,C. Puga,Carlos Puga,2,4934808,4910779,1,marketPlayerTeam,on_sale,ok,false,2026-08-28T07:48:08+02:00,,,
2026-08-27T2137Z,laliga,16872949,2455,Peque,Gerard Fernández Castellano,4,2727386,2626538,1,marketPlayerTeam,on_sale,ok,false,2026-08-28T21:15:25+02:00,,,
2026-08-27T2137Z,laliga,16873147,1031,Comesaña,Santiago Comesaña,3,27179526,28215327,1,marketPlayerTeam,on_sale,ok,false,2026-08-28T21:15:21+02:00,,,
2026-08-27T2137Z,laliga,19387347,2639,M. Román,Miguel Román,3,5395741,5191190,1,marketPlayerTeam,on_sale,ok,false,2026-08-28T16:10:25+02:00,,,
2026-08-27T2137Z,laliga,19387985,2390,Starfelt,Carl Starfelt,2,12361864,12971138,1,marketPlayerTeam,on_sale,ok,false,2026-08-28T16:11:10+02:00,,,
2026-08-27T2137Z,laliga,20358345,3036,Dani Lorenzo,Dani Lorenzo,3,9793526,9585403,1,marketPlayerTeam,on_sale,ok,false,2026-08-29T18:57:42+02:00,,,
2026-08-27T2137Z,laliga,20358414,3151,Buonanotte,Facundo Buonanotte,3,5379423,5480720,1,marketPlayerTeam,on_sale,ok,false,2026-08-29T18:57:48+02:00,,,
2026-08-27T2137Z,laliga,20430568,927,Berenguer,Alejandro Berenguer Remiro,4,8033831,8134187,1,marketPlayerTeam,on_sale,ok,false,2026-08-29T20:31:12+02:00,,,
2026-08-27T2137Z,laliga,20567509,3142,Angeliño,José Ángel Esmoris Tasende,2,13117348,13430321,1,marketPlayerTeam,on_sale,ok,false,2026-08-29T22:50:59+02:00,,,
2026-08-27T2137Z,laliga,21227419,2759,Vlachodimos,Odysseas Vlachodimos,1,24012084,24012084,1,marketPlayerTeam,on_sale,ok,false,2026-08-30T19:48:40+02:00,,,
2026-08-27T2137Z,laliga,21227596,3078,T. Martínez,Toni Martínez,4,28180412,28180412,1,marketPlayerTeam,on_sale,ok,false,2026-08-30T19:48:53+02:00,,,
2026-08-27T2137Z,laliga,21227676,3073,Andrés Martín,Andrés Martín,4,21774130,21774130,1,marketPlayerTeam,on_sale,ok,false,2026-08-30T19:49:01+02:00,,,
2026-08-27T2245Z,laliga,108427677,2638,Manolo González,José Manuel González Álvarez,5,835080,853653,0,marketPlayerLeague,on_sale,ok,,2026-08-28T22:24:00+02:00,,,
2026-08-27T2245Z,laliga,108427678,2951,Sánchez Flores,Enrique Sánchez Flores,5,673198,685026,0,marketPlayerLeague,on_sale,ok,,2026-08-28T22:24:00+02:00,,,
2026-08-27T2245Z,laliga,108427679,2846,Arguibide,Iñigo Arguibide,2,666816,615885,0,marketPlayerLeague,on_sale,ok,,2026-08-28T22:24:00+02:00,,,
2026-08-27T2245Z,laliga,108427680,3213,Johaneko,Johaneko Louis-Jean,2,1206191,1235533,0,marketPlayerLeague,on_sale,ok,,2026-08-28T22:24:00+02:00,,,
2026-08-27T2245Z,laliga,108427681,2429,Fran García,Fran García,2,13718326,13019728,0,marketPlayerLeague,on_sale,ok,,2026-08-28T22:24:00+02:00,,,
2026-08-27T2245Z,laliga,108427682,2834,Beitia,Luken Beitia,2,480066,483847,0,marketPlayerLeague,on_sale,ok,,2026-08-28T22:24:00+02:00,,,
2026-08-27T2245Z,laliga,108427683,2303,I. Romero,Iván Romero,4,6235446,6314571,0,marketPlayerLeague,on_sale,ok,,2026-08-28T22:24:00+02:00,,,
2026-08-27T2245Z,laliga,108427684,2419,Aitor Ruibal,Aitor Ruibal,4,1590803,1639398,0,marketPlayerLeague,on_sale,injured,,2026-08-28T22:24:00+02:00,,,
2026-08-27T2245Z,laliga,108427685,2488,B. Mayoral,Borja Mayoral,4,2336342,2384205,0,marketPlayerLeague,on_sale,ok,,2026-08-28T22:24:00+02:00,,,
2026-08-27T2245Z,laliga,108427686,2955,Ochieng,Job Ochieng,4,617449,625874,0,marketPlayerLeague,on_sale,ok,,2026-08-28T22:24:00+02:00,,,
2026-08-27T2245Z,laliga,108427687,3057,Carlos Lopez,Carlos López,1,386761,386654,0,marketPlayerLeague,on_sale,ok,,2026-08-28T22:24:00+02:00,,,
2026-08-27T2245Z,laliga,108427688,274,Remiro,Alejandro Remiro Gargallo,1,39715601,39803869,0,marketPlayerLeague,on_sale,ok,,2026-08-28T22:24:00+02:00,,,
2026-08-27T2245Z,laliga,108427689,2930,Nuñez,Unai Núñez,2,6771994,6492821,0,marketPlayerLeague,on_sale,ok,,2026-08-28T22:24:00+02:00,,,
2026-08-27T2245Z,laliga,10520311,2418,Marc Roca,Marc Roca,3,6308485,6031459,1,marketPlayerTeam,on_sale,ok,false,2026-08-29T18:57:36+02:00,,,
2026-08-27T2245Z,laliga,10521397,2603,Ferran Jutglà,Ferran Jutglà,4,8966284,9052978,1,marketPlayerTeam,on_sale,ok,false,2026-08-29T18:57:26+02:00,,,
2026-08-27T2245Z,laliga,10530519,2613,M. Dituro,Matías Dituro,1,9030981,8935717,1,marketPlayerTeam,on_sale,ok,false,2026-08-29T18:58:10+02:00,,,
2026-08-27T2245Z,laliga,11208008,2464,Pepelu,José Luis García Vayá,3,9147985,8205273,1,marketPlayerTeam,on_sale,ok,false,2026-08-28T16:10:17+02:00,,,
2026-08-27T2245Z,laliga,11705725,3129,Carlos Espí,Carlos Espí,4,13088371,12222283,1,marketPlayerTeam,on_sale,ok,false,2026-08-29T20:31:04+02:00,,,
2026-08-27T2245Z,laliga,12717146,3068,Cabrera,Leandro Cabrera,2,12350260,13056116,1,marketPlayerTeam,on_sale,suspended,false,2026-08-29T18:57:57+02:00,,,
2026-08-27T2245Z,laliga,14186359,3069,Blanco,Antonio Blanco,3,15080580,14925372,1,marketPlayerTeam,on_sale,ok,false,2026-08-28T21:15:16+02:00,,,
2026-08-27T2245Z,laliga,14243639,3035,Izan M.,Izan Merino,3,5183895,5290343,1,marketPlayerTeam,on_sale,ok,false,2026-08-29T20:30:59+02:00,,,
2026-08-27T2245Z,laliga,15560007,2415,Llorente ,Diego Llorente,2,11837604,11416419,1,marketPlayerTeam,on_sale,ok,false,2026-08-29T18:57:52+02:00,,,
2026-08-27T2245Z,laliga,16235820,3037,C. Puga,Carlos Puga,2,4962087,4910779,1,marketPlayerTeam,on_sale,ok,false,2026-08-28T07:48:08+02:00,,,
2026-08-27T2245Z,laliga,16872949,2455,Peque,Gerard Fernández Castellano,4,2762272,2626538,1,marketPlayerTeam,on_sale,ok,false,2026-08-28T21:15:25+02:00,,,
2026-08-27T2245Z,laliga,16873147,1031,Comesaña,Santiago Comesaña,3,26713343,28215327,1,marketPlayerTeam,on_sale,ok,false,2026-08-28T21:15:21+02:00,,,
2026-08-27T2245Z,laliga,19387347,2639,M. Román,Miguel Román,3,5462983,5191190,1,marketPlayerTeam,on_sale,ok,false,2026-08-28T16:10:25+02:00,,,
2026-08-27T2245Z,laliga,19387985,2390,Starfelt,Carl Starfelt,2,12097243,12971138,1,marketPlayerTeam,on_sale,ok,false,2026-08-28T16:11:10+02:00,,,
2026-08-27T2245Z,laliga,20358345,3036,Dani Lorenzo,Dani Lorenzo,3,9968901,9585403,1,marketPlayerTeam,on_sale,ok,false,2026-08-29T18:57:42+02:00,,,
2026-08-27T2245Z,laliga,20358414,3151,Buonanotte,Facundo Buonanotte,3,5276138,5480720,1,marketPlayerTeam,on_sale,ok,false,2026-08-29T18:57:48+02:00,,,
2026-08-27T2245Z,laliga,20430568,927,Berenguer,Alejandro Berenguer Remiro,4,7983905,8134187,1,marketPlayerTeam,on_sale,ok,false,2026-08-29T20:31:12+02:00,,,
2026-08-27T2245Z,laliga,20567509,3142,Angeliño,José Ángel Esmoris Tasende,2,12828689,13430321,1,marketPlayerTeam,on_sale,ok,false,2026-08-29T22:50:59+02:00,,,
2026-08-27T2245Z,laliga,21227419,2759,Vlachodimos,Odysseas Vlachodimos,1,24557711,24012084,1,marketPlayerTeam,on_sale,ok,false,2026-08-30T19:48:40+02:00,,,
2026-08-27T2245Z,laliga,21227596,3078,T. Martínez,Toni Martínez,4,28227292,28180412,1,marketPlayerTeam,on_sale,ok,false,2026-08-30T19:48:53+02:00,,,
2026-08-27T2245Z,laliga,21227676,3073,Andrés Martín,Andrés Martín,4,21903858,21774130,1,marketPlayerTeam,on_sale,ok,false,2026-08-30T19:49:01+02:00,,,
2026-08-27T2245Z,laliga,21438480,2923,Raúl Moro,Raúl Moro,4,13761386,14056847,0,marketPlayerTeam,on_sale,ok,false,2026-08-30T23:39:33+02:00,,,
2026-08-27T2245Z,laliga,21438625,2384,Unai Lopez,Unai López,3,7880581,7716683,0,marketPlayerTeam,on_sale,ok,false,2026-08-30T23:39:42+02:00,,,
2026-08-28T0623Z,laliga,108427677,2638,Manolo González,José Manuel González Álvarez,5,835080,853653,0,marketPlayerLeague,on_sale,ok,,2026-08-28T22:24:00+02:00,,,
2026-08-28T0623Z,laliga,108427678,2951,Sánchez Flores,Enrique Sánchez Flores,5,673198,685026,0,marketPlayerLeague,on_sale,ok,,2026-08-28T22:24:00+02:00,,,
2026-08-28T0623Z,laliga,108427679,2846,Arguibide,Iñigo Arguibide,2,666816,615885,0,marketPlayerLeague,on_sale,ok,,2026-08-28T22:24:00+02:00,,,
2026-08-28T0623Z,laliga,108427680,3213,Johaneko,Johaneko Louis-Jean,2,1206191,1235533,0,marketPlayerLeague,on_sale,ok,,2026-08-28T22:24:00+02:00,,,
2026-08-28T0623Z,laliga,108427681,2429,Fran García,Fran García,2,13718326,13019728,1,marketPlayerLeague,on_sale,ok,,2026-08-28T22:24:00+02:00,,,
2026-08-28T0623Z,laliga,108427682,2834,Beitia,Luken Beitia,2,480066,483847,0,marketPlayerLeague,on_sale,ok,,2026-08-28T22:24:00+02:00,,,
2026-08-28T0623Z,laliga,108427683,2303,I. Romero,Iván Romero,4,6235446,6314571,0,marketPlayerLeague,on_sale,ok,,2026-08-28T22:24:00+02:00,,,
2026-08-28T0623Z,laliga,108427684,2419,Aitor Ruibal,Aitor Ruibal,4,1590803,1639398,0,marketPlayerLeague,on_sale,injured,,2026-08-28T22:24:00+02:00,,,
2026-08-28T0623Z,laliga,108427685,2488,B. Mayoral,Borja Mayoral,4,2336342,2384205,0,marketPlayerLeague,on_sale,ok,,2026-08-28T22:24:00+02:00,,,
2026-08-28T0623Z,laliga,108427686,2955,Ochieng,Job Ochieng,4,617449,625874,0,marketPlayerLeague,on_sale,ok,,2026-08-28T22:24:00+02:00,,,
2026-08-28T0623Z,laliga,108427687,3057,Carlos Lopez,Carlos López,1,386761,386654,0,marketPlayerLeague,on_sale,ok,,2026-08-28T22:24:00+02:00,,,
2026-08-28T0623Z,laliga,108427688,274,Remiro,Alejandro Remiro Gargallo,1,39715601,39803869,0,marketPlayerLeague,on_sale,ok,,2026-08-28T22:24:00+02:00,,,
2026-08-28T0623Z,laliga,108427689,2930,Nuñez,Unai Núñez,2,6771994,6492821,0,marketPlayerLeague,on_sale,ok,,2026-08-28T22:24:00+02:00,,,
2026-08-28T0623Z,laliga,10520311,2418,Marc Roca,Marc Roca,3,6308485,6031459,1,marketPlayerTeam,on_sale,ok,false,2026-08-29T18:57:36+02:00,,,
2026-08-28T0623Z,laliga,10521397,2603,Ferran Jutglà,Ferran Jutglà,4,8966284,9052978,1,marketPlayerTeam,on_sale,ok,false,2026-08-29T18:57:26+02:00,,,
2026-08-28T0623Z,laliga,10530519,2613,M. Dituro,Matías Dituro,1,9030981,8935717,1,marketPlayerTeam,on_sale,ok,false,2026-08-29T18:58:10+02:00,,,
2026-08-28T0623Z,laliga,11208008,2464,Pepelu,José Luis García Vayá,3,9147985,8205273,1,marketPlayerTeam,on_sale,ok,false,2026-08-28T16:10:17+02:00,,,
2026-08-28T0623Z,laliga,11705725,3129,Carlos Espí,Carlos Espí,4,13088371,12222283,1,marketPlayerTeam,on_sale,ok,false,2026-08-29T20:31:04+02:00,,,
2026-08-28T0623Z,laliga,12717146,3068,Cabrera,Leandro Cabrera,2,12350260,13056116,1,marketPlayerTeam,on_sale,suspended,false,2026-08-29T18:57:57+02:00,,,
2026-08-28T0623Z,laliga,14243639,3035,Izan M.,Izan Merino,3,5183895,5290343,1,marketPlayerTeam,on_sale,ok,false,2026-08-29T20:30:59+02:00,,,
2026-08-28T0623Z,laliga,15560007,2415,Llorente ,Diego Llorente,2,11837604,11416419,1,marketPlayerTeam,on_sale,ok,false,2026-08-29T18:57:52+02:00,,,
2026-08-28T0623Z,laliga,19387347,2639,M. Román,Miguel Román,3,5462983,5191190,1,marketPlayerTeam,on_sale,ok,false,2026-08-28T16:10:25+02:00,,,
2026-08-28T0623Z,laliga,19387985,2390,Starfelt,Carl Starfelt,2,12097243,12971138,1,marketPlayerTeam,on_sale,ok,false,2026-08-28T16:11:10+02:00,,,
2026-08-28T0623Z,laliga,20358345,3036,Dani Lorenzo,Dani Lorenzo,3,9968901,9585403,1,marketPlayerTeam,on_sale,ok,false,2026-08-29T18:57:42+02:00,,,
2026-08-28T0623Z,laliga,20358414,3151,Buonanotte,Facundo Buonanotte,3,5276138,5480720,1,marketPlayerTeam,on_sale,ok,false,2026-08-29T18:57:48+02:00,,,
2026-08-28T0623Z,laliga,20430568,927,Berenguer,Alejandro Berenguer Remiro,4,7983905,8134187,1,marketPlayerTeam,on_sale,ok,false,2026-08-29T20:31:12+02:00,,,
2026-08-28T0623Z,laliga,20567509,3142,Angeliño,José Ángel Esmoris Tasende,2,12828689,13430321,1,marketPlayerTeam,on_sale,ok,false,2026-08-29T22:50:59+02:00,,,
2026-08-28T0623Z,laliga,21227419,2759,Vlachodimos,Odysseas Vlachodimos,1,24557711,24012084,1,marketPlayerTeam,on_sale,ok,false,2026-08-30T19:48:40+02:00,,,
2026-08-28T0623Z,laliga,21227596,3078,T. Martínez,Toni Martínez,4,28227292,28180412,1,marketPlayerTeam,on_sale,ok,false,2026-08-30T19:48:53+02:00,,,
2026-08-28T0623Z,laliga,21227676,3073,Andrés Martín,Andrés Martín,4,21903858,21774130,1,marketPlayerTeam,on_sale,ok,false,2026-08-30T19:49:01+02:00,,,
2026-08-28T0623Z,laliga,21438480,2923,Raúl Moro,Raúl Moro,4,13761386,14056847,0,marketPlayerTeam,on_sale,ok,false,2026-08-30T23:39:33+02:00,,,
2026-08-28T0623Z,laliga,21438625,2384,Unai Lopez,Unai López,3,7880581,7716683,0,marketPlayerTeam,on_sale,ok,false,2026-08-30T23:39:42+02:00,,,
2026-08-28T2155Z,laliga,113477906,3093,Mourinho,José Mário dos Santos Mourinho Félix,5,9316321,9316321,0,marketPlayerLeague,on_sale,ok,,2026-08-29T22:24:00+02:00,,,
2026-08-28T2155Z,laliga,113477907,2877,Luís Castro,Luís Manuel Ferreira de Castro,5,924260,924260,0,marketPlayerLeague,on_sale,ok,,2026-08-29T22:24:00+02:00,,,
2026-08-28T2155Z,laliga,113477908,3044,Dotor,Carlos Dotor,3,4073848,4073848,0,marketPlayerLeague,on_sale,ok,,2026-08-29T22:24:00+02:00,,,
2026-08-28T2155Z,laliga,113477910,680,Moi Gómez,Moi Gómez,3,1861155,1861155,0,marketPlayerLeague,on_sale,ok,,2026-08-29T22:24:00+02:00,,,
2026-08-28T2155Z,laliga,113477912,3107,Konaté,Ibrahima Konaté,2,50114831,50114831,0,marketPlayerLeague,on_sale,ok,,2026-08-29T22:24:00+02:00,,,
2026-08-28T2155Z,laliga,113477915,2999,Mantilla,Álvaro Mantilla,2,2300305,2300305,0,marketPlayerLeague,on_sale,ok,,2026-08-29T22:24:00+02:00,,,
2026-08-28T2155Z,laliga,113477917,3190,Ali Houary,Ali Houary,4,1777400,1777400,0,marketPlayerLeague,on_sale,ok,,2026-08-29T22:24:00+02:00,,,
2026-08-28T2155Z,laliga,113477919,2680,A. Castrín,Andrés Castrín,2,3851163,3851163,0,marketPlayerLeague,on_sale,ok,,2026-08-29T22:24:00+02:00,,,
2026-08-28T2155Z,laliga,113477922,2853,Nordin Al-Lal,Nordin Al Lal,4,460079,460079,0,marketPlayerLeague,on_sale,ok,,2026-08-29T22:24:00+02:00,,,
2026-08-28T2155Z,laliga,113477926,2888,Cestero,Jorge Cestero,3,561718,561718,0,marketPlayerLeague,on_sale,ok,,2026-08-29T22:24:00+02:00,,,
2026-08-28T2155Z,laliga,113477929,3116,Bernardo Silva,Bernardo Mota Veiga de Carvalho e Silva,3,59693929,59693929,0,marketPlayerLeague,on_sale,ok,,2026-08-29T22:24:00+02:00,,,
2026-08-28T2155Z,laliga,113477931,2529,Rubén S.,Rubén Sánchez,3,430428,430428,0,marketPlayerLeague,on_sale,ok,,2026-08-29T22:24:00+02:00,,,
2026-08-28T2155Z,laliga,113477934,2294,R.P. Bigas,Pedro Bigas,2,3669023,3669023,0,marketPlayerLeague,on_sale,ok,,2026-08-29T22:24:00+02:00,,,
2026-08-28T2155Z,laliga,10520311,2418,Marc Roca,Marc Roca,3,6306010,6031459,1,marketPlayerTeam,on_sale,ok,false,2026-08-29T18:57:36+02:00,,,
2026-08-28T2155Z,laliga,10530519,2613,M. Dituro,Matías Dituro,1,9028513,8935717,1,marketPlayerTeam,on_sale,ok,false,2026-08-29T18:58:10+02:00,,,
2026-08-28T2155Z,laliga,11705725,3129,Carlos Espí,Carlos Espí,4,13084339,12222283,1,marketPlayerTeam,on_sale,ok,false,2026-08-29T20:31:04+02:00,,,
2026-08-28T2155Z,laliga,12717146,3068,Cabrera,Leandro Cabrera,2,12349291,13056116,1,marketPlayerTeam,on_sale,suspended,false,2026-08-29T18:57:57+02:00,,,
2026-08-28T2155Z,laliga,14186088,2315,Paredes,Aitor Paredes,2,7069258,7072857,1,marketPlayerTeam,on_sale,ok,false,2026-08-31T12:32:21+02:00,,,
2026-08-28T2155Z,laliga,14186254,2474,Denis Suárez,Denis Suárez,3,2540126,2540822,1,marketPlayerTeam,on_sale,ok,false,2026-08-31T12:32:34+02:00,,,
2026-08-28T2155Z,laliga,14243639,3035,Izan M.,Izan Merino,3,5182814,5290343,1,marketPlayerTeam,on_sale,ok,false,2026-08-29T20:30:59+02:00,,,
2026-08-28T2155Z,laliga,15560007,2415,Llorente ,Diego Llorente,2,11833184,11416419,1,marketPlayerTeam,on_sale,ok,false,2026-08-29T18:57:52+02:00,,,
2026-08-28T2155Z,laliga,16235820,3037,C. Puga,Carlos Puga,2,4960592,4962087,1,marketPlayerTeam,on_sale,ok,false,2026-08-31T12:32:18+02:00,,,
2026-08-28T2155Z,laliga,18807368,2386,Nteka,Randy Nteka,4,1351274,1351667,1,marketPlayerTeam,on_sale,ok,false,2026-08-31T12:32:50+02:00,,,
2026-08-28T2155Z,laliga,18807459,2746,Miguel Sierra,Miguel Sierra,4,1189292,1189929,1,marketPlayerTeam,on_sale,ok,false,2026-08-31T12:32:43+02:00,,,
2026-08-28T2155Z,laliga,20358345,3036,Dani Lorenzo,Dani Lorenzo,3,9966466,9585403,1,marketPlayerTeam,on_sale,ok,false,2026-08-29T18:57:42+02:00,,,
2026-08-28T2155Z,laliga,20358414,3151,Buonanotte,Facundo Buonanotte,3,5275410,5480720,1,marketPlayerTeam,on_sale,ok,false,2026-08-29T18:57:48+02:00,,,
2026-08-28T2155Z,laliga,20430568,927,Berenguer,Alejandro Berenguer Remiro,4,7982175,8134187,1,marketPlayerTeam,on_sale,ok,false,2026-08-29T20:31:12+02:00,,,
2026-08-28T2155Z,laliga,21227419,2759,Vlachodimos,Odysseas Vlachodimos,1,24548108,24012084,1,marketPlayerTeam,on_sale,ok,false,2026-08-30T19:48:40+02:00,,,
2026-08-28T2155Z,laliga,21227596,3078,T. Martínez,Toni Martínez,4,28219806,28180412,1,marketPlayerTeam,on_sale,doubtful,false,2026-08-30T19:48:53+02:00,,,
2026-08-28T2155Z,laliga,21227676,3073,Andrés Martín,Andrés Martín,4,21898407,21774130,1,marketPlayerTeam,on_sale,injured,false,2026-08-30T19:49:01+02:00,,,
2026-08-28T2155Z,laliga,21438480,2923,Raúl Moro,Raúl Moro,4,13759631,14056847,1,marketPlayerTeam,on_sale,ok,false,2026-08-30T23:39:33+02:00,,,
2026-08-28T2155Z,laliga,21438625,2384,Unai Lopez,Unai López,3,7877568,7716683,1,marketPlayerTeam,on_sale,ok,false,2026-08-30T23:39:42+02:00,,,
2026-08-28T2155Z,laliga,21675028,3069,Blanco,Antonio Blanco,3,15076323,15080580,1,marketPlayerTeam,on_sale,ok,false,2026-08-31T12:32:30+02:00,,,
2026-08-28T2155Z,laliga,21675095,1031,Comesaña,Santiago Comesaña,3,26709279,26713343,1,marketPlayerTeam,on_sale,ok,false,2026-08-31T12:32:39+02:00,,,
2026-08-28T2155Z,laliga,21675155,2455,Peque,Gerard Fernández Castellano,4,2761290,2762272,1,marketPlayerTeam,on_sale,ok,false,2026-08-31T12:32:47+02:00,,,
2026-08-28T2155Z,laliga,21675206,3105,Cala,Álex Calatrava Torrado,4,5076057,5078547,1,marketPlayerTeam,on_sale,ok,false,2026-08-31T12:32:53+02:00,,,
2026-08-28T2155Z,laliga,22182442,2846,Arguibide,Iñigo Arguibide,2,666327,666327,0,marketPlayerTeam,on_sale,ok,false,2026-08-31T22:26:52+02:00,,,
2026-08-28T2155Z,laliga,22182646,2429,Fran García,Fran García,2,13710368,13710368,0,marketPlayerTeam,on_sale,ok,false,2026-08-31T22:27:06+02:00,,,
2026-08-28T2155Z,laliga,22182963,2930,Nuñez,Unai Núñez,2,6768414,6768414,0,marketPlayerTeam,on_sale,ok,false,2026-08-31T22:27:28+02:00,,,
2026-08-28T2241Z,laliga,113477906,3093,Mourinho,José Mário dos Santos Mourinho Félix,5,9024905,9316321,0,marketPlayerLeague,on_sale,ok,,2026-08-29T22:24:00+02:00,,,
2026-08-28T2241Z,laliga,113477907,2877,Luís Castro,Luís Manuel Ferreira de Castro,5,903542,924260,0,marketPlayerLeague,on_sale,ok,,2026-08-29T22:24:00+02:00,,,
2026-08-28T2241Z,laliga,113477908,3044,Dotor,Carlos Dotor,3,4177749,4073848,0,marketPlayerLeague,on_sale,ok,,2026-08-29T22:24:00+02:00,,,
2026-08-28T2241Z,laliga,113477910,680,Moi Gómez,Moi Gómez,3,1924794,1861155,1,marketPlayerLeague,on_sale,ok,,2026-08-29T22:24:00+02:00,19091617,1861155,pending
2026-08-28T2241Z,laliga,113477912,3107,Konaté,Ibrahima Konaté,2,50899546,50114831,0,marketPlayerLeague,on_sale,ok,,2026-08-29T22:24:00+02:00,,,
2026-08-28T2241Z,laliga,113477915,2999,Mantilla,Álvaro Mantilla,2,2262901,2300305,1,marketPlayerLeague,on_sale,ok,,2026-08-29T22:24:00+02:00,19090953,2300305,pending
2026-08-28T2241Z,laliga,113477917,3190,Ali Houary,Ali Houary,4,1734444,1777400,1,marketPlayerLeague,on_sale,ok,,2026-08-29T22:24:00+02:00,19091193,1777400,pending
2026-08-28T2241Z,laliga,113477919,2680,A. Castrín,Andrés Castrín,2,3851545,3851163,0,marketPlayerLeague,on_sale,ok,,2026-08-29T22:24:00+02:00,,,
2026-08-28T2241Z,laliga,113477922,2853,Nordin Al-Lal,Nordin Al Lal,4,457928,460079,0,marketPlayerLeague,on_sale,ok,,2026-08-29T22:24:00+02:00,,,
2026-08-28T2241Z,laliga,113477926,2888,Cestero,Jorge Cestero,3,555501,561718,0,marketPlayerLeague,on_sale,ok,,2026-08-29T22:24:00+02:00,,,
2026-08-28T2241Z,laliga,113477929,3116,Bernardo Silva,Bernardo Mota Veiga de Carvalho e Silva,3,59031412,59693929,0,marketPlayerLeague,on_sale,ok,,2026-08-29T22:24:00+02:00,,,
2026-08-28T2241Z,laliga,113477931,2529,Rubén S.,Rubén Sánchez,3,429463,430428,0,marketPlayerLeague,on_sale,ok,,2026-08-29T22:24:00+02:00,,,
2026-08-28T2241Z,laliga,113477934,2294,R.P. Bigas,Pedro Bigas,2,3609280,3669023,0,marketPlayerLeague,on_sale,ok,,2026-08-29T22:24:00+02:00,,,
2026-08-28T2241Z,laliga,10520311,2418,Marc Roca,Marc Roca,3,6430739,6031459,1,marketPlayerTeam,on_sale,ok,false,2026-08-29T18:57:36+02:00,,,
2026-08-28T2241Z,laliga,10530519,2613,M. Dituro,Matías Dituro,1,9048474,8935717,1,marketPlayerTeam,on_sale,ok,false,2026-08-29T18:58:10+02:00,,,
2026-08-28T2241Z,laliga,11705725,3129,Carlos Espí,Carlos Espí,4,13491296,12222283,1,marketPlayerTeam,on_sale,ok,false,2026-08-29T20:31:04+02:00,,,
2026-08-28T2241Z,laliga,12717146,3068,Cabrera,Leandro Cabrera,2,12015069,13056116,1,marketPlayerTeam,on_sale,suspended,false,2026-08-29T18:57:57+02:00,,,
2026-08-28T2241Z,laliga,14186088,2315,Paredes,Aitor Paredes,2,7227932,7072857,1,marketPlayerTeam,on_sale,ok,false,2026-08-31T12:32:21+02:00,,,
2026-08-28T2241Z,laliga,14186254,2474,Denis Suárez,Denis Suárez,3,2548753,2540822,1,marketPlayerTeam,on_sale,ok,false,2026-08-31T12:32:34+02:00,,,
2026-08-28T2241Z,laliga,14243639,3035,Izan M.,Izan Merino,3,5128515,5290343,1,marketPlayerTeam,on_sale,ok,false,2026-08-29T20:30:59+02:00,,,
2026-08-28T2241Z,laliga,15560007,2415,Llorente ,Diego Llorente,2,12100106,11416419,1,marketPlayerTeam,on_sale,ok,false,2026-08-29T18:57:52+02:00,,,
2026-08-28T2241Z,laliga,16235820,3037,C. Puga,Carlos Puga,2,4969654,4962087,1,marketPlayerTeam,on_sale,ok,false,2026-08-31T12:32:18+02:00,,,
2026-08-28T2241Z,laliga,18807368,2386,Nteka,Randy Nteka,4,1349506,1351667,1,marketPlayerTeam,on_sale,ok,false,2026-08-31T12:32:50+02:00,,,
2026-08-28T2241Z,laliga,18807459,2746,Miguel Sierra,Miguel Sierra,4,1245738,1189929,1,marketPlayerTeam,on_sale,ok,false,2026-08-31T12:32:43+02:00,,,
2026-08-28T2241Z,laliga,20358345,3036,Dani Lorenzo,Dani Lorenzo,3,10154238,9585403,1,marketPlayerTeam,on_sale,ok,false,2026-08-29T18:57:42+02:00,,,
2026-08-28T2241Z,laliga,20358414,3151,Buonanotte,Facundo Buonanotte,3,5176719,5480720,1,marketPlayerTeam,on_sale,ok,false,2026-08-29T18:57:48+02:00,,,
2026-08-28T2241Z,laliga,20430568,927,Berenguer,Alejandro Berenguer Remiro,4,7879937,8134187,1,marketPlayerTeam,on_sale,ok,false,2026-08-29T20:31:12+02:00,,,
2026-08-28T2241Z,laliga,21227419,2759,Vlachodimos,Odysseas Vlachodimos,1,25075922,24012084,1,marketPlayerTeam,on_sale,ok,false,2026-08-30T19:48:40+02:00,,,
2026-08-28T2241Z,laliga,21227596,3078,T. Martínez,Toni Martínez,4,28235707,28180412,1,marketPlayerTeam,on_sale,doubtful,false,2026-08-30T19:48:53+02:00,,,
2026-08-28T2241Z,laliga,21227676,3073,Andrés Martín,Andrés Martín,4,21891295,21774130,1,marketPlayerTeam,on_sale,injured,false,2026-08-30T19:49:01+02:00,,,
2026-08-28T2241Z,laliga,21438480,2923,Raúl Moro,Raúl Moro,4,13458217,14056847,1,marketPlayerTeam,on_sale,ok,false,2026-08-30T23:39:33+02:00,,,
2026-08-28T2241Z,laliga,21438625,2384,Unai Lopez,Unai López,3,8074090,7716683,1,marketPlayerTeam,on_sale,ok,false,2026-08-30T23:39:42+02:00,,,
2026-08-28T2241Z,laliga,21675028,3069,Blanco,Antonio Blanco,3,15030616,15080580,1,marketPlayerTeam,on_sale,ok,false,2026-08-31T12:32:30+02:00,,,
2026-08-28T2241Z,laliga,21675095,1031,Comesaña,Santiago Comesaña,3,26262988,26713343,1,marketPlayerTeam,on_sale,ok,false,2026-08-31T12:32:39+02:00,,,
2026-08-28T2241Z,laliga,21675155,2455,Peque,Gerard Fernández Castellano,4,2801909,2762272,1,marketPlayerTeam,on_sale,ok,false,2026-08-31T12:32:47+02:00,,,
2026-08-28T2241Z,laliga,21675206,3105,Cala,Álex Calatrava Torrado,4,5292871,5078547,1,marketPlayerTeam,on_sale,ok,false,2026-08-31T12:32:53+02:00,,,
2026-08-28T2241Z,laliga,22182442,2846,Arguibide,Iñigo Arguibide,2,749354,666327,0,marketPlayerTeam,on_sale,ok,false,2026-08-31T22:26:52+02:00,,,
2026-08-28T2241Z,laliga,22182646,2429,Fran García,Fran García,2,14582255,13710368,0,marketPlayerTeam,on_sale,ok,false,2026-08-31T22:27:06+02:00,,,
2026-08-28T2241Z,laliga,22182963,2930,Nuñez,Unai Núñez,2,7002115,6768414,0,marketPlayerTeam,on_sale,ok,false,2026-08-31T22:27:28+02:00,,,
2026-08-29T1159Z,laliga,113477906,3093,Mourinho,José Mário dos Santos Mourinho Félix,5,9024905,9316321,0,marketPlayerLeague,on_sale,ok,,2026-08-29T22:24:00+02:00,,,
2026-08-29T1159Z,laliga,113477907,2877,Luís Castro,Luís Manuel Ferreira de Castro,5,903542,924260,0,marketPlayerLeague,on_sale,ok,,2026-08-29T22:24:00+02:00,,,
2026-08-29T1159Z,laliga,113477908,3044,Dotor,Carlos Dotor,3,4177749,4073848,0,marketPlayerLeague,on_sale,ok,,2026-08-29T22:24:00+02:00,,,
2026-08-29T1159Z,laliga,113477910,680,Moi Gómez,Moi Gómez,3,1924794,1861155,1,marketPlayerLeague,on_sale,ok,,2026-08-29T22:24:00+02:00,19091617,1861155,pending
2026-08-29T1159Z,laliga,113477912,3107,Konaté,Ibrahima Konaté,2,50899546,50114831,0,marketPlayerLeague,on_sale,ok,,2026-08-29T22:24:00+02:00,,,
2026-08-29T1159Z,laliga,113477915,2999,Mantilla,Álvaro Mantilla,2,2262901,2300305,1,marketPlayerLeague,on_sale,ok,,2026-08-29T22:24:00+02:00,19090953,2300305,pending
2026-08-29T1159Z,laliga,113477917,3190,Ali Houary,Ali Houary,4,1734444,1777400,1,marketPlayerLeague,on_sale,ok,,2026-08-29T22:24:00+02:00,19091193,1777400,pending
2026-08-29T1159Z,laliga,113477919,2680,A. Castrín,Andrés Castrín,2,3851545,3851163,0,marketPlayerLeague,on_sale,ok,,2026-08-29T22:24:00+02:00,,,
2026-08-29T1159Z,laliga,113477922,2853,Nordin Al-Lal,Nordin Al Lal,4,457928,460079,0,marketPlayerLeague,on_sale,ok,,2026-08-29T22:24:00+02:00,,,
2026-08-29T1159Z,laliga,113477926,2888,Cestero,Jorge Cestero,3,555501,561718,0,marketPlayerLeague,on_sale,ok,,2026-08-29T22:24:00+02:00,,,
2026-08-29T1159Z,laliga,113477929,3116,Bernardo Silva,Bernardo Mota Veiga de Carvalho e Silva,3,59031412,59693929,0,marketPlayerLeague,on_sale,ok,,2026-08-29T22:24:00+02:00,,,
2026-08-29T1159Z,laliga,113477931,2529,Rubén S.,Rubén Sánchez,3,429463,430428,0,marketPlayerLeague,on_sale,ok,,2026-08-29T22:24:00+02:00,,,
2026-08-29T1159Z,laliga,113477934,2294,R.P. Bigas,Pedro Bigas,2,3609280,3669023,0,marketPlayerLeague,on_sale,ok,,2026-08-29T22:24:00+02:00,,,
2026-08-29T1159Z,laliga,10520311,2418,Marc Roca,Marc Roca,3,6430739,6031459,1,marketPlayerTeam,on_sale,ok,false,2026-08-29T18:57:36+02:00,,,
2026-08-29T1159Z,laliga,10530519,2613,M. Dituro,Matías Dituro,1,9048474,8935717,1,marketPlayerTeam,on_sale,ok,false,2026-08-29T18:58:10+02:00,,,
2026-08-29T1159Z,laliga,11705725,3129,Carlos Espí,Carlos Espí,4,13491296,12222283,1,marketPlayerTeam,on_sale,ok,false,2026-08-29T20:31:04+02:00,,,
2026-08-29T1159Z,laliga,12717146,3068,Cabrera,Leandro Cabrera,2,12015069,13056116,1,marketPlayerTeam,on_sale,suspended,false,2026-08-29T18:57:57+02:00,,,
2026-08-29T1159Z,laliga,14186088,2315,Paredes,Aitor Paredes,2,7227932,7072857,1,marketPlayerTeam,on_sale,ok,false,2026-08-31T12:32:21+02:00,,,
2026-08-29T1159Z,laliga,14186254,2474,Denis Suárez,Denis Suárez,3,2548753,2540822,1,marketPlayerTeam,on_sale,ok,false,2026-08-31T12:32:34+02:00,,,
2026-08-29T1159Z,laliga,14243639,3035,Izan M.,Izan Merino,3,5128515,5290343,1,marketPlayerTeam,on_sale,ok,false,2026-08-29T20:30:59+02:00,,,
2026-08-29T1159Z,laliga,15560007,2415,Llorente ,Diego Llorente,2,12100106,11416419,1,marketPlayerTeam,on_sale,ok,false,2026-08-29T18:57:52+02:00,,,
2026-08-29T1159Z,laliga,16235820,3037,C. Puga,Carlos Puga,2,4969654,4962087,1,marketPlayerTeam,on_sale,ok,false,2026-08-31T12:32:18+02:00,,,
2026-08-29T1159Z,laliga,18807368,2386,Nteka,Randy Nteka,4,1349506,1351667,1,marketPlayerTeam,on_sale,ok,false,2026-08-31T12:32:50+02:00,,,
2026-08-29T1159Z,laliga,18807459,2746,Miguel Sierra,Miguel Sierra,4,1245738,1189929,1,marketPlayerTeam,on_sale,ok,false,2026-08-31T12:32:43+02:00,,,
2026-08-29T1159Z,laliga,20358345,3036,Dani Lorenzo,Dani Lorenzo,3,10154238,9585403,1,marketPlayerTeam,on_sale,ok,false,2026-08-29T18:57:42+02:00,,,
2026-08-29T1159Z,laliga,20358414,3151,Buonanotte,Facundo Buonanotte,3,5176719,5480720,1,marketPlayerTeam,on_sale,ok,false,2026-08-29T18:57:48+02:00,,,
2026-08-29T1159Z,laliga,20430568,927,Berenguer,Alejandro Berenguer Remiro,4,7879937,8134187,1,marketPlayerTeam,on_sale,ok,false,2026-08-29T20:31:12+02:00,,,
2026-08-29T1159Z,laliga,21227419,2759,Vlachodimos,Odysseas Vlachodimos,1,25075922,24012084,1,marketPlayerTeam,on_sale,ok,false,2026-08-30T19:48:40+02:00,,,
2026-08-29T1159Z,laliga,21227596,3078,T. Martínez,Toni Martínez,4,28235707,28180412,1,marketPlayerTeam,on_sale,doubtful,false,2026-08-30T19:48:53+02:00,,,
2026-08-29T1159Z,laliga,21227676,3073,Andrés Martín,Andrés Martín,4,21891295,21774130,1,marketPlayerTeam,on_sale,injured,false,2026-08-30T19:49:01+02:00,,,
2026-08-29T1159Z,laliga,21438480,2923,Raúl Moro,Raúl Moro,4,13458217,14056847,1,marketPlayerTeam,on_sale,ok,false,2026-08-30T23:39:33+02:00,,,
2026-08-29T1159Z,laliga,21438625,2384,Unai Lopez,Unai López,3,8074090,7716683,1,marketPlayerTeam,on_sale,ok,false,2026-08-30T23:39:42+02:00,,,
2026-08-29T1159Z,laliga,21675028,3069,Blanco,Antonio Blanco,3,15030616,15080580,1,marketPlayerTeam,on_sale,ok,false,2026-08-31T12:32:30+02:00,,,
2026-08-29T1159Z,laliga,21675095,1031,Comesaña,Santiago Comesaña,3,26262988,26713343,1,marketPlayerTeam,on_sale,ok,false,2026-08-31T12:32:39+02:00,,,
2026-08-29T1159Z,laliga,21675155,2455,Peque,Gerard Fernández Castellano,4,2801909,2762272,1,marketPlayerTeam,on_sale,ok,false,2026-08-31T12:32:47+02:00,,,
2026-08-29T1159Z,laliga,21675206,3105,Cala,Álex Calatrava Torrado,4,5292871,5078547,1,marketPlayerTeam,on_sale,ok,false,2026-08-31T12:32:53+02:00,,,
2026-08-29T1159Z,laliga,22182442,2846,Arguibide,Iñigo Arguibide,2,749354,666327,0,marketPlayerTeam,on_sale,ok,false,2026-08-31T22:26:52+02:00,,,
2026-08-29T1159Z,laliga,22182646,2429,Fran García,Fran García,2,14582255,13710368,0,marketPlayerTeam,on_sale,ok,false,2026-08-31T22:27:06+02:00,,,
2026-08-29T1159Z,laliga,22182963,2930,Nuñez,Unai Núñez,2,7002115,6768414,0,marketPlayerTeam,on_sale,ok,false,2026-08-31T22:27:28+02:00,,,
2026-08-29T1308Z,laliga,113477906,3093,Mourinho,José Mário dos Santos Mourinho Félix,5,9024905,9316321,0,marketPlayerLeague,on_sale,ok,,2026-08-29T22:24:00+02:00,,,
2026-08-29T1308Z,laliga,113477907,2877,Luís Castro,Luís Manuel Ferreira de Castro,5,903542,924260,0,marketPlayerLeague,on_sale,ok,,2026-08-29T22:24:00+02:00,,,
2026-08-29T1308Z,laliga,113477908,3044,Dotor,Carlos Dotor,3,4177749,4073848,0,marketPlayerLeague,on_sale,ok,,2026-08-29T22:24:00+02:00,,,
2026-08-29T1308Z,laliga,113477910,680,Moi Gómez,Moi Gómez,3,1924794,1861155,1,marketPlayerLeague,on_sale,ok,,2026-08-29T22:24:00+02:00,19091617,1861155,pending
2026-08-29T1308Z,laliga,113477912,3107,Konaté,Ibrahima Konaté,2,50899546,50114831,0,marketPlayerLeague,on_sale,ok,,2026-08-29T22:24:00+02:00,,,
2026-08-29T1308Z,laliga,113477915,2999,Mantilla,Álvaro Mantilla,2,2262901,2300305,1,marketPlayerLeague,on_sale,ok,,2026-08-29T22:24:00+02:00,19090953,2300305,pending
2026-08-29T1308Z,laliga,113477917,3190,Ali Houary,Ali Houary,4,1734444,1777400,1,marketPlayerLeague,on_sale,ok,,2026-08-29T22:24:00+02:00,19091193,1777400,pending
2026-08-29T1308Z,laliga,113477919,2680,A. Castrín,Andrés Castrín,2,3851545,3851163,0,marketPlayerLeague,on_sale,ok,,2026-08-29T22:24:00+02:00,,,
2026-08-29T1308Z,laliga,113477922,2853,Nordin Al-Lal,Nordin Al Lal,4,457928,460079,0,marketPlayerLeague,on_sale,ok,,2026-08-29T22:24:00+02:00,,,
2026-08-29T1308Z,laliga,113477926,2888,Cestero,Jorge Cestero,3,555501,561718,0,marketPlayerLeague,on_sale,ok,,2026-08-29T22:24:00+02:00,,,
2026-08-29T1308Z,laliga,113477929,3116,Bernardo Silva,Bernardo Mota Veiga de Carvalho e Silva,3,59031412,59693929,0,marketPlayerLeague,on_sale,ok,,2026-08-29T22:24:00+02:00,,,
2026-08-29T1308Z,laliga,113477931,2529,Rubén S.,Rubén Sánchez,3,429463,430428,0,marketPlayerLeague,on_sale,ok,,2026-08-29T22:24:00+02:00,,,
2026-08-29T1308Z,laliga,113477934,2294,R.P. Bigas,Pedro Bigas,2,3609280,3669023,0,marketPlayerLeague,on_sale,ok,,2026-08-29T22:24:00+02:00,,,
2026-08-29T1308Z,laliga,10520311,2418,Marc Roca,Marc Roca,3,6430739,6031459,1,marketPlayerTeam,on_sale,ok,false,2026-08-29T18:57:36+02:00,,,
2026-08-29T1308Z,laliga,10530519,2613,M. Dituro,Matías Dituro,1,9048474,8935717,1,marketPlayerTeam,on_sale,ok,false,2026-08-29T18:58:10+02:00,,,
2026-08-29T1308Z,laliga,11705725,3129,Carlos Espí,Carlos Espí,4,13491296,12222283,1,marketPlayerTeam,on_sale,ok,false,2026-08-29T20:31:04+02:00,,,
2026-08-29T1308Z,laliga,12717146,3068,Cabrera,Leandro Cabrera,2,12015069,13056116,1,marketPlayerTeam,on_sale,suspended,false,2026-08-29T18:57:57+02:00,,,
2026-08-29T1308Z,laliga,14186088,2315,Paredes,Aitor Paredes,2,7227932,7072857,1,marketPlayerTeam,on_sale,ok,false,2026-08-31T12:32:21+02:00,,,
2026-08-29T1308Z,laliga,14186254,2474,Denis Suárez,Denis Suárez,3,2548753,2540822,1,marketPlayerTeam,on_sale,ok,false,2026-08-31T12:32:34+02:00,,,
2026-08-29T1308Z,laliga,14243639,3035,Izan M.,Izan Merino,3,5128515,5290343,1,marketPlayerTeam,on_sale,ok,false,2026-08-29T20:30:59+02:00,,,
2026-08-29T1308Z,laliga,15560007,2415,Llorente ,Diego Llorente,2,12100106,11416419,1,marketPlayerTeam,on_sale,ok,false,2026-08-29T18:57:52+02:00,,,
2026-08-29T1308Z,laliga,16235820,3037,C. Puga,Carlos Puga,2,4969654,4962087,1,marketPlayerTeam,on_sale,ok,false,2026-08-31T12:32:18+02:00,,,
2026-08-29T1308Z,laliga,18807368,2386,Nteka,Randy Nteka,4,1349506,1351667,1,marketPlayerTeam,on_sale,ok,false,2026-08-31T12:32:50+02:00,,,
2026-08-29T1308Z,laliga,18807459,2746,Miguel Sierra,Miguel Sierra,4,1245738,1189929,1,marketPlayerTeam,on_sale,ok,false,2026-08-31T12:32:43+02:00,,,
2026-08-29T1308Z,laliga,20358345,3036,Dani Lorenzo,Dani Lorenzo,3,10154238,9585403,1,marketPlayerTeam,on_sale,ok,false,2026-08-29T18:57:42+02:00,,,
2026-08-29T1308Z,laliga,20358414,3151,Buonanotte,Facundo Buonanotte,3,5176719,5480720,1,marketPlayerTeam,on_sale,ok,false,2026-08-29T18:57:48+02:00,,,
2026-08-29T1308Z,laliga,20430568,927,Berenguer,Alejandro Berenguer Remiro,4,7879937,8134187,1,marketPlayerTeam,on_sale,ok,false,2026-08-29T20:31:12+02:00,,,
2026-08-29T1308Z,laliga,21227419,2759,Vlachodimos,Odysseas Vlachodimos,1,25075922,24012084,1,marketPlayerTeam,on_sale,ok,false,2026-08-30T19:48:40+02:00,,,
2026-08-29T1308Z,laliga,21227596,3078,T. Martínez,Toni Martínez,4,28235707,28180412,1,marketPlayerTeam,on_sale,doubtful,false,2026-08-30T19:48:53+02:00,,,
2026-08-29T1308Z,laliga,21227676,3073,Andrés Martín,Andrés Martín,4,21891295,21774130,1,marketPlayerTeam,on_sale,injured,false,2026-08-30T19:49:01+02:00,,,
2026-08-29T1308Z,laliga,21438480,2923,Raúl Moro,Raúl Moro,4,13458217,14056847,1,marketPlayerTeam,on_sale,ok,false,2026-08-30T23:39:33+02:00,,,
2026-08-29T1308Z,laliga,21438625,2384,Unai Lopez,Unai López,3,8074090,7716683,1,marketPlayerTeam,on_sale,ok,false,2026-08-30T23:39:42+02:00,,,
2026-08-29T1308Z,laliga,21675028,3069,Blanco,Antonio Blanco,3,15030616,15080580,1,marketPlayerTeam,on_sale,ok,false,2026-08-31T12:32:30+02:00,,,
2026-08-29T1308Z,laliga,21675095,1031,Comesaña,Santiago Comesaña,3,26262988,26713343,1,marketPlayerTeam,on_sale,ok,false,2026-08-31T12:32:39+02:00,,,
2026-08-29T1308Z,laliga,21675155,2455,Peque,Gerard Fernández Castellano,4,2801909,2762272,1,marketPlayerTeam,on_sale,ok,false,2026-08-31T12:32:47+02:00,,,
2026-08-29T1308Z,laliga,21675206,3105,Cala,Álex Calatrava Torrado,4,5292871,5078547,1,marketPlayerTeam,on_sale,ok,false,2026-08-31T12:32:53+02:00,,,
2026-08-29T1308Z,laliga,22182442,2846,Arguibide,Iñigo Arguibide,2,749354,666327,0,marketPlayerTeam,on_sale,ok,false,2026-08-31T22:26:52+02:00,,,
2026-08-29T1308Z,laliga,22182646,2429,Fran García,Fran García,2,14582255,13710368,0,marketPlayerTeam,on_sale,ok,false,2026-08-31T22:27:06+02:00,,,
2026-08-29T1308Z,laliga,22182963,2930,Nuñez,Unai Núñez,2,7002115,6768414,0,marketPlayerTeam,on_sale,ok,false,2026-08-31T22:27:28+02:00,,,
2026-08-29T1329Z,laliga,113477906,3093,Mourinho,José Mário dos Santos Mourinho Félix,5,9024905,9316321,0,marketPlayerLeague,on_sale,ok,,2026-08-29T22:24:00+02:00,,,
2026-08-29T1329Z,laliga,113477907,2877,Luís Castro,Luís Manuel Ferreira de Castro,5,903542,924260,0,marketPlayerLeague,on_sale,ok,,2026-08-29T22:24:00+02:00,,,
2026-08-29T1329Z,laliga,113477908,3044,Dotor,Carlos Dotor,3,4177749,4073848,0,marketPlayerLeague,on_sale,ok,,2026-08-29T22:24:00+02:00,,,
2026-08-29T1329Z,laliga,113477910,680,Moi Gómez,Moi Gómez,3,1924794,1861155,1,marketPlayerLeague,on_sale,ok,,2026-08-29T22:24:00+02:00,19091617,1861155,pending
2026-08-29T1329Z,laliga,113477912,3107,Konaté,Ibrahima Konaté,2,50899546,50114831,0,marketPlayerLeague,on_sale,ok,,2026-08-29T22:24:00+02:00,,,
2026-08-29T1329Z,laliga,113477915,2999,Mantilla,Álvaro Mantilla,2,2262901,2300305,1,marketPlayerLeague,on_sale,ok,,2026-08-29T22:24:00+02:00,19090953,2300305,pending
2026-08-29T1329Z,laliga,113477917,3190,Ali Houary,Ali Houary,4,1734444,1777400,1,marketPlayerLeague,on_sale,ok,,2026-08-29T22:24:00+02:00,19091193,1777400,pending
2026-08-29T1329Z,laliga,113477919,2680,A. Castrín,Andrés Castrín,2,3851545,3851163,0,marketPlayerLeague,on_sale,ok,,2026-08-29T22:24:00+02:00,,,
2026-08-29T1329Z,laliga,113477922,2853,Nordin Al-Lal,Nordin Al Lal,4,457928,460079,0,marketPlayerLeague,on_sale,ok,,2026-08-29T22:24:00+02:00,,,
2026-08-29T1329Z,laliga,113477926,2888,Cestero,Jorge Cestero,3,555501,561718,0,marketPlayerLeague,on_sale,ok,,2026-08-29T22:24:00+02:00,,,
2026-08-29T1329Z,laliga,113477929,3116,Bernardo Silva,Bernardo Mota Veiga de Carvalho e Silva,3,59031412,59693929,0,marketPlayerLeague,on_sale,ok,,2026-08-29T22:24:00+02:00,,,
2026-08-29T1329Z,laliga,113477931,2529,Rubén S.,Rubén Sánchez,3,429463,430428,0,marketPlayerLeague,on_sale,ok,,2026-08-29T22:24:00+02:00,,,
2026-08-29T1329Z,laliga,113477934,2294,R.P. Bigas,Pedro Bigas,2,3609280,3669023,0,marketPlayerLeague,on_sale,ok,,2026-08-29T22:24:00+02:00,,,
2026-08-29T1329Z,laliga,10520311,2418,Marc Roca,Marc Roca,3,6430739,6031459,1,marketPlayerTeam,on_sale,ok,false,2026-08-29T18:57:36+02:00,,,
2026-08-29T1329Z,laliga,10530519,2613,M. Dituro,Matías Dituro,1,9048474,8935717,1,marketPlayerTeam,on_sale,ok,false,2026-08-29T18:58:10+02:00,,,
2026-08-29T1329Z,laliga,11705725,3129,Carlos Espí,Carlos Espí,4,13491296,12222283,1,marketPlayerTeam,on_sale,ok,false,2026-08-29T20:31:04+02:00,,,
2026-08-29T1329Z,laliga,12717146,3068,Cabrera,Leandro Cabrera,2,12015069,13056116,1,marketPlayerTeam,on_sale,suspended,false,2026-08-29T18:57:57+02:00,,,
2026-08-29T1329Z,laliga,14186088,2315,Paredes,Aitor Paredes,2,7227932,7072857,1,marketPlayerTeam,on_sale,ok,false,2026-08-31T12:32:21+02:00,,,
2026-08-29T1329Z,laliga,14186254,2474,Denis Suárez,Denis Suárez,3,2548753,2540822,1,marketPlayerTeam,on_sale,ok,false,2026-08-31T12:32:34+02:00,,,
2026-08-29T1329Z,laliga,14243639,3035,Izan M.,Izan Merino,3,5128515,5290343,1,marketPlayerTeam,on_sale,ok,false,2026-08-29T20:30:59+02:00,,,
2026-08-29T1329Z,laliga,15560007,2415,Llorente ,Diego Llorente,2,12100106,11416419,1,marketPlayerTeam,on_sale,ok,false,2026-08-29T18:57:52+02:00,,,
2026-08-29T1329Z,laliga,16235820,3037,C. Puga,Carlos Puga,2,4969654,4962087,1,marketPlayerTeam,on_sale,ok,false,2026-08-31T12:32:18+02:00,,,
2026-08-29T1329Z,laliga,18807368,2386,Nteka,Randy Nteka,4,1349506,1351667,1,marketPlayerTeam,on_sale,ok,false,2026-08-31T12:32:50+02:00,,,
2026-08-29T1329Z,laliga,18807459,2746,Miguel Sierra,Miguel Sierra,4,1245738,1189929,1,marketPlayerTeam,on_sale,ok,false,2026-08-31T12:32:43+02:00,,,
2026-08-29T1329Z,laliga,20358345,3036,Dani Lorenzo,Dani Lorenzo,3,10154238,9585403,1,marketPlayerTeam,on_sale,ok,false,2026-08-29T18:57:42+02:00,,,
2026-08-29T1329Z,laliga,20358414,3151,Buonanotte,Facundo Buonanotte,3,5176719,5480720,1,marketPlayerTeam,on_sale,ok,false,2026-08-29T18:57:48+02:00,,,
2026-08-29T1329Z,laliga,20430568,927,Berenguer,Alejandro Berenguer Remiro,4,7879937,8134187,1,marketPlayerTeam,on_sale,ok,false,2026-08-29T20:31:12+02:00,,,
2026-08-29T1329Z,laliga,21227419,2759,Vlachodimos,Odysseas Vlachodimos,1,25075922,24012084,1,marketPlayerTeam,on_sale,ok,false,2026-08-30T19:48:40+02:00,,,
2026-08-29T1329Z,laliga,21227596,3078,T. Martínez,Toni Martínez,4,28235707,28180412,1,marketPlayerTeam,on_sale,doubtful,false,2026-08-30T19:48:53+02:00,,,
2026-08-29T1329Z,laliga,21227676,3073,Andrés Martín,Andrés Martín,4,21891295,21774130,1,marketPlayerTeam,on_sale,injured,false,2026-08-30T19:49:01+02:00,,,
2026-08-29T1329Z,laliga,21438480,2923,Raúl Moro,Raúl Moro,4,13458217,14056847,1,marketPlayerTeam,on_sale,ok,false,2026-08-30T23:39:33+02:00,,,
2026-08-29T1329Z,laliga,21438625,2384,Unai Lopez,Unai López,3,8074090,7716683,1,marketPlayerTeam,on_sale,ok,false,2026-08-30T23:39:42+02:00,,,
2026-08-29T1329Z,laliga,21675028,3069,Blanco,Antonio Blanco,3,15030616,15080580,1,marketPlayerTeam,on_sale,ok,false,2026-08-31T12:32:30+02:00,,,
2026-08-29T1329Z,laliga,21675095,1031,Comesaña,Santiago Comesaña,3,26262988,26713343,1,marketPlayerTeam,on_sale,ok,false,2026-08-31T12:32:39+02:00,,,
2026-08-29T1329Z,laliga,21675155,2455,Peque,Gerard Fernández Castellano,4,2801909,2762272,1,marketPlayerTeam,on_sale,ok,false,2026-08-31T12:32:47+02:00,,,
2026-08-29T1329Z,laliga,21675206,3105,Cala,Álex Calatrava Torrado,4,5292871,5078547,1,marketPlayerTeam,on_sale,ok,false,2026-08-31T12:32:53+02:00,,,
2026-08-29T1329Z,laliga,22182442,2846,Arguibide,Iñigo Arguibide,2,749354,666327,0,marketPlayerTeam,on_sale,ok,false,2026-08-31T22:26:52+02:00,,,
2026-08-29T1329Z,laliga,22182646,2429,Fran García,Fran García,2,14582255,13710368,0,marketPlayerTeam,on_sale,ok,false,2026-08-31T22:27:06+02:00,,,
2026-08-29T1329Z,laliga,22182963,2930,Nuñez,Unai Núñez,2,7002115,6768414,0,marketPlayerTeam,on_sale,ok,false,2026-08-31T22:27:28+02:00,,,
2026-08-29T1344Z,laliga,113477906,3093,Mourinho,José Mário dos Santos Mourinho Félix,5,9024905,9316321,0,marketPlayerLeague,on_sale,ok,,2026-08-29T22:24:00+02:00,,,
2026-08-29T1344Z,laliga,113477907,2877,Luís Castro,Luís Manuel Ferreira de Castro,5,903542,924260,0,marketPlayerLeague,on_sale,ok,,2026-08-29T22:24:00+02:00,,,
2026-08-29T1344Z,laliga,113477908,3044,Dotor,Carlos Dotor,3,4177749,4073848,0,marketPlayerLeague,on_sale,ok,,2026-08-29T22:24:00+02:00,,,
2026-08-29T1344Z,laliga,113477910,680,Moi Gómez,Moi Gómez,3,1924794,1861155,1,marketPlayerLeague,on_sale,ok,,2026-08-29T22:24:00+02:00,19091617,1861155,pending
2026-08-29T1344Z,laliga,113477912,3107,Konaté,Ibrahima Konaté,2,50899546,50114831,0,marketPlayerLeague,on_sale,ok,,2026-08-29T22:24:00+02:00,,,
2026-08-29T1344Z,laliga,113477915,2999,Mantilla,Álvaro Mantilla,2,2262901,2300305,1,marketPlayerLeague,on_sale,ok,,2026-08-29T22:24:00+02:00,19090953,2300305,pending
2026-08-29T1344Z,laliga,113477917,3190,Ali Houary,Ali Houary,4,1734444,1777400,1,marketPlayerLeague,on_sale,ok,,2026-08-29T22:24:00+02:00,19091193,1777400,pending
2026-08-29T1344Z,laliga,113477919,2680,A. Castrín,Andrés Castrín,2,3851545,3851163,0,marketPlayerLeague,on_sale,ok,,2026-08-29T22:24:00+02:00,,,
2026-08-29T1344Z,laliga,113477922,2853,Nordin Al-Lal,Nordin Al Lal,4,457928,460079,0,marketPlayerLeague,on_sale,ok,,2026-08-29T22:24:00+02:00,,,
2026-08-29T1344Z,laliga,113477926,2888,Cestero,Jorge Cestero,3,555501,561718,0,marketPlayerLeague,on_sale,ok,,2026-08-29T22:24:00+02:00,,,
2026-08-29T1344Z,laliga,113477929,3116,Bernardo Silva,Bernardo Mota Veiga de Carvalho e Silva,3,59031412,59693929,0,marketPlayerLeague,on_sale,ok,,2026-08-29T22:24:00+02:00,,,
2026-08-29T1344Z,laliga,113477931,2529,Rubén S.,Rubén Sánchez,3,429463,430428,0,marketPlayerLeague,on_sale,ok,,2026-08-29T22:24:00+02:00,,,
2026-08-29T1344Z,laliga,113477934,2294,R.P. Bigas,Pedro Bigas,2,3609280,3669023,0,marketPlayerLeague,on_sale,ok,,2026-08-29T22:24:00+02:00,,,
2026-08-29T1344Z,laliga,10520311,2418,Marc Roca,Marc Roca,3,6430739,6031459,1,marketPlayerTeam,on_sale,ok,false,2026-08-29T18:57:36+02:00,,,
2026-08-29T1344Z,laliga,10530519,2613,M. Dituro,Matías Dituro,1,9048474,8935717,1,marketPlayerTeam,on_sale,ok,false,2026-08-29T18:58:10+02:00,,,
2026-08-29T1344Z,laliga,11705725,3129,Carlos Espí,Carlos Espí,4,13491296,12222283,1,marketPlayerTeam,on_sale,ok,false,2026-08-29T20:31:04+02:00,,,
2026-08-29T1344Z,laliga,12717146,3068,Cabrera,Leandro Cabrera,2,12015069,13056116,1,marketPlayerTeam,on_sale,suspended,false,2026-08-29T18:57:57+02:00,,,
2026-08-29T1344Z,laliga,14186088,2315,Paredes,Aitor Paredes,2,7227932,7072857,1,marketPlayerTeam,on_sale,ok,false,2026-08-31T12:32:21+02:00,,,
2026-08-29T1344Z,laliga,14186254,2474,Denis Suárez,Denis Suárez,3,2548753,2540822,1,marketPlayerTeam,on_sale,ok,false,2026-08-31T12:32:34+02:00,,,
2026-08-29T1344Z,laliga,14243639,3035,Izan M.,Izan Merino,3,5128515,5290343,1,marketPlayerTeam,on_sale,ok,false,2026-08-29T20:30:59+02:00,,,
2026-08-29T1344Z,laliga,15560007,2415,Llorente ,Diego Llorente,2,12100106,11416419,1,marketPlayerTeam,on_sale,ok,false,2026-08-29T18:57:52+02:00,,,
2026-08-29T1344Z,laliga,16235820,3037,C. Puga,Carlos Puga,2,4969654,4962087,1,marketPlayerTeam,on_sale,ok,false,2026-08-31T12:32:18+02:00,,,
2026-08-29T1344Z,laliga,18807368,2386,Nteka,Randy Nteka,4,1349506,1351667,1,marketPlayerTeam,on_sale,ok,false,2026-08-31T12:32:50+02:00,,,
2026-08-29T1344Z,laliga,18807459,2746,Miguel Sierra,Miguel Sierra,4,1245738,1189929,1,marketPlayerTeam,on_sale,ok,false,2026-08-31T12:32:43+02:00,,,
2026-08-29T1344Z,laliga,20358345,3036,Dani Lorenzo,Dani Lorenzo,3,10154238,9585403,1,marketPlayerTeam,on_sale,ok,false,2026-08-29T18:57:42+02:00,,,
2026-08-29T1344Z,laliga,20358414,3151,Buonanotte,Facundo Buonanotte,3,5176719,5480720,1,marketPlayerTeam,on_sale,ok,false,2026-08-29T18:57:48+02:00,,,
2026-08-29T1344Z,laliga,20430568,927,Berenguer,Alejandro Berenguer Remiro,4,7879937,8134187,1,marketPlayerTeam,on_sale,ok,false,2026-08-29T20:31:12+02:00,,,
2026-08-29T1344Z,laliga,21227419,2759,Vlachodimos,Odysseas Vlachodimos,1,25075922,24012084,1,marketPlayerTeam,on_sale,ok,false,2026-08-30T19:48:40+02:00,,,
2026-08-29T1344Z,laliga,21227596,3078,T. Martínez,Toni Martínez,4,28235707,28180412,1,marketPlayerTeam,on_sale,doubtful,false,2026-08-30T19:48:53+02:00,,,
2026-08-29T1344Z,laliga,21227676,3073,Andrés Martín,Andrés Martín,4,21891295,21774130,1,marketPlayerTeam,on_sale,injured,false,2026-08-30T19:49:01+02:00,,,
2026-08-29T1344Z,laliga,21438480,2923,Raúl Moro,Raúl Moro,4,13458217,14056847,1,marketPlayerTeam,on_sale,ok,false,2026-08-30T23:39:33+02:00,,,
2026-08-29T1344Z,laliga,21438625,2384,Unai Lopez,Unai López,3,8074090,7716683,1,marketPlayerTeam,on_sale,ok,false,2026-08-30T23:39:42+02:00,,,
2026-08-29T1344Z,laliga,21675028,3069,Blanco,Antonio Blanco,3,15030616,15080580,1,marketPlayerTeam,on_sale,ok,false,2026-08-31T12:32:30+02:00,,,
2026-08-29T1344Z,laliga,21675095,1031,Comesaña,Santiago Comesaña,3,26262988,26713343,1,marketPlayerTeam,on_sale,ok,false,2026-08-31T12:32:39+02:00,,,
2026-08-29T1344Z,laliga,21675155,2455,Peque,Gerard Fernández Castellano,4,2801909,2762272,1,marketPlayerTeam,on_sale,ok,false,2026-08-31T12:32:47+02:00,,,
2026-08-29T1344Z,laliga,21675206,3105,Cala,Álex Calatrava Torrado,4,5292871,5078547,1,marketPlayerTeam,on_sale,ok,false,2026-08-31T12:32:53+02:00,,,
2026-08-29T1344Z,laliga,22182442,2846,Arguibide,Iñigo Arguibide,2,749354,666327,0,marketPlayerTeam,on_sale,ok,false,2026-08-31T22:26:52+02:00,,,
2026-08-29T1344Z,laliga,22182646,2429,Fran García,Fran García,2,14582255,13710368,0,marketPlayerTeam,on_sale,ok,false,2026-08-31T22:27:06+02:00,,,
2026-08-29T1344Z,laliga,22182963,2930,Nuñez,Unai Núñez,2,7002115,6768414,0,marketPlayerTeam,on_sale,ok,false,2026-08-31T22:27:28+02:00,,,
2026-08-29T1359Z,laliga,113477906,3093,Mourinho,José Mário dos Santos Mourinho Félix,5,9024905,9316321,0,marketPlayerLeague,on_sale,ok,,2026-08-29T22:24:00+02:00,,,
2026-08-29T1359Z,laliga,113477907,2877,Luís Castro,Luís Manuel Ferreira de Castro,5,903542,924260,0,marketPlayerLeague,on_sale,ok,,2026-08-29T22:24:00+02:00,,,
2026-08-29T1359Z,laliga,113477908,3044,Dotor,Carlos Dotor,3,4177749,4073848,0,marketPlayerLeague,on_sale,ok,,2026-08-29T22:24:00+02:00,,,
2026-08-29T1359Z,laliga,113477910,680,Moi Gómez,Moi Gómez,3,1924794,1861155,1,marketPlayerLeague,on_sale,ok,,2026-08-29T22:24:00+02:00,19091617,1861155,pending
2026-08-29T1359Z,laliga,113477912,3107,Konaté,Ibrahima Konaté,2,50899546,50114831,0,marketPlayerLeague,on_sale,ok,,2026-08-29T22:24:00+02:00,,,
2026-08-29T1359Z,laliga,113477915,2999,Mantilla,Álvaro Mantilla,2,2262901,2300305,1,marketPlayerLeague,on_sale,ok,,2026-08-29T22:24:00+02:00,19090953,2300305,pending
2026-08-29T1359Z,laliga,113477917,3190,Ali Houary,Ali Houary,4,1734444,1777400,1,marketPlayerLeague,on_sale,ok,,2026-08-29T22:24:00+02:00,19091193,1777400,pending
2026-08-29T1359Z,laliga,113477919,2680,A. Castrín,Andrés Castrín,2,3851545,3851163,0,marketPlayerLeague,on_sale,ok,,2026-08-29T22:24:00+02:00,,,
2026-08-29T1359Z,laliga,113477922,2853,Nordin Al-Lal,Nordin Al Lal,4,457928,460079,0,marketPlayerLeague,on_sale,ok,,2026-08-29T22:24:00+02:00,,,
2026-08-29T1359Z,laliga,113477926,2888,Cestero,Jorge Cestero,3,555501,561718,0,marketPlayerLeague,on_sale,ok,,2026-08-29T22:24:00+02:00,,,
2026-08-29T1359Z,laliga,113477929,3116,Bernardo Silva,Bernardo Mota Veiga de Carvalho e Silva,3,59031412,59693929,0,marketPlayerLeague,on_sale,ok,,2026-08-29T22:24:00+02:00,,,
2026-08-29T1359Z,laliga,113477931,2529,Rubén S.,Rubén Sánchez,3,429463,430428,0,marketPlayerLeague,on_sale,ok,,2026-08-29T22:24:00+02:00,,,
2026-08-29T1359Z,laliga,113477934,2294,R.P. Bigas,Pedro Bigas,2,3609280,3669023,0,marketPlayerLeague,on_sale,ok,,2026-08-29T22:24:00+02:00,,,
2026-08-29T1359Z,laliga,10520311,2418,Marc Roca,Marc Roca,3,6430739,6031459,1,marketPlayerTeam,on_sale,ok,false,2026-08-29T18:57:36+02:00,,,
2026-08-29T1359Z,laliga,10530519,2613,M. Dituro,Matías Dituro,1,9048474,8935717,1,marketPlayerTeam,on_sale,ok,false,2026-08-29T18:58:10+02:00,,,
2026-08-29T1359Z,laliga,11705725,3129,Carlos Espí,Carlos Espí,4,13491296,12222283,1,marketPlayerTeam,on_sale,ok,false,2026-08-29T20:31:04+02:00,,,
2026-08-29T1359Z,laliga,12717146,3068,Cabrera,Leandro Cabrera,2,12015069,13056116,1,marketPlayerTeam,on_sale,suspended,false,2026-08-29T18:57:57+02:00,,,
2026-08-29T1359Z,laliga,14186088,2315,Paredes,Aitor Paredes,2,7227932,7072857,1,marketPlayerTeam,on_sale,ok,false,2026-08-31T12:32:21+02:00,,,
2026-08-29T1359Z,laliga,14186254,2474,Denis Suárez,Denis Suárez,3,2548753,2540822,1,marketPlayerTeam,on_sale,ok,false,2026-08-31T12:32:34+02:00,,,
2026-08-29T1359Z,laliga,14243639,3035,Izan M.,Izan Merino,3,5128515,5290343,1,marketPlayerTeam,on_sale,ok,false,2026-08-29T20:30:59+02:00,,,
2026-08-29T1359Z,laliga,15560007,2415,Llorente ,Diego Llorente,2,12100106,11416419,1,marketPlayerTeam,on_sale,ok,false,2026-08-29T18:57:52+02:00,,,
2026-08-29T1359Z,laliga,16235820,3037,C. Puga,Carlos Puga,2,4969654,4962087,1,marketPlayerTeam,on_sale,ok,false,2026-08-31T12:32:18+02:00,,,
2026-08-29T1359Z,laliga,18807368,2386,Nteka,Randy Nteka,4,1349506,1351667,1,marketPlayerTeam,on_sale,ok,false,2026-08-31T12:32:50+02:00,,,
2026-08-29T1359Z,laliga,18807459,2746,Miguel Sierra,Miguel Sierra,4,1245738,1189929,1,marketPlayerTeam,on_sale,ok,false,2026-08-31T12:32:43+02:00,,,
2026-08-29T1359Z,laliga,20358345,3036,Dani Lorenzo,Dani Lorenzo,3,10154238,9585403,1,marketPlayerTeam,on_sale,ok,false,2026-08-29T18:57:42+02:00,,,
2026-08-29T1359Z,laliga,20358414,3151,Buonanotte,Facundo Buonanotte,3,5176719,5480720,1,marketPlayerTeam,on_sale,ok,false,2026-08-29T18:57:48+02:00,,,
2026-08-29T1359Z,laliga,20430568,927,Berenguer,Alejandro Berenguer Remiro,4,7879937,8134187,1,marketPlayerTeam,on_sale,ok,false,2026-08-29T20:31:12+02:00,,,
2026-08-29T1359Z,laliga,21227419,2759,Vlachodimos,Odysseas Vlachodimos,1,25075922,24012084,1,marketPlayerTeam,on_sale,ok,false,2026-08-30T19:48:40+02:00,,,
2026-08-29T1359Z,laliga,21227596,3078,T. Martínez,Toni Martínez,4,28235707,28180412,1,marketPlayerTeam,on_sale,doubtful,false,2026-08-30T19:48:53+02:00,,,
2026-08-29T1359Z,laliga,21227676,3073,Andrés Martín,Andrés Martín,4,21891295,21774130,1,marketPlayerTeam,on_sale,injured,false,2026-08-30T19:49:01+02:00,,,
2026-08-29T1359Z,laliga,21438480,2923,Raúl Moro,Raúl Moro,4,13458217,14056847,1,marketPlayerTeam,on_sale,ok,false,2026-08-30T23:39:33+02:00,,,
2026-08-29T1359Z,laliga,21438625,2384,Unai Lopez,Unai López,3,8074090,7716683,1,marketPlayerTeam,on_sale,ok,false,2026-08-30T23:39:42+02:00,,,
2026-08-29T1359Z,laliga,21675028,3069,Blanco,Antonio Blanco,3,15030616,15080580,1,marketPlayerTeam,on_sale,ok,false,2026-08-31T12:32:30+02:00,,,
2026-08-29T1359Z,laliga,21675095,1031,Comesaña,Santiago Comesaña,3,26262988,26713343,1,marketPlayerTeam,on_sale,ok,false,2026-08-31T12:32:39+02:00,,,
2026-08-29T1359Z,laliga,21675155,2455,Peque,Gerard Fernández Castellano,4,2801909,2762272,1,marketPlayerTeam,on_sale,ok,false,2026-08-31T12:32:47+02:00,,,
2026-08-29T1359Z,laliga,21675206,3105,Cala,Álex Calatrava Torrado,4,5292871,5078547,1,marketPlayerTeam,on_sale,ok,false,2026-08-31T12:32:53+02:00,,,
2026-08-29T1359Z,laliga,22182442,2846,Arguibide,Iñigo Arguibide,2,749354,666327,0,marketPlayerTeam,on_sale,ok,false,2026-08-31T22:26:52+02:00,,,
2026-08-29T1359Z,laliga,22182646,2429,Fran García,Fran García,2,14582255,13710368,0,marketPlayerTeam,on_sale,ok,false,2026-08-31T22:27:06+02:00,,,
2026-08-29T1359Z,laliga,22182963,2930,Nuñez,Unai Núñez,2,7002115,6768414,0,marketPlayerTeam,on_sale,ok,false,2026-08-31T22:27:28+02:00,,,
2026-08-29T2106Z,laliga,118637384,2869,Matarazzo,Pellegrino Matarazzo,5,2429953,2429953,0,marketPlayerLeague,on_sale,ok,,2026-08-30T22:24:00+02:00,,,
2026-08-29T2106Z,laliga,118637387,3095,Ramis,Luis Miguel Ramis,5,1003359,1003359,0,marketPlayerLeague,on_sale,ok,,2026-08-30T22:24:00+02:00,,,
2026-08-29T2106Z,laliga,118637388,3132,J. Berrocal,Juan Berrocal,2,1115961,1115961,0,marketPlayerLeague,on_sale,ok,,2026-08-30T22:24:00+02:00,,,
2026-08-29T2106Z,laliga,118637390,3174,Mandi,Aïssa Mandi,2,8710412,8710412,1,marketPlayerLeague,on_sale,ok,,2026-08-30T22:24:00+02:00,,,
2026-08-29T2106Z,laliga,118637392,3024,Sergio,Sergio Martínez,3,1678196,1678196,1,marketPlayerLeague,on_sale,ok,,2026-08-30T22:24:00+02:00,,,
2026-08-29T2106Z,laliga,118637394,2430,Valverde,Federico Valverde,3,72407429,72407429,0,marketPlayerLeague,on_sale,ok,,2026-08-30T22:24:00+02:00,,,
2026-08-29T2106Z,laliga,118637396,3120,De Haas,Justin de Haas,2,7122231,7122231,0,marketPlayerLeague,on_sale,injured,,2026-08-30T22:24:00+02:00,,,
2026-08-29T2106Z,laliga,118637398,3193,Kang-In Lee,Kang-In Lee,3,52477328,52477328,1,marketPlayerLeague,on_sale,ok,,2026-08-30T22:24:00+02:00,,,
2026-08-29T2106Z,laliga,118637399,3138,Sangante,Arouna Sangante,2,11404017,11404017,0,marketPlayerLeague,on_sale,ok,,2026-08-30T22:24:00+02:00,,,
2026-08-29T2106Z,laliga,118637400,3217,Sato,Ryunosuke Sato,4,11687889,11687889,0,marketPlayerLeague,on_sale,ok,,2026-08-30T22:24:00+02:00,,,
2026-08-29T2106Z,laliga,118637401,230,Courtois,Thibaut Courtois,1,65503935,65503935,0,marketPlayerLeague,on_sale,ok,,2026-08-30T22:24:00+02:00,,,
2026-08-29T2106Z,laliga,118637402,3212,Hugo Pérez,Hugo Pérez,3,1078240,1078240,0,marketPlayerLeague,on_sale,ok,,2026-08-30T22:24:00+02:00,,,
2026-08-29T2106Z,laliga,118637403,1197,Kubo,Takefusa Kubo,3,28068098,28068098,0,marketPlayerLeague,on_sale,ok,,2026-08-30T22:24:00+02:00,,,
2026-08-29T2106Z,laliga,14186088,2315,Paredes,Aitor Paredes,2,7227932,7072857,1,marketPlayerTeam,on_sale,ok,false,2026-08-31T12:32:21+02:00,,,
2026-08-29T2106Z,laliga,14186254,2474,Denis Suárez,Denis Suárez,3,2548753,2540822,1,marketPlayerTeam,on_sale,ok,false,2026-08-31T12:32:34+02:00,,,
2026-08-29T2106Z,laliga,16235820,3037,C. Puga,Carlos Puga,2,4969654,4962087,1,marketPlayerTeam,on_sale,ok,false,2026-08-31T12:32:18+02:00,,,
2026-08-29T2106Z,laliga,18807368,2386,Nteka,Randy Nteka,4,1349506,1351667,1,marketPlayerTeam,on_sale,ok,false,2026-08-31T12:32:50+02:00,,,
2026-08-29T2106Z,laliga,18807459,2746,Miguel Sierra,Miguel Sierra,4,1245738,1189929,1,marketPlayerTeam,on_sale,ok,false,2026-08-31T12:32:43+02:00,,,
2026-08-29T2106Z,laliga,21227419,2759,Vlachodimos,Odysseas Vlachodimos,1,25075922,24012084,1,marketPlayerTeam,on_sale,ok,false,2026-08-30T19:48:40+02:00,,,
2026-08-29T2106Z,laliga,21227596,3078,T. Martínez,Toni Martínez,4,28235707,28180412,1,marketPlayerTeam,on_sale,doubtful,false,2026-08-30T19:48:53+02:00,,,
2026-08-29T2106Z,laliga,21227676,3073,Andrés Martín,Andrés Martín,4,21891295,21774130,1,marketPlayerTeam,on_sale,injured,false,2026-08-30T19:49:01+02:00,,,
2026-08-29T2106Z,laliga,21438625,2384,Unai Lopez,Unai López,3,8074090,7716683,1,marketPlayerTeam,on_sale,ok,false,2026-08-30T23:39:42+02:00,,,
2026-08-29T2106Z,laliga,21675028,3069,Blanco,Antonio Blanco,3,15030616,15080580,1,marketPlayerTeam,on_sale,ok,false,2026-08-31T12:32:30+02:00,,,
2026-08-29T2106Z,laliga,21675095,1031,Comesaña,Santiago Comesaña,3,26262988,26713343,1,marketPlayerTeam,on_sale,ok,false,2026-08-31T12:32:39+02:00,,,
2026-08-29T2106Z,laliga,21675155,2455,Peque,Gerard Fernández Castellano,4,2801909,2762272,1,marketPlayerTeam,on_sale,ok,false,2026-08-31T12:32:47+02:00,,,
2026-08-29T2106Z,laliga,21675206,3105,Cala,Álex Calatrava Torrado,4,5292871,5078547,1,marketPlayerTeam,on_sale,ok,false,2026-08-31T12:32:53+02:00,,,
2026-08-29T2106Z,laliga,22182442,2846,Arguibide,Iñigo Arguibide,2,749354,666327,1,marketPlayerTeam,on_sale,ok,false,2026-08-31T22:26:52+02:00,,,
2026-08-29T2106Z,laliga,22182646,2429,Fran García,Fran García,2,14582255,13710368,1,marketPlayerTeam,on_sale,ok,false,2026-08-31T22:27:06+02:00,,,
2026-08-29T2106Z,laliga,22182963,2930,Nuñez,Unai Núñez,2,7002115,6768414,1,marketPlayerTeam,on_sale,ok,false,2026-08-31T22:27:28+02:00,,,
2026-08-29T2106Z,laliga,22949256,2614,C. Romero,Carlos Romero,2,35868972,35868972,1,marketPlayerTeam,on_sale,ok,false,2026-09-01T21:33:35+02:00,,,
2026-08-29T2106Z,laliga,22972720,3086,Moleiro,Alberto Moleiro,3,57627318,57627318,0,marketPlayerTeam,on_sale,ok,false,2026-09-01T21:55:20+02:00,,,
2026-08-29T2106Z,laliga,23021869,2295,Febas,Aleix Febas,3,23917434,23917434,0,marketPlayerTeam,on_sale,ok,false,2026-09-01T22:39:39+02:00,,,
2026-08-29T2242Z,laliga,118637384,2869,Matarazzo,Pellegrino Matarazzo,5,2351668,2429953,0,marketPlayerLeague,on_sale,ok,,2026-08-30T22:24:00+02:00,,,
2026-08-29T2242Z,laliga,118637387,3095,Ramis,Luis Miguel Ramis,5,982138,1003359,0,marketPlayerLeague,on_sale,ok,,2026-08-30T22:24:00+02:00,,,
2026-08-29T2242Z,laliga,118637388,3132,J. Berrocal,Juan Berrocal,2,1090236,1115961,0,marketPlayerLeague,on_sale,ok,,2026-08-30T22:24:00+02:00,,,
2026-08-29T2242Z,laliga,118637390,3174,Mandi,Aïssa Mandi,2,8869488,8710412,1,marketPlayerLeague,on_sale,ok,,2026-08-30T22:24:00+02:00,,,
2026-08-29T2242Z,laliga,118637392,3024,Sergio,Sergio Martínez,3,1736327,1678196,1,marketPlayerLeague,on_sale,ok,,2026-08-30T22:24:00+02:00,,,
2026-08-29T2242Z,laliga,118637394,2430,Valverde,Federico Valverde,3,72831375,72407429,0,marketPlayerLeague,on_sale,ok,,2026-08-30T22:24:00+02:00,,,
2026-08-29T2242Z,laliga,118637396,3120,De Haas,Justin de Haas,2,6906689,7122231,0,marketPlayerLeague,on_sale,injured,,2026-08-30T22:24:00+02:00,,,
2026-08-29T2242Z,laliga,118637398,3193,Kang-In Lee,Kang-In Lee,3,53680803,52477328,1,marketPlayerLeague,on_sale,ok,,2026-08-30T22:24:00+02:00,,,
2026-08-29T2242Z,laliga,118637399,3138,Sangante,Arouna Sangante,2,11685952,11404017,0,marketPlayerLeague,on_sale,ok,,2026-08-30T22:24:00+02:00,,,
2026-08-29T2242Z,laliga,118637400,3217,Sato,Ryunosuke Sato,4,11444725,11687889,0,marketPlayerLeague,on_sale,ok,,2026-08-30T22:24:00+02:00,,,
2026-08-29T2242Z,laliga,118637401,230,Courtois,Thibaut Courtois,1,65288925,65503935,0,marketPlayerLeague,on_sale,ok,,2026-08-30T22:24:00+02:00,,,
2026-08-29T2242Z,laliga,118637402,3212,Hugo Pérez,Hugo Pérez,3,1054024,1078240,0,marketPlayerLeague,on_sale,ok,,2026-08-30T22:24:00+02:00,,,
2026-08-29T2242Z,laliga,118637403,1197,Kubo,Takefusa Kubo,3,27808291,28068098,0,marketPlayerLeague,on_sale,ok,,2026-08-30T22:24:00+02:00,,,
2026-08-29T2242Z,laliga,14186088,2315,Paredes,Aitor Paredes,2,7345599,7072857,1,marketPlayerTeam,on_sale,ok,false,2026-08-31T12:32:21+02:00,,,
2026-08-29T2242Z,laliga,14186254,2474,Denis Suárez,Denis Suárez,3,2544002,2540822,1,marketPlayerTeam,on_sale,ok,false,2026-08-31T12:32:34+02:00,,,
2026-08-29T2242Z,laliga,16235820,3037,C. Puga,Carlos Puga,2,4965067,4962087,1,marketPlayerTeam,on_sale,ok,false,2026-08-31T12:32:18+02:00,,,
2026-08-29T2242Z,laliga,18807368,2386,Nteka,Randy Nteka,4,1340991,1351667,1,marketPlayerTeam,on_sale,ok,false,2026-08-31T12:32:50+02:00,,,
2026-08-29T2242Z,laliga,18807459,2746,Miguel Sierra,Miguel Sierra,4,1282251,1189929,1,marketPlayerTeam,on_sale,ok,false,2026-08-31T12:32:43+02:00,,,
2026-08-29T2242Z,laliga,21227419,2759,Vlachodimos,Odysseas Vlachodimos,1,25651845,24012084,1,marketPlayerTeam,on_sale,ok,false,2026-08-30T19:48:40+02:00,,,
2026-08-29T2242Z,laliga,21227596,3078,T. Martínez,Toni Martínez,4,27778290,28180412,1,marketPlayerTeam,on_sale,doubtful,false,2026-08-30T19:48:53+02:00,,,
2026-08-29T2242Z,laliga,21227676,3073,Andrés Martín,Andrés Martín,4,21412096,21774130,1,marketPlayerTeam,on_sale,injured,false,2026-08-30T19:49:01+02:00,,,
2026-08-29T2242Z,laliga,21438625,2384,Unai Lopez,Unai López,3,8251496,7716683,1,marketPlayerTeam,on_sale,ok,false,2026-08-30T23:39:42+02:00,,,
2026-08-29T2242Z,laliga,21675028,3069,Blanco,Antonio Blanco,3,15219349,15080580,1,marketPlayerTeam,on_sale,ok,false,2026-08-31T12:32:30+02:00,,,
2026-08-29T2242Z,laliga,21675095,1031,Comesaña,Santiago Comesaña,3,25696274,26713343,1,marketPlayerTeam,on_sale,ok,false,2026-08-31T12:32:39+02:00,,,
2026-08-29T2242Z,laliga,21675155,2455,Peque,Gerard Fernández Castellano,4,2805766,2762272,1,marketPlayerTeam,on_sale,ok,false,2026-08-31T12:32:47+02:00,,,
2026-08-29T2242Z,laliga,21675206,3105,Cala,Álex Calatrava Torrado,4,5449290,5078547,1,marketPlayerTeam,on_sale,ok,false,2026-08-31T12:32:53+02:00,,,
2026-08-29T2242Z,laliga,22182442,2846,Arguibide,Iñigo Arguibide,2,821525,666327,1,marketPlayerTeam,on_sale,ok,false,2026-08-31T22:26:52+02:00,,,
2026-08-29T2242Z,laliga,22182646,2429,Fran García,Fran García,2,15400091,13710368,1,marketPlayerTeam,on_sale,ok,false,2026-08-31T22:27:06+02:00,,,
2026-08-29T2242Z,laliga,22182963,2930,Nuñez,Unai Núñez,2,7226526,6768414,1,marketPlayerTeam,on_sale,ok,false,2026-08-31T22:27:28+02:00,,,
2026-08-29T2242Z,laliga,22949256,2614,C. Romero,Carlos Romero,2,35107516,35868972,1,marketPlayerTeam,on_sale,ok,false,2026-09-01T21:33:35+02:00,,,
2026-08-29T2242Z,laliga,22972720,3086,Moleiro,Alberto Moleiro,3,56556430,57627318,0,marketPlayerTeam,on_sale,ok,false,2026-09-01T21:55:20+02:00,,,
2026-08-29T2242Z,laliga,23021869,2295,Febas,Aleix Febas,3,23617307,23917434,0,marketPlayerTeam,on_sale,ok,false,2026-09-01T22:39:39+02:00,,,
2026-08-29T2242Z,laliga,23052817,2999,Mantilla,Álvaro Mantilla,2,2220388,2262901,0,marketPlayerTeam,on_sale,ok,false,2026-09-01T23:14:10+02:00,,,
2026-08-29T2242Z,laliga,23053472,3190,Ali Houary,Ali Houary,4,1685716,1734444,0,marketPlayerTeam,on_sale,ok,false,2026-09-01T23:14:54+02:00,,,
2026-08-30T0758Z,laliga,118637384,2869,Matarazzo,Pellegrino Matarazzo,5,2351668,2429953,0,marketPlayerLeague,on_sale,ok,,2026-08-30T22:24:00+02:00,,,
2026-08-30T0758Z,laliga,118637387,3095,Ramis,Luis Miguel Ramis,5,982138,1003359,0,marketPlayerLeague,on_sale,ok,,2026-08-30T22:24:00+02:00,,,
2026-08-30T0758Z,laliga,118637388,3132,J. Berrocal,Juan Berrocal,2,1090236,1115961,0,marketPlayerLeague,on_sale,ok,,2026-08-30T22:24:00+02:00,,,
2026-08-30T0758Z,laliga,118637390,3174,Mandi,Aïssa Mandi,2,8869488,8710412,0,marketPlayerLeague,on_sale,ok,,2026-08-30T22:24:00+02:00,,,
2026-08-30T0758Z,laliga,118637392,3024,Sergio,Sergio Martínez,3,1736327,1678196,0,marketPlayerLeague,on_sale,ok,,2026-08-30T22:24:00+02:00,,,
2026-08-30T0758Z,laliga,118637394,2430,Valverde,Federico Valverde,3,72831375,72407429,0,marketPlayerLeague,on_sale,ok,,2026-08-30T22:24:00+02:00,,,
2026-08-30T0758Z,laliga,118637396,3120,De Haas,Justin de Haas,2,6906689,7122231,0,marketPlayerLeague,on_sale,injured,,2026-08-30T22:24:00+02:00,,,
2026-08-30T0758Z,laliga,118637398,3193,Kang-In Lee,Kang-In Lee,3,53680803,52477328,1,marketPlayerLeague,on_sale,ok,,2026-08-30T22:24:00+02:00,,,
2026-08-30T0758Z,laliga,118637399,3138,Sangante,Arouna Sangante,2,11685952,11404017,0,marketPlayerLeague,on_sale,ok,,2026-08-30T22:24:00+02:00,,,
2026-08-30T0758Z,laliga,118637400,3217,Sato,Ryunosuke Sato,4,11444725,11687889,0,marketPlayerLeague,on_sale,ok,,2026-08-30T22:24:00+02:00,,,
2026-08-30T0758Z,laliga,118637401,230,Courtois,Thibaut Courtois,1,65288925,65503935,0,marketPlayerLeague,on_sale,ok,,2026-08-30T22:24:00+02:00,,,
2026-08-30T0758Z,laliga,118637402,3212,Hugo Pérez,Hugo Pérez,3,1054024,1078240,0,marketPlayerLeague,on_sale,ok,,2026-08-30T22:24:00+02:00,,,
2026-08-30T0758Z,laliga,118637403,1197,Kubo,Takefusa Kubo,3,27808291,28068098,0,marketPlayerLeague,on_sale,ok,,2026-08-30T22:24:00+02:00,,,
2026-08-30T0758Z,laliga,14186088,2315,Paredes,Aitor Paredes,2,7345599,7072857,1,marketPlayerTeam,on_sale,ok,false,2026-08-31T12:32:21+02:00,,,
2026-08-30T0758Z,laliga,14186254,2474,Denis Suárez,Denis Suárez,3,2544002,2540822,1,marketPlayerTeam,on_sale,ok,false,2026-08-31T12:32:34+02:00,,,
2026-08-30T0758Z,laliga,16235820,3037,C. Puga,Carlos Puga,2,4965067,4962087,1,marketPlayerTeam,on_sale,ok,false,2026-08-31T12:32:18+02:00,,,
2026-08-30T0758Z,laliga,18807368,2386,Nteka,Randy Nteka,4,1340991,1351667,1,marketPlayerTeam,on_sale,ok,false,2026-08-31T12:32:50+02:00,,,
2026-08-30T0758Z,laliga,18807459,2746,Miguel Sierra,Miguel Sierra,4,1282251,1189929,1,marketPlayerTeam,on_sale,ok,false,2026-08-31T12:32:43+02:00,,,
2026-08-30T0758Z,laliga,21227419,2759,Vlachodimos,Odysseas Vlachodimos,1,25651845,24012084,1,marketPlayerTeam,on_sale,ok,false,2026-08-30T19:48:40+02:00,,,
2026-08-30T0758Z,laliga,21227596,3078,T. Martínez,Toni Martínez,4,27778290,28180412,1,marketPlayerTeam,on_sale,doubtful,false,2026-08-30T19:48:53+02:00,,,
2026-08-30T0758Z,laliga,21227676,3073,Andrés Martín,Andrés Martín,4,21412096,21774130,1,marketPlayerTeam,on_sale,injured,false,2026-08-30T19:49:01+02:00,,,
2026-08-30T0758Z,laliga,21438625,2384,Unai Lopez,Unai López,3,8251496,7716683,1,marketPlayerTeam,on_sale,ok,false,2026-08-30T23:39:42+02:00,,,
2026-08-30T0758Z,laliga,21675028,3069,Blanco,Antonio Blanco,3,15219349,15080580,1,marketPlayerTeam,on_sale,ok,false,2026-08-31T12:32:30+02:00,,,
2026-08-30T0758Z,laliga,21675095,1031,Comesaña,Santiago Comesaña,3,25696274,26713343,1,marketPlayerTeam,on_sale,ok,false,2026-08-31T12:32:39+02:00,,,
2026-08-30T0758Z,laliga,21675155,2455,Peque,Gerard Fernández Castellano,4,2805766,2762272,1,marketPlayerTeam,on_sale,ok,false,2026-08-31T12:32:47+02:00,,,
2026-08-30T0758Z,laliga,21675206,3105,Cala,Álex Calatrava Torrado,4,5449290,5078547,1,marketPlayerTeam,on_sale,ok,false,2026-08-31T12:32:53+02:00,,,
2026-08-30T0758Z,laliga,22182646,2429,Fran García,Fran García,2,15400091,13710368,1,marketPlayerTeam,on_sale,ok,false,2026-08-31T22:27:06+02:00,,,
2026-08-30T0758Z,laliga,22949256,2614,C. Romero,Carlos Romero,2,35107516,35868972,1,marketPlayerTeam,on_sale,ok,false,2026-09-01T21:33:35+02:00,,,
2026-08-30T0758Z,laliga,22972720,3086,Moleiro,Alberto Moleiro,3,56556430,57627318,0,marketPlayerTeam,on_sale,ok,false,2026-09-01T21:55:20+02:00,,,
2026-08-30T0758Z,laliga,23021869,2295,Febas,Aleix Febas,3,23617307,23917434,0,marketPlayerTeam,on_sale,ok,false,2026-09-01T22:39:39+02:00,,,
2026-08-30T0758Z,laliga,23052817,2999,Mantilla,Álvaro Mantilla,2,2220388,2262901,0,marketPlayerTeam,on_sale,ok,false,2026-09-01T23:14:10+02:00,,,
2026-08-30T0758Z,laliga,23053472,3190,Ali Houary,Ali Houary,4,1685716,1734444,0,marketPlayerTeam,on_sale,ok,false,2026-09-01T23:14:54+02:00,,,
2026-08-30T0758Z,laliga,23198057,2785,Riedel,Clemens Riedel,2,6448770,6448770,0,marketPlayerTeam,on_sale,ok,false,2026-09-02T04:39:07+02:00,,,
2026-08-30T0758Z,laliga,23198759,2930,Nuñez,Unai Núñez,2,7226526,7226526,0,marketPlayerTeam,on_sale,ok,false,2026-09-02T04:44:37+02:00,,,
2026-08-30T0758Z,laliga,23198784,2846,Arguibide,Iñigo Arguibide,2,821525,821525,0,marketPlayerTeam,on_sale,ok,false,2026-09-02T04:44:46+02:00,,,
2026-08-30T0758Z,laliga,23242778,3128,Guido Rodríguez,Guido Rodríguez,3,24499776,24499776,0,marketPlayerTeam,on_sale,injured,false,2026-09-02T09:46:19+02:00,,,
2026-08-30T2111Z,laliga,123923825,1851,Claudio Giraldez,Claudio Giráldez,5,1507310,1507310,0,marketPlayerLeague,on_sale,ok,,2026-08-31T22:24:00+02:00,,,
2026-08-30T2111Z,laliga,123923826,1611,Bordalás,José Bordalás,5,24128719,24128719,0,marketPlayerLeague,on_sale,ok,,2026-08-31T22:24:00+02:00,,,
2026-08-30T2111Z,laliga,123923827,2723,Mauro,Mauro Echegoyen,3,527004,527004,0,marketPlayerLeague,on_sale,ok,,2026-08-31T22:24:00+02:00,,,
2026-08-30T2111Z,laliga,123923829,2383,Pathé I. Ciss,Pathé Ciss,3,18472757,18472757,0,marketPlayerLeague,on_sale,ok,,2026-08-31T22:24:00+02:00,,,
2026-08-30T2111Z,laliga,123923832,140,Iván Villar,Iván Villar,1,724398,724398,0,marketPlayerLeague,on_sale,ok,,2026-08-31T22:24:00+02:00,,,
2026-08-30T2111Z,laliga,123923835,3126,Uche,Christantus Uche,4,13008311,13008311,0,marketPlayerLeague,on_sale,injured,,2026-08-31T22:24:00+02:00,,,
2026-08-30T2111Z,laliga,123923839,3210,Gordon,Anthony Gordon,4,67083486,67083486,0,marketPlayerLeague,on_sale,ok,,2026-08-31T22:24:00+02:00,,,
2026-08-30T2111Z,laliga,123923842,2480,Johnny,Johnny Cardoso,3,4098964,4098964,0,marketPlayerLeague,on_sale,ok,,2026-08-31T22:24:00+02:00,,,
2026-08-30T2111Z,laliga,123923845,2549,Navarro,Robert Navarro,3,1765332,1765332,0,marketPlayerLeague,on_sale,ok,,2026-08-31T22:24:00+02:00,,,
2026-08-30T2111Z,laliga,123923849,3187,Gijselhart,Teun Gijselhart,3,1949117,1949117,0,marketPlayerLeague,on_sale,ok,,2026-08-31T22:24:00+02:00,,,
2026-08-30T2111Z,laliga,123923852,2768,Lucas Boyé,Lucas Boyé,4,11847651,11847651,1,marketPlayerLeague,on_sale,ok,,2026-08-31T22:24:00+02:00,,,
2026-08-30T2111Z,laliga,123923855,2940,Fidalgo,Álvaro Fidalgo,3,1961792,1961792,0,marketPlayerLeague,on_sale,ok,,2026-08-31T22:24:00+02:00,,,
2026-08-30T2111Z,laliga,123923858,3143,Diomande,Yan Diomande,4,69688300,69688300,0,marketPlayerLeague,on_sale,ok,,2026-08-31T22:24:00+02:00,,,
2026-08-30T2111Z,laliga,18807459,2746,Miguel Sierra,Miguel Sierra,4,1282251,1189929,1,marketPlayerTeam,on_sale,ok,false,2026-08-31T12:32:43+02:00,,,
2026-08-30T2111Z,laliga,20358345,3036,Dani Lorenzo,Dani Lorenzo,3,10376224,10376224,1,marketPlayerTeam,on_sale,doubtful,false,2026-09-02T21:40:38+02:00,,,
2026-08-30T2111Z,laliga,21438625,2384,Unai Lopez,Unai López,3,8251496,7716683,1,marketPlayerTeam,on_sale,ok,false,2026-08-30T23:39:42+02:00,,,
2026-08-30T2111Z,laliga,21675028,3069,Blanco,Antonio Blanco,3,15219349,15080580,1,marketPlayerTeam,on_sale,ok,false,2026-08-31T12:32:30+02:00,,,
2026-08-30T2111Z,laliga,21675155,2455,Peque,Gerard Fernández Castellano,4,2805766,2762272,1,marketPlayerTeam,on_sale,ok,false,2026-08-31T12:32:47+02:00,,,
2026-08-30T2111Z,laliga,22182646,2429,Fran García,Fran García,2,15400091,13710368,1,marketPlayerTeam,on_sale,ok,false,2026-08-31T22:27:06+02:00,,,
2026-08-30T2111Z,laliga,22972720,3086,Moleiro,Alberto Moleiro,3,56556430,57627318,1,marketPlayerTeam,on_sale,ok,false,2026-09-01T21:55:20+02:00,,,
2026-08-30T2111Z,laliga,23021869,2295,Febas,Aleix Febas,3,23617307,23917434,1,marketPlayerTeam,on_sale,ok,false,2026-09-01T22:39:39+02:00,,,
2026-08-30T2111Z,laliga,23052817,2999,Mantilla,Álvaro Mantilla,2,2220388,2262901,1,marketPlayerTeam,on_sale,ok,false,2026-09-01T23:14:10+02:00,,,
2026-08-30T2111Z,laliga,23053472,3190,Ali Houary,Ali Houary,4,1685716,1734444,1,marketPlayerTeam,on_sale,ok,false,2026-09-01T23:14:54+02:00,,,
2026-08-30T2111Z,laliga,23198057,2785,Riedel,Clemens Riedel,2,6448770,6448770,1,marketPlayerTeam,on_sale,ok,false,2026-09-02T04:39:07+02:00,,,
2026-08-30T2111Z,laliga,23198759,2930,Nuñez,Unai Núñez,2,7226526,7226526,1,marketPlayerTeam,on_sale,ok,false,2026-09-02T04:44:37+02:00,,,
2026-08-30T2111Z,laliga,23198784,2846,Arguibide,Iñigo Arguibide,2,821525,821525,1,marketPlayerTeam,on_sale,ok,false,2026-09-02T04:44:46+02:00,,,
2026-08-30T2111Z,laliga,23957784,3037,C. Puga,Carlos Puga,2,4965067,4965067,1,marketPlayerTeam,on_sale,ok,false,2026-09-02T22:18:21+02:00,,,
2026-08-30T2111Z,laliga,23957905,2315,Paredes,Aitor Paredes,2,7345599,7345599,1,marketPlayerTeam,on_sale,ok,false,2026-09-02T22:18:26+02:00,,,
2026-08-30T2111Z,laliga,23958141,2474,Denis Suárez,Denis Suárez,3,2544002,2544002,1,marketPlayerTeam,on_sale,ok,false,2026-09-02T22:18:36+02:00,,,
2026-08-30T2111Z,laliga,23962041,2386,Nteka,Randy Nteka,4,1340991,1340991,1,marketPlayerTeam,on_sale,ok,false,2026-09-02T22:21:30+02:00,,,
2026-08-30T2111Z,laliga,23962244,3105,Cala,Álex Calatrava Torrado,4,5449290,5449290,1,marketPlayerTeam,on_sale,ok,false,2026-09-02T22:21:38+02:00,,,
2026-08-30T2148Z,laliga,123923825,1851,Claudio Giraldez,Claudio Giráldez,5,1507310,1507310,0,marketPlayerLeague,on_sale,ok,,2026-08-31T22:24:00+02:00,,,
2026-08-30T2148Z,laliga,123923826,1611,Bordalás,José Bordalás,5,24128719,24128719,0,marketPlayerLeague,on_sale,ok,,2026-08-31T22:24:00+02:00,,,
2026-08-30T2148Z,laliga,123923827,2723,Mauro,Mauro Echegoyen,3,527004,527004,0,marketPlayerLeague,on_sale,ok,,2026-08-31T22:24:00+02:00,,,
2026-08-30T2148Z,laliga,123923829,2383,Pathé I. Ciss,Pathé Ciss,3,18472757,18472757,0,marketPlayerLeague,on_sale,ok,,2026-08-31T22:24:00+02:00,,,
2026-08-30T2148Z,laliga,123923832,140,Iván Villar,Iván Villar,1,724398,724398,0,marketPlayerLeague,on_sale,ok,,2026-08-31T22:24:00+02:00,,,
2026-08-30T2148Z,laliga,123923835,3126,Uche,Christantus Uche,4,13008311,13008311,0,marketPlayerLeague,on_sale,injured,,2026-08-31T22:24:00+02:00,,,
2026-08-30T2148Z,laliga,123923839,3210,Gordon,Anthony Gordon,4,67083486,67083486,0,marketPlayerLeague,on_sale,ok,,2026-08-31T22:24:00+02:00,,,
2026-08-30T2148Z,laliga,123923842,2480,Johnny,Johnny Cardoso,3,4098964,4098964,0,marketPlayerLeague,on_sale,ok,,2026-08-31T22:24:00+02:00,,,
2026-08-30T2148Z,laliga,123923845,2549,Navarro,Robert Navarro,3,1765332,1765332,0,marketPlayerLeague,on_sale,ok,,2026-08-31T22:24:00+02:00,,,
2026-08-30T2148Z,laliga,123923849,3187,Gijselhart,Teun Gijselhart,3,1949117,1949117,0,marketPlayerLeague,on_sale,ok,,2026-08-31T22:24:00+02:00,,,
2026-08-30T2148Z,laliga,123923852,2768,Lucas Boyé,Lucas Boyé,4,11847651,11847651,2,marketPlayerLeague,on_sale,ok,,2026-08-31T22:24:00+02:00,20520017,11947651,pending
2026-08-30T2148Z,laliga,123923855,2940,Fidalgo,Álvaro Fidalgo,3,1961792,1961792,0,marketPlayerLeague,on_sale,ok,,2026-08-31T22:24:00+02:00,,,
2026-08-30T2148Z,laliga,123923858,3143,Diomande,Yan Diomande,4,69688300,69688300,0,marketPlayerLeague,on_sale,ok,,2026-08-31T22:24:00+02:00,,,
2026-08-30T2148Z,laliga,18807459,2746,Miguel Sierra,Miguel Sierra,4,1282251,1189929,2,marketPlayerTeam,on_sale,ok,false,2026-08-31T12:32:43+02:00,,,
2026-08-30T2148Z,laliga,20358345,3036,Dani Lorenzo,Dani Lorenzo,3,10376224,10376224,1,marketPlayerTeam,on_sale,doubtful,false,2026-09-02T21:40:38+02:00,,,
2026-08-30T2148Z,laliga,21675028,3069,Blanco,Antonio Blanco,3,15219349,15080580,1,marketPlayerTeam,on_sale,ok,false,2026-08-31T12:32:30+02:00,,,
2026-08-30T2148Z,laliga,21675155,2455,Peque,Gerard Fernández Castellano,4,2805766,2762272,1,marketPlayerTeam,on_sale,ok,false,2026-08-31T12:32:47+02:00,,,
2026-08-30T2148Z,laliga,22182646,2429,Fran García,Fran García,2,15400091,13710368,1,marketPlayerTeam,on_sale,ok,false,2026-08-31T22:27:06+02:00,,,
2026-08-30T2148Z,laliga,22972720,3086,Moleiro,Alberto Moleiro,3,56556430,57627318,1,marketPlayerTeam,on_sale,ok,false,2026-09-01T21:55:20+02:00,,,
2026-08-30T2148Z,laliga,23021869,2295,Febas,Aleix Febas,3,23617307,23917434,1,marketPlayerTeam,on_sale,ok,false,2026-09-01T22:39:39+02:00,,,
2026-08-30T2148Z,laliga,23052817,2999,Mantilla,Álvaro Mantilla,2,2220388,2262901,1,marketPlayerTeam,on_sale,ok,false,2026-09-01T23:14:10+02:00,,,
2026-08-30T2148Z,laliga,23053472,3190,Ali Houary,Ali Houary,4,1685716,1734444,1,marketPlayerTeam,on_sale,ok,false,2026-09-01T23:14:54+02:00,,,
2026-08-30T2148Z,laliga,23198057,2785,Riedel,Clemens Riedel,2,6448770,6448770,1,marketPlayerTeam,on_sale,ok,false,2026-09-02T04:39:07+02:00,,,
2026-08-30T2148Z,laliga,23198759,2930,Nuñez,Unai Núñez,2,7226526,7226526,1,marketPlayerTeam,on_sale,ok,false,2026-09-02T04:44:37+02:00,,,
2026-08-30T2148Z,laliga,23198784,2846,Arguibide,Iñigo Arguibide,2,821525,821525,1,marketPlayerTeam,on_sale,ok,false,2026-09-02T04:44:46+02:00,,,
2026-08-30T2148Z,laliga,23957784,3037,C. Puga,Carlos Puga,2,4965067,4965067,1,marketPlayerTeam,on_sale,ok,false,2026-09-02T22:18:21+02:00,,,
2026-08-30T2148Z,laliga,23957905,2315,Paredes,Aitor Paredes,2,7345599,7345599,1,marketPlayerTeam,on_sale,ok,false,2026-09-02T22:18:26+02:00,,,
2026-08-30T2148Z,laliga,23958141,2474,Denis Suárez,Denis Suárez,3,2544002,2544002,1,marketPlayerTeam,on_sale,ok,false,2026-09-02T22:18:36+02:00,,,
2026-08-30T2148Z,laliga,23962041,2386,Nteka,Randy Nteka,4,1340991,1340991,1,marketPlayerTeam,on_sale,ok,false,2026-09-02T22:21:30+02:00,,,
2026-08-30T2148Z,laliga,23962244,3105,Cala,Álex Calatrava Torrado,4,5449290,5449290,1,marketPlayerTeam,on_sale,ok,false,2026-09-02T22:21:38+02:00,,,
2026-08-30T2242Z,laliga,123923825,1851,Claudio Giraldez,Claudio Giráldez,5,1465521,1507310,0,marketPlayerLeague,on_sale,ok,,2026-08-31T22:24:00+02:00,,,
2026-08-30T2242Z,laliga,123923826,1611,Bordalás,José Bordalás,5,23182073,24128719,0,marketPlayerLeague,on_sale,ok,,2026-08-31T22:24:00+02:00,,,
2026-08-30T2242Z,laliga,123923827,2723,Mauro,Mauro Echegoyen,3,524427,527004,0,marketPlayerLeague,on_sale,ok,,2026-08-31T22:24:00+02:00,,,
2026-08-30T2242Z,laliga,123923829,2383,Pathé I. Ciss,Pathé Ciss,3,18742258,18472757,0,marketPlayerLeague,on_sale,ok,,2026-08-31T22:24:00+02:00,,,
2026-08-30T2242Z,laliga,123923832,140,Iván Villar,Iván Villar,1,713925,724398,0,marketPlayerLeague,on_sale,ok,,2026-08-31T22:24:00+02:00,,,
2026-08-30T2242Z,laliga,123923835,3126,Uche,Christantus Uche,4,12611212,13008311,0,marketPlayerLeague,on_sale,injured,,2026-08-31T22:24:00+02:00,,,
2026-08-30T2242Z,laliga,123923839,3210,Gordon,Anthony Gordon,4,67421836,67083486,0,marketPlayerLeague,on_sale,ok,,2026-08-31T22:24:00+02:00,,,
2026-08-30T2242Z,laliga,123923842,2480,Johnny,Johnny Cardoso,3,3992173,4098964,0,marketPlayerLeague,on_sale,ok,,2026-08-31T22:24:00+02:00,,,
2026-08-30T2242Z,laliga,123923845,2549,Navarro,Robert Navarro,3,1729192,1765332,0,marketPlayerLeague,on_sale,ok,,2026-08-31T22:24:00+02:00,,,
2026-08-30T2242Z,laliga,123923849,3187,Gijselhart,Teun Gijselhart,3,1891991,1949117,0,marketPlayerLeague,on_sale,ok,,2026-08-31T22:24:00+02:00,,,
2026-08-30T2242Z,laliga,123923852,2768,Lucas Boyé,Lucas Boyé,4,12481638,11847651,2,marketPlayerLeague,on_sale,ok,,2026-08-31T22:24:00+02:00,20520017,11947651,pending
2026-08-30T2242Z,laliga,123923855,2940,Fidalgo,Álvaro Fidalgo,3,1908368,1961792,0,marketPlayerLeague,on_sale,ok,,2026-08-31T22:24:00+02:00,,,
2026-08-30T2242Z,laliga,123923858,3143,Diomande,Yan Diomande,4,68270610,69688300,0,marketPlayerLeague,on_sale,ok,,2026-08-31T22:24:00+02:00,,,
2026-08-30T2242Z,laliga,18807459,2746,Miguel Sierra,Miguel Sierra,4,1397738,1189929,2,marketPlayerTeam,on_sale,ok,false,2026-08-31T12:32:43+02:00,,,
2026-08-30T2242Z,laliga,20358345,3036,Dani Lorenzo,Dani Lorenzo,3,10436108,10376224,1,marketPlayerTeam,on_sale,doubtful,false,2026-09-02T21:40:38+02:00,,,
2026-08-30T2242Z,laliga,21675028,3069,Blanco,Antonio Blanco,3,15596229,15080580,1,marketPlayerTeam,on_sale,ok,false,2026-08-31T12:32:30+02:00,,,
2026-08-30T2242Z,laliga,21675155,2455,Peque,Gerard Fernández Castellano,4,2827054,2762272,1,marketPlayerTeam,on_sale,ok,false,2026-08-31T12:32:47+02:00,,,
2026-08-30T2242Z,laliga,22182646,2429,Fran García,Fran García,2,15956328,13710368,1,marketPlayerTeam,on_sale,ok,false,2026-08-31T22:27:06+02:00,,,
2026-08-30T2242Z,laliga,22972720,3086,Moleiro,Alberto Moleiro,3,55377900,57627318,1,marketPlayerTeam,on_sale,ok,false,2026-09-01T21:55:20+02:00,,,
2026-08-30T2242Z,laliga,23021869,2295,Febas,Aleix Febas,3,23229795,23917434,1,marketPlayerTeam,on_sale,ok,false,2026-09-01T22:39:39+02:00,,,
2026-08-30T2242Z,laliga,23052817,2999,Mantilla,Álvaro Mantilla,2,2178717,2262901,1,marketPlayerTeam,on_sale,ok,false,2026-09-01T23:14:10+02:00,,,
2026-08-30T2242Z,laliga,23053472,3190,Ali Houary,Ali Houary,4,1636791,1734444,1,marketPlayerTeam,on_sale,ok,false,2026-09-01T23:14:54+02:00,,,
2026-08-30T2242Z,laliga,23198057,2785,Riedel,Clemens Riedel,2,6431832,6448770,1,marketPlayerTeam,on_sale,ok,false,2026-09-02T04:39:07+02:00,,,
2026-08-30T2242Z,laliga,23198759,2930,Nuñez,Unai Núñez,2,7512714,7226526,1,marketPlayerTeam,on_sale,ok,false,2026-09-02T04:44:37+02:00,,,
2026-08-30T2242Z,laliga,23198784,2846,Arguibide,Iñigo Arguibide,2,892257,821525,2,marketPlayerTeam,on_sale,ok,false,2026-09-02T04:44:46+02:00,,,
2026-08-30T2242Z,laliga,23957784,3037,C. Puga,Carlos Puga,2,4933367,4965067,1,marketPlayerTeam,on_sale,ok,false,2026-09-02T22:18:21+02:00,,,
2026-08-30T2242Z,laliga,23957905,2315,Paredes,Aitor Paredes,2,7434765,7345599,1,marketPlayerTeam,on_sale,ok,false,2026-09-02T22:18:26+02:00,,,
2026-08-30T2242Z,laliga,23958141,2474,Denis Suárez,Denis Suárez,3,2555256,2544002,1,marketPlayerTeam,on_sale,ok,false,2026-09-02T22:18:36+02:00,,,
2026-08-30T2242Z,laliga,23962041,2386,Nteka,Randy Nteka,4,1326663,1340991,1,marketPlayerTeam,on_sale,ok,false,2026-09-02T22:21:30+02:00,,,
2026-08-30T2242Z,laliga,23962244,3105,Cala,Álex Calatrava Torrado,4,5650288,5449290,1,marketPlayerTeam,on_sale,ok,false,2026-09-02T22:21:38+02:00,,,
2026-08-31T0523Z,laliga,123923825,1851,Claudio Giraldez,Claudio Giráldez,5,1465521,1507310,0,marketPlayerLeague,on_sale,ok,,2026-08-31T22:24:00+02:00,,,
2026-08-31T0523Z,laliga,123923826,1611,Bordalás,José Bordalás,5,23182073,24128719,0,marketPlayerLeague,on_sale,ok,,2026-08-31T22:24:00+02:00,,,
2026-08-31T0523Z,laliga,123923827,2723,Mauro,Mauro Echegoyen,3,524427,527004,0,marketPlayerLeague,on_sale,ok,,2026-08-31T22:24:00+02:00,,,
2026-08-31T0523Z,laliga,123923829,2383,Pathé I. Ciss,Pathé Ciss,3,18742258,18472757,0,marketPlayerLeague,on_sale,ok,,2026-08-31T22:24:00+02:00,,,
2026-08-31T0523Z,laliga,123923832,140,Iván Villar,Iván Villar,1,713925,724398,0,marketPlayerLeague,on_sale,ok,,2026-08-31T22:24:00+02:00,,,
2026-08-31T0523Z,laliga,123923835,3126,Uche,Christantus Uche,4,12611212,13008311,0,marketPlayerLeague,on_sale,injured,,2026-08-31T22:24:00+02:00,,,
2026-08-31T0523Z,laliga,123923839,3210,Gordon,Anthony Gordon,4,67421836,67083486,0,marketPlayerLeague,on_sale,ok,,2026-08-31T22:24:00+02:00,,,
2026-08-31T0523Z,laliga,123923842,2480,Johnny,Johnny Cardoso,3,3992173,4098964,0,marketPlayerLeague,on_sale,ok,,2026-08-31T22:24:00+02:00,,,
2026-08-31T0523Z,laliga,123923845,2549,Navarro,Robert Navarro,3,1729192,1765332,0,marketPlayerLeague,on_sale,ok,,2026-08-31T22:24:00+02:00,,,
2026-08-31T0523Z,laliga,123923849,3187,Gijselhart,Teun Gijselhart,3,1891991,1949117,0,marketPlayerLeague,on_sale,ok,,2026-08-31T22:24:00+02:00,,,
2026-08-31T0523Z,laliga,123923852,2768,Lucas Boyé,Lucas Boyé,4,12481638,11847651,2,marketPlayerLeague,on_sale,ok,,2026-08-31T22:24:00+02:00,20520017,11947651,pending
2026-08-31T0523Z,laliga,123923855,2940,Fidalgo,Álvaro Fidalgo,3,1908368,1961792,0,marketPlayerLeague,on_sale,ok,,2026-08-31T22:24:00+02:00,,,
2026-08-31T0523Z,laliga,123923858,3143,Diomande,Yan Diomande,4,68270610,69688300,0,marketPlayerLeague,on_sale,ok,,2026-08-31T22:24:00+02:00,,,
2026-08-31T0523Z,laliga,18807459,2746,Miguel Sierra,Miguel Sierra,4,1397738,1189929,2,marketPlayerTeam,on_sale,ok,false,2026-08-31T12:32:43+02:00,,,
2026-08-31T0523Z,laliga,20358345,3036,Dani Lorenzo,Dani Lorenzo,3,10436108,10376224,1,marketPlayerTeam,on_sale,doubtful,false,2026-09-02T21:40:38+02:00,,,
2026-08-31T0523Z,laliga,21675028,3069,Blanco,Antonio Blanco,3,15596229,15080580,1,marketPlayerTeam,on_sale,ok,false,2026-08-31T12:32:30+02:00,,,
2026-08-31T0523Z,laliga,21675155,2455,Peque,Gerard Fernández Castellano,4,2827054,2762272,1,marketPlayerTeam,on_sale,ok,false,2026-08-31T12:32:47+02:00,,,
2026-08-31T0523Z,laliga,22182646,2429,Fran García,Fran García,2,15956328,13710368,1,marketPlayerTeam,on_sale,ok,false,2026-08-31T22:27:06+02:00,,,
2026-08-31T0523Z,laliga,22972720,3086,Moleiro,Alberto Moleiro,3,55377900,57627318,1,marketPlayerTeam,on_sale,ok,false,2026-09-01T21:55:20+02:00,,,
2026-08-31T0523Z,laliga,23021869,2295,Febas,Aleix Febas,3,23229795,23917434,1,marketPlayerTeam,on_sale,ok,false,2026-09-01T22:39:39+02:00,,,
2026-08-31T0523Z,laliga,23052817,2999,Mantilla,Álvaro Mantilla,2,2178717,2262901,1,marketPlayerTeam,on_sale,ok,false,2026-09-01T23:14:10+02:00,,,
2026-08-31T0523Z,laliga,23053472,3190,Ali Houary,Ali Houary,4,1636791,1734444,1,marketPlayerTeam,on_sale,ok,false,2026-09-01T23:14:54+02:00,,,
2026-08-31T0523Z,laliga,23198057,2785,Riedel,Clemens Riedel,2,6431832,6448770,1,marketPlayerTeam,on_sale,ok,false,2026-09-02T04:39:07+02:00,,,
2026-08-31T0523Z,laliga,23198759,2930,Nuñez,Unai Núñez,2,7512714,7226526,1,marketPlayerTeam,on_sale,ok,false,2026-09-02T04:44:37+02:00,,,
2026-08-31T0523Z,laliga,23198784,2846,Arguibide,Iñigo Arguibide,2,892257,821525,2,marketPlayerTeam,on_sale,ok,false,2026-09-02T04:44:46+02:00,,,
2026-08-31T0523Z,laliga,23957784,3037,C. Puga,Carlos Puga,2,4933367,4965067,1,marketPlayerTeam,on_sale,ok,false,2026-09-02T22:18:21+02:00,,,
2026-08-31T0523Z,laliga,23957905,2315,Paredes,Aitor Paredes,2,7434765,7345599,1,marketPlayerTeam,on_sale,ok,false,2026-09-02T22:18:26+02:00,,,
2026-08-31T0523Z,laliga,23958141,2474,Denis Suárez,Denis Suárez,3,2555256,2544002,1,marketPlayerTeam,on_sale,ok,false,2026-09-02T22:18:36+02:00,,,
2026-08-31T0523Z,laliga,23962041,2386,Nteka,Randy Nteka,4,1326663,1340991,1,marketPlayerTeam,on_sale,ok,false,2026-09-02T22:21:30+02:00,,,
2026-08-31T0523Z,laliga,23962244,3105,Cala,Álex Calatrava Torrado,4,5650288,5449290,1,marketPlayerTeam,on_sale,ok,false,2026-09-02T22:21:38+02:00,,,
2026-08-31T0635Z,laliga,123923825,1851,Claudio Giraldez,Claudio Giráldez,5,1465521,1507310,0,marketPlayerLeague,on_sale,ok,,2026-08-31T22:24:00+02:00,,,
2026-08-31T0635Z,laliga,123923826,1611,Bordalás,José Bordalás,5,23182073,24128719,0,marketPlayerLeague,on_sale,ok,,2026-08-31T22:24:00+02:00,,,
2026-08-31T0635Z,laliga,123923827,2723,Mauro,Mauro Echegoyen,3,524427,527004,0,marketPlayerLeague,on_sale,ok,,2026-08-31T22:24:00+02:00,,,
2026-08-31T0635Z,laliga,123923829,2383,Pathé I. Ciss,Pathé Ciss,3,18742258,18472757,0,marketPlayerLeague,on_sale,ok,,2026-08-31T22:24:00+02:00,,,
2026-08-31T0635Z,laliga,123923832,140,Iván Villar,Iván Villar,1,713925,724398,0,marketPlayerLeague,on_sale,ok,,2026-08-31T22:24:00+02:00,,,
2026-08-31T0635Z,laliga,123923835,3126,Uche,Christantus Uche,4,12611212,13008311,0,marketPlayerLeague,on_sale,injured,,2026-08-31T22:24:00+02:00,,,
2026-08-31T0635Z,laliga,123923839,3210,Gordon,Anthony Gordon,4,67421836,67083486,0,marketPlayerLeague,on_sale,ok,,2026-08-31T22:24:00+02:00,,,
2026-08-31T0635Z,laliga,123923842,2480,Johnny,Johnny Cardoso,3,3992173,4098964,0,marketPlayerLeague,on_sale,ok,,2026-08-31T22:24:00+02:00,,,
2026-08-31T0635Z,laliga,123923845,2549,Navarro,Robert Navarro,3,1729192,1765332,0,marketPlayerLeague,on_sale,ok,,2026-08-31T22:24:00+02:00,,,
2026-08-31T0635Z,laliga,123923849,3187,Gijselhart,Teun Gijselhart,3,1891991,1949117,0,marketPlayerLeague,on_sale,ok,,2026-08-31T22:24:00+02:00,,,
2026-08-31T0635Z,laliga,123923852,2768,Lucas Boyé,Lucas Boyé,4,12481638,11847651,2,marketPlayerLeague,on_sale,ok,,2026-08-31T22:24:00+02:00,20520017,11947651,pending
2026-08-31T0635Z,laliga,123923855,2940,Fidalgo,Álvaro Fidalgo,3,1908368,1961792,0,marketPlayerLeague,on_sale,ok,,2026-08-31T22:24:00+02:00,,,
2026-08-31T0635Z,laliga,123923858,3143,Diomande,Yan Diomande,4,68270610,69688300,0,marketPlayerLeague,on_sale,ok,,2026-08-31T22:24:00+02:00,,,
2026-08-31T0635Z,laliga,18807459,2746,Miguel Sierra,Miguel Sierra,4,1397738,1189929,2,marketPlayerTeam,on_sale,ok,false,2026-08-31T12:32:43+02:00,,,
2026-08-31T0635Z,laliga,20358345,3036,Dani Lorenzo,Dani Lorenzo,3,10436108,10376224,1,marketPlayerTeam,on_sale,doubtful,false,2026-09-02T21:40:38+02:00,,,
2026-08-31T0635Z,laliga,21675028,3069,Blanco,Antonio Blanco,3,15596229,15080580,1,marketPlayerTeam,on_sale,ok,false,2026-08-31T12:32:30+02:00,,,
2026-08-31T0635Z,laliga,21675155,2455,Peque,Gerard Fernández Castellano,4,2827054,2762272,1,marketPlayerTeam,on_sale,ok,false,2026-08-31T12:32:47+02:00,,,
2026-08-31T0635Z,laliga,22182646,2429,Fran García,Fran García,2,15956328,13710368,1,marketPlayerTeam,on_sale,ok,false,2026-08-31T22:27:06+02:00,,,
2026-08-31T0635Z,laliga,22972720,3086,Moleiro,Alberto Moleiro,3,55377900,57627318,1,marketPlayerTeam,on_sale,ok,false,2026-09-01T21:55:20+02:00,,,
2026-08-31T0635Z,laliga,23021869,2295,Febas,Aleix Febas,3,23229795,23917434,1,marketPlayerTeam,on_sale,ok,false,2026-09-01T22:39:39+02:00,,,
2026-08-31T0635Z,laliga,23052817,2999,Mantilla,Álvaro Mantilla,2,2178717,2262901,1,marketPlayerTeam,on_sale,ok,false,2026-09-01T23:14:10+02:00,,,
2026-08-31T0635Z,laliga,23053472,3190,Ali Houary,Ali Houary,4,1636791,1734444,1,marketPlayerTeam,on_sale,ok,false,2026-09-01T23:14:54+02:00,,,
2026-08-31T0635Z,laliga,23198057,2785,Riedel,Clemens Riedel,2,6431832,6448770,1,marketPlayerTeam,on_sale,ok,false,2026-09-02T04:39:07+02:00,,,
2026-08-31T0635Z,laliga,23198759,2930,Nuñez,Unai Núñez,2,7512714,7226526,1,marketPlayerTeam,on_sale,ok,false,2026-09-02T04:44:37+02:00,,,
2026-08-31T0635Z,laliga,23198784,2846,Arguibide,Iñigo Arguibide,2,892257,821525,2,marketPlayerTeam,on_sale,ok,false,2026-09-02T04:44:46+02:00,,,
2026-08-31T0635Z,laliga,23957784,3037,C. Puga,Carlos Puga,2,4933367,4965067,1,marketPlayerTeam,on_sale,ok,false,2026-09-02T22:18:21+02:00,,,
2026-08-31T0635Z,laliga,23957905,2315,Paredes,Aitor Paredes,2,7434765,7345599,1,marketPlayerTeam,on_sale,ok,false,2026-09-02T22:18:26+02:00,,,
2026-08-31T0635Z,laliga,23958141,2474,Denis Suárez,Denis Suárez,3,2555256,2544002,1,marketPlayerTeam,on_sale,ok,false,2026-09-02T22:18:36+02:00,,,
2026-08-31T0635Z,laliga,23962041,2386,Nteka,Randy Nteka,4,1326663,1340991,1,marketPlayerTeam,on_sale,ok,false,2026-09-02T22:21:30+02:00,,,
2026-08-31T0635Z,laliga,23962244,3105,Cala,Álex Calatrava Torrado,4,5650288,5449290,1,marketPlayerTeam,on_sale,ok,false,2026-09-02T22:21:38+02:00,,,
2026-08-31T2215Z,laliga,129257200,2986,Antonio Hidalgo,Antonio Hidalgo,5,1040265,1067476,0,marketPlayerLeague,on_sale,ok,,2026-09-01T22:24:00+02:00,,,
2026-08-31T2215Z,laliga,129257208,1976,Hansi Flick,Hans-Dieter Flick,5,6323788,6502222,0,marketPlayerLeague,on_sale,ok,,2026-09-01T22:24:00+02:00,,,
2026-08-31T2215Z,laliga,129257211,701,Barrenetxea,Ander Barrenetxea Muguruza,3,25376515,25694715,0,marketPlayerLeague,on_sale,ok,,2026-09-01T22:24:00+02:00,,,
2026-08-31T2215Z,laliga,129257215,3242,Saliba,Nathan Saliba,3,7258081,7500000,0,marketPlayerLeague,on_sale,ok,,2026-09-01T22:24:00+02:00,,,
2026-08-31T2215Z,laliga,129257221,3238,M. Sarr,Mamadou Sarr,2,15193583,15700000,0,marketPlayerLeague,on_sale,ok,,2026-09-01T22:24:00+02:00,,,
2026-08-31T2215Z,laliga,129257225,1890,Boyomo,Enzo Boyomo,2,21835920,22478819,0,marketPlayerLeague,on_sale,ok,,2026-09-01T22:24:00+02:00,,,
2026-08-31T2215Z,laliga,129257227,3194,Arnau Ortiz,Arnau Ortiz,4,1134282,1159064,0,marketPlayerLeague,on_sale,ok,,2026-09-01T22:24:00+02:00,,,
2026-08-31T2215Z,laliga,129257229,3121,Dieng,Aliou Dieng,3,2908214,2999590,0,marketPlayerLeague,on_sale,ok,,2026-09-01T22:24:00+02:00,,,
2026-08-31T2215Z,laliga,129257232,2808,Bardghji,Roony Bardghji,4,1774885,1831382,0,marketPlayerLeague,on_sale,injured,,2026-09-01T22:24:00+02:00,,,
2026-08-31T2215Z,laliga,129257235,3154,Enes Ünal,Enes Ünal,4,17634515,17096283,0,marketPlayerLeague,on_sale,ok,,2026-09-01T22:24:00+02:00,,,
2026-08-31T2215Z,laliga,129257238,2470,Foyth,Juan Foyth,2,18988797,18312796,0,marketPlayerLeague,on_sale,ok,,2026-09-01T22:24:00+02:00,,,
2026-08-31T2215Z,laliga,129257241,2753,Suazo,Gabriel Suazo,2,4661999,4738004,0,marketPlayerLeague,on_sale,ok,,2026-09-01T22:24:00+02:00,,,
2026-08-31T2215Z,laliga,129257242,2322,Oblak,Jan Oblak,1,51227609,51288680,0,marketPlayerLeague,on_sale,ok,,2026-09-01T22:24:00+02:00,,,
2026-08-31T2215Z,laliga,11705725,3129,Carlos Espí,Carlos Espí,4,14217512,14155794,0,marketPlayerTeam,on_sale,ok,false,2026-09-03T23:30:19+02:00,,,
2026-08-31T2215Z,laliga,12717146,3068,Cabrera,Leandro Cabrera,2,11258274,11480507,0,marketPlayerTeam,on_sale,ok,false,2026-09-03T22:03:15+02:00,,,
2026-08-31T2215Z,laliga,14243639,3035,Izan M.,Izan Merino,3,4902492,4980899,0,marketPlayerTeam,on_sale,ok,false,2026-09-03T23:30:38+02:00,,,
2026-08-31T2215Z,laliga,20358345,3036,Dani Lorenzo,Dani Lorenzo,3,10282729,10376224,1,marketPlayerTeam,on_sale,ok,false,2026-09-02T21:40:38+02:00,,,
2026-08-31T2215Z,laliga,21227596,3078,T. Martínez,Toni Martínez,4,26404921,27116158,0,marketPlayerTeam,on_sale,doubtful,false,2026-09-03T23:30:29+02:00,,,
2026-08-31T2215Z,laliga,23021869,2295,Febas,Aleix Febas,3,22654472,23917434,1,marketPlayerTeam,on_sale,ok,false,2026-09-01T22:39:39+02:00,,,
2026-08-31T2215Z,laliga,23052817,2999,Mantilla,Álvaro Mantilla,2,2135545,2262901,1,marketPlayerTeam,on_sale,ok,false,2026-09-01T23:14:10+02:00,,,
2026-08-31T2215Z,laliga,23053472,3190,Ali Houary,Ali Houary,4,1586805,1734444,1,marketPlayerTeam,on_sale,ok,false,2026-09-01T23:14:54+02:00,,,
2026-08-31T2215Z,laliga,23198057,2785,Riedel,Clemens Riedel,2,6353670,6448770,1,marketPlayerTeam,on_sale,ok,false,2026-09-02T04:39:07+02:00,,,
2026-08-31T2215Z,laliga,23198759,2930,Nuñez,Unai Núñez,2,7863091,7226526,1,marketPlayerTeam,on_sale,ok,false,2026-09-02T04:44:37+02:00,,,
2026-08-31T2215Z,laliga,23198784,2846,Arguibide,Iñigo Arguibide,2,999694,821525,2,marketPlayerTeam,on_sale,ok,false,2026-09-02T04:44:46+02:00,,,
2026-08-31T2215Z,laliga,23957784,3037,C. Puga,Carlos Puga,2,4858901,4965067,1,marketPlayerTeam,on_sale,ok,false,2026-09-02T22:18:21+02:00,,,
2026-08-31T2215Z,laliga,23957905,2315,Paredes,Aitor Paredes,2,7814519,7345599,2,marketPlayerTeam,on_sale,ok,false,2026-09-02T22:18:26+02:00,,,
2026-08-31T2215Z,laliga,23958141,2474,Denis Suárez,Denis Suárez,3,2552127,2544002,1,marketPlayerTeam,on_sale,ok,false,2026-09-02T22:18:36+02:00,,,
2026-08-31T2215Z,laliga,23962041,2386,Nteka,Randy Nteka,4,1305481,1340991,1,marketPlayerTeam,on_sale,ok,false,2026-09-02T22:21:30+02:00,,,
2026-08-31T2215Z,laliga,23962244,3105,Cala,Álex Calatrava Torrado,4,5824812,5449290,1,marketPlayerTeam,on_sale,ok,false,2026-09-02T22:21:38+02:00,,,
2026-08-31T2215Z,laliga,24874459,2757,Gerard Martín,Gerard Martín,2,47665967,46370716,1,marketPlayerTeam,on_sale,ok,false,2026-09-03T21:52:11+02:00,,,
2026-08-31T2244Z,laliga,129257200,2986,Antonio Hidalgo,Antonio Hidalgo,5,1040265,1067476,0,marketPlayerLeague,on_sale,ok,,2026-09-01T22:24:00+02:00,,,
2026-08-31T2244Z,laliga,129257208,1976,Hansi Flick,Hans-Dieter Flick,5,6323788,6502222,0,marketPlayerLeague,on_sale,ok,,2026-09-01T22:24:00+02:00,,,
2026-08-31T2244Z,laliga,129257211,701,Barrenetxea,Ander Barrenetxea Muguruza,3,25376515,25694715,0,marketPlayerLeague,on_sale,ok,,2026-09-01T22:24:00+02:00,,,
2026-08-31T2244Z,laliga,129257215,3242,Saliba,Nathan Saliba,3,7258081,7500000,0,marketPlayerLeague,on_sale,ok,,2026-09-01T22:24:00+02:00,,,
2026-08-31T2244Z,laliga,129257221,3238,M. Sarr,Mamadou Sarr,2,15193583,15700000,0,marketPlayerLeague,on_sale,ok,,2026-09-01T22:24:00+02:00,,,
2026-08-31T2244Z,laliga,129257225,1890,Boyomo,Enzo Boyomo,2,21835920,22478819,0,marketPlayerLeague,on_sale,ok,,2026-09-01T22:24:00+02:00,,,
2026-08-31T2244Z,laliga,129257227,3194,Arnau Ortiz,Arnau Ortiz,4,1134282,1159064,0,marketPlayerLeague,on_sale,ok,,2026-09-01T22:24:00+02:00,,,
2026-08-31T2244Z,laliga,129257229,3121,Dieng,Aliou Dieng,3,2908214,2999590,0,marketPlayerLeague,on_sale,ok,,2026-09-01T22:24:00+02:00,,,
2026-08-31T2244Z,laliga,129257232,2808,Bardghji,Roony Bardghji,4,1774885,1831382,0,marketPlayerLeague,on_sale,injured,,2026-09-01T22:24:00+02:00,,,
2026-08-31T2244Z,laliga,129257235,3154,Enes Ünal,Enes Ünal,4,17634515,17096283,0,marketPlayerLeague,on_sale,ok,,2026-09-01T22:24:00+02:00,,,
2026-08-31T2244Z,laliga,129257238,2470,Foyth,Juan Foyth,2,18988797,18312796,0,marketPlayerLeague,on_sale,ok,,2026-09-01T22:24:00+02:00,,,
2026-08-31T2244Z,laliga,129257241,2753,Suazo,Gabriel Suazo,2,4661999,4738004,0,marketPlayerLeague,on_sale,ok,,2026-09-01T22:24:00+02:00,,,
2026-08-31T2244Z,laliga,129257242,2322,Oblak,Jan Oblak,1,51227609,51288680,0,marketPlayerLeague,on_sale,ok,,2026-09-01T22:24:00+02:00,,,
2026-08-31T2244Z,laliga,11705725,3129,Carlos Espí,Carlos Espí,4,14217512,14155794,0,marketPlayerTeam,on_sale,ok,false,2026-09-03T23:30:19+02:00,,,
2026-08-31T2244Z,laliga,12717146,3068,Cabrera,Leandro Cabrera,2,11258274,11480507,0,marketPlayerTeam,on_sale,ok,false,2026-09-03T22:03:15+02:00,,,
2026-08-31T2244Z,laliga,14243639,3035,Izan M.,Izan Merino,3,4902492,4980899,0,marketPlayerTeam,on_sale,ok,false,2026-09-03T23:30:38+02:00,,,
2026-08-31T2244Z,laliga,20358345,3036,Dani Lorenzo,Dani Lorenzo,3,10282729,10376224,1,marketPlayerTeam,on_sale,ok,false,2026-09-02T21:40:38+02:00,,,
2026-08-31T2244Z,laliga,21227596,3078,T. Martínez,Toni Martínez,4,26404921,27116158,0,marketPlayerTeam,on_sale,doubtful,false,2026-09-03T23:30:29+02:00,,,
2026-08-31T2244Z,laliga,23021869,2295,Febas,Aleix Febas,3,22654472,23917434,1,marketPlayerTeam,on_sale,ok,false,2026-09-01T22:39:39+02:00,,,
2026-08-31T2244Z,laliga,23052817,2999,Mantilla,Álvaro Mantilla,2,2135545,2262901,1,marketPlayerTeam,on_sale,ok,false,2026-09-01T23:14:10+02:00,,,
2026-08-31T2244Z,laliga,23053472,3190,Ali Houary,Ali Houary,4,1586805,1734444,1,marketPlayerTeam,on_sale,ok,false,2026-09-01T23:14:54+02:00,,,
2026-08-31T2244Z,laliga,23198057,2785,Riedel,Clemens Riedel,2,6353670,6448770,1,marketPlayerTeam,on_sale,ok,false,2026-09-02T04:39:07+02:00,,,
2026-08-31T2244Z,laliga,23198759,2930,Nuñez,Unai Núñez,2,7863091,7226526,1,marketPlayerTeam,on_sale,ok,false,2026-09-02T04:44:37+02:00,,,
2026-08-31T2244Z,laliga,23198784,2846,Arguibide,Iñigo Arguibide,2,999694,821525,2,marketPlayerTeam,on_sale,ok,false,2026-09-02T04:44:46+02:00,,,
2026-08-31T2244Z,laliga,23957784,3037,C. Puga,Carlos Puga,2,4858901,4965067,1,marketPlayerTeam,on_sale,ok,false,2026-09-02T22:18:21+02:00,,,
2026-08-31T2244Z,laliga,23957905,2315,Paredes,Aitor Paredes,2,7814519,7345599,2,marketPlayerTeam,on_sale,ok,false,2026-09-02T22:18:26+02:00,,,
2026-08-31T2244Z,laliga,23958141,2474,Denis Suárez,Denis Suárez,3,2552127,2544002,1,marketPlayerTeam,on_sale,ok,false,2026-09-02T22:18:36+02:00,,,
2026-08-31T2244Z,laliga,23962041,2386,Nteka,Randy Nteka,4,1305481,1340991,1,marketPlayerTeam,on_sale,ok,false,2026-09-02T22:21:30+02:00,,,
2026-08-31T2244Z,laliga,23962244,3105,Cala,Álex Calatrava Torrado,4,5824812,5449290,1,marketPlayerTeam,on_sale,ok,false,2026-09-02T22:21:38+02:00,,,
2026-08-31T2244Z,laliga,24874459,2757,Gerard Martín,Gerard Martín,2,47665967,46370716,1,marketPlayerTeam,on_sale,ok,false,2026-09-03T21:52:11+02:00,,,
2026-08-31T2252Z,laliga,129257200,2986,Antonio Hidalgo,Antonio Hidalgo,5,1040265,1067476,0,marketPlayerLeague,on_sale,ok,,2026-09-01T22:24:00+02:00,,,
2026-08-31T2252Z,laliga,129257208,1976,Hansi Flick,Hans-Dieter Flick,5,6323788,6502222,0,marketPlayerLeague,on_sale,ok,,2026-09-01T22:24:00+02:00,,,
2026-08-31T2252Z,laliga,129257211,701,Barrenetxea,Ander Barrenetxea Muguruza,3,25376515,25694715,0,marketPlayerLeague,on_sale,ok,,2026-09-01T22:24:00+02:00,,,
2026-08-31T2252Z,laliga,129257215,3242,Saliba,Nathan Saliba,3,7258081,7500000,0,marketPlayerLeague,on_sale,ok,,2026-09-01T22:24:00+02:00,,,
2026-08-31T2252Z,laliga,129257221,3238,M. Sarr,Mamadou Sarr,2,15193583,15700000,0,marketPlayerLeague,on_sale,ok,,2026-09-01T22:24:00+02:00,,,
2026-08-31T2252Z,laliga,129257225,1890,Boyomo,Enzo Boyomo,2,21835920,22478819,0,marketPlayerLeague,on_sale,ok,,2026-09-01T22:24:00+02:00,,,
2026-08-31T2252Z,laliga,129257227,3194,Arnau Ortiz,Arnau Ortiz,4,1134282,1159064,0,marketPlayerLeague,on_sale,ok,,2026-09-01T22:24:00+02:00,,,
2026-08-31T2252Z,laliga,129257229,3121,Dieng,Aliou Dieng,3,2908214,2999590,0,marketPlayerLeague,on_sale,ok,,2026-09-01T22:24:00+02:00,,,
2026-08-31T2252Z,laliga,129257232,2808,Bardghji,Roony Bardghji,4,1774885,1831382,0,marketPlayerLeague,on_sale,injured,,2026-09-01T22:24:00+02:00,,,
2026-08-31T2252Z,laliga,129257235,3154,Enes Ünal,Enes Ünal,4,17634515,17096283,0,marketPlayerLeague,on_sale,ok,,2026-09-01T22:24:00+02:00,,,
2026-08-31T2252Z,laliga,129257238,2470,Foyth,Juan Foyth,2,18988797,18312796,0,marketPlayerLeague,on_sale,ok,,2026-09-01T22:24:00+02:00,,,
2026-08-31T2252Z,laliga,129257241,2753,Suazo,Gabriel Suazo,2,4661999,4738004,0,marketPlayerLeague,on_sale,ok,,2026-09-01T22:24:00+02:00,,,
2026-08-31T2252Z,laliga,129257242,2322,Oblak,Jan Oblak,1,51227609,51288680,0,marketPlayerLeague,on_sale,ok,,2026-09-01T22:24:00+02:00,,,
2026-08-31T2252Z,laliga,11705725,3129,Carlos Espí,Carlos Espí,4,14217512,14155794,0,marketPlayerTeam,on_sale,ok,false,2026-09-03T23:30:19+02:00,,,
2026-08-31T2252Z,laliga,12717146,3068,Cabrera,Leandro Cabrera,2,11258274,11480507,0,marketPlayerTeam,on_sale,ok,false,2026-09-03T22:03:15+02:00,,,
2026-08-31T2252Z,laliga,14243639,3035,Izan M.,Izan Merino,3,4902492,4980899,0,marketPlayerTeam,on_sale,ok,false,2026-09-03T23:30:38+02:00,,,
2026-08-31T2252Z,laliga,20358345,3036,Dani Lorenzo,Dani Lorenzo,3,10282729,10376224,1,marketPlayerTeam,on_sale,ok,false,2026-09-02T21:40:38+02:00,,,
2026-08-31T2252Z,laliga,21227596,3078,T. Martínez,Toni Martínez,4,26404921,27116158,0,marketPlayerTeam,on_sale,doubtful,false,2026-09-03T23:30:29+02:00,,,
2026-08-31T2252Z,laliga,23021869,2295,Febas,Aleix Febas,3,22654472,23917434,1,marketPlayerTeam,on_sale,ok,false,2026-09-01T22:39:39+02:00,,,
2026-08-31T2252Z,laliga,23052817,2999,Mantilla,Álvaro Mantilla,2,2135545,2262901,1,marketPlayerTeam,on_sale,ok,false,2026-09-01T23:14:10+02:00,,,
2026-08-31T2252Z,laliga,23053472,3190,Ali Houary,Ali Houary,4,1586805,1734444,1,marketPlayerTeam,on_sale,ok,false,2026-09-01T23:14:54+02:00,,,
2026-08-31T2252Z,laliga,23198057,2785,Riedel,Clemens Riedel,2,6353670,6448770,1,marketPlayerTeam,on_sale,ok,false,2026-09-02T04:39:07+02:00,,,
2026-08-31T2252Z,laliga,23198759,2930,Nuñez,Unai Núñez,2,7863091,7226526,1,marketPlayerTeam,on_sale,ok,false,2026-09-02T04:44:37+02:00,,,
2026-08-31T2252Z,laliga,23198784,2846,Arguibide,Iñigo Arguibide,2,999694,821525,2,marketPlayerTeam,on_sale,ok,false,2026-09-02T04:44:46+02:00,,,
2026-08-31T2252Z,laliga,23957784,3037,C. Puga,Carlos Puga,2,4858901,4965067,1,marketPlayerTeam,on_sale,ok,false,2026-09-02T22:18:21+02:00,,,
2026-08-31T2252Z,laliga,23957905,2315,Paredes,Aitor Paredes,2,7814519,7345599,2,marketPlayerTeam,on_sale,ok,false,2026-09-02T22:18:26+02:00,,,
2026-08-31T2252Z,laliga,23958141,2474,Denis Suárez,Denis Suárez,3,2552127,2544002,1,marketPlayerTeam,on_sale,ok,false,2026-09-02T22:18:36+02:00,,,
2026-08-31T2252Z,laliga,23962041,2386,Nteka,Randy Nteka,4,1305481,1340991,1,marketPlayerTeam,on_sale,ok,false,2026-09-02T22:21:30+02:00,,,
2026-08-31T2252Z,laliga,23962244,3105,Cala,Álex Calatrava Torrado,4,5824812,5449290,1,marketPlayerTeam,on_sale,ok,false,2026-09-02T22:21:38+02:00,,,
2026-08-31T2252Z,laliga,24874459,2757,Gerard Martín,Gerard Martín,2,47665967,46370716,1,marketPlayerTeam,on_sale,ok,false,2026-09-03T21:52:11+02:00,,,
2026-09-01T0730Z,laliga,129257200,2986,Antonio Hidalgo,Antonio Hidalgo,5,1040265,1067476,0,marketPlayerLeague,on_sale,ok,,2026-09-01T22:24:00+02:00,,,
2026-09-01T0730Z,laliga,129257208,1976,Hansi Flick,Hans-Dieter Flick,5,6323788,6502222,0,marketPlayerLeague,on_sale,ok,,2026-09-01T22:24:00+02:00,,,
2026-09-01T0730Z,laliga,129257211,701,Barrenetxea,Ander Barrenetxea Muguruza,3,25376515,25694715,0,marketPlayerLeague,on_sale,ok,,2026-09-01T22:24:00+02:00,,,
2026-09-01T0730Z,laliga,129257215,3242,Saliba,Nathan Saliba,3,7258081,7500000,0,marketPlayerLeague,on_sale,ok,,2026-09-01T22:24:00+02:00,,,
2026-09-01T0730Z,laliga,129257221,3238,M. Sarr,Mamadou Sarr,2,15193583,15700000,0,marketPlayerLeague,on_sale,ok,,2026-09-01T22:24:00+02:00,,,
2026-09-01T0730Z,laliga,129257225,1890,Boyomo,Enzo Boyomo,2,21835920,22478819,0,marketPlayerLeague,on_sale,ok,,2026-09-01T22:24:00+02:00,,,
2026-09-01T0730Z,laliga,129257227,3194,Arnau Ortiz,Arnau Ortiz,4,1134282,1159064,0,marketPlayerLeague,on_sale,ok,,2026-09-01T22:24:00+02:00,,,
2026-09-01T0730Z,laliga,129257229,3121,Dieng,Aliou Dieng,3,2908214,2999590,0,marketPlayerLeague,on_sale,ok,,2026-09-01T22:24:00+02:00,,,
2026-09-01T0730Z,laliga,129257232,2808,Bardghji,Roony Bardghji,4,1774885,1831382,0,marketPlayerLeague,on_sale,injured,,2026-09-01T22:24:00+02:00,,,
2026-09-01T0730Z,laliga,129257235,3154,Enes Ünal,Enes Ünal,4,17634515,17096283,0,marketPlayerLeague,on_sale,ok,,2026-09-01T22:24:00+02:00,,,
2026-09-01T0730Z,laliga,129257238,2470,Foyth,Juan Foyth,2,18988797,18312796,0,marketPlayerLeague,on_sale,ok,,2026-09-01T22:24:00+02:00,,,
2026-09-01T0730Z,laliga,129257241,2753,Suazo,Gabriel Suazo,2,4661999,4738004,0,marketPlayerLeague,on_sale,ok,,2026-09-01T22:24:00+02:00,,,
2026-09-01T0730Z,laliga,129257242,2322,Oblak,Jan Oblak,1,51227609,51288680,0,marketPlayerLeague,on_sale,ok,,2026-09-01T22:24:00+02:00,,,
2026-09-01T0730Z,laliga,11705725,3129,Carlos Espí,Carlos Espí,4,14217512,14155794,0,marketPlayerTeam,on_sale,ok,false,2026-09-03T23:30:19+02:00,,,
2026-09-01T0730Z,laliga,12717146,3068,Cabrera,Leandro Cabrera,2,11258274,11480507,0,marketPlayerTeam,on_sale,ok,false,2026-09-03T22:03:15+02:00,,,
2026-09-01T0730Z,laliga,14243639,3035,Izan M.,Izan Merino,3,4902492,4980899,0,marketPlayerTeam,on_sale,ok,false,2026-09-03T23:30:38+02:00,,,
2026-09-01T0730Z,laliga,20358345,3036,Dani Lorenzo,Dani Lorenzo,3,10282729,10376224,1,marketPlayerTeam,on_sale,ok,false,2026-09-02T21:40:38+02:00,,,
2026-09-01T0730Z,laliga,21227596,3078,T. Martínez,Toni Martínez,4,26404921,27116158,0,marketPlayerTeam,on_sale,doubtful,false,2026-09-03T23:30:29+02:00,,,
2026-09-01T0730Z,laliga,23021869,2295,Febas,Aleix Febas,3,22654472,23917434,1,marketPlayerTeam,on_sale,ok,false,2026-09-01T22:39:39+02:00,,,
2026-09-01T0730Z,laliga,23052817,2999,Mantilla,Álvaro Mantilla,2,2135545,2262901,1,marketPlayerTeam,on_sale,ok,false,2026-09-01T23:14:10+02:00,,,
2026-09-01T0730Z,laliga,23053472,3190,Ali Houary,Ali Houary,4,1586805,1734444,1,marketPlayerTeam,on_sale,ok,false,2026-09-01T23:14:54+02:00,,,
2026-09-01T0730Z,laliga,23198057,2785,Riedel,Clemens Riedel,2,6353670,6448770,1,marketPlayerTeam,on_sale,ok,false,2026-09-02T04:39:07+02:00,,,
2026-09-01T0730Z,laliga,23198759,2930,Nuñez,Unai Núñez,2,7863091,7226526,1,marketPlayerTeam,on_sale,ok,false,2026-09-02T04:44:37+02:00,,,
2026-09-01T0730Z,laliga,23198784,2846,Arguibide,Iñigo Arguibide,2,999694,821525,2,marketPlayerTeam,on_sale,ok,false,2026-09-02T04:44:46+02:00,,,
2026-09-01T0730Z,laliga,23957784,3037,C. Puga,Carlos Puga,2,4858901,4965067,1,marketPlayerTeam,on_sale,ok,false,2026-09-02T22:18:21+02:00,,,
2026-09-01T0730Z,laliga,23957905,2315,Paredes,Aitor Paredes,2,7814519,7345599,2,marketPlayerTeam,on_sale,ok,false,2026-09-02T22:18:26+02:00,,,
2026-09-01T0730Z,laliga,23958141,2474,Denis Suárez,Denis Suárez,3,2552127,2544002,1,marketPlayerTeam,on_sale,ok,false,2026-09-02T22:18:36+02:00,,,
2026-09-01T0730Z,laliga,23962244,3105,Cala,Álex Calatrava Torrado,4,5824812,5449290,1,marketPlayerTeam,on_sale,ok,false,2026-09-02T22:21:38+02:00,,,
2026-09-01T0730Z,laliga,24874459,2757,Gerard Martín,Gerard Martín,2,47665967,46370716,1,marketPlayerTeam,on_sale,ok,false,2026-09-03T21:52:11+02:00,,,
2026-09-01T0759Z,laliga,129257200,2986,Antonio Hidalgo,Antonio Hidalgo,5,1040265,1067476,0,marketPlayerLeague,on_sale,ok,,2026-09-01T22:24:00+02:00,,,
2026-09-01T0759Z,laliga,129257208,1976,Hansi Flick,Hans-Dieter Flick,5,6323788,6502222,0,marketPlayerLeague,on_sale,ok,,2026-09-01T22:24:00+02:00,,,
2026-09-01T0759Z,laliga,129257211,701,Barrenetxea,Ander Barrenetxea Muguruza,3,25376515,25694715,0,marketPlayerLeague,on_sale,ok,,2026-09-01T22:24:00+02:00,,,
2026-09-01T0759Z,laliga,129257215,3242,Saliba,Nathan Saliba,3,7258081,7500000,0,marketPlayerLeague,on_sale,ok,,2026-09-01T22:24:00+02:00,,,
2026-09-01T0759Z,laliga,129257221,3238,M. Sarr,Mamadou Sarr,2,15193583,15700000,0,marketPlayerLeague,on_sale,ok,,2026-09-01T22:24:00+02:00,,,
2026-09-01T0759Z,laliga,129257225,1890,Boyomo,Enzo Boyomo,2,21835920,22478819,0,marketPlayerLeague,on_sale,ok,,2026-09-01T22:24:00+02:00,,,
2026-09-01T0759Z,laliga,129257227,3194,Arnau Ortiz,Arnau Ortiz,4,1134282,1159064,0,marketPlayerLeague,on_sale,ok,,2026-09-01T22:24:00+02:00,,,
2026-09-01T0759Z,laliga,129257229,3121,Dieng,Aliou Dieng,3,2908214,2999590,0,marketPlayerLeague,on_sale,ok,,2026-09-01T22:24:00+02:00,,,
2026-09-01T0759Z,laliga,129257232,2808,Bardghji,Roony Bardghji,4,1774885,1831382,0,marketPlayerLeague,on_sale,injured,,2026-09-01T22:24:00+02:00,,,
2026-09-01T0759Z,laliga,129257235,3154,Enes Ünal,Enes Ünal,4,17634515,17096283,0,marketPlayerLeague,on_sale,ok,,2026-09-01T22:24:00+02:00,,,
2026-09-01T0759Z,laliga,129257238,2470,Foyth,Juan Foyth,2,18988797,18312796,0,marketPlayerLeague,on_sale,ok,,2026-09-01T22:24:00+02:00,,,
2026-09-01T0759Z,laliga,129257241,2753,Suazo,Gabriel Suazo,2,4661999,4738004,0,marketPlayerLeague,on_sale,ok,,2026-09-01T22:24:00+02:00,,,
2026-09-01T0759Z,laliga,129257242,2322,Oblak,Jan Oblak,1,51227609,51288680,0,marketPlayerLeague,on_sale,ok,,2026-09-01T22:24:00+02:00,,,
2026-09-01T0759Z,laliga,11705725,3129,Carlos Espí,Carlos Espí,4,14217512,14155794,0,marketPlayerTeam,on_sale,ok,false,2026-09-03T23:30:19+02:00,,,
2026-09-01T0759Z,laliga,12717146,3068,Cabrera,Leandro Cabrera,2,11258274,11480507,0,marketPlayerTeam,on_sale,ok,false,2026-09-03T22:03:15+02:00,,,
2026-09-01T0759Z,laliga,14243639,3035,Izan M.,Izan Merino,3,4902492,4980899,0,marketPlayerTeam,on_sale,ok,false,2026-09-03T23:30:38+02:00,,,
2026-09-01T0759Z,laliga,20358345,3036,Dani Lorenzo,Dani Lorenzo,3,10282729,10376224,1,marketPlayerTeam,on_sale,ok,false,2026-09-02T21:40:38+02:00,,,
2026-09-01T0759Z,laliga,21227596,3078,T. Martínez,Toni Martínez,4,26404921,27116158,0,marketPlayerTeam,on_sale,doubtful,false,2026-09-03T23:30:29+02:00,,,
2026-09-01T0759Z,laliga,23021869,2295,Febas,Aleix Febas,3,22654472,23917434,1,marketPlayerTeam,on_sale,ok,false,2026-09-01T22:39:39+02:00,,,
2026-09-01T0759Z,laliga,23052817,2999,Mantilla,Álvaro Mantilla,2,2135545,2262901,1,marketPlayerTeam,on_sale,ok,false,2026-09-01T23:14:10+02:00,,,
2026-09-01T0759Z,laliga,23053472,3190,Ali Houary,Ali Houary,4,1586805,1734444,1,marketPlayerTeam,on_sale,ok,false,2026-09-01T23:14:54+02:00,,,
2026-09-01T0759Z,laliga,23198057,2785,Riedel,Clemens Riedel,2,6353670,6448770,1,marketPlayerTeam,on_sale,ok,false,2026-09-02T04:39:07+02:00,,,
2026-09-01T0759Z,laliga,23198759,2930,Nuñez,Unai Núñez,2,7863091,7226526,1,marketPlayerTeam,on_sale,ok,false,2026-09-02T04:44:37+02:00,,,
2026-09-01T0759Z,laliga,23198784,2846,Arguibide,Iñigo Arguibide,2,999694,821525,2,marketPlayerTeam,on_sale,ok,false,2026-09-02T04:44:46+02:00,,,
2026-09-01T0759Z,laliga,23957784,3037,C. Puga,Carlos Puga,2,4858901,4965067,1,marketPlayerTeam,on_sale,ok,false,2026-09-02T22:18:21+02:00,,,
2026-09-01T0759Z,laliga,23957905,2315,Paredes,Aitor Paredes,2,7814519,7345599,2,marketPlayerTeam,on_sale,ok,false,2026-09-02T22:18:26+02:00,,,
2026-09-01T0759Z,laliga,23958141,2474,Denis Suárez,Denis Suárez,3,2552127,2544002,1,marketPlayerTeam,on_sale,ok,false,2026-09-02T22:18:36+02:00,,,
2026-09-01T0759Z,laliga,23962244,3105,Cala,Álex Calatrava Torrado,4,5824812,5449290,1,marketPlayerTeam,on_sale,ok,false,2026-09-02T22:21:38+02:00,,,
2026-09-01T0759Z,laliga,24874459,2757,Gerard Martín,Gerard Martín,2,47665967,46370716,1,marketPlayerTeam,on_sale,ok,false,2026-09-03T21:52:11+02:00,,,
2026-09-01T1056Z,laliga,129257200,2986,Antonio Hidalgo,Antonio Hidalgo,5,1040265,1067476,0,marketPlayerLeague,on_sale,ok,,2026-09-01T22:24:00+02:00,,,
2026-09-01T1056Z,laliga,129257208,1976,Hansi Flick,Hans-Dieter Flick,5,6323788,6502222,0,marketPlayerLeague,on_sale,ok,,2026-09-01T22:24:00+02:00,,,
2026-09-01T1056Z,laliga,129257211,701,Barrenetxea,Ander Barrenetxea Muguruza,3,25376515,25694715,0,marketPlayerLeague,on_sale,ok,,2026-09-01T22:24:00+02:00,,,
2026-09-01T1056Z,laliga,129257215,3242,Saliba,Nathan Saliba,3,7258081,7500000,0,marketPlayerLeague,on_sale,ok,,2026-09-01T22:24:00+02:00,,,
2026-09-01T1056Z,laliga,129257221,3238,M. Sarr,Mamadou Sarr,2,15193583,15700000,0,marketPlayerLeague,on_sale,ok,,2026-09-01T22:24:00+02:00,,,
2026-09-01T1056Z,laliga,129257225,1890,Boyomo,Enzo Boyomo,2,21835920,22478819,0,marketPlayerLeague,on_sale,ok,,2026-09-01T22:24:00+02:00,,,
2026-09-01T1056Z,laliga,129257227,3194,Arnau Ortiz,Arnau Ortiz,4,1134282,1159064,0,marketPlayerLeague,on_sale,ok,,2026-09-01T22:24:00+02:00,,,
2026-09-01T1056Z,laliga,129257229,3121,Dieng,Aliou Dieng,3,2908214,2999590,0,marketPlayerLeague,on_sale,ok,,2026-09-01T22:24:00+02:00,,,
2026-09-01T1056Z,laliga,129257232,2808,Bardghji,Roony Bardghji,4,1774885,1831382,0,marketPlayerLeague,on_sale,injured,,2026-09-01T22:24:00+02:00,,,
2026-09-01T1056Z,laliga,129257235,3154,Enes Ünal,Enes Ünal,4,17634515,17096283,0,marketPlayerLeague,on_sale,ok,,2026-09-01T22:24:00+02:00,,,
2026-09-01T1056Z,laliga,129257238,2470,Foyth,Juan Foyth,2,18988797,18312796,0,marketPlayerLeague,on_sale,ok,,2026-09-01T22:24:00+02:00,,,
2026-09-01T1056Z,laliga,129257241,2753,Suazo,Gabriel Suazo,2,4661999,4738004,0,marketPlayerLeague,on_sale,ok,,2026-09-01T22:24:00+02:00,,,
2026-09-01T1056Z,laliga,129257242,2322,Oblak,Jan Oblak,1,51227609,51288680,0,marketPlayerLeague,on_sale,ok,,2026-09-01T22:24:00+02:00,,,
2026-09-01T1056Z,laliga,11705725,3129,Carlos Espí,Carlos Espí,4,14217512,14155794,0,marketPlayerTeam,on_sale,ok,false,2026-09-03T23:30:19+02:00,,,
2026-09-01T1056Z,laliga,12717146,3068,Cabrera,Leandro Cabrera,2,11258274,11480507,0,marketPlayerTeam,on_sale,ok,false,2026-09-03T22:03:15+02:00,,,
2026-09-01T1056Z,laliga,14243639,3035,Izan M.,Izan Merino,3,4902492,4980899,0,marketPlayerTeam,on_sale,ok,false,2026-09-03T23:30:38+02:00,,,
2026-09-01T1056Z,laliga,20358345,3036,Dani Lorenzo,Dani Lorenzo,3,10282729,10376224,1,marketPlayerTeam,on_sale,ok,false,2026-09-02T21:40:38+02:00,,,
2026-09-01T1056Z,laliga,21227596,3078,T. Martínez,Toni Martínez,4,26404921,27116158,0,marketPlayerTeam,on_sale,doubtful,false,2026-09-03T23:30:29+02:00,,,
2026-09-01T1056Z,laliga,23021869,2295,Febas,Aleix Febas,3,22654472,23917434,1,marketPlayerTeam,on_sale,ok,false,2026-09-01T22:39:39+02:00,,,
2026-09-01T1056Z,laliga,23052817,2999,Mantilla,Álvaro Mantilla,2,2135545,2262901,1,marketPlayerTeam,on_sale,ok,false,2026-09-01T23:14:10+02:00,,,
2026-09-01T1056Z,laliga,23053472,3190,Ali Houary,Ali Houary,4,1586805,1734444,1,marketPlayerTeam,on_sale,ok,false,2026-09-01T23:14:54+02:00,,,
2026-09-01T1056Z,laliga,23198057,2785,Riedel,Clemens Riedel,2,6353670,6448770,1,marketPlayerTeam,on_sale,ok,false,2026-09-02T04:39:07+02:00,,,
2026-09-01T1056Z,laliga,23198759,2930,Nuñez,Unai Núñez,2,7863091,7226526,1,marketPlayerTeam,on_sale,ok,false,2026-09-02T04:44:37+02:00,,,
2026-09-01T1056Z,laliga,23198784,2846,Arguibide,Iñigo Arguibide,2,999694,821525,2,marketPlayerTeam,on_sale,ok,false,2026-09-02T04:44:46+02:00,,,
2026-09-01T1056Z,laliga,23957784,3037,C. Puga,Carlos Puga,2,4858901,4965067,1,marketPlayerTeam,on_sale,ok,false,2026-09-02T22:18:21+02:00,,,
2026-09-01T1056Z,laliga,23957905,2315,Paredes,Aitor Paredes,2,7814519,7345599,2,marketPlayerTeam,on_sale,ok,false,2026-09-02T22:18:26+02:00,,,
2026-09-01T1056Z,laliga,23958141,2474,Denis Suárez,Denis Suárez,3,2552127,2544002,1,marketPlayerTeam,on_sale,ok,false,2026-09-02T22:18:36+02:00,,,
2026-09-01T1056Z,laliga,23962244,3105,Cala,Álex Calatrava Torrado,4,5824812,5449290,1,marketPlayerTeam,on_sale,ok,false,2026-09-02T22:21:38+02:00,,,
2026-09-01T1056Z,laliga,24874459,2757,Gerard Martín,Gerard Martín,2,47665967,46370716,1,marketPlayerTeam,on_sale,ok,false,2026-09-03T21:52:11+02:00,,,
2026-09-01T2039Z,laliga,134710893,2959,Luis García,Luis García,5,636684,636684,0,marketPlayerLeague,on_sale,ok,,2026-09-02T22:24:00+02:00,,,
2026-09-01T2039Z,laliga,134710895,3094,Edin Terzic,Edin Terzic,5,4229541,4229541,0,marketPlayerLeague,on_sale,ok,,2026-09-02T22:24:00+02:00,,,
2026-09-01T2039Z,laliga,134710897,3229,Yanis Musuayi,Yanis Musuayi,4,1800470,1800470,0,marketPlayerLeague,on_sale,ok,,2026-09-02T22:24:00+02:00,,,
2026-09-01T2039Z,laliga,134710899,3050,Jauregi,Eneko Jauregi,4,880899,880899,0,marketPlayerLeague,on_sale,ok,,2026-09-02T22:24:00+02:00,,,
2026-09-01T2039Z,laliga,134710901,2772,C. Soler,Carlos Soler,3,31453581,31453581,0,marketPlayerLeague,on_sale,ok,,2026-09-02T22:24:00+02:00,,,
2026-09-01T2039Z,laliga,134710903,2078,Hugo Alvarez,Hugo Álvarez,3,2344035,2344035,0,marketPlayerLeague,on_sale,ok,,2026-09-02T22:24:00+02:00,,,
2026-09-01T2039Z,laliga,134710905,2588,Danjuma,Arnaut Danjuma,4,5266756,5266756,0,marketPlayerLeague,on_sale,ok,,2026-09-02T22:24:00+02:00,,,
2026-09-01T2039Z,laliga,134710906,2442,Odriozola,Álvaro Odriozola,2,499415,499415,0,marketPlayerLeague,on_sale,injured,,2026-09-02T22:24:00+02:00,,,
2026-09-01T2039Z,laliga,134710908,2902,Diatta,Alassane Diatta,3,479656,479656,0,marketPlayerLeague,on_sale,ok,,2026-09-02T22:24:00+02:00,,,
2026-09-01T2039Z,laliga,134710910,2546,Foulquier,Dimitri Foulquier,2,1425025,1425025,0,marketPlayerLeague,on_sale,doubtful,,2026-09-02T22:24:00+02:00,,,
2026-09-01T2039Z,laliga,134710912,2596,V. Chust,Victor Chust,2,5307397,5307397,1,marketPlayerLeague,on_sale,ok,,2026-09-02T22:24:00+02:00,,,
2026-09-01T2039Z,laliga,134710913,3146,Kumbulla,Marash Kumbulla,2,3401131,3401131,0,marketPlayerLeague,on_sale,injured,,2026-09-02T22:24:00+02:00,,,
2026-09-01T2039Z,laliga,134710914,2644,Padilla,Álex Padilla,1,1039594,1039594,0,marketPlayerLeague,on_sale,ok,,2026-09-02T22:24:00+02:00,,,
2026-09-01T2039Z,laliga,11705725,3129,Carlos Espí,Carlos Espí,4,14214738,14155794,1,marketPlayerTeam,on_sale,ok,false,2026-09-03T23:30:19+02:00,,,
2026-09-01T2039Z,laliga,12717146,3068,Cabrera,Leandro Cabrera,2,11257176,11480507,1,marketPlayerTeam,on_sale,ok,false,2026-09-03T22:03:15+02:00,,,
2026-09-01T2039Z,laliga,14243639,3035,Izan M.,Izan Merino,3,4901919,4980899,1,marketPlayerTeam,on_sale,ok,false,2026-09-03T23:30:38+02:00,,,
2026-09-01T2039Z,laliga,20358345,3036,Dani Lorenzo,Dani Lorenzo,3,10281562,10376224,1,marketPlayerTeam,on_sale,ok,false,2026-09-02T21:40:38+02:00,,,
2026-09-01T2039Z,laliga,21227596,3078,T. Martínez,Toni Martínez,4,26403271,27116158,1,marketPlayerTeam,on_sale,injured,false,2026-09-03T23:30:29+02:00,,,
2026-09-01T2039Z,laliga,23052817,2999,Mantilla,Álvaro Mantilla,2,2135350,2262901,1,marketPlayerTeam,on_sale,ok,false,2026-09-01T23:14:10+02:00,,,
2026-09-01T2039Z,laliga,23053472,3190,Ali Houary,Ali Houary,4,1586737,1734444,1,marketPlayerTeam,on_sale,ok,false,2026-09-01T23:14:54+02:00,,,
2026-09-01T2039Z,laliga,23198759,2930,Nuñez,Unai Núñez,2,7859984,7226526,1,marketPlayerTeam,on_sale,ok,false,2026-09-02T04:44:37+02:00,,,
2026-09-01T2039Z,laliga,23198784,2846,Arguibide,Iñigo Arguibide,2,999120,821525,3,marketPlayerTeam,on_sale,ok,false,2026-09-02T04:44:46+02:00,,,
2026-09-01T2039Z,laliga,23957784,3037,C. Puga,Carlos Puga,2,4858358,4965067,1,marketPlayerTeam,on_sale,ok,false,2026-09-02T22:18:21+02:00,,,
2026-09-01T2039Z,laliga,23957905,2315,Paredes,Aitor Paredes,2,7811527,7345599,1,marketPlayerTeam,on_sale,ok,false,2026-09-02T22:18:26+02:00,,,
2026-09-01T2039Z,laliga,23958141,2474,Denis Suárez,Denis Suárez,3,2551689,2544002,1,marketPlayerTeam,on_sale,ok,false,2026-09-02T22:18:36+02:00,,,
2026-09-01T2039Z,laliga,23962244,3105,Cala,Álex Calatrava Torrado,4,5823042,5449290,1,marketPlayerTeam,on_sale,ok,false,2026-09-02T22:21:38+02:00,,,
2026-09-01T2039Z,laliga,24874459,2757,Gerard Martín,Gerard Martín,2,47652051,46370716,1,marketPlayerTeam,on_sale,ok,false,2026-09-03T21:52:11+02:00,,,
2026-09-01T2106Z,laliga,134710893,2959,Luis García,Luis García,5,636684,636684,0,marketPlayerLeague,on_sale,ok,,2026-09-02T22:24:00+02:00,,,
2026-09-01T2106Z,laliga,134710895,3094,Edin Terzic,Edin Terzic,5,4229541,4229541,0,marketPlayerLeague,on_sale,ok,,2026-09-02T22:24:00+02:00,,,
2026-09-01T2106Z,laliga,134710897,3229,Yanis Musuayi,Yanis Musuayi,4,1800470,1800470,0,marketPlayerLeague,on_sale,ok,,2026-09-02T22:24:00+02:00,,,
2026-09-01T2106Z,laliga,134710899,3050,Jauregi,Eneko Jauregi,4,880899,880899,0,marketPlayerLeague,on_sale,ok,,2026-09-02T22:24:00+02:00,,,
2026-09-01T2106Z,laliga,134710901,2772,C. Soler,Carlos Soler,3,31453581,31453581,0,marketPlayerLeague,on_sale,ok,,2026-09-02T22:24:00+02:00,,,
2026-09-01T2106Z,laliga,134710903,2078,Hugo Alvarez,Hugo Álvarez,3,2344035,2344035,0,marketPlayerLeague,on_sale,ok,,2026-09-02T22:24:00+02:00,,,
2026-09-01T2106Z,laliga,134710905,2588,Danjuma,Arnaut Danjuma,4,5266756,5266756,0,marketPlayerLeague,on_sale,ok,,2026-09-02T22:24:00+02:00,,,
2026-09-01T2106Z,laliga,134710906,2442,Odriozola,Álvaro Odriozola,2,499415,499415,0,marketPlayerLeague,on_sale,injured,,2026-09-02T22:24:00+02:00,,,
2026-09-01T2106Z,laliga,134710908,2902,Diatta,Alassane Diatta,3,479656,479656,0,marketPlayerLeague,on_sale,ok,,2026-09-02T22:24:00+02:00,,,
2026-09-01T2106Z,laliga,134710910,2546,Foulquier,Dimitri Foulquier,2,1425025,1425025,0,marketPlayerLeague,on_sale,doubtful,,2026-09-02T22:24:00+02:00,,,
2026-09-01T2106Z,laliga,134710912,2596,V. Chust,Victor Chust,2,5307397,5307397,1,marketPlayerLeague,on_sale,ok,,2026-09-02T22:24:00+02:00,,,
2026-09-01T2106Z,laliga,134710913,3146,Kumbulla,Marash Kumbulla,2,3401131,3401131,0,marketPlayerLeague,on_sale,injured,,2026-09-02T22:24:00+02:00,,,
2026-09-01T2106Z,laliga,134710914,2644,Padilla,Álex Padilla,1,1039594,1039594,0,marketPlayerLeague,on_sale,ok,,2026-09-02T22:24:00+02:00,,,
2026-09-01T2106Z,laliga,11705725,3129,Carlos Espí,Carlos Espí,4,14214738,14155794,1,marketPlayerTeam,on_sale,ok,false,2026-09-03T23:30:19+02:00,,,
2026-09-01T2106Z,laliga,12717146,3068,Cabrera,Leandro Cabrera,2,11257176,11480507,1,marketPlayerTeam,on_sale,ok,false,2026-09-03T22:03:15+02:00,,,
2026-09-01T2106Z,laliga,14243639,3035,Izan M.,Izan Merino,3,4901919,4980899,1,marketPlayerTeam,on_sale,ok,false,2026-09-03T23:30:38+02:00,,,
2026-09-01T2106Z,laliga,20358345,3036,Dani Lorenzo,Dani Lorenzo,3,10281562,10376224,1,marketPlayerTeam,on_sale,ok,false,2026-09-02T21:40:38+02:00,,,
2026-09-01T2106Z,laliga,21227596,3078,T. Martínez,Toni Martínez,4,26403271,27116158,1,marketPlayerTeam,on_sale,injured,false,2026-09-03T23:30:29+02:00,,,
2026-09-01T2106Z,laliga,23052817,2999,Mantilla,Álvaro Mantilla,2,2135350,2262901,1,marketPlayerTeam,on_sale,ok,false,2026-09-01T23:14:10+02:00,,,
2026-09-01T2106Z,laliga,23053472,3190,Ali Houary,Ali Houary,4,1586737,1734444,1,marketPlayerTeam,on_sale,ok,false,2026-09-01T23:14:54+02:00,,,
2026-09-01T2106Z,laliga,23198759,2930,Nuñez,Unai Núñez,2,7859984,7226526,1,marketPlayerTeam,on_sale,ok,false,2026-09-02T04:44:37+02:00,,,
2026-09-01T2106Z,laliga,23198784,2846,Arguibide,Iñigo Arguibide,2,999120,821525,3,marketPlayerTeam,on_sale,ok,false,2026-09-02T04:44:46+02:00,,,
2026-09-01T2106Z,laliga,23957784,3037,C. Puga,Carlos Puga,2,4858358,4965067,1,marketPlayerTeam,on_sale,ok,false,2026-09-02T22:18:21+02:00,,,
2026-09-01T2106Z,laliga,23957905,2315,Paredes,Aitor Paredes,2,7811527,7345599,1,marketPlayerTeam,on_sale,ok,false,2026-09-02T22:18:26+02:00,,,
2026-09-01T2106Z,laliga,23958141,2474,Denis Suárez,Denis Suárez,3,2551689,2544002,1,marketPlayerTeam,on_sale,ok,false,2026-09-02T22:18:36+02:00,,,
2026-09-01T2106Z,laliga,23962244,3105,Cala,Álex Calatrava Torrado,4,5823042,5449290,1,marketPlayerTeam,on_sale,ok,false,2026-09-02T22:21:38+02:00,,,
2026-09-01T2106Z,laliga,24874459,2757,Gerard Martín,Gerard Martín,2,47652051,46370716,1,marketPlayerTeam,on_sale,ok,false,2026-09-03T21:52:11+02:00,,,
2026-09-01T2244Z,laliga,134710893,2959,Luis García,Luis García,5,626962,636684,0,marketPlayerLeague,on_sale,ok,,2026-09-02T22:24:00+02:00,,,
2026-09-01T2244Z,laliga,134710895,3094,Edin Terzic,Edin Terzic,5,4076105,4229541,0,marketPlayerLeague,on_sale,ok,,2026-09-02T22:24:00+02:00,,,
2026-09-01T2244Z,laliga,134710897,3229,Yanis Musuayi,Yanis Musuayi,4,1746055,1800470,0,marketPlayerLeague,on_sale,ok,,2026-09-02T22:24:00+02:00,,,
2026-09-01T2244Z,laliga,134710899,3050,Jauregi,Eneko Jauregi,4,861409,880899,0,marketPlayerLeague,on_sale,ok,,2026-09-02T22:24:00+02:00,,,
2026-09-01T2244Z,laliga,134710901,2772,C. Soler,Carlos Soler,3,31406704,31453581,0,marketPlayerLeague,on_sale,ok,,2026-09-02T22:24:00+02:00,,,
2026-09-01T2244Z,laliga,134710903,2078,Hugo Alvarez,Hugo Álvarez,3,2317285,2344035,0,marketPlayerLeague,on_sale,ok,,2026-09-02T22:24:00+02:00,,,
2026-09-01T2244Z,laliga,134710905,2588,Danjuma,Arnaut Danjuma,4,5165951,5266756,0,marketPlayerLeague,on_sale,ok,,2026-09-02T22:24:00+02:00,,,
2026-09-01T2244Z,laliga,134710906,2442,Odriozola,Álvaro Odriozola,2,495184,499415,0,marketPlayerLeague,on_sale,injured,,2026-09-02T22:24:00+02:00,,,
2026-09-01T2244Z,laliga,134710908,2902,Diatta,Alassane Diatta,3,476216,479656,0,marketPlayerLeague,on_sale,ok,,2026-09-02T22:24:00+02:00,,,
2026-09-01T2244Z,laliga,134710910,2546,Foulquier,Dimitri Foulquier,2,1383770,1425025,0,marketPlayerLeague,on_sale,doubtful,,2026-09-02T22:24:00+02:00,,,
2026-09-01T2244Z,laliga,134710912,2596,V. Chust,Victor Chust,2,5223060,5307397,1,marketPlayerLeague,on_sale,ok,,2026-09-02T22:24:00+02:00,,,
2026-09-01T2244Z,laliga,134710913,3146,Kumbulla,Marash Kumbulla,2,3291862,3401131,0,marketPlayerLeague,on_sale,injured,,2026-09-02T22:24:00+02:00,,,
2026-09-01T2244Z,laliga,134710914,2644,Padilla,Álex Padilla,1,1013756,1039594,0,marketPlayerLeague,on_sale,ok,,2026-09-02T22:24:00+02:00,,,
2026-09-01T2244Z,laliga,11705725,3129,Carlos Espí,Carlos Espí,4,14184402,14155794,1,marketPlayerTeam,on_sale,ok,false,2026-09-03T23:30:19+02:00,,,
2026-09-01T2244Z,laliga,12717146,3068,Cabrera,Leandro Cabrera,2,11018823,11480507,1,marketPlayerTeam,on_sale,ok,false,2026-09-03T22:03:15+02:00,,,
2026-09-01T2244Z,laliga,14243639,3035,Izan M.,Izan Merino,3,4822742,4980899,1,marketPlayerTeam,on_sale,ok,false,2026-09-03T23:30:38+02:00,,,
2026-09-01T2244Z,laliga,20358345,3036,Dani Lorenzo,Dani Lorenzo,3,10347292,10376224,1,marketPlayerTeam,on_sale,ok,false,2026-09-02T21:40:38+02:00,,,
2026-09-01T2244Z,laliga,21227596,3078,T. Martínez,Toni Martínez,4,25586764,27116158,1,marketPlayerTeam,on_sale,injured,false,2026-09-03T23:30:29+02:00,,,
2026-09-01T2244Z,laliga,23198759,2930,Nuñez,Unai Núñez,2,8246799,7226526,1,marketPlayerTeam,on_sale,ok,false,2026-09-02T04:44:37+02:00,,,
2026-09-01T2244Z,laliga,23198784,2846,Arguibide,Iñigo Arguibide,2,1259994,821525,2,marketPlayerTeam,on_sale,ok,false,2026-09-02T04:44:46+02:00,,,
2026-09-01T2244Z,laliga,23957784,3037,C. Puga,Carlos Puga,2,4807562,4965067,1,marketPlayerTeam,on_sale,ok,false,2026-09-02T22:18:21+02:00,,,
2026-09-01T2244Z,laliga,23957905,2315,Paredes,Aitor Paredes,2,8284325,7345599,1,marketPlayerTeam,on_sale,ok,false,2026-09-02T22:18:26+02:00,,,
2026-09-01T2244Z,laliga,23958141,2474,Denis Suárez,Denis Suárez,3,2560066,2544002,1,marketPlayerTeam,on_sale,ok,false,2026-09-02T22:18:36+02:00,,,
2026-09-01T2244Z,laliga,23962244,3105,Cala,Álex Calatrava Torrado,4,5939073,5449290,1,marketPlayerTeam,on_sale,ok,false,2026-09-02T22:21:38+02:00,,,
2026-09-01T2244Z,laliga,24874459,2757,Gerard Martín,Gerard Martín,2,47938802,46370716,1,marketPlayerTeam,on_sale,ok,false,2026-09-03T21:52:11+02:00,,,
2026-09-02T0705Z,laliga,134710893,2959,Luis García,Luis García,5,626962,636684,0,marketPlayerLeague,on_sale,ok,,2026-09-02T22:24:00+02:00,,,
2026-09-02T0705Z,laliga,134710895,3094,Edin Terzic,Edin Terzic,5,4076105,4229541,0,marketPlayerLeague,on_sale,ok,,2026-09-02T22:24:00+02:00,,,
2026-09-02T0705Z,laliga,134710897,3229,Yanis Musuayi,Yanis Musuayi,4,1746055,1800470,0,marketPlayerLeague,on_sale,ok,,2026-09-02T22:24:00+02:00,,,
2026-09-02T0705Z,laliga,134710899,3050,Jauregi,Eneko Jauregi,4,861409,880899,0,marketPlayerLeague,on_sale,ok,,2026-09-02T22:24:00+02:00,,,
2026-09-02T0705Z,laliga,134710901,2772,C. Soler,Carlos Soler,3,31406704,31453581,0,marketPlayerLeague,on_sale,ok,,2026-09-02T22:24:00+02:00,,,
2026-09-02T0705Z,laliga,134710903,2078,Hugo Alvarez,Hugo Álvarez,3,2317285,2344035,0,marketPlayerLeague,on_sale,ok,,2026-09-02T22:24:00+02:00,,,
2026-09-02T0705Z,laliga,134710905,2588,Danjuma,Arnaut Danjuma,4,5165951,5266756,0,marketPlayerLeague,on_sale,ok,,2026-09-02T22:24:00+02:00,,,
2026-09-02T0705Z,laliga,134710906,2442,Odriozola,Álvaro Odriozola,2,495184,499415,0,marketPlayerLeague,on_sale,injured,,2026-09-02T22:24:00+02:00,,,
2026-09-02T0705Z,laliga,134710908,2902,Diatta,Alassane Diatta,3,476216,479656,0,marketPlayerLeague,on_sale,ok,,2026-09-02T22:24:00+02:00,,,
2026-09-02T0705Z,laliga,134710910,2546,Foulquier,Dimitri Foulquier,2,1383770,1425025,0,marketPlayerLeague,on_sale,doubtful,,2026-09-02T22:24:00+02:00,,,
2026-09-02T0705Z,laliga,134710912,2596,V. Chust,Victor Chust,2,5223060,5307397,1,marketPlayerLeague,on_sale,ok,,2026-09-02T22:24:00+02:00,,,
2026-09-02T0705Z,laliga,134710913,3146,Kumbulla,Marash Kumbulla,2,3291862,3401131,0,marketPlayerLeague,on_sale,injured,,2026-09-02T22:24:00+02:00,,,
2026-09-02T0705Z,laliga,134710914,2644,Padilla,Álex Padilla,1,1013756,1039594,0,marketPlayerLeague,on_sale,ok,,2026-09-02T22:24:00+02:00,,,
2026-09-02T0705Z,laliga,12717146,3068,Cabrera,Leandro Cabrera,2,11018823,11480507,1,marketPlayerTeam,on_sale,ok,false,2026-09-03T22:03:15+02:00,,,
2026-09-02T0705Z,laliga,14243639,3035,Izan M.,Izan Merino,3,4822742,4980899,1,marketPlayerTeam,on_sale,ok,false,2026-09-03T23:30:38+02:00,,,
2026-09-02T0705Z,laliga,20358345,3036,Dani Lorenzo,Dani Lorenzo,3,10347292,10376224,1,marketPlayerTeam,on_sale,ok,false,2026-09-02T21:40:38+02:00,,,
2026-09-02T0705Z,laliga,21227596,3078,T. Martínez,Toni Martínez,4,25586764,27116158,1,marketPlayerTeam,on_sale,injured,false,2026-09-03T23:30:29+02:00,,,
2026-09-02T0943Z,laliga,134710893,2959,Luis García,Luis García,5,626962,636684,0,marketPlayerLeague,on_sale,ok,,2026-09-02T22:24:00+02:00,,,
2026-09-02T0943Z,laliga,134710895,3094,Edin Terzic,Edin Terzic,5,4076105,4229541,0,marketPlayerLeague,on_sale,ok,,2026-09-02T22:24:00+02:00,,,
2026-09-02T0943Z,laliga,134710897,3229,Yanis Musuayi,Yanis Musuayi,4,1746055,1800470,0,marketPlayerLeague,on_sale,ok,,2026-09-02T22:24:00+02:00,,,
2026-09-02T0943Z,laliga,134710899,3050,Jauregi,Eneko Jauregi,4,861409,880899,0,marketPlayerLeague,on_sale,ok,,2026-09-02T22:24:00+02:00,,,
2026-09-02T0943Z,laliga,134710901,2772,C. Soler,Carlos Soler,3,31406704,31453581,0,marketPlayerLeague,on_sale,ok,,2026-09-02T22:24:00+02:00,,,
2026-09-02T0943Z,laliga,134710903,2078,Hugo Alvarez,Hugo Álvarez,3,2317285,2344035,0,marketPlayerLeague,on_sale,ok,,2026-09-02T22:24:00+02:00,,,
2026-09-02T0943Z,laliga,134710905,2588,Danjuma,Arnaut Danjuma,4,5165951,5266756,0,marketPlayerLeague,on_sale,ok,,2026-09-02T22:24:00+02:00,,,
2026-09-02T0943Z,laliga,134710906,2442,Odriozola,Álvaro Odriozola,2,495184,499415,0,marketPlayerLeague,on_sale,injured,,2026-09-02T22:24:00+02:00,,,
2026-09-02T0943Z,laliga,134710908,2902,Diatta,Alassane Diatta,3,476216,479656,0,marketPlayerLeague,on_sale,ok,,2026-09-02T22:24:00+02:00,,,
2026-09-02T0943Z,laliga,134710910,2546,Foulquier,Dimitri Foulquier,2,1383770,1425025,0,marketPlayerLeague,on_sale,doubtful,,2026-09-02T22:24:00+02:00,,,
2026-09-02T0943Z,laliga,134710912,2596,V. Chust,Victor Chust,2,5223060,5307397,1,marketPlayerLeague,on_sale,ok,,2026-09-02T22:24:00+02:00,,,
2026-09-02T0943Z,laliga,134710913,3146,Kumbulla,Marash Kumbulla,2,3291862,3401131,0,marketPlayerLeague,on_sale,injured,,2026-09-02T22:24:00+02:00,,,
2026-09-02T0943Z,laliga,134710914,2644,Padilla,Álex Padilla,1,1013756,1039594,0,marketPlayerLeague,on_sale,ok,,2026-09-02T22:24:00+02:00,,,
2026-09-02T0943Z,laliga,12717146,3068,Cabrera,Leandro Cabrera,2,11018823,11480507,1,marketPlayerTeam,on_sale,ok,false,2026-09-03T22:03:15+02:00,,,
2026-09-02T0943Z,laliga,14243639,3035,Izan M.,Izan Merino,3,4822742,4980899,1,marketPlayerTeam,on_sale,ok,false,2026-09-03T23:30:38+02:00,,,
2026-09-02T0943Z,laliga,20358345,3036,Dani Lorenzo,Dani Lorenzo,3,10347292,10376224,1,marketPlayerTeam,on_sale,ok,false,2026-09-02T21:40:38+02:00,,,
2026-09-02T0943Z,laliga,21227596,3078,T. Martínez,Toni Martínez,4,25586764,27116158,1,marketPlayerTeam,on_sale,injured,false,2026-09-03T23:30:29+02:00,,,
2026-09-02T1058Z,laliga,134710893,2959,Luis García,Luis García,5,626962,636684,0,marketPlayerLeague,on_sale,ok,,2026-09-02T22:24:00+02:00,,,
2026-09-02T1058Z,laliga,134710895,3094,Edin Terzic,Edin Terzic,5,4076105,4229541,0,marketPlayerLeague,on_sale,ok,,2026-09-02T22:24:00+02:00,,,
2026-09-02T1058Z,laliga,134710897,3229,Yanis Musuayi,Yanis Musuayi,4,1746055,1800470,0,marketPlayerLeague,on_sale,ok,,2026-09-02T22:24:00+02:00,,,
2026-09-02T1058Z,laliga,134710899,3050,Jauregi,Eneko Jauregi,4,861409,880899,0,marketPlayerLeague,on_sale,ok,,2026-09-02T22:24:00+02:00,,,
2026-09-02T1058Z,laliga,134710901,2772,C. Soler,Carlos Soler,3,31406704,31453581,0,marketPlayerLeague,on_sale,ok,,2026-09-02T22:24:00+02:00,,,
2026-09-02T1058Z,laliga,134710903,2078,Hugo Alvarez,Hugo Álvarez,3,2317285,2344035,0,marketPlayerLeague,on_sale,ok,,2026-09-02T22:24:00+02:00,,,
2026-09-02T1058Z,laliga,134710905,2588,Danjuma,Arnaut Danjuma,4,5165951,5266756,0,marketPlayerLeague,on_sale,ok,,2026-09-02T22:24:00+02:00,,,
2026-09-02T1058Z,laliga,134710906,2442,Odriozola,Álvaro Odriozola,2,495184,499415,0,marketPlayerLeague,on_sale,injured,,2026-09-02T22:24:00+02:00,,,
2026-09-02T1058Z,laliga,134710908,2902,Diatta,Alassane Diatta,3,476216,479656,0,marketPlayerLeague,on_sale,ok,,2026-09-02T22:24:00+02:00,,,
2026-09-02T1058Z,laliga,134710910,2546,Foulquier,Dimitri Foulquier,2,1383770,1425025,0,marketPlayerLeague,on_sale,doubtful,,2026-09-02T22:24:00+02:00,,,
2026-09-02T1058Z,laliga,134710912,2596,V. Chust,Victor Chust,2,5223060,5307397,1,marketPlayerLeague,on_sale,ok,,2026-09-02T22:24:00+02:00,,,
2026-09-02T1058Z,laliga,134710913,3146,Kumbulla,Marash Kumbulla,2,3291862,3401131,0,marketPlayerLeague,on_sale,injured,,2026-09-02T22:24:00+02:00,,,
2026-09-02T1058Z,laliga,134710914,2644,Padilla,Álex Padilla,1,1013756,1039594,0,marketPlayerLeague,on_sale,ok,,2026-09-02T22:24:00+02:00,,,
2026-09-02T1058Z,laliga,12717146,3068,Cabrera,Leandro Cabrera,2,11018823,11480507,1,marketPlayerTeam,on_sale,ok,false,2026-09-03T22:03:15+02:00,,,
2026-09-02T1058Z,laliga,14243639,3035,Izan M.,Izan Merino,3,4822742,4980899,1,marketPlayerTeam,on_sale,ok,false,2026-09-03T23:30:38+02:00,,,
2026-09-02T1058Z,laliga,20358345,3036,Dani Lorenzo,Dani Lorenzo,3,10347292,10376224,1,marketPlayerTeam,on_sale,ok,false,2026-09-02T21:40:38+02:00,,,
2026-09-02T1058Z,laliga,21227596,3078,T. Martínez,Toni Martínez,4,25586764,27116158,1,marketPlayerTeam,on_sale,injured,false,2026-09-03T23:30:29+02:00,,,
2026-09-02T1429Z,laliga,134710893,2959,Luis García,Luis García,5,626360,636684,0,marketPlayerLeague,on_sale,ok,,2026-09-02T22:24:00+02:00,,,
2026-09-02T1429Z,laliga,134710895,3094,Edin Terzic,Edin Terzic,5,4075503,4229541,0,marketPlayerLeague,on_sale,ok,,2026-09-02T22:24:00+02:00,,,
2026-09-02T1429Z,laliga,134710897,3229,Yanis Musuayi,Yanis Musuayi,4,1745382,1800470,0,marketPlayerLeague,on_sale,ok,,2026-09-02T22:24:00+02:00,,,
2026-09-02T1429Z,laliga,134710899,3050,Jauregi,Eneko Jauregi,4,860807,880899,0,marketPlayerLeague,on_sale,ok,,2026-09-02T22:24:00+02:00,,,
2026-09-02T1429Z,laliga,134710901,2772,C. Soler,Carlos Soler,3,31360386,31453581,0,marketPlayerLeague,on_sale,ok,,2026-09-02T22:24:00+02:00,,,
2026-09-02T1429Z,laliga,134710903,2078,Hugo Alvarez,Hugo Álvarez,3,2314723,2344035,0,marketPlayerLeague,on_sale,ok,,2026-09-02T22:24:00+02:00,,,
2026-09-02T1429Z,laliga,134710905,2588,Danjuma,Arnaut Danjuma,4,5161750,5266756,0,marketPlayerLeague,on_sale,ok,,2026-09-02T22:24:00+02:00,,,
2026-09-02T1429Z,laliga,134710906,2442,Odriozola,Álvaro Odriozola,2,494582,499415,0,marketPlayerLeague,on_sale,injured,,2026-09-02T22:24:00+02:00,,,
2026-09-02T1429Z,laliga,134710908,2902,Diatta,Alassane Diatta,3,475613,479656,0,marketPlayerLeague,on_sale,ok,,2026-09-02T22:24:00+02:00,,,
2026-09-02T1429Z,laliga,134710910,2546,Foulquier,Dimitri Foulquier,2,1383168,1425025,0,marketPlayerLeague,on_sale,doubtful,,2026-09-02T22:24:00+02:00,,,
2026-09-02T1429Z,laliga,134710912,2596,V. Chust,Victor Chust,2,5217935,5307397,2,marketPlayerLeague,on_sale,ok,,2026-09-02T22:24:00+02:00,,,
2026-09-02T1429Z,laliga,134710913,3146,Kumbulla,Marash Kumbulla,2,3290838,3401131,0,marketPlayerLeague,on_sale,injured,,2026-09-02T22:24:00+02:00,,,
2026-09-02T1429Z,laliga,134710914,2644,Padilla,Álex Padilla,1,1013154,1039594,0,marketPlayerLeague,on_sale,ok,,2026-09-02T22:24:00+02:00,,,
2026-09-02T1429Z,laliga,12717146,3068,Cabrera,Leandro Cabrera,2,11010719,11480507,1,marketPlayerTeam,on_sale,ok,false,2026-09-03T22:03:15+02:00,,,
2026-09-02T1429Z,laliga,14243639,3035,Izan M.,Izan Merino,3,4818272,4980899,1,marketPlayerTeam,on_sale,ok,false,2026-09-03T23:30:38+02:00,,,
2026-09-02T1429Z,laliga,20358345,3036,Dani Lorenzo,Dani Lorenzo,3,10329055,10376224,1,marketPlayerTeam,on_sale,ok,false,2026-09-02T21:40:38+02:00,,,
2026-09-02T1429Z,laliga,21227596,3078,T. Martínez,Toni Martínez,4,25577512,27116158,1,marketPlayerTeam,on_sale,injured,false,2026-09-03T23:30:29+02:00,,,
2026-09-02T1508Z,laliga,134710893,2959,Luis García,Luis García,5,626360,636684,0,marketPlayerLeague,on_sale,ok,,2026-09-02T22:24:00+02:00,,,
2026-09-02T1508Z,laliga,134710895,3094,Edin Terzic,Edin Terzic,5,4075503,4229541,0,marketPlayerLeague,on_sale,ok,,2026-09-02T22:24:00+02:00,,,
2026-09-02T1508Z,laliga,134710897,3229,Yanis Musuayi,Yanis Musuayi,4,1745382,1800470,0,marketPlayerLeague,on_sale,ok,,2026-09-02T22:24:00+02:00,,,
2026-09-02T1508Z,laliga,134710899,3050,Jauregi,Eneko Jauregi,4,860807,880899,0,marketPlayerLeague,on_sale,ok,,2026-09-02T22:24:00+02:00,,,
2026-09-02T1508Z,laliga,134710901,2772,C. Soler,Carlos Soler,3,31360386,31453581,0,marketPlayerLeague,on_sale,ok,,2026-09-02T22:24:00+02:00,,,
2026-09-02T1508Z,laliga,134710903,2078,Hugo Alvarez,Hugo Álvarez,3,2314723,2344035,0,marketPlayerLeague,on_sale,ok,,2026-09-02T22:24:00+02:00,,,
2026-09-02T1508Z,laliga,134710905,2588,Danjuma,Arnaut Danjuma,4,5161750,5266756,0,marketPlayerLeague,on_sale,ok,,2026-09-02T22:24:00+02:00,,,
2026-09-02T1508Z,laliga,134710906,2442,Odriozola,Álvaro Odriozola,2,494582,499415,0,marketPlayerLeague,on_sale,injured,,2026-09-02T22:24:00+02:00,,,
2026-09-02T1508Z,laliga,134710908,2902,Diatta,Alassane Diatta,3,475613,479656,0,marketPlayerLeague,on_sale,ok,,2026-09-02T22:24:00+02:00,,,
2026-09-02T1508Z,laliga,134710910,2546,Foulquier,Dimitri Foulquier,2,1383168,1425025,0,marketPlayerLeague,on_sale,doubtful,,2026-09-02T22:24:00+02:00,,,
2026-09-02T1508Z,laliga,134710912,2596,V. Chust,Victor Chust,2,5217935,5307397,2,marketPlayerLeague,on_sale,ok,,2026-09-02T22:24:00+02:00,,,
2026-09-02T1508Z,laliga,134710913,3146,Kumbulla,Marash Kumbulla,2,3290838,3401131,0,marketPlayerLeague,on_sale,injured,,2026-09-02T22:24:00+02:00,,,
2026-09-02T1508Z,laliga,134710914,2644,Padilla,Álex Padilla,1,1013154,1039594,0,marketPlayerLeague,on_sale,ok,,2026-09-02T22:24:00+02:00,,,
2026-09-02T1508Z,laliga,12717146,3068,Cabrera,Leandro Cabrera,2,11010719,11480507,1,marketPlayerTeam,on_sale,ok,false,2026-09-03T22:03:15+02:00,,,
2026-09-02T1508Z,laliga,14243639,3035,Izan M.,Izan Merino,3,4818272,4980899,1,marketPlayerTeam,on_sale,ok,false,2026-09-03T23:30:38+02:00,,,
2026-09-02T1508Z,laliga,20358345,3036,Dani Lorenzo,Dani Lorenzo,3,10329055,10376224,1,marketPlayerTeam,on_sale,ok,false,2026-09-02T21:40:38+02:00,,,
2026-09-02T1508Z,laliga,21227596,3078,T. Martínez,Toni Martínez,4,25577512,27116158,1,marketPlayerTeam,on_sale,injured,false,2026-09-03T23:30:29+02:00,,,
2026-09-02T1626Z,laliga,134710893,2959,Luis García,Luis García,5,626360,636684,0,marketPlayerLeague,on_sale,ok,,2026-09-02T22:24:00+02:00,,,
2026-09-02T1626Z,laliga,134710895,3094,Edin Terzic,Edin Terzic,5,4075503,4229541,0,marketPlayerLeague,on_sale,ok,,2026-09-02T22:24:00+02:00,,,
2026-09-02T1626Z,laliga,134710897,3229,Yanis Musuayi,Yanis Musuayi,4,1745382,1800470,0,marketPlayerLeague,on_sale,ok,,2026-09-02T22:24:00+02:00,,,
2026-09-02T1626Z,laliga,134710899,3050,Jauregi,Eneko Jauregi,4,860807,880899,0,marketPlayerLeague,on_sale,ok,,2026-09-02T22:24:00+02:00,,,
2026-09-02T1626Z,laliga,134710901,2772,C. Soler,Carlos Soler,3,31360386,31453581,0,marketPlayerLeague,on_sale,ok,,2026-09-02T22:24:00+02:00,,,
2026-09-02T1626Z,laliga,134710903,2078,Hugo Alvarez,Hugo Álvarez,3,2314723,2344035,0,marketPlayerLeague,on_sale,ok,,2026-09-02T22:24:00+02:00,,,
2026-09-02T1626Z,laliga,134710905,2588,Danjuma,Arnaut Danjuma,4,5161750,5266756,0,marketPlayerLeague,on_sale,ok,,2026-09-02T22:24:00+02:00,,,
2026-09-02T1626Z,laliga,134710906,2442,Odriozola,Álvaro Odriozola,2,494582,499415,0,marketPlayerLeague,on_sale,injured,,2026-09-02T22:24:00+02:00,,,
2026-09-02T1626Z,laliga,134710908,2902,Diatta,Alassane Diatta,3,475613,479656,0,marketPlayerLeague,on_sale,ok,,2026-09-02T22:24:00+02:00,,,
2026-09-02T1626Z,laliga,134710910,2546,Foulquier,Dimitri Foulquier,2,1383168,1425025,0,marketPlayerLeague,on_sale,doubtful,,2026-09-02T22:24:00+02:00,,,
2026-09-02T1626Z,laliga,134710912,2596,V. Chust,Victor Chust,2,5217935,5307397,2,marketPlayerLeague,on_sale,ok,,2026-09-02T22:24:00+02:00,,,
2026-09-02T1626Z,laliga,134710913,3146,Kumbulla,Marash Kumbulla,2,3290838,3401131,0,marketPlayerLeague,on_sale,injured,,2026-09-02T22:24:00+02:00,,,
2026-09-02T1626Z,laliga,134710914,2644,Padilla,Álex Padilla,1,1013154,1039594,0,marketPlayerLeague,on_sale,ok,,2026-09-02T22:24:00+02:00,,,
2026-09-02T1626Z,laliga,12717146,3068,Cabrera,Leandro Cabrera,2,11010719,11480507,1,marketPlayerTeam,on_sale,ok,false,2026-09-03T22:03:15+02:00,,,
2026-09-02T1626Z,laliga,14243639,3035,Izan M.,Izan Merino,3,4818272,4980899,1,marketPlayerTeam,on_sale,ok,false,2026-09-03T23:30:38+02:00,,,
2026-09-02T1626Z,laliga,20358345,3036,Dani Lorenzo,Dani Lorenzo,3,10329055,10376224,1,marketPlayerTeam,on_sale,ok,false,2026-09-02T21:40:38+02:00,,,
2026-09-02T1626Z,laliga,21227596,3078,T. Martínez,Toni Martínez,4,25577512,27116158,1,marketPlayerTeam,on_sale,injured,false,2026-09-03T23:30:29+02:00,,,
2026-09-02T1634Z,laliga,134710893,2959,Luis García,Luis García,5,626360,636684,0,marketPlayerLeague,on_sale,ok,,2026-09-02T22:24:00+02:00,,,
2026-09-02T1634Z,laliga,134710895,3094,Edin Terzic,Edin Terzic,5,4075503,4229541,0,marketPlayerLeague,on_sale,ok,,2026-09-02T22:24:00+02:00,,,
2026-09-02T1634Z,laliga,134710897,3229,Yanis Musuayi,Yanis Musuayi,4,1745382,1800470,0,marketPlayerLeague,on_sale,ok,,2026-09-02T22:24:00+02:00,,,
2026-09-02T1634Z,laliga,134710899,3050,Jauregi,Eneko Jauregi,4,860807,880899,0,marketPlayerLeague,on_sale,ok,,2026-09-02T22:24:00+02:00,,,
2026-09-02T1634Z,laliga,134710901,2772,C. Soler,Carlos Soler,3,31360386,31453581,0,marketPlayerLeague,on_sale,ok,,2026-09-02T22:24:00+02:00,,,
2026-09-02T1634Z,laliga,134710903,2078,Hugo Alvarez,Hugo Álvarez,3,2314723,2344035,0,marketPlayerLeague,on_sale,ok,,2026-09-02T22:24:00+02:00,,,
2026-09-02T1634Z,laliga,134710905,2588,Danjuma,Arnaut Danjuma,4,5161750,5266756,0,marketPlayerLeague,on_sale,ok,,2026-09-02T22:24:00+02:00,,,
2026-09-02T1634Z,laliga,134710906,2442,Odriozola,Álvaro Odriozola,2,494582,499415,0,marketPlayerLeague,on_sale,injured,,2026-09-02T22:24:00+02:00,,,
2026-09-02T1634Z,laliga,134710908,2902,Diatta,Alassane Diatta,3,475613,479656,0,marketPlayerLeague,on_sale,ok,,2026-09-02T22:24:00+02:00,,,
2026-09-02T1634Z,laliga,134710910,2546,Foulquier,Dimitri Foulquier,2,1383168,1425025,0,marketPlayerLeague,on_sale,doubtful,,2026-09-02T22:24:00+02:00,,,
2026-09-02T1634Z,laliga,134710912,2596,V. Chust,Victor Chust,2,5217935,5307397,2,marketPlayerLeague,on_sale,ok,,2026-09-02T22:24:00+02:00,,,
2026-09-02T1634Z,laliga,134710913,3146,Kumbulla,Marash Kumbulla,2,3290838,3401131,0,marketPlayerLeague,on_sale,injured,,2026-09-02T22:24:00+02:00,,,
2026-09-02T1634Z,laliga,134710914,2644,Padilla,Álex Padilla,1,1013154,1039594,0,marketPlayerLeague,on_sale,ok,,2026-09-02T22:24:00+02:00,,,
2026-09-02T1634Z,laliga,12717146,3068,Cabrera,Leandro Cabrera,2,11010719,11480507,1,marketPlayerTeam,on_sale,ok,false,2026-09-03T22:03:15+02:00,,,
2026-09-02T1634Z,laliga,14243639,3035,Izan M.,Izan Merino,3,4818272,4980899,1,marketPlayerTeam,on_sale,ok,false,2026-09-03T23:30:38+02:00,,,
2026-09-02T1634Z,laliga,20358345,3036,Dani Lorenzo,Dani Lorenzo,3,10329055,10376224,1,marketPlayerTeam,on_sale,ok,false,2026-09-02T21:40:38+02:00,,,
2026-09-02T1634Z,laliga,21227596,3078,T. Martínez,Toni Martínez,4,25577512,27116158,1,marketPlayerTeam,on_sale,injured,false,2026-09-03T23:30:29+02:00,,,
2026-09-02T1824Z,laliga,134710893,2959,Luis García,Luis García,5,626360,636684,0,marketPlayerLeague,on_sale,ok,,2026-09-02T22:24:00+02:00,,,
2026-09-02T1824Z,laliga,134710895,3094,Edin Terzic,Edin Terzic,5,4075503,4229541,0,marketPlayerLeague,on_sale,ok,,2026-09-02T22:24:00+02:00,,,
2026-09-02T1824Z,laliga,134710897,3229,Yanis Musuayi,Yanis Musuayi,4,1745382,1800470,0,marketPlayerLeague,on_sale,ok,,2026-09-02T22:24:00+02:00,,,
2026-09-02T1824Z,laliga,134710899,3050,Jauregi,Eneko Jauregi,4,860807,880899,0,marketPlayerLeague,on_sale,ok,,2026-09-02T22:24:00+02:00,,,
2026-09-02T1824Z,laliga,134710901,2772,C. Soler,Carlos Soler,3,31360386,31453581,0,marketPlayerLeague,on_sale,ok,,2026-09-02T22:24:00+02:00,,,
2026-09-02T1824Z,laliga,134710903,2078,Hugo Alvarez,Hugo Álvarez,3,2314723,2344035,0,marketPlayerLeague,on_sale,ok,,2026-09-02T22:24:00+02:00,,,
2026-09-02T1824Z,laliga,134710905,2588,Danjuma,Arnaut Danjuma,4,5161750,5266756,0,marketPlayerLeague,on_sale,ok,,2026-09-02T22:24:00+02:00,,,
2026-09-02T1824Z,laliga,134710906,2442,Odriozola,Álvaro Odriozola,2,494582,499415,0,marketPlayerLeague,on_sale,injured,,2026-09-02T22:24:00+02:00,,,
2026-09-02T1824Z,laliga,134710908,2902,Diatta,Alassane Diatta,3,475613,479656,0,marketPlayerLeague,on_sale,ok,,2026-09-02T22:24:00+02:00,,,
2026-09-02T1824Z,laliga,134710910,2546,Foulquier,Dimitri Foulquier,2,1383168,1425025,0,marketPlayerLeague,on_sale,doubtful,,2026-09-02T22:24:00+02:00,,,
2026-09-02T1824Z,laliga,134710912,2596,V. Chust,Victor Chust,2,5217935,5307397,2,marketPlayerLeague,on_sale,ok,,2026-09-02T22:24:00+02:00,,,
2026-09-02T1824Z,laliga,134710913,3146,Kumbulla,Marash Kumbulla,2,3290838,3401131,0,marketPlayerLeague,on_sale,injured,,2026-09-02T22:24:00+02:00,,,
2026-09-02T1824Z,laliga,134710914,2644,Padilla,Álex Padilla,1,1013154,1039594,0,marketPlayerLeague,on_sale,ok,,2026-09-02T22:24:00+02:00,,,
2026-09-02T1824Z,laliga,12717146,3068,Cabrera,Leandro Cabrera,2,11010719,11480507,1,marketPlayerTeam,on_sale,ok,false,2026-09-03T22:03:15+02:00,,,
2026-09-02T1824Z,laliga,14243639,3035,Izan M.,Izan Merino,3,4818272,4980899,1,marketPlayerTeam,on_sale,ok,false,2026-09-03T23:30:38+02:00,,,
2026-09-02T1824Z,laliga,20358345,3036,Dani Lorenzo,Dani Lorenzo,3,10329055,10376224,1,marketPlayerTeam,on_sale,ok,false,2026-09-02T21:40:38+02:00,,,
2026-09-02T1824Z,laliga,21227596,3078,T. Martínez,Toni Martínez,4,25577512,27116158,1,marketPlayerTeam,on_sale,injured,false,2026-09-03T23:30:29+02:00,,,
2026-09-02T2243Z,laliga,140233573,3096,Martín Anselmi,Martín Anselmi,5,977952,1003935,0,marketPlayerLeague,on_sale,ok,,2026-09-03T22:24:00+02:00,,,
2026-09-02T2243Z,laliga,140233579,2975,A. Ferllo,Álvaro Fernández,1,2882741,2966902,0,marketPlayerLeague,on_sale,ok,,2026-09-03T22:24:00+02:00,,,
2026-09-02T2243Z,laliga,140233583,1251,Carmona,José Ángel Carmona,2,2856559,2940879,0,marketPlayerLeague,on_sale,ok,,2026-09-03T22:24:00+02:00,,,
2026-09-02T2243Z,laliga,140233588,2961,Miguel Cubo,Miguel Llorente Cubo,4,509792,516268,0,marketPlayerLeague,on_sale,ok,,2026-09-03T22:24:00+02:00,,,
2026-09-02T2243Z,laliga,140233593,2939,G. Villar,Gonzalo Villar,3,9788968,9523613,0,marketPlayerLeague,on_sale,ok,,2026-09-03T22:24:00+02:00,,,
2026-09-02T2243Z,laliga,140233597,3027,Facu,Facu González,2,1994275,2039394,0,marketPlayerLeague,on_sale,ok,,2026-09-03T22:24:00+02:00,,,
2026-09-02T2243Z,laliga,140233603,3246,Axel Tape,Axel Tape,2,2820736,2910631,0,marketPlayerLeague,on_sale,ok,,2026-09-03T22:24:00+02:00,,,
2026-09-02T2243Z,laliga,140233608,2923,Raúl Moro,Raúl Moro,4,11639825,12002838,0,marketPlayerLeague,on_sale,ok,,2026-09-03T22:24:00+02:00,,,
2026-09-02T2243Z,laliga,140233613,2074,Javi Rodríguez,Javier Rodríguez,2,10896121,11045706,0,marketPlayerLeague,on_sale,ok,,2026-09-03T22:24:00+02:00,,,
2026-09-02T2243Z,laliga,140233617,3045,Niño,Adrián Niño,4,1469909,1516243,0,marketPlayerLeague,on_sale,injured,,2026-09-03T22:24:00+02:00,,,
2026-09-02T2243Z,laliga,140233620,3084,Budimir,Ante Budimir,4,51174770,50195693,1,marketPlayerLeague,on_sale,ok,,2026-09-03T22:24:00+02:00,,,
2026-09-02T2243Z,laliga,140233623,3073,Andrés Martín,Andrés Martín,4,18960994,19566140,0,marketPlayerLeague,on_sale,injured,,2026-09-03T22:24:00+02:00,,,
2026-09-02T2243Z,laliga,140233626,2673,Paco Cortes,Paco Cortés,4,597637,607773,0,marketPlayerLeague,on_sale,ok,,2026-09-03T22:24:00+02:00,,,
2026-09-02T2243Z,laliga,12717146,3068,Cabrera,Leandro Cabrera,2,10858611,11480507,1,marketPlayerTeam,on_sale,ok,false,2026-09-03T22:03:15+02:00,,,
2026-09-02T2243Z,laliga,14243639,3035,Izan M.,Izan Merino,3,4776050,4980899,1,marketPlayerTeam,on_sale,ok,false,2026-09-03T23:30:38+02:00,,,
2026-09-02T2243Z,laliga,18807459,2746,Miguel Sierra,Miguel Sierra,4,2152730,1897980,0,marketPlayerTeam,on_sale,ok,false,2026-09-05T23:06:55+02:00,,,
2026-09-02T2243Z,laliga,21227596,3078,T. Martínez,Toni Martínez,4,24753416,27116158,1,marketPlayerTeam,on_sale,injured,false,2026-09-03T23:30:29+02:00,,,
2026-09-02T2243Z,laliga,21675155,2455,Peque,Gerard Fernández Castellano,4,2889725,2859071,0,marketPlayerTeam,on_sale,ok,false,2026-09-05T23:06:59+02:00,,,
2026-09-02T2243Z,laliga,22182646,2429,Fran García,Fran García,2,17956186,17222547,0,marketPlayerTeam,on_sale,ok,false,2026-09-05T22:53:19+02:00,,,
2026-09-02T2243Z,laliga,26988250,2470,Foyth,Juan Foyth,2,18921860,19111062,0,marketPlayerTeam,on_sale,doubtful,false,2026-09-05T22:53:13+02:00,,,
2026-09-02T2243Z,laliga,26988648,3154,Enes Ünal,Enes Ünal,4,18154869,17799142,0,marketPlayerTeam,on_sale,ok,false,2026-09-05T22:53:40+02:00,,,
2026-09-02T2243Z,laliga,26989803,2338,Aimar,Aimar Oroz,3,13393654,13828704,0,marketPlayerTeam,on_sale,injured,false,2026-09-05T22:54:54+02:00,,,
2026-09-02T2243Z,laliga,27000869,2757,Gerard Martín,Gerard Martín,2,48206738,47845025,0,marketPlayerTeam,on_sale,ok,false,2026-09-05T23:06:46+02:00,,,
2026-09-02T2243Z,laliga,27001118,3105,Cala,Álex Calatrava Torrado,4,6134511,5925728,0,marketPlayerTeam,on_sale,ok,false,2026-09-05T23:07:03+02:00,,,
2026-09-02T2243Z,laliga,27001384,1565,Barrios,Pablo Barrios,3,52026544,50916820,0,marketPlayerTeam,on_sale,ok,false,2026-09-05T23:07:21+02:00,,,
2026-09-02T2243Z,laliga,27001442,2430,Valverde,Federico Valverde,3,73710458,73618128,0,marketPlayerTeam,on_sale,ok,false,2026-09-05T23:07:25+02:00,,,
2026-09-03T1034Z,laliga,140233573,3096,Martín Anselmi,Martín Anselmi,5,977952,1003935,0,marketPlayerLeague,on_sale,ok,,2026-09-03T22:24:00+02:00,,,
2026-09-03T1034Z,laliga,140233579,2975,A. Ferllo,Álvaro Fernández,1,2882741,2966902,0,marketPlayerLeague,on_sale,ok,,2026-09-03T22:24:00+02:00,,,
2026-09-03T1034Z,laliga,140233583,1251,Carmona,José Ángel Carmona,2,2856559,2940879,0,marketPlayerLeague,on_sale,ok,,2026-09-03T22:24:00+02:00,,,
2026-09-03T1034Z,laliga,140233588,2961,Miguel Cubo,Miguel Llorente Cubo,4,509792,516268,0,marketPlayerLeague,on_sale,ok,,2026-09-03T22:24:00+02:00,,,
2026-09-03T1034Z,laliga,140233593,2939,G. Villar,Gonzalo Villar,3,9788968,9523613,0,marketPlayerLeague,on_sale,ok,,2026-09-03T22:24:00+02:00,,,
2026-09-03T1034Z,laliga,140233597,3027,Facu,Facu González,2,1994275,2039394,0,marketPlayerLeague,on_sale,ok,,2026-09-03T22:24:00+02:00,,,
2026-09-03T1034Z,laliga,140233603,3246,Axel Tape,Axel Tape,2,2820736,2910631,0,marketPlayerLeague,on_sale,ok,,2026-09-03T22:24:00+02:00,,,
2026-09-03T1034Z,laliga,140233608,2923,Raúl Moro,Raúl Moro,4,11639825,12002838,0,marketPlayerLeague,on_sale,ok,,2026-09-03T22:24:00+02:00,,,
2026-09-03T1034Z,laliga,140233613,2074,Javi Rodríguez,Javier Rodríguez,2,10896121,11045706,0,marketPlayerLeague,on_sale,ok,,2026-09-03T22:24:00+02:00,,,
2026-09-03T1034Z,laliga,140233617,3045,Niño,Adrián Niño,4,1469909,1516243,0,marketPlayerLeague,on_sale,injured,,2026-09-03T22:24:00+02:00,,,
2026-09-03T1034Z,laliga,140233620,3084,Budimir,Ante Budimir,4,51174770,50195693,1,marketPlayerLeague,on_sale,ok,,2026-09-03T22:24:00+02:00,,,
2026-09-03T1034Z,laliga,140233623,3073,Andrés Martín,Andrés Martín,4,18960994,19566140,0,marketPlayerLeague,on_sale,injured,,2026-09-03T22:24:00+02:00,,,
2026-09-03T1034Z,laliga,140233626,2673,Paco Cortes,Paco Cortés,4,597637,607773,0,marketPlayerLeague,on_sale,ok,,2026-09-03T22:24:00+02:00,,,
2026-09-03T1034Z,laliga,12717146,3068,Cabrera,Leandro Cabrera,2,10858611,11480507,1,marketPlayerTeam,on_sale,ok,false,2026-09-03T22:03:15+02:00,,,
2026-09-03T1034Z,laliga,14243639,3035,Izan M.,Izan Merino,3,4776050,4980899,1,marketPlayerTeam,on_sale,ok,false,2026-09-03T23:30:38+02:00,,,
2026-09-03T1034Z,laliga,18807459,2746,Miguel Sierra,Miguel Sierra,4,2152730,1897980,0,marketPlayerTeam,on_sale,ok,false,2026-09-05T23:06:55+02:00,,,
2026-09-03T1034Z,laliga,21227596,3078,T. Martínez,Toni Martínez,4,24753416,27116158,1,marketPlayerTeam,on_sale,injured,false,2026-09-03T23:30:29+02:00,,,
2026-09-03T1034Z,laliga,21675155,2455,Peque,Gerard Fernández Castellano,4,2889725,2859071,0,marketPlayerTeam,on_sale,ok,false,2026-09-05T23:06:59+02:00,,,
2026-09-03T1034Z,laliga,22182646,2429,Fran García,Fran García,2,17956186,17222547,0,marketPlayerTeam,on_sale,ok,false,2026-09-05T22:53:19+02:00,,,
2026-09-03T1034Z,laliga,26988250,2470,Foyth,Juan Foyth,2,18921860,19111062,0,marketPlayerTeam,on_sale,doubtful,false,2026-09-05T22:53:13+02:00,,,
2026-09-03T1034Z,laliga,26988648,3154,Enes Ünal,Enes Ünal,4,18154869,17799142,0,marketPlayerTeam,on_sale,ok,false,2026-09-05T22:53:40+02:00,,,
2026-09-03T1034Z,laliga,26989803,2338,Aimar,Aimar Oroz,3,13393654,13828704,0,marketPlayerTeam,on_sale,injured,false,2026-09-05T22:54:54+02:00,,,
2026-09-03T1034Z,laliga,27000869,2757,Gerard Martín,Gerard Martín,2,48206738,47845025,0,marketPlayerTeam,on_sale,ok,false,2026-09-05T23:06:46+02:00,,,
2026-09-03T1034Z,laliga,27001118,3105,Cala,Álex Calatrava Torrado,4,6134511,5925728,0,marketPlayerTeam,on_sale,ok,false,2026-09-05T23:07:03+02:00,,,
2026-09-03T1034Z,laliga,27001384,1565,Barrios,Pablo Barrios,3,52026544,50916820,0,marketPlayerTeam,on_sale,ok,false,2026-09-05T23:07:21+02:00,,,
2026-09-03T1034Z,laliga,27001442,2430,Valverde,Federico Valverde,3,73710458,73618128,0,marketPlayerTeam,on_sale,ok,false,2026-09-05T23:07:25+02:00,,,
2026-09-03T1901Z,laliga,140233573,3096,Martín Anselmi,Martín Anselmi,5,977952,1003935,0,marketPlayerLeague,on_sale,ok,,2026-09-03T22:24:00+02:00,,,
2026-09-03T1901Z,laliga,140233579,2975,A. Ferllo,Álvaro Fernández,1,2882741,2966902,0,marketPlayerLeague,on_sale,ok,,2026-09-03T22:24:00+02:00,,,
2026-09-03T1901Z,laliga,140233583,1251,Carmona,José Ángel Carmona,2,2856559,2940879,0,marketPlayerLeague,on_sale,ok,,2026-09-03T22:24:00+02:00,,,
2026-09-03T1901Z,laliga,140233588,2961,Miguel Cubo,Miguel Llorente Cubo,4,509792,516268,0,marketPlayerLeague,on_sale,ok,,2026-09-03T22:24:00+02:00,,,
2026-09-03T1901Z,laliga,140233593,2939,G. Villar,Gonzalo Villar,3,9788968,9523613,0,marketPlayerLeague,on_sale,ok,,2026-09-03T22:24:00+02:00,,,
2026-09-03T1901Z,laliga,140233597,3027,Facu,Facu González,2,1994275,2039394,0,marketPlayerLeague,on_sale,ok,,2026-09-03T22:24:00+02:00,,,
2026-09-03T1901Z,laliga,140233603,3246,Axel Tape,Axel Tape,2,2820736,2910631,0,marketPlayerLeague,on_sale,ok,,2026-09-03T22:24:00+02:00,,,
2026-09-03T1901Z,laliga,140233608,2923,Raúl Moro,Raúl Moro,4,11639825,12002838,0,marketPlayerLeague,on_sale,ok,,2026-09-03T22:24:00+02:00,,,
2026-09-03T1901Z,laliga,140233613,2074,Javi Rodríguez,Javier Rodríguez,2,10896121,11045706,0,marketPlayerLeague,on_sale,ok,,2026-09-03T22:24:00+02:00,,,
2026-09-03T1901Z,laliga,140233617,3045,Niño,Adrián Niño,4,1469909,1516243,0,marketPlayerLeague,on_sale,injured,,2026-09-03T22:24:00+02:00,,,
2026-09-03T1901Z,laliga,140233620,3084,Budimir,Ante Budimir,4,51174770,50195693,1,marketPlayerLeague,on_sale,ok,,2026-09-03T22:24:00+02:00,,,
2026-09-03T1901Z,laliga,140233623,3073,Andrés Martín,Andrés Martín,4,18960994,19566140,0,marketPlayerLeague,on_sale,injured,,2026-09-03T22:24:00+02:00,,,
2026-09-03T1901Z,laliga,140233626,2673,Paco Cortes,Paco Cortés,4,597637,607773,0,marketPlayerLeague,on_sale,ok,,2026-09-03T22:24:00+02:00,,,
2026-09-03T1901Z,laliga,12717146,3068,Cabrera,Leandro Cabrera,2,10858611,11480507,1,marketPlayerTeam,on_sale,ok,false,2026-09-03T22:03:15+02:00,,,
2026-09-03T1901Z,laliga,14243639,3035,Izan M.,Izan Merino,3,4776050,4980899,1,marketPlayerTeam,on_sale,ok,false,2026-09-03T23:30:38+02:00,,,
2026-09-03T1901Z,laliga,18807459,2746,Miguel Sierra,Miguel Sierra,4,2152730,1897980,0,marketPlayerTeam,on_sale,ok,false,2026-09-05T23:06:55+02:00,,,
2026-09-03T1901Z,laliga,21227596,3078,T. Martínez,Toni Martínez,4,24753416,27116158,1,marketPlayerTeam,on_sale,injured,false,2026-09-03T23:30:29+02:00,,,
2026-09-03T1901Z,laliga,21675155,2455,Peque,Gerard Fernández Castellano,4,2889725,2859071,0,marketPlayerTeam,on_sale,ok,false,2026-09-05T23:06:59+02:00,,,
2026-09-03T1901Z,laliga,22182646,2429,Fran García,Fran García,2,17956186,17222547,0,marketPlayerTeam,on_sale,ok,false,2026-09-05T22:53:19+02:00,,,
2026-09-03T1901Z,laliga,23021869,2295,Febas,Aleix Febas,3,21573671,21573671,0,marketPlayerTeam,on_sale,injured,false,2026-09-06T19:52:14+02:00,,,
2026-09-03T1901Z,laliga,26988250,2470,Foyth,Juan Foyth,2,18921860,19111062,0,marketPlayerTeam,on_sale,doubtful,false,2026-09-05T22:53:13+02:00,,,
2026-09-03T1901Z,laliga,26988648,3154,Enes Ünal,Enes Ünal,4,18154869,17799142,0,marketPlayerTeam,on_sale,ok,false,2026-09-05T22:53:40+02:00,,,
2026-09-03T1901Z,laliga,26989803,2338,Aimar,Aimar Oroz,3,13393654,13828704,0,marketPlayerTeam,on_sale,injured,false,2026-09-05T22:54:54+02:00,,,
2026-09-03T1901Z,laliga,27000869,2757,Gerard Martín,Gerard Martín,2,48206738,47845025,0,marketPlayerTeam,on_sale,ok,false,2026-09-05T23:06:46+02:00,,,
2026-09-03T1901Z,laliga,27001118,3105,Cala,Álex Calatrava Torrado,4,6134511,5925728,0,marketPlayerTeam,on_sale,ok,false,2026-09-05T23:07:03+02:00,,,
2026-09-03T1901Z,laliga,27001384,1565,Barrios,Pablo Barrios,3,52026544,50916820,0,marketPlayerTeam,on_sale,ok,false,2026-09-05T23:07:21+02:00,,,
2026-09-03T1901Z,laliga,27001442,2430,Valverde,Federico Valverde,3,73710458,73618128,0,marketPlayerTeam,on_sale,ok,false,2026-09-05T23:07:25+02:00,,,
2026-09-03T1901Z,laliga,27675304,3193,Kang-In Lee,Kang-In Lee,3,62602930,62602930,0,marketPlayerTeam,on_sale,ok,false,2026-09-06T19:52:05+02:00,,,
2026-09-03T1916Z,laliga,140233573,3096,Martín Anselmi,Martín Anselmi,5,977952,1003935,0,marketPlayerLeague,on_sale,ok,,2026-09-03T22:24:00+02:00,,,
2026-09-03T1916Z,laliga,140233579,2975,A. Ferllo,Álvaro Fernández,1,2882741,2966902,0,marketPlayerLeague,on_sale,ok,,2026-09-03T22:24:00+02:00,,,
2026-09-03T1916Z,laliga,140233583,1251,Carmona,José Ángel Carmona,2,2856559,2940879,0,marketPlayerLeague,on_sale,ok,,2026-09-03T22:24:00+02:00,,,
2026-09-03T1916Z,laliga,140233588,2961,Miguel Cubo,Miguel Llorente Cubo,4,509792,516268,0,marketPlayerLeague,on_sale,ok,,2026-09-03T22:24:00+02:00,,,
2026-09-03T1916Z,laliga,140233593,2939,G. Villar,Gonzalo Villar,3,9788968,9523613,0,marketPlayerLeague,on_sale,ok,,2026-09-03T22:24:00+02:00,,,
2026-09-03T1916Z,laliga,140233597,3027,Facu,Facu González,2,1994275,2039394,0,marketPlayerLeague,on_sale,ok,,2026-09-03T22:24:00+02:00,,,
2026-09-03T1916Z,laliga,140233603,3246,Axel Tape,Axel Tape,2,2820736,2910631,0,marketPlayerLeague,on_sale,ok,,2026-09-03T22:24:00+02:00,,,
2026-09-03T1916Z,laliga,140233608,2923,Raúl Moro,Raúl Moro,4,11639825,12002838,0,marketPlayerLeague,on_sale,ok,,2026-09-03T22:24:00+02:00,,,
2026-09-03T1916Z,laliga,140233613,2074,Javi Rodríguez,Javier Rodríguez,2,10896121,11045706,0,marketPlayerLeague,on_sale,ok,,2026-09-03T22:24:00+02:00,,,
2026-09-03T1916Z,laliga,140233617,3045,Niño,Adrián Niño,4,1469909,1516243,0,marketPlayerLeague,on_sale,injured,,2026-09-03T22:24:00+02:00,,,
2026-09-03T1916Z,laliga,140233620,3084,Budimir,Ante Budimir,4,51174770,50195693,1,marketPlayerLeague,on_sale,ok,,2026-09-03T22:24:00+02:00,,,
2026-09-03T1916Z,laliga,140233623,3073,Andrés Martín,Andrés Martín,4,18960994,19566140,0,marketPlayerLeague,on_sale,injured,,2026-09-03T22:24:00+02:00,,,
2026-09-03T1916Z,laliga,140233626,2673,Paco Cortes,Paco Cortés,4,597637,607773,0,marketPlayerLeague,on_sale,ok,,2026-09-03T22:24:00+02:00,,,
2026-09-03T1916Z,laliga,12717146,3068,Cabrera,Leandro Cabrera,2,10858611,11480507,1,marketPlayerTeam,on_sale,ok,false,2026-09-03T22:03:15+02:00,,,
2026-09-03T1916Z,laliga,14243639,3035,Izan M.,Izan Merino,3,4776050,4980899,1,marketPlayerTeam,on_sale,ok,false,2026-09-03T23:30:38+02:00,,,
2026-09-03T1916Z,laliga,18807459,2746,Miguel Sierra,Miguel Sierra,4,2152730,1897980,0,marketPlayerTeam,on_sale,ok,false,2026-09-05T23:06:55+02:00,,,
2026-09-03T1916Z,laliga,21227596,3078,T. Martínez,Toni Martínez,4,24753416,27116158,1,marketPlayerTeam,on_sale,injured,false,2026-09-03T23:30:29+02:00,,,
2026-09-03T1916Z,laliga,21675155,2455,Peque,Gerard Fernández Castellano,4,2889725,2859071,0,marketPlayerTeam,on_sale,ok,false,2026-09-05T23:06:59+02:00,,,
2026-09-03T1916Z,laliga,22182646,2429,Fran García,Fran García,2,17956186,17222547,0,marketPlayerTeam,on_sale,ok,false,2026-09-05T22:53:19+02:00,,,
2026-09-03T1916Z,laliga,23021869,2295,Febas,Aleix Febas,3,21573671,21573671,0,marketPlayerTeam,on_sale,injured,false,2026-09-06T19:52:14+02:00,,,
2026-09-03T1916Z,laliga,26988250,2470,Foyth,Juan Foyth,2,18921860,19111062,0,marketPlayerTeam,on_sale,doubtful,false,2026-09-05T22:53:13+02:00,,,
2026-09-03T1916Z,laliga,26988648,3154,Enes Ünal,Enes Ünal,4,18154869,17799142,0,marketPlayerTeam,on_sale,ok,false,2026-09-05T22:53:40+02:00,,,
2026-09-03T1916Z,laliga,26989803,2338,Aimar,Aimar Oroz,3,13393654,13828704,0,marketPlayerTeam,on_sale,injured,false,2026-09-05T22:54:54+02:00,,,
2026-09-03T1916Z,laliga,27000869,2757,Gerard Martín,Gerard Martín,2,48206738,47845025,0,marketPlayerTeam,on_sale,ok,false,2026-09-05T23:06:46+02:00,,,
2026-09-03T1916Z,laliga,27001118,3105,Cala,Álex Calatrava Torrado,4,6134511,5925728,0,marketPlayerTeam,on_sale,ok,false,2026-09-05T23:07:03+02:00,,,
2026-09-03T1916Z,laliga,27001384,1565,Barrios,Pablo Barrios,3,52026544,50916820,0,marketPlayerTeam,on_sale,ok,false,2026-09-05T23:07:21+02:00,,,
2026-09-03T1916Z,laliga,27001442,2430,Valverde,Federico Valverde,3,73710458,73618128,0,marketPlayerTeam,on_sale,ok,false,2026-09-05T23:07:25+02:00,,,
2026-09-03T1916Z,laliga,27675304,3193,Kang-In Lee,Kang-In Lee,3,62602930,62602930,0,marketPlayerTeam,on_sale,ok,false,2026-09-06T19:52:05+02:00,,,
2026-09-03T2206Z,laliga,145840302,3097,Beñat,Beñat San José,5,977952,977952,0,marketPlayerLeague,on_sale,ok,,2026-09-04T22:24:00+02:00,,,
2026-09-03T2206Z,laliga,145840303,3083,Nico Williams,Nico Williams,4,49106189,49106189,0,marketPlayerLeague,on_sale,ok,,2026-09-04T22:24:00+02:00,,,
2026-09-03T2206Z,laliga,145840305,2520,Roberto,Roberto Fernández,4,19270812,19270812,0,marketPlayerLeague,on_sale,ok,,2026-09-04T22:24:00+02:00,,,
2026-09-03T2206Z,laliga,145840307,3256,Ratkov,Petar Ratkov,4,4351894,4351894,0,marketPlayerLeague,on_sale,ok,,2026-09-04T22:24:00+02:00,,,
2026-09-03T2206Z,laliga,145840309,3090,Isco,Francisco Román Alarcón Suárez,3,43327968,43327968,0,marketPlayerLeague,on_sale,ok,,2026-09-04T22:24:00+02:00,,,
2026-09-03T2206Z,laliga,145840311,2331,Carlos Martín,Carlos Martín,3,1444464,1444464,0,marketPlayerLeague,on_sale,ok,,2026-09-04T22:24:00+02:00,,,
2026-09-03T2206Z,laliga,145840314,2444,Sucic,Luka Sucic,3,5470562,5470562,0,marketPlayerLeague,on_sale,ok,,2026-09-04T22:24:00+02:00,,,
2026-09-03T2206Z,laliga,145840316,2717,R. Mendoza,Rodrigo Mendoza,3,1157683,1157683,0,marketPlayerLeague,on_sale,ok,,2026-09-04T22:24:00+02:00,,,
2026-09-03T2206Z,laliga,145840319,2664,Joselu,José Luis Pérez del Amo,4,575158,575158,0,marketPlayerLeague,on_sale,ok,,2026-09-04T22:24:00+02:00,,,
2026-09-03T2206Z,laliga,145840322,3195,Faye,Abdoulaye Faye,2,2855468,2855468,0,marketPlayerLeague,on_sale,ok,,2026-09-04T22:24:00+02:00,,,
2026-09-03T2206Z,laliga,145840325,2868,Carlos Macià,Carlos Macià,3,754802,754802,0,marketPlayerLeague,on_sale,ok,,2026-09-04T22:24:00+02:00,,,
2026-09-03T2206Z,laliga,145840328,2335,Areso,Jesús Areso,2,2583513,2583513,0,marketPlayerLeague,on_sale,ok,,2026-09-04T22:24:00+02:00,,,
2026-09-03T2206Z,laliga,145840332,3211,Kochorashvili,Giorgi Kochorashvili,3,8535438,8535438,0,marketPlayerLeague,on_sale,ok,,2026-09-04T22:24:00+02:00,,,
2026-09-03T2206Z,laliga,21675028,3069,Blanco,Antonio Blanco,3,16996072,16996072,0,marketPlayerTeam,on_sale,ok,false,2026-09-06T23:05:15+02:00,,,
2026-09-03T2206Z,laliga,22182646,2429,Fran García,Fran García,2,17956186,17222547,1,marketPlayerTeam,on_sale,ok,false,2026-09-05T22:53:19+02:00,,,
2026-09-03T2206Z,laliga,23021869,2295,Febas,Aleix Febas,3,21573671,21573671,1,marketPlayerTeam,on_sale,injured,false,2026-09-06T19:52:14+02:00,,,
2026-09-03T2206Z,laliga,26988250,2470,Foyth,Juan Foyth,2,18921860,19111062,1,marketPlayerTeam,on_sale,doubtful,false,2026-09-05T22:53:13+02:00,,,
2026-09-03T2206Z,laliga,26988648,3154,Enes Ünal,Enes Ünal,4,18154869,17799142,1,marketPlayerTeam,on_sale,ok,false,2026-09-05T22:53:40+02:00,,,
2026-09-03T2206Z,laliga,26989803,2338,Aimar,Aimar Oroz,3,13393654,13828704,1,marketPlayerTeam,on_sale,injured,false,2026-09-05T22:54:54+02:00,,,
2026-09-03T2206Z,laliga,27675304,3193,Kang-In Lee,Kang-In Lee,3,62602930,62602930,1,marketPlayerTeam,on_sale,ok,false,2026-09-06T19:52:05+02:00,,,
2026-09-03T2206Z,laliga,27840606,3037,C. Puga,Carlos Puga,2,4756546,4756546,0,marketPlayerTeam,on_sale,ok,false,2026-09-06T23:05:02+02:00,,,
2026-09-03T2206Z,laliga,27840662,2315,Paredes,Aitor Paredes,2,8732572,8732572,0,marketPlayerTeam,on_sale,ok,false,2026-09-06T23:05:06+02:00,,,
2026-09-03T2206Z,laliga,27840837,2474,Denis Suárez,Denis Suárez,3,2551219,2651262,0,marketPlayerTeam,on_sale,ok,false,2026-09-06T23:05:19+02:00,,,
2026-09-03T2206Z,laliga,27841259,3105,Cala,Álex Calatrava Torrado,4,6134511,6134511,0,marketPlayerTeam,on_sale,ok,false,2026-09-06T23:05:46+02:00,,,
2026-09-03T2206Z,laliga,27841614,2746,Miguel Sierra,Miguel Sierra,4,2152730,2152730,0,marketPlayerTeam,on_sale,ok,false,2026-09-06T23:06:09+02:00,,,
2026-09-03T2206Z,laliga,27842158,3084,Budimir,Ante Budimir,4,51174770,51174770,0,marketPlayerTeam,on_sale,ok,false,2026-09-06T23:06:42+02:00,,,
2026-09-03T2243Z,laliga,145840302,3097,Beñat,Beñat San José,5,977952,977952,0,marketPlayerLeague,on_sale,ok,,2026-09-04T22:24:00+02:00,,,
2026-09-03T2243Z,laliga,145840303,3083,Nico Williams,Nico Williams,4,49106189,49106189,0,marketPlayerLeague,on_sale,ok,,2026-09-04T22:24:00+02:00,,,
2026-09-03T2243Z,laliga,145840305,2520,Roberto,Roberto Fernández,4,19270812,19270812,0,marketPlayerLeague,on_sale,ok,,2026-09-04T22:24:00+02:00,,,
2026-09-03T2243Z,laliga,145840307,3256,Ratkov,Petar Ratkov,4,4351894,4351894,0,marketPlayerLeague,on_sale,ok,,2026-09-04T22:24:00+02:00,,,
2026-09-03T2243Z,laliga,145840309,3090,Isco,Francisco Román Alarcón Suárez,3,43327968,43327968,0,marketPlayerLeague,on_sale,ok,,2026-09-04T22:24:00+02:00,,,
2026-09-03T2243Z,laliga,145840311,2331,Carlos Martín,Carlos Martín,3,1444464,1444464,0,marketPlayerLeague,on_sale,ok,,2026-09-04T22:24:00+02:00,,,
2026-09-03T2243Z,laliga,145840314,2444,Sucic,Luka Sucic,3,5470562,5470562,0,marketPlayerLeague,on_sale,ok,,2026-09-04T22:24:00+02:00,,,
2026-09-03T2243Z,laliga,145840316,2717,R. Mendoza,Rodrigo Mendoza,3,1157683,1157683,0,marketPlayerLeague,on_sale,ok,,2026-09-04T22:24:00+02:00,,,
2026-09-03T2243Z,laliga,145840319,2664,Joselu,José Luis Pérez del Amo,4,575158,575158,0,marketPlayerLeague,on_sale,ok,,2026-09-04T22:24:00+02:00,,,
2026-09-03T2243Z,laliga,145840322,3195,Faye,Abdoulaye Faye,2,2855468,2855468,0,marketPlayerLeague,on_sale,ok,,2026-09-04T22:24:00+02:00,,,
2026-09-03T2243Z,laliga,145840325,2868,Carlos Macià,Carlos Macià,3,754802,754802,0,marketPlayerLeague,on_sale,ok,,2026-09-04T22:24:00+02:00,,,
2026-09-03T2243Z,laliga,145840328,2335,Areso,Jesús Areso,2,2583513,2583513,0,marketPlayerLeague,on_sale,ok,,2026-09-04T22:24:00+02:00,,,
2026-09-03T2243Z,laliga,145840332,3211,Kochorashvili,Giorgi Kochorashvili,3,8535438,8535438,0,marketPlayerLeague,on_sale,ok,,2026-09-04T22:24:00+02:00,,,
2026-09-03T2243Z,laliga,21675028,3069,Blanco,Antonio Blanco,3,16996072,16996072,0,marketPlayerTeam,on_sale,ok,false,2026-09-06T23:05:15+02:00,,,
2026-09-03T2243Z,laliga,22182646,2429,Fran García,Fran García,2,17956186,17222547,1,marketPlayerTeam,on_sale,ok,false,2026-09-05T22:53:19+02:00,,,
2026-09-03T2243Z,laliga,23021869,2295,Febas,Aleix Febas,3,21573671,21573671,1,marketPlayerTeam,on_sale,injured,false,2026-09-06T19:52:14+02:00,,,
2026-09-03T2243Z,laliga,26988250,2470,Foyth,Juan Foyth,2,18921860,19111062,1,marketPlayerTeam,on_sale,doubtful,false,2026-09-05T22:53:13+02:00,,,
2026-09-03T2243Z,laliga,26988648,3154,Enes Ünal,Enes Ünal,4,18154869,17799142,1,marketPlayerTeam,on_sale,ok,false,2026-09-05T22:53:40+02:00,,,
2026-09-03T2243Z,laliga,26989803,2338,Aimar,Aimar Oroz,3,13393654,13828704,1,marketPlayerTeam,on_sale,injured,false,2026-09-05T22:54:54+02:00,,,
2026-09-03T2243Z,laliga,27675304,3193,Kang-In Lee,Kang-In Lee,3,62602930,62602930,1,marketPlayerTeam,on_sale,ok,false,2026-09-06T19:52:05+02:00,,,
2026-09-03T2243Z,laliga,27840606,3037,C. Puga,Carlos Puga,2,4756546,4756546,0,marketPlayerTeam,on_sale,ok,false,2026-09-06T23:05:02+02:00,,,
2026-09-03T2243Z,laliga,27840662,2315,Paredes,Aitor Paredes,2,8732572,8732572,0,marketPlayerTeam,on_sale,ok,false,2026-09-06T23:05:06+02:00,,,
2026-09-03T2243Z,laliga,27840837,2474,Denis Suárez,Denis Suárez,3,2551219,2651262,0,marketPlayerTeam,on_sale,ok,false,2026-09-06T23:05:19+02:00,,,
2026-09-03T2243Z,laliga,27841259,3105,Cala,Álex Calatrava Torrado,4,6134511,6134511,0,marketPlayerTeam,on_sale,ok,false,2026-09-06T23:05:46+02:00,,,
2026-09-03T2243Z,laliga,27841614,2746,Miguel Sierra,Miguel Sierra,4,2152730,2152730,0,marketPlayerTeam,on_sale,ok,false,2026-09-06T23:06:09+02:00,,,
2026-09-03T2243Z,laliga,27842158,3084,Budimir,Ante Budimir,4,51174770,51174770,0,marketPlayerTeam,on_sale,ok,false,2026-09-06T23:06:42+02:00,,,
2026-09-04T0506Z,laliga,145840302,3097,Beñat,Beñat San José,5,953853,977952,0,marketPlayerLeague,on_sale,ok,,2026-09-04T22:24:00+02:00,,,
2026-09-04T0506Z,laliga,145840303,3083,Nico Williams,Nico Williams,4,48193537,49106189,0,marketPlayerLeague,on_sale,ok,,2026-09-04T22:24:00+02:00,,,
2026-09-04T0506Z,laliga,145840305,2520,Roberto,Roberto Fernández,4,20297419,19270812,1,marketPlayerLeague,on_sale,ok,,2026-09-04T22:24:00+02:00,24349869,20297419,pending
2026-09-04T0506Z,laliga,145840307,3256,Ratkov,Petar Ratkov,4,4248947,4351894,0,marketPlayerLeague,on_sale,ok,,2026-09-04T22:24:00+02:00,,,
2026-09-04T0506Z,laliga,145840309,3090,Isco,Francisco Román Alarcón Suárez,3,42645692,43327968,0,marketPlayerLeague,on_sale,ok,,2026-09-04T22:24:00+02:00,,,
2026-09-04T0506Z,laliga,145840311,2331,Carlos Martín,Carlos Martín,3,1407212,1444464,0,marketPlayerLeague,on_sale,ok,,2026-09-04T22:24:00+02:00,,,
2026-09-04T0506Z,laliga,145840314,2444,Sucic,Luka Sucic,3,5745269,5470562,0,marketPlayerLeague,on_sale,ok,,2026-09-04T22:24:00+02:00,,,
2026-09-04T0506Z,laliga,145840316,2717,R. Mendoza,Rodrigo Mendoza,3,1160604,1157683,0,marketPlayerLeague,on_sale,ok,,2026-09-04T22:24:00+02:00,,,
2026-09-04T0506Z,laliga,145840319,2664,Joselu,José Luis Pérez del Amo,4,567171,575158,0,marketPlayerLeague,on_sale,ok,,2026-09-04T22:24:00+02:00,,,
2026-09-04T0506Z,laliga,145840322,3195,Faye,Abdoulaye Faye,2,2776306,2855468,0,marketPlayerLeague,on_sale,ok,,2026-09-04T22:24:00+02:00,,,
2026-09-04T0506Z,laliga,145840325,2868,Carlos Macià,Carlos Macià,3,745845,754802,0,marketPlayerLeague,on_sale,ok,,2026-09-04T22:24:00+02:00,,,
2026-09-04T0506Z,laliga,145840328,2335,Areso,Jesús Areso,2,2630249,2583513,0,marketPlayerLeague,on_sale,ok,,2026-09-04T22:24:00+02:00,,,
2026-09-04T0506Z,laliga,145840332,3211,Kochorashvili,Giorgi Kochorashvili,3,8405032,8535438,0,marketPlayerLeague,on_sale,ok,,2026-09-04T22:24:00+02:00,,,
2026-09-04T0506Z,laliga,21675028,3069,Blanco,Antonio Blanco,3,17339184,16996072,0,marketPlayerTeam,on_sale,ok,false,2026-09-06T23:05:15+02:00,,,
2026-09-04T0506Z,laliga,22182646,2429,Fran García,Fran García,2,18544216,17222547,1,marketPlayerTeam,on_sale,ok,false,2026-09-05T22:53:19+02:00,,,
2026-09-04T0506Z,laliga,23021869,2295,Febas,Aleix Febas,3,20910493,21573671,1,marketPlayerTeam,on_sale,injured,false,2026-09-06T19:52:14+02:00,,,
2026-09-04T0506Z,laliga,26988250,2470,Foyth,Juan Foyth,2,18642446,19111062,1,marketPlayerTeam,on_sale,doubtful,false,2026-09-05T22:53:13+02:00,,,
2026-09-04T0506Z,laliga,26988648,3154,Enes Ünal,Enes Ünal,4,18501332,17799142,1,marketPlayerTeam,on_sale,ok,false,2026-09-05T22:53:40+02:00,,,
2026-09-04T0506Z,laliga,26989803,2338,Aimar,Aimar Oroz,3,12984065,13828704,1,marketPlayerTeam,on_sale,injured,false,2026-09-05T22:54:54+02:00,,,
2026-09-04T0506Z,laliga,27675304,3193,Kang-In Lee,Kang-In Lee,3,64422473,62602930,1,marketPlayerTeam,on_sale,ok,false,2026-09-06T19:52:05+02:00,,,
2026-09-04T0506Z,laliga,27840606,3037,C. Puga,Carlos Puga,2,4715010,4756546,0,marketPlayerTeam,on_sale,ok,false,2026-09-06T23:05:02+02:00,,,
2026-09-04T0506Z,laliga,27840662,2315,Paredes,Aitor Paredes,2,9155679,8732572,0,marketPlayerTeam,on_sale,ok,false,2026-09-06T23:05:06+02:00,,,
2026-09-04T0506Z,laliga,27840837,2474,Denis Suárez,Denis Suárez,3,2570019,2651262,0,marketPlayerTeam,on_sale,ok,false,2026-09-06T23:05:19+02:00,,,
2026-09-04T0506Z,laliga,27841259,3105,Cala,Álex Calatrava Torrado,4,6303781,6134511,0,marketPlayerTeam,on_sale,ok,false,2026-09-06T23:05:46+02:00,,,
2026-09-04T0506Z,laliga,27841614,2746,Miguel Sierra,Miguel Sierra,4,2419488,2152730,0,marketPlayerTeam,on_sale,ok,false,2026-09-06T23:06:09+02:00,,,
2026-09-04T0506Z,laliga,27842158,3084,Budimir,Ante Budimir,4,51926356,51174770,0,marketPlayerTeam,on_sale,ok,false,2026-09-06T23:06:42+02:00,,,
2026-09-04T2242Z,laliga,151494961,3053,Funes,Juan Francisco Funes Arjona,5,785347,801413,0,marketPlayerLeague,on_sale,ok,,2026-09-05T22:24:00+02:00,,,
2026-09-04T2242Z,laliga,151494964,2426,E. Militão,Éder Gabriel Militão,2,6764280,6942386,0,marketPlayerLeague,on_sale,injured,,2026-09-05T22:24:00+02:00,,,
2026-09-04T2242Z,laliga,151494969,2346,Álvaro Núñez,Álvaro Núñez,2,2401421,2341852,0,marketPlayerLeague,on_sale,ok,,2026-09-05T22:24:00+02:00,,,
2026-09-04T2242Z,laliga,151494972,2617,Sadiq,Umar Sadiq,4,4538482,4674393,0,marketPlayerLeague,on_sale,injured,,2026-09-05T22:24:00+02:00,,,
2026-09-04T2242Z,laliga,151494975,3165,Marc Santos,Marc Santos,2,622697,631986,0,marketPlayerLeague,on_sale,ok,,2026-09-05T22:24:00+02:00,,,
2026-09-04T2242Z,laliga,151494978,2992,Jose Angel,José Ángel,3,663468,674455,0,marketPlayerLeague,on_sale,ok,,2026-09-05T22:24:00+02:00,,,
2026-09-04T2242Z,laliga,151494980,3184,H. Rincón,Hugo Rincón,2,2075514,2126698,0,marketPlayerLeague,on_sale,ok,,2026-09-05T22:24:00+02:00,,,
2026-09-04T2242Z,laliga,151494983,637,Moncayola,Jon Moncayola,3,7452600,7282873,0,marketPlayerLeague,on_sale,ok,,2026-09-05T22:24:00+02:00,,,
2026-09-04T2242Z,laliga,151494987,2755,Ryan,Mathew Ryan,1,20401188,19675679,1,marketPlayerLeague,on_sale,ok,,2026-09-05T22:24:00+02:00,,,
2026-09-04T2242Z,laliga,151494990,2725,De Las Sias,Marco de Las Sias,2,485895,489484,0,marketPlayerLeague,on_sale,ok,,2026-09-05T22:24:00+02:00,,,
2026-09-04T2242Z,laliga,151494993,2509,Kike García,Kike García,4,1860152,1919034,0,marketPlayerLeague,on_sale,injured,,2026-09-05T22:24:00+02:00,,,
2026-09-04T2242Z,laliga,151494996,3035,Izan M.,Izan Merino,3,4722100,4747679,0,marketPlayerLeague,on_sale,ok,,2026-09-05T22:24:00+02:00,,,
2026-09-04T2242Z,laliga,151494997,2448,Oskarsson,Orri Óskarsson,4,7401797,7195645,0,marketPlayerLeague,on_sale,ok,,2026-09-05T22:24:00+02:00,,,
2026-09-04T2242Z,laliga,15560007,2415,Llorente ,Diego Llorente,2,11239006,11383317,1,marketPlayerTeam,on_sale,doubtful,false,2026-09-07T21:46:13+02:00,,,
2026-09-04T2242Z,laliga,21675028,3069,Blanco,Antonio Blanco,3,17602050,16996072,1,marketPlayerTeam,on_sale,ok,false,2026-09-06T23:05:15+02:00,,,
2026-09-04T2242Z,laliga,22182646,2429,Fran García,Fran García,2,19163205,17222547,1,marketPlayerTeam,on_sale,ok,false,2026-09-05T22:53:19+02:00,,,
2026-09-04T2242Z,laliga,23021869,2295,Febas,Aleix Febas,3,20267780,21573671,1,marketPlayerTeam,on_sale,injured,false,2026-09-06T19:52:14+02:00,,,
2026-09-04T2242Z,laliga,26988250,2470,Foyth,Juan Foyth,2,18227294,19111062,1,marketPlayerTeam,on_sale,injured,false,2026-09-05T22:53:13+02:00,,,
2026-09-04T2242Z,laliga,26988648,3154,Enes Ünal,Enes Ünal,4,18756205,17799142,1,marketPlayerTeam,on_sale,ok,false,2026-09-05T22:53:40+02:00,,,
2026-09-04T2242Z,laliga,26989803,2338,Aimar,Aimar Oroz,3,12589053,13828704,1,marketPlayerTeam,on_sale,injured,false,2026-09-05T22:54:54+02:00,,,
2026-09-04T2242Z,laliga,27675304,3193,Kang-In Lee,Kang-In Lee,3,65923720,62602930,1,marketPlayerTeam,on_sale,ok,false,2026-09-06T19:52:05+02:00,,,
2026-09-04T2242Z,laliga,27840606,3037,C. Puga,Carlos Puga,2,4670319,4756546,1,marketPlayerTeam,on_sale,ok,false,2026-09-06T23:05:02+02:00,,,
2026-09-04T2242Z,laliga,27840662,2315,Paredes,Aitor Paredes,2,9575168,8732572,1,marketPlayerTeam,on_sale,ok,false,2026-09-06T23:05:06+02:00,,,
2026-09-04T2242Z,laliga,27840837,2474,Denis Suárez,Denis Suárez,3,2599009,2651262,1,marketPlayerTeam,on_sale,ok,false,2026-09-06T23:05:19+02:00,,,
2026-09-04T2242Z,laliga,27841259,3105,Cala,Álex Calatrava Torrado,4,6470443,6134511,1,marketPlayerTeam,on_sale,ok,false,2026-09-06T23:05:46+02:00,,,
2026-09-04T2242Z,laliga,27841614,2746,Miguel Sierra,Miguel Sierra,4,2672932,2152730,1,marketPlayerTeam,on_sale,ok,false,2026-09-06T23:06:09+02:00,,,
2026-09-04T2242Z,laliga,27842158,3084,Budimir,Ante Budimir,4,52408214,51174770,1,marketPlayerTeam,on_sale,ok,false,2026-09-06T23:06:42+02:00,,,
2026-09-05T0712Z,laliga,151494961,3053,Funes,Juan Francisco Funes Arjona,5,785347,801413,0,marketPlayerLeague,on_sale,ok,,2026-09-05T22:24:00+02:00,,,
2026-09-05T0712Z,laliga,151494964,2426,E. Militão,Éder Gabriel Militão,2,6764280,6942386,0,marketPlayerLeague,on_sale,injured,,2026-09-05T22:24:00+02:00,,,
2026-09-05T0712Z,laliga,151494969,2346,Álvaro Núñez,Álvaro Núñez,2,2401421,2341852,0,marketPlayerLeague,on_sale,ok,,2026-09-05T22:24:00+02:00,,,
2026-09-05T0712Z,laliga,151494972,2617,Sadiq,Umar Sadiq,4,4538482,4674393,0,marketPlayerLeague,on_sale,injured,,2026-09-05T22:24:00+02:00,,,
2026-09-05T0712Z,laliga,151494975,3165,Marc Santos,Marc Santos,2,622697,631986,0,marketPlayerLeague,on_sale,ok,,2026-09-05T22:24:00+02:00,,,
2026-09-05T0712Z,laliga,151494978,2992,Jose Angel,José Ángel,3,663468,674455,0,marketPlayerLeague,on_sale,ok,,2026-09-05T22:24:00+02:00,,,
2026-09-05T0712Z,laliga,151494980,3184,H. Rincón,Hugo Rincón,2,2075514,2126698,0,marketPlayerLeague,on_sale,ok,,2026-09-05T22:24:00+02:00,,,
2026-09-05T0712Z,laliga,151494983,637,Moncayola,Jon Moncayola,3,7452600,7282873,0,marketPlayerLeague,on_sale,ok,,2026-09-05T22:24:00+02:00,,,
2026-09-05T0712Z,laliga,151494987,2755,Ryan,Mathew Ryan,1,20401188,19675679,1,marketPlayerLeague,on_sale,ok,,2026-09-05T22:24:00+02:00,,,
2026-09-05T0712Z,laliga,151494990,2725,De Las Sias,Marco de Las Sias,2,485895,489484,0,marketPlayerLeague,on_sale,ok,,2026-09-05T22:24:00+02:00,,,
2026-09-05T0712Z,laliga,151494993,2509,Kike García,Kike García,4,1860152,1919034,0,marketPlayerLeague,on_sale,injured,,2026-09-05T22:24:00+02:00,,,
2026-09-05T0712Z,laliga,151494996,3035,Izan M.,Izan Merino,3,4722100,4747679,0,marketPlayerLeague,on_sale,ok,,2026-09-05T22:24:00+02:00,,,
2026-09-05T0712Z,laliga,151494997,2448,Oskarsson,Orri Óskarsson,4,7401797,7195645,0,marketPlayerLeague,on_sale,ok,,2026-09-05T22:24:00+02:00,,,
2026-09-05T0712Z,laliga,15560007,2415,Llorente ,Diego Llorente,2,11239006,11383317,1,marketPlayerTeam,on_sale,doubtful,false,2026-09-07T21:46:13+02:00,,,
2026-09-05T0712Z,laliga,21675028,3069,Blanco,Antonio Blanco,3,17602050,16996072,0,marketPlayerTeam,on_sale,ok,false,2026-09-06T23:05:15+02:00,,,
2026-09-05T0712Z,laliga,22182646,2429,Fran García,Fran García,2,19163205,17222547,1,marketPlayerTeam,on_sale,ok,false,2026-09-05T22:53:19+02:00,,,
2026-09-05T0712Z,laliga,23021869,2295,Febas,Aleix Febas,3,20267780,21573671,1,marketPlayerTeam,on_sale,injured,false,2026-09-06T19:52:14+02:00,,,
2026-09-05T0712Z,laliga,26988250,2470,Foyth,Juan Foyth,2,18227294,19111062,1,marketPlayerTeam,on_sale,injured,false,2026-09-05T22:53:13+02:00,,,
2026-09-05T0712Z,laliga,26988648,3154,Enes Ünal,Enes Ünal,4,18756205,17799142,1,marketPlayerTeam,on_sale,ok,false,2026-09-05T22:53:40+02:00,,,
2026-09-05T0712Z,laliga,26989803,2338,Aimar,Aimar Oroz,3,12589053,13828704,1,marketPlayerTeam,on_sale,injured,false,2026-09-05T22:54:54+02:00,,,
2026-09-05T0712Z,laliga,27675304,3193,Kang-In Lee,Kang-In Lee,3,65923720,62602930,1,marketPlayerTeam,on_sale,ok,false,2026-09-06T19:52:05+02:00,,,
2026-09-05T0712Z,laliga,27840606,3037,C. Puga,Carlos Puga,2,4670319,4756546,0,marketPlayerTeam,on_sale,ok,false,2026-09-06T23:05:02+02:00,,,
2026-09-05T0712Z,laliga,27840662,2315,Paredes,Aitor Paredes,2,9575168,8732572,0,marketPlayerTeam,on_sale,ok,false,2026-09-06T23:05:06+02:00,,,
2026-09-05T0712Z,laliga,27840837,2474,Denis Suárez,Denis Suárez,3,2599009,2651262,0,marketPlayerTeam,on_sale,ok,false,2026-09-06T23:05:19+02:00,,,
2026-09-05T0712Z,laliga,27841259,3105,Cala,Álex Calatrava Torrado,4,6470443,6134511,0,marketPlayerTeam,on_sale,ok,false,2026-09-06T23:05:46+02:00,,,
2026-09-05T0712Z,laliga,27841614,2746,Miguel Sierra,Miguel Sierra,4,2672932,2152730,0,marketPlayerTeam,on_sale,ok,false,2026-09-06T23:06:09+02:00,,,
2026-09-05T0712Z,laliga,27842158,3084,Budimir,Ante Budimir,4,52408214,51174770,0,marketPlayerTeam,on_sale,ok,false,2026-09-06T23:06:42+02:00,,,
2026-09-05T0712Z,laliga,28756782,2520,Roberto,Roberto Fernández,4,21172780,21172780,0,marketPlayerTeam,on_sale,ok,false,2026-09-08T07:54:02+02:00,,,
2026-09-05T0712Z,laliga,28756801,2444,Sucic,Luka Sucic,3,5995641,5995641,0,marketPlayerTeam,on_sale,ok,false,2026-09-08T07:54:13+02:00,,,
2026-09-05T1806Z,laliga,151494961,3053,Funes,Juan Francisco Funes Arjona,5,785347,801413,0,marketPlayerLeague,on_sale,ok,,2026-09-05T22:24:00+02:00,,,
2026-09-05T1806Z,laliga,151494964,2426,E. Militão,Éder Gabriel Militão,2,6764280,6942386,0,marketPlayerLeague,on_sale,injured,,2026-09-05T22:24:00+02:00,,,
2026-09-05T1806Z,laliga,151494969,2346,Álvaro Núñez,Álvaro Núñez,2,2401421,2341852,0,marketPlayerLeague,on_sale,ok,,2026-09-05T22:24:00+02:00,,,
2026-09-05T1806Z,laliga,151494972,2617,Sadiq,Umar Sadiq,4,4538482,4674393,0,marketPlayerLeague,on_sale,injured,,2026-09-05T22:24:00+02:00,,,
2026-09-05T1806Z,laliga,151494975,3165,Marc Santos,Marc Santos,2,622697,631986,0,marketPlayerLeague,on_sale,ok,,2026-09-05T22:24:00+02:00,,,
2026-09-05T1806Z,laliga,151494978,2992,Jose Angel,José Ángel,3,663468,674455,0,marketPlayerLeague,on_sale,ok,,2026-09-05T22:24:00+02:00,,,
2026-09-05T1806Z,laliga,151494980,3184,H. Rincón,Hugo Rincón,2,2075514,2126698,0,marketPlayerLeague,on_sale,ok,,2026-09-05T22:24:00+02:00,,,
2026-09-05T1806Z,laliga,151494983,637,Moncayola,Jon Moncayola,3,7452600,7282873,0,marketPlayerLeague,on_sale,ok,,2026-09-05T22:24:00+02:00,,,
2026-09-05T1806Z,laliga,151494987,2755,Ryan,Mathew Ryan,1,20401188,19675679,2,marketPlayerLeague,on_sale,ok,,2026-09-05T22:24:00+02:00,,,
2026-09-05T1806Z,laliga,151494990,2725,De Las Sias,Marco de Las Sias,2,485895,489484,0,marketPlayerLeague,on_sale,ok,,2026-09-05T22:24:00+02:00,,,
2026-09-05T1806Z,laliga,151494993,2509,Kike García,Kike García,4,1860152,1919034,0,marketPlayerLeague,on_sale,injured,,2026-09-05T22:24:00+02:00,,,
2026-09-05T1806Z,laliga,151494996,3035,Izan M.,Izan Merino,3,4722100,4747679,0,marketPlayerLeague,on_sale,ok,,2026-09-05T22:24:00+02:00,,,
2026-09-05T1806Z,laliga,151494997,2448,Oskarsson,Orri Óskarsson,4,7401797,7195645,0,marketPlayerLeague,on_sale,ok,,2026-09-05T22:24:00+02:00,,,
2026-09-05T1806Z,laliga,15560007,2415,Llorente ,Diego Llorente,2,11239006,11383317,1,marketPlayerTeam,on_sale,doubtful,false,2026-09-07T21:46:13+02:00,,,
2026-09-05T1806Z,laliga,21675028,3069,Blanco,Antonio Blanco,3,17602050,16996072,0,marketPlayerTeam,on_sale,ok,false,2026-09-06T23:05:15+02:00,,,
2026-09-05T1806Z,laliga,22182646,2429,Fran García,Fran García,2,19163205,17222547,1,marketPlayerTeam,on_sale,ok,false,2026-09-05T22:53:19+02:00,,,
2026-09-05T1806Z,laliga,23021869,2295,Febas,Aleix Febas,3,20267780,21573671,1,marketPlayerTeam,on_sale,doubtful,false,2026-09-06T19:52:14+02:00,,,
2026-09-05T1806Z,laliga,26988250,2470,Foyth,Juan Foyth,2,18227294,19111062,1,marketPlayerTeam,on_sale,injured,false,2026-09-05T22:53:13+02:00,,,
2026-09-05T1806Z,laliga,26988648,3154,Enes Ünal,Enes Ünal,4,18756205,17799142,1,marketPlayerTeam,on_sale,ok,false,2026-09-05T22:53:40+02:00,,,
2026-09-05T1806Z,laliga,26989803,2338,Aimar,Aimar Oroz,3,12589053,13828704,1,marketPlayerTeam,on_sale,injured,false,2026-09-05T22:54:54+02:00,,,
2026-09-05T1806Z,laliga,27675304,3193,Kang-In Lee,Kang-In Lee,3,65923720,62602930,1,marketPlayerTeam,on_sale,ok,false,2026-09-06T19:52:05+02:00,,,
2026-09-05T1806Z,laliga,27840606,3037,C. Puga,Carlos Puga,2,4670319,4756546,0,marketPlayerTeam,on_sale,ok,false,2026-09-06T23:05:02+02:00,,,
2026-09-05T1806Z,laliga,27840662,2315,Paredes,Aitor Paredes,2,9575168,8732572,0,marketPlayerTeam,on_sale,ok,false,2026-09-06T23:05:06+02:00,,,
2026-09-05T1806Z,laliga,27840837,2474,Denis Suárez,Denis Suárez,3,2599009,2651262,0,marketPlayerTeam,on_sale,ok,false,2026-09-06T23:05:19+02:00,,,
2026-09-05T1806Z,laliga,27841259,3105,Cala,Álex Calatrava Torrado,4,6470443,6134511,0,marketPlayerTeam,on_sale,ok,false,2026-09-06T23:05:46+02:00,,,
2026-09-05T1806Z,laliga,27841614,2746,Miguel Sierra,Miguel Sierra,4,2672932,2152730,0,marketPlayerTeam,on_sale,ok,false,2026-09-06T23:06:09+02:00,,,
2026-09-05T1806Z,laliga,27842158,3084,Budimir,Ante Budimir,4,52408214,51174770,0,marketPlayerTeam,on_sale,ok,false,2026-09-06T23:06:42+02:00,,,
2026-09-05T1806Z,laliga,28756782,2520,Roberto,Roberto Fernández,4,21172780,21172780,0,marketPlayerTeam,on_sale,ok,false,2026-09-08T07:54:02+02:00,,,
2026-09-05T1806Z,laliga,28756801,2444,Sucic,Luka Sucic,3,5995641,5995641,0,marketPlayerTeam,on_sale,ok,false,2026-09-08T07:54:13+02:00,,,
2026-09-05T2029Z,laliga,157242293,2566,Carlos Corberán,Carlos Corberán,5,522302,522302,0,marketPlayerLeague,on_sale,ok,,2026-09-06T22:24:00+02:00,,,
2026-09-05T2029Z,laliga,157242295,2580,Manuel Pellegrini,Manuel Pellegrini,5,2192769,2192769,0,marketPlayerLeague,on_sale,ok,,2026-09-06T22:24:00+02:00,,,
2026-09-05T2029Z,laliga,157242297,2326,Koke,Jorge Resurrección Merodio,3,19218053,19218053,0,marketPlayerLeague,on_sale,ok,,2026-09-06T22:24:00+02:00,,,
2026-09-05T2029Z,laliga,157242300,2906,Cancelo,João Pedro Cavaco Cancelo,2,37292192,37292192,0,marketPlayerLeague,on_sale,ok,,2026-09-06T22:24:00+02:00,,,
2026-09-05T2029Z,laliga,157242303,255,Le Normand,Robin Le Normand,2,11464641,11464641,0,marketPlayerLeague,on_sale,ok,,2026-09-06T22:24:00+02:00,,,
2026-09-05T2029Z,laliga,157242305,2457,Dimitrievski,Stole Dimitrievski,1,20809126,20809126,0,marketPlayerLeague,on_sale,ok,,2026-09-06T22:24:00+02:00,,,
2026-09-05T2029Z,laliga,157242309,3071,B. Iglesias,Borja Iglesias,4,17460893,17460893,0,marketPlayerLeague,on_sale,doubtful,,2026-09-06T22:24:00+02:00,,,
2026-09-05T2029Z,laliga,157242313,74,Yuri,Yuri Berchiche Izeta,2,10706450,10706450,0,marketPlayerLeague,on_sale,ok,,2026-09-06T22:24:00+02:00,,,
2026-09-05T2029Z,laliga,157242316,3262,Félix Correia,Félix Alexandre Andrade Sanches Correia,4,7279453,7279453,0,marketPlayerLeague,on_sale,ok,,2026-09-06T22:24:00+02:00,,,
2026-09-05T2029Z,laliga,157242320,3155,Grimaldo,Alejandro Grimaldo,2,36997472,36997472,0,marketPlayerLeague,on_sale,ok,,2026-09-06T22:24:00+02:00,,,
2026-09-05T2029Z,laliga,157242323,2621,Gorrotxa,Jon Gorrotxategi,3,3616491,3616491,0,marketPlayerLeague,on_sale,ok,,2026-09-06T22:24:00+02:00,,,
2026-09-05T2029Z,laliga,157242325,3135,Andrés Garcia,Andrés García,3,8062168,8062168,0,marketPlayerLeague,on_sale,ok,,2026-09-06T22:24:00+02:00,,,
2026-09-05T2029Z,laliga,157242328,2626,Deossa,Nelson Deossa,3,2431324,2431324,0,marketPlayerLeague,on_sale,ok,,2026-09-06T22:24:00+02:00,,,
2026-09-05T2029Z,laliga,10530519,2613,M. Dituro,Matías Dituro,1,9114620,9114620,1,marketPlayerTeam,on_sale,ok,false,2026-09-08T21:33:42+02:00,,,
2026-09-05T2029Z,laliga,12717146,3068,Cabrera,Leandro Cabrera,2,10513558,10513558,1,marketPlayerTeam,on_sale,ok,false,2026-09-08T21:33:11+02:00,,,
2026-09-05T2029Z,laliga,14948006,2713,Ionut Radu,Ionut Radu,1,34972491,34972491,0,marketPlayerTeam,on_sale,ok,false,2026-09-08T22:28:27+02:00,,,
2026-09-05T2029Z,laliga,21675028,3069,Blanco,Antonio Blanco,3,17602050,16996072,1,marketPlayerTeam,on_sale,ok,false,2026-09-06T23:05:15+02:00,,,
2026-09-05T2029Z,laliga,22182646,2429,Fran García,Fran García,2,19163205,17222547,1,marketPlayerTeam,on_sale,ok,false,2026-09-05T22:53:19+02:00,,,
2026-09-05T2029Z,laliga,26988250,2470,Foyth,Juan Foyth,2,18227294,19111062,1,marketPlayerTeam,on_sale,injured,false,2026-09-05T22:53:13+02:00,,,
2026-09-05T2029Z,laliga,26988648,3154,Enes Ünal,Enes Ünal,4,18756205,17799142,1,marketPlayerTeam,on_sale,ok,false,2026-09-05T22:53:40+02:00,,,
2026-09-05T2029Z,laliga,26989803,2338,Aimar,Aimar Oroz,3,12589053,13828704,1,marketPlayerTeam,on_sale,injured,false,2026-09-05T22:54:54+02:00,,,
2026-09-05T2029Z,laliga,27840606,3037,C. Puga,Carlos Puga,2,4670319,4756546,1,marketPlayerTeam,on_sale,ok,false,2026-09-06T23:05:02+02:00,,,
2026-09-05T2029Z,laliga,27840662,2315,Paredes,Aitor Paredes,2,9575168,8732572,1,marketPlayerTeam,on_sale,ok,false,2026-09-06T23:05:06+02:00,,,
2026-09-05T2029Z,laliga,27840837,2474,Denis Suárez,Denis Suárez,3,2599009,2651262,1,marketPlayerTeam,on_sale,ok,false,2026-09-06T23:05:19+02:00,,,
2026-09-05T2029Z,laliga,27841259,3105,Cala,Álex Calatrava Torrado,4,6470443,6134511,1,marketPlayerTeam,on_sale,ok,false,2026-09-06T23:05:46+02:00,,,
2026-09-05T2029Z,laliga,27841614,2746,Miguel Sierra,Miguel Sierra,4,2672932,2152730,1,marketPlayerTeam,on_sale,ok,false,2026-09-06T23:06:09+02:00,,,
2026-09-05T2029Z,laliga,27842158,3084,Budimir,Ante Budimir,4,52408214,51174770,1,marketPlayerTeam,on_sale,ok,false,2026-09-06T23:06:42+02:00,,,
2026-09-05T2029Z,laliga,28756782,2520,Roberto,Roberto Fernández,4,21172780,21172780,1,marketPlayerTeam,on_sale,ok,false,2026-09-08T07:54:02+02:00,,,
2026-09-05T2029Z,laliga,28756801,2444,Sucic,Luka Sucic,3,5995641,5995641,1,marketPlayerTeam,on_sale,ok,false,2026-09-08T07:54:13+02:00,,,
2026-09-05T2029Z,laliga,29311247,2415,Llorente ,Diego Llorente,2,11239006,11239006,1,marketPlayerTeam,on_sale,doubtful,false,2026-09-08T21:33:06+02:00,,,
2026-09-05T2029Z,laliga,29311518,3193,Kang-In Lee,Kang-In Lee,3,65923720,65923720,1,marketPlayerTeam,on_sale,ok,false,2026-09-08T21:33:23+02:00,,,
2026-09-05T2029Z,laliga,29311717,2295,Febas,Aleix Febas,3,20267780,20267780,1,marketPlayerTeam,on_sale,doubtful,false,2026-09-08T21:33:35+02:00,,,
2026-09-05T2029Z,laliga,29361134,2755,Ryan,Mathew Ryan,1,20401188,20401188,0,marketPlayerTeam,on_sale,ok,false,2026-09-08T22:28:31+02:00,,,
2026-09-05T2245Z,laliga,157242293,2566,Carlos Corberán,Carlos Corberán,5,519943,522302,0,marketPlayerLeague,on_sale,ok,,2026-09-06T22:24:00+02:00,,,
2026-09-05T2245Z,laliga,157242295,2580,Manuel Pellegrini,Manuel Pellegrini,5,2123592,2192769,0,marketPlayerLeague,on_sale,ok,,2026-09-06T22:24:00+02:00,,,
2026-09-05T2245Z,laliga,157242297,2326,Koke,Jorge Resurrección Merodio,3,18986458,19218053,0,marketPlayerLeague,on_sale,ok,,2026-09-06T22:24:00+02:00,,,
2026-09-05T2245Z,laliga,157242300,2906,Cancelo,João Pedro Cavaco Cancelo,2,36584315,37292192,1,marketPlayerLeague,on_sale,ok,,2026-09-06T22:24:00+02:00,,,
2026-09-05T2245Z,laliga,157242303,255,Le Normand,Robin Le Normand,2,11310417,11464641,0,marketPlayerLeague,on_sale,ok,,2026-09-06T22:24:00+02:00,,,
2026-09-05T2245Z,laliga,157242305,2457,Dimitrievski,Stole Dimitrievski,1,20974100,20809126,1,marketPlayerLeague,on_sale,ok,,2026-09-06T22:24:00+02:00,,,
2026-09-05T2245Z,laliga,157242309,3071,B. Iglesias,Borja Iglesias,4,16980233,17460893,0,marketPlayerLeague,on_sale,doubtful,,2026-09-06T22:24:00+02:00,,,
2026-09-05T2245Z,laliga,157242313,74,Yuri,Yuri Berchiche Izeta,2,10825291,10706450,0,marketPlayerLeague,on_sale,ok,,2026-09-06T22:24:00+02:00,,,
2026-09-05T2245Z,laliga,157242316,3262,Félix Correia,Félix Alexandre Andrade Sanches Correia,4,7102131,7279453,0,marketPlayerLeague,on_sale,ok,,2026-09-06T22:24:00+02:00,,,
2026-09-05T2245Z,laliga,157242320,3155,Grimaldo,Alejandro Grimaldo,2,36400490,36997472,0,marketPlayerLeague,on_sale,ok,,2026-09-06T22:24:00+02:00,,,
2026-09-05T2245Z,laliga,157242323,2621,Gorrotxa,Jon Gorrotxategi,3,3527763,3616491,0,marketPlayerLeague,on_sale,ok,,2026-09-06T22:24:00+02:00,,,
2026-09-05T2245Z,laliga,157242325,3135,Andrés Garcia,Andrés García,3,7985887,8062168,0,marketPlayerLeague,on_sale,ok,,2026-09-06T22:24:00+02:00,,,
2026-09-05T2245Z,laliga,157242328,2626,Deossa,Nelson Deossa,3,2477544,2431324,0,marketPlayerLeague,on_sale,ok,,2026-09-06T22:24:00+02:00,,,
2026-09-05T2245Z,laliga,10530519,2613,M. Dituro,Matías Dituro,1,9149992,9114620,0,marketPlayerTeam,on_sale,ok,false,2026-09-08T21:33:42+02:00,,,
2026-09-05T2245Z,laliga,12717146,3068,Cabrera,Leandro Cabrera,2,10311820,10513558,1,marketPlayerTeam,on_sale,ok,false,2026-09-08T21:33:11+02:00,,,
2026-09-05T2245Z,laliga,14948006,2713,Ionut Radu,Ionut Radu,1,35742976,34972491,0,marketPlayerTeam,on_sale,ok,false,2026-09-08T22:28:27+02:00,,,
2026-09-05T2245Z,laliga,29311247,2415,Llorente ,Diego Llorente,2,10966017,11239006,1,marketPlayerTeam,on_sale,doubtful,false,2026-09-08T21:33:06+02:00,,,
2026-09-05T2245Z,laliga,29311717,2295,Febas,Aleix Febas,3,19669354,20267780,1,marketPlayerTeam,on_sale,doubtful,false,2026-09-08T21:33:35+02:00,,,
2026-09-05T2245Z,laliga,29361134,2755,Ryan,Mathew Ryan,1,21107826,20401188,0,marketPlayerTeam,on_sale,ok,false,2026-09-08T22:28:31+02:00,,,
2026-09-05T2245Z,laliga,29379879,3105,Cala,Álex Calatrava Torrado,4,6615379,6470443,0,marketPlayerTeam,on_sale,ok,false,2026-09-08T22:48:41+02:00,,,
2026-09-05T2245Z,laliga,29379943,3084,Budimir,Ante Budimir,4,53275137,52408214,0,marketPlayerTeam,on_sale,ok,false,2026-09-08T22:48:45+02:00,,,
2026-09-05T2245Z,laliga,29380035,2746,Miguel Sierra,Miguel Sierra,4,2922220,2672932,0,marketPlayerTeam,on_sale,ok,false,2026-09-08T22:48:48+02:00,,,
2026-09-05T2245Z,laliga,29380111,2520,Roberto,Roberto Fernández,4,22190421,21172780,0,marketPlayerTeam,on_sale,ok,false,2026-09-08T22:48:52+02:00,,,
2026-09-05T2245Z,laliga,29380321,637,Moncayola,Jon Moncayola,3,7584277,7452600,0,marketPlayerTeam,on_sale,ok,false,2026-09-08T22:49:01+02:00,,,
2026-09-05T2245Z,laliga,29380437,2444,Sucic,Luka Sucic,3,6269005,5995641,0,marketPlayerTeam,on_sale,ok,false,2026-09-08T22:49:07+02:00,,,
2026-09-05T2245Z,laliga,29380552,2430,Valverde,Federico Valverde,3,73441979,73791071,0,marketPlayerTeam,on_sale,ok,false,2026-09-08T22:49:11+02:00,,,
2026-09-05T2245Z,laliga,29380673,2474,Denis Suárez,Denis Suárez,3,2599878,2599009,0,marketPlayerTeam,on_sale,ok,false,2026-09-08T22:49:17+02:00,,,
2026-09-05T2245Z,laliga,29380835,2315,Paredes,Aitor Paredes,2,9986534,9575168,0,marketPlayerTeam,on_sale,ok,false,2026-09-08T22:49:24+02:00,,,
2026-09-05T2245Z,laliga,29380924,3037,C. Puga,Carlos Puga,2,4573753,4670319,0,marketPlayerTeam,on_sale,ok,false,2026-09-08T22:49:28+02:00,,,
2026-09-05T2245Z,laliga,29443988,2448,Oskarsson,Orri Óskarsson,4,7573505,7401797,0,marketPlayerTeam,on_sale,ok,false,2026-09-08T23:32:26+02:00,,,
2026-09-06T2009Z,laliga,157242293,2566,Carlos Corberán,Carlos Corberán,5,519943,522302,0,marketPlayerLeague,on_sale,ok,,2026-09-06T22:24:00+02:00,,,
2026-09-06T2009Z,laliga,157242295,2580,Manuel Pellegrini,Manuel Pellegrini,5,2123592,2192769,0,marketPlayerLeague,on_sale,ok,,2026-09-06T22:24:00+02:00,,,
2026-09-06T2009Z,laliga,157242297,2326,Koke,Jorge Resurrección Merodio,3,18986458,19218053,0,marketPlayerLeague,on_sale,ok,,2026-09-06T22:24:00+02:00,,,
2026-09-06T2009Z,laliga,157242300,2906,Cancelo,João Pedro Cavaco Cancelo,2,36584315,37292192,0,marketPlayerLeague,on_sale,ok,,2026-09-06T22:24:00+02:00,,,
2026-09-06T2009Z,laliga,157242303,255,Le Normand,Robin Le Normand,2,11310417,11464641,0,marketPlayerLeague,on_sale,ok,,2026-09-06T22:24:00+02:00,,,
2026-09-06T2009Z,laliga,157242305,2457,Dimitrievski,Stole Dimitrievski,1,20974100,20809126,0,marketPlayerLeague,on_sale,ok,,2026-09-06T22:24:00+02:00,,,
2026-09-06T2009Z,laliga,157242309,3071,B. Iglesias,Borja Iglesias,4,16980233,17460893,0,marketPlayerLeague,on_sale,doubtful,,2026-09-06T22:24:00+02:00,,,
2026-09-06T2009Z,laliga,157242313,74,Yuri,Yuri Berchiche Izeta,2,10825291,10706450,0,marketPlayerLeague,on_sale,ok,,2026-09-06T22:24:00+02:00,,,
2026-09-06T2009Z,laliga,157242316,3262,Félix Correia,Félix Alexandre Andrade Sanches Correia,4,7102131,7279453,0,marketPlayerLeague,on_sale,ok,,2026-09-06T22:24:00+02:00,,,
2026-09-06T2009Z,laliga,157242320,3155,Grimaldo,Alejandro Grimaldo,2,36400490,36997472,0,marketPlayerLeague,on_sale,ok,,2026-09-06T22:24:00+02:00,,,
2026-09-06T2009Z,laliga,157242323,2621,Gorrotxa,Jon Gorrotxategi,3,3527763,3616491,0,marketPlayerLeague,on_sale,ok,,2026-09-06T22:24:00+02:00,,,
2026-09-06T2009Z,laliga,157242325,3135,Andrés Garcia,Andrés García,3,7985887,8062168,0,marketPlayerLeague,on_sale,ok,,2026-09-06T22:24:00+02:00,,,
2026-09-06T2009Z,laliga,157242328,2626,Deossa,Nelson Deossa,3,2477544,2431324,0,marketPlayerLeague,on_sale,ok,,2026-09-06T22:24:00+02:00,,,
2026-09-06T2009Z,laliga,10530519,2613,M. Dituro,Matías Dituro,1,9149992,9114620,0,marketPlayerTeam,on_sale,ok,false,2026-09-08T21:33:42+02:00,,,
2026-09-06T2009Z,laliga,12717146,3068,Cabrera,Leandro Cabrera,2,10311820,10513558,1,marketPlayerTeam,on_sale,ok,false,2026-09-08T21:33:11+02:00,,,
2026-09-06T2009Z,laliga,14948006,2713,Ionut Radu,Ionut Radu,1,35742976,34972491,0,marketPlayerTeam,on_sale,ok,false,2026-09-08T22:28:27+02:00,,,
2026-09-06T2009Z,laliga,29311247,2415,Llorente ,Diego Llorente,2,10966017,11239006,1,marketPlayerTeam,on_sale,doubtful,false,2026-09-08T21:33:06+02:00,,,
2026-09-06T2009Z,laliga,29311717,2295,Febas,Aleix Febas,3,19669354,20267780,1,marketPlayerTeam,on_sale,doubtful,false,2026-09-08T21:33:35+02:00,,,
2026-09-06T2009Z,laliga,29361134,2755,Ryan,Mathew Ryan,1,21107826,20401188,0,marketPlayerTeam,on_sale,ok,false,2026-09-08T22:28:31+02:00,,,
2026-09-06T2009Z,laliga,29379879,3105,Cala,Álex Calatrava Torrado,4,6615379,6470443,0,marketPlayerTeam,on_sale,ok,false,2026-09-08T22:48:41+02:00,,,
2026-09-06T2009Z,laliga,29379943,3084,Budimir,Ante Budimir,4,53275137,52408214,0,marketPlayerTeam,on_sale,ok,false,2026-09-08T22:48:45+02:00,,,
2026-09-06T2009Z,laliga,29380035,2746,Miguel Sierra,Miguel Sierra,4,2922220,2672932,0,marketPlayerTeam,on_sale,ok,false,2026-09-08T22:48:48+02:00,,,
2026-09-06T2009Z,laliga,29380111,2520,Roberto,Roberto Fernández,4,22190421,21172780,0,marketPlayerTeam,on_sale,ok,false,2026-09-08T22:48:52+02:00,,,
2026-09-06T2009Z,laliga,29380321,637,Moncayola,Jon Moncayola,3,7584277,7452600,0,marketPlayerTeam,on_sale,ok,false,2026-09-08T22:49:01+02:00,,,
2026-09-06T2009Z,laliga,29380437,2444,Sucic,Luka Sucic,3,6269005,5995641,0,marketPlayerTeam,on_sale,ok,false,2026-09-08T22:49:07+02:00,,,
2026-09-06T2009Z,laliga,29380552,2430,Valverde,Federico Valverde,3,73441979,73791071,0,marketPlayerTeam,on_sale,ok,false,2026-09-08T22:49:11+02:00,,,
2026-09-06T2009Z,laliga,29380673,2474,Denis Suárez,Denis Suárez,3,2599878,2599009,0,marketPlayerTeam,on_sale,ok,false,2026-09-08T22:49:17+02:00,,,
2026-09-06T2009Z,laliga,29380835,2315,Paredes,Aitor Paredes,2,9986534,9575168,0,marketPlayerTeam,on_sale,ok,false,2026-09-08T22:49:24+02:00,,,
2026-09-06T2009Z,laliga,29380924,3037,C. Puga,Carlos Puga,2,4573753,4670319,0,marketPlayerTeam,on_sale,ok,false,2026-09-08T22:49:28+02:00,,,
2026-09-06T2009Z,laliga,29443988,2448,Oskarsson,Orri Óskarsson,4,7573505,7401797,0,marketPlayerTeam,on_sale,ok,false,2026-09-08T23:32:26+02:00,,,
2026-09-06T2009Z,laliga,30368551,3069,Blanco,Antonio Blanco,3,17863692,17863692,0,marketPlayerTeam,on_sale,ok,false,2026-09-09T21:59:47+02:00,,,
2026-09-06T2244Z,laliga,163127504,3004,José Alberto,José Alberto López Menéndez,5,628233,635395,0,marketPlayerLeague,on_sale,ok,,2026-09-07T22:24:00+02:00,,,
2026-09-06T2244Z,laliga,163127515,2779,Juanmi,Juan Miguel Jiménez López,4,472349,473016,0,marketPlayerLeague,on_sale,injured,,2026-09-07T22:24:00+02:00,,,
2026-09-06T2244Z,laliga,163127527,77,Yeray,Yeray Álvarez López,2,6931556,7067040,0,marketPlayerLeague,on_sale,doubtful,,2026-09-07T22:24:00+02:00,,,
2026-09-06T2244Z,laliga,163127540,3250,Harvey Elliott,Harvey Elliott,3,15634938,15676395,0,marketPlayerLeague,on_sale,ok,,2026-09-07T22:24:00+02:00,,,
2026-09-06T2244Z,laliga,163127554,3133,Mangala,Orel Mangala,3,12563768,12648504,0,marketPlayerLeague,on_sale,ok,,2026-09-07T22:24:00+02:00,,,
2026-09-06T2244Z,laliga,163127564,2749,Swiderski,Grégoire Swiderski,1,484150,485309,0,marketPlayerLeague,on_sale,ok,,2026-09-07T22:24:00+02:00,,,
2026-09-06T2244Z,laliga,163127572,2540,C. Rivero,Cristian Rivero,1,438435,437689,0,marketPlayerLeague,on_sale,ok,,2026-09-07T22:24:00+02:00,,,
2026-09-06T2244Z,laliga,163127579,1989,Sergio Gómez,Sergio Gómez,2,15039842,14867814,0,marketPlayerLeague,on_sale,ok,,2026-09-07T22:24:00+02:00,,,
2026-09-06T2244Z,laliga,163127586,2665,Marín,Pablo Marín,3,881590,899309,0,marketPlayerLeague,on_sale,injured,,2026-09-07T22:24:00+02:00,,,
2026-09-06T2244Z,laliga,163127592,3106,Cucurella,Marc Cucurella,2,64796483,66028538,0,marketPlayerLeague,on_sale,doubtful,,2026-09-07T22:24:00+02:00,,,
2026-09-06T2244Z,laliga,163127599,3101,Bellingham,Jude Bellingham,3,116219283,115309702,0,marketPlayerLeague,on_sale,ok,,2026-09-07T22:24:00+02:00,,,
2026-09-06T2244Z,laliga,163127604,3206,Maffeo,Pablo Maffeo,2,7870695,8064184,0,marketPlayerLeague,on_sale,ok,,2026-09-07T22:24:00+02:00,,,
2026-09-06T2244Z,laliga,163127611,2742,Nacho Perez,Nacho Pérez,2,1559235,1520908,0,marketPlayerLeague,on_sale,ok,,2026-09-07T22:24:00+02:00,,,
2026-09-06T2244Z,laliga,10530519,2613,M. Dituro,Matías Dituro,1,9163020,9114620,1,marketPlayerTeam,on_sale,ok,false,2026-09-08T21:33:42+02:00,,,
2026-09-06T2244Z,laliga,12717146,3068,Cabrera,Leandro Cabrera,2,10117110,10513558,1,marketPlayerTeam,on_sale,ok,false,2026-09-08T21:33:11+02:00,,,
2026-09-06T2244Z,laliga,14948006,2713,Ionut Radu,Ionut Radu,1,36381052,34972491,1,marketPlayerTeam,on_sale,ok,false,2026-09-08T22:28:27+02:00,,,
2026-09-06T2244Z,laliga,29311247,2415,Llorente ,Diego Llorente,2,10686536,11239006,1,marketPlayerTeam,on_sale,doubtful,false,2026-09-08T21:33:06+02:00,,,
2026-09-06T2244Z,laliga,29311717,2295,Febas,Aleix Febas,3,19112648,20267780,1,marketPlayerTeam,on_sale,doubtful,false,2026-09-08T21:33:35+02:00,,,
2026-09-06T2244Z,laliga,29361134,2755,Ryan,Mathew Ryan,1,21856825,20401188,1,marketPlayerTeam,on_sale,ok,false,2026-09-08T22:28:31+02:00,,,
2026-09-06T2244Z,laliga,29379879,3105,Cala,Álex Calatrava Torrado,4,6735581,6470443,1,marketPlayerTeam,on_sale,ok,false,2026-09-08T22:48:41+02:00,,,
2026-09-06T2244Z,laliga,29379943,3084,Budimir,Ante Budimir,4,54136896,52408214,1,marketPlayerTeam,on_sale,ok,false,2026-09-08T22:48:45+02:00,,,
2026-09-06T2244Z,laliga,29380035,2746,Miguel Sierra,Miguel Sierra,4,3153541,2672932,1,marketPlayerTeam,on_sale,ok,false,2026-09-08T22:48:48+02:00,,,
2026-09-06T2244Z,laliga,29380111,2520,Roberto,Roberto Fernández,4,23131721,21172780,1,marketPlayerTeam,on_sale,ok,false,2026-09-08T22:48:52+02:00,,,
2026-09-06T2244Z,laliga,29380321,637,Moncayola,Jon Moncayola,3,7663372,7452600,1,marketPlayerTeam,on_sale,ok,false,2026-09-08T22:49:01+02:00,,,
2026-09-06T2244Z,laliga,29380437,2444,Sucic,Luka Sucic,3,6517720,5995641,1,marketPlayerTeam,on_sale,ok,false,2026-09-08T22:49:07+02:00,,,
2026-09-06T2244Z,laliga,29380552,2430,Valverde,Federico Valverde,3,72887531,73791071,1,marketPlayerTeam,on_sale,ok,false,2026-09-08T22:49:11+02:00,,,
2026-09-06T2244Z,laliga,29380673,2474,Denis Suárez,Denis Suárez,3,2589940,2599009,1,marketPlayerTeam,on_sale,ok,false,2026-09-08T22:49:17+02:00,,,
2026-09-06T2244Z,laliga,29380835,2315,Paredes,Aitor Paredes,2,10438454,9575168,1,marketPlayerTeam,on_sale,ok,false,2026-09-08T22:49:24+02:00,,,
2026-09-06T2244Z,laliga,29380924,3037,C. Puga,Carlos Puga,2,4471128,4670319,1,marketPlayerTeam,on_sale,ok,false,2026-09-08T22:49:28+02:00,,,
2026-09-06T2244Z,laliga,29443988,2448,Oskarsson,Orri Óskarsson,4,7685318,7401797,1,marketPlayerTeam,on_sale,ok,false,2026-09-08T23:32:26+02:00,,,
2026-09-06T2244Z,laliga,30368551,3069,Blanco,Antonio Blanco,3,18087372,17863692,1,marketPlayerTeam,on_sale,ok,false,2026-09-09T21:59:47+02:00,,,
2026-09-07T0548Z,laliga,163127504,3004,José Alberto,José Alberto López Menéndez,5,628233,635395,0,marketPlayerLeague,on_sale,ok,,2026-09-07T22:24:00+02:00,,,
2026-09-07T0548Z,laliga,163127515,2779,Juanmi,Juan Miguel Jiménez López,4,472349,473016,0,marketPlayerLeague,on_sale,injured,,2026-09-07T22:24:00+02:00,,,
2026-09-07T0548Z,laliga,163127527,77,Yeray,Yeray Álvarez López,2,6931556,7067040,0,marketPlayerLeague,on_sale,doubtful,,2026-09-07T22:24:00+02:00,,,
2026-09-07T0548Z,laliga,163127540,3250,Harvey Elliott,Harvey Elliott,3,15634938,15676395,0,marketPlayerLeague,on_sale,ok,,2026-09-07T22:24:00+02:00,,,
2026-09-07T0548Z,laliga,163127554,3133,Mangala,Orel Mangala,3,12563768,12648504,0,marketPlayerLeague,on_sale,ok,,2026-09-07T22:24:00+02:00,,,
2026-09-07T0548Z,laliga,163127564,2749,Swiderski,Grégoire Swiderski,1,484150,485309,0,marketPlayerLeague,on_sale,ok,,2026-09-07T22:24:00+02:00,,,
2026-09-07T0548Z,laliga,163127572,2540,C. Rivero,Cristian Rivero,1,438435,437689,0,marketPlayerLeague,on_sale,ok,,2026-09-07T22:24:00+02:00,,,
2026-09-07T0548Z,laliga,163127579,1989,Sergio Gómez,Sergio Gómez,2,15039842,14867814,0,marketPlayerLeague,on_sale,ok,,2026-09-07T22:24:00+02:00,,,
2026-09-07T0548Z,laliga,163127586,2665,Marín,Pablo Marín,3,881590,899309,0,marketPlayerLeague,on_sale,injured,,2026-09-07T22:24:00+02:00,,,
2026-09-07T0548Z,laliga,163127592,3106,Cucurella,Marc Cucurella,2,64796483,66028538,0,marketPlayerLeague,on_sale,doubtful,,2026-09-07T22:24:00+02:00,,,
2026-09-07T0548Z,laliga,163127599,3101,Bellingham,Jude Bellingham,3,116219283,115309702,0,marketPlayerLeague,on_sale,ok,,2026-09-07T22:24:00+02:00,,,
2026-09-07T0548Z,laliga,163127604,3206,Maffeo,Pablo Maffeo,2,7870695,8064184,0,marketPlayerLeague,on_sale,ok,,2026-09-07T22:24:00+02:00,,,
2026-09-07T0548Z,laliga,163127611,2742,Nacho Perez,Nacho Pérez,2,1559235,1520908,0,marketPlayerLeague,on_sale,ok,,2026-09-07T22:24:00+02:00,,,
2026-09-07T0548Z,laliga,10530519,2613,M. Dituro,Matías Dituro,1,9163020,9114620,1,marketPlayerTeam,on_sale,ok,false,2026-09-08T21:33:42+02:00,,,
2026-09-07T0548Z,laliga,12717146,3068,Cabrera,Leandro Cabrera,2,10117110,10513558,1,marketPlayerTeam,on_sale,ok,false,2026-09-08T21:33:11+02:00,,,
2026-09-07T0548Z,laliga,14948006,2713,Ionut Radu,Ionut Radu,1,36381052,34972491,1,marketPlayerTeam,on_sale,ok,false,2026-09-08T22:28:27+02:00,,,
2026-09-07T0548Z,laliga,29311247,2415,Llorente ,Diego Llorente,2,10686536,11239006,1,marketPlayerTeam,on_sale,doubtful,false,2026-09-08T21:33:06+02:00,,,
2026-09-07T0548Z,laliga,29311717,2295,Febas,Aleix Febas,3,19112648,20267780,1,marketPlayerTeam,on_sale,doubtful,false,2026-09-08T21:33:35+02:00,,,
2026-09-07T0548Z,laliga,29361134,2755,Ryan,Mathew Ryan,1,21856825,20401188,1,marketPlayerTeam,on_sale,ok,false,2026-09-08T22:28:31+02:00,,,
2026-09-07T0548Z,laliga,29379879,3105,Cala,Álex Calatrava Torrado,4,6735581,6470443,1,marketPlayerTeam,on_sale,ok,false,2026-09-08T22:48:41+02:00,,,
2026-09-07T0548Z,laliga,29379943,3084,Budimir,Ante Budimir,4,54136896,52408214,1,marketPlayerTeam,on_sale,ok,false,2026-09-08T22:48:45+02:00,,,
2026-09-07T0548Z,laliga,29380035,2746,Miguel Sierra,Miguel Sierra,4,3153541,2672932,1,marketPlayerTeam,on_sale,ok,false,2026-09-08T22:48:48+02:00,,,
2026-09-07T0548Z,laliga,29380111,2520,Roberto,Roberto Fernández,4,23131721,21172780,1,marketPlayerTeam,on_sale,ok,false,2026-09-08T22:48:52+02:00,,,
2026-09-07T0548Z,laliga,29380321,637,Moncayola,Jon Moncayola,3,7663372,7452600,1,marketPlayerTeam,on_sale,ok,false,2026-09-08T22:49:01+02:00,,,
2026-09-07T0548Z,laliga,29380437,2444,Sucic,Luka Sucic,3,6517720,5995641,1,marketPlayerTeam,on_sale,ok,false,2026-09-08T22:49:07+02:00,,,
2026-09-07T0548Z,laliga,29380552,2430,Valverde,Federico Valverde,3,72887531,73791071,1,marketPlayerTeam,on_sale,ok,false,2026-09-08T22:49:11+02:00,,,
2026-09-07T0548Z,laliga,29380673,2474,Denis Suárez,Denis Suárez,3,2589940,2599009,1,marketPlayerTeam,on_sale,ok,false,2026-09-08T22:49:17+02:00,,,
2026-09-07T0548Z,laliga,29380835,2315,Paredes,Aitor Paredes,2,10438454,9575168,1,marketPlayerTeam,on_sale,ok,false,2026-09-08T22:49:24+02:00,,,
2026-09-07T0548Z,laliga,29380924,3037,C. Puga,Carlos Puga,2,4471128,4670319,1,marketPlayerTeam,on_sale,ok,false,2026-09-08T22:49:28+02:00,,,
2026-09-07T0548Z,laliga,29443988,2448,Oskarsson,Orri Óskarsson,4,7685318,7401797,1,marketPlayerTeam,on_sale,ok,false,2026-09-08T23:32:26+02:00,,,
2026-09-07T0548Z,laliga,30368551,3069,Blanco,Antonio Blanco,3,18087372,17863692,1,marketPlayerTeam,on_sale,ok,false,2026-09-09T21:59:47+02:00,,,
2026-09-07T0633Z,laliga,163127504,3004,José Alberto,José Alberto López Menéndez,5,628233,635395,0,marketPlayerLeague,on_sale,ok,,2026-09-07T22:24:00+02:00,,,
2026-09-07T0633Z,laliga,163127515,2779,Juanmi,Juan Miguel Jiménez López,4,472349,473016,0,marketPlayerLeague,on_sale,injured,,2026-09-07T22:24:00+02:00,,,
2026-09-07T0633Z,laliga,163127527,77,Yeray,Yeray Álvarez López,2,6931556,7067040,0,marketPlayerLeague,on_sale,doubtful,,2026-09-07T22:24:00+02:00,,,
2026-09-07T0633Z,laliga,163127540,3250,Harvey Elliott,Harvey Elliott,3,15634938,15676395,0,marketPlayerLeague,on_sale,ok,,2026-09-07T22:24:00+02:00,,,
2026-09-07T0633Z,laliga,163127554,3133,Mangala,Orel Mangala,3,12563768,12648504,0,marketPlayerLeague,on_sale,ok,,2026-09-07T22:24:00+02:00,,,
2026-09-07T0633Z,laliga,163127564,2749,Swiderski,Grégoire Swiderski,1,484150,485309,0,marketPlayerLeague,on_sale,ok,,2026-09-07T22:24:00+02:00,,,
2026-09-07T0633Z,laliga,163127572,2540,C. Rivero,Cristian Rivero,1,438435,437689,0,marketPlayerLeague,on_sale,ok,,2026-09-07T22:24:00+02:00,,,
2026-09-07T0633Z,laliga,163127579,1989,Sergio Gómez,Sergio Gómez,2,15039842,14867814,0,marketPlayerLeague,on_sale,ok,,2026-09-07T22:24:00+02:00,,,
2026-09-07T0633Z,laliga,163127586,2665,Marín,Pablo Marín,3,881590,899309,0,marketPlayerLeague,on_sale,injured,,2026-09-07T22:24:00+02:00,,,
2026-09-07T0633Z,laliga,163127592,3106,Cucurella,Marc Cucurella,2,64796483,66028538,0,marketPlayerLeague,on_sale,doubtful,,2026-09-07T22:24:00+02:00,,,
2026-09-07T0633Z,laliga,163127599,3101,Bellingham,Jude Bellingham,3,116219283,115309702,0,marketPlayerLeague,on_sale,ok,,2026-09-07T22:24:00+02:00,,,
2026-09-07T0633Z,laliga,163127604,3206,Maffeo,Pablo Maffeo,2,7870695,8064184,0,marketPlayerLeague,on_sale,ok,,2026-09-07T22:24:00+02:00,,,
2026-09-07T0633Z,laliga,163127611,2742,Nacho Perez,Nacho Pérez,2,1559235,1520908,0,marketPlayerLeague,on_sale,ok,,2026-09-07T22:24:00+02:00,,,
2026-09-07T0633Z,laliga,10530519,2613,M. Dituro,Matías Dituro,1,9163020,9114620,1,marketPlayerTeam,on_sale,ok,false,2026-09-08T21:33:42+02:00,,,
2026-09-07T0633Z,laliga,12717146,3068,Cabrera,Leandro Cabrera,2,10117110,10513558,1,marketPlayerTeam,on_sale,ok,false,2026-09-08T21:33:11+02:00,,,
2026-09-07T0633Z,laliga,14948006,2713,Ionut Radu,Ionut Radu,1,36381052,34972491,1,marketPlayerTeam,on_sale,ok,false,2026-09-08T22:28:27+02:00,,,
2026-09-07T0633Z,laliga,29311247,2415,Llorente ,Diego Llorente,2,10686536,11239006,1,marketPlayerTeam,on_sale,doubtful,false,2026-09-08T21:33:06+02:00,,,
2026-09-07T0633Z,laliga,29311717,2295,Febas,Aleix Febas,3,19112648,20267780,1,marketPlayerTeam,on_sale,doubtful,false,2026-09-08T21:33:35+02:00,,,
2026-09-07T0633Z,laliga,29361134,2755,Ryan,Mathew Ryan,1,21856825,20401188,1,marketPlayerTeam,on_sale,ok,false,2026-09-08T22:28:31+02:00,,,
2026-09-07T0633Z,laliga,29379879,3105,Cala,Álex Calatrava Torrado,4,6735581,6470443,1,marketPlayerTeam,on_sale,ok,false,2026-09-08T22:48:41+02:00,,,
2026-09-07T0633Z,laliga,29379943,3084,Budimir,Ante Budimir,4,54136896,52408214,1,marketPlayerTeam,on_sale,ok,false,2026-09-08T22:48:45+02:00,,,
2026-09-07T0633Z,laliga,29380035,2746,Miguel Sierra,Miguel Sierra,4,3153541,2672932,1,marketPlayerTeam,on_sale,ok,false,2026-09-08T22:48:48+02:00,,,
2026-09-07T0633Z,laliga,29380111,2520,Roberto,Roberto Fernández,4,23131721,21172780,1,marketPlayerTeam,on_sale,ok,false,2026-09-08T22:48:52+02:00,,,
2026-09-07T0633Z,laliga,29380321,637,Moncayola,Jon Moncayola,3,7663372,7452600,1,marketPlayerTeam,on_sale,ok,false,2026-09-08T22:49:01+02:00,,,
2026-09-07T0633Z,laliga,29380437,2444,Sucic,Luka Sucic,3,6517720,5995641,1,marketPlayerTeam,on_sale,ok,false,2026-09-08T22:49:07+02:00,,,
2026-09-07T0633Z,laliga,29380552,2430,Valverde,Federico Valverde,3,72887531,73791071,1,marketPlayerTeam,on_sale,ok,false,2026-09-08T22:49:11+02:00,,,
2026-09-07T0633Z,laliga,29380673,2474,Denis Suárez,Denis Suárez,3,2589940,2599009,1,marketPlayerTeam,on_sale,ok,false,2026-09-08T22:49:17+02:00,,,
2026-09-07T0633Z,laliga,29380835,2315,Paredes,Aitor Paredes,2,10438454,9575168,1,marketPlayerTeam,on_sale,ok,false,2026-09-08T22:49:24+02:00,,,
2026-09-07T0633Z,laliga,29380924,3037,C. Puga,Carlos Puga,2,4471128,4670319,1,marketPlayerTeam,on_sale,ok,false,2026-09-08T22:49:28+02:00,,,
2026-09-07T0633Z,laliga,29443988,2448,Oskarsson,Orri Óskarsson,4,7685318,7401797,1,marketPlayerTeam,on_sale,ok,false,2026-09-08T23:32:26+02:00,,,
2026-09-07T0633Z,laliga,30368551,3069,Blanco,Antonio Blanco,3,18087372,17863692,1,marketPlayerTeam,on_sale,ok,false,2026-09-09T21:59:47+02:00,,,
2026-09-07T0802Z,laliga,163127504,3004,José Alberto,José Alberto López Menéndez,5,628233,635395,0,marketPlayerLeague,on_sale,ok,,2026-09-07T22:24:00+02:00,,,
2026-09-07T0802Z,laliga,163127515,2779,Juanmi,Juan Miguel Jiménez López,4,472349,473016,0,marketPlayerLeague,on_sale,injured,,2026-09-07T22:24:00+02:00,,,
2026-09-07T0802Z,laliga,163127527,77,Yeray,Yeray Álvarez López,2,6931556,7067040,0,marketPlayerLeague,on_sale,doubtful,,2026-09-07T22:24:00+02:00,,,
2026-09-07T0802Z,laliga,163127540,3250,Harvey Elliott,Harvey Elliott,3,15634938,15676395,0,marketPlayerLeague,on_sale,ok,,2026-09-07T22:24:00+02:00,,,
2026-09-07T0802Z,laliga,163127554,3133,Mangala,Orel Mangala,3,12563768,12648504,0,marketPlayerLeague,on_sale,ok,,2026-09-07T22:24:00+02:00,,,
2026-09-07T0802Z,laliga,163127564,2749,Swiderski,Grégoire Swiderski,1,484150,485309,0,marketPlayerLeague,on_sale,ok,,2026-09-07T22:24:00+02:00,,,
2026-09-07T0802Z,laliga,163127572,2540,C. Rivero,Cristian Rivero,1,438435,437689,0,marketPlayerLeague,on_sale,ok,,2026-09-07T22:24:00+02:00,,,
2026-09-07T0802Z,laliga,163127579,1989,Sergio Gómez,Sergio Gómez,2,15039842,14867814,0,marketPlayerLeague,on_sale,ok,,2026-09-07T22:24:00+02:00,,,
2026-09-07T0802Z,laliga,163127586,2665,Marín,Pablo Marín,3,881590,899309,0,marketPlayerLeague,on_sale,injured,,2026-09-07T22:24:00+02:00,,,
2026-09-07T0802Z,laliga,163127592,3106,Cucurella,Marc Cucurella,2,64796483,66028538,0,marketPlayerLeague,on_sale,doubtful,,2026-09-07T22:24:00+02:00,,,
2026-09-07T0802Z,laliga,163127599,3101,Bellingham,Jude Bellingham,3,116219283,115309702,0,marketPlayerLeague,on_sale,ok,,2026-09-07T22:24:00+02:00,,,
2026-09-07T0802Z,laliga,163127604,3206,Maffeo,Pablo Maffeo,2,7870695,8064184,0,marketPlayerLeague,on_sale,ok,,2026-09-07T22:24:00+02:00,,,
2026-09-07T0802Z,laliga,163127611,2742,Nacho Perez,Nacho Pérez,2,1559235,1520908,0,marketPlayerLeague,on_sale,ok,,2026-09-07T22:24:00+02:00,,,
2026-09-07T0802Z,laliga,10530519,2613,M. Dituro,Matías Dituro,1,9163020,9114620,1,marketPlayerTeam,on_sale,ok,false,2026-09-08T21:33:42+02:00,,,
2026-09-07T0802Z,laliga,12717146,3068,Cabrera,Leandro Cabrera,2,10117110,10513558,1,marketPlayerTeam,on_sale,ok,false,2026-09-08T21:33:11+02:00,,,
2026-09-07T0802Z,laliga,14948006,2713,Ionut Radu,Ionut Radu,1,36381052,34972491,1,marketPlayerTeam,on_sale,ok,false,2026-09-08T22:28:27+02:00,,,
2026-09-07T0802Z,laliga,29311247,2415,Llorente ,Diego Llorente,2,10686536,11239006,1,marketPlayerTeam,on_sale,doubtful,false,2026-09-08T21:33:06+02:00,,,
2026-09-07T0802Z,laliga,29311717,2295,Febas,Aleix Febas,3,19112648,20267780,1,marketPlayerTeam,on_sale,doubtful,false,2026-09-08T21:33:35+02:00,,,
2026-09-07T0802Z,laliga,29361134,2755,Ryan,Mathew Ryan,1,21856825,20401188,1,marketPlayerTeam,on_sale,ok,false,2026-09-08T22:28:31+02:00,,,
2026-09-07T0802Z,laliga,29379879,3105,Cala,Álex Calatrava Torrado,4,6735581,6470443,1,marketPlayerTeam,on_sale,ok,false,2026-09-08T22:48:41+02:00,,,
2026-09-07T0802Z,laliga,29379943,3084,Budimir,Ante Budimir,4,54136896,52408214,1,marketPlayerTeam,on_sale,ok,false,2026-09-08T22:48:45+02:00,,,
2026-09-07T0802Z,laliga,29380035,2746,Miguel Sierra,Miguel Sierra,4,3153541,2672932,1,marketPlayerTeam,on_sale,ok,false,2026-09-08T22:48:48+02:00,,,
2026-09-07T0802Z,laliga,29380111,2520,Roberto,Roberto Fernández,4,23131721,21172780,1,marketPlayerTeam,on_sale,ok,false,2026-09-08T22:48:52+02:00,,,
2026-09-07T0802Z,laliga,29380321,637,Moncayola,Jon Moncayola,3,7663372,7452600,1,marketPlayerTeam,on_sale,ok,false,2026-09-08T22:49:01+02:00,,,
2026-09-07T0802Z,laliga,29380437,2444,Sucic,Luka Sucic,3,6517720,5995641,1,marketPlayerTeam,on_sale,ok,false,2026-09-08T22:49:07+02:00,,,
2026-09-07T0802Z,laliga,29380552,2430,Valverde,Federico Valverde,3,72887531,73791071,1,marketPlayerTeam,on_sale,ok,false,2026-09-08T22:49:11+02:00,,,
2026-09-07T0802Z,laliga,29380673,2474,Denis Suárez,Denis Suárez,3,2589940,2599009,1,marketPlayerTeam,on_sale,ok,false,2026-09-08T22:49:17+02:00,,,
2026-09-07T0802Z,laliga,29380835,2315,Paredes,Aitor Paredes,2,10438454,9575168,1,marketPlayerTeam,on_sale,ok,false,2026-09-08T22:49:24+02:00,,,
2026-09-07T0802Z,laliga,29380924,3037,C. Puga,Carlos Puga,2,4471128,4670319,1,marketPlayerTeam,on_sale,ok,false,2026-09-08T22:49:28+02:00,,,
2026-09-07T0802Z,laliga,29443988,2448,Oskarsson,Orri Óskarsson,4,7685318,7401797,1,marketPlayerTeam,on_sale,ok,false,2026-09-08T23:32:26+02:00,,,
2026-09-07T0802Z,laliga,30368551,3069,Blanco,Antonio Blanco,3,18087372,17863692,1,marketPlayerTeam,on_sale,ok,false,2026-09-09T21:59:47+02:00,,,
2026-09-07T2045Z,laliga,169092356,1849,Iñigo Perez,Iñigo Pérez,5,1196936,1196936,0,marketPlayerLeague,on_sale,ok,,2026-09-08T22:24:00+02:00,,,
2026-09-07T2045Z,laliga,169092357,2638,Manolo González,José Manuel González Álvarez,5,693987,693987,0,marketPlayerLeague,on_sale,ok,,2026-09-08T22:24:00+02:00,,,
2026-09-07T2045Z,laliga,169092358,3042,Einar,Einar Galilea,2,4549580,4549580,0,marketPlayerLeague,on_sale,ok,,2026-09-08T22:24:00+02:00,,,
2026-09-07T2045Z,laliga,169092359,3092,Olmo,Dani Olmo,3,47321827,47321827,0,marketPlayerLeague,on_sale,ok,,2026-09-08T22:24:00+02:00,,,
2026-09-07T2045Z,laliga,169092360,3227,Ifeanyi Ndukwe,Ifeanyi Ndukwe,2,1902019,1902019,0,marketPlayerLeague,on_sale,ok,,2026-09-08T22:24:00+02:00,,,
2026-09-07T2045Z,laliga,169092361,3254,Iván Azón,Iván Azón,4,5302322,5302322,0,marketPlayerLeague,on_sale,ok,,2026-09-08T22:24:00+02:00,,,
2026-09-07T2045Z,laliga,169092362,2579,Fran González,Fran González,1,521256,521256,0,marketPlayerLeague,on_sale,ok,,2026-09-08T22:24:00+02:00,,,
2026-09-07T2045Z,laliga,169092363,2696,Ruben,Rubén Gómez,1,469784,469784,0,marketPlayerLeague,on_sale,ok,,2026-09-08T22:24:00+02:00,,,
2026-09-07T2045Z,laliga,169092364,2991,D. Villares,Diego Villares,3,1520701,1520701,0,marketPlayerLeague,on_sale,ok,,2026-09-08T22:24:00+02:00,,,
2026-09-07T2045Z,laliga,169092365,2944,Obed Vargas,Obed Vargas,3,578845,578845,0,marketPlayerLeague,on_sale,ok,,2026-09-08T22:24:00+02:00,,,
2026-09-07T2045Z,laliga,169092366,3159,Novoa,Hugo Novoa,2,613918,613918,0,marketPlayerLeague,on_sale,ok,,2026-09-08T22:24:00+02:00,,,
2026-09-07T2045Z,laliga,169092367,3023,Peio Canales,Peio Canales,3,9006766,9006766,0,marketPlayerLeague,on_sale,injured,,2026-09-08T22:24:00+02:00,,,
2026-09-07T2045Z,laliga,169092368,3230,Thiago,Thiago Fernández,3,2187046,2187046,0,marketPlayerLeague,on_sale,ok,,2026-09-08T22:24:00+02:00,,,
2026-09-07T2045Z,laliga,10530519,2613,M. Dituro,Matías Dituro,1,9156511,9114620,1,marketPlayerTeam,on_sale,ok,false,2026-09-08T21:33:42+02:00,,,
2026-09-07T2045Z,laliga,12717146,3068,Cabrera,Leandro Cabrera,2,10113419,10513558,1,marketPlayerTeam,on_sale,ok,false,2026-09-08T21:33:11+02:00,,,
2026-09-07T2045Z,laliga,14948006,2713,Ionut Radu,Ionut Radu,1,36346001,34972491,1,marketPlayerTeam,on_sale,ok,false,2026-09-08T22:28:27+02:00,,,
2026-09-07T2045Z,laliga,20358345,3036,Dani Lorenzo,Dani Lorenzo,3,10848082,10848082,1,marketPlayerTeam,on_sale,ok,false,2026-09-10T20:38:52+02:00,,,
2026-09-07T2045Z,laliga,21438625,2384,Unai Lopez,Unai López,3,10291983,10307322,1,marketPlayerTeam,on_sale,ok,false,2026-09-10T14:31:21+02:00,,,
2026-09-07T2045Z,laliga,29361134,2755,Ryan,Mathew Ryan,1,21829655,20401188,1,marketPlayerTeam,on_sale,ok,false,2026-09-08T22:28:31+02:00,,,
2026-09-07T2045Z,laliga,29379879,3105,Cala,Álex Calatrava Torrado,4,6729004,6470443,1,marketPlayerTeam,on_sale,ok,false,2026-09-08T22:48:41+02:00,,,
2026-09-07T2045Z,laliga,29379943,3084,Budimir,Ante Budimir,4,54085782,52408214,1,marketPlayerTeam,on_sale,ok,false,2026-09-08T22:48:45+02:00,,,
2026-09-07T2045Z,laliga,29380035,2746,Miguel Sierra,Miguel Sierra,4,3147561,2672932,1,marketPlayerTeam,on_sale,ok,false,2026-09-08T22:48:48+02:00,,,
2026-09-07T2045Z,laliga,29380111,2520,Roberto,Roberto Fernández,4,23100720,21172780,1,marketPlayerTeam,on_sale,ok,false,2026-09-08T22:48:52+02:00,,,
2026-09-07T2045Z,laliga,29380321,637,Moncayola,Jon Moncayola,3,7656889,7452600,1,marketPlayerTeam,on_sale,ok,false,2026-09-08T22:49:01+02:00,,,
2026-09-07T2045Z,laliga,29380437,2444,Sucic,Luka Sucic,3,6509254,5995641,1,marketPlayerTeam,on_sale,ok,false,2026-09-08T22:49:07+02:00,,,
2026-09-07T2045Z,laliga,29380552,2430,Valverde,Federico Valverde,3,72847133,73791071,1,marketPlayerTeam,on_sale,ok,false,2026-09-08T22:49:11+02:00,,,
2026-09-07T2045Z,laliga,29380673,2474,Denis Suárez,Denis Suárez,3,2588334,2599009,1,marketPlayerTeam,on_sale,ok,false,2026-09-08T22:49:17+02:00,,,
2026-09-07T2045Z,laliga,29380835,2315,Paredes,Aitor Paredes,2,10423852,9575168,1,marketPlayerTeam,on_sale,ok,false,2026-09-08T22:49:24+02:00,,,
2026-09-07T2045Z,laliga,29443988,2448,Oskarsson,Orri Óskarsson,4,7678218,7401797,1,marketPlayerTeam,on_sale,ok,false,2026-09-08T23:32:26+02:00,,,
2026-09-07T2045Z,laliga,30368551,3069,Blanco,Antonio Blanco,3,18071295,17863692,1,marketPlayerTeam,on_sale,ok,false,2026-09-09T21:59:47+02:00,,,
2026-09-08T0559Z,laliga,169092356,1849,Iñigo Perez,Iñigo Pérez,5,1166059,1196936,0,marketPlayerLeague,on_sale,ok,,2026-09-08T22:24:00+02:00,,,
2026-09-08T0559Z,laliga,169092357,2638,Manolo González,José Manuel González Álvarez,5,683228,693987,0,marketPlayerLeague,on_sale,ok,,2026-09-08T22:24:00+02:00,,,
2026-09-08T0559Z,laliga,169092358,3042,Einar,Einar Galilea,2,4699655,4549580,1,marketPlayerLeague,on_sale,ok,,2026-09-08T22:24:00+02:00,,,
2026-09-08T0559Z,laliga,169092359,3092,Olmo,Dani Olmo,3,47386781,47321827,0,marketPlayerLeague,on_sale,ok,,2026-09-08T22:24:00+02:00,,,
2026-09-08T0559Z,laliga,169092360,3227,Ifeanyi Ndukwe,Ifeanyi Ndukwe,2,1844294,1902019,0,marketPlayerLeague,on_sale,ok,,2026-09-08T22:24:00+02:00,,,
2026-09-08T0559Z,laliga,169092361,3254,Iván Azón,Iván Azón,4,5146954,5302322,0,marketPlayerLeague,on_sale,ok,,2026-09-08T22:24:00+02:00,,,
2026-09-08T0559Z,laliga,169092362,2579,Fran González,Fran González,1,517406,521256,0,marketPlayerLeague,on_sale,ok,,2026-09-08T22:24:00+02:00,,,
2026-09-08T0559Z,laliga,169092363,2696,Ruben,Rubén Gómez,1,467993,469784,0,marketPlayerLeague,on_sale,ok,,2026-09-08T22:24:00+02:00,,,
2026-09-08T0559Z,laliga,169092364,2991,D. Villares,Diego Villares,3,1478791,1520701,0,marketPlayerLeague,on_sale,ok,,2026-09-08T22:24:00+02:00,,,
2026-09-08T0559Z,laliga,169092365,2944,Obed Vargas,Obed Vargas,3,572691,578845,0,marketPlayerLeague,on_sale,ok,,2026-09-08T22:24:00+02:00,,,
2026-09-08T0559Z,laliga,169092366,3159,Novoa,Hugo Novoa,2,606361,613918,0,marketPlayerLeague,on_sale,ok,,2026-09-08T22:24:00+02:00,,,
2026-09-08T0559Z,laliga,169092367,3023,Peio Canales,Peio Canales,3,8740153,9006766,0,marketPlayerLeague,on_sale,injured,,2026-09-08T22:24:00+02:00,,,
2026-09-08T0559Z,laliga,169092368,3230,Thiago,Thiago Fernández,3,2205697,2187046,0,marketPlayerLeague,on_sale,ok,,2026-09-08T22:24:00+02:00,,,
2026-09-08T0559Z,laliga,10530519,2613,M. Dituro,Matías Dituro,1,9135124,9114620,1,marketPlayerTeam,on_sale,ok,false,2026-09-08T21:33:42+02:00,,,
2026-09-08T0559Z,laliga,12717146,3068,Cabrera,Leandro Cabrera,2,10032349,10513558,1,marketPlayerTeam,on_sale,ok,false,2026-09-08T21:33:11+02:00,,,
2026-09-08T0559Z,laliga,14948006,2713,Ionut Radu,Ionut Radu,1,36937756,34972491,1,marketPlayerTeam,on_sale,ok,false,2026-09-08T22:28:27+02:00,,,
2026-09-08T0559Z,laliga,20358345,3036,Dani Lorenzo,Dani Lorenzo,3,10866431,10848082,1,marketPlayerTeam,on_sale,ok,false,2026-09-10T20:38:52+02:00,,,
2026-09-08T0559Z,laliga,21438625,2384,Unai Lopez,Unai López,3,10946225,10307322,1,marketPlayerTeam,on_sale,ok,false,2026-09-10T14:31:21+02:00,,,
2026-09-08T0559Z,laliga,29361134,2755,Ryan,Mathew Ryan,1,22925399,20401188,1,marketPlayerTeam,on_sale,ok,false,2026-09-08T22:28:31+02:00,,,
2026-09-08T0559Z,laliga,29379879,3105,Cala,Álex Calatrava Torrado,4,6734438,6470443,1,marketPlayerTeam,on_sale,ok,false,2026-09-08T22:48:41+02:00,,,
2026-09-08T0559Z,laliga,29379943,3084,Budimir,Ante Budimir,4,55590309,52408214,1,marketPlayerTeam,on_sale,ok,false,2026-09-08T22:48:45+02:00,,,
2026-09-08T0559Z,laliga,29380035,2746,Miguel Sierra,Miguel Sierra,4,3375178,2672932,1,marketPlayerTeam,on_sale,ok,false,2026-09-08T22:48:48+02:00,,,
2026-09-08T0559Z,laliga,29380111,2520,Roberto,Roberto Fernández,4,23772233,21172780,1,marketPlayerTeam,on_sale,ok,false,2026-09-08T22:48:52+02:00,,,
2026-09-08T0559Z,laliga,29380321,637,Moncayola,Jon Moncayola,3,7614230,7452600,1,marketPlayerTeam,on_sale,ok,false,2026-09-08T22:49:01+02:00,,,
2026-09-08T0559Z,laliga,29380437,2444,Sucic,Luka Sucic,3,6733335,5995641,1,marketPlayerTeam,on_sale,ok,false,2026-09-08T22:49:07+02:00,,,
2026-09-08T0559Z,laliga,29380552,2430,Valverde,Federico Valverde,3,71853677,73791071,1,marketPlayerTeam,on_sale,ok,false,2026-09-08T22:49:11+02:00,,,
2026-09-08T0559Z,laliga,29380673,2474,Denis Suárez,Denis Suárez,3,2564475,2599009,1,marketPlayerTeam,on_sale,ok,false,2026-09-08T22:49:17+02:00,,,
2026-09-08T0559Z,laliga,29380835,2315,Paredes,Aitor Paredes,2,10877408,9575168,1,marketPlayerTeam,on_sale,ok,false,2026-09-08T22:49:24+02:00,,,
2026-09-08T0559Z,laliga,29443988,2448,Oskarsson,Orri Óskarsson,4,7761851,7401797,1,marketPlayerTeam,on_sale,ok,false,2026-09-08T23:32:26+02:00,,,
2026-09-08T0559Z,laliga,30368551,3069,Blanco,Antonio Blanco,3,18374465,17863692,1,marketPlayerTeam,on_sale,ok,false,2026-09-09T21:59:47+02:00,,,
2026-09-08T0804Z,laliga,169092356,1849,Iñigo Perez,Iñigo Pérez,5,1166059,1196936,0,marketPlayerLeague,on_sale,ok,,2026-09-08T22:24:00+02:00,,,
2026-09-08T0804Z,laliga,169092357,2638,Manolo González,José Manuel González Álvarez,5,683228,693987,0,marketPlayerLeague,on_sale,ok,,2026-09-08T22:24:00+02:00,,,
2026-09-08T0804Z,laliga,169092358,3042,Einar,Einar Galilea,2,4699655,4549580,2,marketPlayerLeague,on_sale,ok,,2026-09-08T22:24:00+02:00,27277404,4700655,pending
2026-09-08T0804Z,laliga,169092359,3092,Olmo,Dani Olmo,3,47386781,47321827,0,marketPlayerLeague,on_sale,ok,,2026-09-08T22:24:00+02:00,,,
2026-09-08T0804Z,laliga,169092360,3227,Ifeanyi Ndukwe,Ifeanyi Ndukwe,2,1844294,1902019,0,marketPlayerLeague,on_sale,ok,,2026-09-08T22:24:00+02:00,,,
2026-09-08T0804Z,laliga,169092361,3254,Iván Azón,Iván Azón,4,5146954,5302322,0,marketPlayerLeague,on_sale,ok,,2026-09-08T22:24:00+02:00,,,
2026-09-08T0804Z,laliga,169092362,2579,Fran González,Fran González,1,517406,521256,0,marketPlayerLeague,on_sale,ok,,2026-09-08T22:24:00+02:00,,,
2026-09-08T0804Z,laliga,169092363,2696,Ruben,Rubén Gómez,1,467993,469784,0,marketPlayerLeague,on_sale,ok,,2026-09-08T22:24:00+02:00,,,
2026-09-08T0804Z,laliga,169092364,2991,D. Villares,Diego Villares,3,1478791,1520701,0,marketPlayerLeague,on_sale,ok,,2026-09-08T22:24:00+02:00,,,
2026-09-08T0804Z,laliga,169092365,2944,Obed Vargas,Obed Vargas,3,572691,578845,0,marketPlayerLeague,on_sale,ok,,2026-09-08T22:24:00+02:00,,,
2026-09-08T0804Z,laliga,169092366,3159,Novoa,Hugo Novoa,2,606361,613918,0,marketPlayerLeague,on_sale,ok,,2026-09-08T22:24:00+02:00,,,
2026-09-08T0804Z,laliga,169092367,3023,Peio Canales,Peio Canales,3,8740153,9006766,0,marketPlayerLeague,on_sale,injured,,2026-09-08T22:24:00+02:00,,,
2026-09-08T0804Z,laliga,169092368,3230,Thiago,Thiago Fernández,3,2205697,2187046,0,marketPlayerLeague,on_sale,ok,,2026-09-08T22:24:00+02:00,,,
2026-09-08T0804Z,laliga,10530519,2613,M. Dituro,Matías Dituro,1,9135124,9114620,1,marketPlayerTeam,on_sale,ok,false,2026-09-08T21:33:42+02:00,,,
2026-09-08T0804Z,laliga,12717146,3068,Cabrera,Leandro Cabrera,2,10032349,10513558,1,marketPlayerTeam,on_sale,ok,false,2026-09-08T21:33:11+02:00,,,
2026-09-08T0804Z,laliga,14948006,2713,Ionut Radu,Ionut Radu,1,36937756,34972491,1,marketPlayerTeam,on_sale,ok,false,2026-09-08T22:28:27+02:00,,,
2026-09-08T0804Z,laliga,20358345,3036,Dani Lorenzo,Dani Lorenzo,3,10866431,10848082,1,marketPlayerTeam,on_sale,ok,false,2026-09-10T20:38:52+02:00,,,
2026-09-08T0804Z,laliga,21438625,2384,Unai Lopez,Unai López,3,10946225,10307322,1,marketPlayerTeam,on_sale,ok,false,2026-09-10T14:31:21+02:00,,,
2026-09-08T0804Z,laliga,29361134,2755,Ryan,Mathew Ryan,1,22925399,20401188,1,marketPlayerTeam,on_sale,ok,false,2026-09-08T22:28:31+02:00,,,
2026-09-08T0804Z,laliga,29379879,3105,Cala,Álex Calatrava Torrado,4,6734438,6470443,1,marketPlayerTeam,on_sale,ok,false,2026-09-08T22:48:41+02:00,,,
2026-09-08T0804Z,laliga,29379943,3084,Budimir,Ante Budimir,4,55590309,52408214,1,marketPlayerTeam,on_sale,ok,false,2026-09-08T22:48:45+02:00,,,
2026-09-08T0804Z,laliga,29380035,2746,Miguel Sierra,Miguel Sierra,4,3375178,2672932,1,marketPlayerTeam,on_sale,ok,false,2026-09-08T22:48:48+02:00,,,
2026-09-08T0804Z,laliga,29380111,2520,Roberto,Roberto Fernández,4,23772233,21172780,1,marketPlayerTeam,on_sale,ok,false,2026-09-08T22:48:52+02:00,,,
2026-09-08T0804Z,laliga,29380321,637,Moncayola,Jon Moncayola,3,7614230,7452600,1,marketPlayerTeam,on_sale,ok,false,2026-09-08T22:49:01+02:00,,,
2026-09-08T0804Z,laliga,29380437,2444,Sucic,Luka Sucic,3,6733335,5995641,1,marketPlayerTeam,on_sale,ok,false,2026-09-08T22:49:07+02:00,,,
2026-09-08T0804Z,laliga,29380552,2430,Valverde,Federico Valverde,3,71853677,73791071,1,marketPlayerTeam,on_sale,ok,false,2026-09-08T22:49:11+02:00,,,
2026-09-08T0804Z,laliga,29380673,2474,Denis Suárez,Denis Suárez,3,2564475,2599009,1,marketPlayerTeam,on_sale,ok,false,2026-09-08T22:49:17+02:00,,,
2026-09-08T0804Z,laliga,29380835,2315,Paredes,Aitor Paredes,2,10877408,9575168,1,marketPlayerTeam,on_sale,ok,false,2026-09-08T22:49:24+02:00,,,
2026-09-08T0804Z,laliga,29443988,2448,Oskarsson,Orri Óskarsson,4,7761851,7401797,1,marketPlayerTeam,on_sale,ok,false,2026-09-08T23:32:26+02:00,,,
2026-09-08T0804Z,laliga,30368551,3069,Blanco,Antonio Blanco,3,18374465,17863692,1,marketPlayerTeam,on_sale,ok,false,2026-09-09T21:59:47+02:00,,,
2026-09-08T0853Z,laliga,169092356,1849,Iñigo Perez,Iñigo Pérez,5,1166059,1196936,0,marketPlayerLeague,on_sale,ok,,2026-09-08T22:24:00+02:00,,,
2026-09-08T0853Z,laliga,169092357,2638,Manolo González,José Manuel González Álvarez,5,683228,693987,0,marketPlayerLeague,on_sale,ok,,2026-09-08T22:24:00+02:00,,,
2026-09-08T0853Z,laliga,169092358,3042,Einar,Einar Galilea,2,4699655,4549580,2,marketPlayerLeague,on_sale,ok,,2026-09-08T22:24:00+02:00,27277404,4700655,pending
2026-09-08T0853Z,laliga,169092359,3092,Olmo,Dani Olmo,3,47386781,47321827,0,marketPlayerLeague,on_sale,ok,,2026-09-08T22:24:00+02:00,,,
2026-09-08T0853Z,laliga,169092360,3227,Ifeanyi Ndukwe,Ifeanyi Ndukwe,2,1844294,1902019,0,marketPlayerLeague,on_sale,ok,,2026-09-08T22:24:00+02:00,,,
2026-09-08T0853Z,laliga,169092361,3254,Iván Azón,Iván Azón,4,5146954,5302322,0,marketPlayerLeague,on_sale,ok,,2026-09-08T22:24:00+02:00,,,
2026-09-08T0853Z,laliga,169092362,2579,Fran González,Fran González,1,517406,521256,0,marketPlayerLeague,on_sale,ok,,2026-09-08T22:24:00+02:00,,,
2026-09-08T0853Z,laliga,169092363,2696,Ruben,Rubén Gómez,1,467993,469784,0,marketPlayerLeague,on_sale,ok,,2026-09-08T22:24:00+02:00,,,
2026-09-08T0853Z,laliga,169092364,2991,D. Villares,Diego Villares,3,1478791,1520701,0,marketPlayerLeague,on_sale,ok,,2026-09-08T22:24:00+02:00,,,
2026-09-08T0853Z,laliga,169092365,2944,Obed Vargas,Obed Vargas,3,572691,578845,0,marketPlayerLeague,on_sale,ok,,2026-09-08T22:24:00+02:00,,,
2026-09-08T0853Z,laliga,169092366,3159,Novoa,Hugo Novoa,2,606361,613918,0,marketPlayerLeague,on_sale,ok,,2026-09-08T22:24:00+02:00,,,
2026-09-08T0853Z,laliga,169092367,3023,Peio Canales,Peio Canales,3,8740153,9006766,0,marketPlayerLeague,on_sale,injured,,2026-09-08T22:24:00+02:00,,,
2026-09-08T0853Z,laliga,169092368,3230,Thiago,Thiago Fernández,3,2205697,2187046,0,marketPlayerLeague,on_sale,ok,,2026-09-08T22:24:00+02:00,,,
2026-09-08T0853Z,laliga,10530519,2613,M. Dituro,Matías Dituro,1,9135124,9114620,1,marketPlayerTeam,on_sale,ok,false,2026-09-08T21:33:42+02:00,,,
2026-09-08T0853Z,laliga,12717146,3068,Cabrera,Leandro Cabrera,2,10032349,10513558,1,marketPlayerTeam,on_sale,ok,false,2026-09-08T21:33:11+02:00,,,
2026-09-08T0853Z,laliga,14948006,2713,Ionut Radu,Ionut Radu,1,36937756,34972491,1,marketPlayerTeam,on_sale,ok,false,2026-09-08T22:28:27+02:00,,,
2026-09-08T0853Z,laliga,20358345,3036,Dani Lorenzo,Dani Lorenzo,3,10866431,10848082,1,marketPlayerTeam,on_sale,ok,false,2026-09-10T20:38:52+02:00,,,
2026-09-08T0853Z,laliga,21438625,2384,Unai Lopez,Unai López,3,10946225,10307322,1,marketPlayerTeam,on_sale,ok,false,2026-09-10T14:31:21+02:00,,,
2026-09-08T0853Z,laliga,29361134,2755,Ryan,Mathew Ryan,1,22925399,20401188,1,marketPlayerTeam,on_sale,ok,false,2026-09-08T22:28:31+02:00,,,
2026-09-08T0853Z,laliga,29379879,3105,Cala,Álex Calatrava Torrado,4,6734438,6470443,1,marketPlayerTeam,on_sale,ok,false,2026-09-08T22:48:41+02:00,,,
2026-09-08T0853Z,laliga,29379943,3084,Budimir,Ante Budimir,4,55590309,52408214,1,marketPlayerTeam,on_sale,ok,false,2026-09-08T22:48:45+02:00,,,
2026-09-08T0853Z,laliga,29380035,2746,Miguel Sierra,Miguel Sierra,4,3375178,2672932,1,marketPlayerTeam,on_sale,ok,false,2026-09-08T22:48:48+02:00,,,
2026-09-08T0853Z,laliga,29380111,2520,Roberto,Roberto Fernández,4,23772233,21172780,1,marketPlayerTeam,on_sale,ok,false,2026-09-08T22:48:52+02:00,,,
2026-09-08T0853Z,laliga,29380321,637,Moncayola,Jon Moncayola,3,7614230,7452600,1,marketPlayerTeam,on_sale,ok,false,2026-09-08T22:49:01+02:00,,,
2026-09-08T0853Z,laliga,29380437,2444,Sucic,Luka Sucic,3,6733335,5995641,1,marketPlayerTeam,on_sale,ok,false,2026-09-08T22:49:07+02:00,,,
2026-09-08T0853Z,laliga,29380552,2430,Valverde,Federico Valverde,3,71853677,73791071,1,marketPlayerTeam,on_sale,ok,false,2026-09-08T22:49:11+02:00,,,
2026-09-08T0853Z,laliga,29380673,2474,Denis Suárez,Denis Suárez,3,2564475,2599009,1,marketPlayerTeam,on_sale,ok,false,2026-09-08T22:49:17+02:00,,,
2026-09-08T0853Z,laliga,29380835,2315,Paredes,Aitor Paredes,2,10877408,9575168,1,marketPlayerTeam,on_sale,ok,false,2026-09-08T22:49:24+02:00,,,
2026-09-08T0853Z,laliga,29443988,2448,Oskarsson,Orri Óskarsson,4,7761851,7401797,1,marketPlayerTeam,on_sale,ok,false,2026-09-08T23:32:26+02:00,,,
2026-09-08T0853Z,laliga,30368551,3069,Blanco,Antonio Blanco,3,18374465,17863692,1,marketPlayerTeam,on_sale,ok,false,2026-09-09T21:59:47+02:00,,,
2026-09-08T1731Z,laliga,169092356,1849,Iñigo Perez,Iñigo Pérez,5,1166059,1196936,0,marketPlayerLeague,on_sale,ok,,2026-09-08T22:24:00+02:00,,,
2026-09-08T1731Z,laliga,169092357,2638,Manolo González,José Manuel González Álvarez,5,683228,693987,0,marketPlayerLeague,on_sale,ok,,2026-09-08T22:24:00+02:00,,,
2026-09-08T1731Z,laliga,169092358,3042,Einar,Einar Galilea,2,4699654,4549580,2,marketPlayerLeague,on_sale,ok,,2026-09-08T22:24:00+02:00,27277404,4700655,pending
2026-09-08T1731Z,laliga,169092359,3092,Olmo,Dani Olmo,3,47386772,47321827,0,marketPlayerLeague,on_sale,ok,,2026-09-08T22:24:00+02:00,,,
2026-09-08T1731Z,laliga,169092360,3227,Ifeanyi Ndukwe,Ifeanyi Ndukwe,2,1844294,1902019,0,marketPlayerLeague,on_sale,ok,,2026-09-08T22:24:00+02:00,,,
2026-09-08T1731Z,laliga,169092361,3254,Iván Azón,Iván Azón,4,5146951,5302322,0,marketPlayerLeague,on_sale,ok,,2026-09-08T22:24:00+02:00,,,
2026-09-08T1731Z,laliga,169092362,2579,Fran González,Fran González,1,517406,521256,0,marketPlayerLeague,on_sale,ok,,2026-09-08T22:24:00+02:00,,,
2026-09-08T1731Z,laliga,169092363,2696,Ruben,Rubén Gómez,1,467993,469784,0,marketPlayerLeague,on_sale,ok,,2026-09-08T22:24:00+02:00,,,
2026-09-08T1731Z,laliga,169092364,2991,D. Villares,Diego Villares,3,1478791,1520701,0,marketPlayerLeague,on_sale,ok,,2026-09-08T22:24:00+02:00,,,
2026-09-08T1731Z,laliga,169092365,2944,Obed Vargas,Obed Vargas,3,572691,578845,0,marketPlayerLeague,on_sale,ok,,2026-09-08T22:24:00+02:00,,,
2026-09-08T1731Z,laliga,169092366,3159,Novoa,Hugo Novoa,2,606361,613918,0,marketPlayerLeague,on_sale,ok,,2026-09-08T22:24:00+02:00,,,
2026-09-08T1731Z,laliga,169092367,3023,Peio Canales,Peio Canales,3,8740153,9006766,0,marketPlayerLeague,on_sale,injured,,2026-09-08T22:24:00+02:00,,,
2026-09-08T1731Z,laliga,169092368,3230,Thiago,Thiago Fernández,3,2205697,2187046,0,marketPlayerLeague,on_sale,ok,,2026-09-08T22:24:00+02:00,,,
2026-09-08T1731Z,laliga,10530519,2613,M. Dituro,Matías Dituro,1,9134866,9114620,1,marketPlayerTeam,on_sale,ok,false,2026-09-08T21:33:42+02:00,,,
2026-09-08T1731Z,laliga,12717146,3068,Cabrera,Leandro Cabrera,2,10032347,10513558,1,marketPlayerTeam,on_sale,ok,false,2026-09-08T21:33:11+02:00,,,
2026-09-08T1731Z,laliga,14948006,2713,Ionut Radu,Ionut Radu,1,36936330,34972491,1,marketPlayerTeam,on_sale,ok,false,2026-09-08T22:28:27+02:00,,,
2026-09-08T1731Z,laliga,20358345,3036,Dani Lorenzo,Dani Lorenzo,3,10866223,10848082,1,marketPlayerTeam,on_sale,ok,false,2026-09-10T20:38:52+02:00,,,
2026-09-08T1731Z,laliga,21438625,2384,Unai Lopez,Unai López,3,10946220,10307322,1,marketPlayerTeam,on_sale,ok,false,2026-09-10T14:31:21+02:00,,,
2026-09-08T1731Z,laliga,29361134,2755,Ryan,Mathew Ryan,1,22925000,20401188,1,marketPlayerTeam,on_sale,ok,false,2026-09-08T22:28:31+02:00,,,
2026-09-08T1731Z,laliga,29443988,2448,Oskarsson,Orri Óskarsson,4,7761850,7401797,1,marketPlayerTeam,on_sale,ok,false,2026-09-08T23:32:26+02:00,,,
2026-09-08T1731Z,laliga,32197047,74,Yuri,Yuri Berchiche Izeta,2,11820877,11820877,0,marketPlayerTeam,on_sale,ok,false,2026-09-11T18:55:08+02:00,,,
2026-09-08T1731Z,laliga,32197157,2315,Paredes,Aitor Paredes,2,10878761,10878761,0,marketPlayerTeam,on_sale,ok,false,2026-09-11T18:55:16+02:00,,,
2026-09-08T1731Z,laliga,32197224,637,Moncayola,Jon Moncayola,3,7614229,7614229,0,marketPlayerTeam,on_sale,ok,false,2026-09-11T18:55:20+02:00,,,
2026-09-08T1731Z,laliga,32197273,3069,Blanco,Antonio Blanco,3,18374137,18374137,0,marketPlayerTeam,on_sale,ok,false,2026-09-11T18:55:23+02:00,,,
2026-09-08T1731Z,laliga,32197398,1565,Barrios,Pablo Barrios,3,54804153,54804153,0,marketPlayerTeam,on_sale,ok,false,2026-09-11T18:55:32+02:00,,,
2026-09-08T1731Z,laliga,32197444,2430,Valverde,Federico Valverde,3,71852618,71852618,0,marketPlayerTeam,on_sale,ok,false,2026-09-11T18:55:36+02:00,,,
2026-09-08T1731Z,laliga,32197503,2444,Sucic,Luka Sucic,3,6733198,6733198,0,marketPlayerTeam,on_sale,ok,false,2026-09-11T18:55:40+02:00,,,
2026-09-08T1731Z,laliga,32197558,2746,Miguel Sierra,Miguel Sierra,4,3375177,3375177,0,marketPlayerTeam,on_sale,ok,false,2026-09-11T18:55:44+02:00,,,
2026-09-08T1731Z,laliga,32197607,3084,Budimir,Ante Budimir,4,55590293,55590293,0,marketPlayerTeam,on_sale,ok,false,2026-09-11T18:55:47+02:00,,,
2026-09-08T1731Z,laliga,32197654,2520,Roberto,Roberto Fernández,4,23771638,23771638,0,marketPlayerTeam,on_sale,ok,false,2026-09-11T18:55:50+02:00,,,
2026-09-08T2135Z,laliga,175115342,3096,Martín Anselmi,Martín Anselmi,5,875458,875458,0,marketPlayerLeague,on_sale,ok,,2026-09-09T22:24:00+02:00,,,
2026-09-08T2135Z,laliga,175115349,3207,P. Martínez,Pablo Martínez,3,5141746,5141746,0,marketPlayerLeague,on_sale,ok,,2026-09-09T22:24:00+02:00,,,
2026-09-08T2135Z,laliga,175115353,2565,A. Fortuño,Ángel Fortuño,1,456676,456676,0,marketPlayerLeague,on_sale,ok,,2026-09-09T22:24:00+02:00,,,
2026-09-08T2135Z,laliga,175115356,2936,Egiluz,Unai Egiluz,2,407826,407826,0,marketPlayerLeague,on_sale,injured,,2026-09-09T22:24:00+02:00,,,
2026-09-08T2135Z,laliga,175115359,2337,Kike Barja,Kike Barja,4,1752500,1752500,0,marketPlayerLeague,on_sale,ok,,2026-09-09T22:24:00+02:00,,,
2026-09-08T2135Z,laliga,175115361,2425,F. Mendy,Ferland Mendy,2,532054,532054,0,marketPlayerLeague,on_sale,injured,,2026-09-09T22:24:00+02:00,,,
2026-09-08T2135Z,laliga,175115363,3049,Lobete,Julen Lobete,4,548846,548846,0,marketPlayerLeague,on_sale,injured,,2026-09-09T22:24:00+02:00,,,
2026-09-08T2135Z,laliga,175115364,2439,Pacheco,Jon Pacheco,2,2197476,2197476,0,marketPlayerLeague,on_sale,ok,,2026-09-09T22:24:00+02:00,,,
2026-09-08T2135Z,laliga,175115365,3077,Edu Expósito,Edu Expósito,3,27761498,27761498,0,marketPlayerLeague,on_sale,ok,,2026-09-09T22:24:00+02:00,,,
2026-09-08T2135Z,laliga,175115368,2977,Riki,Riki Rodríguez,3,640143,640143,0,marketPlayerLeague,on_sale,ok,,2026-09-09T22:24:00+02:00,,,
2026-09-08T2135Z,laliga,175115370,3137,Satriano,Martín Satriano,4,19946867,19946867,0,marketPlayerLeague,on_sale,ok,,2026-09-09T22:24:00+02:00,,,
2026-09-08T2135Z,laliga,175115374,3267,Emil Audero,Emil Audero,1,5738468,5738468,0,marketPlayerLeague,on_sale,ok,,2026-09-09T22:24:00+02:00,,,
2026-09-08T2135Z,laliga,175115377,3268,Lomonaco,Kevin Lomónaco,2,7117907,7117907,0,marketPlayerLeague,on_sale,ok,,2026-09-09T22:24:00+02:00,,,
2026-09-08T2135Z,laliga,20358345,3036,Dani Lorenzo,Dani Lorenzo,3,10866223,10848082,1,marketPlayerTeam,on_sale,ok,false,2026-09-10T20:38:52+02:00,,,
2026-09-08T2135Z,laliga,21438625,2384,Unai Lopez,Unai López,3,10946220,10307322,1,marketPlayerTeam,on_sale,ok,false,2026-09-10T14:31:21+02:00,,,
2026-09-08T2135Z,laliga,32197047,74,Yuri,Yuri Berchiche Izeta,2,11820877,11820877,1,marketPlayerTeam,on_sale,ok,false,2026-09-11T18:55:08+02:00,,,
2026-09-08T2135Z,laliga,32197157,2315,Paredes,Aitor Paredes,2,10878761,10878761,1,marketPlayerTeam,on_sale,ok,false,2026-09-11T18:55:16+02:00,,,
2026-09-08T2135Z,laliga,32197224,637,Moncayola,Jon Moncayola,3,7614229,7614229,1,marketPlayerTeam,on_sale,ok,false,2026-09-11T18:55:20+02:00,,,
2026-09-08T2135Z,laliga,32197273,3069,Blanco,Antonio Blanco,3,18374137,18374137,1,marketPlayerTeam,on_sale,ok,false,2026-09-11T18:55:23+02:00,,,
2026-09-08T2135Z,laliga,32197398,1565,Barrios,Pablo Barrios,3,54804153,54804153,1,marketPlayerTeam,on_sale,ok,false,2026-09-11T18:55:32+02:00,,,
2026-09-08T2135Z,laliga,32197444,2430,Valverde,Federico Valverde,3,71852618,71852618,1,marketPlayerTeam,on_sale,ok,false,2026-09-11T18:55:36+02:00,,,
2026-09-08T2135Z,laliga,32197503,2444,Sucic,Luka Sucic,3,6733198,6733198,1,marketPlayerTeam,on_sale,ok,false,2026-09-11T18:55:40+02:00,,,
2026-09-08T2135Z,laliga,32197558,2746,Miguel Sierra,Miguel Sierra,4,3375177,3375177,1,marketPlayerTeam,on_sale,ok,false,2026-09-11T18:55:44+02:00,,,
2026-09-08T2135Z,laliga,32197607,3084,Budimir,Ante Budimir,4,55590293,55590293,1,marketPlayerTeam,on_sale,ok,false,2026-09-11T18:55:47+02:00,,,
2026-09-08T2135Z,laliga,32197654,2520,Roberto,Roberto Fernández,4,23771638,23771638,1,marketPlayerTeam,on_sale,ok,false,2026-09-11T18:55:50+02:00,,,
2026-09-09T0804Z,laliga,175115342,3096,Martín Anselmi,Martín Anselmi,5,856933,875458,0,marketPlayerLeague,on_sale,ok,,2026-09-09T22:24:00+02:00,,,
2026-09-09T0804Z,laliga,175115349,3207,P. Martínez,Pablo Martínez,3,5010946,5141746,0,marketPlayerLeague,on_sale,ok,,2026-09-09T22:24:00+02:00,,,
2026-09-09T0804Z,laliga,175115353,2565,A. Fortuño,Ángel Fortuño,1,454902,456676,0,marketPlayerLeague,on_sale,ok,,2026-09-09T22:24:00+02:00,,,
2026-09-09T0804Z,laliga,175115356,2936,Egiluz,Unai Egiluz,2,408006,407826,0,marketPlayerLeague,on_sale,injured,,2026-09-09T22:24:00+02:00,,,
2026-09-09T0804Z,laliga,175115359,2337,Kike Barja,Kike Barja,4,1719265,1752500,0,marketPlayerLeague,on_sale,ok,,2026-09-09T22:24:00+02:00,,,
2026-09-09T0804Z,laliga,175115361,2425,F. Mendy,Ferland Mendy,2,527265,532054,0,marketPlayerLeague,on_sale,injured,,2026-09-09T22:24:00+02:00,,,
2026-09-09T0804Z,laliga,175115363,3049,Lobete,Julen Lobete,4,543385,548846,0,marketPlayerLeague,on_sale,injured,,2026-09-09T22:24:00+02:00,,,
2026-09-09T0804Z,laliga,175115364,2439,Pacheco,Jon Pacheco,2,2139422,2197476,0,marketPlayerLeague,on_sale,ok,,2026-09-09T22:24:00+02:00,,,
2026-09-09T0804Z,laliga,175115365,3077,Edu Expósito,Edu Expósito,3,27995415,27761498,1,marketPlayerLeague,on_sale,ok,,2026-09-09T22:24:00+02:00,28083272,27995415,pending
2026-09-09T0804Z,laliga,175115368,2977,Riki,Riki Rodríguez,3,631030,640143,0,marketPlayerLeague,on_sale,ok,,2026-09-09T22:24:00+02:00,,,
2026-09-09T0804Z,laliga,175115370,3137,Satriano,Martín Satriano,4,19908011,19946867,0,marketPlayerLeague,on_sale,ok,,2026-09-09T22:24:00+02:00,,,
2026-09-09T0804Z,laliga,175115374,3267,Emil Audero,Emil Audero,1,5610161,5738468,0,marketPlayerLeague,on_sale,ok,,2026-09-09T22:24:00+02:00,,,
2026-09-09T0804Z,laliga,175115377,3268,Lomonaco,Kevin Lomónaco,2,6919277,7117907,0,marketPlayerLeague,on_sale,ok,,2026-09-09T22:24:00+02:00,,,
2026-09-09T0804Z,laliga,20358345,3036,Dani Lorenzo,Dani Lorenzo,3,10985580,10848082,1,marketPlayerTeam,on_sale,ok,false,2026-09-10T20:38:52+02:00,,,
2026-09-09T0804Z,laliga,21438625,2384,Unai Lopez,Unai López,3,11514034,10307322,1,marketPlayerTeam,on_sale,ok,false,2026-09-10T14:31:21+02:00,,,
2026-09-09T0804Z,laliga,23052817,2999,Mantilla,Álvaro Mantilla,2,1886040,1886040,0,marketPlayerTeam,on_sale,ok,false,2026-09-12T07:22:47+02:00,,,
2026-09-09T0804Z,laliga,32197047,74,Yuri,Yuri Berchiche Izeta,2,12365521,11820877,1,marketPlayerTeam,on_sale,ok,false,2026-09-11T18:55:08+02:00,,,
2026-09-09T0804Z,laliga,32197157,2315,Paredes,Aitor Paredes,2,11250901,10878761,1,marketPlayerTeam,on_sale,ok,false,2026-09-11T18:55:16+02:00,,,
2026-09-09T0804Z,laliga,32197224,637,Moncayola,Jon Moncayola,3,7572614,7614229,1,marketPlayerTeam,on_sale,ok,false,2026-09-11T18:55:20+02:00,,,
2026-09-09T0804Z,laliga,32197273,3069,Blanco,Antonio Blanco,3,18823671,18374137,1,marketPlayerTeam,on_sale,ok,false,2026-09-11T18:55:23+02:00,,,
2026-09-09T0804Z,laliga,32197398,1565,Barrios,Pablo Barrios,3,55271212,54804153,1,marketPlayerTeam,on_sale,ok,false,2026-09-11T18:55:32+02:00,,,
2026-09-09T0804Z,laliga,32197444,2430,Valverde,Federico Valverde,3,70782607,71852618,0,marketPlayerTeam,on_sale,ok,false,2026-09-11T18:55:36+02:00,,,
2026-09-09T0804Z,laliga,32197503,2444,Sucic,Luka Sucic,3,7186951,6733198,1,marketPlayerTeam,on_sale,ok,false,2026-09-11T18:55:40+02:00,,,
2026-09-09T0804Z,laliga,32197558,2746,Miguel Sierra,Miguel Sierra,4,3635452,3375177,1,marketPlayerTeam,on_sale,ok,false,2026-09-11T18:55:44+02:00,,,
2026-09-09T0804Z,laliga,32197607,3084,Budimir,Ante Budimir,4,57442021,55590293,1,marketPlayerTeam,on_sale,ok,false,2026-09-11T18:55:47+02:00,,,
2026-09-09T0804Z,laliga,32197654,2520,Roberto,Roberto Fernández,4,24454629,23771638,0,marketPlayerTeam,on_sale,ok,false,2026-09-11T18:55:50+02:00,,,
2026-09-09T0804Z,laliga,32579969,680,Moi Gómez,Moi Gómez,3,3850372,3850372,0,marketPlayerTeam,on_sale,injured,false,2026-09-12T07:21:39+02:00,,,
2026-09-10T0505Z,laliga,181179827,2959,Luis García,Luis García,5,567005,573201,0,marketPlayerLeague,on_sale,ok,,2026-09-10T22:24:00+02:00,,,
2026-09-10T0505Z,laliga,181179830,2881,D. Martínez,Dani Martinez,2,531253,535959,0,marketPlayerLeague,on_sale,ok,,2026-09-10T22:24:00+02:00,,,
2026-09-10T0505Z,laliga,181179832,3249,Adama Traoré,Adama Traoré,4,16154446,16094315,0,marketPlayerLeague,on_sale,ok,,2026-09-10T22:24:00+02:00,,,
2026-09-10T0505Z,laliga,181179834,3015,A. Vallecillo,Andrés Vallecillo,3,503286,506827,0,marketPlayerLeague,on_sale,ok,,2026-09-10T22:24:00+02:00,,,
2026-09-10T0505Z,laliga,181179835,2434,Rodrygo,Rodrygo Silva de Goes,4,1825555,1862320,0,marketPlayerLeague,on_sale,injured,,2026-09-10T22:24:00+02:00,,,
2026-09-10T0505Z,laliga,181179836,2656,Jon Martin,Jon Martín,2,26454152,27063681,0,marketPlayerLeague,on_sale,suspended,,2026-09-10T22:24:00+02:00,,,
2026-09-10T0505Z,laliga,181179838,3265,Fofana,Youssouf Fofana,3,14343742,14591286,0,marketPlayerLeague,on_sale,ok,,2026-09-10T22:24:00+02:00,,,
2026-09-10T0505Z,laliga,181179839,2962,Luismi Cruz,Luismi Cruz,4,7997714,7642693,1,marketPlayerLeague,on_sale,ok,,2026-09-10T22:24:00+02:00,,,
2026-09-10T0505Z,laliga,181179841,2933,Cepeda,Lucas Cepeda,4,987696,960859,0,marketPlayerLeague,on_sale,ok,,2026-09-10T22:24:00+02:00,,,
2026-09-10T0505Z,laliga,181179844,2005,Abel Bretones,Abel Bretones,2,9288983,9113834,0,marketPlayerLeague,on_sale,ok,,2026-09-10T22:24:00+02:00,,,
2026-09-10T0505Z,laliga,181179846,3247,Iker Luque,Iker Luque,4,1626399,1674811,0,marketPlayerLeague,on_sale,ok,,2026-09-10T22:24:00+02:00,,,
2026-09-10T0505Z,laliga,181179849,3167,Galdin,Ihor Galdin,1,504177,507755,0,marketPlayerLeague,on_sale,ok,,2026-09-10T22:24:00+02:00,,,
2026-09-10T0505Z,laliga,181179852,2319,Maroan,Maroan Sannadi,4,419601,419655,0,marketPlayerLeague,on_sale,ok,,2026-09-10T22:24:00+02:00,,,
2026-09-10T0505Z,laliga,21438625,2384,Unai Lopez,Unai López,3,12014200,10307322,1,marketPlayerTeam,on_sale,ok,false,2026-09-10T14:31:21+02:00,,,
2026-09-10T0505Z,laliga,23052817,2999,Mantilla,Álvaro Mantilla,2,1862736,1886040,1,marketPlayerTeam,on_sale,ok,false,2026-09-12T07:22:47+02:00,,,
2026-09-10T0505Z,laliga,32197047,74,Yuri,Yuri Berchiche Izeta,2,12799050,11820877,1,marketPlayerTeam,on_sale,ok,false,2026-09-11T18:55:08+02:00,,,
2026-09-10T0505Z,laliga,32197157,2315,Paredes,Aitor Paredes,2,11635077,10878761,1,marketPlayerTeam,on_sale,ok,false,2026-09-11T18:55:16+02:00,,,
2026-09-10T0505Z,laliga,32197224,637,Moncayola,Jon Moncayola,3,7589547,7614229,1,marketPlayerTeam,on_sale,ok,false,2026-09-11T18:55:20+02:00,,,
2026-09-10T0505Z,laliga,32197273,3069,Blanco,Antonio Blanco,3,19207294,18374137,1,marketPlayerTeam,on_sale,ok,false,2026-09-11T18:55:23+02:00,,,
2026-09-10T0505Z,laliga,32197398,1565,Barrios,Pablo Barrios,3,55544882,54804153,1,marketPlayerTeam,on_sale,ok,false,2026-09-11T18:55:32+02:00,,,
2026-09-10T0505Z,laliga,32197503,2444,Sucic,Luka Sucic,3,7723222,6733198,1,marketPlayerTeam,on_sale,ok,false,2026-09-11T18:55:40+02:00,,,
2026-09-10T0505Z,laliga,32197558,2746,Miguel Sierra,Miguel Sierra,4,3891773,3375177,1,marketPlayerTeam,on_sale,ok,false,2026-09-11T18:55:44+02:00,,,
2026-09-10T0505Z,laliga,32197607,3084,Budimir,Ante Budimir,4,59142414,55590293,1,marketPlayerTeam,on_sale,ok,false,2026-09-11T18:55:47+02:00,,,
2026-09-10T0505Z,laliga,32197654,2520,Roberto,Roberto Fernández,4,25087051,23771638,1,marketPlayerTeam,on_sale,ok,false,2026-09-11T18:55:50+02:00,,,
2026-09-10T0505Z,laliga,32579969,680,Moi Gómez,Moi Gómez,3,3811272,3850372,1,marketPlayerTeam,on_sale,injured,false,2026-09-12T07:21:39+02:00,,,
2026-09-10T0803Z,laliga,181179827,2959,Luis García,Luis García,5,567005,573201,0,marketPlayerLeague,on_sale,ok,,2026-09-10T22:24:00+02:00,,,
2026-09-10T0803Z,laliga,181179830,2881,D. Martínez,Dani Martinez,2,531253,535959,0,marketPlayerLeague,on_sale,ok,,2026-09-10T22:24:00+02:00,,,
2026-09-10T0803Z,laliga,181179832,3249,Adama Traoré,Adama Traoré,4,16154446,16094315,0,marketPlayerLeague,on_sale,ok,,2026-09-10T22:24:00+02:00,,,
2026-09-10T0803Z,laliga,181179834,3015,A. Vallecillo,Andrés Vallecillo,3,503286,506827,0,marketPlayerLeague,on_sale,ok,,2026-09-10T22:24:00+02:00,,,
2026-09-10T0803Z,laliga,181179835,2434,Rodrygo,Rodrygo Silva de Goes,4,1825555,1862320,0,marketPlayerLeague,on_sale,injured,,2026-09-10T22:24:00+02:00,,,
2026-09-10T0803Z,laliga,181179836,2656,Jon Martin,Jon Martín,2,26454152,27063681,0,marketPlayerLeague,on_sale,suspended,,2026-09-10T22:24:00+02:00,,,
2026-09-10T0803Z,laliga,181179838,3265,Fofana,Youssouf Fofana,3,14343742,14591286,0,marketPlayerLeague,on_sale,ok,,2026-09-10T22:24:00+02:00,,,
2026-09-10T0803Z,laliga,181179839,2962,Luismi Cruz,Luismi Cruz,4,7997714,7642693,1,marketPlayerLeague,on_sale,ok,,2026-09-10T22:24:00+02:00,,,
2026-09-10T0803Z,laliga,181179841,2933,Cepeda,Lucas Cepeda,4,987696,960859,0,marketPlayerLeague,on_sale,ok,,2026-09-10T22:24:00+02:00,,,
2026-09-10T0803Z,laliga,181179844,2005,Abel Bretones,Abel Bretones,2,9288983,9113834,1,marketPlayerLeague,on_sale,ok,,2026-09-10T22:24:00+02:00,28897996,9288983,pending
2026-09-10T0803Z,laliga,181179846,3247,Iker Luque,Iker Luque,4,1626399,1674811,0,marketPlayerLeague,on_sale,ok,,2026-09-10T22:24:00+02:00,,,
2026-09-10T0803Z,laliga,181179849,3167,Galdin,Ihor Galdin,1,504177,507755,0,marketPlayerLeague,on_sale,ok,,2026-09-10T22:24:00+02:00,,,
2026-09-10T0803Z,laliga,181179852,2319,Maroan,Maroan Sannadi,4,419601,419655,0,marketPlayerLeague,on_sale,ok,,2026-09-10T22:24:00+02:00,,,
2026-09-10T0803Z,laliga,21438625,2384,Unai Lopez,Unai López,3,12014200,10307322,1,marketPlayerTeam,on_sale,ok,false,2026-09-10T14:31:21+02:00,,,
2026-09-10T0803Z,laliga,23052817,2999,Mantilla,Álvaro Mantilla,2,1862736,1886040,1,marketPlayerTeam,on_sale,ok,false,2026-09-12T07:22:47+02:00,,,
2026-09-10T0803Z,laliga,32197047,74,Yuri,Yuri Berchiche Izeta,2,12799050,11820877,1,marketPlayerTeam,on_sale,ok,false,2026-09-11T18:55:08+02:00,,,
2026-09-10T0803Z,laliga,32197157,2315,Paredes,Aitor Paredes,2,11635077,10878761,1,marketPlayerTeam,on_sale,ok,false,2026-09-11T18:55:16+02:00,,,
2026-09-10T0803Z,laliga,32197224,637,Moncayola,Jon Moncayola,3,7589547,7614229,1,marketPlayerTeam,on_sale,ok,false,2026-09-11T18:55:20+02:00,,,
2026-09-10T0803Z,laliga,32197273,3069,Blanco,Antonio Blanco,3,19207294,18374137,1,marketPlayerTeam,on_sale,ok,false,2026-09-11T18:55:23+02:00,,,
2026-09-10T0803Z,laliga,32197398,1565,Barrios,Pablo Barrios,3,55544882,54804153,1,marketPlayerTeam,on_sale,ok,false,2026-09-11T18:55:32+02:00,,,
2026-09-10T0803Z,laliga,32197503,2444,Sucic,Luka Sucic,3,7723222,6733198,1,marketPlayerTeam,on_sale,ok,false,2026-09-11T18:55:40+02:00,,,
2026-09-10T0803Z,laliga,32197558,2746,Miguel Sierra,Miguel Sierra,4,3891773,3375177,1,marketPlayerTeam,on_sale,ok,false,2026-09-11T18:55:44+02:00,,,
2026-09-10T0803Z,laliga,32197607,3084,Budimir,Ante Budimir,4,59142414,55590293,1,marketPlayerTeam,on_sale,ok,false,2026-09-11T18:55:47+02:00,,,
2026-09-10T0803Z,laliga,32197654,2520,Roberto,Roberto Fernández,4,25087051,23771638,1,marketPlayerTeam,on_sale,ok,false,2026-09-11T18:55:50+02:00,,,
2026-09-10T0836Z,laliga,181179827,2959,Luis García,Luis García,5,567005,573201,0,marketPlayerLeague,on_sale,ok,,2026-09-10T22:24:00+02:00,,,
2026-09-10T0836Z,laliga,181179830,2881,D. Martínez,Dani Martinez,2,531253,535959,0,marketPlayerLeague,on_sale,ok,,2026-09-10T22:24:00+02:00,,,
2026-09-10T0836Z,laliga,181179832,3249,Adama Traoré,Adama Traoré,4,16154446,16094315,0,marketPlayerLeague,on_sale,ok,,2026-09-10T22:24:00+02:00,,,
2026-09-10T0836Z,laliga,181179834,3015,A. Vallecillo,Andrés Vallecillo,3,503286,506827,0,marketPlayerLeague,on_sale,ok,,2026-09-10T22:24:00+02:00,,,
2026-09-10T0836Z,laliga,181179835,2434,Rodrygo,Rodrygo Silva de Goes,4,1825555,1862320,0,marketPlayerLeague,on_sale,injured,,2026-09-10T22:24:00+02:00,,,
2026-09-10T0836Z,laliga,181179836,2656,Jon Martin,Jon Martín,2,26454152,27063681,0,marketPlayerLeague,on_sale,suspended,,2026-09-10T22:24:00+02:00,,,
2026-09-10T0836Z,laliga,181179838,3265,Fofana,Youssouf Fofana,3,14343742,14591286,0,marketPlayerLeague,on_sale,ok,,2026-09-10T22:24:00+02:00,,,
2026-09-10T0836Z,laliga,181179839,2962,Luismi Cruz,Luismi Cruz,4,7997714,7642693,1,marketPlayerLeague,on_sale,ok,,2026-09-10T22:24:00+02:00,,,
2026-09-10T0836Z,laliga,181179841,2933,Cepeda,Lucas Cepeda,4,987696,960859,0,marketPlayerLeague,on_sale,ok,,2026-09-10T22:24:00+02:00,,,
2026-09-10T0836Z,laliga,181179844,2005,Abel Bretones,Abel Bretones,2,9288983,9113834,1,marketPlayerLeague,on_sale,ok,,2026-09-10T22:24:00+02:00,28897996,9288983,pending
2026-09-10T0836Z,laliga,181179846,3247,Iker Luque,Iker Luque,4,1626399,1674811,0,marketPlayerLeague,on_sale,ok,,2026-09-10T22:24:00+02:00,,,
2026-09-10T0836Z,laliga,181179849,3167,Galdin,Ihor Galdin,1,504177,507755,0,marketPlayerLeague,on_sale,ok,,2026-09-10T22:24:00+02:00,,,
2026-09-10T0836Z,laliga,181179852,2319,Maroan,Maroan Sannadi,4,419601,419655,0,marketPlayerLeague,on_sale,ok,,2026-09-10T22:24:00+02:00,,,
2026-09-10T0836Z,laliga,21438625,2384,Unai Lopez,Unai López,3,12014200,10307322,1,marketPlayerTeam,on_sale,ok,false,2026-09-10T14:31:21+02:00,,,
2026-09-10T0836Z,laliga,23052817,2999,Mantilla,Álvaro Mantilla,2,1862736,1886040,1,marketPlayerTeam,on_sale,ok,false,2026-09-12T07:22:47+02:00,,,
2026-09-10T0836Z,laliga,32197047,74,Yuri,Yuri Berchiche Izeta,2,12799050,11820877,1,marketPlayerTeam,on_sale,ok,false,2026-09-11T18:55:08+02:00,,,
2026-09-10T0836Z,laliga,32197157,2315,Paredes,Aitor Paredes,2,11635077,10878761,1,marketPlayerTeam,on_sale,ok,false,2026-09-11T18:55:16+02:00,,,
2026-09-10T0836Z,laliga,32197224,637,Moncayola,Jon Moncayola,3,7589547,7614229,1,marketPlayerTeam,on_sale,ok,false,2026-09-11T18:55:20+02:00,,,
2026-09-10T0836Z,laliga,32197273,3069,Blanco,Antonio Blanco,3,19207294,18374137,1,marketPlayerTeam,on_sale,ok,false,2026-09-11T18:55:23+02:00,,,
2026-09-10T0836Z,laliga,32197398,1565,Barrios,Pablo Barrios,3,55544882,54804153,1,marketPlayerTeam,on_sale,ok,false,2026-09-11T18:55:32+02:00,,,
2026-09-10T0836Z,laliga,32197503,2444,Sucic,Luka Sucic,3,7723222,6733198,1,marketPlayerTeam,on_sale,ok,false,2026-09-11T18:55:40+02:00,,,
2026-09-10T0836Z,laliga,32197558,2746,Miguel Sierra,Miguel Sierra,4,3891773,3375177,1,marketPlayerTeam,on_sale,ok,false,2026-09-11T18:55:44+02:00,,,
2026-09-10T0836Z,laliga,32197607,3084,Budimir,Ante Budimir,4,59142414,55590293,1,marketPlayerTeam,on_sale,ok,false,2026-09-11T18:55:47+02:00,,,
2026-09-10T0836Z,laliga,32197654,2520,Roberto,Roberto Fernández,4,25087051,23771638,1,marketPlayerTeam,on_sale,ok,false,2026-09-11T18:55:50+02:00,,,
2026-09-10T2144Z,laliga,187276454,2527,Simeone,Diego Simeone,5,2568554,2568554,0,marketPlayerLeague,on_sale,ok,,2026-09-11T22:24:00+02:00,,,
2026-09-10T2144Z,laliga,187276458,2600,Mariano,Mariano Díaz,4,13058647,13058647,1,marketPlayerLeague,on_sale,ok,,2026-09-11T22:24:00+02:00,,,
2026-09-10T2144Z,laliga,187276461,3263,Revivo,Roy Revivo,2,4318019,4318019,0,marketPlayerLeague,on_sale,ok,,2026-09-11T22:24:00+02:00,,,
2026-09-10T2144Z,laliga,187276465,2604,Carreira,Sergio Carreira,2,6635200,6635200,0,marketPlayerLeague,on_sale,ok,,2026-09-11T22:24:00+02:00,,,
2026-09-10T2144Z,laliga,187276468,2627,Junior,Junior Firpo,2,1804434,1804434,0,marketPlayerLeague,on_sale,ok,,2026-09-11T22:24:00+02:00,,,
2026-09-10T2144Z,laliga,187276472,3112,Endrick,Endrick Felipe Moreira de Sousa,4,4036870,4036870,0,marketPlayerLeague,on_sale,ok,,2026-09-11T22:24:00+02:00,,,
2026-09-10T2144Z,laliga,187276477,3261,Belocian,Jeanuël Belocian,2,3048626,3048626,0,marketPlayerLeague,on_sale,ok,,2026-09-11T22:24:00+02:00,,,
2026-09-10T2144Z,laliga,187276480,2973,Bil Nsongo,Bil Nsongo,4,7174800,7174800,0,marketPlayerLeague,on_sale,ok,,2026-09-11T22:24:00+02:00,,,
2026-09-10T2144Z,laliga,187276485,2780,Grady Diangana,Grady Diangana,4,683129,683129,0,marketPlayerLeague,on_sale,ok,,2026-09-11T22:24:00+02:00,,,
2026-09-10T2144Z,laliga,187276488,2146,Asencio,Raúl Asencio del Rosario,2,2225160,2225160,0,marketPlayerLeague,on_sale,ok,,2026-09-11T22:24:00+02:00,,,
2026-09-10T2144Z,laliga,187276490,2548,Riquelme,Rodrigo Riquelme,3,14888367,14888367,0,marketPlayerLeague,on_sale,ok,,2026-09-11T22:24:00+02:00,,,
2026-09-10T2144Z,laliga,187276492,2438,Aihen,Aihen Muñoz,2,796175,796175,0,marketPlayerLeague,on_sale,ok,,2026-09-11T22:24:00+02:00,,,
2026-09-10T2144Z,laliga,187276493,1056,Pedrosa,Adrià Pedrosa,2,2723844,2723844,0,marketPlayerLeague,on_sale,ok,,2026-09-11T22:24:00+02:00,,,
2026-09-10T2144Z,laliga,20430568,927,Berenguer,Alejandro Berenguer Remiro,4,9916016,9916016,1,marketPlayerTeam,on_sale,ok,false,2026-09-13T22:22:59+02:00,,,
2026-09-10T2144Z,laliga,21227596,3078,T. Martínez,Toni Martínez,4,20304063,20304063,1,marketPlayerTeam,on_sale,doubtful,false,2026-09-13T22:23:02+02:00,,,
2026-09-10T2144Z,laliga,23052817,2999,Mantilla,Álvaro Mantilla,2,1862736,1886040,1,marketPlayerTeam,on_sale,ok,false,2026-09-12T07:22:47+02:00,,,
2026-09-10T2144Z,laliga,23198784,2846,Arguibide,Iñigo Arguibide,2,3036890,3036890,1,marketPlayerTeam,on_sale,ok,false,2026-09-13T22:23:23+02:00,,,
2026-09-10T2144Z,laliga,26988648,3154,Enes Ünal,Enes Ünal,4,18824941,18824941,1,marketPlayerTeam,on_sale,ok,false,2026-09-13T22:23:12+02:00,,,
2026-09-10T2144Z,laliga,26989803,2338,Aimar,Aimar Oroz,3,10809904,10809904,1,marketPlayerTeam,on_sale,injured,false,2026-09-13T22:23:16+02:00,,,
2026-09-10T2144Z,laliga,32197047,74,Yuri,Yuri Berchiche Izeta,2,12799050,11820877,1,marketPlayerTeam,on_sale,ok,false,2026-09-11T18:55:08+02:00,,,
2026-09-10T2144Z,laliga,32197157,2315,Paredes,Aitor Paredes,2,11635077,10878761,1,marketPlayerTeam,on_sale,ok,false,2026-09-11T18:55:16+02:00,,,
2026-09-10T2144Z,laliga,32197224,637,Moncayola,Jon Moncayola,3,7589547,7614229,1,marketPlayerTeam,on_sale,ok,false,2026-09-11T18:55:20+02:00,,,
2026-09-10T2144Z,laliga,32197273,3069,Blanco,Antonio Blanco,3,19207294,18374137,1,marketPlayerTeam,on_sale,ok,false,2026-09-11T18:55:23+02:00,,,
2026-09-10T2144Z,laliga,32197398,1565,Barrios,Pablo Barrios,3,55544882,54804153,1,marketPlayerTeam,on_sale,ok,false,2026-09-11T18:55:32+02:00,,,
2026-09-10T2144Z,laliga,32197503,2444,Sucic,Luka Sucic,3,7723222,6733198,1,marketPlayerTeam,on_sale,ok,false,2026-09-11T18:55:40+02:00,,,
2026-09-10T2144Z,laliga,32197558,2746,Miguel Sierra,Miguel Sierra,4,3891773,3375177,1,marketPlayerTeam,on_sale,ok,false,2026-09-11T18:55:44+02:00,,,
2026-09-10T2144Z,laliga,32197607,3084,Budimir,Ante Budimir,4,59142414,55590293,1,marketPlayerTeam,on_sale,ok,false,2026-09-11T18:55:47+02:00,,,
2026-09-10T2144Z,laliga,32197654,2520,Roberto,Roberto Fernández,4,25087051,23771638,1,marketPlayerTeam,on_sale,ok,false,2026-09-11T18:55:50+02:00,,,
2026-09-10T2144Z,laliga,33881975,1210,Giuliano,Giuliano Simeone,4,40080622,40080622,1,marketPlayerTeam,on_sale,ok,false,2026-09-13T22:23:06+02:00,,,
2026-09-11T0753Z,laliga,187276454,2527,Simeone,Diego Simeone,5,2568554,2568554,0,marketPlayerLeague,on_sale,ok,,2026-09-11T22:24:00+02:00,,,
2026-09-11T0753Z,laliga,187276458,2600,Mariano,Mariano Díaz,4,13058647,13058647,1,marketPlayerLeague,on_sale,ok,,2026-09-11T22:24:00+02:00,,,
2026-09-11T0753Z,laliga,187276461,3263,Revivo,Roy Revivo,2,4318019,4318019,0,marketPlayerLeague,on_sale,ok,,2026-09-11T22:24:00+02:00,,,
2026-09-11T0753Z,laliga,187276465,2604,Carreira,Sergio Carreira,2,6635200,6635200,0,marketPlayerLeague,on_sale,ok,,2026-09-11T22:24:00+02:00,,,
2026-09-11T0753Z,laliga,187276468,2627,Junior,Junior Firpo,2,1804434,1804434,0,marketPlayerLeague,on_sale,ok,,2026-09-11T22:24:00+02:00,,,
2026-09-11T0753Z,laliga,187276472,3112,Endrick,Endrick Felipe Moreira de Sousa,4,4036870,4036870,0,marketPlayerLeague,on_sale,ok,,2026-09-11T22:24:00+02:00,,,
2026-09-11T0753Z,laliga,187276477,3261,Belocian,Jeanuël Belocian,2,3048626,3048626,0,marketPlayerLeague,on_sale,ok,,2026-09-11T22:24:00+02:00,,,
2026-09-11T0753Z,laliga,187276480,2973,Bil Nsongo,Bil Nsongo,4,7174800,7174800,0,marketPlayerLeague,on_sale,ok,,2026-09-11T22:24:00+02:00,,,
2026-09-11T0753Z,laliga,187276485,2780,Grady Diangana,Grady Diangana,4,683129,683129,0,marketPlayerLeague,on_sale,ok,,2026-09-11T22:24:00+02:00,,,
2026-09-11T0753Z,laliga,187276488,2146,Asencio,Raúl Asencio del Rosario,2,2225160,2225160,0,marketPlayerLeague,on_sale,ok,,2026-09-11T22:24:00+02:00,,,
2026-09-11T0753Z,laliga,187276490,2548,Riquelme,Rodrigo Riquelme,3,14888367,14888367,0,marketPlayerLeague,on_sale,ok,,2026-09-11T22:24:00+02:00,,,
2026-09-11T0753Z,laliga,187276492,2438,Aihen,Aihen Muñoz,2,796175,796175,0,marketPlayerLeague,on_sale,ok,,2026-09-11T22:24:00+02:00,,,
2026-09-11T0753Z,laliga,187276493,1056,Pedrosa,Adrià Pedrosa,2,2723844,2723844,0,marketPlayerLeague,on_sale,ok,,2026-09-11T22:24:00+02:00,,,
2026-09-11T0753Z,laliga,20430568,927,Berenguer,Alejandro Berenguer Remiro,4,9916016,9916016,1,marketPlayerTeam,on_sale,ok,false,2026-09-13T22:22:59+02:00,,,
2026-09-11T0753Z,laliga,21227596,3078,T. Martínez,Toni Martínez,4,20304063,20304063,1,marketPlayerTeam,on_sale,doubtful,false,2026-09-13T22:23:02+02:00,,,
2026-09-11T0753Z,laliga,23052817,2999,Mantilla,Álvaro Mantilla,2,1862736,1886040,1,marketPlayerTeam,on_sale,ok,false,2026-09-12T07:22:47+02:00,,,
2026-09-11T0753Z,laliga,23198784,2846,Arguibide,Iñigo Arguibide,2,3036890,3036890,1,marketPlayerTeam,on_sale,ok,false,2026-09-13T22:23:23+02:00,,,
2026-09-11T0753Z,laliga,26988648,3154,Enes Ünal,Enes Ünal,4,18824941,18824941,1,marketPlayerTeam,on_sale,ok,false,2026-09-13T22:23:12+02:00,,,
2026-09-11T0753Z,laliga,26989803,2338,Aimar,Aimar Oroz,3,10809904,10809904,1,marketPlayerTeam,on_sale,injured,false,2026-09-13T22:23:16+02:00,,,
2026-09-11T0753Z,laliga,32197047,74,Yuri,Yuri Berchiche Izeta,2,12799050,11820877,1,marketPlayerTeam,on_sale,ok,false,2026-09-11T18:55:08+02:00,,,
2026-09-11T0753Z,laliga,32197157,2315,Paredes,Aitor Paredes,2,11635077,10878761,1,marketPlayerTeam,on_sale,ok,false,2026-09-11T18:55:16+02:00,,,
2026-09-11T0753Z,laliga,32197224,637,Moncayola,Jon Moncayola,3,7589547,7614229,1,marketPlayerTeam,on_sale,ok,false,2026-09-11T18:55:20+02:00,,,
2026-09-11T0753Z,laliga,32197273,3069,Blanco,Antonio Blanco,3,19207294,18374137,1,marketPlayerTeam,on_sale,ok,false,2026-09-11T18:55:23+02:00,,,
2026-09-11T0753Z,laliga,32197398,1565,Barrios,Pablo Barrios,3,55544882,54804153,1,marketPlayerTeam,on_sale,ok,false,2026-09-11T18:55:32+02:00,,,
2026-09-11T0753Z,laliga,32197503,2444,Sucic,Luka Sucic,3,7723222,6733198,1,marketPlayerTeam,on_sale,ok,false,2026-09-11T18:55:40+02:00,,,
2026-09-11T0753Z,laliga,32197558,2746,Miguel Sierra,Miguel Sierra,4,3891773,3375177,1,marketPlayerTeam,on_sale,ok,false,2026-09-11T18:55:44+02:00,,,
2026-09-11T0753Z,laliga,32197607,3084,Budimir,Ante Budimir,4,59142414,55590293,1,marketPlayerTeam,on_sale,ok,false,2026-09-11T18:55:47+02:00,,,
2026-09-11T0753Z,laliga,32197654,2520,Roberto,Roberto Fernández,4,25087051,23771638,1,marketPlayerTeam,on_sale,ok,false,2026-09-11T18:55:50+02:00,,,
2026-09-11T0753Z,laliga,33881975,1210,Giuliano,Giuliano Simeone,4,40080622,40080622,1,marketPlayerTeam,on_sale,ok,false,2026-09-13T22:23:06+02:00,,,
2026-09-11T0805Z,laliga,187276454,2527,Simeone,Diego Simeone,5,2568554,2568554,0,marketPlayerLeague,on_sale,ok,,2026-09-11T22:24:00+02:00,,,
2026-09-11T0805Z,laliga,187276458,2600,Mariano,Mariano Díaz,4,13058647,13058647,1,marketPlayerLeague,on_sale,ok,,2026-09-11T22:24:00+02:00,,,
2026-09-11T0805Z,laliga,187276461,3263,Revivo,Roy Revivo,2,4318019,4318019,0,marketPlayerLeague,on_sale,ok,,2026-09-11T22:24:00+02:00,,,
2026-09-11T0805Z,laliga,187276465,2604,Carreira,Sergio Carreira,2,6635200,6635200,0,marketPlayerLeague,on_sale,ok,,2026-09-11T22:24:00+02:00,,,
2026-09-11T0805Z,laliga,187276468,2627,Junior,Junior Firpo,2,1804434,1804434,0,marketPlayerLeague,on_sale,ok,,2026-09-11T22:24:00+02:00,,,
2026-09-11T0805Z,laliga,187276472,3112,Endrick,Endrick Felipe Moreira de Sousa,4,4036870,4036870,0,marketPlayerLeague,on_sale,ok,,2026-09-11T22:24:00+02:00,,,
2026-09-11T0805Z,laliga,187276477,3261,Belocian,Jeanuël Belocian,2,3048626,3048626,0,marketPlayerLeague,on_sale,ok,,2026-09-11T22:24:00+02:00,,,
2026-09-11T0805Z,laliga,187276480,2973,Bil Nsongo,Bil Nsongo,4,7174800,7174800,0,marketPlayerLeague,on_sale,ok,,2026-09-11T22:24:00+02:00,,,
2026-09-11T0805Z,laliga,187276485,2780,Grady Diangana,Grady Diangana,4,683129,683129,0,marketPlayerLeague,on_sale,ok,,2026-09-11T22:24:00+02:00,,,
2026-09-11T0805Z,laliga,187276488,2146,Asencio,Raúl Asencio del Rosario,2,2225160,2225160,0,marketPlayerLeague,on_sale,ok,,2026-09-11T22:24:00+02:00,,,
2026-09-11T0805Z,laliga,187276490,2548,Riquelme,Rodrigo Riquelme,3,14888367,14888367,0,marketPlayerLeague,on_sale,ok,,2026-09-11T22:24:00+02:00,,,
2026-09-11T0805Z,laliga,187276492,2438,Aihen,Aihen Muñoz,2,796175,796175,0,marketPlayerLeague,on_sale,ok,,2026-09-11T22:24:00+02:00,,,
2026-09-11T0805Z,laliga,187276493,1056,Pedrosa,Adrià Pedrosa,2,2723844,2723844,0,marketPlayerLeague,on_sale,ok,,2026-09-11T22:24:00+02:00,,,
2026-09-11T0805Z,laliga,20430568,927,Berenguer,Alejandro Berenguer Remiro,4,9916016,9916016,1,marketPlayerTeam,on_sale,ok,false,2026-09-13T22:22:59+02:00,,,
2026-09-11T0805Z,laliga,21227596,3078,T. Martínez,Toni Martínez,4,20304063,20304063,1,marketPlayerTeam,on_sale,doubtful,false,2026-09-13T22:23:02+02:00,,,
2026-09-11T0805Z,laliga,23052817,2999,Mantilla,Álvaro Mantilla,2,1862736,1886040,1,marketPlayerTeam,on_sale,ok,false,2026-09-12T07:22:47+02:00,,,
2026-09-11T0805Z,laliga,23198784,2846,Arguibide,Iñigo Arguibide,2,3036890,3036890,1,marketPlayerTeam,on_sale,ok,false,2026-09-13T22:23:23+02:00,,,
2026-09-11T0805Z,laliga,26988648,3154,Enes Ünal,Enes Ünal,4,18824941,18824941,1,marketPlayerTeam,on_sale,ok,false,2026-09-13T22:23:12+02:00,,,
2026-09-11T0805Z,laliga,26989803,2338,Aimar,Aimar Oroz,3,10809904,10809904,1,marketPlayerTeam,on_sale,injured,false,2026-09-13T22:23:16+02:00,,,
2026-09-11T0805Z,laliga,32197047,74,Yuri,Yuri Berchiche Izeta,2,12799050,11820877,1,marketPlayerTeam,on_sale,ok,false,2026-09-11T18:55:08+02:00,,,
2026-09-11T0805Z,laliga,32197157,2315,Paredes,Aitor Paredes,2,11635077,10878761,1,marketPlayerTeam,on_sale,ok,false,2026-09-11T18:55:16+02:00,,,
2026-09-11T0805Z,laliga,32197224,637,Moncayola,Jon Moncayola,3,7589547,7614229,1,marketPlayerTeam,on_sale,ok,false,2026-09-11T18:55:20+02:00,,,
2026-09-11T0805Z,laliga,32197273,3069,Blanco,Antonio Blanco,3,19207294,18374137,1,marketPlayerTeam,on_sale,ok,false,2026-09-11T18:55:23+02:00,,,
2026-09-11T0805Z,laliga,32197398,1565,Barrios,Pablo Barrios,3,55544882,54804153,1,marketPlayerTeam,on_sale,ok,false,2026-09-11T18:55:32+02:00,,,
2026-09-11T0805Z,laliga,32197503,2444,Sucic,Luka Sucic,3,7723222,6733198,1,marketPlayerTeam,on_sale,ok,false,2026-09-11T18:55:40+02:00,,,
2026-09-11T0805Z,laliga,32197558,2746,Miguel Sierra,Miguel Sierra,4,3891773,3375177,1,marketPlayerTeam,on_sale,ok,false,2026-09-11T18:55:44+02:00,,,
2026-09-11T0805Z,laliga,32197607,3084,Budimir,Ante Budimir,4,59142414,55590293,1,marketPlayerTeam,on_sale,ok,false,2026-09-11T18:55:47+02:00,,,
2026-09-11T0805Z,laliga,32197654,2520,Roberto,Roberto Fernández,4,25087051,23771638,1,marketPlayerTeam,on_sale,ok,false,2026-09-11T18:55:50+02:00,,,
2026-09-11T0805Z,laliga,33881975,1210,Giuliano,Giuliano Simeone,4,40080622,40080622,1,marketPlayerTeam,on_sale,ok,false,2026-09-13T22:23:06+02:00,,,
2026-09-11T2025Z,laliga,193425082,1851,Claudio Giraldez,Claudio Giráldez,5,1083942,1083942,0,marketPlayerLeague,on_sale,ok,,2026-09-12T22:24:00+02:00,,,
2026-09-11T2025Z,laliga,193425083,3197,Cuti Romero,Cristian Romero,2,31915966,31915966,0,marketPlayerLeague,on_sale,ok,,2026-09-12T22:24:00+02:00,,,
2026-09-11T2025Z,laliga,193425084,1147,Juan Iglesias,Juan Antonio Iglesias Sánchez,2,11498925,11498925,0,marketPlayerLeague,on_sale,ok,,2026-09-12T22:24:00+02:00,,,
2026-09-11T2025Z,laliga,193425085,3257,Diallo,Selu Diallo,3,612628,612628,0,marketPlayerLeague,on_sale,ok,,2026-09-12T22:24:00+02:00,,,
2026-09-11T2025Z,laliga,193425086,2336,Herrando,Jorge Herrando,2,1706778,1706778,0,marketPlayerLeague,on_sale,injured,,2026-09-12T22:24:00+02:00,,,
2026-09-11T2025Z,laliga,193425087,2924,Zaid Romero,Zaid Romero,2,28662117,28662117,0,marketPlayerLeague,on_sale,suspended,,2026-09-12T22:24:00+02:00,,,
2026-09-11T2025Z,laliga,193425088,2671,Jeremy Toljan,Jeremy Toljan,2,2302500,2302500,0,marketPlayerLeague,on_sale,ok,,2026-09-12T22:24:00+02:00,,,
2026-09-11T2025Z,laliga,193425089,2662,Risco,Alberto Risco,3,508983,508983,0,marketPlayerLeague,on_sale,ok,,2026-09-12T22:24:00+02:00,,,
2026-09-11T2025Z,laliga,193425090,2721,A. Osambela,Asier Osambela,3,454391,454391,0,marketPlayerLeague,on_sale,ok,,2026-09-12T22:24:00+02:00,,,
2026-09-11T2025Z,laliga,193425091,2865,Gorka Carrera,Gorka Carrera,4,544898,544898,0,marketPlayerLeague,on_sale,ok,,2026-09-12T22:24:00+02:00,,,
2026-09-11T2025Z,laliga,193425093,2347,Y. Santiago,Yago Santiago,3,452587,452587,0,marketPlayerLeague,on_sale,injured,,2026-09-12T22:24:00+02:00,,,
2026-09-11T2025Z,laliga,193425096,2469,Costa,Logan Evans Costa,2,710502,710502,0,marketPlayerLeague,on_sale,ok,,2026-09-12T22:24:00+02:00,,,
2026-09-11T2025Z,laliga,193425101,2873,Santos,Unai Santos,2,502476,502476,0,marketPlayerLeague,on_sale,ok,,2026-09-12T22:24:00+02:00,,,
2026-09-11T2025Z,laliga,10530519,2613,M. Dituro,Matías Dituro,1,9119130,9119130,1,marketPlayerTeam,on_sale,ok,false,2026-09-14T12:07:34+02:00,,,
2026-09-11T2025Z,laliga,20430568,927,Berenguer,Alejandro Berenguer Remiro,4,10020333,9916016,1,marketPlayerTeam,on_sale,ok,false,2026-09-13T22:22:59+02:00,,,
2026-09-11T2025Z,laliga,21227596,3078,T. Martínez,Toni Martínez,4,19782817,20304063,1,marketPlayerTeam,on_sale,ok,false,2026-09-13T22:23:02+02:00,,,
2026-09-11T2025Z,laliga,23052817,2999,Mantilla,Álvaro Mantilla,2,1843861,1886040,1,marketPlayerTeam,on_sale,ok,false,2026-09-12T07:22:47+02:00,,,
2026-09-11T2025Z,laliga,23198784,2846,Arguibide,Iñigo Arguibide,2,3204813,3036890,1,marketPlayerTeam,on_sale,ok,false,2026-09-13T22:23:23+02:00,,,
2026-09-11T2025Z,laliga,26988648,3154,Enes Ünal,Enes Ünal,4,18756740,18824941,1,marketPlayerTeam,on_sale,ok,false,2026-09-13T22:23:12+02:00,,,
2026-09-11T2025Z,laliga,26989803,2338,Aimar,Aimar Oroz,3,10480925,10809904,1,marketPlayerTeam,on_sale,injured,false,2026-09-13T22:23:16+02:00,,,
2026-09-11T2025Z,laliga,29443988,2448,Oskarsson,Orri Óskarsson,4,7587178,7587178,1,marketPlayerTeam,on_sale,ok,false,2026-09-14T12:08:10+02:00,,,
2026-09-11T2025Z,laliga,32197047,74,Yuri,Yuri Berchiche Izeta,2,13338890,13338890,1,marketPlayerTeam,on_sale,ok,false,2026-09-14T21:55:04+02:00,,,
2026-09-11T2025Z,laliga,32197157,2315,Paredes,Aitor Paredes,2,12000435,12000435,1,marketPlayerTeam,on_sale,ok,false,2026-09-14T21:55:15+02:00,,,
2026-09-11T2025Z,laliga,32197224,637,Moncayola,Jon Moncayola,3,7600959,8000000,1,marketPlayerTeam,on_sale,ok,false,2026-09-14T21:56:35+02:00,,,
2026-09-11T2025Z,laliga,32197273,3069,Blanco,Antonio Blanco,3,19546753,19546753,1,marketPlayerTeam,on_sale,ok,false,2026-09-14T21:55:35+02:00,,,
2026-09-11T2025Z,laliga,32197503,2444,Sucic,Luka Sucic,3,8228332,8500000,1,marketPlayerTeam,on_sale,ok,false,2026-09-14T21:57:00+02:00,,,
2026-09-11T2025Z,laliga,32197558,2746,Miguel Sierra,Miguel Sierra,4,4160545,4160545,1,marketPlayerTeam,on_sale,ok,false,2026-09-14T21:55:40+02:00,,,
2026-09-11T2025Z,laliga,32197607,3084,Budimir,Ante Budimir,4,60412963,60500000,1,marketPlayerTeam,on_sale,ok,false,2026-09-14T21:57:41+02:00,,,
2026-09-11T2025Z,laliga,32197654,2520,Roberto,Roberto Fernández,4,25734907,26000000,1,marketPlayerTeam,on_sale,ok,false,2026-09-14T21:57:22+02:00,,,
2026-09-11T2025Z,laliga,33881975,1210,Giuliano,Giuliano Simeone,4,39400282,40080622,1,marketPlayerTeam,on_sale,ok,false,2026-09-13T22:23:06+02:00,,,
2026-09-11T2025Z,laliga,34098643,3077,Edu Expósito,Edu Expósito,3,28656740,28656740,1,marketPlayerTeam,on_sale,ok,false,2026-09-14T12:08:44+02:00,,,
2026-09-11T2025Z,laliga,34469218,184,David Soria,David Soria Solís,1,35705411,35705411,1,marketPlayerTeam,on_sale,ok,false,2026-09-14T21:55:00+02:00,,,
2026-09-11T2025Z,laliga,34469376,2005,Abel Bretones,Abel Bretones,2,9471845,9471845,1,marketPlayerTeam,on_sale,ok,false,2026-09-14T21:55:12+02:00,,,
2026-09-11T2025Z,laliga,34469782,2962,Luismi Cruz,Luismi Cruz,4,8351652,8351652,1,marketPlayerTeam,on_sale,ok,false,2026-09-14T21:55:44+02:00,,,
2026-09-12T0617Z,laliga,193425082,1851,Claudio Giraldez,Claudio Giráldez,5,1058673,1083942,0,marketPlayerLeague,on_sale,ok,,2026-09-12T22:24:00+02:00,,,
2026-09-12T0617Z,laliga,193425083,3197,Cuti Romero,Cristian Romero,2,31520212,31915966,0,marketPlayerLeague,on_sale,ok,,2026-09-12T22:24:00+02:00,,,
2026-09-12T0617Z,laliga,193425084,1147,Juan Iglesias,Juan Antonio Iglesias Sánchez,2,11614558,11498925,1,marketPlayerLeague,on_sale,ok,,2026-09-12T22:24:00+02:00,30246786,11498925,pending
2026-09-12T0617Z,laliga,193425085,3257,Diallo,Selu Diallo,3,606211,612628,0,marketPlayerLeague,on_sale,ok,,2026-09-12T22:24:00+02:00,,,
2026-09-12T0617Z,laliga,193425086,2336,Herrando,Jorge Herrando,2,1662258,1706778,0,marketPlayerLeague,on_sale,injured,,2026-09-12T22:24:00+02:00,,,
2026-09-12T0617Z,laliga,193425087,2924,Zaid Romero,Zaid Romero,2,27892212,28662117,1,marketPlayerLeague,on_sale,suspended,,2026-09-12T22:24:00+02:00,30247038,28662117,pending
2026-09-12T0617Z,laliga,193425088,2671,Jeremy Toljan,Jeremy Toljan,2,2261288,2302500,0,marketPlayerLeague,on_sale,ok,,2026-09-12T22:24:00+02:00,,,
2026-09-12T0617Z,laliga,193425089,2662,Risco,Alberto Risco,3,506712,508983,0,marketPlayerLeague,on_sale,ok,,2026-09-12T22:24:00+02:00,,,
2026-09-12T0617Z,laliga,193425090,2721,A. Osambela,Asier Osambela,3,454304,454391,0,marketPlayerLeague,on_sale,ok,,2026-09-12T22:24:00+02:00,,,
2026-09-12T0617Z,laliga,193425091,2865,Gorka Carrera,Gorka Carrera,4,541190,544898,0,marketPlayerLeague,on_sale,ok,,2026-09-12T22:24:00+02:00,,,
2026-09-12T0617Z,laliga,193425093,2347,Y. Santiago,Yago Santiago,3,452572,452587,0,marketPlayerLeague,on_sale,injured,,2026-09-12T22:24:00+02:00,,,
2026-09-12T0617Z,laliga,193425096,2469,Costa,Logan Evans Costa,2,700194,710502,0,marketPlayerLeague,on_sale,ok,,2026-09-12T22:24:00+02:00,,,
2026-09-12T0617Z,laliga,193425101,2873,Santos,Unai Santos,2,500465,502476,0,marketPlayerLeague,on_sale,ok,,2026-09-12T22:24:00+02:00,,,
2026-09-12T0617Z,laliga,10530519,2613,M. Dituro,Matías Dituro,1,9165553,9119130,0,marketPlayerTeam,on_sale,ok,false,2026-09-14T12:07:34+02:00,,,
2026-09-12T0617Z,laliga,14270371,1930,El Hilali,Omar El Hilali,2,13818389,13611120,0,marketPlayerTeam,on_sale,ok,false,2026-09-14T22:43:58+02:00,,,
2026-09-12T0617Z,laliga,20430568,927,Berenguer,Alejandro Berenguer Remiro,4,10115377,9916016,1,marketPlayerTeam,on_sale,ok,false,2026-09-13T22:22:59+02:00,,,
2026-09-12T0617Z,laliga,21227596,3078,T. Martínez,Toni Martínez,4,19394039,20304063,1,marketPlayerTeam,on_sale,ok,false,2026-09-13T22:23:02+02:00,,,
2026-09-12T0617Z,laliga,23198784,2846,Arguibide,Iñigo Arguibide,2,3367550,3036890,1,marketPlayerTeam,on_sale,ok,false,2026-09-13T22:23:23+02:00,,,
2026-09-12T0617Z,laliga,26988648,3154,Enes Ünal,Enes Ünal,4,18673272,18824941,1,marketPlayerTeam,on_sale,ok,false,2026-09-13T22:23:12+02:00,,,
2026-09-12T0617Z,laliga,26989803,2338,Aimar,Aimar Oroz,3,10178169,10809904,1,marketPlayerTeam,on_sale,injured,false,2026-09-13T22:23:16+02:00,,,
2026-09-12T0617Z,laliga,29443988,2448,Oskarsson,Orri Óskarsson,4,7556286,7587178,0,marketPlayerTeam,on_sale,ok,false,2026-09-14T12:08:10+02:00,,,
2026-09-12T0617Z,laliga,32197047,74,Yuri,Yuri Berchiche Izeta,2,13767328,13338890,1,marketPlayerTeam,on_sale,ok,false,2026-09-14T21:55:04+02:00,,,
2026-09-12T0617Z,laliga,32197157,2315,Paredes,Aitor Paredes,2,12320897,12000435,1,marketPlayerTeam,on_sale,ok,false,2026-09-14T21:55:15+02:00,,,
2026-09-12T0617Z,laliga,32197224,637,Moncayola,Jon Moncayola,3,7638702,8000000,1,marketPlayerTeam,on_sale,ok,false,2026-09-14T21:56:35+02:00,,,
2026-09-12T0617Z,laliga,32197273,3069,Blanco,Antonio Blanco,3,19800286,19546753,1,marketPlayerTeam,on_sale,ok,false,2026-09-14T21:55:35+02:00,,,
2026-09-12T0617Z,laliga,32197503,2444,Sucic,Luka Sucic,3,8789784,8500000,1,marketPlayerTeam,on_sale,ok,false,2026-09-14T21:57:00+02:00,,,
2026-09-12T0617Z,laliga,32197558,2746,Miguel Sierra,Miguel Sierra,4,4443580,4160545,1,marketPlayerTeam,on_sale,ok,false,2026-09-14T21:55:40+02:00,,,
2026-09-12T0617Z,laliga,32197607,3084,Budimir,Ante Budimir,4,61532031,60500000,1,marketPlayerTeam,on_sale,ok,false,2026-09-14T21:57:41+02:00,,,
2026-09-12T0617Z,laliga,32197654,2520,Roberto,Roberto Fernández,4,26358784,26000000,1,marketPlayerTeam,on_sale,ok,false,2026-09-14T21:57:22+02:00,,,
2026-09-12T0617Z,laliga,33881975,1210,Giuliano,Giuliano Simeone,4,38807862,40080622,1,marketPlayerTeam,on_sale,ok,false,2026-09-13T22:23:06+02:00,,,
2026-09-12T0617Z,laliga,34098643,3077,Edu Expósito,Edu Expósito,3,28918792,28656740,0,marketPlayerTeam,on_sale,ok,false,2026-09-14T12:08:44+02:00,,,
2026-09-12T0617Z,laliga,34469218,184,David Soria,David Soria Solís,1,35870313,35705411,1,marketPlayerTeam,on_sale,ok,false,2026-09-14T21:55:00+02:00,,,
2026-09-12T0617Z,laliga,34469376,2005,Abel Bretones,Abel Bretones,2,9579727,9471845,1,marketPlayerTeam,on_sale,ok,false,2026-09-14T21:55:12+02:00,,,
2026-09-12T0617Z,laliga,34469782,2962,Luismi Cruz,Luismi Cruz,4,8754920,8351652,1,marketPlayerTeam,on_sale,ok,false,2026-09-14T21:55:44+02:00,,,
2026-09-12T0617Z,laliga,34496318,2543,Natan,Natan Bernardo de Souza,2,30656582,30947941,0,marketPlayerTeam,on_sale,ok,false,2026-09-14T22:36:47+02:00,,,
2026-09-12T0804Z,laliga,193425082,1851,Claudio Giraldez,Claudio Giráldez,5,1058673,1083942,0,marketPlayerLeague,on_sale,ok,,2026-09-12T22:24:00+02:00,,,
2026-09-12T0804Z,laliga,193425083,3197,Cuti Romero,Cristian Romero,2,31520212,31915966,0,marketPlayerLeague,on_sale,ok,,2026-09-12T22:24:00+02:00,,,
2026-09-12T0804Z,laliga,193425084,1147,Juan Iglesias,Juan Antonio Iglesias Sánchez,2,11614558,11498925,1,marketPlayerLeague,on_sale,ok,,2026-09-12T22:24:00+02:00,30246786,11498925,pending
2026-09-12T0804Z,laliga,193425085,3257,Diallo,Selu Diallo,3,606211,612628,0,marketPlayerLeague,on_sale,ok,,2026-09-12T22:24:00+02:00,,,
2026-09-12T0804Z,laliga,193425086,2336,Herrando,Jorge Herrando,2,1662258,1706778,0,marketPlayerLeague,on_sale,injured,,2026-09-12T22:24:00+02:00,,,
2026-09-12T0804Z,laliga,193425087,2924,Zaid Romero,Zaid Romero,2,27892212,28662117,1,marketPlayerLeague,on_sale,suspended,,2026-09-12T22:24:00+02:00,30247038,28662117,pending
2026-09-12T0804Z,laliga,193425088,2671,Jeremy Toljan,Jeremy Toljan,2,2261288,2302500,0,marketPlayerLeague,on_sale,ok,,2026-09-12T22:24:00+02:00,,,
2026-09-12T0804Z,laliga,193425089,2662,Risco,Alberto Risco,3,506712,508983,0,marketPlayerLeague,on_sale,ok,,2026-09-12T22:24:00+02:00,,,
2026-09-12T0804Z,laliga,193425090,2721,A. Osambela,Asier Osambela,3,454304,454391,0,marketPlayerLeague,on_sale,ok,,2026-09-12T22:24:00+02:00,,,
2026-09-12T0804Z,laliga,193425091,2865,Gorka Carrera,Gorka Carrera,4,541190,544898,0,marketPlayerLeague,on_sale,ok,,2026-09-12T22:24:00+02:00,,,
2026-09-12T0804Z,laliga,193425093,2347,Y. Santiago,Yago Santiago,3,452572,452587,0,marketPlayerLeague,on_sale,injured,,2026-09-12T22:24:00+02:00,,,
2026-09-12T0804Z,laliga,193425096,2469,Costa,Logan Evans Costa,2,700194,710502,0,marketPlayerLeague,on_sale,ok,,2026-09-12T22:24:00+02:00,,,
2026-09-12T0804Z,laliga,193425101,2873,Santos,Unai Santos,2,500465,502476,0,marketPlayerLeague,on_sale,ok,,2026-09-12T22:24:00+02:00,,,
2026-09-12T0804Z,laliga,10530519,2613,M. Dituro,Matías Dituro,1,9165553,9119130,0,marketPlayerTeam,on_sale,ok,false,2026-09-14T12:07:34+02:00,,,
2026-09-12T0804Z,laliga,14270371,1930,El Hilali,Omar El Hilali,2,13818389,13611120,0,marketPlayerTeam,on_sale,ok,false,2026-09-14T22:43:58+02:00,,,
2026-09-12T0804Z,laliga,20430568,927,Berenguer,Alejandro Berenguer Remiro,4,10115377,9916016,1,marketPlayerTeam,on_sale,ok,false,2026-09-13T22:22:59+02:00,,,
2026-09-12T0804Z,laliga,21227596,3078,T. Martínez,Toni Martínez,4,19394039,20304063,1,marketPlayerTeam,on_sale,ok,false,2026-09-13T22:23:02+02:00,,,
2026-09-12T0804Z,laliga,23198784,2846,Arguibide,Iñigo Arguibide,2,3367550,3036890,1,marketPlayerTeam,on_sale,ok,false,2026-09-13T22:23:23+02:00,,,
2026-09-12T0804Z,laliga,26988648,3154,Enes Ünal,Enes Ünal,4,18673272,18824941,1,marketPlayerTeam,on_sale,ok,false,2026-09-13T22:23:12+02:00,,,
2026-09-12T0804Z,laliga,26989803,2338,Aimar,Aimar Oroz,3,10178169,10809904,1,marketPlayerTeam,on_sale,injured,false,2026-09-13T22:23:16+02:00,,,
2026-09-12T0804Z,laliga,29443988,2448,Oskarsson,Orri Óskarsson,4,7556286,7587178,0,marketPlayerTeam,on_sale,ok,false,2026-09-14T12:08:10+02:00,,,
2026-09-12T0804Z,laliga,32197047,74,Yuri,Yuri Berchiche Izeta,2,13767328,13338890,1,marketPlayerTeam,on_sale,ok,false,2026-09-14T21:55:04+02:00,,,
2026-09-12T0804Z,laliga,32197157,2315,Paredes,Aitor Paredes,2,12320897,12000435,1,marketPlayerTeam,on_sale,ok,false,2026-09-14T21:55:15+02:00,,,
2026-09-12T0804Z,laliga,32197224,637,Moncayola,Jon Moncayola,3,7638702,8000000,1,marketPlayerTeam,on_sale,ok,false,2026-09-14T21:56:35+02:00,,,
2026-09-12T0804Z,laliga,32197273,3069,Blanco,Antonio Blanco,3,19800286,19546753,1,marketPlayerTeam,on_sale,ok,false,2026-09-14T21:55:35+02:00,,,
2026-09-12T0804Z,laliga,32197503,2444,Sucic,Luka Sucic,3,8789784,8500000,1,marketPlayerTeam,on_sale,ok,false,2026-09-14T21:57:00+02:00,,,
2026-09-12T0804Z,laliga,32197558,2746,Miguel Sierra,Miguel Sierra,4,4443580,4160545,1,marketPlayerTeam,on_sale,ok,false,2026-09-14T21:55:40+02:00,,,
2026-09-12T0804Z,laliga,32197607,3084,Budimir,Ante Budimir,4,61532031,60500000,1,marketPlayerTeam,on_sale,ok,false,2026-09-14T21:57:41+02:00,,,
2026-09-12T0804Z,laliga,32197654,2520,Roberto,Roberto Fernández,4,26358784,26000000,1,marketPlayerTeam,on_sale,ok,false,2026-09-14T21:57:22+02:00,,,
2026-09-12T0804Z,laliga,33881975,1210,Giuliano,Giuliano Simeone,4,38807862,40080622,1,marketPlayerTeam,on_sale,ok,false,2026-09-13T22:23:06+02:00,,,
2026-09-12T0804Z,laliga,34098643,3077,Edu Expósito,Edu Expósito,3,28918792,28656740,0,marketPlayerTeam,on_sale,ok,false,2026-09-14T12:08:44+02:00,,,
2026-09-12T0804Z,laliga,34469218,184,David Soria,David Soria Solís,1,35870313,35705411,1,marketPlayerTeam,on_sale,ok,false,2026-09-14T21:55:00+02:00,,,
2026-09-12T0804Z,laliga,34469376,2005,Abel Bretones,Abel Bretones,2,9579727,9471845,1,marketPlayerTeam,on_sale,ok,false,2026-09-14T21:55:12+02:00,,,
2026-09-12T0804Z,laliga,34469782,2962,Luismi Cruz,Luismi Cruz,4,8754920,8351652,1,marketPlayerTeam,on_sale,ok,false,2026-09-14T21:55:44+02:00,,,
2026-09-12T0804Z,laliga,34496318,2543,Natan,Natan Bernardo de Souza,2,30656582,30947941,0,marketPlayerTeam,on_sale,ok,false,2026-09-14T22:36:47+02:00,,,
2026-09-12T1255Z,laliga,193425082,1851,Claudio Giraldez,Claudio Giráldez,5,1058673,1083942,0,marketPlayerLeague,on_sale,ok,,2026-09-12T22:24:00+02:00,,,
2026-09-12T1255Z,laliga,193425083,3197,Cuti Romero,Cristian Romero,2,31520212,31915966,0,marketPlayerLeague,on_sale,ok,,2026-09-12T22:24:00+02:00,,,
2026-09-12T1255Z,laliga,193425084,1147,Juan Iglesias,Juan Antonio Iglesias Sánchez,2,11614558,11498925,1,marketPlayerLeague,on_sale,ok,,2026-09-12T22:24:00+02:00,30246786,11498925,pending
2026-09-12T1255Z,laliga,193425085,3257,Diallo,Selu Diallo,3,606211,612628,0,marketPlayerLeague,on_sale,ok,,2026-09-12T22:24:00+02:00,,,
2026-09-12T1255Z,laliga,193425086,2336,Herrando,Jorge Herrando,2,1662258,1706778,0,marketPlayerLeague,on_sale,injured,,2026-09-12T22:24:00+02:00,,,
2026-09-12T1255Z,laliga,193425087,2924,Zaid Romero,Zaid Romero,2,27892212,28662117,1,marketPlayerLeague,on_sale,suspended,,2026-09-12T22:24:00+02:00,30247038,28662117,pending
2026-09-12T1255Z,laliga,193425088,2671,Jeremy Toljan,Jeremy Toljan,2,2261288,2302500,0,marketPlayerLeague,on_sale,ok,,2026-09-12T22:24:00+02:00,,,
2026-09-12T1255Z,laliga,193425089,2662,Risco,Alberto Risco,3,506712,508983,0,marketPlayerLeague,on_sale,ok,,2026-09-12T22:24:00+02:00,,,
2026-09-12T1255Z,laliga,193425090,2721,A. Osambela,Asier Osambela,3,454304,454391,0,marketPlayerLeague,on_sale,ok,,2026-09-12T22:24:00+02:00,,,
2026-09-12T1255Z,laliga,193425091,2865,Gorka Carrera,Gorka Carrera,4,541190,544898,0,marketPlayerLeague,on_sale,ok,,2026-09-12T22:24:00+02:00,,,
2026-09-12T1255Z,laliga,193425093,2347,Y. Santiago,Yago Santiago,3,452572,452587,0,marketPlayerLeague,on_sale,injured,,2026-09-12T22:24:00+02:00,,,
2026-09-12T1255Z,laliga,193425096,2469,Costa,Logan Evans Costa,2,700194,710502,0,marketPlayerLeague,on_sale,ok,,2026-09-12T22:24:00+02:00,,,
2026-09-12T1255Z,laliga,193425101,2873,Santos,Unai Santos,2,500465,502476,0,marketPlayerLeague,on_sale,ok,,2026-09-12T22:24:00+02:00,,,
2026-09-12T1255Z,laliga,10530519,2613,M. Dituro,Matías Dituro,1,9165553,9119130,0,marketPlayerTeam,on_sale,ok,false,2026-09-14T12:07:34+02:00,,,
2026-09-12T1255Z,laliga,14270371,1930,El Hilali,Omar El Hilali,2,13818389,13611120,0,marketPlayerTeam,on_sale,ok,false,2026-09-14T22:43:58+02:00,,,
2026-09-12T1255Z,laliga,20430568,927,Berenguer,Alejandro Berenguer Remiro,4,10115377,9916016,1,marketPlayerTeam,on_sale,ok,false,2026-09-13T22:22:59+02:00,,,
2026-09-12T1255Z,laliga,21227596,3078,T. Martínez,Toni Martínez,4,19394039,20304063,1,marketPlayerTeam,on_sale,ok,false,2026-09-13T22:23:02+02:00,,,
2026-09-12T1255Z,laliga,23198784,2846,Arguibide,Iñigo Arguibide,2,3367550,3036890,1,marketPlayerTeam,on_sale,ok,false,2026-09-13T22:23:23+02:00,,,
2026-09-12T1255Z,laliga,26988648,3154,Enes Ünal,Enes Ünal,4,18673272,18824941,1,marketPlayerTeam,on_sale,ok,false,2026-09-13T22:23:12+02:00,,,
2026-09-12T1255Z,laliga,26989803,2338,Aimar,Aimar Oroz,3,10178169,10809904,1,marketPlayerTeam,on_sale,injured,false,2026-09-13T22:23:16+02:00,,,
2026-09-12T1255Z,laliga,29443988,2448,Oskarsson,Orri Óskarsson,4,7556286,7587178,0,marketPlayerTeam,on_sale,ok,false,2026-09-14T12:08:10+02:00,,,
2026-09-12T1255Z,laliga,32197047,74,Yuri,Yuri Berchiche Izeta,2,13767328,13338890,1,marketPlayerTeam,on_sale,ok,false,2026-09-14T21:55:04+02:00,,,
2026-09-12T1255Z,laliga,32197157,2315,Paredes,Aitor Paredes,2,12320897,12000435,1,marketPlayerTeam,on_sale,ok,false,2026-09-14T21:55:15+02:00,,,
2026-09-12T1255Z,laliga,32197224,637,Moncayola,Jon Moncayola,3,7638702,8000000,1,marketPlayerTeam,on_sale,ok,false,2026-09-14T21:56:35+02:00,,,
2026-09-12T1255Z,laliga,32197273,3069,Blanco,Antonio Blanco,3,19800286,19546753,1,marketPlayerTeam,on_sale,ok,false,2026-09-14T21:55:35+02:00,,,
2026-09-12T1255Z,laliga,32197398,1565,Barrios,Pablo Barrios,3,55572917,55572917,0,marketPlayerTeam,on_sale,injured,false,2026-09-15T11:23:28+02:00,,,
2026-09-12T1255Z,laliga,32197503,2444,Sucic,Luka Sucic,3,8789784,8500000,1,marketPlayerTeam,on_sale,ok,false,2026-09-14T21:57:00+02:00,,,
2026-09-12T1255Z,laliga,32197558,2746,Miguel Sierra,Miguel Sierra,4,4443580,4160545,1,marketPlayerTeam,on_sale,ok,false,2026-09-14T21:55:40+02:00,,,
2026-09-12T1255Z,laliga,32197607,3084,Budimir,Ante Budimir,4,61532031,60500000,1,marketPlayerTeam,on_sale,ok,false,2026-09-14T21:57:41+02:00,,,
2026-09-12T1255Z,laliga,32197654,2520,Roberto,Roberto Fernández,4,26358784,26000000,1,marketPlayerTeam,on_sale,ok,false,2026-09-14T21:57:22+02:00,,,
2026-09-12T1255Z,laliga,33881975,1210,Giuliano,Giuliano Simeone,4,38807862,40080622,1,marketPlayerTeam,on_sale,ok,false,2026-09-13T22:23:06+02:00,,,
2026-09-12T1255Z,laliga,34098643,3077,Edu Expósito,Edu Expósito,3,28918792,28656740,0,marketPlayerTeam,on_sale,ok,false,2026-09-14T12:08:44+02:00,,,
2026-09-12T1255Z,laliga,34469218,184,David Soria,David Soria Solís,1,35870313,35705411,1,marketPlayerTeam,on_sale,ok,false,2026-09-14T21:55:00+02:00,,,
2026-09-12T1255Z,laliga,34469376,2005,Abel Bretones,Abel Bretones,2,9579727,9471845,1,marketPlayerTeam,on_sale,ok,false,2026-09-14T21:55:12+02:00,,,
2026-09-12T1255Z,laliga,34469782,2962,Luismi Cruz,Luismi Cruz,4,8754920,8351652,1,marketPlayerTeam,on_sale,ok,false,2026-09-14T21:55:44+02:00,,,
2026-09-12T1255Z,laliga,34496318,2543,Natan,Natan Bernardo de Souza,2,30656582,30947941,0,marketPlayerTeam,on_sale,ok,false,2026-09-14T22:36:47+02:00,,,
2026-09-12T1543Z,laliga,193425082,1851,Claudio Giraldez,Claudio Giráldez,5,1058673,1083942,0,marketPlayerLeague,on_sale,ok,,2026-09-12T22:24:00+02:00,,,
2026-09-12T1543Z,laliga,193425083,3197,Cuti Romero,Cristian Romero,2,31520212,31915966,0,marketPlayerLeague,on_sale,ok,,2026-09-12T22:24:00+02:00,,,
2026-09-12T1543Z,laliga,193425084,1147,Juan Iglesias,Juan Antonio Iglesias Sánchez,2,11614558,11498925,1,marketPlayerLeague,on_sale,ok,,2026-09-12T22:24:00+02:00,30246786,11498925,pending
2026-09-12T1543Z,laliga,193425085,3257,Diallo,Selu Diallo,3,606211,612628,0,marketPlayerLeague,on_sale,ok,,2026-09-12T22:24:00+02:00,,,
2026-09-12T1543Z,laliga,193425086,2336,Herrando,Jorge Herrando,2,1662258,1706778,0,marketPlayerLeague,on_sale,injured,,2026-09-12T22:24:00+02:00,,,
2026-09-12T1543Z,laliga,193425087,2924,Zaid Romero,Zaid Romero,2,27892212,28662117,1,marketPlayerLeague,on_sale,suspended,,2026-09-12T22:24:00+02:00,30247038,28662117,pending
2026-09-12T1543Z,laliga,193425088,2671,Jeremy Toljan,Jeremy Toljan,2,2261288,2302500,0,marketPlayerLeague,on_sale,ok,,2026-09-12T22:24:00+02:00,,,
2026-09-12T1543Z,laliga,193425089,2662,Risco,Alberto Risco,3,506712,508983,0,marketPlayerLeague,on_sale,ok,,2026-09-12T22:24:00+02:00,,,
2026-09-12T1543Z,laliga,193425090,2721,A. Osambela,Asier Osambela,3,454304,454391,0,marketPlayerLeague,on_sale,ok,,2026-09-12T22:24:00+02:00,,,
2026-09-12T1543Z,laliga,193425091,2865,Gorka Carrera,Gorka Carrera,4,541190,544898,0,marketPlayerLeague,on_sale,ok,,2026-09-12T22:24:00+02:00,,,
2026-09-12T1543Z,laliga,193425093,2347,Y. Santiago,Yago Santiago,3,452572,452587,0,marketPlayerLeague,on_sale,injured,,2026-09-12T22:24:00+02:00,,,
2026-09-12T1543Z,laliga,193425096,2469,Costa,Logan Evans Costa,2,700194,710502,0,marketPlayerLeague,on_sale,ok,,2026-09-12T22:24:00+02:00,,,
2026-09-12T1543Z,laliga,193425101,2873,Santos,Unai Santos,2,500465,502476,0,marketPlayerLeague,on_sale,ok,,2026-09-12T22:24:00+02:00,,,
2026-09-12T1543Z,laliga,10530519,2613,M. Dituro,Matías Dituro,1,9165553,9119130,0,marketPlayerTeam,on_sale,ok,false,2026-09-14T12:07:34+02:00,,,
2026-09-12T1543Z,laliga,14270371,1930,El Hilali,Omar El Hilali,2,13818389,13611120,0,marketPlayerTeam,on_sale,ok,false,2026-09-14T22:43:58+02:00,,,
2026-09-12T1543Z,laliga,20430568,927,Berenguer,Alejandro Berenguer Remiro,4,10115377,9916016,1,marketPlayerTeam,on_sale,ok,false,2026-09-13T22:22:59+02:00,,,
2026-09-12T1543Z,laliga,21227596,3078,T. Martínez,Toni Martínez,4,19394039,20304063,1,marketPlayerTeam,on_sale,ok,false,2026-09-13T22:23:02+02:00,,,
2026-09-12T1543Z,laliga,23198784,2846,Arguibide,Iñigo Arguibide,2,3367550,3036890,1,marketPlayerTeam,on_sale,ok,false,2026-09-13T22:23:23+02:00,,,
2026-09-12T1543Z,laliga,26988648,3154,Enes Ünal,Enes Ünal,4,18673272,18824941,1,marketPlayerTeam,on_sale,ok,false,2026-09-13T22:23:12+02:00,,,
2026-09-12T1543Z,laliga,26989803,2338,Aimar,Aimar Oroz,3,10178169,10809904,1,marketPlayerTeam,on_sale,injured,false,2026-09-13T22:23:16+02:00,,,
2026-09-12T1543Z,laliga,29443988,2448,Oskarsson,Orri Óskarsson,4,7556286,7587178,0,marketPlayerTeam,on_sale,ok,false,2026-09-14T12:08:10+02:00,,,
2026-09-12T1543Z,laliga,32197047,74,Yuri,Yuri Berchiche Izeta,2,13767328,13338890,1,marketPlayerTeam,on_sale,ok,false,2026-09-14T21:55:04+02:00,,,
2026-09-12T1543Z,laliga,32197157,2315,Paredes,Aitor Paredes,2,12320897,12000435,1,marketPlayerTeam,on_sale,ok,false,2026-09-14T21:55:15+02:00,,,
2026-09-12T1543Z,laliga,32197224,637,Moncayola,Jon Moncayola,3,7638702,8000000,1,marketPlayerTeam,on_sale,ok,false,2026-09-14T21:56:35+02:00,,,
2026-09-12T1543Z,laliga,32197273,3069,Blanco,Antonio Blanco,3,19800286,19546753,1,marketPlayerTeam,on_sale,ok,false,2026-09-14T21:55:35+02:00,,,
2026-09-12T1543Z,laliga,32197398,1565,Barrios,Pablo Barrios,3,55572917,55572917,0,marketPlayerTeam,on_sale,injured,false,2026-09-15T11:23:28+02:00,,,
2026-09-12T1543Z,laliga,32197503,2444,Sucic,Luka Sucic,3,8789784,8500000,1,marketPlayerTeam,on_sale,ok,false,2026-09-14T21:57:00+02:00,,,
2026-09-12T1543Z,laliga,32197558,2746,Miguel Sierra,Miguel Sierra,4,4443580,4160545,1,marketPlayerTeam,on_sale,ok,false,2026-09-14T21:55:40+02:00,,,
2026-09-12T1543Z,laliga,32197607,3084,Budimir,Ante Budimir,4,61532031,60500000,1,marketPlayerTeam,on_sale,ok,false,2026-09-14T21:57:41+02:00,,,
2026-09-12T1543Z,laliga,32197654,2520,Roberto,Roberto Fernández,4,26358784,26000000,1,marketPlayerTeam,on_sale,ok,false,2026-09-14T21:57:22+02:00,,,
2026-09-12T1543Z,laliga,33881975,1210,Giuliano,Giuliano Simeone,4,38807862,40080622,1,marketPlayerTeam,on_sale,ok,false,2026-09-13T22:23:06+02:00,,,
2026-09-12T1543Z,laliga,34098643,3077,Edu Expósito,Edu Expósito,3,28918792,28656740,0,marketPlayerTeam,on_sale,ok,false,2026-09-14T12:08:44+02:00,,,
2026-09-12T1543Z,laliga,34469218,184,David Soria,David Soria Solís,1,35870313,35705411,1,marketPlayerTeam,on_sale,ok,false,2026-09-14T21:55:00+02:00,,,
2026-09-12T1543Z,laliga,34469376,2005,Abel Bretones,Abel Bretones,2,9579727,9471845,1,marketPlayerTeam,on_sale,ok,false,2026-09-14T21:55:12+02:00,,,
2026-09-12T1543Z,laliga,34469782,2962,Luismi Cruz,Luismi Cruz,4,8754920,8351652,1,marketPlayerTeam,on_sale,ok,false,2026-09-14T21:55:44+02:00,,,
2026-09-12T1543Z,laliga,34496318,2543,Natan,Natan Bernardo de Souza,2,30656582,30947941,0,marketPlayerTeam,on_sale,ok,false,2026-09-14T22:36:47+02:00,,,
2026-09-12T2209Z,laliga,199653458,3094,Edin Terzic,Edin Terzic,5,2850353,2850353,0,marketPlayerLeague,on_sale,ok,,2026-09-13T22:24:00+02:00,,,
2026-09-12T2209Z,laliga,199653460,3053,Funes,Juan Francisco Funes Arjona,5,698433,698433,0,marketPlayerLeague,on_sale,ok,,2026-09-13T22:24:00+02:00,,,
2026-09-12T2209Z,laliga,199653463,644,Sergio Herrera,Sergio Herrera Pirón,1,35329518,35329518,1,marketPlayerLeague,on_sale,ok,,2026-09-13T22:24:00+02:00,,,
2026-09-12T2209Z,laliga,199653465,3222,Alexis Ciria,Alexis Ciria,4,636989,636989,0,marketPlayerLeague,on_sale,ok,,2026-09-13T22:24:00+02:00,,,
2026-09-12T2209Z,laliga,199653467,2217,Cucho,Cucho Hernández,4,36696623,36696623,0,marketPlayerLeague,on_sale,ok,,2026-09-13T22:24:00+02:00,,,
2026-09-12T2209Z,laliga,199653470,3258,Gabriel Jesus,Gabriel Fernando de Jesus,4,28072336,28072336,0,marketPlayerLeague,on_sale,ok,,2026-09-13T22:24:00+02:00,,,
2026-09-12T2209Z,laliga,199653477,3260,Mujaid Sadick,Mujaid Sadick,2,4079265,4079265,0,marketPlayerLeague,on_sale,ok,,2026-09-13T22:24:00+02:00,,,
2026-09-12T2209Z,laliga,199653483,3156,Valentini,Nicolás Valentini,2,681074,681074,0,marketPlayerLeague,on_sale,ok,,2026-09-13T22:24:00+02:00,,,
2026-09-12T2209Z,laliga,199653490,2778,Álex Sancris,Alejandro San Cristóbal Sánchez,4,480470,480470,0,marketPlayerLeague,on_sale,ok,,2026-09-13T22:24:00+02:00,,,
2026-09-12T2209Z,laliga,199653498,2666,P. Campos,Pablo Campos,1,634762,634762,0,marketPlayerLeague,on_sale,ok,,2026-09-13T22:24:00+02:00,,,
2026-09-12T2209Z,laliga,199653506,3150,Mojica,Johan Mojica,2,15779312,15779312,0,marketPlayerLeague,on_sale,ok,,2026-09-13T22:24:00+02:00,,,
2026-09-12T2209Z,laliga,199653513,3160,A. Rodriguez,Adrián Rodríguez,1,617327,617327,0,marketPlayerLeague,on_sale,ok,,2026-09-13T22:24:00+02:00,,,
2026-09-12T2209Z,laliga,199653521,2643,Esquivel,Salvi Esquivel,1,540774,540774,0,marketPlayerLeague,on_sale,ok,,2026-09-13T22:24:00+02:00,,,
2026-09-12T2209Z,laliga,10530519,2613,M. Dituro,Matías Dituro,1,9165553,9119130,0,marketPlayerTeam,on_sale,ok,false,2026-09-14T12:07:34+02:00,,,
2026-09-12T2209Z,laliga,14270371,1930,El Hilali,Omar El Hilali,2,13818389,13611120,1,marketPlayerTeam,on_sale,ok,false,2026-09-14T22:43:58+02:00,,,
2026-09-12T2209Z,laliga,20430568,927,Berenguer,Alejandro Berenguer Remiro,4,10115377,9916016,1,marketPlayerTeam,on_sale,ok,false,2026-09-13T22:22:59+02:00,,,
2026-09-12T2209Z,laliga,21227596,3078,T. Martínez,Toni Martínez,4,19394039,20304063,1,marketPlayerTeam,on_sale,ok,false,2026-09-13T22:23:02+02:00,,,
2026-09-12T2209Z,laliga,21438625,2384,Unai Lopez,Unai López,3,12979839,12979839,1,marketPlayerTeam,on_sale,ok,false,2026-09-15T21:54:22+02:00,,,
2026-09-12T2209Z,laliga,23198784,2846,Arguibide,Iñigo Arguibide,2,3367550,3036890,1,marketPlayerTeam,on_sale,ok,false,2026-09-13T22:23:23+02:00,,,
2026-09-12T2209Z,laliga,26988648,3154,Enes Ünal,Enes Ünal,4,18673272,18824941,1,marketPlayerTeam,on_sale,ok,false,2026-09-13T22:23:12+02:00,,,
2026-09-12T2209Z,laliga,26989803,2338,Aimar,Aimar Oroz,3,10178169,10809904,1,marketPlayerTeam,on_sale,injured,false,2026-09-13T22:23:16+02:00,,,
2026-09-12T2209Z,laliga,29443988,2448,Oskarsson,Orri Óskarsson,4,7556286,7587178,0,marketPlayerTeam,on_sale,ok,false,2026-09-14T12:08:10+02:00,,,
2026-09-12T2209Z,laliga,32197047,74,Yuri,Yuri Berchiche Izeta,2,13767328,13338890,1,marketPlayerTeam,on_sale,ok,false,2026-09-14T21:55:04+02:00,,,
2026-09-12T2209Z,laliga,32197157,2315,Paredes,Aitor Paredes,2,12320897,12000435,1,marketPlayerTeam,on_sale,ok,false,2026-09-14T21:55:15+02:00,,,
2026-09-12T2209Z,laliga,32197224,637,Moncayola,Jon Moncayola,3,7638702,8000000,1,marketPlayerTeam,on_sale,ok,false,2026-09-14T21:56:35+02:00,,,
2026-09-12T2209Z,laliga,32197273,3069,Blanco,Antonio Blanco,3,19800286,19546753,1,marketPlayerTeam,on_sale,ok,false,2026-09-14T21:55:35+02:00,,,
2026-09-12T2209Z,laliga,32197398,1565,Barrios,Pablo Barrios,3,55572917,55572917,1,marketPlayerTeam,on_sale,injured,false,2026-09-15T11:23:28+02:00,,,
2026-09-12T2209Z,laliga,32197503,2444,Sucic,Luka Sucic,3,8789784,8500000,1,marketPlayerTeam,on_sale,ok,false,2026-09-14T21:57:00+02:00,,,
2026-09-12T2209Z,laliga,32197558,2746,Miguel Sierra,Miguel Sierra,4,4443580,4160545,1,marketPlayerTeam,on_sale,ok,false,2026-09-14T21:55:40+02:00,,,
2026-09-12T2209Z,laliga,32197607,3084,Budimir,Ante Budimir,4,61532031,60500000,1,marketPlayerTeam,on_sale,ok,false,2026-09-14T21:57:41+02:00,,,
2026-09-12T2209Z,laliga,32197654,2520,Roberto,Roberto Fernández,4,26358784,26000000,1,marketPlayerTeam,on_sale,ok,false,2026-09-14T21:57:22+02:00,,,
2026-09-12T2209Z,laliga,33881975,1210,Giuliano,Giuliano Simeone,4,38807862,40080622,1,marketPlayerTeam,on_sale,ok,false,2026-09-13T22:23:06+02:00,,,
2026-09-12T2209Z,laliga,34098643,3077,Edu Expósito,Edu Expósito,3,28918792,28656740,1,marketPlayerTeam,on_sale,ok,false,2026-09-14T12:08:44+02:00,,,
2026-09-12T2209Z,laliga,34469218,184,David Soria,David Soria Solís,1,35870313,35705411,1,marketPlayerTeam,on_sale,ok,false,2026-09-14T21:55:00+02:00,,,
2026-09-12T2209Z,laliga,34469376,2005,Abel Bretones,Abel Bretones,2,9579727,9471845,1,marketPlayerTeam,on_sale,ok,false,2026-09-14T21:55:12+02:00,,,
2026-09-12T2209Z,laliga,34469782,2962,Luismi Cruz,Luismi Cruz,4,8754920,8351652,1,marketPlayerTeam,on_sale,ok,false,2026-09-14T21:55:44+02:00,,,
2026-09-12T2209Z,laliga,35273492,1056,Pedrosa,Adrià Pedrosa,2,2612179,2612179,1,marketPlayerTeam,on_sale,ok,false,2026-09-15T21:54:05+02:00,,,
2026-09-12T2209Z,laliga,35273636,2596,V. Chust,Victor Chust,2,4653004,4653004,1,marketPlayerTeam,on_sale,ok,false,2026-09-15T21:54:12+02:00,,,
2026-09-12T2209Z,laliga,35273752,2549,Navarro,Robert Navarro,3,5463645,5463645,1,marketPlayerTeam,on_sale,ok,false,2026-09-15T21:54:18+02:00,,,
2026-09-12T2209Z,laliga,35305602,2543,Natan,Natan Bernardo de Souza,2,30656582,30656582,0,marketPlayerTeam,on_sale,ok,false,2026-09-15T22:28:37+02:00,,,
2026-09-13T0435Z,laliga,199653458,3094,Edin Terzic,Edin Terzic,5,2850353,2850353,0,marketPlayerLeague,on_sale,ok,,2026-09-13T22:24:00+02:00,,,
2026-09-13T0435Z,laliga,199653460,3053,Funes,Juan Francisco Funes Arjona,5,698433,698433,0,marketPlayerLeague,on_sale,ok,,2026-09-13T22:24:00+02:00,,,
2026-09-13T0435Z,laliga,199653463,644,Sergio Herrera,Sergio Herrera Pirón,1,35329518,35329518,1,marketPlayerLeague,on_sale,ok,,2026-09-13T22:24:00+02:00,,,
2026-09-13T0435Z,laliga,199653465,3222,Alexis Ciria,Alexis Ciria,4,636989,636989,0,marketPlayerLeague,on_sale,ok,,2026-09-13T22:24:00+02:00,,,
2026-09-13T0435Z,laliga,199653467,2217,Cucho,Cucho Hernández,4,36696623,36696623,0,marketPlayerLeague,on_sale,ok,,2026-09-13T22:24:00+02:00,,,
2026-09-13T0435Z,laliga,199653470,3258,Gabriel Jesus,Gabriel Fernando de Jesus,4,28072336,28072336,0,marketPlayerLeague,on_sale,ok,,2026-09-13T22:24:00+02:00,,,
2026-09-13T0435Z,laliga,199653477,3260,Mujaid Sadick,Mujaid Sadick,2,4079265,4079265,0,marketPlayerLeague,on_sale,ok,,2026-09-13T22:24:00+02:00,,,
2026-09-13T0435Z,laliga,199653483,3156,Valentini,Nicolás Valentini,2,681074,681074,0,marketPlayerLeague,on_sale,ok,,2026-09-13T22:24:00+02:00,,,
2026-09-13T0435Z,laliga,199653490,2778,Álex Sancris,Alejandro San Cristóbal Sánchez,4,480470,480470,0,marketPlayerLeague,on_sale,ok,,2026-09-13T22:24:00+02:00,,,
2026-09-13T0435Z,laliga,199653498,2666,P. Campos,Pablo Campos,1,634762,634762,0,marketPlayerLeague,on_sale,ok,,2026-09-13T22:24:00+02:00,,,
2026-09-13T0435Z,laliga,199653506,3150,Mojica,Johan Mojica,2,15779312,15779312,0,marketPlayerLeague,on_sale,ok,,2026-09-13T22:24:00+02:00,,,
2026-09-13T0435Z,laliga,199653513,3160,A. Rodriguez,Adrián Rodríguez,1,617327,617327,0,marketPlayerLeague,on_sale,ok,,2026-09-13T22:24:00+02:00,,,
2026-09-13T0435Z,laliga,199653521,2643,Esquivel,Salvi Esquivel,1,540774,540774,0,marketPlayerLeague,on_sale,ok,,2026-09-13T22:24:00+02:00,,,
2026-09-13T0435Z,laliga,10530519,2613,M. Dituro,Matías Dituro,1,9165553,9119130,0,marketPlayerTeam,on_sale,ok,false,2026-09-14T12:07:34+02:00,,,
2026-09-13T0435Z,laliga,14270371,1930,El Hilali,Omar El Hilali,2,13818389,13611120,1,marketPlayerTeam,on_sale,ok,false,2026-09-14T22:43:58+02:00,,,
2026-09-13T0435Z,laliga,20430568,927,Berenguer,Alejandro Berenguer Remiro,4,10115377,9916016,1,marketPlayerTeam,on_sale,ok,false,2026-09-13T22:22:59+02:00,,,
2026-09-13T0435Z,laliga,21227596,3078,T. Martínez,Toni Martínez,4,19394039,20304063,1,marketPlayerTeam,on_sale,ok,false,2026-09-13T22:23:02+02:00,,,
2026-09-13T0435Z,laliga,21438625,2384,Unai Lopez,Unai López,3,12979839,12979839,1,marketPlayerTeam,on_sale,ok,false,2026-09-15T21:54:22+02:00,,,
2026-09-13T0435Z,laliga,23198784,2846,Arguibide,Iñigo Arguibide,2,3367550,3036890,1,marketPlayerTeam,on_sale,ok,false,2026-09-13T22:23:23+02:00,,,
2026-09-13T0435Z,laliga,26988648,3154,Enes Ünal,Enes Ünal,4,18673272,18824941,1,marketPlayerTeam,on_sale,ok,false,2026-09-13T22:23:12+02:00,,,
2026-09-13T0435Z,laliga,26989803,2338,Aimar,Aimar Oroz,3,10178169,10809904,1,marketPlayerTeam,on_sale,injured,false,2026-09-13T22:23:16+02:00,,,
2026-09-13T0435Z,laliga,29443988,2448,Oskarsson,Orri Óskarsson,4,7556286,7587178,0,marketPlayerTeam,on_sale,ok,false,2026-09-14T12:08:10+02:00,,,
2026-09-13T0435Z,laliga,32197047,74,Yuri,Yuri Berchiche Izeta,2,13767328,13338890,1,marketPlayerTeam,on_sale,ok,false,2026-09-14T21:55:04+02:00,,,
2026-09-13T0435Z,laliga,32197157,2315,Paredes,Aitor Paredes,2,12320897,12000435,1,marketPlayerTeam,on_sale,ok,false,2026-09-14T21:55:15+02:00,,,
2026-09-13T0435Z,laliga,32197224,637,Moncayola,Jon Moncayola,3,7638702,8000000,1,marketPlayerTeam,on_sale,ok,false,2026-09-14T21:56:35+02:00,,,
2026-09-13T0435Z,laliga,32197273,3069,Blanco,Antonio Blanco,3,19800286,19546753,1,marketPlayerTeam,on_sale,ok,false,2026-09-14T21:55:35+02:00,,,
2026-09-13T0435Z,laliga,32197398,1565,Barrios,Pablo Barrios,3,55572917,55572917,1,marketPlayerTeam,on_sale,injured,false,2026-09-15T11:23:28+02:00,,,
2026-09-13T0435Z,laliga,32197503,2444,Sucic,Luka Sucic,3,8789784,8500000,1,marketPlayerTeam,on_sale,ok,false,2026-09-14T21:57:00+02:00,,,
2026-09-13T0435Z,laliga,32197558,2746,Miguel Sierra,Miguel Sierra,4,4443580,4160545,1,marketPlayerTeam,on_sale,ok,false,2026-09-14T21:55:40+02:00,,,
2026-09-13T0435Z,laliga,32197607,3084,Budimir,Ante Budimir,4,61532031,60500000,1,marketPlayerTeam,on_sale,ok,false,2026-09-14T21:57:41+02:00,,,
2026-09-13T0435Z,laliga,32197654,2520,Roberto,Roberto Fernández,4,26358784,26000000,1,marketPlayerTeam,on_sale,ok,false,2026-09-14T21:57:22+02:00,,,
2026-09-13T0435Z,laliga,33881975,1210,Giuliano,Giuliano Simeone,4,38807862,40080622,1,marketPlayerTeam,on_sale,ok,false,2026-09-13T22:23:06+02:00,,,
2026-09-13T0435Z,laliga,34098643,3077,Edu Expósito,Edu Expósito,3,28918792,28656740,1,marketPlayerTeam,on_sale,ok,false,2026-09-14T12:08:44+02:00,,,
2026-09-13T0435Z,laliga,34469218,184,David Soria,David Soria Solís,1,35870313,35705411,1,marketPlayerTeam,on_sale,ok,false,2026-09-14T21:55:00+02:00,,,
2026-09-13T0435Z,laliga,34469376,2005,Abel Bretones,Abel Bretones,2,9579727,9471845,1,marketPlayerTeam,on_sale,ok,false,2026-09-14T21:55:12+02:00,,,
2026-09-13T0435Z,laliga,34469782,2962,Luismi Cruz,Luismi Cruz,4,8754920,8351652,1,marketPlayerTeam,on_sale,ok,false,2026-09-14T21:55:44+02:00,,,
2026-09-13T0435Z,laliga,35273492,1056,Pedrosa,Adrià Pedrosa,2,2612179,2612179,1,marketPlayerTeam,on_sale,ok,false,2026-09-15T21:54:05+02:00,,,
2026-09-13T0435Z,laliga,35273636,2596,V. Chust,Victor Chust,2,4653004,4653004,1,marketPlayerTeam,on_sale,ok,false,2026-09-15T21:54:12+02:00,,,
2026-09-13T0435Z,laliga,35273752,2549,Navarro,Robert Navarro,3,5463645,5463645,1,marketPlayerTeam,on_sale,ok,false,2026-09-15T21:54:18+02:00,,,
2026-09-13T0435Z,laliga,35305602,2543,Natan,Natan Bernardo de Souza,2,30656582,30656582,0,marketPlayerTeam,on_sale,ok,false,2026-09-15T22:28:37+02:00,,,
2026-09-13T0622Z,laliga,199653458,3094,Edin Terzic,Edin Terzic,5,2757025,2850353,0,marketPlayerLeague,on_sale,ok,,2026-09-13T22:24:00+02:00,,,
2026-09-13T0622Z,laliga,199653460,3053,Funes,Juan Francisco Funes Arjona,5,691182,698433,0,marketPlayerLeague,on_sale,ok,,2026-09-13T22:24:00+02:00,,,
2026-09-13T0622Z,laliga,199653463,644,Sergio Herrera,Sergio Herrera Pirón,1,34986943,35329518,2,marketPlayerLeague,on_sale,ok,,2026-09-13T22:24:00+02:00,,,
2026-09-13T0622Z,laliga,199653465,3222,Alexis Ciria,Alexis Ciria,4,632196,636989,0,marketPlayerLeague,on_sale,ok,,2026-09-13T22:24:00+02:00,,,
2026-09-13T0622Z,laliga,199653467,2217,Cucho,Cucho Hernández,4,35964565,36696623,0,marketPlayerLeague,on_sale,ok,,2026-09-13T22:24:00+02:00,,,
2026-09-13T0622Z,laliga,199653470,3258,Gabriel Jesus,Gabriel Fernando de Jesus,4,28056957,28072336,0,marketPlayerLeague,on_sale,ok,,2026-09-13T22:24:00+02:00,,,
2026-09-13T0622Z,laliga,199653477,3260,Mujaid Sadick,Mujaid Sadick,2,3964072,4079265,0,marketPlayerLeague,on_sale,ok,,2026-09-13T22:24:00+02:00,,,
2026-09-13T0622Z,laliga,199653483,3156,Valentini,Nicolás Valentini,2,674517,681074,0,marketPlayerLeague,on_sale,ok,,2026-09-13T22:24:00+02:00,,,
2026-09-13T0622Z,laliga,199653490,2778,Álex Sancris,Alejandro San Cristóbal Sánchez,4,481937,480470,0,marketPlayerLeague,on_sale,ok,,2026-09-13T22:24:00+02:00,,,
2026-09-13T0622Z,laliga,199653498,2666,P. Campos,Pablo Campos,1,630058,634762,0,marketPlayerLeague,on_sale,ok,,2026-09-13T22:24:00+02:00,,,
2026-09-13T0622Z,laliga,199653506,3150,Mojica,Johan Mojica,2,15608266,15779312,0,marketPlayerLeague,on_sale,ok,,2026-09-13T22:24:00+02:00,,,
2026-09-13T0622Z,laliga,199653513,3160,A. Rodriguez,Adrián Rodríguez,1,613320,617327,0,marketPlayerLeague,on_sale,ok,,2026-09-13T22:24:00+02:00,,,
2026-09-13T0622Z,laliga,199653521,2643,Esquivel,Salvi Esquivel,1,539829,540774,0,marketPlayerLeague,on_sale,ok,,2026-09-13T22:24:00+02:00,,,
2026-09-13T0622Z,laliga,10530519,2613,M. Dituro,Matías Dituro,1,9144155,9119130,0,marketPlayerTeam,on_sale,ok,false,2026-09-14T12:07:34+02:00,,,
2026-09-13T0622Z,laliga,14270371,1930,El Hilali,Omar El Hilali,2,14179508,13611120,1,marketPlayerTeam,on_sale,ok,false,2026-09-14T22:43:58+02:00,,,
2026-09-13T0622Z,laliga,20430568,927,Berenguer,Alejandro Berenguer Remiro,4,10161225,9916016,1,marketPlayerTeam,on_sale,ok,false,2026-09-13T22:22:59+02:00,,,
2026-09-13T0622Z,laliga,21227596,3078,T. Martínez,Toni Martínez,4,19082187,20304063,1,marketPlayerTeam,on_sale,ok,false,2026-09-13T22:23:02+02:00,,,
2026-09-13T0622Z,laliga,21438625,2384,Unai Lopez,Unai López,3,13657572,12979839,1,marketPlayerTeam,on_sale,ok,false,2026-09-15T21:54:22+02:00,,,
2026-09-13T0622Z,laliga,23198784,2846,Arguibide,Iñigo Arguibide,2,3462893,3036890,1,marketPlayerTeam,on_sale,ok,false,2026-09-13T22:23:23+02:00,,,
2026-09-13T0622Z,laliga,26988648,3154,Enes Ünal,Enes Ünal,4,18495532,18824941,1,marketPlayerTeam,on_sale,ok,false,2026-09-13T22:23:12+02:00,,,
2026-09-13T0622Z,laliga,26989803,2338,Aimar,Aimar Oroz,3,9885319,10809904,1,marketPlayerTeam,on_sale,injured,false,2026-09-13T22:23:16+02:00,,,
2026-09-13T0622Z,laliga,29443988,2448,Oskarsson,Orri Óskarsson,4,7463379,7587178,0,marketPlayerTeam,on_sale,ok,false,2026-09-14T12:08:10+02:00,,,
2026-09-13T0622Z,laliga,32197047,74,Yuri,Yuri Berchiche Izeta,2,14155102,13338890,1,marketPlayerTeam,on_sale,ok,false,2026-09-14T21:55:04+02:00,,,
2026-09-13T0622Z,laliga,32197157,2315,Paredes,Aitor Paredes,2,12651388,12000435,1,marketPlayerTeam,on_sale,ok,false,2026-09-14T21:55:15+02:00,,,
2026-09-13T0622Z,laliga,32197224,637,Moncayola,Jon Moncayola,3,7597970,8000000,1,marketPlayerTeam,on_sale,ok,false,2026-09-14T21:56:35+02:00,,,
2026-09-13T0622Z,laliga,32197273,3069,Blanco,Antonio Blanco,3,20094545,19546753,1,marketPlayerTeam,on_sale,ok,false,2026-09-14T21:55:35+02:00,,,
2026-09-13T0622Z,laliga,32197398,1565,Barrios,Pablo Barrios,3,54609855,55572917,0,marketPlayerTeam,on_sale,injured,false,2026-09-15T11:23:28+02:00,,,
2026-09-13T0622Z,laliga,32197503,2444,Sucic,Luka Sucic,3,9290621,8500000,1,marketPlayerTeam,on_sale,ok,false,2026-09-14T21:57:00+02:00,,,
2026-09-13T0622Z,laliga,32197558,2746,Miguel Sierra,Miguel Sierra,4,4684966,4160545,1,marketPlayerTeam,on_sale,ok,false,2026-09-14T21:55:40+02:00,,,
2026-09-13T0622Z,laliga,32197607,3084,Budimir,Ante Budimir,4,62438605,60500000,1,marketPlayerTeam,on_sale,ok,false,2026-09-14T21:57:41+02:00,,,
2026-09-13T0622Z,laliga,32197654,2520,Roberto,Roberto Fernández,4,27422671,26000000,1,marketPlayerTeam,on_sale,ok,false,2026-09-14T21:57:22+02:00,,,
2026-09-13T0622Z,laliga,33881975,1210,Giuliano,Giuliano Simeone,4,38178615,40080622,1,marketPlayerTeam,on_sale,ok,false,2026-09-13T22:23:06+02:00,,,
2026-09-13T0622Z,laliga,34098643,3077,Edu Expósito,Edu Expósito,3,29243222,28656740,1,marketPlayerTeam,on_sale,ok,false,2026-09-14T12:08:44+02:00,,,
2026-09-13T0622Z,laliga,34469218,184,David Soria,David Soria Solís,1,35987220,35705411,1,marketPlayerTeam,on_sale,ok,false,2026-09-14T21:55:00+02:00,,,
2026-09-13T0622Z,laliga,34469376,2005,Abel Bretones,Abel Bretones,2,9628093,9471845,1,marketPlayerTeam,on_sale,ok,false,2026-09-14T21:55:12+02:00,,,
2026-09-13T0622Z,laliga,34469782,2962,Luismi Cruz,Luismi Cruz,4,9006186,8351652,1,marketPlayerTeam,on_sale,ok,false,2026-09-14T21:55:44+02:00,,,
2026-09-13T0622Z,laliga,35273492,1056,Pedrosa,Adrià Pedrosa,2,2550223,2612179,1,marketPlayerTeam,on_sale,ok,false,2026-09-15T21:54:05+02:00,,,
2026-09-13T0622Z,laliga,35273636,2596,V. Chust,Victor Chust,2,4608095,4653004,1,marketPlayerTeam,on_sale,ok,false,2026-09-15T21:54:12+02:00,,,
2026-09-13T0622Z,laliga,35273752,2549,Navarro,Robert Navarro,3,6024514,5463645,1,marketPlayerTeam,on_sale,ok,false,2026-09-15T21:54:18+02:00,,,
2026-09-13T0622Z,laliga,35305602,2543,Natan,Natan Bernardo de Souza,2,30318269,30656582,0,marketPlayerTeam,on_sale,ok,false,2026-09-15T22:28:37+02:00,,,
2026-09-13T0802Z,laliga,199653458,3094,Edin Terzic,Edin Terzic,5,2757025,2850353,0,marketPlayerLeague,on_sale,ok,,2026-09-13T22:24:00+02:00,,,
2026-09-13T0802Z,laliga,199653460,3053,Funes,Juan Francisco Funes Arjona,5,691182,698433,0,marketPlayerLeague,on_sale,ok,,2026-09-13T22:24:00+02:00,,,
2026-09-13T0802Z,laliga,199653463,644,Sergio Herrera,Sergio Herrera Pirón,1,34986943,35329518,2,marketPlayerLeague,on_sale,ok,,2026-09-13T22:24:00+02:00,,,
2026-09-13T0802Z,laliga,199653465,3222,Alexis Ciria,Alexis Ciria,4,632196,636989,0,marketPlayerLeague,on_sale,ok,,2026-09-13T22:24:00+02:00,,,
2026-09-13T0802Z,laliga,199653467,2217,Cucho,Cucho Hernández,4,35964565,36696623,0,marketPlayerLeague,on_sale,ok,,2026-09-13T22:24:00+02:00,,,
2026-09-13T0802Z,laliga,199653470,3258,Gabriel Jesus,Gabriel Fernando de Jesus,4,28056957,28072336,0,marketPlayerLeague,on_sale,ok,,2026-09-13T22:24:00+02:00,,,
2026-09-13T0802Z,laliga,199653477,3260,Mujaid Sadick,Mujaid Sadick,2,3964072,4079265,0,marketPlayerLeague,on_sale,ok,,2026-09-13T22:24:00+02:00,,,
2026-09-13T0802Z,laliga,199653483,3156,Valentini,Nicolás Valentini,2,674517,681074,0,marketPlayerLeague,on_sale,ok,,2026-09-13T22:24:00+02:00,,,
2026-09-13T0802Z,laliga,199653490,2778,Álex Sancris,Alejandro San Cristóbal Sánchez,4,481937,480470,0,marketPlayerLeague,on_sale,ok,,2026-09-13T22:24:00+02:00,,,
2026-09-13T0802Z,laliga,199653498,2666,P. Campos,Pablo Campos,1,630058,634762,0,marketPlayerLeague,on_sale,ok,,2026-09-13T22:24:00+02:00,,,
2026-09-13T0802Z,laliga,199653506,3150,Mojica,Johan Mojica,2,15608266,15779312,0,marketPlayerLeague,on_sale,ok,,2026-09-13T22:24:00+02:00,,,
2026-09-13T0802Z,laliga,199653513,3160,A. Rodriguez,Adrián Rodríguez,1,613320,617327,0,marketPlayerLeague,on_sale,ok,,2026-09-13T22:24:00+02:00,,,
2026-09-13T0802Z,laliga,199653521,2643,Esquivel,Salvi Esquivel,1,539829,540774,0,marketPlayerLeague,on_sale,ok,,2026-09-13T22:24:00+02:00,,,
2026-09-13T0802Z,laliga,10530519,2613,M. Dituro,Matías Dituro,1,9144155,9119130,0,marketPlayerTeam,on_sale,ok,false,2026-09-14T12:07:34+02:00,,,
2026-09-13T0802Z,laliga,14270371,1930,El Hilali,Omar El Hilali,2,14179508,13611120,1,marketPlayerTeam,on_sale,ok,false,2026-09-14T22:43:58+02:00,,,
2026-09-13T0802Z,laliga,20430568,927,Berenguer,Alejandro Berenguer Remiro,4,10161225,9916016,1,marketPlayerTeam,on_sale,ok,false,2026-09-13T22:22:59+02:00,,,
2026-09-13T0802Z,laliga,21227596,3078,T. Martínez,Toni Martínez,4,19082187,20304063,1,marketPlayerTeam,on_sale,ok,false,2026-09-13T22:23:02+02:00,,,
2026-09-13T0802Z,laliga,21438625,2384,Unai Lopez,Unai López,3,13657572,12979839,1,marketPlayerTeam,on_sale,ok,false,2026-09-15T21:54:22+02:00,,,
2026-09-13T0802Z,laliga,23198784,2846,Arguibide,Iñigo Arguibide,2,3462893,3036890,1,marketPlayerTeam,on_sale,ok,false,2026-09-13T22:23:23+02:00,,,
2026-09-13T0802Z,laliga,26988648,3154,Enes Ünal,Enes Ünal,4,18495532,18824941,1,marketPlayerTeam,on_sale,ok,false,2026-09-13T22:23:12+02:00,,,
2026-09-13T0802Z,laliga,26989803,2338,Aimar,Aimar Oroz,3,9885319,10809904,1,marketPlayerTeam,on_sale,injured,false,2026-09-13T22:23:16+02:00,,,
2026-09-13T0802Z,laliga,29443988,2448,Oskarsson,Orri Óskarsson,4,7463379,7587178,0,marketPlayerTeam,on_sale,ok,false,2026-09-14T12:08:10+02:00,,,
2026-09-13T0802Z,laliga,32197047,74,Yuri,Yuri Berchiche Izeta,2,14155102,13338890,1,marketPlayerTeam,on_sale,ok,false,2026-09-14T21:55:04+02:00,,,
2026-09-13T0802Z,laliga,32197157,2315,Paredes,Aitor Paredes,2,12651388,12000435,1,marketPlayerTeam,on_sale,ok,false,2026-09-14T21:55:15+02:00,,,
2026-09-13T0802Z,laliga,32197224,637,Moncayola,Jon Moncayola,3,7597970,8000000,1,marketPlayerTeam,on_sale,ok,false,2026-09-14T21:56:35+02:00,,,
2026-09-13T0802Z,laliga,32197273,3069,Blanco,Antonio Blanco,3,20094545,19546753,1,marketPlayerTeam,on_sale,ok,false,2026-09-14T21:55:35+02:00,,,
2026-09-13T0802Z,laliga,32197398,1565,Barrios,Pablo Barrios,3,54609855,55572917,0,marketPlayerTeam,on_sale,injured,false,2026-09-15T11:23:28+02:00,,,
2026-09-13T0802Z,laliga,32197503,2444,Sucic,Luka Sucic,3,9290621,8500000,1,marketPlayerTeam,on_sale,ok,false,2026-09-14T21:57:00+02:00,,,
2026-09-13T0802Z,laliga,32197558,2746,Miguel Sierra,Miguel Sierra,4,4684966,4160545,1,marketPlayerTeam,on_sale,ok,false,2026-09-14T21:55:40+02:00,,,
2026-09-13T0802Z,laliga,32197607,3084,Budimir,Ante Budimir,4,62438605,60500000,1,marketPlayerTeam,on_sale,ok,false,2026-09-14T21:57:41+02:00,,,
2026-09-13T0802Z,laliga,32197654,2520,Roberto,Roberto Fernández,4,27422671,26000000,1,marketPlayerTeam,on_sale,ok,false,2026-09-14T21:57:22+02:00,,,
2026-09-13T0802Z,laliga,33881975,1210,Giuliano,Giuliano Simeone,4,38178615,40080622,1,marketPlayerTeam,on_sale,ok,false,2026-09-13T22:23:06+02:00,,,
2026-09-13T0802Z,laliga,34098643,3077,Edu Expósito,Edu Expósito,3,29243222,28656740,1,marketPlayerTeam,on_sale,ok,false,2026-09-14T12:08:44+02:00,,,
2026-09-13T0802Z,laliga,34469218,184,David Soria,David Soria Solís,1,35987220,35705411,1,marketPlayerTeam,on_sale,ok,false,2026-09-14T21:55:00+02:00,,,
2026-09-13T0802Z,laliga,34469376,2005,Abel Bretones,Abel Bretones,2,9628093,9471845,1,marketPlayerTeam,on_sale,ok,false,2026-09-14T21:55:12+02:00,,,
2026-09-13T0802Z,laliga,34469782,2962,Luismi Cruz,Luismi Cruz,4,9006186,8351652,1,marketPlayerTeam,on_sale,ok,false,2026-09-14T21:55:44+02:00,,,
2026-09-13T0802Z,laliga,35273492,1056,Pedrosa,Adrià Pedrosa,2,2550223,2612179,1,marketPlayerTeam,on_sale,ok,false,2026-09-15T21:54:05+02:00,,,
2026-09-13T0802Z,laliga,35273636,2596,V. Chust,Victor Chust,2,4608095,4653004,1,marketPlayerTeam,on_sale,ok,false,2026-09-15T21:54:12+02:00,,,
2026-09-13T0802Z,laliga,35273752,2549,Navarro,Robert Navarro,3,6024514,5463645,1,marketPlayerTeam,on_sale,ok,false,2026-09-15T21:54:18+02:00,,,
2026-09-13T0802Z,laliga,35305602,2543,Natan,Natan Bernardo de Souza,2,30318269,30656582,0,marketPlayerTeam,on_sale,ok,false,2026-09-15T22:28:37+02:00,,,
2026-09-13T0830Z,laliga,199653458,3094,Edin Terzic,Edin Terzic,5,2757025,2850353,0,marketPlayerLeague,on_sale,ok,,2026-09-13T22:24:00+02:00,,,
2026-09-13T0830Z,laliga,199653460,3053,Funes,Juan Francisco Funes Arjona,5,691182,698433,0,marketPlayerLeague,on_sale,ok,,2026-09-13T22:24:00+02:00,,,
2026-09-13T0830Z,laliga,199653463,644,Sergio Herrera,Sergio Herrera Pirón,1,34986943,35329518,2,marketPlayerLeague,on_sale,ok,,2026-09-13T22:24:00+02:00,,,
2026-09-13T0830Z,laliga,199653465,3222,Alexis Ciria,Alexis Ciria,4,632196,636989,0,marketPlayerLeague,on_sale,ok,,2026-09-13T22:24:00+02:00,,,
2026-09-13T0830Z,laliga,199653467,2217,Cucho,Cucho Hernández,4,35964565,36696623,0,marketPlayerLeague,on_sale,ok,,2026-09-13T22:24:00+02:00,,,
2026-09-13T0830Z,laliga,199653470,3258,Gabriel Jesus,Gabriel Fernando de Jesus,4,28056957,28072336,0,marketPlayerLeague,on_sale,ok,,2026-09-13T22:24:00+02:00,,,
2026-09-13T0830Z,laliga,199653477,3260,Mujaid Sadick,Mujaid Sadick,2,3964072,4079265,0,marketPlayerLeague,on_sale,ok,,2026-09-13T22:24:00+02:00,,,
2026-09-13T0830Z,laliga,199653483,3156,Valentini,Nicolás Valentini,2,674517,681074,0,marketPlayerLeague,on_sale,ok,,2026-09-13T22:24:00+02:00,,,
2026-09-13T0830Z,laliga,199653490,2778,Álex Sancris,Alejandro San Cristóbal Sánchez,4,481937,480470,0,marketPlayerLeague,on_sale,ok,,2026-09-13T22:24:00+02:00,,,
2026-09-13T0830Z,laliga,199653498,2666,P. Campos,Pablo Campos,1,630058,634762,0,marketPlayerLeague,on_sale,ok,,2026-09-13T22:24:00+02:00,,,
2026-09-13T0830Z,laliga,199653506,3150,Mojica,Johan Mojica,2,15608266,15779312,0,marketPlayerLeague,on_sale,ok,,2026-09-13T22:24:00+02:00,,,
2026-09-13T0830Z,laliga,199653513,3160,A. Rodriguez,Adrián Rodríguez,1,613320,617327,0,marketPlayerLeague,on_sale,ok,,2026-09-13T22:24:00+02:00,,,
2026-09-13T0830Z,laliga,199653521,2643,Esquivel,Salvi Esquivel,1,539829,540774,0,marketPlayerLeague,on_sale,ok,,2026-09-13T22:24:00+02:00,,,
2026-09-13T0830Z,laliga,10530519,2613,M. Dituro,Matías Dituro,1,9144155,9119130,0,marketPlayerTeam,on_sale,ok,false,2026-09-14T12:07:34+02:00,,,
2026-09-13T0830Z,laliga,14270371,1930,El Hilali,Omar El Hilali,2,14179508,13611120,1,marketPlayerTeam,on_sale,ok,false,2026-09-14T22:43:58+02:00,,,
2026-09-13T0830Z,laliga,20430568,927,Berenguer,Alejandro Berenguer Remiro,4,10161225,9916016,1,marketPlayerTeam,on_sale,ok,false,2026-09-13T22:22:59+02:00,,,
2026-09-13T0830Z,laliga,21227596,3078,T. Martínez,Toni Martínez,4,19082187,20304063,1,marketPlayerTeam,on_sale,ok,false,2026-09-13T22:23:02+02:00,,,
2026-09-13T0830Z,laliga,21438625,2384,Unai Lopez,Unai López,3,13657572,12979839,1,marketPlayerTeam,on_sale,ok,false,2026-09-15T21:54:22+02:00,,,
2026-09-13T0830Z,laliga,23198784,2846,Arguibide,Iñigo Arguibide,2,3462893,3036890,1,marketPlayerTeam,on_sale,ok,false,2026-09-13T22:23:23+02:00,,,
2026-09-13T0830Z,laliga,26988648,3154,Enes Ünal,Enes Ünal,4,18495532,18824941,1,marketPlayerTeam,on_sale,ok,false,2026-09-13T22:23:12+02:00,,,
2026-09-13T0830Z,laliga,26989803,2338,Aimar,Aimar Oroz,3,9885319,10809904,1,marketPlayerTeam,on_sale,injured,false,2026-09-13T22:23:16+02:00,,,
2026-09-13T0830Z,laliga,29443988,2448,Oskarsson,Orri Óskarsson,4,7463379,7587178,0,marketPlayerTeam,on_sale,ok,false,2026-09-14T12:08:10+02:00,,,
2026-09-13T0830Z,laliga,32197047,74,Yuri,Yuri Berchiche Izeta,2,14155102,13338890,1,marketPlayerTeam,on_sale,ok,false,2026-09-14T21:55:04+02:00,,,
2026-09-13T0830Z,laliga,32197157,2315,Paredes,Aitor Paredes,2,12651388,12000435,1,marketPlayerTeam,on_sale,ok,false,2026-09-14T21:55:15+02:00,,,
2026-09-13T0830Z,laliga,32197224,637,Moncayola,Jon Moncayola,3,7597970,8000000,1,marketPlayerTeam,on_sale,ok,false,2026-09-14T21:56:35+02:00,,,
2026-09-13T0830Z,laliga,32197273,3069,Blanco,Antonio Blanco,3,20094545,19546753,1,marketPlayerTeam,on_sale,ok,false,2026-09-14T21:55:35+02:00,,,
2026-09-13T0830Z,laliga,32197398,1565,Barrios,Pablo Barrios,3,54609855,55572917,0,marketPlayerTeam,on_sale,injured,false,2026-09-15T11:23:28+02:00,,,
2026-09-13T0830Z,laliga,32197503,2444,Sucic,Luka Sucic,3,9290621,8500000,1,marketPlayerTeam,on_sale,ok,false,2026-09-14T21:57:00+02:00,,,
2026-09-13T0830Z,laliga,32197558,2746,Miguel Sierra,Miguel Sierra,4,4684966,4160545,1,marketPlayerTeam,on_sale,ok,false,2026-09-14T21:55:40+02:00,,,
2026-09-13T0830Z,laliga,32197607,3084,Budimir,Ante Budimir,4,62438605,60500000,1,marketPlayerTeam,on_sale,ok,false,2026-09-14T21:57:41+02:00,,,
2026-09-13T0830Z,laliga,32197654,2520,Roberto,Roberto Fernández,4,27422671,26000000,1,marketPlayerTeam,on_sale,ok,false,2026-09-14T21:57:22+02:00,,,
2026-09-13T0830Z,laliga,33881975,1210,Giuliano,Giuliano Simeone,4,38178615,40080622,1,marketPlayerTeam,on_sale,ok,false,2026-09-13T22:23:06+02:00,,,
2026-09-13T0830Z,laliga,34098643,3077,Edu Expósito,Edu Expósito,3,29243222,28656740,1,marketPlayerTeam,on_sale,ok,false,2026-09-14T12:08:44+02:00,,,
2026-09-13T0830Z,laliga,34469218,184,David Soria,David Soria Solís,1,35987220,35705411,1,marketPlayerTeam,on_sale,ok,false,2026-09-14T21:55:00+02:00,,,
2026-09-13T0830Z,laliga,34469376,2005,Abel Bretones,Abel Bretones,2,9628093,9471845,1,marketPlayerTeam,on_sale,ok,false,2026-09-14T21:55:12+02:00,,,
2026-09-13T0830Z,laliga,34469782,2962,Luismi Cruz,Luismi Cruz,4,9006186,8351652,1,marketPlayerTeam,on_sale,ok,false,2026-09-14T21:55:44+02:00,,,
2026-09-13T0830Z,laliga,35273492,1056,Pedrosa,Adrià Pedrosa,2,2550223,2612179,1,marketPlayerTeam,on_sale,ok,false,2026-09-15T21:54:05+02:00,,,
2026-09-13T0830Z,laliga,35273636,2596,V. Chust,Victor Chust,2,4608095,4653004,1,marketPlayerTeam,on_sale,ok,false,2026-09-15T21:54:12+02:00,,,
2026-09-13T0830Z,laliga,35273752,2549,Navarro,Robert Navarro,3,6024514,5463645,1,marketPlayerTeam,on_sale,ok,false,2026-09-15T21:54:18+02:00,,,
2026-09-13T0830Z,laliga,35305602,2543,Natan,Natan Bernardo de Souza,2,30318269,30656582,0,marketPlayerTeam,on_sale,ok,false,2026-09-15T22:28:37+02:00,,,
2026-09-13T1458Z,laliga,199653458,3094,Edin Terzic,Edin Terzic,5,2757025,2850353,0,marketPlayerLeague,on_sale,ok,,2026-09-13T22:24:00+02:00,,,
2026-09-13T1458Z,laliga,199653460,3053,Funes,Juan Francisco Funes Arjona,5,691182,698433,0,marketPlayerLeague,on_sale,ok,,2026-09-13T22:24:00+02:00,,,
2026-09-13T1458Z,laliga,199653463,644,Sergio Herrera,Sergio Herrera Pirón,1,34986943,35329518,2,marketPlayerLeague,on_sale,ok,,2026-09-13T22:24:00+02:00,,,
2026-09-13T1458Z,laliga,199653465,3222,Alexis Ciria,Alexis Ciria,4,632196,636989,0,marketPlayerLeague,on_sale,ok,,2026-09-13T22:24:00+02:00,,,
2026-09-13T1458Z,laliga,199653467,2217,Cucho,Cucho Hernández,4,35964565,36696623,0,marketPlayerLeague,on_sale,ok,,2026-09-13T22:24:00+02:00,,,
2026-09-13T1458Z,laliga,199653470,3258,Gabriel Jesus,Gabriel Fernando de Jesus,4,28056957,28072336,0,marketPlayerLeague,on_sale,ok,,2026-09-13T22:24:00+02:00,,,
2026-09-13T1458Z,laliga,199653477,3260,Mujaid Sadick,Mujaid Sadick,2,3964072,4079265,0,marketPlayerLeague,on_sale,ok,,2026-09-13T22:24:00+02:00,,,
2026-09-13T1458Z,laliga,199653483,3156,Valentini,Nicolás Valentini,2,674517,681074,0,marketPlayerLeague,on_sale,ok,,2026-09-13T22:24:00+02:00,,,
2026-09-13T1458Z,laliga,199653490,2778,Álex Sancris,Alejandro San Cristóbal Sánchez,4,481937,480470,0,marketPlayerLeague,on_sale,ok,,2026-09-13T22:24:00+02:00,,,
2026-09-13T1458Z,laliga,199653498,2666,P. Campos,Pablo Campos,1,630058,634762,0,marketPlayerLeague,on_sale,ok,,2026-09-13T22:24:00+02:00,,,
2026-09-13T1458Z,laliga,199653506,3150,Mojica,Johan Mojica,2,15608266,15779312,0,marketPlayerLeague,on_sale,ok,,2026-09-13T22:24:00+02:00,,,
2026-09-13T1458Z,laliga,199653513,3160,A. Rodriguez,Adrián Rodríguez,1,613320,617327,0,marketPlayerLeague,on_sale,ok,,2026-09-13T22:24:00+02:00,,,
2026-09-13T1458Z,laliga,199653521,2643,Esquivel,Salvi Esquivel,1,539829,540774,0,marketPlayerLeague,on_sale,ok,,2026-09-13T22:24:00+02:00,,,
2026-09-13T1458Z,laliga,10530519,2613,M. Dituro,Matías Dituro,1,9144155,9119130,0,marketPlayerTeam,on_sale,ok,false,2026-09-14T12:07:34+02:00,,,
2026-09-13T1458Z,laliga,14270371,1930,El Hilali,Omar El Hilali,2,14179508,13611120,1,marketPlayerTeam,on_sale,ok,false,2026-09-14T22:43:58+02:00,,,
2026-09-13T1458Z,laliga,20430568,927,Berenguer,Alejandro Berenguer Remiro,4,10161225,9916016,1,marketPlayerTeam,on_sale,ok,false,2026-09-13T22:22:59+02:00,,,
2026-09-13T1458Z,laliga,21227596,3078,T. Martínez,Toni Martínez,4,19082187,20304063,1,marketPlayerTeam,on_sale,ok,false,2026-09-13T22:23:02+02:00,,,
2026-09-13T1458Z,laliga,21438625,2384,Unai Lopez,Unai López,3,13657572,12979839,1,marketPlayerTeam,on_sale,ok,false,2026-09-15T21:54:22+02:00,,,
2026-09-13T1458Z,laliga,23198784,2846,Arguibide,Iñigo Arguibide,2,3462893,3036890,1,marketPlayerTeam,on_sale,ok,false,2026-09-13T22:23:23+02:00,,,
2026-09-13T1458Z,laliga,26988648,3154,Enes Ünal,Enes Ünal,4,18495532,18824941,1,marketPlayerTeam,on_sale,ok,false,2026-09-13T22:23:12+02:00,,,
2026-09-13T1458Z,laliga,26989803,2338,Aimar,Aimar Oroz,3,9885319,10809904,1,marketPlayerTeam,on_sale,injured,false,2026-09-13T22:23:16+02:00,,,
2026-09-13T1458Z,laliga,29443988,2448,Oskarsson,Orri Óskarsson,4,7463379,7587178,0,marketPlayerTeam,on_sale,ok,false,2026-09-14T12:08:10+02:00,,,
2026-09-13T1458Z,laliga,32197047,74,Yuri,Yuri Berchiche Izeta,2,14155102,13338890,1,marketPlayerTeam,on_sale,ok,false,2026-09-14T21:55:04+02:00,,,
2026-09-13T1458Z,laliga,32197157,2315,Paredes,Aitor Paredes,2,12651388,12000435,1,marketPlayerTeam,on_sale,ok,false,2026-09-14T21:55:15+02:00,,,
2026-09-13T1458Z,laliga,32197224,637,Moncayola,Jon Moncayola,3,7597970,8000000,1,marketPlayerTeam,on_sale,ok,false,2026-09-14T21:56:35+02:00,,,
2026-09-13T1458Z,laliga,32197273,3069,Blanco,Antonio Blanco,3,20094545,19546753,1,marketPlayerTeam,on_sale,ok,false,2026-09-14T21:55:35+02:00,,,
2026-09-13T1458Z,laliga,32197398,1565,Barrios,Pablo Barrios,3,54609855,55572917,0,marketPlayerTeam,on_sale,injured,false,2026-09-15T11:23:28+02:00,,,
2026-09-13T1458Z,laliga,32197503,2444,Sucic,Luka Sucic,3,9290621,8500000,1,marketPlayerTeam,on_sale,ok,false,2026-09-14T21:57:00+02:00,,,
2026-09-13T1458Z,laliga,32197558,2746,Miguel Sierra,Miguel Sierra,4,4684966,4160545,1,marketPlayerTeam,on_sale,ok,false,2026-09-14T21:55:40+02:00,,,
2026-09-13T1458Z,laliga,32197607,3084,Budimir,Ante Budimir,4,62438605,60500000,1,marketPlayerTeam,on_sale,ok,false,2026-09-14T21:57:41+02:00,,,
2026-09-13T1458Z,laliga,32197654,2520,Roberto,Roberto Fernández,4,27422671,26000000,1,marketPlayerTeam,on_sale,ok,false,2026-09-14T21:57:22+02:00,,,
2026-09-13T1458Z,laliga,33881975,1210,Giuliano,Giuliano Simeone,4,38178615,40080622,1,marketPlayerTeam,on_sale,ok,false,2026-09-13T22:23:06+02:00,,,
2026-09-13T1458Z,laliga,34098643,3077,Edu Expósito,Edu Expósito,3,29243222,28656740,1,marketPlayerTeam,on_sale,ok,false,2026-09-14T12:08:44+02:00,,,
2026-09-13T1458Z,laliga,34469218,184,David Soria,David Soria Solís,1,35987220,35705411,1,marketPlayerTeam,on_sale,ok,false,2026-09-14T21:55:00+02:00,,,
2026-09-13T1458Z,laliga,34469376,2005,Abel Bretones,Abel Bretones,2,9628093,9471845,1,marketPlayerTeam,on_sale,ok,false,2026-09-14T21:55:12+02:00,,,
2026-09-13T1458Z,laliga,34469782,2962,Luismi Cruz,Luismi Cruz,4,9006186,8351652,1,marketPlayerTeam,on_sale,ok,false,2026-09-14T21:55:44+02:00,,,
2026-09-13T1458Z,laliga,35273492,1056,Pedrosa,Adrià Pedrosa,2,2550223,2612179,1,marketPlayerTeam,on_sale,ok,false,2026-09-15T21:54:05+02:00,,,
2026-09-13T1458Z,laliga,35273636,2596,V. Chust,Victor Chust,2,4608095,4653004,1,marketPlayerTeam,on_sale,ok,false,2026-09-15T21:54:12+02:00,,,
2026-09-13T1458Z,laliga,35273752,2549,Navarro,Robert Navarro,3,6024514,5463645,1,marketPlayerTeam,on_sale,ok,false,2026-09-15T21:54:18+02:00,,,
2026-09-13T1458Z,laliga,35305602,2543,Natan,Natan Bernardo de Souza,2,30318269,30656582,0,marketPlayerTeam,on_sale,ok,false,2026-09-15T22:28:37+02:00,,,
2026-09-13T1518Z,laliga,199653458,3094,Edin Terzic,Edin Terzic,5,2757025,2850353,0,marketPlayerLeague,on_sale,ok,,2026-09-13T22:24:00+02:00,,,
2026-09-13T1518Z,laliga,199653460,3053,Funes,Juan Francisco Funes Arjona,5,691182,698433,0,marketPlayerLeague,on_sale,ok,,2026-09-13T22:24:00+02:00,,,
2026-09-13T1518Z,laliga,199653463,644,Sergio Herrera,Sergio Herrera Pirón,1,34986943,35329518,2,marketPlayerLeague,on_sale,ok,,2026-09-13T22:24:00+02:00,,,
2026-09-13T1518Z,laliga,199653465,3222,Alexis Ciria,Alexis Ciria,4,632196,636989,0,marketPlayerLeague,on_sale,ok,,2026-09-13T22:24:00+02:00,,,
2026-09-13T1518Z,laliga,199653467,2217,Cucho,Cucho Hernández,4,35964565,36696623,0,marketPlayerLeague,on_sale,ok,,2026-09-13T22:24:00+02:00,,,
2026-09-13T1518Z,laliga,199653470,3258,Gabriel Jesus,Gabriel Fernando de Jesus,4,28056957,28072336,0,marketPlayerLeague,on_sale,ok,,2026-09-13T22:24:00+02:00,,,
2026-09-13T1518Z,laliga,199653477,3260,Mujaid Sadick,Mujaid Sadick,2,3964072,4079265,0,marketPlayerLeague,on_sale,ok,,2026-09-13T22:24:00+02:00,,,
2026-09-13T1518Z,laliga,199653483,3156,Valentini,Nicolás Valentini,2,674517,681074,0,marketPlayerLeague,on_sale,ok,,2026-09-13T22:24:00+02:00,,,
2026-09-13T1518Z,laliga,199653490,2778,Álex Sancris,Alejandro San Cristóbal Sánchez,4,481937,480470,0,marketPlayerLeague,on_sale,ok,,2026-09-13T22:24:00+02:00,,,
2026-09-13T1518Z,laliga,199653498,2666,P. Campos,Pablo Campos,1,630058,634762,0,marketPlayerLeague,on_sale,ok,,2026-09-13T22:24:00+02:00,,,
2026-09-13T1518Z,laliga,199653506,3150,Mojica,Johan Mojica,2,15608266,15779312,0,marketPlayerLeague,on_sale,ok,,2026-09-13T22:24:00+02:00,,,
2026-09-13T1518Z,laliga,199653513,3160,A. Rodriguez,Adrián Rodríguez,1,613320,617327,0,marketPlayerLeague,on_sale,ok,,2026-09-13T22:24:00+02:00,,,
2026-09-13T1518Z,laliga,199653521,2643,Esquivel,Salvi Esquivel,1,539829,540774,0,marketPlayerLeague,on_sale,ok,,2026-09-13T22:24:00+02:00,,,
2026-09-13T1518Z,laliga,10530519,2613,M. Dituro,Matías Dituro,1,9144155,9119130,0,marketPlayerTeam,on_sale,ok,false,2026-09-14T12:07:34+02:00,,,
2026-09-13T1518Z,laliga,14270371,1930,El Hilali,Omar El Hilali,2,14179508,13611120,1,marketPlayerTeam,on_sale,ok,false,2026-09-14T22:43:58+02:00,,,
2026-09-13T1518Z,laliga,20430568,927,Berenguer,Alejandro Berenguer Remiro,4,10161225,9916016,1,marketPlayerTeam,on_sale,ok,false,2026-09-13T22:22:59+02:00,,,
2026-09-13T1518Z,laliga,21227596,3078,T. Martínez,Toni Martínez,4,19082187,20304063,1,marketPlayerTeam,on_sale,ok,false,2026-09-13T22:23:02+02:00,,,
2026-09-13T1518Z,laliga,21438625,2384,Unai Lopez,Unai López,3,13657572,12979839,1,marketPlayerTeam,on_sale,ok,false,2026-09-15T21:54:22+02:00,,,
2026-09-13T1518Z,laliga,23198784,2846,Arguibide,Iñigo Arguibide,2,3462893,3036890,1,marketPlayerTeam,on_sale,ok,false,2026-09-13T22:23:23+02:00,,,
2026-09-13T1518Z,laliga,26988648,3154,Enes Ünal,Enes Ünal,4,18495532,18824941,1,marketPlayerTeam,on_sale,ok,false,2026-09-13T22:23:12+02:00,,,
2026-09-13T1518Z,laliga,26989803,2338,Aimar,Aimar Oroz,3,9885319,10809904,1,marketPlayerTeam,on_sale,injured,false,2026-09-13T22:23:16+02:00,,,
2026-09-13T1518Z,laliga,29443988,2448,Oskarsson,Orri Óskarsson,4,7463379,7587178,0,marketPlayerTeam,on_sale,ok,false,2026-09-14T12:08:10+02:00,,,
2026-09-13T1518Z,laliga,32197047,74,Yuri,Yuri Berchiche Izeta,2,14155102,13338890,1,marketPlayerTeam,on_sale,ok,false,2026-09-14T21:55:04+02:00,,,
2026-09-13T1518Z,laliga,32197157,2315,Paredes,Aitor Paredes,2,12651388,12000435,1,marketPlayerTeam,on_sale,ok,false,2026-09-14T21:55:15+02:00,,,
2026-09-13T1518Z,laliga,32197224,637,Moncayola,Jon Moncayola,3,7597970,8000000,1,marketPlayerTeam,on_sale,ok,false,2026-09-14T21:56:35+02:00,,,
2026-09-13T1518Z,laliga,32197273,3069,Blanco,Antonio Blanco,3,20094545,19546753,1,marketPlayerTeam,on_sale,ok,false,2026-09-14T21:55:35+02:00,,,
2026-09-13T1518Z,laliga,32197398,1565,Barrios,Pablo Barrios,3,54609855,55572917,0,marketPlayerTeam,on_sale,injured,false,2026-09-15T11:23:28+02:00,,,
2026-09-13T1518Z,laliga,32197503,2444,Sucic,Luka Sucic,3,9290621,8500000,1,marketPlayerTeam,on_sale,ok,false,2026-09-14T21:57:00+02:00,,,
2026-09-13T1518Z,laliga,32197558,2746,Miguel Sierra,Miguel Sierra,4,4684966,4160545,1,marketPlayerTeam,on_sale,ok,false,2026-09-14T21:55:40+02:00,,,
2026-09-13T1518Z,laliga,32197607,3084,Budimir,Ante Budimir,4,62438605,60500000,1,marketPlayerTeam,on_sale,ok,false,2026-09-14T21:57:41+02:00,,,
2026-09-13T1518Z,laliga,32197654,2520,Roberto,Roberto Fernández,4,27422671,26000000,1,marketPlayerTeam,on_sale,ok,false,2026-09-14T21:57:22+02:00,,,
2026-09-13T1518Z,laliga,33881975,1210,Giuliano,Giuliano Simeone,4,38178615,40080622,1,marketPlayerTeam,on_sale,ok,false,2026-09-13T22:23:06+02:00,,,
2026-09-13T1518Z,laliga,34098643,3077,Edu Expósito,Edu Expósito,3,29243222,28656740,1,marketPlayerTeam,on_sale,ok,false,2026-09-14T12:08:44+02:00,,,
2026-09-13T1518Z,laliga,34469218,184,David Soria,David Soria Solís,1,35987220,35705411,1,marketPlayerTeam,on_sale,ok,false,2026-09-14T21:55:00+02:00,,,
2026-09-13T1518Z,laliga,34469376,2005,Abel Bretones,Abel Bretones,2,9628093,9471845,1,marketPlayerTeam,on_sale,ok,false,2026-09-14T21:55:12+02:00,,,
2026-09-13T1518Z,laliga,34469782,2962,Luismi Cruz,Luismi Cruz,4,9006186,8351652,1,marketPlayerTeam,on_sale,ok,false,2026-09-14T21:55:44+02:00,,,
2026-09-13T1518Z,laliga,35273492,1056,Pedrosa,Adrià Pedrosa,2,2550223,2612179,1,marketPlayerTeam,on_sale,ok,false,2026-09-15T21:54:05+02:00,,,
2026-09-13T1518Z,laliga,35273636,2596,V. Chust,Victor Chust,2,4608095,4653004,1,marketPlayerTeam,on_sale,ok,false,2026-09-15T21:54:12+02:00,,,
2026-09-13T1518Z,laliga,35273752,2549,Navarro,Robert Navarro,3,6024514,5463645,1,marketPlayerTeam,on_sale,ok,false,2026-09-15T21:54:18+02:00,,,
2026-09-13T1518Z,laliga,35305602,2543,Natan,Natan Bernardo de Souza,2,30318269,30656582,0,marketPlayerTeam,on_sale,ok,false,2026-09-15T22:28:37+02:00,,,
2026-09-14T0538Z,laliga,206003189,3097,Beñat,Beñat San José,5,784685,796631,0,marketPlayerLeague,on_sale,ok,,2026-09-14T22:24:00+02:00,,,
2026-09-14T0538Z,laliga,206003192,3095,Ramis,Luis Miguel Ramis,5,730763,740462,0,marketPlayerLeague,on_sale,ok,,2026-09-14T22:24:00+02:00,,,
2026-09-14T0538Z,laliga,206003195,2651,Iker Losada,Iker Losada,4,1176416,1204684,0,marketPlayerLeague,on_sale,ok,,2026-09-14T22:24:00+02:00,,,
2026-09-14T0538Z,laliga,206003199,3228,Requena,Dani Requena,3,980018,1000103,0,marketPlayerLeague,on_sale,ok,,2026-09-14T22:24:00+02:00,,,
2026-09-14T0538Z,laliga,206003202,2511,R. Terrats,Ramon Terrats,3,7697677,7582043,0,marketPlayerLeague,on_sale,ok,,2026-09-14T22:24:00+02:00,,,
2026-09-14T0538Z,laliga,206003204,2461,J. Vázquez,Jesús Vázquez,2,1745088,1790004,0,marketPlayerLeague,on_sale,ok,,2026-09-14T22:24:00+02:00,,,
2026-09-14T0538Z,laliga,206003207,2561,Hancko,Dávid Hancko,2,37897896,38330918,0,marketPlayerLeague,on_sale,ok,,2026-09-14T22:24:00+02:00,,,
2026-09-14T0538Z,laliga,206003209,3234,Matteo Prati,Matteo Prati,3,3132310,3213555,0,marketPlayerLeague,on_sale,ok,,2026-09-14T22:24:00+02:00,,,
2026-09-14T0538Z,laliga,206003214,2348,M. Aguado,Marc Aguado,3,4274602,4385732,0,marketPlayerLeague,on_sale,ok,,2026-09-14T22:24:00+02:00,,,
2026-09-14T0538Z,laliga,206003217,3161,Javi Hernández,Javi Hernández,3,15265058,14821453,0,marketPlayerLeague,on_sale,ok,,2026-09-14T22:24:00+02:00,,,
2026-09-14T0538Z,laliga,206003220,2724,Adrián Molina,Adrián Molina,1,527605,528840,0,marketPlayerLeague,on_sale,ok,,2026-09-14T22:24:00+02:00,,,
2026-09-14T0538Z,laliga,206003223,3145,Robbie Ure,Robbie Ure,4,11867879,12116253,0,marketPlayerLeague,on_sale,ok,,2026-09-14T22:24:00+02:00,,,
2026-09-14T0538Z,laliga,206003224,3055,Haitam,Haitam Abaida,4,420118,416874,0,marketPlayerLeague,on_sale,doubtful,,2026-09-14T22:24:00+02:00,,,
2026-09-14T0538Z,laliga,10530519,2613,M. Dituro,Matías Dituro,1,9147377,9119130,1,marketPlayerTeam,on_sale,ok,false,2026-09-14T12:07:34+02:00,,,
2026-09-14T0538Z,laliga,14270371,1930,El Hilali,Omar El Hilali,2,15003730,13611120,1,marketPlayerTeam,on_sale,ok,false,2026-09-14T22:43:58+02:00,,,
2026-09-14T0538Z,laliga,14948006,2713,Ionut Radu,Ionut Radu,1,40392907,39643121,1,marketPlayerTeam,on_sale,ok,false,2026-09-16T17:21:28+02:00,,,
2026-09-14T0538Z,laliga,21438625,2384,Unai Lopez,Unai López,3,14130790,12979839,1,marketPlayerTeam,on_sale,ok,false,2026-09-15T21:54:22+02:00,,,
2026-09-14T0538Z,laliga,29361134,2755,Ryan,Mathew Ryan,1,28634963,27645113,1,marketPlayerTeam,on_sale,ok,false,2026-09-16T17:21:20+02:00,,,
2026-09-14T0538Z,laliga,32197047,74,Yuri,Yuri Berchiche Izeta,2,14483461,13338890,1,marketPlayerTeam,on_sale,ok,false,2026-09-14T21:55:04+02:00,,,
2026-09-14T0538Z,laliga,32197157,2315,Paredes,Aitor Paredes,2,12801115,12000435,1,marketPlayerTeam,on_sale,ok,false,2026-09-14T21:55:15+02:00,,,
2026-09-14T0538Z,laliga,32197224,637,Moncayola,Jon Moncayola,3,7529312,8000000,1,marketPlayerTeam,on_sale,ok,false,2026-09-14T21:56:35+02:00,,,
2026-09-14T0538Z,laliga,32197273,3069,Blanco,Antonio Blanco,3,20188408,19546753,1,marketPlayerTeam,on_sale,ok,false,2026-09-14T21:55:35+02:00,,,
2026-09-14T0538Z,laliga,32197503,2444,Sucic,Luka Sucic,3,9421990,8500000,1,marketPlayerTeam,on_sale,ok,false,2026-09-14T21:57:00+02:00,,,
2026-09-14T0538Z,laliga,32197558,2746,Miguel Sierra,Miguel Sierra,4,4853343,4160545,1,marketPlayerTeam,on_sale,ok,false,2026-09-14T21:55:40+02:00,,,
2026-09-14T0538Z,laliga,32197607,3084,Budimir,Ante Budimir,4,62928532,60500000,1,marketPlayerTeam,on_sale,ok,false,2026-09-14T21:57:41+02:00,,,
2026-09-14T0538Z,laliga,32197654,2520,Roberto,Roberto Fernández,4,29352208,26000000,1,marketPlayerTeam,on_sale,ok,false,2026-09-14T21:57:22+02:00,,,
2026-09-14T0538Z,laliga,34098643,3077,Edu Expósito,Edu Expósito,3,30046194,28656740,1,marketPlayerTeam,on_sale,ok,false,2026-09-14T12:08:44+02:00,,,
2026-09-14T0538Z,laliga,34469218,184,David Soria,David Soria Solís,1,36008227,35705411,1,marketPlayerTeam,on_sale,ok,false,2026-09-14T21:55:00+02:00,,,
2026-09-14T0538Z,laliga,34469376,2005,Abel Bretones,Abel Bretones,2,9767913,9471845,1,marketPlayerTeam,on_sale,ok,false,2026-09-14T21:55:12+02:00,,,
2026-09-14T0538Z,laliga,34469782,2962,Luismi Cruz,Luismi Cruz,4,9003692,8351652,1,marketPlayerTeam,on_sale,ok,false,2026-09-14T21:55:44+02:00,,,
2026-09-14T0538Z,laliga,35273492,1056,Pedrosa,Adrià Pedrosa,2,2505631,2612179,1,marketPlayerTeam,on_sale,ok,false,2026-09-15T21:54:05+02:00,,,
2026-09-14T0538Z,laliga,35273636,2596,V. Chust,Victor Chust,2,4564215,4653004,1,marketPlayerTeam,on_sale,ok,false,2026-09-15T21:54:12+02:00,,,
2026-09-14T0538Z,laliga,35273752,2549,Navarro,Robert Navarro,3,6670381,5463645,1,marketPlayerTeam,on_sale,ok,false,2026-09-15T21:54:18+02:00,,,
2026-09-14T0538Z,laliga,35305602,2543,Natan,Natan Bernardo de Souza,2,29972197,30656582,1,marketPlayerTeam,on_sale,ok,false,2026-09-15T22:28:37+02:00,,,
2026-09-14T0538Z,laliga,36178194,2973,Bil Nsongo,Bil Nsongo,4,7583045,7556590,1,marketPlayerTeam,on_sale,ok,false,2026-09-16T20:05:26+02:00,,,
2026-09-14T0552Z,laliga,206003189,3097,Beñat,Beñat San José,5,784685,796631,0,marketPlayerLeague,on_sale,ok,,2026-09-14T22:24:00+02:00,,,
2026-09-14T0552Z,laliga,206003192,3095,Ramis,Luis Miguel Ramis,5,730763,740462,0,marketPlayerLeague,on_sale,ok,,2026-09-14T22:24:00+02:00,,,
2026-09-14T0552Z,laliga,206003195,2651,Iker Losada,Iker Losada,4,1176416,1204684,0,marketPlayerLeague,on_sale,ok,,2026-09-14T22:24:00+02:00,,,
2026-09-14T0552Z,laliga,206003199,3228,Requena,Dani Requena,3,980018,1000103,0,marketPlayerLeague,on_sale,ok,,2026-09-14T22:24:00+02:00,,,
2026-09-14T0552Z,laliga,206003202,2511,R. Terrats,Ramon Terrats,3,7697677,7582043,0,marketPlayerLeague,on_sale,ok,,2026-09-14T22:24:00+02:00,,,
2026-09-14T0552Z,laliga,206003204,2461,J. Vázquez,Jesús Vázquez,2,1745088,1790004,0,marketPlayerLeague,on_sale,ok,,2026-09-14T22:24:00+02:00,,,
2026-09-14T0552Z,laliga,206003207,2561,Hancko,Dávid Hancko,2,37897896,38330918,0,marketPlayerLeague,on_sale,ok,,2026-09-14T22:24:00+02:00,,,
2026-09-14T0552Z,laliga,206003209,3234,Matteo Prati,Matteo Prati,3,3132310,3213555,0,marketPlayerLeague,on_sale,ok,,2026-09-14T22:24:00+02:00,,,
2026-09-14T0552Z,laliga,206003214,2348,M. Aguado,Marc Aguado,3,4274602,4385732,0,marketPlayerLeague,on_sale,ok,,2026-09-14T22:24:00+02:00,,,
2026-09-14T0552Z,laliga,206003217,3161,Javi Hernández,Javi Hernández,3,15265058,14821453,0,marketPlayerLeague,on_sale,ok,,2026-09-14T22:24:00+02:00,,,
2026-09-14T0552Z,laliga,206003220,2724,Adrián Molina,Adrián Molina,1,527605,528840,0,marketPlayerLeague,on_sale,ok,,2026-09-14T22:24:00+02:00,,,
2026-09-14T0552Z,laliga,206003223,3145,Robbie Ure,Robbie Ure,4,11867879,12116253,0,marketPlayerLeague,on_sale,ok,,2026-09-14T22:24:00+02:00,,,
2026-09-14T0552Z,laliga,206003224,3055,Haitam,Haitam Abaida,4,420118,416874,0,marketPlayerLeague,on_sale,doubtful,,2026-09-14T22:24:00+02:00,,,
2026-09-14T0552Z,laliga,10530519,2613,M. Dituro,Matías Dituro,1,9147377,9119130,1,marketPlayerTeam,on_sale,ok,false,2026-09-14T12:07:34+02:00,,,
2026-09-14T0552Z,laliga,14270371,1930,El Hilali,Omar El Hilali,2,15003730,13611120,1,marketPlayerTeam,on_sale,ok,false,2026-09-14T22:43:58+02:00,,,
2026-09-14T0552Z,laliga,21438625,2384,Unai Lopez,Unai López,3,14130790,12979839,1,marketPlayerTeam,on_sale,ok,false,2026-09-15T21:54:22+02:00,,,
2026-09-14T0552Z,laliga,29361134,2755,Ryan,Mathew Ryan,1,28634963,27645113,1,marketPlayerTeam,on_sale,ok,false,2026-09-16T17:21:20+02:00,,,
2026-09-14T0552Z,laliga,32197047,74,Yuri,Yuri Berchiche Izeta,2,14483461,13338890,1,marketPlayerTeam,on_sale,ok,false,2026-09-14T21:55:04+02:00,,,
2026-09-14T0552Z,laliga,32197157,2315,Paredes,Aitor Paredes,2,12801115,12000435,1,marketPlayerTeam,on_sale,ok,false,2026-09-14T21:55:15+02:00,,,
2026-09-14T0552Z,laliga,32197224,637,Moncayola,Jon Moncayola,3,7529312,8000000,1,marketPlayerTeam,on_sale,ok,false,2026-09-14T21:56:35+02:00,,,
2026-09-14T0552Z,laliga,32197273,3069,Blanco,Antonio Blanco,3,20188408,19546753,1,marketPlayerTeam,on_sale,ok,false,2026-09-14T21:55:35+02:00,,,
2026-09-14T0552Z,laliga,32197503,2444,Sucic,Luka Sucic,3,9421990,8500000,1,marketPlayerTeam,on_sale,ok,false,2026-09-14T21:57:00+02:00,,,
2026-09-14T0552Z,laliga,32197558,2746,Miguel Sierra,Miguel Sierra,4,4853343,4160545,1,marketPlayerTeam,on_sale,ok,false,2026-09-14T21:55:40+02:00,,,
2026-09-14T0552Z,laliga,32197607,3084,Budimir,Ante Budimir,4,62928532,60500000,1,marketPlayerTeam,on_sale,ok,false,2026-09-14T21:57:41+02:00,,,
2026-09-14T0552Z,laliga,32197654,2520,Roberto,Roberto Fernández,4,29352208,26000000,1,marketPlayerTeam,on_sale,ok,false,2026-09-14T21:57:22+02:00,,,
2026-09-14T0552Z,laliga,34098643,3077,Edu Expósito,Edu Expósito,3,30046194,28656740,1,marketPlayerTeam,on_sale,ok,false,2026-09-14T12:08:44+02:00,,,
2026-09-14T0552Z,laliga,34469218,184,David Soria,David Soria Solís,1,36008227,35705411,1,marketPlayerTeam,on_sale,ok,false,2026-09-14T21:55:00+02:00,,,
2026-09-14T0552Z,laliga,34469376,2005,Abel Bretones,Abel Bretones,2,9767913,9471845,1,marketPlayerTeam,on_sale,ok,false,2026-09-14T21:55:12+02:00,,,
2026-09-14T0552Z,laliga,34469782,2962,Luismi Cruz,Luismi Cruz,4,9003692,8351652,1,marketPlayerTeam,on_sale,ok,false,2026-09-14T21:55:44+02:00,,,
2026-09-14T0552Z,laliga,35273492,1056,Pedrosa,Adrià Pedrosa,2,2505631,2612179,1,marketPlayerTeam,on_sale,ok,false,2026-09-15T21:54:05+02:00,,,
2026-09-14T0552Z,laliga,35273636,2596,V. Chust,Victor Chust,2,4564215,4653004,1,marketPlayerTeam,on_sale,ok,false,2026-09-15T21:54:12+02:00,,,
2026-09-14T0552Z,laliga,35273752,2549,Navarro,Robert Navarro,3,6670381,5463645,1,marketPlayerTeam,on_sale,ok,false,2026-09-15T21:54:18+02:00,,,
2026-09-14T0552Z,laliga,35305602,2543,Natan,Natan Bernardo de Souza,2,29972197,30656582,1,marketPlayerTeam,on_sale,ok,false,2026-09-15T22:28:37+02:00,,,
2026-09-14T0552Z,laliga,36178194,2973,Bil Nsongo,Bil Nsongo,4,7583045,7556590,1,marketPlayerTeam,on_sale,ok,false,2026-09-16T20:05:26+02:00,,,
2026-09-14T0803Z,laliga,206003189,3097,Beñat,Beñat San José,5,784685,796631,0,marketPlayerLeague,on_sale,ok,,2026-09-14T22:24:00+02:00,,,
2026-09-14T0803Z,laliga,206003192,3095,Ramis,Luis Miguel Ramis,5,730763,740462,0,marketPlayerLeague,on_sale,ok,,2026-09-14T22:24:00+02:00,,,
2026-09-14T0803Z,laliga,206003195,2651,Iker Losada,Iker Losada,4,1176416,1204684,0,marketPlayerLeague,on_sale,ok,,2026-09-14T22:24:00+02:00,,,
2026-09-14T0803Z,laliga,206003199,3228,Requena,Dani Requena,3,980018,1000103,0,marketPlayerLeague,on_sale,ok,,2026-09-14T22:24:00+02:00,,,
2026-09-14T0803Z,laliga,206003202,2511,R. Terrats,Ramon Terrats,3,7697677,7582043,1,marketPlayerLeague,on_sale,ok,,2026-09-14T22:24:00+02:00,31696018,7697677,pending
2026-09-14T0803Z,laliga,206003204,2461,J. Vázquez,Jesús Vázquez,2,1745088,1790004,0,marketPlayerLeague,on_sale,ok,,2026-09-14T22:24:00+02:00,,,
2026-09-14T0803Z,laliga,206003207,2561,Hancko,Dávid Hancko,2,37897896,38330918,0,marketPlayerLeague,on_sale,ok,,2026-09-14T22:24:00+02:00,,,
2026-09-14T0803Z,laliga,206003209,3234,Matteo Prati,Matteo Prati,3,3132310,3213555,0,marketPlayerLeague,on_sale,ok,,2026-09-14T22:24:00+02:00,,,
2026-09-14T0803Z,laliga,206003214,2348,M. Aguado,Marc Aguado,3,4274602,4385732,0,marketPlayerLeague,on_sale,ok,,2026-09-14T22:24:00+02:00,,,
2026-09-14T0803Z,laliga,206003217,3161,Javi Hernández,Javi Hernández,3,15265058,14821453,0,marketPlayerLeague,on_sale,ok,,2026-09-14T22:24:00+02:00,,,
2026-09-14T0803Z,laliga,206003220,2724,Adrián Molina,Adrián Molina,1,527605,528840,0,marketPlayerLeague,on_sale,ok,,2026-09-14T22:24:00+02:00,,,
2026-09-14T0803Z,laliga,206003223,3145,Robbie Ure,Robbie Ure,4,11867879,12116253,0,marketPlayerLeague,on_sale,ok,,2026-09-14T22:24:00+02:00,,,
2026-09-14T0803Z,laliga,206003224,3055,Haitam,Haitam Abaida,4,420118,416874,0,marketPlayerLeague,on_sale,doubtful,,2026-09-14T22:24:00+02:00,,,
2026-09-14T0803Z,laliga,10530519,2613,M. Dituro,Matías Dituro,1,9147377,9119130,1,marketPlayerTeam,on_sale,ok,false,2026-09-14T12:07:34+02:00,,,
2026-09-14T0803Z,laliga,14270371,1930,El Hilali,Omar El Hilali,2,15003730,13611120,1,marketPlayerTeam,on_sale,ok,false,2026-09-14T22:43:58+02:00,,,
2026-09-14T0803Z,laliga,21438625,2384,Unai Lopez,Unai López,3,14130790,12979839,1,marketPlayerTeam,on_sale,ok,false,2026-09-15T21:54:22+02:00,,,
2026-09-14T0803Z,laliga,29361134,2755,Ryan,Mathew Ryan,1,28634963,27645113,1,marketPlayerTeam,on_sale,ok,false,2026-09-16T17:21:20+02:00,,,
2026-09-14T0803Z,laliga,32197047,74,Yuri,Yuri Berchiche Izeta,2,14483461,13338890,1,marketPlayerTeam,on_sale,ok,false,2026-09-14T21:55:04+02:00,,,
2026-09-14T0803Z,laliga,32197157,2315,Paredes,Aitor Paredes,2,12801115,12000435,1,marketPlayerTeam,on_sale,ok,false,2026-09-14T21:55:15+02:00,,,
2026-09-14T0803Z,laliga,32197224,637,Moncayola,Jon Moncayola,3,7529312,8000000,1,marketPlayerTeam,on_sale,ok,false,2026-09-14T21:56:35+02:00,,,
2026-09-14T0803Z,laliga,32197273,3069,Blanco,Antonio Blanco,3,20188408,19546753,1,marketPlayerTeam,on_sale,ok,false,2026-09-14T21:55:35+02:00,,,
2026-09-14T0803Z,laliga,32197503,2444,Sucic,Luka Sucic,3,9421990,8500000,1,marketPlayerTeam,on_sale,ok,false,2026-09-14T21:57:00+02:00,,,
2026-09-14T0803Z,laliga,32197558,2746,Miguel Sierra,Miguel Sierra,4,4853343,4160545,1,marketPlayerTeam,on_sale,ok,false,2026-09-14T21:55:40+02:00,,,
2026-09-14T0803Z,laliga,32197607,3084,Budimir,Ante Budimir,4,62928532,60500000,1,marketPlayerTeam,on_sale,ok,false,2026-09-14T21:57:41+02:00,,,
2026-09-14T0803Z,laliga,32197654,2520,Roberto,Roberto Fernández,4,29352208,26000000,1,marketPlayerTeam,on_sale,ok,false,2026-09-14T21:57:22+02:00,,,
2026-09-14T0803Z,laliga,34098643,3077,Edu Expósito,Edu Expósito,3,30046194,28656740,1,marketPlayerTeam,on_sale,ok,false,2026-09-14T12:08:44+02:00,,,
2026-09-14T0803Z,laliga,34469218,184,David Soria,David Soria Solís,1,36008227,35705411,1,marketPlayerTeam,on_sale,ok,false,2026-09-14T21:55:00+02:00,,,
2026-09-14T0803Z,laliga,34469376,2005,Abel Bretones,Abel Bretones,2,9767913,9471845,1,marketPlayerTeam,on_sale,ok,false,2026-09-14T21:55:12+02:00,,,
2026-09-14T0803Z,laliga,34469782,2962,Luismi Cruz,Luismi Cruz,4,9003692,8351652,1,marketPlayerTeam,on_sale,ok,false,2026-09-14T21:55:44+02:00,,,
2026-09-14T0803Z,laliga,35273492,1056,Pedrosa,Adrià Pedrosa,2,2505631,2612179,1,marketPlayerTeam,on_sale,ok,false,2026-09-15T21:54:05+02:00,,,
2026-09-14T0803Z,laliga,35273636,2596,V. Chust,Victor Chust,2,4564215,4653004,1,marketPlayerTeam,on_sale,ok,false,2026-09-15T21:54:12+02:00,,,
2026-09-14T0803Z,laliga,35273752,2549,Navarro,Robert Navarro,3,6670381,5463645,1,marketPlayerTeam,on_sale,ok,false,2026-09-15T21:54:18+02:00,,,
2026-09-14T0803Z,laliga,35305602,2543,Natan,Natan Bernardo de Souza,2,29972197,30656582,1,marketPlayerTeam,on_sale,ok,false,2026-09-15T22:28:37+02:00,,,
2026-09-14T0803Z,laliga,36178194,2973,Bil Nsongo,Bil Nsongo,4,7583045,7556590,1,marketPlayerTeam,on_sale,ok,false,2026-09-16T20:05:26+02:00,,,
2026-09-14T1744Z,laliga,206003189,3097,Beñat,Beñat San José,5,784439,796631,0,marketPlayerLeague,on_sale,ok,,2026-09-14T22:24:00+02:00,,,
2026-09-14T1744Z,laliga,206003192,3095,Ramis,Luis Miguel Ramis,5,730516,740462,0,marketPlayerLeague,on_sale,ok,,2026-09-14T22:24:00+02:00,,,
2026-09-14T1744Z,laliga,206003195,2651,Iker Losada,Iker Losada,4,1176170,1204684,0,marketPlayerLeague,on_sale,ok,,2026-09-14T22:24:00+02:00,,,
2026-09-14T1744Z,laliga,206003199,3228,Requena,Dani Requena,3,979772,1000103,0,marketPlayerLeague,on_sale,ok,,2026-09-14T22:24:00+02:00,,,
2026-09-14T1744Z,laliga,206003202,2511,R. Terrats,Ramon Terrats,3,7693058,7582043,1,marketPlayerLeague,on_sale,ok,,2026-09-14T22:24:00+02:00,31696018,7697677,pending
2026-09-14T1744Z,laliga,206003204,2461,J. Vázquez,Jesús Vázquez,2,1744757,1790004,0,marketPlayerLeague,on_sale,ok,,2026-09-14T22:24:00+02:00,,,
2026-09-14T1744Z,laliga,206003207,2561,Hancko,Dávid Hancko,2,37885050,38330918,0,marketPlayerLeague,on_sale,ok,,2026-09-14T22:24:00+02:00,,,
2026-09-14T1744Z,laliga,206003209,3234,Matteo Prati,Matteo Prati,3,3131707,3213555,0,marketPlayerLeague,on_sale,ok,,2026-09-14T22:24:00+02:00,,,
2026-09-14T1744Z,laliga,206003214,2348,M. Aguado,Marc Aguado,3,4273798,4385732,0,marketPlayerLeague,on_sale,ok,,2026-09-14T22:24:00+02:00,,,
2026-09-14T1744Z,laliga,206003217,3161,Javi Hernández,Javi Hernández,3,15251748,14821453,0,marketPlayerLeague,on_sale,ok,,2026-09-14T22:24:00+02:00,,,
2026-09-14T1744Z,laliga,206003220,2724,Adrián Molina,Adrián Molina,1,527359,528840,0,marketPlayerLeague,on_sale,ok,,2026-09-14T22:24:00+02:00,,,
2026-09-14T1744Z,laliga,206003223,3145,Robbie Ure,Robbie Ure,4,11864917,12116253,0,marketPlayerLeague,on_sale,ok,,2026-09-14T22:24:00+02:00,,,
2026-09-14T1744Z,laliga,206003224,3055,Haitam,Haitam Abaida,4,419872,416874,0,marketPlayerLeague,on_sale,doubtful,,2026-09-14T22:24:00+02:00,,,
2026-09-14T1744Z,laliga,14270371,1930,El Hilali,Omar El Hilali,2,14990524,13611120,1,marketPlayerTeam,on_sale,ok,false,2026-09-14T22:43:58+02:00,,,
2026-09-14T1744Z,laliga,21438625,2384,Unai Lopez,Unai López,3,14118752,12979839,1,marketPlayerTeam,on_sale,ok,false,2026-09-15T21:54:22+02:00,,,
2026-09-14T1744Z,laliga,29361134,2755,Ryan,Mathew Ryan,1,28609046,27645113,1,marketPlayerTeam,on_sale,ok,false,2026-09-16T17:21:20+02:00,,,
2026-09-14T1744Z,laliga,35273492,1056,Pedrosa,Adrià Pedrosa,2,2504892,2612179,1,marketPlayerTeam,on_sale,ok,false,2026-09-15T21:54:05+02:00,,,
2026-09-14T1744Z,laliga,35273636,2596,V. Chust,Victor Chust,2,4562694,4653004,1,marketPlayerTeam,on_sale,ok,false,2026-09-15T21:54:12+02:00,,,
2026-09-14T1744Z,laliga,35273752,2549,Navarro,Robert Navarro,3,6659162,5463645,1,marketPlayerTeam,on_sale,ok,false,2026-09-15T21:54:18+02:00,,,
2026-09-14T1744Z,laliga,35305602,2543,Natan,Natan Bernardo de Souza,2,29962083,30656582,1,marketPlayerTeam,on_sale,ok,false,2026-09-15T22:28:37+02:00,,,
2026-09-14T1744Z,laliga,36178194,2973,Bil Nsongo,Bil Nsongo,4,7579211,7556590,1,marketPlayerTeam,on_sale,ok,false,2026-09-16T20:05:26+02:00,,,
2026-09-14T1744Z,laliga,37091965,184,David Soria,David Soria Solís,1,35991495,35991495,0,marketPlayerTeam,on_sale,ok,false,2026-09-17T18:45:12+02:00,,,
2026-09-14T1744Z,laliga,37092017,2315,Paredes,Aitor Paredes,2,12793175,12793175,0,marketPlayerTeam,on_sale,ok,false,2026-09-17T18:45:16+02:00,,,
2026-09-14T1744Z,laliga,37092111,2005,Abel Bretones,Abel Bretones,2,9761523,9761523,0,marketPlayerTeam,on_sale,ok,false,2026-09-17T18:45:21+02:00,,,
2026-09-14T1744Z,laliga,37092189,1337,Tenaglia,Nahuel Tenaglia,2,34034700,34034700,0,marketPlayerTeam,on_sale,ok,false,2026-09-17T18:45:27+02:00,,,
2026-09-14T1744Z,laliga,37092248,74,Yuri,Yuri Berchiche Izeta,2,14473359,14473359,0,marketPlayerTeam,on_sale,ok,false,2026-09-17T18:45:31+02:00,,,
2026-09-14T1744Z,laliga,37092309,3069,Blanco,Antonio Blanco,3,20177846,20177846,0,marketPlayerTeam,on_sale,ok,false,2026-09-17T18:45:35+02:00,,,
2026-09-14T1744Z,laliga,37092390,2444,Sucic,Luka Sucic,3,9415324,9415324,0,marketPlayerTeam,on_sale,ok,false,2026-09-17T18:45:41+02:00,,,
2026-09-14T1744Z,laliga,37092438,637,Moncayola,Jon Moncayola,3,7527202,7527202,0,marketPlayerTeam,on_sale,ok,false,2026-09-17T18:45:44+02:00,,,
2026-09-14T1744Z,laliga,37092500,2548,Riquelme,Rodrigo Riquelme,3,16940987,16940987,0,marketPlayerTeam,on_sale,ok,false,2026-09-17T18:45:47+02:00,,,
2026-09-14T1744Z,laliga,37092569,2962,Luismi Cruz,Luismi Cruz,4,8999756,8999756,0,marketPlayerTeam,on_sale,ok,false,2026-09-17T18:45:51+02:00,,,
2026-09-14T1744Z,laliga,37092637,2746,Miguel Sierra,Miguel Sierra,4,4849020,4849020,0,marketPlayerTeam,on_sale,ok,false,2026-09-17T18:45:54+02:00,,,
2026-09-14T1744Z,laliga,37092821,3084,Budimir,Ante Budimir,4,62890932,62890932,0,marketPlayerTeam,on_sale,ok,false,2026-09-17T18:46:05+02:00,,,
2026-09-14T1744Z,laliga,37092869,2520,Roberto,Roberto Fernández,4,29318180,29318180,0,marketPlayerTeam,on_sale,ok,false,2026-09-17T18:46:08+02:00,,,
2026-09-14T1744Z,laliga,37092932,2600,Mariano,Mariano Díaz,4,16938416,16938416,0,marketPlayerTeam,on_sale,ok,false,2026-09-17T18:46:12+02:00,,,
2026-09-15T0543Z,laliga,212380964,1976,Hansi Flick,Hans-Dieter Flick,5,4509106,4647651,0,marketPlayerLeague,on_sale,ok,,2026-09-15T22:24:00+02:00,,,
2026-09-15T0543Z,laliga,212380969,2951,Sánchez Flores,Enrique Sánchez Flores,5,547589,553095,0,marketPlayerLeague,on_sale,ok,,2026-09-15T22:24:00+02:00,,,
2026-09-15T0543Z,laliga,212380973,2332,Sorloth,Alexander Sørloth,4,9742533,10025410,0,marketPlayerLeague,on_sale,injured,,2026-09-15T22:24:00+02:00,,,
2026-09-15T0543Z,laliga,212380976,2818,Hector Fort,Héctor Fort,2,3391714,3439129,0,marketPlayerLeague,on_sale,ok,,2026-09-15T22:24:00+02:00,,,
2026-09-15T0543Z,laliga,212380978,3075,Javi Guerra,Javi Guerra,3,19176371,19459578,0,marketPlayerLeague,on_sale,ok,,2026-09-15T22:24:00+02:00,,,
2026-09-15T0543Z,laliga,212380979,2609,Valentín Gómez,Valentín Gómez,2,1651536,1674545,0,marketPlayerLeague,on_sale,ok,,2026-09-15T22:24:00+02:00,,,
2026-09-15T0543Z,laliga,212380981,2302,R. Brugué,Roger Brugué,4,4284670,3988540,1,marketPlayerLeague,on_sale,ok,,2026-09-15T22:24:00+02:00,,,
2026-09-15T0543Z,laliga,212380983,3272,Javier Gil,Javier Gil,2,1127082,1156734,0,marketPlayerLeague,on_sale,ok,,2026-09-15T22:24:00+02:00,,,
2026-09-15T0543Z,laliga,212380985,2366,Diego Rico,Diego Rico,2,2386841,2456821,0,marketPlayerLeague,on_sale,ok,,2026-09-15T22:24:00+02:00,,,
2026-09-15T0543Z,laliga,212380986,3240,Driouech,Couhaib Driouech,4,2884383,2953986,0,marketPlayerLeague,on_sale,ok,,2026-09-15T22:24:00+02:00,,,
2026-09-15T0543Z,laliga,212380987,1070,De Galarreta,Inigo Ruiz de Galarreta,3,16057329,15781208,0,marketPlayerLeague,on_sale,ok,,2026-09-15T22:24:00+02:00,,,
2026-09-15T0543Z,laliga,212380988,2587,Josan,José Antonio Ferrández Pomares,3,620896,629457,0,marketPlayerLeague,on_sale,ok,,2026-09-15T22:24:00+02:00,,,
2026-09-15T0543Z,laliga,212380989,3082,Lejeune,Florian Lejeune,2,21283244,21804934,0,marketPlayerLeague,on_sale,ok,,2026-09-15T22:24:00+02:00,,,
2026-09-15T0543Z,laliga,10530519,2613,M. Dituro,Matías Dituro,1,9198731,9142273,0,marketPlayerTeam,on_sale,ok,false,2026-09-17T23:31:46+02:00,,,
2026-09-15T0543Z,laliga,21438625,2384,Unai Lopez,Unai López,3,14538664,12979839,1,marketPlayerTeam,on_sale,ok,false,2026-09-15T21:54:22+02:00,,,
2026-09-15T0543Z,laliga,29361134,2755,Ryan,Mathew Ryan,1,29081326,27645113,1,marketPlayerTeam,on_sale,ok,false,2026-09-16T17:21:20+02:00,,,
2026-09-15T0543Z,laliga,35273492,1056,Pedrosa,Adrià Pedrosa,2,2493716,2612179,0,marketPlayerTeam,on_sale,ok,false,2026-09-15T21:54:05+02:00,,,
2026-09-15T0543Z,laliga,35273636,2596,V. Chust,Victor Chust,2,4522602,4653004,0,marketPlayerTeam,on_sale,ok,false,2026-09-15T21:54:12+02:00,,,
2026-09-15T0543Z,laliga,35273752,2549,Navarro,Robert Navarro,3,7268534,5463645,1,marketPlayerTeam,on_sale,ok,false,2026-09-15T21:54:18+02:00,,,
2026-09-15T0543Z,laliga,35305602,2543,Natan,Natan Bernardo de Souza,2,29682294,30656582,1,marketPlayerTeam,on_sale,ok,false,2026-09-15T22:28:37+02:00,,,
2026-09-15T0543Z,laliga,37091965,184,David Soria,David Soria Solís,1,35909042,35991495,1,marketPlayerTeam,on_sale,ok,false,2026-09-17T18:45:12+02:00,,,
2026-09-15T0543Z,laliga,37092017,2315,Paredes,Aitor Paredes,2,12938432,12793175,1,marketPlayerTeam,on_sale,ok,false,2026-09-17T18:45:16+02:00,,,
2026-09-15T0543Z,laliga,37092111,2005,Abel Bretones,Abel Bretones,2,9902425,9761523,1,marketPlayerTeam,on_sale,ok,false,2026-09-17T18:45:21+02:00,,,
2026-09-15T0543Z,laliga,37092189,1337,Tenaglia,Nahuel Tenaglia,2,34243030,34034700,1,marketPlayerTeam,on_sale,ok,false,2026-09-17T18:45:27+02:00,,,
2026-09-15T0543Z,laliga,37092248,74,Yuri,Yuri Berchiche Izeta,2,14690114,14473359,1,marketPlayerTeam,on_sale,ok,false,2026-09-17T18:45:31+02:00,,,
2026-09-15T0543Z,laliga,37092309,3069,Blanco,Antonio Blanco,3,20212320,20177846,1,marketPlayerTeam,on_sale,ok,false,2026-09-17T18:45:35+02:00,,,
2026-09-15T0543Z,laliga,37092390,2444,Sucic,Luka Sucic,3,9829516,9415324,1,marketPlayerTeam,on_sale,ok,false,2026-09-17T18:45:41+02:00,,,
2026-09-15T0543Z,laliga,37092500,2548,Riquelme,Rodrigo Riquelme,3,17341754,16940987,1,marketPlayerTeam,on_sale,ok,false,2026-09-17T18:45:47+02:00,,,
2026-09-15T0543Z,laliga,37092569,2962,Luismi Cruz,Luismi Cruz,4,9231497,8999756,1,marketPlayerTeam,on_sale,ok,false,2026-09-17T18:45:51+02:00,,,
2026-09-15T0543Z,laliga,37092637,2746,Miguel Sierra,Miguel Sierra,4,4967585,4849020,1,marketPlayerTeam,on_sale,ok,false,2026-09-17T18:45:54+02:00,,,
2026-09-15T0543Z,laliga,37092821,3084,Budimir,Ante Budimir,4,62732630,62890932,1,marketPlayerTeam,on_sale,ok,false,2026-09-17T18:46:05+02:00,,,
2026-09-15T0543Z,laliga,37092869,2520,Roberto,Roberto Fernández,4,30968470,29318180,1,marketPlayerTeam,on_sale,ok,false,2026-09-17T18:46:08+02:00,,,
2026-09-15T0543Z,laliga,37092932,2600,Mariano,Mariano Díaz,4,17833790,16938416,1,marketPlayerTeam,on_sale,ok,false,2026-09-17T18:46:12+02:00,,,
2026-09-15T0543Z,laliga,37376588,2742,Nacho Perez,Nacho Pérez,2,2172219,2126467,0,marketPlayerTeam,on_sale,ok,false,2026-09-17T23:31:54+02:00,,,
2026-09-15T0802Z,laliga,212380964,1976,Hansi Flick,Hans-Dieter Flick,5,4509106,4647651,0,marketPlayerLeague,on_sale,ok,,2026-09-15T22:24:00+02:00,,,
2026-09-15T0802Z,laliga,212380969,2951,Sánchez Flores,Enrique Sánchez Flores,5,547589,553095,0,marketPlayerLeague,on_sale,ok,,2026-09-15T22:24:00+02:00,,,
2026-09-15T0802Z,laliga,212380973,2332,Sorloth,Alexander Sørloth,4,9742533,10025410,0,marketPlayerLeague,on_sale,injured,,2026-09-15T22:24:00+02:00,,,
2026-09-15T0802Z,laliga,212380976,2818,Hector Fort,Héctor Fort,2,3391714,3439129,0,marketPlayerLeague,on_sale,ok,,2026-09-15T22:24:00+02:00,,,
2026-09-15T0802Z,laliga,212380978,3075,Javi Guerra,Javi Guerra,3,19176371,19459578,0,marketPlayerLeague,on_sale,ok,,2026-09-15T22:24:00+02:00,,,
2026-09-15T0802Z,laliga,212380979,2609,Valentín Gómez,Valentín Gómez,2,1651536,1674545,0,marketPlayerLeague,on_sale,ok,,2026-09-15T22:24:00+02:00,,,
2026-09-15T0802Z,laliga,212380981,2302,R. Brugué,Roger Brugué,4,4284670,3988540,2,marketPlayerLeague,on_sale,ok,,2026-09-15T22:24:00+02:00,32472283,4394670,pending
2026-09-15T0802Z,laliga,212380983,3272,Javier Gil,Javier Gil,2,1127082,1156734,0,marketPlayerLeague,on_sale,ok,,2026-09-15T22:24:00+02:00,,,
2026-09-15T0802Z,laliga,212380985,2366,Diego Rico,Diego Rico,2,2386841,2456821,0,marketPlayerLeague,on_sale,ok,,2026-09-15T22:24:00+02:00,,,
2026-09-15T0802Z,laliga,212380986,3240,Driouech,Couhaib Driouech,4,2884383,2953986,0,marketPlayerLeague,on_sale,ok,,2026-09-15T22:24:00+02:00,,,
2026-09-15T0802Z,laliga,212380987,1070,De Galarreta,Inigo Ruiz de Galarreta,3,16057329,15781208,0,marketPlayerLeague,on_sale,ok,,2026-09-15T22:24:00+02:00,,,
2026-09-15T0802Z,laliga,212380988,2587,Josan,José Antonio Ferrández Pomares,3,620896,629457,0,marketPlayerLeague,on_sale,ok,,2026-09-15T22:24:00+02:00,,,
2026-09-15T0802Z,laliga,212380989,3082,Lejeune,Florian Lejeune,2,21283244,21804934,0,marketPlayerLeague,on_sale,ok,,2026-09-15T22:24:00+02:00,,,
2026-09-15T0802Z,laliga,10530519,2613,M. Dituro,Matías Dituro,1,9198731,9142273,0,marketPlayerTeam,on_sale,ok,false,2026-09-17T23:31:46+02:00,,,
2026-09-15T0802Z,laliga,21438625,2384,Unai Lopez,Unai López,3,14538664,12979839,1,marketPlayerTeam,on_sale,ok,false,2026-09-15T21:54:22+02:00,,,
2026-09-15T0802Z,laliga,35273492,1056,Pedrosa,Adrià Pedrosa,2,2493716,2612179,0,marketPlayerTeam,on_sale,ok,false,2026-09-15T21:54:05+02:00,,,
2026-09-15T0802Z,laliga,35273636,2596,V. Chust,Victor Chust,2,4522602,4653004,0,marketPlayerTeam,on_sale,ok,false,2026-09-15T21:54:12+02:00,,,
2026-09-15T0802Z,laliga,35273752,2549,Navarro,Robert Navarro,3,7268534,5463645,1,marketPlayerTeam,on_sale,ok,false,2026-09-15T21:54:18+02:00,,,
2026-09-15T0802Z,laliga,35305602,2543,Natan,Natan Bernardo de Souza,2,29682294,30656582,1,marketPlayerTeam,on_sale,ok,false,2026-09-15T22:28:37+02:00,,,
2026-09-15T0802Z,laliga,37091965,184,David Soria,David Soria Solís,1,35909042,35991495,1,marketPlayerTeam,on_sale,ok,false,2026-09-17T18:45:12+02:00,,,
2026-09-15T0802Z,laliga,37092017,2315,Paredes,Aitor Paredes,2,12938432,12793175,1,marketPlayerTeam,on_sale,ok,false,2026-09-17T18:45:16+02:00,,,
2026-09-15T0802Z,laliga,37092111,2005,Abel Bretones,Abel Bretones,2,9902425,9761523,1,marketPlayerTeam,on_sale,ok,false,2026-09-17T18:45:21+02:00,,,
2026-09-15T0802Z,laliga,37092189,1337,Tenaglia,Nahuel Tenaglia,2,34243030,34034700,1,marketPlayerTeam,on_sale,ok,false,2026-09-17T18:45:27+02:00,,,
2026-09-15T0802Z,laliga,37092248,74,Yuri,Yuri Berchiche Izeta,2,14690114,14473359,1,marketPlayerTeam,on_sale,ok,false,2026-09-17T18:45:31+02:00,,,
2026-09-15T0802Z,laliga,37092309,3069,Blanco,Antonio Blanco,3,20212320,20177846,1,marketPlayerTeam,on_sale,ok,false,2026-09-17T18:45:35+02:00,,,
2026-09-15T0802Z,laliga,37092390,2444,Sucic,Luka Sucic,3,9829516,9415324,1,marketPlayerTeam,on_sale,ok,false,2026-09-17T18:45:41+02:00,,,
2026-09-15T0802Z,laliga,37092500,2548,Riquelme,Rodrigo Riquelme,3,17341754,16940987,1,marketPlayerTeam,on_sale,ok,false,2026-09-17T18:45:47+02:00,,,
2026-09-15T0802Z,laliga,37092569,2962,Luismi Cruz,Luismi Cruz,4,9231497,8999756,1,marketPlayerTeam,on_sale,ok,false,2026-09-17T18:45:51+02:00,,,
2026-09-15T0802Z,laliga,37092637,2746,Miguel Sierra,Miguel Sierra,4,4967585,4849020,1,marketPlayerTeam,on_sale,ok,false,2026-09-17T18:45:54+02:00,,,
2026-09-15T0802Z,laliga,37092821,3084,Budimir,Ante Budimir,4,62732630,62890932,1,marketPlayerTeam,on_sale,ok,false,2026-09-17T18:46:05+02:00,,,
2026-09-15T0802Z,laliga,37092869,2520,Roberto,Roberto Fernández,4,30968470,29318180,1,marketPlayerTeam,on_sale,ok,false,2026-09-17T18:46:08+02:00,,,
2026-09-15T0802Z,laliga,37092932,2600,Mariano,Mariano Díaz,4,17833790,16938416,1,marketPlayerTeam,on_sale,ok,false,2026-09-17T18:46:12+02:00,,,
2026-09-15T0802Z,laliga,37376588,2742,Nacho Perez,Nacho Pérez,2,2172219,2126467,0,marketPlayerTeam,on_sale,ok,false,2026-09-17T23:31:54+02:00,,,
2026-09-15T0846Z,laliga,212380964,1976,Hansi Flick,Hans-Dieter Flick,5,4509106,4647651,0,marketPlayerLeague,on_sale,ok,,2026-09-15T22:24:00+02:00,,,
2026-09-15T0846Z,laliga,212380969,2951,Sánchez Flores,Enrique Sánchez Flores,5,547589,553095,0,marketPlayerLeague,on_sale,ok,,2026-09-15T22:24:00+02:00,,,
2026-09-15T0846Z,laliga,212380973,2332,Sorloth,Alexander Sørloth,4,9742533,10025410,0,marketPlayerLeague,on_sale,injured,,2026-09-15T22:24:00+02:00,,,
2026-09-15T0846Z,laliga,212380976,2818,Hector Fort,Héctor Fort,2,3391714,3439129,0,marketPlayerLeague,on_sale,ok,,2026-09-15T22:24:00+02:00,,,
2026-09-15T0846Z,laliga,212380978,3075,Javi Guerra,Javi Guerra,3,19176371,19459578,0,marketPlayerLeague,on_sale,ok,,2026-09-15T22:24:00+02:00,,,
2026-09-15T0846Z,laliga,212380979,2609,Valentín Gómez,Valentín Gómez,2,1651536,1674545,0,marketPlayerLeague,on_sale,ok,,2026-09-15T22:24:00+02:00,,,
2026-09-15T0846Z,laliga,212380981,2302,R. Brugué,Roger Brugué,4,4284670,3988540,2,marketPlayerLeague,on_sale,ok,,2026-09-15T22:24:00+02:00,32472283,4394670,pending
2026-09-15T0846Z,laliga,212380983,3272,Javier Gil,Javier Gil,2,1127082,1156734,0,marketPlayerLeague,on_sale,ok,,2026-09-15T22:24:00+02:00,,,
2026-09-15T0846Z,laliga,212380985,2366,Diego Rico,Diego Rico,2,2386841,2456821,0,marketPlayerLeague,on_sale,ok,,2026-09-15T22:24:00+02:00,,,
2026-09-15T0846Z,laliga,212380986,3240,Driouech,Couhaib Driouech,4,2884383,2953986,0,marketPlayerLeague,on_sale,ok,,2026-09-15T22:24:00+02:00,,,
2026-09-15T0846Z,laliga,212380987,1070,De Galarreta,Inigo Ruiz de Galarreta,3,16057329,15781208,1,marketPlayerLeague,on_sale,ok,,2026-09-15T22:24:00+02:00,32516421,16057329,pending
2026-09-15T0846Z,laliga,212380988,2587,Josan,José Antonio Ferrández Pomares,3,620896,629457,0,marketPlayerLeague,on_sale,ok,,2026-09-15T22:24:00+02:00,,,
2026-09-15T0846Z,laliga,212380989,3082,Lejeune,Florian Lejeune,2,21283244,21804934,0,marketPlayerLeague,on_sale,ok,,2026-09-15T22:24:00+02:00,,,
2026-09-15T0846Z,laliga,10530519,2613,M. Dituro,Matías Dituro,1,9198731,9142273,0,marketPlayerTeam,on_sale,ok,false,2026-09-17T23:31:46+02:00,,,
2026-09-15T0846Z,laliga,21438625,2384,Unai Lopez,Unai López,3,14538664,12979839,1,marketPlayerTeam,on_sale,ok,false,2026-09-15T21:54:22+02:00,,,
2026-09-15T0846Z,laliga,35273492,1056,Pedrosa,Adrià Pedrosa,2,2493716,2612179,0,marketPlayerTeam,on_sale,ok,false,2026-09-15T21:54:05+02:00,,,
2026-09-15T0846Z,laliga,35273636,2596,V. Chust,Victor Chust,2,4522602,4653004,0,marketPlayerTeam,on_sale,ok,false,2026-09-15T21:54:12+02:00,,,
2026-09-15T0846Z,laliga,35273752,2549,Navarro,Robert Navarro,3,7268534,5463645,1,marketPlayerTeam,on_sale,ok,false,2026-09-15T21:54:18+02:00,,,
2026-09-15T0846Z,laliga,35305602,2543,Natan,Natan Bernardo de Souza,2,29682294,30656582,1,marketPlayerTeam,on_sale,ok,false,2026-09-15T22:28:37+02:00,,,
2026-09-15T0846Z,laliga,37091965,184,David Soria,David Soria Solís,1,35909042,35991495,1,marketPlayerTeam,on_sale,ok,false,2026-09-17T18:45:12+02:00,,,
2026-09-15T0846Z,laliga,37092017,2315,Paredes,Aitor Paredes,2,12938432,12793175,1,marketPlayerTeam,on_sale,ok,false,2026-09-17T18:45:16+02:00,,,
2026-09-15T0846Z,laliga,37092111,2005,Abel Bretones,Abel Bretones,2,9902425,9761523,1,marketPlayerTeam,on_sale,ok,false,2026-09-17T18:45:21+02:00,,,
2026-09-15T0846Z,laliga,37092189,1337,Tenaglia,Nahuel Tenaglia,2,34243030,34034700,1,marketPlayerTeam,on_sale,ok,false,2026-09-17T18:45:27+02:00,,,
2026-09-15T0846Z,laliga,37092248,74,Yuri,Yuri Berchiche Izeta,2,14690114,14473359,1,marketPlayerTeam,on_sale,ok,false,2026-09-17T18:45:31+02:00,,,
2026-09-15T0846Z,laliga,37092309,3069,Blanco,Antonio Blanco,3,20212320,20177846,1,marketPlayerTeam,on_sale,ok,false,2026-09-17T18:45:35+02:00,,,
2026-09-15T0846Z,laliga,37092390,2444,Sucic,Luka Sucic,3,9829516,9415324,1,marketPlayerTeam,on_sale,ok,false,2026-09-17T18:45:41+02:00,,,
2026-09-15T0846Z,laliga,37092500,2548,Riquelme,Rodrigo Riquelme,3,17341754,16940987,1,marketPlayerTeam,on_sale,ok,false,2026-09-17T18:45:47+02:00,,,
2026-09-15T0846Z,laliga,37092569,2962,Luismi Cruz,Luismi Cruz,4,9231497,8999756,1,marketPlayerTeam,on_sale,ok,false,2026-09-17T18:45:51+02:00,,,
2026-09-15T0846Z,laliga,37092637,2746,Miguel Sierra,Miguel Sierra,4,4967585,4849020,1,marketPlayerTeam,on_sale,ok,false,2026-09-17T18:45:54+02:00,,,
2026-09-15T0846Z,laliga,37092821,3084,Budimir,Ante Budimir,4,62732630,62890932,1,marketPlayerTeam,on_sale,ok,false,2026-09-17T18:46:05+02:00,,,
2026-09-15T0846Z,laliga,37092869,2520,Roberto,Roberto Fernández,4,30968470,29318180,1,marketPlayerTeam,on_sale,ok,false,2026-09-17T18:46:08+02:00,,,
2026-09-15T0846Z,laliga,37092932,2600,Mariano,Mariano Díaz,4,17833790,16938416,1,marketPlayerTeam,on_sale,ok,false,2026-09-17T18:46:12+02:00,,,
2026-09-15T0846Z,laliga,37376588,2742,Nacho Perez,Nacho Pérez,2,2172219,2126467,0,marketPlayerTeam,on_sale,ok,false,2026-09-17T23:31:54+02:00,,,
2026-09-15T1324Z,laliga,212380964,1976,Hansi Flick,Hans-Dieter Flick,5,4509106,4647651,0,marketPlayerLeague,on_sale,ok,,2026-09-15T22:24:00+02:00,,,
2026-09-15T1324Z,laliga,212380969,2951,Sánchez Flores,Enrique Sánchez Flores,5,547589,553095,0,marketPlayerLeague,on_sale,ok,,2026-09-15T22:24:00+02:00,,,
2026-09-15T1324Z,laliga,212380973,2332,Sorloth,Alexander Sørloth,4,9742533,10025410,0,marketPlayerLeague,on_sale,injured,,2026-09-15T22:24:00+02:00,,,
2026-09-15T1324Z,laliga,212380976,2818,Hector Fort,Héctor Fort,2,3391714,3439129,0,marketPlayerLeague,on_sale,ok,,2026-09-15T22:24:00+02:00,,,
2026-09-15T1324Z,laliga,212380978,3075,Javi Guerra,Javi Guerra,3,19176371,19459578,0,marketPlayerLeague,on_sale,ok,,2026-09-15T22:24:00+02:00,,,
2026-09-15T1324Z,laliga,212380979,2609,Valentín Gómez,Valentín Gómez,2,1651536,1674545,0,marketPlayerLeague,on_sale,ok,,2026-09-15T22:24:00+02:00,,,
2026-09-15T1324Z,laliga,212380981,2302,R. Brugué,Roger Brugué,4,4284670,3988540,2,marketPlayerLeague,on_sale,ok,,2026-09-15T22:24:00+02:00,32472283,4394670,pending
2026-09-15T1324Z,laliga,212380983,3272,Javier Gil,Javier Gil,2,1127082,1156734,0,marketPlayerLeague,on_sale,ok,,2026-09-15T22:24:00+02:00,,,
2026-09-15T1324Z,laliga,212380985,2366,Diego Rico,Diego Rico,2,2386841,2456821,0,marketPlayerLeague,on_sale,ok,,2026-09-15T22:24:00+02:00,,,
2026-09-15T1324Z,laliga,212380986,3240,Driouech,Couhaib Driouech,4,2884383,2953986,0,marketPlayerLeague,on_sale,ok,,2026-09-15T22:24:00+02:00,,,
2026-09-15T1324Z,laliga,212380987,1070,De Galarreta,Inigo Ruiz de Galarreta,3,16057329,15781208,1,marketPlayerLeague,on_sale,ok,,2026-09-15T22:24:00+02:00,32516421,16057329,pending
2026-09-15T1324Z,laliga,212380988,2587,Josan,José Antonio Ferrández Pomares,3,620896,629457,0,marketPlayerLeague,on_sale,ok,,2026-09-15T22:24:00+02:00,,,
2026-09-15T1324Z,laliga,212380989,3082,Lejeune,Florian Lejeune,2,21283244,21804934,0,marketPlayerLeague,on_sale,ok,,2026-09-15T22:24:00+02:00,,,
2026-09-15T1324Z,laliga,10530519,2613,M. Dituro,Matías Dituro,1,9198731,9142273,0,marketPlayerTeam,on_sale,ok,false,2026-09-17T23:31:46+02:00,,,
2026-09-15T1324Z,laliga,21438625,2384,Unai Lopez,Unai López,3,14538664,12979839,1,marketPlayerTeam,on_sale,ok,false,2026-09-15T21:54:22+02:00,,,
2026-09-15T1324Z,laliga,35273492,1056,Pedrosa,Adrià Pedrosa,2,2493716,2612179,0,marketPlayerTeam,on_sale,ok,false,2026-09-15T21:54:05+02:00,,,
2026-09-15T1324Z,laliga,35273636,2596,V. Chust,Victor Chust,2,4522602,4653004,0,marketPlayerTeam,on_sale,ok,false,2026-09-15T21:54:12+02:00,,,
2026-09-15T1324Z,laliga,35273752,2549,Navarro,Robert Navarro,3,7268534,5463645,1,marketPlayerTeam,on_sale,ok,false,2026-09-15T21:54:18+02:00,,,
2026-09-15T1324Z,laliga,35305602,2543,Natan,Natan Bernardo de Souza,2,29682294,30656582,1,marketPlayerTeam,on_sale,ok,false,2026-09-15T22:28:37+02:00,,,
2026-09-15T1324Z,laliga,37091965,184,David Soria,David Soria Solís,1,35909042,35991495,1,marketPlayerTeam,on_sale,ok,false,2026-09-17T18:45:12+02:00,,,
2026-09-15T1324Z,laliga,37092017,2315,Paredes,Aitor Paredes,2,12938432,12793175,1,marketPlayerTeam,on_sale,ok,false,2026-09-17T18:45:16+02:00,,,
2026-09-15T1324Z,laliga,37092111,2005,Abel Bretones,Abel Bretones,2,9902425,9761523,1,marketPlayerTeam,on_sale,ok,false,2026-09-17T18:45:21+02:00,,,
2026-09-15T1324Z,laliga,37092189,1337,Tenaglia,Nahuel Tenaglia,2,34243030,34034700,1,marketPlayerTeam,on_sale,ok,false,2026-09-17T18:45:27+02:00,,,
2026-09-15T1324Z,laliga,37092248,74,Yuri,Yuri Berchiche Izeta,2,14690114,14473359,1,marketPlayerTeam,on_sale,ok,false,2026-09-17T18:45:31+02:00,,,
2026-09-15T1324Z,laliga,37092309,3069,Blanco,Antonio Blanco,3,20212320,20177846,1,marketPlayerTeam,on_sale,ok,false,2026-09-17T18:45:35+02:00,,,
2026-09-15T1324Z,laliga,37092390,2444,Sucic,Luka Sucic,3,9829516,9415324,1,marketPlayerTeam,on_sale,ok,false,2026-09-17T18:45:41+02:00,,,
2026-09-15T1324Z,laliga,37092500,2548,Riquelme,Rodrigo Riquelme,3,17341754,16940987,1,marketPlayerTeam,on_sale,ok,false,2026-09-17T18:45:47+02:00,,,
2026-09-15T1324Z,laliga,37092569,2962,Luismi Cruz,Luismi Cruz,4,9231497,8999756,1,marketPlayerTeam,on_sale,ok,false,2026-09-17T18:45:51+02:00,,,
2026-09-15T1324Z,laliga,37092637,2746,Miguel Sierra,Miguel Sierra,4,4967585,4849020,1,marketPlayerTeam,on_sale,ok,false,2026-09-17T18:45:54+02:00,,,
2026-09-15T1324Z,laliga,37092821,3084,Budimir,Ante Budimir,4,62732630,62890932,1,marketPlayerTeam,on_sale,ok,false,2026-09-17T18:46:05+02:00,,,
2026-09-15T1324Z,laliga,37092869,2520,Roberto,Roberto Fernández,4,30968470,29318180,1,marketPlayerTeam,on_sale,ok,false,2026-09-17T18:46:08+02:00,,,
2026-09-15T1324Z,laliga,37092932,2600,Mariano,Mariano Díaz,4,17833790,16938416,1,marketPlayerTeam,on_sale,ok,false,2026-09-17T18:46:12+02:00,,,
2026-09-15T1324Z,laliga,37376588,2742,Nacho Perez,Nacho Pérez,2,2172219,2126467,0,marketPlayerTeam,on_sale,ok,false,2026-09-17T23:31:54+02:00,,,
2026-09-15T1324Z,laliga,37711564,2561,Hancko,Dávid Hancko,2,38046906,38046906,0,marketPlayerTeam,on_sale,ok,false,2026-09-18T14:47:45+02:00,,,
2026-09-15T1324Z,laliga,37711634,3161,Javi Hernández,Javi Hernández,3,15672257,15672257,0,marketPlayerTeam,on_sale,ok,false,2026-09-18T14:47:51+02:00,,,
2026-09-15T1324Z,laliga,37711701,2511,R. Terrats,Ramon Terrats,3,8107075,8107075,0,marketPlayerTeam,on_sale,ok,false,2026-09-18T14:47:55+02:00,,,
2026-09-15T2040Z,laliga,10530519,2613,M. Dituro,Matías Dituro,1,9198731,9142273,0,marketPlayerTeam,on_sale,ok,false,2026-09-17T23:31:46+02:00,,,
2026-09-15T2040Z,laliga,23198759,2930,Nuñez,Unai Núñez,2,10327141,10327141,0,marketPlayerTeam,on_sale,ok,false,2026-09-18T22:14:15+02:00,,,
2026-09-15T2040Z,laliga,37091965,184,David Soria,David Soria Solís,1,35909042,35991495,0,marketPlayerTeam,on_sale,ok,false,2026-09-17T18:45:12+02:00,,,
2026-09-15T2040Z,laliga,37092017,2315,Paredes,Aitor Paredes,2,12938432,12793175,0,marketPlayerTeam,on_sale,ok,false,2026-09-17T18:45:16+02:00,,,
2026-09-15T2040Z,laliga,37092111,2005,Abel Bretones,Abel Bretones,2,9902425,9761523,0,marketPlayerTeam,on_sale,ok,false,2026-09-17T18:45:21+02:00,,,
2026-09-15T2040Z,laliga,37092189,1337,Tenaglia,Nahuel Tenaglia,2,34243030,34034700,0,marketPlayerTeam,on_sale,ok,false,2026-09-17T18:45:27+02:00,,,
2026-09-15T2040Z,laliga,37092248,74,Yuri,Yuri Berchiche Izeta,2,14690114,14473359,0,marketPlayerTeam,on_sale,ok,false,2026-09-17T18:45:31+02:00,,,
2026-09-15T2040Z,laliga,37092309,3069,Blanco,Antonio Blanco,3,20212320,20177846,0,marketPlayerTeam,on_sale,ok,false,2026-09-17T18:45:35+02:00,,,
2026-09-15T2040Z,laliga,37092390,2444,Sucic,Luka Sucic,3,9829516,9415324,0,marketPlayerTeam,on_sale,ok,false,2026-09-17T18:45:41+02:00,,,
2026-09-15T2040Z,laliga,37092500,2548,Riquelme,Rodrigo Riquelme,3,17341754,16940987,0,marketPlayerTeam,on_sale,ok,false,2026-09-17T18:45:47+02:00,,,
2026-09-15T2040Z,laliga,37092569,2962,Luismi Cruz,Luismi Cruz,4,9231497,8999756,0,marketPlayerTeam,on_sale,ok,false,2026-09-17T18:45:51+02:00,,,
2026-09-15T2040Z,laliga,37092637,2746,Miguel Sierra,Miguel Sierra,4,4967585,4849020,0,marketPlayerTeam,on_sale,ok,false,2026-09-17T18:45:54+02:00,,,
2026-09-15T2040Z,laliga,37092821,3084,Budimir,Ante Budimir,4,62732630,62890932,0,marketPlayerTeam,on_sale,ok,false,2026-09-17T18:46:05+02:00,,,
2026-09-15T2040Z,laliga,37092869,2520,Roberto,Roberto Fernández,4,30968470,29318180,0,marketPlayerTeam,on_sale,ok,false,2026-09-17T18:46:08+02:00,,,
2026-09-15T2040Z,laliga,37092932,2600,Mariano,Mariano Díaz,4,17833790,16938416,0,marketPlayerTeam,on_sale,ok,false,2026-09-17T18:46:12+02:00,,,
2026-09-15T2040Z,laliga,37376588,2742,Nacho Perez,Nacho Pérez,2,2172219,2126467,0,marketPlayerTeam,on_sale,ok,false,2026-09-17T23:31:54+02:00,,,
2026-09-15T2040Z,laliga,37711564,2561,Hancko,Dávid Hancko,2,38046906,38046906,0,marketPlayerTeam,on_sale,ok,false,2026-09-18T14:47:45+02:00,,,
2026-09-15T2040Z,laliga,37711634,3161,Javi Hernández,Javi Hernández,3,15672257,15672257,0,marketPlayerTeam,on_sale,ok,false,2026-09-18T14:47:51+02:00,,,
2026-09-15T2040Z,laliga,37711701,2511,R. Terrats,Ramon Terrats,3,8107075,8107075,0,marketPlayerTeam,on_sale,ok,false,2026-09-18T14:47:55+02:00,,,
2026-09-16T0450Z,laliga,218814030,1611,Bordalás,José Bordalás,5,12269804,12269804,0,marketPlayerLeague,on_sale,ok,,2026-09-16T22:24:00+02:00,,,
2026-09-16T0450Z,laliga,218814032,2728,Renato Veiga,Renato Palma Veiga,2,22556958,22556958,0,marketPlayerLeague,on_sale,ok,,2026-09-16T22:24:00+02:00,,,
2026-09-16T0450Z,laliga,218814036,2670,Víctor G.,Víctor García,2,974445,974445,0,marketPlayerLeague,on_sale,ok,,2026-09-16T22:24:00+02:00,,,
2026-09-16T0450Z,laliga,218814039,2693,Otorbi,David Otorbi,4,594379,594379,0,marketPlayerLeague,on_sale,ok,,2026-09-16T22:24:00+02:00,,,
2026-09-16T0450Z,laliga,218814040,2353,Christensen,Andreas Christensen,2,8636915,8636915,0,marketPlayerLeague,on_sale,ok,,2026-09-16T22:24:00+02:00,,,
2026-09-16T0450Z,laliga,218814043,2661,Djene,Djené Dakonam,2,16059124,16059124,0,marketPlayerLeague,on_sale,ok,,2026-09-16T22:24:00+02:00,,,
2026-09-16T0450Z,laliga,218814046,2990,Ximo Navarro,Joaquín Navarro Jiménez,2,4807190,4807190,0,marketPlayerLeague,on_sale,ok,,2026-09-16T22:24:00+02:00,,,
2026-09-16T0450Z,laliga,218814050,2414,Bellerín,Héctor Bellerín,2,17194251,17194251,0,marketPlayerLeague,on_sale,ok,,2026-09-16T22:24:00+02:00,,,
2026-09-16T0450Z,laliga,218814056,2843,Xavi Espart,Xavi Espart,2,28712917,28712917,0,marketPlayerLeague,on_sale,ok,,2026-09-16T22:24:00+02:00,,,
2026-09-16T0450Z,laliga,218814060,2178,F. Garcés,Facundo Garcés,2,473226,473226,0,marketPlayerLeague,on_sale,suspended,,2026-09-16T22:24:00+02:00,,,
2026-09-16T0450Z,laliga,218814065,2415,Llorente ,Diego Llorente,2,8975591,8975591,0,marketPlayerLeague,on_sale,ok,,2026-09-16T22:24:00+02:00,,,
2026-09-16T0450Z,laliga,218814070,1191,Hugo Duro,Hugo Duro Perales,4,5025587,5025587,0,marketPlayerLeague,on_sale,ok,,2026-09-16T22:24:00+02:00,,,
2026-09-16T0450Z,laliga,218814073,2798,Alemâo,Alexandre Zurawski,4,1632206,1632206,0,marketPlayerLeague,on_sale,ok,,2026-09-16T22:24:00+02:00,,,
2026-09-16T0450Z,laliga,10530519,2613,M. Dituro,Matías Dituro,1,9216464,9142273,1,marketPlayerTeam,on_sale,ok,false,2026-09-17T23:31:46+02:00,,,
2026-09-16T0450Z,laliga,23198759,2930,Nuñez,Unai Núñez,2,10259408,10327141,1,marketPlayerTeam,on_sale,ok,false,2026-09-18T22:14:15+02:00,,,
2026-09-16T0450Z,laliga,37091965,184,David Soria,David Soria Solís,1,35802943,35991495,1,marketPlayerTeam,on_sale,ok,false,2026-09-17T18:45:12+02:00,,,
2026-09-16T0450Z,laliga,37092017,2315,Paredes,Aitor Paredes,2,13017089,12793175,1,marketPlayerTeam,on_sale,ok,false,2026-09-17T18:45:16+02:00,,,
2026-09-16T0450Z,laliga,37092111,2005,Abel Bretones,Abel Bretones,2,10041470,9761523,1,marketPlayerTeam,on_sale,ok,false,2026-09-17T18:45:21+02:00,,,
2026-09-16T0450Z,laliga,37092189,1337,Tenaglia,Nahuel Tenaglia,2,34421938,34034700,1,marketPlayerTeam,on_sale,ok,false,2026-09-17T18:45:27+02:00,,,
2026-09-16T0450Z,laliga,37092248,74,Yuri,Yuri Berchiche Izeta,2,14867378,14473359,1,marketPlayerTeam,on_sale,ok,false,2026-09-17T18:45:31+02:00,,,
2026-09-16T0450Z,laliga,37092309,3069,Blanco,Antonio Blanco,3,20217292,20177846,1,marketPlayerTeam,on_sale,ok,false,2026-09-17T18:45:35+02:00,,,
2026-09-16T0450Z,laliga,37092390,2444,Sucic,Luka Sucic,3,10324237,9415324,1,marketPlayerTeam,on_sale,ok,false,2026-09-17T18:45:41+02:00,,,
2026-09-16T0450Z,laliga,37092500,2548,Riquelme,Rodrigo Riquelme,3,17677313,16940987,1,marketPlayerTeam,on_sale,ok,false,2026-09-17T18:45:47+02:00,,,
2026-09-16T0450Z,laliga,37092569,2962,Luismi Cruz,Luismi Cruz,4,9480169,8999756,1,marketPlayerTeam,on_sale,ok,false,2026-09-17T18:45:51+02:00,,,
2026-09-16T0450Z,laliga,37092637,2746,Miguel Sierra,Miguel Sierra,4,5106665,4849020,1,marketPlayerTeam,on_sale,ok,false,2026-09-17T18:45:54+02:00,,,
2026-09-16T0450Z,laliga,37092821,3084,Budimir,Ante Budimir,4,62291000,62890932,1,marketPlayerTeam,on_sale,ok,false,2026-09-17T18:46:05+02:00,,,
2026-09-16T0450Z,laliga,37092869,2520,Roberto,Roberto Fernández,4,32501289,29318180,1,marketPlayerTeam,on_sale,ok,false,2026-09-17T18:46:08+02:00,,,
2026-09-16T0450Z,laliga,37092932,2600,Mariano,Mariano Díaz,4,18539001,16938416,1,marketPlayerTeam,on_sale,ok,false,2026-09-17T18:46:12+02:00,,,
2026-09-16T0450Z,laliga,37376588,2742,Nacho Perez,Nacho Pérez,2,2220997,2126467,1,marketPlayerTeam,on_sale,ok,false,2026-09-17T23:31:54+02:00,,,
2026-09-16T0450Z,laliga,37711564,2561,Hancko,Dávid Hancko,2,38544264,38046906,1,marketPlayerTeam,on_sale,ok,false,2026-09-18T14:47:45+02:00,,,
2026-09-16T0450Z,laliga,37711634,3161,Javi Hernández,Javi Hernández,3,16075486,15672257,1,marketPlayerTeam,on_sale,ok,false,2026-09-18T14:47:51+02:00,,,
2026-09-16T0450Z,laliga,37711701,2511,R. Terrats,Ramon Terrats,3,8563908,8107075,1,marketPlayerTeam,on_sale,ok,false,2026-09-18T14:47:55+02:00,,,
2026-09-16T0801Z,laliga,218814030,1611,Bordalás,José Bordalás,5,12269804,12269804,0,marketPlayerLeague,on_sale,ok,,2026-09-16T22:24:00+02:00,,,
2026-09-16T0801Z,laliga,218814032,2728,Renato Veiga,Renato Palma Veiga,2,22556958,22556958,0,marketPlayerLeague,on_sale,ok,,2026-09-16T22:24:00+02:00,,,
2026-09-16T0801Z,laliga,218814036,2670,Víctor G.,Víctor García,2,974445,974445,0,marketPlayerLeague,on_sale,ok,,2026-09-16T22:24:00+02:00,,,
2026-09-16T0801Z,laliga,218814039,2693,Otorbi,David Otorbi,4,594379,594379,0,marketPlayerLeague,on_sale,ok,,2026-09-16T22:24:00+02:00,,,
2026-09-16T0801Z,laliga,218814040,2353,Christensen,Andreas Christensen,2,8636915,8636915,0,marketPlayerLeague,on_sale,ok,,2026-09-16T22:24:00+02:00,,,
2026-09-16T0801Z,laliga,218814043,2661,Djene,Djené Dakonam,2,16059124,16059124,1,marketPlayerLeague,on_sale,ok,,2026-09-16T22:24:00+02:00,33126848,16059124,pending
2026-09-16T0801Z,laliga,218814046,2990,Ximo Navarro,Joaquín Navarro Jiménez,2,4807190,4807190,0,marketPlayerLeague,on_sale,ok,,2026-09-16T22:24:00+02:00,,,
2026-09-16T0801Z,laliga,218814050,2414,Bellerín,Héctor Bellerín,2,17194251,17194251,0,marketPlayerLeague,on_sale,ok,,2026-09-16T22:24:00+02:00,,,
2026-09-16T0801Z,laliga,218814056,2843,Xavi Espart,Xavi Espart,2,28712917,28712917,1,marketPlayerLeague,on_sale,ok,,2026-09-16T22:24:00+02:00,33126789,28712917,pending
2026-09-16T0801Z,laliga,218814060,2178,F. Garcés,Facundo Garcés,2,473226,473226,0,marketPlayerLeague,on_sale,suspended,,2026-09-16T22:24:00+02:00,,,
2026-09-16T0801Z,laliga,218814065,2415,Llorente ,Diego Llorente,2,8975591,8975591,0,marketPlayerLeague,on_sale,ok,,2026-09-16T22:24:00+02:00,,,
2026-09-16T0801Z,laliga,218814070,1191,Hugo Duro,Hugo Duro Perales,4,5025587,5025587,0,marketPlayerLeague,on_sale,ok,,2026-09-16T22:24:00+02:00,,,
2026-09-16T0801Z,laliga,218814073,2798,Alemâo,Alexandre Zurawski,4,1632206,1632206,0,marketPlayerLeague,on_sale,ok,,2026-09-16T22:24:00+02:00,,,
2026-09-16T0801Z,laliga,10530519,2613,M. Dituro,Matías Dituro,1,9216464,9142273,1,marketPlayerTeam,on_sale,ok,false,2026-09-17T23:31:46+02:00,,,
2026-09-16T0801Z,laliga,14243153,1991,Tárrega,César Tárrega,2,8890467,8890467,0,marketPlayerTeam,on_sale,injured,false,2026-09-19T07:14:41+02:00,,,
2026-09-16T0801Z,laliga,23053472,3190,Ali Houary,Ali Houary,4,1059873,1059873,0,marketPlayerTeam,on_sale,ok,false,2026-09-19T07:00:09+02:00,,,
2026-09-16T0801Z,laliga,23198759,2930,Nuñez,Unai Núñez,2,10259408,10327141,1,marketPlayerTeam,on_sale,ok,false,2026-09-18T22:14:15+02:00,,,
2026-09-16T0801Z,laliga,37091965,184,David Soria,David Soria Solís,1,35802943,35991495,1,marketPlayerTeam,on_sale,ok,false,2026-09-17T18:45:12+02:00,,,
2026-09-16T0801Z,laliga,37092017,2315,Paredes,Aitor Paredes,2,13017089,12793175,1,marketPlayerTeam,on_sale,ok,false,2026-09-17T18:45:16+02:00,,,
2026-09-16T0801Z,laliga,37092111,2005,Abel Bretones,Abel Bretones,2,10041470,9761523,1,marketPlayerTeam,on_sale,ok,false,2026-09-17T18:45:21+02:00,,,
2026-09-16T0801Z,laliga,37092189,1337,Tenaglia,Nahuel Tenaglia,2,34421938,34034700,1,marketPlayerTeam,on_sale,ok,false,2026-09-17T18:45:27+02:00,,,
2026-09-16T0801Z,laliga,37092248,74,Yuri,Yuri Berchiche Izeta,2,14867378,14473359,1,marketPlayerTeam,on_sale,ok,false,2026-09-17T18:45:31+02:00,,,
2026-09-16T0801Z,laliga,37092309,3069,Blanco,Antonio Blanco,3,20217292,20177846,1,marketPlayerTeam,on_sale,ok,false,2026-09-17T18:45:35+02:00,,,
2026-09-16T0801Z,laliga,37092390,2444,Sucic,Luka Sucic,3,10324237,9415324,1,marketPlayerTeam,on_sale,ok,false,2026-09-17T18:45:41+02:00,,,
2026-09-16T0801Z,laliga,37092500,2548,Riquelme,Rodrigo Riquelme,3,17677313,16940987,1,marketPlayerTeam,on_sale,ok,false,2026-09-17T18:45:47+02:00,,,
2026-09-16T0801Z,laliga,37092569,2962,Luismi Cruz,Luismi Cruz,4,9480169,8999756,1,marketPlayerTeam,on_sale,ok,false,2026-09-17T18:45:51+02:00,,,
2026-09-16T0801Z,laliga,37092637,2746,Miguel Sierra,Miguel Sierra,4,5106665,4849020,1,marketPlayerTeam,on_sale,ok,false,2026-09-17T18:45:54+02:00,,,
2026-09-16T0801Z,laliga,37092821,3084,Budimir,Ante Budimir,4,62291000,62890932,1,marketPlayerTeam,on_sale,ok,false,2026-09-17T18:46:05+02:00,,,
2026-09-16T0801Z,laliga,37092869,2520,Roberto,Roberto Fernández,4,32501289,29318180,1,marketPlayerTeam,on_sale,ok,false,2026-09-17T18:46:08+02:00,,,
2026-09-16T0801Z,laliga,37092932,2600,Mariano,Mariano Díaz,4,18539001,16938416,1,marketPlayerTeam,on_sale,ok,false,2026-09-17T18:46:12+02:00,,,
2026-09-16T0801Z,laliga,37376588,2742,Nacho Perez,Nacho Pérez,2,2220997,2126467,1,marketPlayerTeam,on_sale,ok,false,2026-09-17T23:31:54+02:00,,,
2026-09-16T0801Z,laliga,37711564,2561,Hancko,Dávid Hancko,2,38544264,38046906,1,marketPlayerTeam,on_sale,ok,false,2026-09-18T14:47:45+02:00,,,
2026-09-16T0801Z,laliga,37711634,3161,Javi Hernández,Javi Hernández,3,16075486,15672257,1,marketPlayerTeam,on_sale,ok,false,2026-09-18T14:47:51+02:00,,,
2026-09-16T0801Z,laliga,37711701,2511,R. Terrats,Ramon Terrats,3,8563908,8107075,1,marketPlayerTeam,on_sale,ok,false,2026-09-18T14:47:55+02:00,,,
2026-09-16T0801Z,laliga,38414860,77,Yeray,Yeray Álvarez López,2,7178978,7178978,0,marketPlayerTeam,on_sale,ok,false,2026-09-19T07:00:54+02:00,,,
2026-09-16T2115Z,laliga,225300392,3277,Oscar Sánchez,Óscar Sánchez,5,1696881,1696881,0,marketPlayerLeague,on_sale,ok,,2026-09-17T22:24:00+02:00,,,
2026-09-16T2115Z,laliga,225300401,2869,Matarazzo,Pellegrino Matarazzo,5,1390280,1390280,0,marketPlayerLeague,on_sale,ok,,2026-09-17T22:24:00+02:00,,,
2026-09-16T2115Z,laliga,225300414,3243,Rockson,Rockson Yeboah,2,878827,878827,0,marketPlayerLeague,on_sale,ok,,2026-09-17T22:24:00+02:00,,,
2026-09-16T2115Z,laliga,225300434,3199,F. Bernal,Facundo Bernal,3,14420912,14420912,0,marketPlayerLeague,on_sale,ok,,2026-09-17T22:24:00+02:00,,,
2026-09-16T2115Z,laliga,225300447,3271,Moha Achraf,Moha Achraf,4,1312089,1312089,0,marketPlayerLeague,on_sale,ok,,2026-09-17T22:24:00+02:00,,,
2026-09-16T2115Z,laliga,225300470,3215,Córdoba,Iker Córdoba,2,1004624,1004624,0,marketPlayerLeague,on_sale,ok,,2026-09-17T22:24:00+02:00,,,
2026-09-16T2115Z,laliga,225300502,2040,Jauregizar,Mikel Jauregizar,3,14370103,14370103,0,marketPlayerLeague,on_sale,ok,,2026-09-17T22:24:00+02:00,,,
2026-09-16T2115Z,laliga,225300532,3264,Ceballos,Dani Ceballos,3,19636954,19636954,0,marketPlayerLeague,on_sale,ok,,2026-09-17T22:24:00+02:00,,,
2026-09-16T2115Z,laliga,225300560,2358,F. De Jong,Frenkie de Jong,3,10204602,10204602,0,marketPlayerLeague,on_sale,injured,,2026-09-17T22:24:00+02:00,,,
2026-09-16T2115Z,laliga,225300586,2862,Marchal,Alex Marchal,3,581228,581228,0,marketPlayerLeague,on_sale,ok,,2026-09-17T22:24:00+02:00,,,
2026-09-16T2115Z,laliga,225300620,3252,Del Castillo,Romain Del Castillo,4,9930611,9930611,0,marketPlayerLeague,on_sale,ok,,2026-09-17T22:24:00+02:00,,,
2026-09-16T2115Z,laliga,225300657,2541,Á. Valles,Álvaro Vallés,1,51013567,51013567,1,marketPlayerLeague,on_sale,ok,,2026-09-17T22:24:00+02:00,,,
2026-09-16T2115Z,laliga,225300694,2564,Aleñá,Carles Aleñá,3,2977774,2977774,0,marketPlayerLeague,on_sale,ok,,2026-09-17T22:24:00+02:00,,,
2026-09-16T2115Z,laliga,10520311,2418,Marc Roca,Marc Roca,3,13320452,13320452,1,marketPlayerTeam,on_sale,ok,false,2026-09-19T22:02:00+02:00,,,
2026-09-16T2115Z,laliga,14243153,1991,Tárrega,César Tárrega,2,8890462,8890467,1,marketPlayerTeam,on_sale,injured,false,2026-09-19T07:14:41+02:00,,,
2026-09-16T2115Z,laliga,23053472,3190,Ali Houary,Ali Houary,4,1059873,1059873,1,marketPlayerTeam,on_sale,ok,false,2026-09-19T07:00:09+02:00,,,
2026-09-16T2115Z,laliga,23198759,2930,Nuñez,Unai Núñez,2,10259330,10327141,1,marketPlayerTeam,on_sale,ok,false,2026-09-18T22:14:15+02:00,,,
2026-09-16T2115Z,laliga,35273752,2549,Navarro,Robert Navarro,3,7863898,7863898,1,marketPlayerTeam,on_sale,ok,false,2026-09-19T22:01:55+02:00,,,
2026-09-16T2115Z,laliga,38414860,77,Yeray,Yeray Álvarez López,2,7178957,7178978,1,marketPlayerTeam,on_sale,ok,false,2026-09-19T07:00:54+02:00,,,
2026-09-16T2115Z,laliga,38498104,184,David Soria,David Soria Solís,1,35802868,35802943,0,marketPlayerTeam,on_sale,ok,false,2026-09-19T11:11:45+02:00,,,
2026-09-16T2115Z,laliga,38498131,2561,Hancko,Dávid Hancko,2,38543864,38544264,0,marketPlayerTeam,on_sale,ok,false,2026-09-19T11:11:48+02:00,,,
2026-09-16T2115Z,laliga,38498158,2315,Paredes,Aitor Paredes,2,13017055,13017089,0,marketPlayerTeam,on_sale,ok,false,2026-09-19T11:11:52+02:00,,,
2026-09-16T2115Z,laliga,38498189,2005,Abel Bretones,Abel Bretones,2,10041439,10041470,0,marketPlayerTeam,on_sale,ok,false,2026-09-19T11:11:56+02:00,,,
2026-09-16T2115Z,laliga,38498228,1337,Tenaglia,Nahuel Tenaglia,2,34421626,34421938,0,marketPlayerTeam,on_sale,ok,false,2026-09-19T11:12:02+02:00,,,
2026-09-16T2115Z,laliga,38498312,3161,Javi Hernández,Javi Hernández,3,16075427,16075486,0,marketPlayerTeam,on_sale,ok,false,2026-09-19T11:12:13+02:00,,,
2026-09-16T2115Z,laliga,38498343,2548,Riquelme,Rodrigo Riquelme,3,17677254,17677313,0,marketPlayerTeam,on_sale,ok,false,2026-09-19T11:12:17+02:00,,,
2026-09-16T2115Z,laliga,38498361,2511,R. Terrats,Ramon Terrats,3,8563713,8563908,0,marketPlayerTeam,on_sale,ok,false,2026-09-19T11:12:20+02:00,,,
2026-09-16T2115Z,laliga,38498426,2444,Sucic,Luka Sucic,3,10324187,10324237,0,marketPlayerTeam,on_sale,ok,false,2026-09-19T11:12:30+02:00,,,
2026-09-16T2115Z,laliga,38498467,3084,Budimir,Ante Budimir,4,62290619,62291000,0,marketPlayerTeam,on_sale,ok,false,2026-09-19T11:12:34+02:00,,,
2026-09-16T2115Z,laliga,38498494,2962,Luismi Cruz,Luismi Cruz,4,9480134,9480169,0,marketPlayerTeam,on_sale,ok,false,2026-09-19T11:12:38+02:00,,,
2026-09-16T2115Z,laliga,38498521,2746,Miguel Sierra,Miguel Sierra,4,5106646,5106665,0,marketPlayerTeam,on_sale,ok,false,2026-09-19T11:12:41+02:00,,,
2026-09-16T2115Z,laliga,38498572,2600,Mariano,Mariano Díaz,4,18538921,18539001,0,marketPlayerTeam,on_sale,ok,false,2026-09-19T11:12:49+02:00,,,
2026-09-16T2115Z,laliga,38498710,2520,Roberto,Roberto Fernández,4,32501131,32501289,0,marketPlayerTeam,on_sale,ok,false,2026-09-19T11:13:09+02:00,,,
2026-09-16T2115Z,laliga,39039910,2768,Lucas Boyé,Lucas Boyé,4,27949643,27949643,1,marketPlayerTeam,on_sale,ok,false,2026-09-19T22:02:09+02:00,,,
2026-09-16T2115Z,laliga,39040186,3108,Aubameyang,Pierre-Emerick Aubameyang,4,97477424,97477424,0,marketPlayerTeam,on_sale,ok,false,2026-09-19T22:02:19+02:00,,,
2026-09-16T2115Z,laliga,39089323,2843,Xavi Espart,Xavi Espart,2,28711699,28711699,0,marketPlayerTeam,on_sale,ok,false,2026-09-19T22:31:49+02:00,,,
2026-09-16T2115Z,laliga,39089458,644,Sergio Herrera,Sergio Herrera Pirón,1,33610911,33610911,0,marketPlayerTeam,on_sale,ok,false,2026-09-19T22:31:54+02:00,,,
2026-09-17T0607Z,laliga,225300392,3277,Oscar Sánchez,Óscar Sánchez,5,1648754,1696881,0,marketPlayerLeague,on_sale,ok,,2026-09-17T22:24:00+02:00,,,
2026-09-17T0607Z,laliga,225300401,2869,Matarazzo,Pellegrino Matarazzo,5,1354417,1390280,0,marketPlayerLeague,on_sale,ok,,2026-09-17T22:24:00+02:00,,,
2026-09-17T0607Z,laliga,225300414,3243,Rockson,Rockson Yeboah,2,863422,878827,0,marketPlayerLeague,on_sale,ok,,2026-09-17T22:24:00+02:00,,,
2026-09-17T0607Z,laliga,225300434,3199,F. Bernal,Facundo Bernal,3,14219100,14420912,0,marketPlayerLeague,on_sale,ok,,2026-09-17T22:24:00+02:00,,,
2026-09-17T0607Z,laliga,225300447,3271,Moha Achraf,Moha Achraf,4,1279353,1312089,0,marketPlayerLeague,on_sale,ok,,2026-09-17T22:24:00+02:00,,,
2026-09-17T0607Z,laliga,225300470,3215,Córdoba,Iker Córdoba,2,989193,1004624,0,marketPlayerLeague,on_sale,ok,,2026-09-17T22:24:00+02:00,,,
2026-09-17T0607Z,laliga,225300502,2040,Jauregizar,Mikel Jauregizar,3,14047018,14370103,0,marketPlayerLeague,on_sale,ok,,2026-09-17T22:24:00+02:00,,,
2026-09-17T0607Z,laliga,225300532,3264,Ceballos,Dani Ceballos,3,19472408,19636954,0,marketPlayerLeague,on_sale,ok,,2026-09-17T22:24:00+02:00,,,
2026-09-17T0607Z,laliga,225300560,2358,F. De Jong,Frenkie de Jong,3,9918541,10204602,0,marketPlayerLeague,on_sale,injured,,2026-09-17T22:24:00+02:00,,,
2026-09-17T0607Z,laliga,225300586,2862,Marchal,Alex Marchal,3,577727,581228,0,marketPlayerLeague,on_sale,ok,,2026-09-17T22:24:00+02:00,,,
2026-09-17T0607Z,laliga,225300620,3252,Del Castillo,Romain Del Castillo,4,9640574,9930611,0,marketPlayerLeague,on_sale,ok,,2026-09-17T22:24:00+02:00,,,
2026-09-17T0607Z,laliga,225300657,2541,Á. Valles,Álvaro Vallés,1,51701559,51013567,2,marketPlayerLeague,on_sale,ok,,2026-09-17T22:24:00+02:00,,,
2026-09-17T0607Z,laliga,225300694,2564,Aleñá,Carles Aleñá,3,2950248,2977774,0,marketPlayerLeague,on_sale,ok,,2026-09-17T22:24:00+02:00,,,
2026-09-17T0607Z,laliga,10520311,2418,Marc Roca,Marc Roca,3,13875357,13320452,1,marketPlayerTeam,on_sale,ok,false,2026-09-19T22:02:00+02:00,,,
2026-09-17T0607Z,laliga,14243153,1991,Tárrega,César Tárrega,2,8625727,8890467,1,marketPlayerTeam,on_sale,injured,false,2026-09-19T07:14:41+02:00,,,
2026-09-17T0607Z,laliga,23053472,3190,Ali Houary,Ali Houary,4,1037226,1059873,1,marketPlayerTeam,on_sale,ok,false,2026-09-19T07:00:09+02:00,,,
2026-09-17T0607Z,laliga,23198759,2930,Nuñez,Unai Núñez,2,10131634,10327141,1,marketPlayerTeam,on_sale,ok,false,2026-09-18T22:14:15+02:00,,,
2026-09-17T0607Z,laliga,35273752,2549,Navarro,Robert Navarro,3,8437641,7863898,1,marketPlayerTeam,on_sale,ok,false,2026-09-19T22:01:55+02:00,,,
2026-09-17T0607Z,laliga,38414860,77,Yeray,Yeray Álvarez López,2,7172245,7178978,1,marketPlayerTeam,on_sale,ok,false,2026-09-19T07:00:54+02:00,,,
2026-09-17T0607Z,laliga,38498104,184,David Soria,David Soria Solís,1,35824497,35802943,0,marketPlayerTeam,on_sale,ok,false,2026-09-19T11:11:45+02:00,,,
2026-09-17T0607Z,laliga,38498131,2561,Hancko,Dávid Hancko,2,39042719,38544264,0,marketPlayerTeam,on_sale,ok,false,2026-09-19T11:11:48+02:00,,,
2026-09-17T0607Z,laliga,38498158,2315,Paredes,Aitor Paredes,2,13035115,13017089,0,marketPlayerTeam,on_sale,ok,false,2026-09-19T11:11:52+02:00,,,
2026-09-17T0607Z,laliga,38498189,2005,Abel Bretones,Abel Bretones,2,10100516,10041470,0,marketPlayerTeam,on_sale,ok,false,2026-09-19T11:11:56+02:00,,,
2026-09-17T0607Z,laliga,38498228,1337,Tenaglia,Nahuel Tenaglia,2,34385130,34421938,0,marketPlayerTeam,on_sale,ok,false,2026-09-19T11:12:02+02:00,,,
2026-09-17T0607Z,laliga,38498312,3161,Javi Hernández,Javi Hernández,3,16581406,16075486,0,marketPlayerTeam,on_sale,ok,false,2026-09-19T11:12:13+02:00,,,
2026-09-17T0607Z,laliga,38498343,2548,Riquelme,Rodrigo Riquelme,3,18025432,17677313,0,marketPlayerTeam,on_sale,ok,false,2026-09-19T11:12:17+02:00,,,
2026-09-17T0607Z,laliga,38498361,2511,R. Terrats,Ramon Terrats,3,8980377,8563908,0,marketPlayerTeam,on_sale,ok,false,2026-09-19T11:12:20+02:00,,,
2026-09-17T0607Z,laliga,38498426,2444,Sucic,Luka Sucic,3,10868525,10324237,0,marketPlayerTeam,on_sale,ok,false,2026-09-19T11:12:30+02:00,,,
2026-09-17T0607Z,laliga,38498467,3084,Budimir,Ante Budimir,4,61830235,62291000,0,marketPlayerTeam,on_sale,ok,false,2026-09-19T11:12:34+02:00,,,
2026-09-17T0607Z,laliga,38498494,2962,Luismi Cruz,Luismi Cruz,4,9742563,9480169,0,marketPlayerTeam,on_sale,ok,false,2026-09-19T11:12:38+02:00,,,
2026-09-17T0607Z,laliga,38498521,2746,Miguel Sierra,Miguel Sierra,4,5264807,5106665,0,marketPlayerTeam,on_sale,ok,false,2026-09-19T11:12:41+02:00,,,
2026-09-17T0607Z,laliga,38498572,2600,Mariano,Mariano Díaz,4,19093613,18539001,0,marketPlayerTeam,on_sale,ok,false,2026-09-19T11:12:49+02:00,,,
2026-09-17T0607Z,laliga,38498710,2520,Roberto,Roberto Fernández,4,34299469,32501289,0,marketPlayerTeam,on_sale,ok,false,2026-09-19T11:13:09+02:00,,,
2026-09-17T0607Z,laliga,39039910,2768,Lucas Boyé,Lucas Boyé,4,28801098,27949643,1,marketPlayerTeam,on_sale,ok,false,2026-09-19T22:02:09+02:00,,,
2026-09-17T0607Z,laliga,39040186,3108,Aubameyang,Pierre-Emerick Aubameyang,4,99710579,97477424,0,marketPlayerTeam,on_sale,ok,false,2026-09-19T22:02:19+02:00,,,
2026-09-17T0607Z,laliga,39089323,2843,Xavi Espart,Xavi Espart,2,31368101,28711699,0,marketPlayerTeam,on_sale,ok,false,2026-09-19T22:31:49+02:00,,,
2026-09-17T0607Z,laliga,39089458,644,Sergio Herrera,Sergio Herrera Pirón,1,33152091,33610911,0,marketPlayerTeam,on_sale,ok,false,2026-09-19T22:31:54+02:00,,,
2026-09-17T0617Z,laliga,225300392,3277,Oscar Sánchez,Óscar Sánchez,5,1648754,1696881,0,marketPlayerLeague,on_sale,ok,,2026-09-17T22:24:00+02:00,,,
2026-09-17T0617Z,laliga,225300401,2869,Matarazzo,Pellegrino Matarazzo,5,1354417,1390280,0,marketPlayerLeague,on_sale,ok,,2026-09-17T22:24:00+02:00,,,
2026-09-17T0617Z,laliga,225300414,3243,Rockson,Rockson Yeboah,2,863422,878827,0,marketPlayerLeague,on_sale,ok,,2026-09-17T22:24:00+02:00,,,
2026-09-17T0617Z,laliga,225300434,3199,F. Bernal,Facundo Bernal,3,14219100,14420912,0,marketPlayerLeague,on_sale,ok,,2026-09-17T22:24:00+02:00,,,
2026-09-17T0617Z,laliga,225300447,3271,Moha Achraf,Moha Achraf,4,1279353,1312089,0,marketPlayerLeague,on_sale,ok,,2026-09-17T22:24:00+02:00,,,
2026-09-17T0617Z,laliga,225300470,3215,Córdoba,Iker Córdoba,2,989193,1004624,0,marketPlayerLeague,on_sale,ok,,2026-09-17T22:24:00+02:00,,,
2026-09-17T0617Z,laliga,225300502,2040,Jauregizar,Mikel Jauregizar,3,14047018,14370103,0,marketPlayerLeague,on_sale,ok,,2026-09-17T22:24:00+02:00,,,
2026-09-17T0617Z,laliga,225300532,3264,Ceballos,Dani Ceballos,3,19472408,19636954,0,marketPlayerLeague,on_sale,ok,,2026-09-17T22:24:00+02:00,,,
2026-09-17T0617Z,laliga,225300560,2358,F. De Jong,Frenkie de Jong,3,9918541,10204602,0,marketPlayerLeague,on_sale,injured,,2026-09-17T22:24:00+02:00,,,
2026-09-17T0617Z,laliga,225300586,2862,Marchal,Alex Marchal,3,577727,581228,0,marketPlayerLeague,on_sale,ok,,2026-09-17T22:24:00+02:00,,,
2026-09-17T0617Z,laliga,225300620,3252,Del Castillo,Romain Del Castillo,4,9640574,9930611,0,marketPlayerLeague,on_sale,ok,,2026-09-17T22:24:00+02:00,,,
2026-09-17T0617Z,laliga,225300657,2541,Á. Valles,Álvaro Vallés,1,51701559,51013567,2,marketPlayerLeague,on_sale,ok,,2026-09-17T22:24:00+02:00,,,
2026-09-17T0617Z,laliga,225300694,2564,Aleñá,Carles Aleñá,3,2950248,2977774,0,marketPlayerLeague,on_sale,ok,,2026-09-17T22:24:00+02:00,,,
2026-09-17T0617Z,laliga,10520311,2418,Marc Roca,Marc Roca,3,13875357,13320452,1,marketPlayerTeam,on_sale,ok,false,2026-09-19T22:02:00+02:00,,,
2026-09-17T0617Z,laliga,14243153,1991,Tárrega,César Tárrega,2,8625727,8890467,1,marketPlayerTeam,on_sale,injured,false,2026-09-19T07:14:41+02:00,,,
2026-09-17T0617Z,laliga,23053472,3190,Ali Houary,Ali Houary,4,1037226,1059873,1,marketPlayerTeam,on_sale,ok,false,2026-09-19T07:00:09+02:00,,,
2026-09-17T0617Z,laliga,23198759,2930,Nuñez,Unai Núñez,2,10131634,10327141,1,marketPlayerTeam,on_sale,ok,false,2026-09-18T22:14:15+02:00,,,
2026-09-17T0617Z,laliga,35273752,2549,Navarro,Robert Navarro,3,8437641,7863898,1,marketPlayerTeam,on_sale,ok,false,2026-09-19T22:01:55+02:00,,,
2026-09-17T0617Z,laliga,38414860,77,Yeray,Yeray Álvarez López,2,7172245,7178978,1,marketPlayerTeam,on_sale,ok,false,2026-09-19T07:00:54+02:00,,,
2026-09-17T0617Z,laliga,38498104,184,David Soria,David Soria Solís,1,35824497,35802943,0,marketPlayerTeam,on_sale,ok,false,2026-09-19T11:11:45+02:00,,,
2026-09-17T0617Z,laliga,38498131,2561,Hancko,Dávid Hancko,2,39042719,38544264,0,marketPlayerTeam,on_sale,ok,false,2026-09-19T11:11:48+02:00,,,
2026-09-17T0617Z,laliga,38498158,2315,Paredes,Aitor Paredes,2,13035115,13017089,0,marketPlayerTeam,on_sale,ok,false,2026-09-19T11:11:52+02:00,,,
2026-09-17T0617Z,laliga,38498189,2005,Abel Bretones,Abel Bretones,2,10100516,10041470,0,marketPlayerTeam,on_sale,ok,false,2026-09-19T11:11:56+02:00,,,
2026-09-17T0617Z,laliga,38498228,1337,Tenaglia,Nahuel Tenaglia,2,34385130,34421938,0,marketPlayerTeam,on_sale,ok,false,2026-09-19T11:12:02+02:00,,,
2026-09-17T0617Z,laliga,38498312,3161,Javi Hernández,Javi Hernández,3,16581406,16075486,0,marketPlayerTeam,on_sale,ok,false,2026-09-19T11:12:13+02:00,,,
2026-09-17T0617Z,laliga,38498343,2548,Riquelme,Rodrigo Riquelme,3,18025432,17677313,0,marketPlayerTeam,on_sale,ok,false,2026-09-19T11:12:17+02:00,,,
2026-09-17T0617Z,laliga,38498361,2511,R. Terrats,Ramon Terrats,3,8980377,8563908,0,marketPlayerTeam,on_sale,ok,false,2026-09-19T11:12:20+02:00,,,
2026-09-17T0617Z,laliga,38498426,2444,Sucic,Luka Sucic,3,10868525,10324237,0,marketPlayerTeam,on_sale,ok,false,2026-09-19T11:12:30+02:00,,,
2026-09-17T0617Z,laliga,38498467,3084,Budimir,Ante Budimir,4,61830235,62291000,0,marketPlayerTeam,on_sale,ok,false,2026-09-19T11:12:34+02:00,,,
2026-09-17T0617Z,laliga,38498494,2962,Luismi Cruz,Luismi Cruz,4,9742563,9480169,0,marketPlayerTeam,on_sale,ok,false,2026-09-19T11:12:38+02:00,,,
2026-09-17T0617Z,laliga,38498521,2746,Miguel Sierra,Miguel Sierra,4,5264807,5106665,0,marketPlayerTeam,on_sale,ok,false,2026-09-19T11:12:41+02:00,,,
2026-09-17T0617Z,laliga,38498572,2600,Mariano,Mariano Díaz,4,19093613,18539001,0,marketPlayerTeam,on_sale,ok,false,2026-09-19T11:12:49+02:00,,,
2026-09-17T0617Z,laliga,38498710,2520,Roberto,Roberto Fernández,4,34299469,32501289,0,marketPlayerTeam,on_sale,ok,false,2026-09-19T11:13:09+02:00,,,
2026-09-17T0617Z,laliga,39039910,2768,Lucas Boyé,Lucas Boyé,4,28801098,27949643,1,marketPlayerTeam,on_sale,ok,false,2026-09-19T22:02:09+02:00,,,
2026-09-17T0617Z,laliga,39040186,3108,Aubameyang,Pierre-Emerick Aubameyang,4,99710579,97477424,0,marketPlayerTeam,on_sale,ok,false,2026-09-19T22:02:19+02:00,,,
2026-09-17T0617Z,laliga,39089323,2843,Xavi Espart,Xavi Espart,2,31368101,28711699,0,marketPlayerTeam,on_sale,ok,false,2026-09-19T22:31:49+02:00,,,
2026-09-17T0617Z,laliga,39089458,644,Sergio Herrera,Sergio Herrera Pirón,1,33152091,33610911,0,marketPlayerTeam,on_sale,ok,false,2026-09-19T22:31:54+02:00,,,
2026-09-17T0801Z,laliga,225300392,3277,Oscar Sánchez,Óscar Sánchez,5,1648754,1696881,0,marketPlayerLeague,on_sale,ok,,2026-09-17T22:24:00+02:00,,,
2026-09-17T0801Z,laliga,225300401,2869,Matarazzo,Pellegrino Matarazzo,5,1354417,1390280,0,marketPlayerLeague,on_sale,ok,,2026-09-17T22:24:00+02:00,,,
2026-09-17T0801Z,laliga,225300414,3243,Rockson,Rockson Yeboah,2,863422,878827,0,marketPlayerLeague,on_sale,ok,,2026-09-17T22:24:00+02:00,,,
2026-09-17T0801Z,laliga,225300434,3199,F. Bernal,Facundo Bernal,3,14219100,14420912,0,marketPlayerLeague,on_sale,ok,,2026-09-17T22:24:00+02:00,,,
2026-09-17T0801Z,laliga,225300447,3271,Moha Achraf,Moha Achraf,4,1279353,1312089,0,marketPlayerLeague,on_sale,ok,,2026-09-17T22:24:00+02:00,,,
2026-09-17T0801Z,laliga,225300470,3215,Córdoba,Iker Córdoba,2,989193,1004624,0,marketPlayerLeague,on_sale,ok,,2026-09-17T22:24:00+02:00,,,
2026-09-17T0801Z,laliga,225300502,2040,Jauregizar,Mikel Jauregizar,3,14047018,14370103,0,marketPlayerLeague,on_sale,ok,,2026-09-17T22:24:00+02:00,,,
2026-09-17T0801Z,laliga,225300532,3264,Ceballos,Dani Ceballos,3,19472408,19636954,0,marketPlayerLeague,on_sale,ok,,2026-09-17T22:24:00+02:00,,,
2026-09-17T0801Z,laliga,225300560,2358,F. De Jong,Frenkie de Jong,3,9918541,10204602,0,marketPlayerLeague,on_sale,injured,,2026-09-17T22:24:00+02:00,,,
2026-09-17T0801Z,laliga,225300586,2862,Marchal,Alex Marchal,3,577727,581228,0,marketPlayerLeague,on_sale,ok,,2026-09-17T22:24:00+02:00,,,
2026-09-17T0801Z,laliga,225300620,3252,Del Castillo,Romain Del Castillo,4,9640574,9930611,0,marketPlayerLeague,on_sale,ok,,2026-09-17T22:24:00+02:00,,,
2026-09-17T0801Z,laliga,225300657,2541,Á. Valles,Álvaro Vallés,1,51701559,51013567,2,marketPlayerLeague,on_sale,ok,,2026-09-17T22:24:00+02:00,,,
2026-09-17T0801Z,laliga,225300694,2564,Aleñá,Carles Aleñá,3,2950248,2977774,0,marketPlayerLeague,on_sale,ok,,2026-09-17T22:24:00+02:00,,,
2026-09-17T0801Z,laliga,10520311,2418,Marc Roca,Marc Roca,3,13875357,13320452,1,marketPlayerTeam,on_sale,ok,false,2026-09-19T22:02:00+02:00,,,
2026-09-17T0801Z,laliga,14243153,1991,Tárrega,César Tárrega,2,8625727,8890467,1,marketPlayerTeam,on_sale,injured,false,2026-09-19T07:14:41+02:00,,,
2026-09-17T0801Z,laliga,23053472,3190,Ali Houary,Ali Houary,4,1037226,1059873,1,marketPlayerTeam,on_sale,ok,false,2026-09-19T07:00:09+02:00,,,
2026-09-17T0801Z,laliga,23198759,2930,Nuñez,Unai Núñez,2,10131634,10327141,1,marketPlayerTeam,on_sale,ok,false,2026-09-18T22:14:15+02:00,,,
2026-09-17T0801Z,laliga,35273752,2549,Navarro,Robert Navarro,3,8437641,7863898,1,marketPlayerTeam,on_sale,ok,false,2026-09-19T22:01:55+02:00,,,
2026-09-17T0801Z,laliga,38414860,77,Yeray,Yeray Álvarez López,2,7172245,7178978,1,marketPlayerTeam,on_sale,ok,false,2026-09-19T07:00:54+02:00,,,
2026-09-17T0801Z,laliga,38498104,184,David Soria,David Soria Solís,1,35824497,35802943,0,marketPlayerTeam,on_sale,ok,false,2026-09-19T11:11:45+02:00,,,
2026-09-17T0801Z,laliga,38498131,2561,Hancko,Dávid Hancko,2,39042719,38544264,0,marketPlayerTeam,on_sale,ok,false,2026-09-19T11:11:48+02:00,,,
2026-09-17T0801Z,laliga,38498158,2315,Paredes,Aitor Paredes,2,13035115,13017089,0,marketPlayerTeam,on_sale,ok,false,2026-09-19T11:11:52+02:00,,,
2026-09-17T0801Z,laliga,38498189,2005,Abel Bretones,Abel Bretones,2,10100516,10041470,0,marketPlayerTeam,on_sale,ok,false,2026-09-19T11:11:56+02:00,,,
2026-09-17T0801Z,laliga,38498228,1337,Tenaglia,Nahuel Tenaglia,2,34385130,34421938,0,marketPlayerTeam,on_sale,ok,false,2026-09-19T11:12:02+02:00,,,
2026-09-17T0801Z,laliga,38498312,3161,Javi Hernández,Javi Hernández,3,16581406,16075486,0,marketPlayerTeam,on_sale,ok,false,2026-09-19T11:12:13+02:00,,,
2026-09-17T0801Z,laliga,38498343,2548,Riquelme,Rodrigo Riquelme,3,18025432,17677313,0,marketPlayerTeam,on_sale,ok,false,2026-09-19T11:12:17+02:00,,,
2026-09-17T0801Z,laliga,38498361,2511,R. Terrats,Ramon Terrats,3,8980377,8563908,0,marketPlayerTeam,on_sale,ok,false,2026-09-19T11:12:20+02:00,,,
2026-09-17T0801Z,laliga,38498426,2444,Sucic,Luka Sucic,3,10868525,10324237,0,marketPlayerTeam,on_sale,ok,false,2026-09-19T11:12:30+02:00,,,
2026-09-17T0801Z,laliga,38498467,3084,Budimir,Ante Budimir,4,61830235,62291000,0,marketPlayerTeam,on_sale,ok,false,2026-09-19T11:12:34+02:00,,,
2026-09-17T0801Z,laliga,38498494,2962,Luismi Cruz,Luismi Cruz,4,9742563,9480169,0,marketPlayerTeam,on_sale,ok,false,2026-09-19T11:12:38+02:00,,,
2026-09-17T0801Z,laliga,38498521,2746,Miguel Sierra,Miguel Sierra,4,5264807,5106665,0,marketPlayerTeam,on_sale,ok,false,2026-09-19T11:12:41+02:00,,,
2026-09-17T0801Z,laliga,38498572,2600,Mariano,Mariano Díaz,4,19093613,18539001,0,marketPlayerTeam,on_sale,ok,false,2026-09-19T11:12:49+02:00,,,
2026-09-17T0801Z,laliga,38498710,2520,Roberto,Roberto Fernández,4,34299469,32501289,0,marketPlayerTeam,on_sale,ok,false,2026-09-19T11:13:09+02:00,,,
2026-09-17T0801Z,laliga,39039910,2768,Lucas Boyé,Lucas Boyé,4,28801098,27949643,1,marketPlayerTeam,on_sale,ok,false,2026-09-19T22:02:09+02:00,,,
2026-09-17T0801Z,laliga,39040186,3108,Aubameyang,Pierre-Emerick Aubameyang,4,99710579,97477424,0,marketPlayerTeam,on_sale,ok,false,2026-09-19T22:02:19+02:00,,,
2026-09-17T0801Z,laliga,39089323,2843,Xavi Espart,Xavi Espart,2,31368101,28711699,0,marketPlayerTeam,on_sale,ok,false,2026-09-19T22:31:49+02:00,,,
2026-09-17T0801Z,laliga,39089458,644,Sergio Herrera,Sergio Herrera Pirón,1,33152091,33610911,0,marketPlayerTeam,on_sale,ok,false,2026-09-19T22:31:54+02:00,,,
2026-09-17T1929Z,laliga,225300392,3277,Oscar Sánchez,Óscar Sánchez,5,1648753,1696881,0,marketPlayerLeague,on_sale,ok,,2026-09-17T22:24:00+02:00,,,
2026-09-17T1929Z,laliga,225300401,2869,Matarazzo,Pellegrino Matarazzo,5,1354417,1390280,0,marketPlayerLeague,on_sale,ok,,2026-09-17T22:24:00+02:00,,,
2026-09-17T1929Z,laliga,225300414,3243,Rockson,Rockson Yeboah,2,863422,878827,0,marketPlayerLeague,on_sale,ok,,2026-09-17T22:24:00+02:00,,,
2026-09-17T1929Z,laliga,225300434,3199,F. Bernal,Facundo Bernal,3,14218942,14420912,0,marketPlayerLeague,on_sale,ok,,2026-09-17T22:24:00+02:00,,,
2026-09-17T1929Z,laliga,225300447,3271,Moha Achraf,Moha Achraf,4,1279353,1312089,0,marketPlayerLeague,on_sale,ok,,2026-09-17T22:24:00+02:00,,,
2026-09-17T1929Z,laliga,225300470,3215,Córdoba,Iker Córdoba,2,989191,1004624,0,marketPlayerLeague,on_sale,ok,,2026-09-17T22:24:00+02:00,,,
2026-09-17T1929Z,laliga,225300502,2040,Jauregizar,Mikel Jauregizar,3,14047015,14370103,0,marketPlayerLeague,on_sale,ok,,2026-09-17T22:24:00+02:00,,,
2026-09-17T1929Z,laliga,225300532,3264,Ceballos,Dani Ceballos,3,19472402,19636954,0,marketPlayerLeague,on_sale,ok,,2026-09-17T22:24:00+02:00,,,
2026-09-17T1929Z,laliga,225300560,2358,F. De Jong,Frenkie de Jong,3,9918540,10204602,0,marketPlayerLeague,on_sale,injured,,2026-09-17T22:24:00+02:00,,,
2026-09-17T1929Z,laliga,225300586,2862,Marchal,Alex Marchal,3,577727,581228,0,marketPlayerLeague,on_sale,ok,,2026-09-17T22:24:00+02:00,,,
2026-09-17T1929Z,laliga,225300620,3252,Del Castillo,Romain Del Castillo,4,9640571,9930611,0,marketPlayerLeague,on_sale,ok,,2026-09-17T22:24:00+02:00,,,
2026-09-17T1929Z,laliga,225300657,2541,Á. Valles,Álvaro Vallés,1,51700945,51013567,1,marketPlayerLeague,on_sale,ok,,2026-09-17T22:24:00+02:00,,,
2026-09-17T1929Z,laliga,225300694,2564,Aleñá,Carles Aleñá,3,2950230,2977774,0,marketPlayerLeague,on_sale,ok,,2026-09-17T22:24:00+02:00,,,
2026-09-17T1929Z,laliga,10520311,2418,Marc Roca,Marc Roca,3,13876511,13320452,1,marketPlayerTeam,on_sale,ok,false,2026-09-19T22:02:00+02:00,,,
2026-09-17T1929Z,laliga,14243153,1991,Tárrega,César Tárrega,2,8625726,8890467,1,marketPlayerTeam,on_sale,injured,false,2026-09-19T07:14:41+02:00,,,
2026-09-17T1929Z,laliga,23053472,3190,Ali Houary,Ali Houary,4,1037226,1059873,1,marketPlayerTeam,on_sale,ok,false,2026-09-19T07:00:09+02:00,,,
2026-09-17T1929Z,laliga,23198759,2930,Nuñez,Unai Núñez,2,10131513,10327141,1,marketPlayerTeam,on_sale,ok,false,2026-09-18T22:14:15+02:00,,,
2026-09-17T1929Z,laliga,35273752,2549,Navarro,Robert Navarro,3,8438609,7863898,1,marketPlayerTeam,on_sale,ok,false,2026-09-19T22:01:55+02:00,,,
2026-09-17T1929Z,laliga,38414860,77,Yeray,Yeray Álvarez López,2,7172242,7178978,1,marketPlayerTeam,on_sale,ok,false,2026-09-19T07:00:54+02:00,,,
2026-09-17T1929Z,laliga,38498104,184,David Soria,David Soria Solís,1,35823912,35802943,0,marketPlayerTeam,on_sale,ok,false,2026-09-19T11:11:45+02:00,,,
2026-09-17T1929Z,laliga,38498131,2561,Hancko,Dávid Hancko,2,39042696,38544264,0,marketPlayerTeam,on_sale,ok,false,2026-09-19T11:11:48+02:00,,,
2026-09-17T1929Z,laliga,38498158,2315,Paredes,Aitor Paredes,2,13035109,13017089,0,marketPlayerTeam,on_sale,ok,false,2026-09-19T11:11:52+02:00,,,
2026-09-17T1929Z,laliga,38498189,2005,Abel Bretones,Abel Bretones,2,10100511,10041470,0,marketPlayerTeam,on_sale,ok,false,2026-09-19T11:11:56+02:00,,,
2026-09-17T1929Z,laliga,38498228,1337,Tenaglia,Nahuel Tenaglia,2,34384863,34421938,0,marketPlayerTeam,on_sale,ok,false,2026-09-19T11:12:02+02:00,,,
2026-09-17T1929Z,laliga,38498312,3161,Javi Hernández,Javi Hernández,3,16581048,16075486,0,marketPlayerTeam,on_sale,ok,false,2026-09-19T11:12:13+02:00,,,
2026-09-17T1929Z,laliga,38498343,2548,Riquelme,Rodrigo Riquelme,3,18025115,17677313,0,marketPlayerTeam,on_sale,ok,false,2026-09-19T11:12:17+02:00,,,
2026-09-17T1929Z,laliga,38498361,2511,R. Terrats,Ramon Terrats,3,8980875,8563908,0,marketPlayerTeam,on_sale,injured,false,2026-09-19T11:12:20+02:00,,,
2026-09-17T1929Z,laliga,38498426,2444,Sucic,Luka Sucic,3,10867924,10324237,0,marketPlayerTeam,on_sale,ok,false,2026-09-19T11:12:30+02:00,,,
2026-09-17T1929Z,laliga,38498467,3084,Budimir,Ante Budimir,4,61829857,62291000,0,marketPlayerTeam,on_sale,ok,false,2026-09-19T11:12:34+02:00,,,
2026-09-17T1929Z,laliga,38498494,2962,Luismi Cruz,Luismi Cruz,4,9742556,9480169,0,marketPlayerTeam,on_sale,ok,false,2026-09-19T11:12:38+02:00,,,
2026-09-17T1929Z,laliga,38498521,2746,Miguel Sierra,Miguel Sierra,4,5264803,5106665,0,marketPlayerTeam,on_sale,ok,false,2026-09-19T11:12:41+02:00,,,
2026-09-17T1929Z,laliga,38498572,2600,Mariano,Mariano Díaz,4,19093598,18539001,0,marketPlayerTeam,on_sale,ok,false,2026-09-19T11:12:49+02:00,,,
2026-09-17T1929Z,laliga,38498710,2520,Roberto,Roberto Fernández,4,34299435,32501289,0,marketPlayerTeam,on_sale,ok,false,2026-09-19T11:13:09+02:00,,,
2026-09-17T1929Z,laliga,39039910,2768,Lucas Boyé,Lucas Boyé,4,28801076,27949643,0,marketPlayerTeam,on_sale,ok,false,2026-09-19T22:02:09+02:00,,,
2026-09-17T1929Z,laliga,39040186,3108,Aubameyang,Pierre-Emerick Aubameyang,4,99710512,97477424,0,marketPlayerTeam,on_sale,ok,false,2026-09-19T22:02:19+02:00,,,
2026-09-17T1929Z,laliga,39089323,2843,Xavi Espart,Xavi Espart,2,31366291,28711699,0,marketPlayerTeam,on_sale,ok,false,2026-09-19T22:31:49+02:00,,,
2026-09-17T1929Z,laliga,39089458,644,Sergio Herrera,Sergio Herrera Pirón,1,33152081,33610911,0,marketPlayerTeam,on_sale,ok,false,2026-09-19T22:31:54+02:00,,,
2026-09-17T1932Z,laliga,225300392,3277,Oscar Sánchez,Óscar Sánchez,5,1648753,1696881,0,marketPlayerLeague,on_sale,ok,,2026-09-17T22:24:00+02:00,,,
2026-09-17T1932Z,laliga,225300401,2869,Matarazzo,Pellegrino Matarazzo,5,1354417,1390280,0,marketPlayerLeague,on_sale,ok,,2026-09-17T22:24:00+02:00,,,
2026-09-17T1932Z,laliga,225300414,3243,Rockson,Rockson Yeboah,2,863422,878827,0,marketPlayerLeague,on_sale,ok,,2026-09-17T22:24:00+02:00,,,
2026-09-17T1932Z,laliga,225300434,3199,F. Bernal,Facundo Bernal,3,14218942,14420912,0,marketPlayerLeague,on_sale,ok,,2026-09-17T22:24:00+02:00,,,
2026-09-17T1932Z,laliga,225300447,3271,Moha Achraf,Moha Achraf,4,1279353,1312089,0,marketPlayerLeague,on_sale,ok,,2026-09-17T22:24:00+02:00,,,
2026-09-17T1932Z,laliga,225300470,3215,Córdoba,Iker Córdoba,2,989191,1004624,0,marketPlayerLeague,on_sale,ok,,2026-09-17T22:24:00+02:00,,,
2026-09-17T1932Z,laliga,225300502,2040,Jauregizar,Mikel Jauregizar,3,14047015,14370103,0,marketPlayerLeague,on_sale,ok,,2026-09-17T22:24:00+02:00,,,
2026-09-17T1932Z,laliga,225300532,3264,Ceballos,Dani Ceballos,3,19472402,19636954,0,marketPlayerLeague,on_sale,ok,,2026-09-17T22:24:00+02:00,,,
2026-09-17T1932Z,laliga,225300560,2358,F. De Jong,Frenkie de Jong,3,9918540,10204602,0,marketPlayerLeague,on_sale,injured,,2026-09-17T22:24:00+02:00,,,
2026-09-17T1932Z,laliga,225300586,2862,Marchal,Alex Marchal,3,577727,581228,0,marketPlayerLeague,on_sale,ok,,2026-09-17T22:24:00+02:00,,,
2026-09-17T1932Z,laliga,225300620,3252,Del Castillo,Romain Del Castillo,4,9640571,9930611,0,marketPlayerLeague,on_sale,ok,,2026-09-17T22:24:00+02:00,,,
2026-09-17T1932Z,laliga,225300657,2541,Á. Valles,Álvaro Vallés,1,51700945,51013567,1,marketPlayerLeague,on_sale,ok,,2026-09-17T22:24:00+02:00,,,
2026-09-17T1932Z,laliga,225300694,2564,Aleñá,Carles Aleñá,3,2950230,2977774,0,marketPlayerLeague,on_sale,ok,,2026-09-17T22:24:00+02:00,,,
2026-09-17T1932Z,laliga,10520311,2418,Marc Roca,Marc Roca,3,13876511,13320452,1,marketPlayerTeam,on_sale,ok,false,2026-09-19T22:02:00+02:00,,,
2026-09-17T1932Z,laliga,14243153,1991,Tárrega,César Tárrega,2,8625726,8890467,1,marketPlayerTeam,on_sale,injured,false,2026-09-19T07:14:41+02:00,,,
2026-09-17T1932Z,laliga,23053472,3190,Ali Houary,Ali Houary,4,1037226,1059873,1,marketPlayerTeam,on_sale,ok,false,2026-09-19T07:00:09+02:00,,,
2026-09-17T1932Z,laliga,23198759,2930,Nuñez,Unai Núñez,2,10131513,10327141,1,marketPlayerTeam,on_sale,ok,false,2026-09-18T22:14:15+02:00,,,
2026-09-17T1932Z,laliga,35273752,2549,Navarro,Robert Navarro,3,8438609,7863898,1,marketPlayerTeam,on_sale,ok,false,2026-09-19T22:01:55+02:00,,,
2026-09-17T1932Z,laliga,38414860,77,Yeray,Yeray Álvarez López,2,7172242,7178978,1,marketPlayerTeam,on_sale,ok,false,2026-09-19T07:00:54+02:00,,,
2026-09-17T1932Z,laliga,38498104,184,David Soria,David Soria Solís,1,35823912,35802943,0,marketPlayerTeam,on_sale,ok,false,2026-09-19T11:11:45+02:00,,,
2026-09-17T1932Z,laliga,38498131,2561,Hancko,Dávid Hancko,2,39042696,38544264,0,marketPlayerTeam,on_sale,ok,false,2026-09-19T11:11:48+02:00,,,
2026-09-17T1932Z,laliga,38498158,2315,Paredes,Aitor Paredes,2,13035109,13017089,0,marketPlayerTeam,on_sale,ok,false,2026-09-19T11:11:52+02:00,,,
2026-09-17T1932Z,laliga,38498189,2005,Abel Bretones,Abel Bretones,2,10100511,10041470,0,marketPlayerTeam,on_sale,ok,false,2026-09-19T11:11:56+02:00,,,
2026-09-17T1932Z,laliga,38498228,1337,Tenaglia,Nahuel Tenaglia,2,34384863,34421938,0,marketPlayerTeam,on_sale,ok,false,2026-09-19T11:12:02+02:00,,,
2026-09-17T1932Z,laliga,38498312,3161,Javi Hernández,Javi Hernández,3,16581048,16075486,0,marketPlayerTeam,on_sale,ok,false,2026-09-19T11:12:13+02:00,,,
2026-09-17T1932Z,laliga,38498343,2548,Riquelme,Rodrigo Riquelme,3,18025115,17677313,0,marketPlayerTeam,on_sale,ok,false,2026-09-19T11:12:17+02:00,,,
2026-09-17T1932Z,laliga,38498361,2511,R. Terrats,Ramon Terrats,3,8980875,8563908,0,marketPlayerTeam,on_sale,injured,false,2026-09-19T11:12:20+02:00,,,
2026-09-17T1932Z,laliga,38498426,2444,Sucic,Luka Sucic,3,10867924,10324237,0,marketPlayerTeam,on_sale,ok,false,2026-09-19T11:12:30+02:00,,,
2026-09-17T1932Z,laliga,38498467,3084,Budimir,Ante Budimir,4,61829857,62291000,0,marketPlayerTeam,on_sale,ok,false,2026-09-19T11:12:34+02:00,,,
2026-09-17T1932Z,laliga,38498494,2962,Luismi Cruz,Luismi Cruz,4,9742556,9480169,0,marketPlayerTeam,on_sale,ok,false,2026-09-19T11:12:38+02:00,,,
2026-09-17T1932Z,laliga,38498521,2746,Miguel Sierra,Miguel Sierra,4,5264803,5106665,0,marketPlayerTeam,on_sale,ok,false,2026-09-19T11:12:41+02:00,,,
2026-09-17T1932Z,laliga,38498572,2600,Mariano,Mariano Díaz,4,19093598,18539001,0,marketPlayerTeam,on_sale,ok,false,2026-09-19T11:12:49+02:00,,,
2026-09-17T1932Z,laliga,38498710,2520,Roberto,Roberto Fernández,4,34299435,32501289,0,marketPlayerTeam,on_sale,ok,false,2026-09-19T11:13:09+02:00,,,
2026-09-17T1932Z,laliga,39039910,2768,Lucas Boyé,Lucas Boyé,4,28801076,27949643,0,marketPlayerTeam,on_sale,ok,false,2026-09-19T22:02:09+02:00,,,
2026-09-17T1932Z,laliga,39040186,3108,Aubameyang,Pierre-Emerick Aubameyang,4,99710512,97477424,0,marketPlayerTeam,on_sale,ok,false,2026-09-19T22:02:19+02:00,,,
2026-09-17T1932Z,laliga,39089323,2843,Xavi Espart,Xavi Espart,2,31366291,28711699,0,marketPlayerTeam,on_sale,ok,false,2026-09-19T22:31:49+02:00,,,
2026-09-17T1932Z,laliga,39089458,644,Sergio Herrera,Sergio Herrera Pirón,1,33152081,33610911,0,marketPlayerTeam,on_sale,ok,false,2026-09-19T22:31:54+02:00,,,
2026-09-17T2040Z,laliga,231852441,3004,José Alberto,José Alberto López Menéndez,5,568244,568244,0,marketPlayerLeague,on_sale,ok,,2026-09-18T22:24:00+02:00,,,
2026-09-17T2040Z,laliga,231852443,3173,Cheikh Thiam,Cheikh Thiam,3,588786,588786,0,marketPlayerLeague,on_sale,ok,,2026-09-18T22:24:00+02:00,,,
2026-09-17T2040Z,laliga,231852445,3037,C. Puga,Carlos Puga,2,3625727,3625727,0,marketPlayerLeague,on_sale,ok,,2026-09-18T22:24:00+02:00,,,
2026-09-17T2040Z,laliga,231852447,2976,A. Alti,Adrià Alti,2,4386083,4386083,0,marketPlayerLeague,on_sale,ok,,2026-09-18T22:24:00+02:00,,,
2026-09-17T2040Z,laliga,231852450,3152,Y. Zabiri,Yassir Zabiri,4,13281848,13281848,1,marketPlayerLeague,on_sale,ok,,2026-09-18T22:24:00+02:00,,,
2026-09-17T2040Z,laliga,231852453,270,Guevara,Ander Guevara Lajo,3,613654,613654,0,marketPlayerLeague,on_sale,ok,,2026-09-18T22:24:00+02:00,,,
2026-09-17T2040Z,laliga,231852454,2454,Ejuke,Chidera Ejuke,4,6214828,6214828,0,marketPlayerLeague,on_sale,ok,,2026-09-18T22:24:00+02:00,,,
2026-09-17T2040Z,laliga,231852456,2623,Dolan,Tyrhys Dolan,4,15670583,15670583,0,marketPlayerLeague,on_sale,ok,,2026-09-18T22:24:00+02:00,,,
2026-09-17T2040Z,laliga,231852458,3131,Marcos,Marcos Fernández,4,1164786,1164786,0,marketPlayerLeague,on_sale,ok,,2026-09-18T22:24:00+02:00,,,
2026-09-17T2040Z,laliga,231852460,2324,Giménez,José Giménez,2,9478699,9478699,0,marketPlayerLeague,on_sale,ok,,2026-09-18T22:24:00+02:00,,,
2026-09-17T2040Z,laliga,231852462,2783,Szczesny,Wojciech Szczesny,1,1172808,1172808,0,marketPlayerLeague,on_sale,ok,,2026-09-18T22:24:00+02:00,,,
2026-09-17T2040Z,laliga,231852463,3162,Hinojo,Roger Hinojo,2,4900943,4900943,0,marketPlayerLeague,on_sale,ok,,2026-09-18T22:24:00+02:00,,,
2026-09-17T2040Z,laliga,231852466,2932,Ángel Pérez,Ángel Pérez,4,21383607,21383607,0,marketPlayerLeague,on_sale,ok,,2026-09-18T22:24:00+02:00,,,
2026-09-17T2040Z,laliga,10520311,2418,Marc Roca,Marc Roca,3,13876511,13320452,1,marketPlayerTeam,on_sale,ok,false,2026-09-19T22:02:00+02:00,,,
2026-09-17T2040Z,laliga,14243153,1991,Tárrega,César Tárrega,2,8625726,8890467,1,marketPlayerTeam,on_sale,injured,false,2026-09-19T07:14:41+02:00,,,
2026-09-17T2040Z,laliga,23053472,3190,Ali Houary,Ali Houary,4,1037226,1059873,1,marketPlayerTeam,on_sale,ok,false,2026-09-19T07:00:09+02:00,,,
2026-09-17T2040Z,laliga,23198759,2930,Nuñez,Unai Núñez,2,10131513,10327141,1,marketPlayerTeam,on_sale,ok,false,2026-09-18T22:14:15+02:00,,,
2026-09-17T2040Z,laliga,35273752,2549,Navarro,Robert Navarro,3,8438609,7863898,1,marketPlayerTeam,on_sale,ok,false,2026-09-19T22:01:55+02:00,,,
2026-09-17T2040Z,laliga,38414860,77,Yeray,Yeray Álvarez López,2,7172242,7178978,1,marketPlayerTeam,on_sale,ok,false,2026-09-19T07:00:54+02:00,,,
2026-09-17T2040Z,laliga,38498104,184,David Soria,David Soria Solís,1,35823912,35802943,1,marketPlayerTeam,on_sale,ok,false,2026-09-19T11:11:45+02:00,,,
2026-09-17T2040Z,laliga,38498131,2561,Hancko,Dávid Hancko,2,39042696,38544264,1,marketPlayerTeam,on_sale,ok,false,2026-09-19T11:11:48+02:00,,,
2026-09-17T2040Z,laliga,38498158,2315,Paredes,Aitor Paredes,2,13035109,13017089,1,marketPlayerTeam,on_sale,ok,false,2026-09-19T11:11:52+02:00,,,
2026-09-17T2040Z,laliga,38498189,2005,Abel Bretones,Abel Bretones,2,10100511,10041470,1,marketPlayerTeam,on_sale,ok,false,2026-09-19T11:11:56+02:00,,,
2026-09-17T2040Z,laliga,38498228,1337,Tenaglia,Nahuel Tenaglia,2,34384863,34421938,1,marketPlayerTeam,on_sale,ok,false,2026-09-19T11:12:02+02:00,,,
2026-09-17T2040Z,laliga,38498312,3161,Javi Hernández,Javi Hernández,3,16581048,16075486,1,marketPlayerTeam,on_sale,ok,false,2026-09-19T11:12:13+02:00,,,
2026-09-17T2040Z,laliga,38498343,2548,Riquelme,Rodrigo Riquelme,3,18025115,17677313,1,marketPlayerTeam,on_sale,ok,false,2026-09-19T11:12:17+02:00,,,
2026-09-17T2040Z,laliga,38498361,2511,R. Terrats,Ramon Terrats,3,8980875,8563908,1,marketPlayerTeam,on_sale,injured,false,2026-09-19T11:12:20+02:00,,,
2026-09-17T2040Z,laliga,38498426,2444,Sucic,Luka Sucic,3,10867924,10324237,1,marketPlayerTeam,on_sale,ok,false,2026-09-19T11:12:30+02:00,,,
2026-09-17T2040Z,laliga,38498467,3084,Budimir,Ante Budimir,4,61829857,62291000,1,marketPlayerTeam,on_sale,ok,false,2026-09-19T11:12:34+02:00,,,
2026-09-17T2040Z,laliga,38498494,2962,Luismi Cruz,Luismi Cruz,4,9742556,9480169,1,marketPlayerTeam,on_sale,ok,false,2026-09-19T11:12:38+02:00,,,
2026-09-17T2040Z,laliga,38498521,2746,Miguel Sierra,Miguel Sierra,4,5264803,5106665,1,marketPlayerTeam,on_sale,ok,false,2026-09-19T11:12:41+02:00,,,
2026-09-17T2040Z,laliga,38498572,2600,Mariano,Mariano Díaz,4,19093598,18539001,1,marketPlayerTeam,on_sale,ok,false,2026-09-19T11:12:49+02:00,,,
2026-09-17T2040Z,laliga,38498710,2520,Roberto,Roberto Fernández,4,34299435,32501289,1,marketPlayerTeam,on_sale,ok,false,2026-09-19T11:13:09+02:00,,,
2026-09-17T2040Z,laliga,39039910,2768,Lucas Boyé,Lucas Boyé,4,28801076,27949643,1,marketPlayerTeam,on_sale,ok,false,2026-09-19T22:02:09+02:00,,,
2026-09-17T2040Z,laliga,39089323,2843,Xavi Espart,Xavi Espart,2,31366291,28711699,1,marketPlayerTeam,on_sale,ok,false,2026-09-19T22:31:49+02:00,,,
2026-09-17T2128Z,laliga,231852441,3004,José Alberto,José Alberto López Menéndez,5,568244,568244,0,marketPlayerLeague,on_sale,ok,,2026-09-18T22:24:00+02:00,,,
2026-09-17T2128Z,laliga,231852443,3173,Cheikh Thiam,Cheikh Thiam,3,588786,588786,0,marketPlayerLeague,on_sale,ok,,2026-09-18T22:24:00+02:00,,,
2026-09-17T2128Z,laliga,231852445,3037,C. Puga,Carlos Puga,2,3625727,3625727,0,marketPlayerLeague,on_sale,ok,,2026-09-18T22:24:00+02:00,,,
2026-09-17T2128Z,laliga,231852447,2976,A. Alti,Adrià Alti,2,4386083,4386083,0,marketPlayerLeague,on_sale,ok,,2026-09-18T22:24:00+02:00,,,
2026-09-17T2128Z,laliga,231852450,3152,Y. Zabiri,Yassir Zabiri,4,13281848,13281848,1,marketPlayerLeague,on_sale,ok,,2026-09-18T22:24:00+02:00,,,
2026-09-17T2128Z,laliga,231852453,270,Guevara,Ander Guevara Lajo,3,613654,613654,0,marketPlayerLeague,on_sale,ok,,2026-09-18T22:24:00+02:00,,,
2026-09-17T2128Z,laliga,231852454,2454,Ejuke,Chidera Ejuke,4,6214828,6214828,0,marketPlayerLeague,on_sale,ok,,2026-09-18T22:24:00+02:00,,,
2026-09-17T2128Z,laliga,231852456,2623,Dolan,Tyrhys Dolan,4,15670583,15670583,0,marketPlayerLeague,on_sale,ok,,2026-09-18T22:24:00+02:00,,,
2026-09-17T2128Z,laliga,231852458,3131,Marcos,Marcos Fernández,4,1164786,1164786,0,marketPlayerLeague,on_sale,ok,,2026-09-18T22:24:00+02:00,,,
2026-09-17T2128Z,laliga,231852460,2324,Giménez,José Giménez,2,9478699,9478699,0,marketPlayerLeague,on_sale,ok,,2026-09-18T22:24:00+02:00,,,
2026-09-17T2128Z,laliga,231852462,2783,Szczesny,Wojciech Szczesny,1,1172808,1172808,0,marketPlayerLeague,on_sale,ok,,2026-09-18T22:24:00+02:00,,,
2026-09-17T2128Z,laliga,231852463,3162,Hinojo,Roger Hinojo,2,4900943,4900943,0,marketPlayerLeague,on_sale,ok,,2026-09-18T22:24:00+02:00,,,
2026-09-17T2128Z,laliga,231852466,2932,Ángel Pérez,Ángel Pérez,4,21383607,21383607,0,marketPlayerLeague,on_sale,ok,,2026-09-18T22:24:00+02:00,,,
2026-09-17T2128Z,laliga,10520311,2418,Marc Roca,Marc Roca,3,13876511,13320452,1,marketPlayerTeam,on_sale,ok,false,2026-09-19T22:02:00+02:00,,,
2026-09-17T2128Z,laliga,14243153,1991,Tárrega,César Tárrega,2,8625726,8890467,1,marketPlayerTeam,on_sale,injured,false,2026-09-19T07:14:41+02:00,,,
2026-09-17T2128Z,laliga,23053472,3190,Ali Houary,Ali Houary,4,1037226,1059873,1,marketPlayerTeam,on_sale,ok,false,2026-09-19T07:00:09+02:00,,,
2026-09-17T2128Z,laliga,23198759,2930,Nuñez,Unai Núñez,2,10131513,10327141,1,marketPlayerTeam,on_sale,ok,false,2026-09-18T22:14:15+02:00,,,
2026-09-17T2128Z,laliga,35273752,2549,Navarro,Robert Navarro,3,8438609,7863898,1,marketPlayerTeam,on_sale,ok,false,2026-09-19T22:01:55+02:00,,,
2026-09-17T2128Z,laliga,38414860,77,Yeray,Yeray Álvarez López,2,7172242,7178978,1,marketPlayerTeam,on_sale,ok,false,2026-09-19T07:00:54+02:00,,,
2026-09-17T2128Z,laliga,38498104,184,David Soria,David Soria Solís,1,35823912,35802943,1,marketPlayerTeam,on_sale,ok,false,2026-09-19T11:11:45+02:00,,,
2026-09-17T2128Z,laliga,38498131,2561,Hancko,Dávid Hancko,2,39042696,38544264,1,marketPlayerTeam,on_sale,ok,false,2026-09-19T11:11:48+02:00,,,
2026-09-17T2128Z,laliga,38498158,2315,Paredes,Aitor Paredes,2,13035109,13017089,1,marketPlayerTeam,on_sale,ok,false,2026-09-19T11:11:52+02:00,,,
2026-09-17T2128Z,laliga,38498189,2005,Abel Bretones,Abel Bretones,2,10100511,10041470,1,marketPlayerTeam,on_sale,ok,false,2026-09-19T11:11:56+02:00,,,
2026-09-17T2128Z,laliga,38498228,1337,Tenaglia,Nahuel Tenaglia,2,34384863,34421938,1,marketPlayerTeam,on_sale,ok,false,2026-09-19T11:12:02+02:00,,,
2026-09-17T2128Z,laliga,38498312,3161,Javi Hernández,Javi Hernández,3,16581048,16075486,1,marketPlayerTeam,on_sale,ok,false,2026-09-19T11:12:13+02:00,,,
2026-09-17T2128Z,laliga,38498343,2548,Riquelme,Rodrigo Riquelme,3,18025115,17677313,1,marketPlayerTeam,on_sale,ok,false,2026-09-19T11:12:17+02:00,,,
2026-09-17T2128Z,laliga,38498361,2511,R. Terrats,Ramon Terrats,3,8980875,8563908,1,marketPlayerTeam,on_sale,injured,false,2026-09-19T11:12:20+02:00,,,
2026-09-17T2128Z,laliga,38498426,2444,Sucic,Luka Sucic,3,10867924,10324237,1,marketPlayerTeam,on_sale,ok,false,2026-09-19T11:12:30+02:00,,,
2026-09-17T2128Z,laliga,38498467,3084,Budimir,Ante Budimir,4,61829857,62291000,1,marketPlayerTeam,on_sale,ok,false,2026-09-19T11:12:34+02:00,,,
2026-09-17T2128Z,laliga,38498494,2962,Luismi Cruz,Luismi Cruz,4,9742556,9480169,1,marketPlayerTeam,on_sale,ok,false,2026-09-19T11:12:38+02:00,,,
2026-09-17T2128Z,laliga,38498521,2746,Miguel Sierra,Miguel Sierra,4,5264803,5106665,1,marketPlayerTeam,on_sale,ok,false,2026-09-19T11:12:41+02:00,,,
2026-09-17T2128Z,laliga,38498572,2600,Mariano,Mariano Díaz,4,19093598,18539001,1,marketPlayerTeam,on_sale,ok,false,2026-09-19T11:12:49+02:00,,,
2026-09-17T2128Z,laliga,38498710,2520,Roberto,Roberto Fernández,4,34299435,32501289,1,marketPlayerTeam,on_sale,ok,false,2026-09-19T11:13:09+02:00,,,
2026-09-17T2128Z,laliga,39039910,2768,Lucas Boyé,Lucas Boyé,4,28801076,27949643,1,marketPlayerTeam,on_sale,ok,false,2026-09-19T22:02:09+02:00,,,
2026-09-17T2128Z,laliga,39089323,2843,Xavi Espart,Xavi Espart,2,31366291,28711699,1,marketPlayerTeam,on_sale,ok,false,2026-09-19T22:31:49+02:00,,,
2026-09-17T2134Z,laliga,231852441,3004,José Alberto,José Alberto López Menéndez,5,568244,568244,0,marketPlayerLeague,on_sale,ok,,2026-09-18T22:24:00+02:00,,,
2026-09-17T2134Z,laliga,231852443,3173,Cheikh Thiam,Cheikh Thiam,3,588786,588786,0,marketPlayerLeague,on_sale,ok,,2026-09-18T22:24:00+02:00,,,
2026-09-17T2134Z,laliga,231852445,3037,C. Puga,Carlos Puga,2,3625727,3625727,0,marketPlayerLeague,on_sale,ok,,2026-09-18T22:24:00+02:00,,,
2026-09-17T2134Z,laliga,231852447,2976,A. Alti,Adrià Alti,2,4386083,4386083,0,marketPlayerLeague,on_sale,ok,,2026-09-18T22:24:00+02:00,,,
2026-09-17T2134Z,laliga,231852450,3152,Y. Zabiri,Yassir Zabiri,4,13281848,13281848,1,marketPlayerLeague,on_sale,ok,,2026-09-18T22:24:00+02:00,,,
2026-09-17T2134Z,laliga,231852453,270,Guevara,Ander Guevara Lajo,3,613654,613654,0,marketPlayerLeague,on_sale,ok,,2026-09-18T22:24:00+02:00,,,
2026-09-17T2134Z,laliga,231852454,2454,Ejuke,Chidera Ejuke,4,6214828,6214828,0,marketPlayerLeague,on_sale,ok,,2026-09-18T22:24:00+02:00,,,
2026-09-17T2134Z,laliga,231852456,2623,Dolan,Tyrhys Dolan,4,15670583,15670583,0,marketPlayerLeague,on_sale,ok,,2026-09-18T22:24:00+02:00,,,
2026-09-17T2134Z,laliga,231852458,3131,Marcos,Marcos Fernández,4,1164786,1164786,0,marketPlayerLeague,on_sale,ok,,2026-09-18T22:24:00+02:00,,,
2026-09-17T2134Z,laliga,231852460,2324,Giménez,José Giménez,2,9478699,9478699,0,marketPlayerLeague,on_sale,ok,,2026-09-18T22:24:00+02:00,,,
2026-09-17T2134Z,laliga,231852462,2783,Szczesny,Wojciech Szczesny,1,1172808,1172808,0,marketPlayerLeague,on_sale,ok,,2026-09-18T22:24:00+02:00,,,
2026-09-17T2134Z,laliga,231852463,3162,Hinojo,Roger Hinojo,2,4900943,4900943,0,marketPlayerLeague,on_sale,ok,,2026-09-18T22:24:00+02:00,,,
2026-09-17T2134Z,laliga,231852466,2932,Ángel Pérez,Ángel Pérez,4,21383607,21383607,0,marketPlayerLeague,on_sale,ok,,2026-09-18T22:24:00+02:00,,,
2026-09-17T2134Z,laliga,10520311,2418,Marc Roca,Marc Roca,3,13876511,13320452,1,marketPlayerTeam,on_sale,ok,false,2026-09-19T22:02:00+02:00,,,
2026-09-17T2134Z,laliga,14243153,1991,Tárrega,César Tárrega,2,8625726,8890467,1,marketPlayerTeam,on_sale,injured,false,2026-09-19T07:14:41+02:00,,,
2026-09-17T2134Z,laliga,23053472,3190,Ali Houary,Ali Houary,4,1037226,1059873,1,marketPlayerTeam,on_sale,ok,false,2026-09-19T07:00:09+02:00,,,
2026-09-17T2134Z,laliga,23198759,2930,Nuñez,Unai Núñez,2,10131513,10327141,1,marketPlayerTeam,on_sale,ok,false,2026-09-18T22:14:15+02:00,,,
2026-09-17T2134Z,laliga,35273752,2549,Navarro,Robert Navarro,3,8438609,7863898,1,marketPlayerTeam,on_sale,ok,false,2026-09-19T22:01:55+02:00,,,
2026-09-17T2134Z,laliga,38414860,77,Yeray,Yeray Álvarez López,2,7172242,7178978,1,marketPlayerTeam,on_sale,ok,false,2026-09-19T07:00:54+02:00,,,
2026-09-17T2134Z,laliga,38498104,184,David Soria,David Soria Solís,1,35823912,35802943,1,marketPlayerTeam,on_sale,ok,false,2026-09-19T11:11:45+02:00,,,
2026-09-17T2134Z,laliga,38498131,2561,Hancko,Dávid Hancko,2,39042696,38544264,1,marketPlayerTeam,on_sale,ok,false,2026-09-19T11:11:48+02:00,,,
2026-09-17T2134Z,laliga,38498158,2315,Paredes,Aitor Paredes,2,13035109,13017089,1,marketPlayerTeam,on_sale,ok,false,2026-09-19T11:11:52+02:00,,,
2026-09-17T2134Z,laliga,38498189,2005,Abel Bretones,Abel Bretones,2,10100511,10041470,1,marketPlayerTeam,on_sale,ok,false,2026-09-19T11:11:56+02:00,,,
2026-09-17T2134Z,laliga,38498228,1337,Tenaglia,Nahuel Tenaglia,2,34384863,34421938,1,marketPlayerTeam,on_sale,ok,false,2026-09-19T11:12:02+02:00,,,
2026-09-17T2134Z,laliga,38498312,3161,Javi Hernández,Javi Hernández,3,16581048,16075486,1,marketPlayerTeam,on_sale,ok,false,2026-09-19T11:12:13+02:00,,,
2026-09-17T2134Z,laliga,38498343,2548,Riquelme,Rodrigo Riquelme,3,18025115,17677313,1,marketPlayerTeam,on_sale,ok,false,2026-09-19T11:12:17+02:00,,,
2026-09-17T2134Z,laliga,38498361,2511,R. Terrats,Ramon Terrats,3,8980875,8563908,1,marketPlayerTeam,on_sale,injured,false,2026-09-19T11:12:20+02:00,,,
2026-09-17T2134Z,laliga,38498426,2444,Sucic,Luka Sucic,3,10867924,10324237,1,marketPlayerTeam,on_sale,ok,false,2026-09-19T11:12:30+02:00,,,
2026-09-17T2134Z,laliga,38498467,3084,Budimir,Ante Budimir,4,61829857,62291000,1,marketPlayerTeam,on_sale,ok,false,2026-09-19T11:12:34+02:00,,,
2026-09-17T2134Z,laliga,38498494,2962,Luismi Cruz,Luismi Cruz,4,9742556,9480169,1,marketPlayerTeam,on_sale,ok,false,2026-09-19T11:12:38+02:00,,,
2026-09-17T2134Z,laliga,38498521,2746,Miguel Sierra,Miguel Sierra,4,5264803,5106665,1,marketPlayerTeam,on_sale,ok,false,2026-09-19T11:12:41+02:00,,,
2026-09-17T2134Z,laliga,38498572,2600,Mariano,Mariano Díaz,4,19093598,18539001,1,marketPlayerTeam,on_sale,ok,false,2026-09-19T11:12:49+02:00,,,
2026-09-17T2134Z,laliga,38498710,2520,Roberto,Roberto Fernández,4,34299435,32501289,1,marketPlayerTeam,on_sale,ok,false,2026-09-19T11:13:09+02:00,,,
2026-09-17T2134Z,laliga,39039910,2768,Lucas Boyé,Lucas Boyé,4,28801076,27949643,1,marketPlayerTeam,on_sale,ok,false,2026-09-19T22:02:09+02:00,,,
2026-09-17T2134Z,laliga,39089323,2843,Xavi Espart,Xavi Espart,2,31366291,28711699,1,marketPlayerTeam,on_sale,ok,false,2026-09-19T22:31:49+02:00,,,
2026-09-18T0651Z,laliga,231852441,3004,José Alberto,José Alberto López Menéndez,5,563126,568244,0,marketPlayerLeague,on_sale,ok,,2026-09-18T22:24:00+02:00,,,
2026-09-18T0651Z,laliga,231852443,3173,Cheikh Thiam,Cheikh Thiam,3,582846,588786,0,marketPlayerLeague,on_sale,ok,,2026-09-18T22:24:00+02:00,,,
2026-09-18T0651Z,laliga,231852445,3037,C. Puga,Carlos Puga,2,3564497,3625727,0,marketPlayerLeague,on_sale,ok,,2026-09-18T22:24:00+02:00,,,
2026-09-18T0651Z,laliga,231852447,2976,A. Alti,Adrià Alti,2,4321437,4386083,0,marketPlayerLeague,on_sale,ok,,2026-09-18T22:24:00+02:00,,,
2026-09-18T0651Z,laliga,231852450,3152,Y. Zabiri,Yassir Zabiri,4,14176293,13281848,2,marketPlayerLeague,on_sale,ok,,2026-09-18T22:24:00+02:00,34488135,13281848,pending
2026-09-18T0651Z,laliga,231852453,270,Guevara,Ander Guevara Lajo,3,606719,613654,0,marketPlayerLeague,on_sale,ok,,2026-09-18T22:24:00+02:00,,,
2026-09-18T0651Z,laliga,231852454,2454,Ejuke,Chidera Ejuke,4,6169426,6214828,0,marketPlayerLeague,on_sale,ok,,2026-09-18T22:24:00+02:00,,,
2026-09-18T0651Z,laliga,231852456,2623,Dolan,Tyrhys Dolan,4,15729487,15670583,0,marketPlayerLeague,on_sale,ok,,2026-09-18T22:24:00+02:00,,,
2026-09-18T0651Z,laliga,231852458,3131,Marcos,Marcos Fernández,4,1209075,1164786,0,marketPlayerLeague,on_sale,ok,,2026-09-18T22:24:00+02:00,,,
2026-09-18T0651Z,laliga,231852460,2324,Giménez,José Giménez,2,9922934,9478699,0,marketPlayerLeague,on_sale,ok,,2026-09-18T22:24:00+02:00,,,
2026-09-18T0651Z,laliga,231852462,2783,Szczesny,Wojciech Szczesny,1,1215454,1172808,0,marketPlayerLeague,on_sale,ok,,2026-09-18T22:24:00+02:00,,,
2026-09-18T0651Z,laliga,231852463,3162,Hinojo,Roger Hinojo,2,4881804,4900943,0,marketPlayerLeague,on_sale,ok,,2026-09-18T22:24:00+02:00,,,
2026-09-18T0651Z,laliga,231852466,2932,Ángel Pérez,Ángel Pérez,4,22522785,21383607,1,marketPlayerLeague,on_sale,ok,,2026-09-18T22:24:00+02:00,34488342,21383607,pending
2026-09-18T0651Z,laliga,10520311,2418,Marc Roca,Marc Roca,3,14342418,13320452,1,marketPlayerTeam,on_sale,ok,false,2026-09-19T22:02:00+02:00,,,
2026-09-18T0651Z,laliga,14243153,1991,Tárrega,César Tárrega,2,8361736,8890467,1,marketPlayerTeam,on_sale,injured,false,2026-09-19T07:14:41+02:00,,,
2026-09-18T0651Z,laliga,14270371,1930,El Hilali,Omar El Hilali,2,16126209,16437448,0,marketPlayerTeam,on_sale,suspended,false,2026-09-20T23:44:29+02:00,,,
2026-09-18T0651Z,laliga,19387985,2390,Starfelt,Carl Starfelt,2,9691489,9900333,0,marketPlayerTeam,on_sale,ok,false,2026-09-20T23:44:17+02:00,,,
2026-09-18T0651Z,laliga,23053472,3190,Ali Houary,Ali Houary,4,1013348,1059873,1,marketPlayerTeam,on_sale,ok,false,2026-09-19T07:00:09+02:00,,,
2026-09-18T0651Z,laliga,23198759,2930,Nuñez,Unai Núñez,2,10060197,10327141,1,marketPlayerTeam,on_sale,ok,false,2026-09-18T22:14:15+02:00,,,
2026-09-18T0651Z,laliga,35273752,2549,Navarro,Robert Navarro,3,8918400,7863898,1,marketPlayerTeam,on_sale,ok,false,2026-09-19T22:01:55+02:00,,,
2026-09-18T0651Z,laliga,38414860,77,Yeray,Yeray Álvarez López,2,7198474,7178978,1,marketPlayerTeam,on_sale,ok,false,2026-09-19T07:00:54+02:00,,,
2026-09-18T0651Z,laliga,38498104,184,David Soria,David Soria Solís,1,35826415,35802943,1,marketPlayerTeam,on_sale,ok,false,2026-09-19T11:11:45+02:00,,,
2026-09-18T0651Z,laliga,38498131,2561,Hancko,Dávid Hancko,2,39156948,38544264,1,marketPlayerTeam,on_sale,ok,false,2026-09-19T11:11:48+02:00,,,
2026-09-18T0651Z,laliga,38498158,2315,Paredes,Aitor Paredes,2,12971003,13017089,1,marketPlayerTeam,on_sale,ok,false,2026-09-19T11:11:52+02:00,,,
2026-09-18T0651Z,laliga,38498189,2005,Abel Bretones,Abel Bretones,2,10035616,10041470,1,marketPlayerTeam,on_sale,ok,false,2026-09-19T11:11:56+02:00,,,
2026-09-18T0651Z,laliga,38498228,1337,Tenaglia,Nahuel Tenaglia,2,34204372,34421938,1,marketPlayerTeam,on_sale,ok,false,2026-09-19T11:12:02+02:00,,,
2026-09-18T0651Z,laliga,38498312,3161,Javi Hernández,Javi Hernández,3,16984433,16075486,1,marketPlayerTeam,on_sale,ok,false,2026-09-19T11:12:13+02:00,,,
2026-09-18T0651Z,laliga,38498343,2548,Riquelme,Rodrigo Riquelme,3,18325574,17677313,1,marketPlayerTeam,on_sale,ok,false,2026-09-19T11:12:17+02:00,,,
2026-09-18T0651Z,laliga,38498361,2511,R. Terrats,Ramon Terrats,3,9078584,8563908,1,marketPlayerTeam,on_sale,injured,false,2026-09-19T11:12:20+02:00,,,
2026-09-18T0651Z,laliga,38498426,2444,Sucic,Luka Sucic,3,11260420,10324237,1,marketPlayerTeam,on_sale,ok,false,2026-09-19T11:12:30+02:00,,,
2026-09-18T0651Z,laliga,38498467,3084,Budimir,Ante Budimir,4,61136303,62291000,1,marketPlayerTeam,on_sale,ok,false,2026-09-19T11:12:34+02:00,,,
2026-09-18T0651Z,laliga,38498494,2962,Luismi Cruz,Luismi Cruz,4,9996593,9480169,1,marketPlayerTeam,on_sale,ok,false,2026-09-19T11:12:38+02:00,,,
2026-09-18T0651Z,laliga,38498521,2746,Miguel Sierra,Miguel Sierra,4,5731769,5106665,1,marketPlayerTeam,on_sale,ok,false,2026-09-19T11:12:41+02:00,,,
2026-09-18T0651Z,laliga,38498572,2600,Mariano,Mariano Díaz,4,19517425,18539001,1,marketPlayerTeam,on_sale,ok,false,2026-09-19T11:12:49+02:00,,,
2026-09-18T0651Z,laliga,38498710,2520,Roberto,Roberto Fernández,4,35665333,32501289,1,marketPlayerTeam,on_sale,ok,false,2026-09-19T11:13:09+02:00,,,
2026-09-18T0651Z,laliga,39039910,2768,Lucas Boyé,Lucas Boyé,4,29319793,27949643,1,marketPlayerTeam,on_sale,ok,false,2026-09-19T22:02:09+02:00,,,
2026-09-18T0651Z,laliga,39089323,2843,Xavi Espart,Xavi Espart,2,33390146,28711699,1,marketPlayerTeam,on_sale,ok,false,2026-09-19T22:31:49+02:00,,,
2026-09-18T0801Z,laliga,231852441,3004,José Alberto,José Alberto López Menéndez,5,563126,568244,0,marketPlayerLeague,on_sale,ok,,2026-09-18T22:24:00+02:00,,,
2026-09-18T0801Z,laliga,231852443,3173,Cheikh Thiam,Cheikh Thiam,3,582846,588786,0,marketPlayerLeague,on_sale,ok,,2026-09-18T22:24:00+02:00,,,
2026-09-18T0801Z,laliga,231852445,3037,C. Puga,Carlos Puga,2,3564497,3625727,0,marketPlayerLeague,on_sale,ok,,2026-09-18T22:24:00+02:00,,,
2026-09-18T0801Z,laliga,231852447,2976,A. Alti,Adrià Alti,2,4321437,4386083,0,marketPlayerLeague,on_sale,ok,,2026-09-18T22:24:00+02:00,,,
2026-09-18T0801Z,laliga,231852450,3152,Y. Zabiri,Yassir Zabiri,4,14176293,13281848,2,marketPlayerLeague,on_sale,ok,,2026-09-18T22:24:00+02:00,34488135,13281848,pending
2026-09-18T0801Z,laliga,231852453,270,Guevara,Ander Guevara Lajo,3,606719,613654,0,marketPlayerLeague,on_sale,ok,,2026-09-18T22:24:00+02:00,,,
2026-09-18T0801Z,laliga,231852454,2454,Ejuke,Chidera Ejuke,4,6169426,6214828,0,marketPlayerLeague,on_sale,ok,,2026-09-18T22:24:00+02:00,,,
2026-09-18T0801Z,laliga,231852456,2623,Dolan,Tyrhys Dolan,4,15729487,15670583,0,marketPlayerLeague,on_sale,ok,,2026-09-18T22:24:00+02:00,,,
2026-09-18T0801Z,laliga,231852458,3131,Marcos,Marcos Fernández,4,1209075,1164786,0,marketPlayerLeague,on_sale,ok,,2026-09-18T22:24:00+02:00,,,
2026-09-18T0801Z,laliga,231852460,2324,Giménez,José Giménez,2,9922934,9478699,0,marketPlayerLeague,on_sale,ok,,2026-09-18T22:24:00+02:00,,,
2026-09-18T0801Z,laliga,231852462,2783,Szczesny,Wojciech Szczesny,1,1215454,1172808,0,marketPlayerLeague,on_sale,ok,,2026-09-18T22:24:00+02:00,,,
2026-09-18T0801Z,laliga,231852463,3162,Hinojo,Roger Hinojo,2,4881804,4900943,0,marketPlayerLeague,on_sale,ok,,2026-09-18T22:24:00+02:00,,,
2026-09-18T0801Z,laliga,231852466,2932,Ángel Pérez,Ángel Pérez,4,22522785,21383607,1,marketPlayerLeague,on_sale,ok,,2026-09-18T22:24:00+02:00,34488342,21383607,pending
2026-09-18T0801Z,laliga,10520311,2418,Marc Roca,Marc Roca,3,14342418,13320452,1,marketPlayerTeam,on_sale,ok,false,2026-09-19T22:02:00+02:00,,,
2026-09-18T0801Z,laliga,14243153,1991,Tárrega,César Tárrega,2,8361736,8890467,1,marketPlayerTeam,on_sale,injured,false,2026-09-19T07:14:41+02:00,,,
2026-09-18T0801Z,laliga,14270371,1930,El Hilali,Omar El Hilali,2,16126209,16437448,0,marketPlayerTeam,on_sale,suspended,false,2026-09-20T23:44:29+02:00,,,
2026-09-18T0801Z,laliga,19387985,2390,Starfelt,Carl Starfelt,2,9691489,9900333,0,marketPlayerTeam,on_sale,ok,false,2026-09-20T23:44:17+02:00,,,
2026-09-18T0801Z,laliga,23053472,3190,Ali Houary,Ali Houary,4,1013348,1059873,1,marketPlayerTeam,on_sale,ok,false,2026-09-19T07:00:09+02:00,,,
2026-09-18T0801Z,laliga,23198759,2930,Nuñez,Unai Núñez,2,10060197,10327141,1,marketPlayerTeam,on_sale,ok,false,2026-09-18T22:14:15+02:00,,,
2026-09-18T0801Z,laliga,35273752,2549,Navarro,Robert Navarro,3,8918400,7863898,1,marketPlayerTeam,on_sale,ok,false,2026-09-19T22:01:55+02:00,,,
2026-09-18T0801Z,laliga,38414860,77,Yeray,Yeray Álvarez López,2,7198474,7178978,1,marketPlayerTeam,on_sale,ok,false,2026-09-19T07:00:54+02:00,,,
2026-09-18T0801Z,laliga,38498104,184,David Soria,David Soria Solís,1,35826415,35802943,1,marketPlayerTeam,on_sale,ok,false,2026-09-19T11:11:45+02:00,,,
2026-09-18T0801Z,laliga,38498131,2561,Hancko,Dávid Hancko,2,39156948,38544264,1,marketPlayerTeam,on_sale,ok,false,2026-09-19T11:11:48+02:00,,,
2026-09-18T0801Z,laliga,38498158,2315,Paredes,Aitor Paredes,2,12971003,13017089,1,marketPlayerTeam,on_sale,ok,false,2026-09-19T11:11:52+02:00,,,
2026-09-18T0801Z,laliga,38498189,2005,Abel Bretones,Abel Bretones,2,10035616,10041470,1,marketPlayerTeam,on_sale,ok,false,2026-09-19T11:11:56+02:00,,,
2026-09-18T0801Z,laliga,38498228,1337,Tenaglia,Nahuel Tenaglia,2,34204372,34421938,1,marketPlayerTeam,on_sale,ok,false,2026-09-19T11:12:02+02:00,,,
2026-09-18T0801Z,laliga,38498312,3161,Javi Hernández,Javi Hernández,3,16984433,16075486,1,marketPlayerTeam,on_sale,ok,false,2026-09-19T11:12:13+02:00,,,
2026-09-18T0801Z,laliga,38498343,2548,Riquelme,Rodrigo Riquelme,3,18325574,17677313,1,marketPlayerTeam,on_sale,ok,false,2026-09-19T11:12:17+02:00,,,
2026-09-18T0801Z,laliga,38498361,2511,R. Terrats,Ramon Terrats,3,9078584,8563908,1,marketPlayerTeam,on_sale,injured,false,2026-09-19T11:12:20+02:00,,,
2026-09-18T0801Z,laliga,38498426,2444,Sucic,Luka Sucic,3,11260420,10324237,1,marketPlayerTeam,on_sale,ok,false,2026-09-19T11:12:30+02:00,,,
2026-09-18T0801Z,laliga,38498467,3084,Budimir,Ante Budimir,4,61136303,62291000,1,marketPlayerTeam,on_sale,ok,false,2026-09-19T11:12:34+02:00,,,
2026-09-18T0801Z,laliga,38498494,2962,Luismi Cruz,Luismi Cruz,4,9996593,9480169,1,marketPlayerTeam,on_sale,ok,false,2026-09-19T11:12:38+02:00,,,
2026-09-18T0801Z,laliga,38498521,2746,Miguel Sierra,Miguel Sierra,4,5731769,5106665,1,marketPlayerTeam,on_sale,ok,false,2026-09-19T11:12:41+02:00,,,
2026-09-18T0801Z,laliga,38498572,2600,Mariano,Mariano Díaz,4,19517425,18539001,1,marketPlayerTeam,on_sale,ok,false,2026-09-19T11:12:49+02:00,,,
2026-09-18T0801Z,laliga,38498710,2520,Roberto,Roberto Fernández,4,35665333,32501289,1,marketPlayerTeam,on_sale,ok,false,2026-09-19T11:13:09+02:00,,,
2026-09-18T0801Z,laliga,39039910,2768,Lucas Boyé,Lucas Boyé,4,29319793,27949643,1,marketPlayerTeam,on_sale,ok,false,2026-09-19T22:02:09+02:00,,,
2026-09-18T0801Z,laliga,39089323,2843,Xavi Espart,Xavi Espart,2,33390146,28711699,1,marketPlayerTeam,on_sale,ok,false,2026-09-19T22:31:49+02:00,,,
2026-09-18T0820Z,laliga,231852441,3004,José Alberto,José Alberto López Menéndez,5,563126,568244,0,marketPlayerLeague,on_sale,ok,,2026-09-18T22:24:00+02:00,,,
2026-09-18T0820Z,laliga,231852443,3173,Cheikh Thiam,Cheikh Thiam,3,582846,588786,0,marketPlayerLeague,on_sale,ok,,2026-09-18T22:24:00+02:00,,,
2026-09-18T0820Z,laliga,231852445,3037,C. Puga,Carlos Puga,2,3564497,3625727,0,marketPlayerLeague,on_sale,ok,,2026-09-18T22:24:00+02:00,,,
2026-09-18T0820Z,laliga,231852447,2976,A. Alti,Adrià Alti,2,4321437,4386083,0,marketPlayerLeague,on_sale,ok,,2026-09-18T22:24:00+02:00,,,
2026-09-18T0820Z,laliga,231852450,3152,Y. Zabiri,Yassir Zabiri,4,14176293,13281848,2,marketPlayerLeague,on_sale,ok,,2026-09-18T22:24:00+02:00,34488135,13281848,pending
2026-09-18T0820Z,laliga,231852453,270,Guevara,Ander Guevara Lajo,3,606719,613654,0,marketPlayerLeague,on_sale,ok,,2026-09-18T22:24:00+02:00,,,
2026-09-18T0820Z,laliga,231852454,2454,Ejuke,Chidera Ejuke,4,6169426,6214828,0,marketPlayerLeague,on_sale,ok,,2026-09-18T22:24:00+02:00,,,
2026-09-18T0820Z,laliga,231852456,2623,Dolan,Tyrhys Dolan,4,15729487,15670583,0,marketPlayerLeague,on_sale,ok,,2026-09-18T22:24:00+02:00,,,
2026-09-18T0820Z,laliga,231852458,3131,Marcos,Marcos Fernández,4,1209075,1164786,0,marketPlayerLeague,on_sale,ok,,2026-09-18T22:24:00+02:00,,,
2026-09-18T0820Z,laliga,231852460,2324,Giménez,José Giménez,2,9922934,9478699,0,marketPlayerLeague,on_sale,ok,,2026-09-18T22:24:00+02:00,,,
2026-09-18T0820Z,laliga,231852462,2783,Szczesny,Wojciech Szczesny,1,1215454,1172808,0,marketPlayerLeague,on_sale,ok,,2026-09-18T22:24:00+02:00,,,
2026-09-18T0820Z,laliga,231852463,3162,Hinojo,Roger Hinojo,2,4881804,4900943,0,marketPlayerLeague,on_sale,ok,,2026-09-18T22:24:00+02:00,,,
2026-09-18T0820Z,laliga,231852466,2932,Ángel Pérez,Ángel Pérez,4,22522785,21383607,1,marketPlayerLeague,on_sale,ok,,2026-09-18T22:24:00+02:00,34488342,21383607,pending
2026-09-18T0820Z,laliga,10520311,2418,Marc Roca,Marc Roca,3,14342418,13320452,1,marketPlayerTeam,on_sale,ok,false,2026-09-19T22:02:00+02:00,,,
2026-09-18T0820Z,laliga,14243153,1991,Tárrega,César Tárrega,2,8361736,8890467,1,marketPlayerTeam,on_sale,injured,false,2026-09-19T07:14:41+02:00,,,
2026-09-18T0820Z,laliga,14270371,1930,El Hilali,Omar El Hilali,2,16126209,16437448,0,marketPlayerTeam,on_sale,suspended,false,2026-09-20T23:44:29+02:00,,,
2026-09-18T0820Z,laliga,19387985,2390,Starfelt,Carl Starfelt,2,9691489,9900333,0,marketPlayerTeam,on_sale,ok,false,2026-09-20T23:44:17+02:00,,,
2026-09-18T0820Z,laliga,23053472,3190,Ali Houary,Ali Houary,4,1013348,1059873,1,marketPlayerTeam,on_sale,ok,false,2026-09-19T07:00:09+02:00,,,
2026-09-18T0820Z,laliga,23198759,2930,Nuñez,Unai Núñez,2,10060197,10327141,1,marketPlayerTeam,on_sale,ok,false,2026-09-18T22:14:15+02:00,,,
2026-09-18T0820Z,laliga,35273752,2549,Navarro,Robert Navarro,3,8918400,7863898,1,marketPlayerTeam,on_sale,ok,false,2026-09-19T22:01:55+02:00,,,
2026-09-18T0820Z,laliga,38414860,77,Yeray,Yeray Álvarez López,2,7198474,7178978,1,marketPlayerTeam,on_sale,ok,false,2026-09-19T07:00:54+02:00,,,
2026-09-18T0820Z,laliga,38498104,184,David Soria,David Soria Solís,1,35826415,35802943,1,marketPlayerTeam,on_sale,ok,false,2026-09-19T11:11:45+02:00,,,
2026-09-18T0820Z,laliga,38498131,2561,Hancko,Dávid Hancko,2,39156948,38544264,1,marketPlayerTeam,on_sale,ok,false,2026-09-19T11:11:48+02:00,,,
2026-09-18T0820Z,laliga,38498158,2315,Paredes,Aitor Paredes,2,12971003,13017089,1,marketPlayerTeam,on_sale,ok,false,2026-09-19T11:11:52+02:00,,,
2026-09-18T0820Z,laliga,38498189,2005,Abel Bretones,Abel Bretones,2,10035616,10041470,1,marketPlayerTeam,on_sale,ok,false,2026-09-19T11:11:56+02:00,,,
2026-09-18T0820Z,laliga,38498228,1337,Tenaglia,Nahuel Tenaglia,2,34204372,34421938,1,marketPlayerTeam,on_sale,ok,false,2026-09-19T11:12:02+02:00,,,
2026-09-18T0820Z,laliga,38498312,3161,Javi Hernández,Javi Hernández,3,16984433,16075486,1,marketPlayerTeam,on_sale,ok,false,2026-09-19T11:12:13+02:00,,,
2026-09-18T0820Z,laliga,38498343,2548,Riquelme,Rodrigo Riquelme,3,18325574,17677313,1,marketPlayerTeam,on_sale,ok,false,2026-09-19T11:12:17+02:00,,,
2026-09-18T0820Z,laliga,38498361,2511,R. Terrats,Ramon Terrats,3,9078584,8563908,1,marketPlayerTeam,on_sale,injured,false,2026-09-19T11:12:20+02:00,,,
2026-09-18T0820Z,laliga,38498426,2444,Sucic,Luka Sucic,3,11260420,10324237,1,marketPlayerTeam,on_sale,ok,false,2026-09-19T11:12:30+02:00,,,
2026-09-18T0820Z,laliga,38498467,3084,Budimir,Ante Budimir,4,61136303,62291000,1,marketPlayerTeam,on_sale,ok,false,2026-09-19T11:12:34+02:00,,,
2026-09-18T0820Z,laliga,38498494,2962,Luismi Cruz,Luismi Cruz,4,9996593,9480169,1,marketPlayerTeam,on_sale,ok,false,2026-09-19T11:12:38+02:00,,,
2026-09-18T0820Z,laliga,38498521,2746,Miguel Sierra,Miguel Sierra,4,5731769,5106665,1,marketPlayerTeam,on_sale,ok,false,2026-09-19T11:12:41+02:00,,,
2026-09-18T0820Z,laliga,38498572,2600,Mariano,Mariano Díaz,4,19517425,18539001,1,marketPlayerTeam,on_sale,ok,false,2026-09-19T11:12:49+02:00,,,
2026-09-18T0820Z,laliga,38498710,2520,Roberto,Roberto Fernández,4,35665333,32501289,1,marketPlayerTeam,on_sale,ok,false,2026-09-19T11:13:09+02:00,,,
2026-09-18T0820Z,laliga,39039910,2768,Lucas Boyé,Lucas Boyé,4,29319793,27949643,1,marketPlayerTeam,on_sale,ok,false,2026-09-19T22:02:09+02:00,,,
2026-09-18T0820Z,laliga,39089323,2843,Xavi Espart,Xavi Espart,2,33390146,28711699,1,marketPlayerTeam,on_sale,ok,false,2026-09-19T22:31:49+02:00,,,
2026-09-18T1637Z,laliga,231852441,3004,José Alberto,José Alberto López Menéndez,5,563110,568244,0,marketPlayerLeague,on_sale,ok,,2026-09-18T22:24:00+02:00,,,
2026-09-18T1637Z,laliga,231852443,3173,Cheikh Thiam,Cheikh Thiam,3,582830,588786,0,marketPlayerLeague,on_sale,ok,,2026-09-18T22:24:00+02:00,,,
2026-09-18T1637Z,laliga,231852445,3037,C. Puga,Carlos Puga,2,3564409,3625727,0,marketPlayerLeague,on_sale,ok,,2026-09-18T22:24:00+02:00,,,
2026-09-18T1637Z,laliga,231852447,2976,A. Alti,Adrià Alti,2,4321340,4386083,0,marketPlayerLeague,on_sale,ok,,2026-09-18T22:24:00+02:00,,,
2026-09-18T1637Z,laliga,231852450,3152,Y. Zabiri,Yassir Zabiri,4,14174680,13281848,2,marketPlayerLeague,on_sale,ok,,2026-09-18T22:24:00+02:00,34488135,13281848,pending
2026-09-18T1637Z,laliga,231852453,270,Guevara,Ander Guevara Lajo,3,606704,613654,0,marketPlayerLeague,on_sale,ok,,2026-09-18T22:24:00+02:00,,,
2026-09-18T1637Z,laliga,231852454,2454,Ejuke,Chidera Ejuke,4,6169210,6214828,0,marketPlayerLeague,on_sale,ok,,2026-09-18T22:24:00+02:00,,,
2026-09-18T1637Z,laliga,231852456,2623,Dolan,Tyrhys Dolan,4,15728701,15670583,0,marketPlayerLeague,on_sale,ok,,2026-09-18T22:24:00+02:00,,,
2026-09-18T1637Z,laliga,231852458,3131,Marcos,Marcos Fernández,4,1209022,1164786,0,marketPlayerLeague,on_sale,ok,,2026-09-18T22:24:00+02:00,,,
2026-09-18T1637Z,laliga,231852460,2324,Giménez,José Giménez,2,9922001,9478699,1,marketPlayerLeague,on_sale,ok,,2026-09-18T22:24:00+02:00,,,
2026-09-18T1637Z,laliga,231852462,2783,Szczesny,Wojciech Szczesny,1,1215515,1172808,0,marketPlayerLeague,on_sale,ok,,2026-09-18T22:24:00+02:00,,,
2026-09-18T1637Z,laliga,231852463,3162,Hinojo,Roger Hinojo,2,4881648,4900943,1,marketPlayerLeague,on_sale,ok,,2026-09-18T22:24:00+02:00,,,
2026-09-18T1637Z,laliga,231852466,2932,Ángel Pérez,Ángel Pérez,4,22521027,21383607,2,marketPlayerLeague,on_sale,ok,,2026-09-18T22:24:00+02:00,34488342,21383607,pending
2026-09-18T1637Z,laliga,10520311,2418,Marc Roca,Marc Roca,3,14342550,13320452,1,marketPlayerTeam,on_sale,ok,false,2026-09-19T22:02:00+02:00,,,
2026-09-18T1637Z,laliga,11943329,3099,Fornals,Pablo Fornals,3,45124018,45125589,0,marketPlayerTeam,on_sale,ok,false,2026-09-21T10:44:15+02:00,,,
2026-09-18T1637Z,laliga,14243153,1991,Tárrega,César Tárrega,2,8361664,8890467,1,marketPlayerTeam,on_sale,injured,false,2026-09-19T07:14:41+02:00,,,
2026-09-18T1637Z,laliga,14270371,1930,El Hilali,Omar El Hilali,2,16125851,16437448,0,marketPlayerTeam,on_sale,suspended,false,2026-09-20T23:44:29+02:00,,,
2026-09-18T1637Z,laliga,19387985,2390,Starfelt,Carl Starfelt,2,9691260,9900333,0,marketPlayerTeam,on_sale,ok,false,2026-09-20T23:44:17+02:00,,,
2026-09-18T1637Z,laliga,23052817,2999,Mantilla,Álvaro Mantilla,2,1656293,1656339,0,marketPlayerTeam,on_sale,ok,false,2026-09-21T10:43:28+02:00,,,
2026-09-18T1637Z,laliga,23053472,3190,Ali Houary,Ali Houary,4,1013333,1059873,1,marketPlayerTeam,on_sale,ok,false,2026-09-19T07:00:09+02:00,,,
2026-09-18T1637Z,laliga,23198759,2930,Nuñez,Unai Núñez,2,10060373,10327141,1,marketPlayerTeam,on_sale,ok,false,2026-09-18T22:14:15+02:00,,,
2026-09-18T1637Z,laliga,35273752,2549,Navarro,Robert Navarro,3,8917477,7863898,1,marketPlayerTeam,on_sale,ok,false,2026-09-19T22:01:55+02:00,,,
2026-09-18T1637Z,laliga,38414860,77,Yeray,Yeray Álvarez López,2,7198198,7178978,1,marketPlayerTeam,on_sale,ok,false,2026-09-19T07:00:54+02:00,,,
2026-09-18T1637Z,laliga,38498104,184,David Soria,David Soria Solís,1,35824865,35802943,1,marketPlayerTeam,on_sale,ok,false,2026-09-19T11:11:45+02:00,,,
2026-09-18T1637Z,laliga,38498131,2561,Hancko,Dávid Hancko,2,39155152,38544264,1,marketPlayerTeam,on_sale,ok,false,2026-09-19T11:11:48+02:00,,,
2026-09-18T1637Z,laliga,38498158,2315,Paredes,Aitor Paredes,2,12970600,13017089,1,marketPlayerTeam,on_sale,ok,false,2026-09-19T11:11:52+02:00,,,
2026-09-18T1637Z,laliga,38498189,2005,Abel Bretones,Abel Bretones,2,10035318,10041470,1,marketPlayerTeam,on_sale,ok,false,2026-09-19T11:11:56+02:00,,,
2026-09-18T1637Z,laliga,38498228,1337,Tenaglia,Nahuel Tenaglia,2,34203319,34421938,1,marketPlayerTeam,on_sale,ok,false,2026-09-19T11:12:02+02:00,,,
2026-09-18T1637Z,laliga,38498312,3161,Javi Hernández,Javi Hernández,3,16984425,16075486,1,marketPlayerTeam,on_sale,ok,false,2026-09-19T11:12:13+02:00,,,
2026-09-18T1637Z,laliga,38498343,2548,Riquelme,Rodrigo Riquelme,3,18324674,17677313,1,marketPlayerTeam,on_sale,ok,false,2026-09-19T11:12:17+02:00,,,
2026-09-18T1637Z,laliga,38498361,2511,R. Terrats,Ramon Terrats,3,9078182,8563908,1,marketPlayerTeam,on_sale,doubtful,false,2026-09-19T11:12:20+02:00,,,
2026-09-18T1637Z,laliga,38498426,2444,Sucic,Luka Sucic,3,11259691,10324237,1,marketPlayerTeam,on_sale,ok,false,2026-09-19T11:12:30+02:00,,,
2026-09-18T1637Z,laliga,38498467,3084,Budimir,Ante Budimir,4,61134735,62291000,1,marketPlayerTeam,on_sale,ok,false,2026-09-19T11:12:34+02:00,,,
2026-09-18T1637Z,laliga,38498521,2746,Miguel Sierra,Miguel Sierra,4,5731172,5106665,1,marketPlayerTeam,on_sale,ok,false,2026-09-19T11:12:41+02:00,,,
2026-09-18T1637Z,laliga,38498572,2600,Mariano,Mariano Díaz,4,19516071,18539001,1,marketPlayerTeam,on_sale,ok,false,2026-09-19T11:12:49+02:00,,,
2026-09-18T1637Z,laliga,38498710,2520,Roberto,Roberto Fernández,4,35662921,32501289,1,marketPlayerTeam,on_sale,ok,false,2026-09-19T11:13:09+02:00,,,
2026-09-18T1637Z,laliga,39039910,2768,Lucas Boyé,Lucas Boyé,4,29318321,27949643,1,marketPlayerTeam,on_sale,ok,false,2026-09-19T22:02:09+02:00,,,
2026-09-18T1637Z,laliga,39089323,2843,Xavi Espart,Xavi Espart,2,33387066,28711699,1,marketPlayerTeam,on_sale,ok,false,2026-09-19T22:31:49+02:00,,,
2026-09-18T1827Z,laliga,231852441,3004,José Alberto,José Alberto López Menéndez,5,563110,568244,0,marketPlayerLeague,on_sale,ok,,2026-09-18T22:24:00+02:00,,,
2026-09-18T1827Z,laliga,231852443,3173,Cheikh Thiam,Cheikh Thiam,3,582830,588786,0,marketPlayerLeague,on_sale,ok,,2026-09-18T22:24:00+02:00,,,
2026-09-18T1827Z,laliga,231852445,3037,C. Puga,Carlos Puga,2,3564409,3625727,0,marketPlayerLeague,on_sale,ok,,2026-09-18T22:24:00+02:00,,,
2026-09-18T1827Z,laliga,231852447,2976,A. Alti,Adrià Alti,2,4321340,4386083,0,marketPlayerLeague,on_sale,ok,,2026-09-18T22:24:00+02:00,,,
2026-09-18T1827Z,laliga,231852450,3152,Y. Zabiri,Yassir Zabiri,4,14174680,13281848,1,marketPlayerLeague,on_sale,ok,,2026-09-18T22:24:00+02:00,,,
2026-09-18T1827Z,laliga,231852453,270,Guevara,Ander Guevara Lajo,3,606704,613654,0,marketPlayerLeague,on_sale,ok,,2026-09-18T22:24:00+02:00,,,
2026-09-18T1827Z,laliga,231852454,2454,Ejuke,Chidera Ejuke,4,6169210,6214828,0,marketPlayerLeague,on_sale,ok,,2026-09-18T22:24:00+02:00,,,
2026-09-18T1827Z,laliga,231852456,2623,Dolan,Tyrhys Dolan,4,15728701,15670583,0,marketPlayerLeague,on_sale,ok,,2026-09-18T22:24:00+02:00,,,
2026-09-18T1827Z,laliga,231852458,3131,Marcos,Marcos Fernández,4,1209022,1164786,0,marketPlayerLeague,on_sale,ok,,2026-09-18T22:24:00+02:00,,,
2026-09-18T1827Z,laliga,231852460,2324,Giménez,José Giménez,2,9922001,9478699,1,marketPlayerLeague,on_sale,ok,,2026-09-18T22:24:00+02:00,,,
2026-09-18T1827Z,laliga,231852462,2783,Szczesny,Wojciech Szczesny,1,1215515,1172808,0,marketPlayerLeague,on_sale,ok,,2026-09-18T22:24:00+02:00,,,
2026-09-18T1827Z,laliga,231852463,3162,Hinojo,Roger Hinojo,2,4881648,4900943,0,marketPlayerLeague,on_sale,ok,,2026-09-18T22:24:00+02:00,,,
2026-09-18T1827Z,laliga,231852466,2932,Ángel Pérez,Ángel Pérez,4,22521027,21383607,2,marketPlayerLeague,on_sale,ok,,2026-09-18T22:24:00+02:00,34488342,22521028,pending
2026-09-18T1827Z,laliga,10520311,2418,Marc Roca,Marc Roca,3,14342550,13320452,1,marketPlayerTeam,on_sale,ok,false,2026-09-19T22:02:00+02:00,,,
2026-09-18T1827Z,laliga,11943329,3099,Fornals,Pablo Fornals,3,45124018,45125589,0,marketPlayerTeam,on_sale,ok,false,2026-09-21T10:44:15+02:00,,,
2026-09-18T1827Z,laliga,14243153,1991,Tárrega,César Tárrega,2,8361664,8890467,1,marketPlayerTeam,on_sale,injured,false,2026-09-19T07:14:41+02:00,,,
2026-09-18T1827Z,laliga,14270371,1930,El Hilali,Omar El Hilali,2,16125851,16437448,0,marketPlayerTeam,on_sale,suspended,false,2026-09-20T23:44:29+02:00,,,
2026-09-18T1827Z,laliga,19387985,2390,Starfelt,Carl Starfelt,2,9691260,9900333,0,marketPlayerTeam,on_sale,ok,false,2026-09-20T23:44:17+02:00,,,
2026-09-18T1827Z,laliga,23052817,2999,Mantilla,Álvaro Mantilla,2,1656293,1656339,0,marketPlayerTeam,on_sale,ok,false,2026-09-21T10:43:28+02:00,,,
2026-09-18T1827Z,laliga,23053472,3190,Ali Houary,Ali Houary,4,1013333,1059873,1,marketPlayerTeam,on_sale,ok,false,2026-09-19T07:00:09+02:00,,,
2026-09-18T1827Z,laliga,23198759,2930,Nuñez,Unai Núñez,2,10060373,10327141,1,marketPlayerTeam,on_sale,ok,false,2026-09-18T22:14:15+02:00,,,
2026-09-18T1827Z,laliga,35273752,2549,Navarro,Robert Navarro,3,8917477,7863898,1,marketPlayerTeam,on_sale,ok,false,2026-09-19T22:01:55+02:00,,,
2026-09-18T1827Z,laliga,38414860,77,Yeray,Yeray Álvarez López,2,7198198,7178978,1,marketPlayerTeam,on_sale,ok,false,2026-09-19T07:00:54+02:00,,,
2026-09-18T1827Z,laliga,39039910,2768,Lucas Boyé,Lucas Boyé,4,29318321,27949643,1,marketPlayerTeam,on_sale,ok,false,2026-09-19T22:02:09+02:00,,,
2026-09-18T1840Z,laliga,231852441,3004,José Alberto,José Alberto López Menéndez,5,563110,568244,0,marketPlayerLeague,on_sale,ok,,2026-09-18T22:24:00+02:00,,,
2026-09-18T1840Z,laliga,231852443,3173,Cheikh Thiam,Cheikh Thiam,3,582830,588786,0,marketPlayerLeague,on_sale,ok,,2026-09-18T22:24:00+02:00,,,
2026-09-18T1840Z,laliga,231852445,3037,C. Puga,Carlos Puga,2,3564409,3625727,0,marketPlayerLeague,on_sale,ok,,2026-09-18T22:24:00+02:00,,,
2026-09-18T1840Z,laliga,231852447,2976,A. Alti,Adrià Alti,2,4321340,4386083,0,marketPlayerLeague,on_sale,ok,,2026-09-18T22:24:00+02:00,,,
2026-09-18T1840Z,laliga,231852450,3152,Y. Zabiri,Yassir Zabiri,4,14174680,13281848,1,marketPlayerLeague,on_sale,ok,,2026-09-18T22:24:00+02:00,,,
2026-09-18T1840Z,laliga,231852453,270,Guevara,Ander Guevara Lajo,3,606704,613654,0,marketPlayerLeague,on_sale,ok,,2026-09-18T22:24:00+02:00,,,
2026-09-18T1840Z,laliga,231852454,2454,Ejuke,Chidera Ejuke,4,6169210,6214828,0,marketPlayerLeague,on_sale,ok,,2026-09-18T22:24:00+02:00,,,
2026-09-18T1840Z,laliga,231852456,2623,Dolan,Tyrhys Dolan,4,15728701,15670583,0,marketPlayerLeague,on_sale,ok,,2026-09-18T22:24:00+02:00,,,
2026-09-18T1840Z,laliga,231852458,3131,Marcos,Marcos Fernández,4,1209022,1164786,0,marketPlayerLeague,on_sale,ok,,2026-09-18T22:24:00+02:00,,,
2026-09-18T1840Z,laliga,231852460,2324,Giménez,José Giménez,2,9922001,9478699,1,marketPlayerLeague,on_sale,ok,,2026-09-18T22:24:00+02:00,,,
2026-09-18T1840Z,laliga,231852462,2783,Szczesny,Wojciech Szczesny,1,1215515,1172808,0,marketPlayerLeague,on_sale,ok,,2026-09-18T22:24:00+02:00,,,
2026-09-18T1840Z,laliga,231852463,3162,Hinojo,Roger Hinojo,2,4881648,4900943,0,marketPlayerLeague,on_sale,ok,,2026-09-18T22:24:00+02:00,,,
2026-09-18T1840Z,laliga,231852466,2932,Ángel Pérez,Ángel Pérez,4,22521027,21383607,2,marketPlayerLeague,on_sale,ok,,2026-09-18T22:24:00+02:00,34488342,22521028,pending
2026-09-18T1840Z,laliga,10520311,2418,Marc Roca,Marc Roca,3,14342550,13320452,1,marketPlayerTeam,on_sale,ok,false,2026-09-19T22:02:00+02:00,,,
2026-09-18T1840Z,laliga,11943329,3099,Fornals,Pablo Fornals,3,45124018,45125589,0,marketPlayerTeam,on_sale,ok,false,2026-09-21T10:44:15+02:00,,,
2026-09-18T1840Z,laliga,14243153,1991,Tárrega,César Tárrega,2,8361664,8890467,1,marketPlayerTeam,on_sale,injured,false,2026-09-19T07:14:41+02:00,,,
2026-09-18T1840Z,laliga,14270371,1930,El Hilali,Omar El Hilali,2,16125851,16437448,0,marketPlayerTeam,on_sale,suspended,false,2026-09-20T23:44:29+02:00,,,
2026-09-18T1840Z,laliga,19387985,2390,Starfelt,Carl Starfelt,2,9691260,9900333,0,marketPlayerTeam,on_sale,ok,false,2026-09-20T23:44:17+02:00,,,
2026-09-18T1840Z,laliga,23052817,2999,Mantilla,Álvaro Mantilla,2,1656293,1656339,0,marketPlayerTeam,on_sale,ok,false,2026-09-21T10:43:28+02:00,,,
2026-09-18T1840Z,laliga,23053472,3190,Ali Houary,Ali Houary,4,1013333,1059873,1,marketPlayerTeam,on_sale,ok,false,2026-09-19T07:00:09+02:00,,,
2026-09-18T1840Z,laliga,23198759,2930,Nuñez,Unai Núñez,2,10060373,10327141,1,marketPlayerTeam,on_sale,ok,false,2026-09-18T22:14:15+02:00,,,
2026-09-18T1840Z,laliga,35273752,2549,Navarro,Robert Navarro,3,8917477,7863898,1,marketPlayerTeam,on_sale,ok,false,2026-09-19T22:01:55+02:00,,,
2026-09-18T1840Z,laliga,38414860,77,Yeray,Yeray Álvarez López,2,7198198,7178978,1,marketPlayerTeam,on_sale,ok,false,2026-09-19T07:00:54+02:00,,,
2026-09-18T1840Z,laliga,39039910,2768,Lucas Boyé,Lucas Boyé,4,29318321,27949643,1,marketPlayerTeam,on_sale,ok,false,2026-09-19T22:02:09+02:00,,,
2026-09-18T1850Z,laliga,231852441,3004,José Alberto,José Alberto López Menéndez,5,563110,568244,0,marketPlayerLeague,on_sale,ok,,2026-09-18T22:24:00+02:00,,,
2026-09-18T1850Z,laliga,231852443,3173,Cheikh Thiam,Cheikh Thiam,3,582830,588786,0,marketPlayerLeague,on_sale,ok,,2026-09-18T22:24:00+02:00,,,
2026-09-18T1850Z,laliga,231852445,3037,C. Puga,Carlos Puga,2,3564409,3625727,0,marketPlayerLeague,on_sale,ok,,2026-09-18T22:24:00+02:00,,,
2026-09-18T1850Z,laliga,231852447,2976,A. Alti,Adrià Alti,2,4321340,4386083,0,marketPlayerLeague,on_sale,ok,,2026-09-18T22:24:00+02:00,,,
2026-09-18T1850Z,laliga,231852450,3152,Y. Zabiri,Yassir Zabiri,4,14174680,13281848,1,marketPlayerLeague,on_sale,ok,,2026-09-18T22:24:00+02:00,,,
2026-09-18T1850Z,laliga,231852453,270,Guevara,Ander Guevara Lajo,3,606704,613654,0,marketPlayerLeague,on_sale,ok,,2026-09-18T22:24:00+02:00,,,
2026-09-18T1850Z,laliga,231852454,2454,Ejuke,Chidera Ejuke,4,6169210,6214828,0,marketPlayerLeague,on_sale,ok,,2026-09-18T22:24:00+02:00,,,
2026-09-18T1850Z,laliga,231852456,2623,Dolan,Tyrhys Dolan,4,15728701,15670583,0,marketPlayerLeague,on_sale,ok,,2026-09-18T22:24:00+02:00,,,
2026-09-18T1850Z,laliga,231852458,3131,Marcos,Marcos Fernández,4,1209022,1164786,0,marketPlayerLeague,on_sale,ok,,2026-09-18T22:24:00+02:00,,,
2026-09-18T1850Z,laliga,231852460,2324,Giménez,José Giménez,2,9922001,9478699,1,marketPlayerLeague,on_sale,ok,,2026-09-18T22:24:00+02:00,,,
2026-09-18T1850Z,laliga,231852462,2783,Szczesny,Wojciech Szczesny,1,1215515,1172808,0,marketPlayerLeague,on_sale,ok,,2026-09-18T22:24:00+02:00,,,
2026-09-18T1850Z,laliga,231852463,3162,Hinojo,Roger Hinojo,2,4881648,4900943,0,marketPlayerLeague,on_sale,ok,,2026-09-18T22:24:00+02:00,,,
2026-09-18T1850Z,laliga,231852466,2932,Ángel Pérez,Ángel Pérez,4,22521027,21383607,2,marketPlayerLeague,on_sale,ok,,2026-09-18T22:24:00+02:00,34488342,22521028,pending
2026-09-18T1850Z,laliga,10520311,2418,Marc Roca,Marc Roca,3,14342550,13320452,1,marketPlayerTeam,on_sale,ok,false,2026-09-19T22:02:00+02:00,,,
2026-09-18T1850Z,laliga,11943329,3099,Fornals,Pablo Fornals,3,45124018,45125589,0,marketPlayerTeam,on_sale,ok,false,2026-09-21T10:44:15+02:00,,,
2026-09-18T1850Z,laliga,14243153,1991,Tárrega,César Tárrega,2,8361664,8890467,1,marketPlayerTeam,on_sale,injured,false,2026-09-19T07:14:41+02:00,,,
2026-09-18T1850Z,laliga,14270371,1930,El Hilali,Omar El Hilali,2,16125851,16437448,0,marketPlayerTeam,on_sale,suspended,false,2026-09-20T23:44:29+02:00,,,
2026-09-18T1850Z,laliga,19387985,2390,Starfelt,Carl Starfelt,2,9691260,9900333,0,marketPlayerTeam,on_sale,ok,false,2026-09-20T23:44:17+02:00,,,
2026-09-18T1850Z,laliga,23052817,2999,Mantilla,Álvaro Mantilla,2,1656293,1656339,0,marketPlayerTeam,on_sale,ok,false,2026-09-21T10:43:28+02:00,,,
2026-09-18T1850Z,laliga,23053472,3190,Ali Houary,Ali Houary,4,1013333,1059873,1,marketPlayerTeam,on_sale,ok,false,2026-09-19T07:00:09+02:00,,,
2026-09-18T1850Z,laliga,23198759,2930,Nuñez,Unai Núñez,2,10060373,10327141,1,marketPlayerTeam,on_sale,ok,false,2026-09-18T22:14:15+02:00,,,
2026-09-18T1850Z,laliga,35273752,2549,Navarro,Robert Navarro,3,8917477,7863898,1,marketPlayerTeam,on_sale,ok,false,2026-09-19T22:01:55+02:00,,,
2026-09-18T1850Z,laliga,38414860,77,Yeray,Yeray Álvarez López,2,7198198,7178978,1,marketPlayerTeam,on_sale,ok,false,2026-09-19T07:00:54+02:00,,,
2026-09-18T1850Z,laliga,39039910,2768,Lucas Boyé,Lucas Boyé,4,29318321,27949643,1,marketPlayerTeam,on_sale,ok,false,2026-09-19T22:02:09+02:00,,,
2026-09-18T1918Z,laliga,231852441,3004,José Alberto,José Alberto López Menéndez,5,563110,568244,0,marketPlayerLeague,on_sale,ok,,2026-09-18T22:24:00+02:00,,,
2026-09-18T1918Z,laliga,231852443,3173,Cheikh Thiam,Cheikh Thiam,3,582830,588786,0,marketPlayerLeague,on_sale,ok,,2026-09-18T22:24:00+02:00,,,
2026-09-18T1918Z,laliga,231852445,3037,C. Puga,Carlos Puga,2,3564409,3625727,0,marketPlayerLeague,on_sale,ok,,2026-09-18T22:24:00+02:00,,,
2026-09-18T1918Z,laliga,231852447,2976,A. Alti,Adrià Alti,2,4321340,4386083,0,marketPlayerLeague,on_sale,ok,,2026-09-18T22:24:00+02:00,,,
2026-09-18T1918Z,laliga,231852450,3152,Y. Zabiri,Yassir Zabiri,4,14174680,13281848,1,marketPlayerLeague,on_sale,ok,,2026-09-18T22:24:00+02:00,,,
2026-09-18T1918Z,laliga,231852453,270,Guevara,Ander Guevara Lajo,3,606704,613654,0,marketPlayerLeague,on_sale,ok,,2026-09-18T22:24:00+02:00,,,
2026-09-18T1918Z,laliga,231852454,2454,Ejuke,Chidera Ejuke,4,6169210,6214828,0,marketPlayerLeague,on_sale,ok,,2026-09-18T22:24:00+02:00,,,
2026-09-18T1918Z,laliga,231852456,2623,Dolan,Tyrhys Dolan,4,15728701,15670583,0,marketPlayerLeague,on_sale,ok,,2026-09-18T22:24:00+02:00,,,
2026-09-18T1918Z,laliga,231852458,3131,Marcos,Marcos Fernández,4,1209022,1164786,0,marketPlayerLeague,on_sale,ok,,2026-09-18T22:24:00+02:00,,,
2026-09-18T1918Z,laliga,231852460,2324,Giménez,José Giménez,2,9922001,9478699,1,marketPlayerLeague,on_sale,ok,,2026-09-18T22:24:00+02:00,,,
2026-09-18T1918Z,laliga,231852462,2783,Szczesny,Wojciech Szczesny,1,1215515,1172808,0,marketPlayerLeague,on_sale,ok,,2026-09-18T22:24:00+02:00,,,
2026-09-18T1918Z,laliga,231852463,3162,Hinojo,Roger Hinojo,2,4881648,4900943,0,marketPlayerLeague,on_sale,ok,,2026-09-18T22:24:00+02:00,,,
2026-09-18T1918Z,laliga,231852466,2932,Ángel Pérez,Ángel Pérez,4,22521027,21383607,2,marketPlayerLeague,on_sale,ok,,2026-09-18T22:24:00+02:00,34488342,22521028,pending
2026-09-18T1918Z,laliga,10520311,2418,Marc Roca,Marc Roca,3,14342550,13320452,1,marketPlayerTeam,on_sale,ok,false,2026-09-19T22:02:00+02:00,,,
2026-09-18T1918Z,laliga,11943329,3099,Fornals,Pablo Fornals,3,45124018,45125589,0,marketPlayerTeam,on_sale,ok,false,2026-09-21T10:44:15+02:00,,,
2026-09-18T1918Z,laliga,14243153,1991,Tárrega,César Tárrega,2,8361664,8890467,1,marketPlayerTeam,on_sale,injured,false,2026-09-19T07:14:41+02:00,,,
2026-09-18T1918Z,laliga,14270371,1930,El Hilali,Omar El Hilali,2,16125851,16437448,0,marketPlayerTeam,on_sale,suspended,false,2026-09-20T23:44:29+02:00,,,
2026-09-18T1918Z,laliga,19387985,2390,Starfelt,Carl Starfelt,2,9691260,9900333,0,marketPlayerTeam,on_sale,ok,false,2026-09-20T23:44:17+02:00,,,
2026-09-18T1918Z,laliga,23052817,2999,Mantilla,Álvaro Mantilla,2,1656293,1656339,0,marketPlayerTeam,on_sale,ok,false,2026-09-21T10:43:28+02:00,,,
2026-09-18T1918Z,laliga,23053472,3190,Ali Houary,Ali Houary,4,1013333,1059873,1,marketPlayerTeam,on_sale,ok,false,2026-09-19T07:00:09+02:00,,,
2026-09-18T1918Z,laliga,23198759,2930,Nuñez,Unai Núñez,2,10060373,10327141,1,marketPlayerTeam,on_sale,ok,false,2026-09-18T22:14:15+02:00,,,
2026-09-18T1918Z,laliga,35273752,2549,Navarro,Robert Navarro,3,8917477,7863898,1,marketPlayerTeam,on_sale,ok,false,2026-09-19T22:01:55+02:00,,,
2026-09-18T1918Z,laliga,38414860,77,Yeray,Yeray Álvarez López,2,7198198,7178978,1,marketPlayerTeam,on_sale,ok,false,2026-09-19T07:00:54+02:00,,,
2026-09-18T1918Z,laliga,39039910,2768,Lucas Boyé,Lucas Boyé,4,29318321,27949643,1,marketPlayerTeam,on_sale,ok,false,2026-09-19T22:02:09+02:00,,,
2026-09-18T1929Z,laliga,231852441,3004,José Alberto,José Alberto López Menéndez,5,563110,568244,0,marketPlayerLeague,on_sale,ok,,2026-09-18T22:24:00+02:00,,,
2026-09-18T1929Z,laliga,231852443,3173,Cheikh Thiam,Cheikh Thiam,3,582830,588786,0,marketPlayerLeague,on_sale,ok,,2026-09-18T22:24:00+02:00,,,
2026-09-18T1929Z,laliga,231852445,3037,C. Puga,Carlos Puga,2,3564409,3625727,0,marketPlayerLeague,on_sale,ok,,2026-09-18T22:24:00+02:00,,,
2026-09-18T1929Z,laliga,231852447,2976,A. Alti,Adrià Alti,2,4321340,4386083,0,marketPlayerLeague,on_sale,ok,,2026-09-18T22:24:00+02:00,,,
2026-09-18T1929Z,laliga,231852450,3152,Y. Zabiri,Yassir Zabiri,4,14174680,13281848,1,marketPlayerLeague,on_sale,ok,,2026-09-18T22:24:00+02:00,,,
2026-09-18T1929Z,laliga,231852453,270,Guevara,Ander Guevara Lajo,3,606704,613654,0,marketPlayerLeague,on_sale,ok,,2026-09-18T22:24:00+02:00,,,
2026-09-18T1929Z,laliga,231852454,2454,Ejuke,Chidera Ejuke,4,6169210,6214828,0,marketPlayerLeague,on_sale,ok,,2026-09-18T22:24:00+02:00,,,
2026-09-18T1929Z,laliga,231852456,2623,Dolan,Tyrhys Dolan,4,15728701,15670583,0,marketPlayerLeague,on_sale,ok,,2026-09-18T22:24:00+02:00,,,
2026-09-18T1929Z,laliga,231852458,3131,Marcos,Marcos Fernández,4,1209022,1164786,0,marketPlayerLeague,on_sale,ok,,2026-09-18T22:24:00+02:00,,,
2026-09-18T1929Z,laliga,231852460,2324,Giménez,José Giménez,2,9922001,9478699,1,marketPlayerLeague,on_sale,ok,,2026-09-18T22:24:00+02:00,,,
2026-09-18T1929Z,laliga,231852462,2783,Szczesny,Wojciech Szczesny,1,1215515,1172808,0,marketPlayerLeague,on_sale,ok,,2026-09-18T22:24:00+02:00,,,
2026-09-18T1929Z,laliga,231852463,3162,Hinojo,Roger Hinojo,2,4881648,4900943,0,marketPlayerLeague,on_sale,ok,,2026-09-18T22:24:00+02:00,,,
2026-09-18T1929Z,laliga,231852466,2932,Ángel Pérez,Ángel Pérez,4,22521027,21383607,2,marketPlayerLeague,on_sale,ok,,2026-09-18T22:24:00+02:00,34488342,22521028,pending
2026-09-18T1929Z,laliga,10520311,2418,Marc Roca,Marc Roca,3,14342550,13320452,1,marketPlayerTeam,on_sale,ok,false,2026-09-19T22:02:00+02:00,,,
2026-09-18T1929Z,laliga,11943329,3099,Fornals,Pablo Fornals,3,45124018,45125589,0,marketPlayerTeam,on_sale,ok,false,2026-09-21T10:44:15+02:00,,,
2026-09-18T1929Z,laliga,14243153,1991,Tárrega,César Tárrega,2,8361664,8890467,1,marketPlayerTeam,on_sale,injured,false,2026-09-19T07:14:41+02:00,,,
2026-09-18T1929Z,laliga,14270371,1930,El Hilali,Omar El Hilali,2,16125851,16437448,0,marketPlayerTeam,on_sale,suspended,false,2026-09-20T23:44:29+02:00,,,
2026-09-18T1929Z,laliga,19387985,2390,Starfelt,Carl Starfelt,2,9691260,9900333,0,marketPlayerTeam,on_sale,ok,false,2026-09-20T23:44:17+02:00,,,
2026-09-18T1929Z,laliga,23052817,2999,Mantilla,Álvaro Mantilla,2,1656293,1656339,0,marketPlayerTeam,on_sale,ok,false,2026-09-21T10:43:28+02:00,,,
2026-09-18T1929Z,laliga,23053472,3190,Ali Houary,Ali Houary,4,1013333,1059873,1,marketPlayerTeam,on_sale,ok,false,2026-09-19T07:00:09+02:00,,,
2026-09-18T1929Z,laliga,23198759,2930,Nuñez,Unai Núñez,2,10060373,10327141,1,marketPlayerTeam,on_sale,ok,false,2026-09-18T22:14:15+02:00,,,
2026-09-18T1929Z,laliga,35273752,2549,Navarro,Robert Navarro,3,8917477,7863898,1,marketPlayerTeam,on_sale,ok,false,2026-09-19T22:01:55+02:00,,,
2026-09-18T1929Z,laliga,38414860,77,Yeray,Yeray Álvarez López,2,7198198,7178978,1,marketPlayerTeam,on_sale,ok,false,2026-09-19T07:00:54+02:00,,,
2026-09-18T1929Z,laliga,39039910,2768,Lucas Boyé,Lucas Boyé,4,29318321,27949643,1,marketPlayerTeam,on_sale,ok,false,2026-09-19T22:02:09+02:00,,,
2026-09-18T1945Z,laliga,231852441,3004,José Alberto,José Alberto López Menéndez,5,563110,568244,0,marketPlayerLeague,on_sale,ok,,2026-09-18T22:24:00+02:00,,,
2026-09-18T1945Z,laliga,231852443,3173,Cheikh Thiam,Cheikh Thiam,3,582830,588786,0,marketPlayerLeague,on_sale,ok,,2026-09-18T22:24:00+02:00,,,
2026-09-18T1945Z,laliga,231852445,3037,C. Puga,Carlos Puga,2,3564409,3625727,0,marketPlayerLeague,on_sale,ok,,2026-09-18T22:24:00+02:00,,,
2026-09-18T1945Z,laliga,231852447,2976,A. Alti,Adrià Alti,2,4321340,4386083,0,marketPlayerLeague,on_sale,ok,,2026-09-18T22:24:00+02:00,,,
2026-09-18T1945Z,laliga,231852450,3152,Y. Zabiri,Yassir Zabiri,4,14174680,13281848,1,marketPlayerLeague,on_sale,ok,,2026-09-18T22:24:00+02:00,,,
2026-09-18T1945Z,laliga,231852453,270,Guevara,Ander Guevara Lajo,3,606704,613654,0,marketPlayerLeague,on_sale,ok,,2026-09-18T22:24:00+02:00,,,
2026-09-18T1945Z,laliga,231852454,2454,Ejuke,Chidera Ejuke,4,6169210,6214828,0,marketPlayerLeague,on_sale,ok,,2026-09-18T22:24:00+02:00,,,
2026-09-18T1945Z,laliga,231852456,2623,Dolan,Tyrhys Dolan,4,15728701,15670583,0,marketPlayerLeague,on_sale,ok,,2026-09-18T22:24:00+02:00,,,
2026-09-18T1945Z,laliga,231852458,3131,Marcos,Marcos Fernández,4,1209022,1164786,0,marketPlayerLeague,on_sale,ok,,2026-09-18T22:24:00+02:00,,,
2026-09-18T1945Z,laliga,231852460,2324,Giménez,José Giménez,2,9922001,9478699,1,marketPlayerLeague,on_sale,ok,,2026-09-18T22:24:00+02:00,,,
2026-09-18T1945Z,laliga,231852462,2783,Szczesny,Wojciech Szczesny,1,1215515,1172808,0,marketPlayerLeague,on_sale,ok,,2026-09-18T22:24:00+02:00,,,
2026-09-18T1945Z,laliga,231852463,3162,Hinojo,Roger Hinojo,2,4881648,4900943,0,marketPlayerLeague,on_sale,ok,,2026-09-18T22:24:00+02:00,,,
2026-09-18T1945Z,laliga,231852466,2932,Ángel Pérez,Ángel Pérez,4,22521027,21383607,2,marketPlayerLeague,on_sale,ok,,2026-09-18T22:24:00+02:00,34488342,22521028,pending
2026-09-18T1945Z,laliga,10520311,2418,Marc Roca,Marc Roca,3,14342550,13320452,1,marketPlayerTeam,on_sale,ok,false,2026-09-19T22:02:00+02:00,,,
2026-09-18T1945Z,laliga,11943329,3099,Fornals,Pablo Fornals,3,45124018,45125589,0,marketPlayerTeam,on_sale,ok,false,2026-09-21T10:44:15+02:00,,,
2026-09-18T1945Z,laliga,14243153,1991,Tárrega,César Tárrega,2,8361664,8890467,1,marketPlayerTeam,on_sale,injured,false,2026-09-19T07:14:41+02:00,,,
2026-09-18T1945Z,laliga,14270371,1930,El Hilali,Omar El Hilali,2,16125851,16437448,0,marketPlayerTeam,on_sale,suspended,false,2026-09-20T23:44:29+02:00,,,
2026-09-18T1945Z,laliga,19387985,2390,Starfelt,Carl Starfelt,2,9691260,9900333,0,marketPlayerTeam,on_sale,ok,false,2026-09-20T23:44:17+02:00,,,
2026-09-18T1945Z,laliga,23052817,2999,Mantilla,Álvaro Mantilla,2,1656293,1656339,0,marketPlayerTeam,on_sale,ok,false,2026-09-21T10:43:28+02:00,,,
2026-09-18T1945Z,laliga,23053472,3190,Ali Houary,Ali Houary,4,1013333,1059873,1,marketPlayerTeam,on_sale,ok,false,2026-09-19T07:00:09+02:00,,,
2026-09-18T1945Z,laliga,23198759,2930,Nuñez,Unai Núñez,2,10060373,10327141,1,marketPlayerTeam,on_sale,ok,false,2026-09-18T22:14:15+02:00,,,
2026-09-18T1945Z,laliga,35273752,2549,Navarro,Robert Navarro,3,8917477,7863898,1,marketPlayerTeam,on_sale,ok,false,2026-09-19T22:01:55+02:00,,,
2026-09-18T1945Z,laliga,38414860,77,Yeray,Yeray Álvarez López,2,7198198,7178978,1,marketPlayerTeam,on_sale,ok,false,2026-09-19T07:00:54+02:00,,,
2026-09-18T1945Z,laliga,39039910,2768,Lucas Boyé,Lucas Boyé,4,29318321,27949643,1,marketPlayerTeam,on_sale,ok,false,2026-09-19T22:02:09+02:00,,,
2026-09-18T1949Z,laliga,231852441,3004,José Alberto,José Alberto López Menéndez,5,563110,568244,0,marketPlayerLeague,on_sale,ok,,2026-09-18T22:24:00+02:00,,,
2026-09-18T1949Z,laliga,231852443,3173,Cheikh Thiam,Cheikh Thiam,3,582830,588786,0,marketPlayerLeague,on_sale,ok,,2026-09-18T22:24:00+02:00,,,
2026-09-18T1949Z,laliga,231852445,3037,C. Puga,Carlos Puga,2,3564409,3625727,0,marketPlayerLeague,on_sale,ok,,2026-09-18T22:24:00+02:00,,,
2026-09-18T1949Z,laliga,231852447,2976,A. Alti,Adrià Alti,2,4321340,4386083,0,marketPlayerLeague,on_sale,ok,,2026-09-18T22:24:00+02:00,,,
2026-09-18T1949Z,laliga,231852450,3152,Y. Zabiri,Yassir Zabiri,4,14174680,13281848,1,marketPlayerLeague,on_sale,ok,,2026-09-18T22:24:00+02:00,,,
2026-09-18T1949Z,laliga,231852453,270,Guevara,Ander Guevara Lajo,3,606704,613654,0,marketPlayerLeague,on_sale,ok,,2026-09-18T22:24:00+02:00,,,
2026-09-18T1949Z,laliga,231852454,2454,Ejuke,Chidera Ejuke,4,6169210,6214828,0,marketPlayerLeague,on_sale,ok,,2026-09-18T22:24:00+02:00,,,
2026-09-18T1949Z,laliga,231852456,2623,Dolan,Tyrhys Dolan,4,15728701,15670583,0,marketPlayerLeague,on_sale,ok,,2026-09-18T22:24:00+02:00,,,
2026-09-18T1949Z,laliga,231852458,3131,Marcos,Marcos Fernández,4,1209022,1164786,0,marketPlayerLeague,on_sale,ok,,2026-09-18T22:24:00+02:00,,,
2026-09-18T1949Z,laliga,231852460,2324,Giménez,José Giménez,2,9922001,9478699,1,marketPlayerLeague,on_sale,ok,,2026-09-18T22:24:00+02:00,,,
2026-09-18T1949Z,laliga,231852462,2783,Szczesny,Wojciech Szczesny,1,1215515,1172808,0,marketPlayerLeague,on_sale,ok,,2026-09-18T22:24:00+02:00,,,
2026-09-18T1949Z,laliga,231852463,3162,Hinojo,Roger Hinojo,2,4881648,4900943,0,marketPlayerLeague,on_sale,ok,,2026-09-18T22:24:00+02:00,,,
2026-09-18T1949Z,laliga,231852466,2932,Ángel Pérez,Ángel Pérez,4,22521027,21383607,2,marketPlayerLeague,on_sale,ok,,2026-09-18T22:24:00+02:00,34488342,22521028,pending
2026-09-18T1949Z,laliga,10520311,2418,Marc Roca,Marc Roca,3,14342550,13320452,1,marketPlayerTeam,on_sale,ok,false,2026-09-19T22:02:00+02:00,,,
2026-09-18T1949Z,laliga,11943329,3099,Fornals,Pablo Fornals,3,45124018,45125589,0,marketPlayerTeam,on_sale,ok,false,2026-09-21T10:44:15+02:00,,,
2026-09-18T1949Z,laliga,14243153,1991,Tárrega,César Tárrega,2,8361664,8890467,1,marketPlayerTeam,on_sale,injured,false,2026-09-19T07:14:41+02:00,,,
2026-09-18T1949Z,laliga,14270371,1930,El Hilali,Omar El Hilali,2,16125851,16437448,0,marketPlayerTeam,on_sale,suspended,false,2026-09-20T23:44:29+02:00,,,
2026-09-18T1949Z,laliga,19387985,2390,Starfelt,Carl Starfelt,2,9691260,9900333,0,marketPlayerTeam,on_sale,ok,false,2026-09-20T23:44:17+02:00,,,
2026-09-18T1949Z,laliga,23052817,2999,Mantilla,Álvaro Mantilla,2,1656293,1656339,0,marketPlayerTeam,on_sale,ok,false,2026-09-21T10:43:28+02:00,,,
2026-09-18T1949Z,laliga,23053472,3190,Ali Houary,Ali Houary,4,1013333,1059873,1,marketPlayerTeam,on_sale,ok,false,2026-09-19T07:00:09+02:00,,,
2026-09-18T1949Z,laliga,23198759,2930,Nuñez,Unai Núñez,2,10060373,10327141,1,marketPlayerTeam,on_sale,ok,false,2026-09-18T22:14:15+02:00,,,
2026-09-18T1949Z,laliga,35273752,2549,Navarro,Robert Navarro,3,8917477,7863898,1,marketPlayerTeam,on_sale,ok,false,2026-09-19T22:01:55+02:00,,,
2026-09-18T1949Z,laliga,38414860,77,Yeray,Yeray Álvarez López,2,7198198,7178978,1,marketPlayerTeam,on_sale,ok,false,2026-09-19T07:00:54+02:00,,,
2026-09-18T1949Z,laliga,39039910,2768,Lucas Boyé,Lucas Boyé,4,29318321,27949643,1,marketPlayerTeam,on_sale,ok,false,2026-09-19T22:02:09+02:00,,,
2026-09-18T1952Z,laliga,231852441,3004,José Alberto,José Alberto López Menéndez,5,563110,568244,0,marketPlayerLeague,on_sale,ok,,2026-09-18T22:24:00+02:00,,,
2026-09-18T1952Z,laliga,231852443,3173,Cheikh Thiam,Cheikh Thiam,3,582830,588786,0,marketPlayerLeague,on_sale,ok,,2026-09-18T22:24:00+02:00,,,
2026-09-18T1952Z,laliga,231852445,3037,C. Puga,Carlos Puga,2,3564409,3625727,0,marketPlayerLeague,on_sale,ok,,2026-09-18T22:24:00+02:00,,,
2026-09-18T1952Z,laliga,231852447,2976,A. Alti,Adrià Alti,2,4321340,4386083,0,marketPlayerLeague,on_sale,ok,,2026-09-18T22:24:00+02:00,,,
2026-09-18T1952Z,laliga,231852450,3152,Y. Zabiri,Yassir Zabiri,4,14174680,13281848,1,marketPlayerLeague,on_sale,ok,,2026-09-18T22:24:00+02:00,,,
2026-09-18T1952Z,laliga,231852453,270,Guevara,Ander Guevara Lajo,3,606704,613654,0,marketPlayerLeague,on_sale,ok,,2026-09-18T22:24:00+02:00,,,
2026-09-18T1952Z,laliga,231852454,2454,Ejuke,Chidera Ejuke,4,6169210,6214828,0,marketPlayerLeague,on_sale,ok,,2026-09-18T22:24:00+02:00,,,
2026-09-18T1952Z,laliga,231852456,2623,Dolan,Tyrhys Dolan,4,15728701,15670583,0,marketPlayerLeague,on_sale,ok,,2026-09-18T22:24:00+02:00,,,
2026-09-18T1952Z,laliga,231852458,3131,Marcos,Marcos Fernández,4,1209022,1164786,0,marketPlayerLeague,on_sale,ok,,2026-09-18T22:24:00+02:00,,,
2026-09-18T1952Z,laliga,231852460,2324,Giménez,José Giménez,2,9922001,9478699,1,marketPlayerLeague,on_sale,ok,,2026-09-18T22:24:00+02:00,,,
2026-09-18T1952Z,laliga,231852462,2783,Szczesny,Wojciech Szczesny,1,1215515,1172808,0,marketPlayerLeague,on_sale,ok,,2026-09-18T22:24:00+02:00,,,
2026-09-18T1952Z,laliga,231852463,3162,Hinojo,Roger Hinojo,2,4881648,4900943,0,marketPlayerLeague,on_sale,ok,,2026-09-18T22:24:00+02:00,,,
2026-09-18T1952Z,laliga,231852466,2932,Ángel Pérez,Ángel Pérez,4,22521027,21383607,2,marketPlayerLeague,on_sale,ok,,2026-09-18T22:24:00+02:00,34488342,22521028,pending
2026-09-18T1952Z,laliga,10520311,2418,Marc Roca,Marc Roca,3,14342550,13320452,1,marketPlayerTeam,on_sale,ok,false,2026-09-19T22:02:00+02:00,,,
2026-09-18T1952Z,laliga,11943329,3099,Fornals,Pablo Fornals,3,45124018,45125589,0,marketPlayerTeam,on_sale,ok,false,2026-09-21T10:44:15+02:00,,,
2026-09-18T1952Z,laliga,14243153,1991,Tárrega,César Tárrega,2,8361664,8890467,1,marketPlayerTeam,on_sale,injured,false,2026-09-19T07:14:41+02:00,,,
2026-09-18T1952Z,laliga,14270371,1930,El Hilali,Omar El Hilali,2,16125851,16437448,0,marketPlayerTeam,on_sale,suspended,false,2026-09-20T23:44:29+02:00,,,
2026-09-18T1952Z,laliga,19387985,2390,Starfelt,Carl Starfelt,2,9691260,9900333,0,marketPlayerTeam,on_sale,ok,false,2026-09-20T23:44:17+02:00,,,
2026-09-18T1952Z,laliga,23052817,2999,Mantilla,Álvaro Mantilla,2,1656293,1656339,0,marketPlayerTeam,on_sale,ok,false,2026-09-21T10:43:28+02:00,,,
2026-09-18T1952Z,laliga,23053472,3190,Ali Houary,Ali Houary,4,1013333,1059873,1,marketPlayerTeam,on_sale,ok,false,2026-09-19T07:00:09+02:00,,,
2026-09-18T1952Z,laliga,23198759,2930,Nuñez,Unai Núñez,2,10060373,10327141,1,marketPlayerTeam,on_sale,ok,false,2026-09-18T22:14:15+02:00,,,
2026-09-18T1952Z,laliga,35273752,2549,Navarro,Robert Navarro,3,8917477,7863898,1,marketPlayerTeam,on_sale,ok,false,2026-09-19T22:01:55+02:00,,,
2026-09-18T1952Z,laliga,38414860,77,Yeray,Yeray Álvarez López,2,7198198,7178978,1,marketPlayerTeam,on_sale,ok,false,2026-09-19T07:00:54+02:00,,,
2026-09-18T1952Z,laliga,39039910,2768,Lucas Boyé,Lucas Boyé,4,29318321,27949643,1,marketPlayerTeam,on_sale,ok,false,2026-09-19T22:02:09+02:00,,,
