observed_at,source,player_team_id,offer_id,money,status,created_at,expires_at,from_market
2026-08-25T1724Z,laliga,24338723,,,,,,
2026-08-25T1724Z,laliga,24338726,,,,,,
2026-08-25T1724Z,laliga,24338730,49892747,6795815,pending,2026-08-24T22:24:30+02:00,2026-08-25T22:24:00+02:00,true
2026-08-25T1724Z,laliga,24338731,,,,,,
2026-08-25T1724Z,laliga,24338732,,,,,,
2026-08-25T1724Z,laliga,24338733,49892748,10660710,pending,2026-08-24T22:24:30+02:00,2026-08-25T22:24:00+02:00,true
2026-08-25T1724Z,laliga,24338734,,,,,,
2026-08-25T1724Z,laliga,30254398,,,,,,
2026-08-25T1724Z,laliga,30254399,,,,,,
2026-08-25T1724Z,laliga,32308191,,,,,,
2026-08-25T1724Z,laliga,37280098,,,,,,
2026-08-25T1724Z,laliga,44068749,,,,,,
2026-08-25T1724Z,laliga,44068751,,,,,,
2026-08-25T2026Z,laliga,24338723,,,,,,
2026-08-25T2026Z,laliga,24338726,52578074,8570709,pending,2026-08-25T22:24:19+02:00,2026-08-26T22:24:00+02:00,true
2026-08-25T2026Z,laliga,24338730,52578063,6905684,pending,2026-08-25T22:24:19+02:00,2026-08-26T22:24:00+02:00,true
2026-08-25T2026Z,laliga,24338731,52578080,12499596,pending,2026-08-25T22:24:19+02:00,2026-08-26T22:24:00+02:00,true
2026-08-25T2026Z,laliga,24338732,52578078,13069406,pending,2026-08-25T22:24:19+02:00,2026-08-26T22:24:00+02:00,true
2026-08-25T2026Z,laliga,24338733,52578066,9677942,pending,2026-08-25T22:24:19+02:00,2026-08-26T22:24:00+02:00,true
2026-08-25T2026Z,laliga,24338734,,,,,,
2026-08-25T2026Z,laliga,30254398,,,,,,
2026-08-25T2026Z,laliga,30254399,,,,,,
2026-08-25T2026Z,laliga,32308191,,,,,,
2026-08-25T2026Z,laliga,37280098,,,,,,
2026-08-25T2026Z,laliga,44068749,52578076,5471823,pending,2026-08-25T22:24:19+02:00,2026-08-26T22:24:00+02:00,true
2026-08-25T2026Z,laliga,44068751,,,,,,
2026-08-25T2026Z,laliga,47459928,,,,,,
2026-08-25T2241Z,laliga,24338723,,,,,,
2026-08-25T2241Z,laliga,24338726,52578074,8570709,pending,2026-08-25T22:24:19+02:00,2026-08-26T22:24:00+02:00,true
2026-08-25T2241Z,laliga,24338730,52578063,6905684,pending,2026-08-25T22:24:19+02:00,2026-08-26T22:24:00+02:00,true
2026-08-25T2241Z,laliga,24338731,52578080,12499596,pending,2026-08-25T22:24:19+02:00,2026-08-26T22:24:00+02:00,true
2026-08-25T2241Z,laliga,24338732,52578078,13069406,pending,2026-08-25T22:24:19+02:00,2026-08-26T22:24:00+02:00,true
2026-08-25T2241Z,laliga,24338733,52578066,9677942,pending,2026-08-25T22:24:19+02:00,2026-08-26T22:24:00+02:00,true
2026-08-25T2241Z,laliga,24338734,,,,,,
2026-08-25T2241Z,laliga,30254398,,,,,,
2026-08-25T2241Z,laliga,30254399,,,,,,
2026-08-25T2241Z,laliga,32308191,,,,,,
2026-08-25T2241Z,laliga,37280098,,,,,,
2026-08-25T2241Z,laliga,44068749,52578076,5471823,pending,2026-08-25T22:24:19+02:00,2026-08-26T22:24:00+02:00,true
2026-08-25T2241Z,laliga,44068751,,,,,,
2026-08-25T2241Z,laliga,47459928,,,,,,
2026-08-26T0423Z,laliga,24338723,,,,,,
2026-08-26T0423Z,laliga,24338726,52578074,8570709,pending,2026-08-25T22:24:19+02:00,2026-08-26T22:24:00+02:00,true
2026-08-26T0423Z,laliga,24338730,52578063,6905684,pending,2026-08-25T22:24:19+02:00,2026-08-26T22:24:00+02:00,true
2026-08-26T0423Z,laliga,24338731,52578080,12499596,pending,2026-08-25T22:24:19+02:00,2026-08-26T22:24:00+02:00,true
2026-08-26T0423Z,laliga,24338732,52578078,13069406,pending,2026-08-25T22:24:19+02:00,2026-08-26T22:24:00+02:00,true
2026-08-26T0423Z,laliga,24338733,52578066,9677942,pending,2026-08-25T22:24:19+02:00,2026-08-26T22:24:00+02:00,true
2026-08-26T0423Z,laliga,24338734,,,,,,
2026-08-26T0423Z,laliga,30254398,,,,,,
2026-08-26T0423Z,laliga,30254399,,,,,,
2026-08-26T0423Z,laliga,32308191,,,,,,
2026-08-26T0423Z,laliga,37280098,,,,,,
2026-08-26T0423Z,laliga,44068749,52578076,5471823,pending,2026-08-25T22:24:19+02:00,2026-08-26T22:24:00+02:00,true
2026-08-26T0423Z,laliga,44068751,,,,,,
2026-08-26T0423Z,laliga,47459928,,,,,,
2026-08-26T0455Z,laliga,24338723,,,,,,
2026-08-26T0455Z,laliga,24338726,52578074,8570709,pending,2026-08-25T22:24:19+02:00,2026-08-26T22:24:00+02:00,true
2026-08-26T0455Z,laliga,24338731,52578080,12499596,pending,2026-08-25T22:24:19+02:00,2026-08-26T22:24:00+02:00,true
2026-08-26T0455Z,laliga,24338734,,,,,,
2026-08-26T0455Z,laliga,30254398,,,,,,
2026-08-26T0455Z,laliga,30254399,,,,,,
2026-08-26T0455Z,laliga,32308191,,,,,,
2026-08-26T0455Z,laliga,37280098,,,,,,
2026-08-26T0455Z,laliga,44068749,52578076,5471823,pending,2026-08-25T22:24:19+02:00,2026-08-26T22:24:00+02:00,true
2026-08-26T0455Z,laliga,44068751,,,,,,
2026-08-26T0455Z,laliga,47459928,,,,,,
2026-08-27T0505Z,laliga,24338723,,,,,,
2026-08-27T0505Z,laliga,24338726,55159728,8017722,pending,2026-08-26T22:38:05+02:00,2026-08-27T22:24:00+02:00,true
2026-08-27T0505Z,laliga,24338731,55159735,11667796,pending,2026-08-26T22:38:05+02:00,2026-08-27T22:24:00+02:00,true
2026-08-27T0505Z,laliga,24338734,,,,,,
2026-08-27T0505Z,laliga,30254398,,,,,,
2026-08-27T0505Z,laliga,30254399,,,,,,
2026-08-27T0505Z,laliga,32308191,,,,,,
2026-08-27T0505Z,laliga,37280098,,,,,,
2026-08-27T0505Z,laliga,44068749,55159733,5685459,pending,2026-08-26T22:38:05+02:00,2026-08-27T22:24:00+02:00,true
2026-08-27T0505Z,laliga,44068751,,,,,,
2026-08-27T0505Z,laliga,47459928,,,,,,
2026-08-27T0510Z,laliga,24338723,,,,,,
2026-08-27T0510Z,laliga,24338726,55159728,8017722,pending,2026-08-26T22:38:05+02:00,2026-08-27T22:24:00+02:00,true
2026-08-27T0510Z,laliga,24338731,55159735,11667796,pending,2026-08-26T22:38:05+02:00,2026-08-27T22:24:00+02:00,true
2026-08-27T0510Z,laliga,24338734,,,,,,
2026-08-27T0510Z,laliga,30254398,,,,,,
2026-08-27T0510Z,laliga,30254399,,,,,,
2026-08-27T0510Z,laliga,32308191,,,,,,
2026-08-27T0510Z,laliga,37280098,,,,,,
2026-08-27T0510Z,laliga,44068749,55159733,5685459,pending,2026-08-26T22:38:05+02:00,2026-08-27T22:24:00+02:00,true
2026-08-27T0510Z,laliga,44068751,,,,,,
2026-08-27T0510Z,laliga,47459928,,,,,,
2026-08-27T1037Z,laliga,24338723,,,,,,
2026-08-27T1037Z,laliga,24338726,55159728,8017722,pending,2026-08-26T22:38:05+02:00,2026-08-27T22:24:00+02:00,true
2026-08-27T1037Z,laliga,24338731,55159735,11667796,pending,2026-08-26T22:38:05+02:00,2026-08-27T22:24:00+02:00,true
2026-08-27T1037Z,laliga,24338734,,,,,,
2026-08-27T1037Z,laliga,30254398,,,,,,
2026-08-27T1037Z,laliga,30254399,,,,,,
2026-08-27T1037Z,laliga,32308191,,,,,,
2026-08-27T1037Z,laliga,37280098,,,,,,
2026-08-27T1037Z,laliga,44068749,55159733,5685459,pending,2026-08-26T22:38:05+02:00,2026-08-27T22:24:00+02:00,true
2026-08-27T1037Z,laliga,44068751,,,,,,
2026-08-27T1037Z,laliga,47459928,,,,,,
2026-08-27T1618Z,laliga,24338723,,,,,,
2026-08-27T1618Z,laliga,24338726,55159728,8017722,pending,2026-08-26T22:38:05+02:00,2026-08-27T22:24:00+02:00,true
2026-08-27T1618Z,laliga,24338731,55159735,11667796,pending,2026-08-26T22:38:05+02:00,2026-08-27T22:24:00+02:00,true
2026-08-27T1618Z,laliga,24338734,,,,,,
2026-08-27T1618Z,laliga,30254398,,,,,,
2026-08-27T1618Z,laliga,30254399,,,,,,
2026-08-27T1618Z,laliga,32308191,,,,,,
2026-08-27T1618Z,laliga,37280098,,,,,,
2026-08-27T1618Z,laliga,44068749,55159733,5685459,pending,2026-08-26T22:38:05+02:00,2026-08-27T22:24:00+02:00,true
2026-08-27T1618Z,laliga,44068751,,,,,,
2026-08-27T1618Z,laliga,47459928,,,,,,
2026-08-27T2137Z,laliga,24338723,,,,,,
2026-08-27T2137Z,laliga,24338726,57714211,8344940,pending,2026-08-27T22:24:40+02:00,2026-08-28T22:24:00+02:00,true
2026-08-27T2137Z,laliga,24338731,57714213,11950489,pending,2026-08-27T22:24:40+02:00,2026-08-28T22:24:00+02:00,true
2026-08-27T2137Z,laliga,24338734,,,,,,
2026-08-27T2137Z,laliga,30254398,,,,,,
2026-08-27T2137Z,laliga,30254399,,,,,,
2026-08-27T2137Z,laliga,32308191,,,,,,
2026-08-27T2137Z,laliga,37280098,,,,,,
2026-08-27T2137Z,laliga,44068749,57714212,5882689,pending,2026-08-27T22:24:40+02:00,2026-08-28T22:24:00+02:00,true
2026-08-27T2137Z,laliga,44068751,,,,,,
2026-08-27T2137Z,laliga,47459928,,,,,,
2026-08-27T2245Z,laliga,24338723,,,,,,
2026-08-27T2245Z,laliga,24338726,57714211,8344940,pending,2026-08-27T22:24:40+02:00,2026-08-28T22:24:00+02:00,true
2026-08-27T2245Z,laliga,24338731,57714213,11950489,pending,2026-08-27T22:24:40+02:00,2026-08-28T22:24:00+02:00,true
2026-08-27T2245Z,laliga,24338734,,,,,,
2026-08-27T2245Z,laliga,30254398,,,,,,
2026-08-27T2245Z,laliga,30254399,,,,,,
2026-08-27T2245Z,laliga,32308191,,,,,,
2026-08-27T2245Z,laliga,37280098,,,,,,
2026-08-27T2245Z,laliga,44068749,57714212,5882689,pending,2026-08-27T22:24:40+02:00,2026-08-28T22:24:00+02:00,true
2026-08-27T2245Z,laliga,44068751,,,,,,
2026-08-27T2245Z,laliga,47459928,,,,,,
2026-08-28T0623Z,laliga,24338723,,,,,,
2026-08-28T0623Z,laliga,24338726,57714211,8344940,pending,2026-08-27T22:24:40+02:00,2026-08-28T22:24:00+02:00,true
2026-08-28T0623Z,laliga,24338731,57714213,11950489,pending,2026-08-27T22:24:40+02:00,2026-08-28T22:24:00+02:00,true
2026-08-28T0623Z,laliga,24338734,,,,,,
2026-08-28T0623Z,laliga,30254398,,,,,,
2026-08-28T0623Z,laliga,30254399,,,,,,
2026-08-28T0623Z,laliga,32308191,,,,,,
2026-08-28T0623Z,laliga,37280098,,,,,,
2026-08-28T0623Z,laliga,44068749,57714212,5882689,pending,2026-08-27T22:24:40+02:00,2026-08-28T22:24:00+02:00,true
2026-08-28T0623Z,laliga,44068751,,,,,,
2026-08-28T0623Z,laliga,47459928,,,,,,
2026-08-28T2155Z,laliga,24338723,,,,,,
2026-08-28T2155Z,laliga,24338726,,,,,,
2026-08-28T2155Z,laliga,24338731,,,,,,
2026-08-28T2155Z,laliga,24338734,,,,,,
2026-08-28T2155Z,laliga,30254398,,,,,,
2026-08-28T2155Z,laliga,30254399,,,,,,
2026-08-28T2155Z,laliga,32308191,,,,,,
2026-08-28T2155Z,laliga,37280098,,,,,,
2026-08-28T2155Z,laliga,44068749,,,,,,
2026-08-28T2155Z,laliga,44068751,,,,,,
2026-08-28T2155Z,laliga,47459928,,,,,,
2026-08-28T2241Z,laliga,24338723,,,,,,
2026-08-28T2241Z,laliga,24338726,,,,,,
2026-08-28T2241Z,laliga,24338731,,,,,,
2026-08-28T2241Z,laliga,24338734,,,,,,
2026-08-28T2241Z,laliga,30254398,,,,,,
2026-08-28T2241Z,laliga,30254399,,,,,,
2026-08-28T2241Z,laliga,32308191,,,,,,
2026-08-28T2241Z,laliga,37280098,,,,,,
2026-08-28T2241Z,laliga,44068749,,,,,,
2026-08-28T2241Z,laliga,44068751,,,,,,
2026-08-28T2241Z,laliga,47459928,,,,,,
2026-08-29T1159Z,laliga,24338723,,,,,,
2026-08-29T1159Z,laliga,24338726,,,,,,
2026-08-29T1159Z,laliga,24338731,,,,,,
2026-08-29T1159Z,laliga,24338734,,,,,,
2026-08-29T1159Z,laliga,30254398,,,,,,
2026-08-29T1159Z,laliga,30254399,,,,,,
2026-08-29T1159Z,laliga,32308191,,,,,,
2026-08-29T1159Z,laliga,37280098,,,,,,
2026-08-29T1159Z,laliga,44068749,,,,,,
2026-08-29T1159Z,laliga,44068751,,,,,,
2026-08-29T1159Z,laliga,47459928,,,,,,
2026-08-29T1308Z,laliga,24338723,,,,,,
2026-08-29T1308Z,laliga,24338726,,,,,,
2026-08-29T1308Z,laliga,24338731,,,,,,
2026-08-29T1308Z,laliga,24338734,,,,,,
2026-08-29T1308Z,laliga,30254398,,,,,,
2026-08-29T1308Z,laliga,30254399,,,,,,
2026-08-29T1308Z,laliga,32308191,,,,,,
2026-08-29T1308Z,laliga,37280098,,,,,,
2026-08-29T1308Z,laliga,44068749,,,,,,
2026-08-29T1308Z,laliga,44068751,,,,,,
2026-08-29T1308Z,laliga,47459928,,,,,,
2026-08-29T1329Z,laliga,24338723,,,,,,
2026-08-29T1329Z,laliga,24338726,,,,,,
2026-08-29T1329Z,laliga,24338731,,,,,,
2026-08-29T1329Z,laliga,24338734,,,,,,
2026-08-29T1329Z,laliga,30254398,,,,,,
2026-08-29T1329Z,laliga,30254399,,,,,,
2026-08-29T1329Z,laliga,32308191,,,,,,
2026-08-29T1329Z,laliga,37280098,,,,,,
2026-08-29T1329Z,laliga,44068749,,,,,,
2026-08-29T1329Z,laliga,44068751,,,,,,
2026-08-29T1329Z,laliga,47459928,,,,,,
2026-08-29T1344Z,laliga,24338723,,,,,,
2026-08-29T1344Z,laliga,24338726,,,,,,
2026-08-29T1344Z,laliga,24338731,,,,,,
2026-08-29T1344Z,laliga,24338734,,,,,,
2026-08-29T1344Z,laliga,30254398,,,,,,
2026-08-29T1344Z,laliga,30254399,,,,,,
2026-08-29T1344Z,laliga,32308191,,,,,,
2026-08-29T1344Z,laliga,37280098,,,,,,
2026-08-29T1344Z,laliga,44068749,,,,,,
2026-08-29T1344Z,laliga,44068751,,,,,,
2026-08-29T1344Z,laliga,47459928,,,,,,
2026-08-29T1359Z,laliga,24338723,,,,,,
2026-08-29T1359Z,laliga,24338726,,,,,,
2026-08-29T1359Z,laliga,24338731,,,,,,
2026-08-29T1359Z,laliga,24338734,,,,,,
2026-08-29T1359Z,laliga,30254398,,,,,,
2026-08-29T1359Z,laliga,30254399,,,,,,
2026-08-29T1359Z,laliga,32308191,,,,,,
2026-08-29T1359Z,laliga,37280098,,,,,,
2026-08-29T1359Z,laliga,44068749,,,,,,
2026-08-29T1359Z,laliga,44068751,,,,,,
2026-08-29T1359Z,laliga,47459928,,,,,,
2026-08-29T2106Z,laliga,24338723,,,,,,
2026-08-29T2106Z,laliga,24338726,,,,,,
2026-08-29T2106Z,laliga,24338731,,,,,,
2026-08-29T2106Z,laliga,24338734,,,,,,
2026-08-29T2106Z,laliga,30254398,,,,,,
2026-08-29T2106Z,laliga,30254399,,,,,,
2026-08-29T2106Z,laliga,32308191,,,,,,
2026-08-29T2106Z,laliga,37280098,,,,,,
2026-08-29T2106Z,laliga,44068749,,,,,,
2026-08-29T2106Z,laliga,44068751,,,,,,
2026-08-29T2106Z,laliga,47459928,,,,,,
2026-08-29T2106Z,laliga,53456147,,,,,,
2026-08-29T2106Z,laliga,53456148,,,,,,
2026-08-29T2106Z,laliga,53456149,,,,,,
2026-08-29T2242Z,laliga,24338723,,,,,,
2026-08-29T2242Z,laliga,24338726,,,,,,
2026-08-29T2242Z,laliga,24338731,,,,,,
2026-08-29T2242Z,laliga,24338734,,,,,,
2026-08-29T2242Z,laliga,30254398,,,,,,
2026-08-29T2242Z,laliga,30254399,,,,,,
2026-08-29T2242Z,laliga,32308191,,,,,,
2026-08-29T2242Z,laliga,37280098,,,,,,
2026-08-29T2242Z,laliga,44068749,,,,,,
2026-08-29T2242Z,laliga,44068751,,,,,,
2026-08-29T2242Z,laliga,47459928,,,,,,
2026-08-29T2242Z,laliga,53456147,,,,,,
2026-08-29T2242Z,laliga,53456148,,,,,,
2026-08-29T2242Z,laliga,53456149,,,,,,
2026-08-30T0758Z,laliga,24338723,,,,,,
2026-08-30T0758Z,laliga,24338726,,,,,,
2026-08-30T0758Z,laliga,24338731,,,,,,
2026-08-30T0758Z,laliga,24338734,,,,,,
2026-08-30T0758Z,laliga,30254398,,,,,,
2026-08-30T0758Z,laliga,30254399,,,,,,
2026-08-30T0758Z,laliga,32308191,,,,,,
2026-08-30T0758Z,laliga,37280098,,,,,,
2026-08-30T0758Z,laliga,44068749,,,,,,
2026-08-30T0758Z,laliga,44068751,,,,,,
2026-08-30T0758Z,laliga,47459928,,,,,,
2026-08-30T0758Z,laliga,53456147,,,,,,
2026-08-30T0758Z,laliga,53456148,,,,,,
2026-08-30T0758Z,laliga,53456149,,,,,,
2026-08-30T2111Z,laliga,24338723,,,,,,
2026-08-30T2111Z,laliga,24338726,,,,,,
2026-08-30T2111Z,laliga,24338731,,,,,,
2026-08-30T2111Z,laliga,24338734,,,,,,
2026-08-30T2111Z,laliga,30254398,,,,,,
2026-08-30T2111Z,laliga,30254399,,,,,,
2026-08-30T2111Z,laliga,32308191,,,,,,
2026-08-30T2111Z,laliga,37280098,,,,,,
2026-08-30T2111Z,laliga,44068749,,,,,,
2026-08-30T2111Z,laliga,47459928,,,,,,
2026-08-30T2111Z,laliga,53456147,,,,,,
2026-08-30T2111Z,laliga,53456148,65344656,2198226,pending,2026-08-30T22:24:12+02:00,2026-08-31T22:24:00+02:00,true
2026-08-30T2111Z,laliga,53456149,65344658,1519734,pending,2026-08-30T22:24:12+02:00,2026-08-31T22:24:00+02:00,true
2026-08-30T2148Z,laliga,24338723,,,,,,
2026-08-30T2148Z,laliga,24338726,,,,,,
2026-08-30T2148Z,laliga,24338731,,,,,,
2026-08-30T2148Z,laliga,24338734,,,,,,
2026-08-30T2148Z,laliga,30254398,,,,,,
2026-08-30T2148Z,laliga,30254399,,,,,,
2026-08-30T2148Z,laliga,32308191,,,,,,
2026-08-30T2148Z,laliga,37280098,,,,,,
2026-08-30T2148Z,laliga,44068749,,,,,,
2026-08-30T2148Z,laliga,47459928,,,,,,
2026-08-30T2148Z,laliga,53456147,,,,,,
2026-08-30T2148Z,laliga,53456148,65344656,2198226,pending,2026-08-30T22:24:12+02:00,2026-08-31T22:24:00+02:00,true
2026-08-30T2148Z,laliga,53456149,65344658,1519734,pending,2026-08-30T22:24:12+02:00,2026-08-31T22:24:00+02:00,true
2026-08-30T2242Z,laliga,24338723,,,,,,
2026-08-30T2242Z,laliga,24338726,,,,,,
2026-08-30T2242Z,laliga,24338731,,,,,,
2026-08-30T2242Z,laliga,24338734,,,,,,
2026-08-30T2242Z,laliga,30254398,,,,,,
2026-08-30T2242Z,laliga,30254399,,,,,,
2026-08-30T2242Z,laliga,32308191,,,,,,
2026-08-30T2242Z,laliga,37280098,,,,,,
2026-08-30T2242Z,laliga,44068749,,,,,,
2026-08-30T2242Z,laliga,47459928,,,,,,
2026-08-30T2242Z,laliga,53456147,,,,,,
2026-08-30T2242Z,laliga,53456148,65344656,2198226,pending,2026-08-30T22:24:12+02:00,2026-08-31T22:24:00+02:00,true
2026-08-30T2242Z,laliga,53456149,65344658,1519734,pending,2026-08-30T22:24:12+02:00,2026-08-31T22:24:00+02:00,true
2026-08-31T0523Z,laliga,24338723,,,,,,
2026-08-31T0523Z,laliga,24338726,,,,,,
2026-08-31T0523Z,laliga,24338731,,,,,,
2026-08-31T0523Z,laliga,24338734,,,,,,
2026-08-31T0523Z,laliga,30254398,,,,,,
2026-08-31T0523Z,laliga,30254399,,,,,,
2026-08-31T0523Z,laliga,32308191,,,,,,
2026-08-31T0523Z,laliga,37280098,,,,,,
2026-08-31T0523Z,laliga,44068749,,,,,,
2026-08-31T0523Z,laliga,47459928,,,,,,
2026-08-31T0523Z,laliga,53456147,,,,,,
2026-08-31T0523Z,laliga,53456148,65344656,2198226,pending,2026-08-30T22:24:12+02:00,2026-08-31T22:24:00+02:00,true
2026-08-31T0523Z,laliga,53456149,65344658,1519734,pending,2026-08-30T22:24:12+02:00,2026-08-31T22:24:00+02:00,true
2026-08-31T0635Z,laliga,24338723,,,,,,
2026-08-31T0635Z,laliga,24338726,,,,,,
2026-08-31T0635Z,laliga,24338731,,,,,,
2026-08-31T0635Z,laliga,24338734,,,,,,
2026-08-31T0635Z,laliga,30254398,,,,,,
2026-08-31T0635Z,laliga,30254399,,,,,,
2026-08-31T0635Z,laliga,32308191,,,,,,
2026-08-31T0635Z,laliga,37280098,,,,,,
2026-08-31T0635Z,laliga,44068749,,,,,,
2026-08-31T0635Z,laliga,47459928,,,,,,
2026-08-31T0635Z,laliga,53456147,,,,,,
2026-08-31T0635Z,laliga,53456148,65344656,2198226,pending,2026-08-30T22:24:12+02:00,2026-08-31T22:24:00+02:00,true
2026-08-31T0635Z,laliga,53456149,65344658,1519734,pending,2026-08-30T22:24:12+02:00,2026-08-31T22:24:00+02:00,true
2026-08-31T2215Z,laliga,24338723,,,,,,
2026-08-31T2215Z,laliga,24338726,,,,,,
2026-08-31T2215Z,laliga,24338731,,,,,,
2026-08-31T2215Z,laliga,24338734,,,,,,
2026-08-31T2215Z,laliga,30254398,,,,,,
2026-08-31T2215Z,laliga,30254399,,,,,,
2026-08-31T2215Z,laliga,32308191,,,,,,
2026-08-31T2215Z,laliga,37280098,,,,,,
2026-08-31T2215Z,laliga,44068749,,,,,,
2026-08-31T2215Z,laliga,47459928,,,,,,
2026-08-31T2215Z,laliga,53456147,,,,,,
2026-08-31T2215Z,laliga,53456148,68056835,2239157,pending,2026-08-31T22:28:39+02:00,2026-09-01T22:24:00+02:00,true
2026-08-31T2215Z,laliga,53456149,68056838,1539281,pending,2026-08-31T22:28:39+02:00,2026-09-01T22:24:00+02:00,true
2026-08-31T2244Z,laliga,24338723,,,,,,
2026-08-31T2244Z,laliga,24338726,,,,,,
2026-08-31T2244Z,laliga,24338731,,,,,,
2026-08-31T2244Z,laliga,24338734,,,,,,
2026-08-31T2244Z,laliga,30254398,,,,,,
2026-08-31T2244Z,laliga,30254399,,,,,,
2026-08-31T2244Z,laliga,32308191,,,,,,
2026-08-31T2244Z,laliga,37280098,,,,,,
2026-08-31T2244Z,laliga,44068749,,,,,,
2026-08-31T2244Z,laliga,47459928,,,,,,
2026-08-31T2244Z,laliga,53456147,,,,,,
2026-08-31T2244Z,laliga,53456148,68056835,2239157,pending,2026-08-31T22:28:39+02:00,2026-09-01T22:24:00+02:00,true
2026-08-31T2244Z,laliga,53456149,68056838,1539281,pending,2026-08-31T22:28:39+02:00,2026-09-01T22:24:00+02:00,true
2026-08-31T2252Z,laliga,24338723,,,,,,
2026-08-31T2252Z,laliga,24338726,,,,,,
2026-08-31T2252Z,laliga,24338731,,,,,,
2026-08-31T2252Z,laliga,24338734,,,,,,
2026-08-31T2252Z,laliga,30254398,,,,,,
2026-08-31T2252Z,laliga,30254399,,,,,,
2026-08-31T2252Z,laliga,32308191,,,,,,
2026-08-31T2252Z,laliga,37280098,,,,,,
2026-08-31T2252Z,laliga,44068749,,,,,,
2026-08-31T2252Z,laliga,47459928,,,,,,
2026-08-31T2252Z,laliga,53456147,,,,,,
2026-08-31T2252Z,laliga,53456148,68056835,2239157,pending,2026-08-31T22:28:39+02:00,2026-09-01T22:24:00+02:00,true
2026-08-31T2252Z,laliga,53456149,68056838,1539281,pending,2026-08-31T22:28:39+02:00,2026-09-01T22:24:00+02:00,true
2026-09-01T0730Z,laliga,24338723,,,,,,
2026-09-01T0730Z,laliga,24338726,,,,,,
2026-09-01T0730Z,laliga,24338731,,,,,,
2026-09-01T0730Z,laliga,24338734,,,,,,
2026-09-01T0730Z,laliga,30254398,,,,,,
2026-09-01T0730Z,laliga,30254399,,,,,,
2026-09-01T0730Z,laliga,32308191,,,,,,
2026-09-01T0730Z,laliga,37280098,,,,,,
2026-09-01T0730Z,laliga,44068749,,,,,,
2026-09-01T0730Z,laliga,47459928,,,,,,
2026-09-01T0730Z,laliga,53456147,,,,,,
2026-09-01T0730Z,laliga,53456148,68056835,2239157,pending,2026-08-31T22:28:39+02:00,2026-09-01T22:24:00+02:00,true
2026-09-01T0730Z,laliga,53456149,68056838,1539281,pending,2026-08-31T22:28:39+02:00,2026-09-01T22:24:00+02:00,true
2026-09-01T0759Z,laliga,24338723,,,,,,
2026-09-01T0759Z,laliga,24338726,,,,,,
2026-09-01T0759Z,laliga,24338731,,,,,,
2026-09-01T0759Z,laliga,24338734,,,,,,
2026-09-01T0759Z,laliga,30254398,,,,,,
2026-09-01T0759Z,laliga,30254399,,,,,,
2026-09-01T0759Z,laliga,32308191,,,,,,
2026-09-01T0759Z,laliga,37280098,,,,,,
2026-09-01T0759Z,laliga,44068749,,,,,,
2026-09-01T0759Z,laliga,47459928,,,,,,
2026-09-01T0759Z,laliga,53456147,,,,,,
2026-09-01T0759Z,laliga,53456148,68056835,2239157,pending,2026-08-31T22:28:39+02:00,2026-09-01T22:24:00+02:00,true
2026-09-01T0759Z,laliga,53456149,68056838,1539281,pending,2026-08-31T22:28:39+02:00,2026-09-01T22:24:00+02:00,true
2026-09-01T1056Z,laliga,24338723,,,,,,
2026-09-01T1056Z,laliga,24338726,,,,,,
2026-09-01T1056Z,laliga,24338731,,,,,,
2026-09-01T1056Z,laliga,24338734,,,,,,
2026-09-01T1056Z,laliga,30254398,,,,,,
2026-09-01T1056Z,laliga,30254399,,,,,,
2026-09-01T1056Z,laliga,32308191,,,,,,
2026-09-01T1056Z,laliga,37280098,,,,,,
2026-09-01T1056Z,laliga,44068749,,,,,,
2026-09-01T1056Z,laliga,47459928,,,,,,
2026-09-01T1056Z,laliga,53456147,,,,,,
2026-09-01T1056Z,laliga,53456148,68056835,2239157,pending,2026-08-31T22:28:39+02:00,2026-09-01T22:24:00+02:00,true
2026-09-01T1056Z,laliga,53456149,68056838,1539281,pending,2026-08-31T22:28:39+02:00,2026-09-01T22:24:00+02:00,true
2026-09-01T2039Z,laliga,24338723,,,,,,
2026-09-01T2039Z,laliga,24338726,,,,,,
2026-09-01T2039Z,laliga,24338731,,,,,,
2026-09-01T2039Z,laliga,24338734,,,,,,
2026-09-01T2039Z,laliga,30254398,,,,,,
2026-09-01T2039Z,laliga,30254399,,,,,,
2026-09-01T2039Z,laliga,32308191,,,,,,
2026-09-01T2039Z,laliga,37280098,,,,,,
2026-09-01T2039Z,laliga,44068749,,,,,,
2026-09-01T2039Z,laliga,47459928,,,,,,
2026-09-01T2039Z,laliga,53456147,,,,,,
2026-09-01T2039Z,laliga,53456148,70941235,2014805,pending,2026-09-01T22:24:20+02:00,2026-09-02T22:24:00+02:00,true
2026-09-01T2039Z,laliga,53456149,70941236,1554974,pending,2026-09-01T22:24:20+02:00,2026-09-02T22:24:00+02:00,true
2026-09-01T2106Z,laliga,24338723,,,,,,
2026-09-01T2106Z,laliga,24338726,,,,,,
2026-09-01T2106Z,laliga,24338731,,,,,,
2026-09-01T2106Z,laliga,24338734,,,,,,
2026-09-01T2106Z,laliga,30254398,,,,,,
2026-09-01T2106Z,laliga,30254399,,,,,,
2026-09-01T2106Z,laliga,32308191,,,,,,
2026-09-01T2106Z,laliga,37280098,,,,,,
2026-09-01T2106Z,laliga,44068749,,,,,,
2026-09-01T2106Z,laliga,47459928,,,,,,
2026-09-01T2106Z,laliga,53456147,,,,,,
2026-09-01T2106Z,laliga,53456148,70941235,2014805,pending,2026-09-01T22:24:20+02:00,2026-09-02T22:24:00+02:00,true
2026-09-01T2106Z,laliga,53456149,70941236,1554974,pending,2026-09-01T22:24:20+02:00,2026-09-02T22:24:00+02:00,true
2026-09-01T2244Z,laliga,24338723,,,,,,
2026-09-01T2244Z,laliga,24338726,,,,,,
2026-09-01T2244Z,laliga,24338731,,,,,,
2026-09-01T2244Z,laliga,24338734,,,,,,
2026-09-01T2244Z,laliga,30254398,,,,,,
2026-09-01T2244Z,laliga,30254399,,,,,,
2026-09-01T2244Z,laliga,32308191,,,,,,
2026-09-01T2244Z,laliga,37280098,,,,,,
2026-09-01T2244Z,laliga,44068749,,,,,,
2026-09-01T2244Z,laliga,47459928,,,,,,
2026-09-01T2244Z,laliga,53456147,,,,,,
2026-09-01T2244Z,laliga,53456148,70941235,2014805,pending,2026-09-01T22:24:20+02:00,2026-09-02T22:24:00+02:00,true
2026-09-01T2244Z,laliga,53456149,70941236,1554974,pending,2026-09-01T22:24:20+02:00,2026-09-02T22:24:00+02:00,true
2026-09-02T0705Z,laliga,24338723,,,,,,
2026-09-02T0705Z,laliga,24338726,,,,,,
2026-09-02T0705Z,laliga,24338731,,,,,,
2026-09-02T0705Z,laliga,24338734,,,,,,
2026-09-02T0705Z,laliga,30254398,,,,,,
2026-09-02T0705Z,laliga,30254399,,,,,,
2026-09-02T0705Z,laliga,32308191,,,,,,
2026-09-02T0705Z,laliga,37280098,,,,,,
2026-09-02T0705Z,laliga,44068749,,,,,,
2026-09-02T0705Z,laliga,47459928,,,,,,
2026-09-02T0705Z,laliga,53456147,,,,,,
2026-09-02T0705Z,laliga,53456148,70941235,2014805,pending,2026-09-01T22:24:20+02:00,2026-09-02T22:24:00+02:00,true
2026-09-02T0705Z,laliga,53456149,70941236,1554974,pending,2026-09-01T22:24:20+02:00,2026-09-02T22:24:00+02:00,true
2026-09-02T0943Z,laliga,24338723,,,,,,
2026-09-02T0943Z,laliga,24338726,,,,,,
2026-09-02T0943Z,laliga,24338731,,,,,,
2026-09-02T0943Z,laliga,24338734,,,,,,
2026-09-02T0943Z,laliga,30254398,,,,,,
2026-09-02T0943Z,laliga,30254399,,,,,,
2026-09-02T0943Z,laliga,32308191,,,,,,
2026-09-02T0943Z,laliga,37280098,,,,,,
2026-09-02T0943Z,laliga,44068749,,,,,,
2026-09-02T0943Z,laliga,47459928,,,,,,
2026-09-02T0943Z,laliga,53456147,,,,,,
2026-09-02T0943Z,laliga,53456148,70941235,2014805,pending,2026-09-01T22:24:20+02:00,2026-09-02T22:24:00+02:00,true
2026-09-02T0943Z,laliga,53456149,70941236,1554974,pending,2026-09-01T22:24:20+02:00,2026-09-02T22:24:00+02:00,true
2026-09-02T1058Z,laliga,24338723,,,,,,
2026-09-02T1058Z,laliga,24338726,,,,,,
2026-09-02T1058Z,laliga,24338731,,,,,,
2026-09-02T1058Z,laliga,24338734,,,,,,
2026-09-02T1058Z,laliga,30254398,,,,,,
2026-09-02T1058Z,laliga,30254399,,,,,,
2026-09-02T1058Z,laliga,32308191,,,,,,
2026-09-02T1058Z,laliga,37280098,,,,,,
2026-09-02T1058Z,laliga,44068749,,,,,,
2026-09-02T1058Z,laliga,47459928,,,,,,
2026-09-02T1058Z,laliga,53456147,,,,,,
2026-09-02T1058Z,laliga,53456148,70941235,2014805,pending,2026-09-01T22:24:20+02:00,2026-09-02T22:24:00+02:00,true
2026-09-02T1058Z,laliga,53456149,70941236,1554974,pending,2026-09-01T22:24:20+02:00,2026-09-02T22:24:00+02:00,true
2026-09-02T1429Z,laliga,24338723,,,,,,
2026-09-02T1429Z,laliga,24338726,,,,,,
2026-09-02T1429Z,laliga,24338731,,,,,,
2026-09-02T1429Z,laliga,24338734,,,,,,
2026-09-02T1429Z,laliga,30254398,,,,,,
2026-09-02T1429Z,laliga,30254399,,,,,,
2026-09-02T1429Z,laliga,32308191,,,,,,
2026-09-02T1429Z,laliga,37280098,,,,,,
2026-09-02T1429Z,laliga,44068749,,,,,,
2026-09-02T1429Z,laliga,47459928,,,,,,
2026-09-02T1429Z,laliga,53456147,,,,,,
2026-09-02T1429Z,laliga,53456148,70941235,2014805,pending,2026-09-01T22:24:20+02:00,2026-09-02T22:24:00+02:00,true
2026-09-02T1429Z,laliga,53456149,70941236,1554974,pending,2026-09-01T22:24:20+02:00,2026-09-02T22:24:00+02:00,true
2026-09-02T1508Z,laliga,24338723,,,,,,
2026-09-02T1508Z,laliga,24338726,,,,,,
2026-09-02T1508Z,laliga,24338731,,,,,,
2026-09-02T1508Z,laliga,24338734,,,,,,
2026-09-02T1508Z,laliga,30254398,,,,,,
2026-09-02T1508Z,laliga,30254399,,,,,,
2026-09-02T1508Z,laliga,32308191,,,,,,
2026-09-02T1508Z,laliga,37280098,,,,,,
2026-09-02T1508Z,laliga,44068749,,,,,,
2026-09-02T1508Z,laliga,47459928,,,,,,
2026-09-02T1508Z,laliga,53456147,,,,,,
2026-09-02T1508Z,laliga,53456148,70941235,2014805,pending,2026-09-01T22:24:20+02:00,2026-09-02T22:24:00+02:00,true
2026-09-02T1508Z,laliga,53456149,70941236,1554974,pending,2026-09-01T22:24:20+02:00,2026-09-02T22:24:00+02:00,true
2026-09-02T1626Z,laliga,24338723,,,,,,
2026-09-02T1626Z,laliga,24338726,,,,,,
2026-09-02T1626Z,laliga,24338731,,,,,,
2026-09-02T1626Z,laliga,24338734,,,,,,
2026-09-02T1626Z,laliga,30254398,,,,,,
2026-09-02T1626Z,laliga,30254399,,,,,,
2026-09-02T1626Z,laliga,32308191,,,,,,
2026-09-02T1626Z,laliga,37280098,,,,,,
2026-09-02T1626Z,laliga,44068749,,,,,,
2026-09-02T1626Z,laliga,47459928,,,,,,
2026-09-02T1626Z,laliga,53456147,,,,,,
2026-09-02T1626Z,laliga,53456148,70941235,2014805,pending,2026-09-01T22:24:20+02:00,2026-09-02T22:24:00+02:00,true
2026-09-02T1626Z,laliga,53456149,70941236,1554974,pending,2026-09-01T22:24:20+02:00,2026-09-02T22:24:00+02:00,true
2026-09-02T1634Z,laliga,24338723,,,,,,
2026-09-02T1634Z,laliga,24338726,,,,,,
2026-09-02T1634Z,laliga,24338731,,,,,,
2026-09-02T1634Z,laliga,24338734,,,,,,
2026-09-02T1634Z,laliga,30254398,,,,,,
2026-09-02T1634Z,laliga,30254399,,,,,,
2026-09-02T1634Z,laliga,32308191,,,,,,
2026-09-02T1634Z,laliga,37280098,,,,,,
2026-09-02T1634Z,laliga,44068749,,,,,,
2026-09-02T1634Z,laliga,47459928,,,,,,
2026-09-02T1634Z,laliga,53456147,,,,,,
2026-09-02T1634Z,laliga,53456148,70941235,2014805,pending,2026-09-01T22:24:20+02:00,2026-09-02T22:24:00+02:00,true
2026-09-02T1634Z,laliga,53456149,70941236,1554974,pending,2026-09-01T22:24:20+02:00,2026-09-02T22:24:00+02:00,true
2026-09-02T1824Z,laliga,24338723,,,,,,
2026-09-02T1824Z,laliga,24338726,,,,,,
2026-09-02T1824Z,laliga,24338731,,,,,,
2026-09-02T1824Z,laliga,24338734,,,,,,
2026-09-02T1824Z,laliga,30254398,,,,,,
2026-09-02T1824Z,laliga,30254399,,,,,,
2026-09-02T1824Z,laliga,32308191,,,,,,
2026-09-02T1824Z,laliga,37280098,,,,,,
2026-09-02T1824Z,laliga,44068749,,,,,,
2026-09-02T1824Z,laliga,47459928,,,,,,
2026-09-02T1824Z,laliga,53456147,,,,,,
2026-09-02T1824Z,laliga,53456148,70941235,2014805,pending,2026-09-01T22:24:20+02:00,2026-09-02T22:24:00+02:00,true
2026-09-02T1824Z,laliga,53456149,70941236,1554974,pending,2026-09-01T22:24:20+02:00,2026-09-02T22:24:00+02:00,true
2026-09-02T2243Z,laliga,24338723,,,,,,
2026-09-02T2243Z,laliga,24338726,,,,,,
2026-09-02T2243Z,laliga,24338731,,,,,,
2026-09-02T2243Z,laliga,24338734,,,,,,
2026-09-02T2243Z,laliga,30254398,,,,,,
2026-09-02T2243Z,laliga,30254399,,,,,,
2026-09-02T2243Z,laliga,32308191,,,,,,
2026-09-02T2243Z,laliga,37280098,,,,,,
2026-09-02T2243Z,laliga,44068749,,,,,,
2026-09-02T2243Z,laliga,47459928,,,,,,
2026-09-02T2243Z,laliga,53456147,,,,,,
2026-09-02T2243Z,laliga,53456148,,,,,,
2026-09-02T2243Z,laliga,53456149,,,,,,
2026-09-03T1034Z,laliga,24338723,,,,,,
2026-09-03T1034Z,laliga,24338726,,,,,,
2026-09-03T1034Z,laliga,24338731,,,,,,
2026-09-03T1034Z,laliga,24338734,,,,,,
2026-09-03T1034Z,laliga,30254398,,,,,,
2026-09-03T1034Z,laliga,30254399,,,,,,
2026-09-03T1034Z,laliga,32308191,,,,,,
2026-09-03T1034Z,laliga,37280098,,,,,,
2026-09-03T1034Z,laliga,44068749,,,,,,
2026-09-03T1034Z,laliga,47459928,,,,,,
2026-09-03T1034Z,laliga,53456147,,,,,,
2026-09-03T1034Z,laliga,53456148,,,,,,
2026-09-03T1034Z,laliga,53456149,,,,,,
2026-09-03T1901Z,laliga,24338723,,,,,,
2026-09-03T1901Z,laliga,24338726,,,,,,
2026-09-03T1901Z,laliga,24338731,,,,,,
2026-09-03T1901Z,laliga,24338734,,,,,,
2026-09-03T1901Z,laliga,30254398,,,,,,
2026-09-03T1901Z,laliga,30254399,,,,,,
2026-09-03T1901Z,laliga,32308191,,,,,,
2026-09-03T1901Z,laliga,37280098,,,,,,
2026-09-03T1901Z,laliga,44068749,,,,,,
2026-09-03T1901Z,laliga,47459928,,,,,,
2026-09-03T1901Z,laliga,53456147,,,,,,
2026-09-03T1901Z,laliga,53456148,,,,,,
2026-09-03T1901Z,laliga,53456149,,,,,,
2026-09-03T1916Z,laliga,24338723,,,,,,
2026-09-03T1916Z,laliga,24338726,,,,,,
2026-09-03T1916Z,laliga,24338731,,,,,,
2026-09-03T1916Z,laliga,24338734,,,,,,
2026-09-03T1916Z,laliga,30254398,,,,,,
2026-09-03T1916Z,laliga,30254399,,,,,,
2026-09-03T1916Z,laliga,32308191,,,,,,
2026-09-03T1916Z,laliga,37280098,,,,,,
2026-09-03T1916Z,laliga,44068749,,,,,,
2026-09-03T1916Z,laliga,47459928,,,,,,
2026-09-03T1916Z,laliga,53456147,,,,,,
2026-09-03T1916Z,laliga,53456148,,,,,,
2026-09-03T1916Z,laliga,53456149,,,,,,
2026-09-03T2206Z,laliga,24338723,,,,,,
2026-09-03T2206Z,laliga,24338726,,,,,,
2026-09-03T2206Z,laliga,24338731,,,,,,
2026-09-03T2206Z,laliga,24338734,,,,,,
2026-09-03T2206Z,laliga,30254398,,,,,,
2026-09-03T2206Z,laliga,30254399,,,,,,
2026-09-03T2206Z,laliga,32308191,,,,,,
2026-09-03T2206Z,laliga,37280098,,,,,,
2026-09-03T2206Z,laliga,44068749,,,,,,
2026-09-03T2206Z,laliga,47459928,,,,,,
2026-09-03T2206Z,laliga,53456147,,,,,,
2026-09-03T2206Z,laliga,53456148,,,,,,
2026-09-03T2206Z,laliga,53456149,,,,,,
2026-09-03T2243Z,laliga,24338723,,,,,,
2026-09-03T2243Z,laliga,24338726,,,,,,
2026-09-03T2243Z,laliga,24338731,,,,,,
2026-09-03T2243Z,laliga,24338734,,,,,,
2026-09-03T2243Z,laliga,30254398,,,,,,
2026-09-03T2243Z,laliga,30254399,,,,,,
2026-09-03T2243Z,laliga,32308191,,,,,,
2026-09-03T2243Z,laliga,37280098,,,,,,
2026-09-03T2243Z,laliga,44068749,,,,,,
2026-09-03T2243Z,laliga,47459928,,,,,,
2026-09-03T2243Z,laliga,53456147,,,,,,
2026-09-03T2243Z,laliga,53456148,,,,,,
2026-09-03T2243Z,laliga,53456149,,,,,,
2026-09-04T0506Z,laliga,24338723,,,,,,
2026-09-04T0506Z,laliga,24338726,,,,,,
2026-09-04T0506Z,laliga,24338731,,,,,,
2026-09-04T0506Z,laliga,24338734,,,,,,
2026-09-04T0506Z,laliga,30254398,,,,,,
2026-09-04T0506Z,laliga,30254399,,,,,,
2026-09-04T0506Z,laliga,32308191,,,,,,
2026-09-04T0506Z,laliga,37280098,,,,,,
2026-09-04T0506Z,laliga,44068749,,,,,,
2026-09-04T0506Z,laliga,47459928,,,,,,
2026-09-04T0506Z,laliga,53456147,,,,,,
2026-09-04T0506Z,laliga,53456148,,,,,,
2026-09-04T0506Z,laliga,53456149,,,,,,
2026-09-04T2242Z,laliga,24338723,,,,,,
2026-09-04T2242Z,laliga,24338726,,,,,,
2026-09-04T2242Z,laliga,24338731,,,,,,
2026-09-04T2242Z,laliga,24338734,,,,,,
2026-09-04T2242Z,laliga,30254398,,,,,,
2026-09-04T2242Z,laliga,30254399,,,,,,
2026-09-04T2242Z,laliga,32308191,,,,,,
2026-09-04T2242Z,laliga,37280098,,,,,,
2026-09-04T2242Z,laliga,44068749,,,,,,
2026-09-04T2242Z,laliga,47459928,,,,,,
2026-09-04T2242Z,laliga,53456147,,,,,,
2026-09-04T2242Z,laliga,53456148,,,,,,
2026-09-04T2242Z,laliga,53456149,,,,,,
2026-09-05T0712Z,laliga,24338723,,,,,,
2026-09-05T0712Z,laliga,24338726,,,,,,
2026-09-05T0712Z,laliga,24338731,,,,,,
2026-09-05T0712Z,laliga,24338734,,,,,,
2026-09-05T0712Z,laliga,30254398,,,,,,
2026-09-05T0712Z,laliga,30254399,,,,,,
2026-09-05T0712Z,laliga,32308191,,,,,,
2026-09-05T0712Z,laliga,37280098,,,,,,
2026-09-05T0712Z,laliga,44068749,,,,,,
2026-09-05T0712Z,laliga,47459928,,,,,,
2026-09-05T0712Z,laliga,53456147,,,,,,
2026-09-05T0712Z,laliga,53456148,,,,,,
2026-09-05T0712Z,laliga,53456149,,,,,,
2026-09-05T1806Z,laliga,24338723,,,,,,
2026-09-05T1806Z,laliga,24338726,,,,,,
2026-09-05T1806Z,laliga,24338731,,,,,,
2026-09-05T1806Z,laliga,24338734,,,,,,
2026-09-05T1806Z,laliga,30254398,,,,,,
2026-09-05T1806Z,laliga,30254399,,,,,,
2026-09-05T1806Z,laliga,32308191,,,,,,
2026-09-05T1806Z,laliga,37280098,,,,,,
2026-09-05T1806Z,laliga,44068749,,,,,,
2026-09-05T1806Z,laliga,47459928,,,,,,
2026-09-05T1806Z,laliga,53456147,,,,,,
2026-09-05T1806Z,laliga,53456148,,,,,,
2026-09-05T1806Z,laliga,53456149,,,,,,
2026-09-05T2029Z,laliga,24338723,,,,,,
2026-09-05T2029Z,laliga,24338726,,,,,,
2026-09-05T2029Z,laliga,24338731,,,,,,
2026-09-05T2029Z,laliga,24338734,,,,,,
2026-09-05T2029Z,laliga,30254398,,,,,,
2026-09-05T2029Z,laliga,30254399,,,,,,
2026-09-05T2029Z,laliga,32308191,,,,,,
2026-09-05T2029Z,laliga,37280098,,,,,,
2026-09-05T2029Z,laliga,44068749,,,,,,
2026-09-05T2029Z,laliga,47459928,,,,,,
2026-09-05T2029Z,laliga,53456147,,,,,,
2026-09-05T2029Z,laliga,53456148,,,,,,
2026-09-05T2029Z,laliga,53456149,,,,,,
2026-09-05T2029Z,laliga,64086240,,,,,,
2026-09-05T2245Z,laliga,24338723,,,,,,
2026-09-05T2245Z,laliga,24338726,,,,,,
2026-09-05T2245Z,laliga,24338731,,,,,,
2026-09-05T2245Z,laliga,24338734,,,,,,
2026-09-05T2245Z,laliga,30254398,,,,,,
2026-09-05T2245Z,laliga,30254399,,,,,,
2026-09-05T2245Z,laliga,32308191,,,,,,
2026-09-05T2245Z,laliga,37280098,,,,,,
2026-09-05T2245Z,laliga,44068749,,,,,,
2026-09-05T2245Z,laliga,47459928,,,,,,
2026-09-05T2245Z,laliga,53456147,,,,,,
2026-09-05T2245Z,laliga,53456148,,,,,,
2026-09-05T2245Z,laliga,53456149,,,,,,
2026-09-05T2245Z,laliga,64086240,,,,,,
2026-09-06T2009Z,laliga,24338723,,,,,,
2026-09-06T2009Z,laliga,24338726,,,,,,
2026-09-06T2009Z,laliga,24338731,,,,,,
2026-09-06T2009Z,laliga,24338734,,,,,,
2026-09-06T2009Z,laliga,30254398,,,,,,
2026-09-06T2009Z,laliga,30254399,,,,,,
2026-09-06T2009Z,laliga,32308191,,,,,,
2026-09-06T2009Z,laliga,37280098,,,,,,
2026-09-06T2009Z,laliga,44068749,,,,,,
2026-09-06T2009Z,laliga,47459928,,,,,,
2026-09-06T2009Z,laliga,53456147,,,,,,
2026-09-06T2009Z,laliga,53456148,,,,,,
2026-09-06T2009Z,laliga,53456149,,,,,,
2026-09-06T2009Z,laliga,64086240,,,,,,
2026-09-06T2244Z,laliga,24338723,,,,,,
2026-09-06T2244Z,laliga,24338726,,,,,,
2026-09-06T2244Z,laliga,24338731,,,,,,
2026-09-06T2244Z,laliga,24338734,,,,,,
2026-09-06T2244Z,laliga,30254398,,,,,,
2026-09-06T2244Z,laliga,30254399,83616396,36149738,pending,2026-09-06T22:35:43+02:00,2026-09-07T22:24:00+02:00,true
2026-09-06T2244Z,laliga,32308191,,,,,,
2026-09-06T2244Z,laliga,37280098,,,,,,
2026-09-06T2244Z,laliga,44068749,,,,,,
2026-09-06T2244Z,laliga,47459928,,,,,,
2026-09-06T2244Z,laliga,53456147,,,,,,
2026-09-06T2244Z,laliga,53456148,,,,,,
2026-09-06T2244Z,laliga,53456149,,,,,,
2026-09-06T2244Z,laliga,64086240,83616399,22426623,pending,2026-09-06T22:35:43+02:00,2026-09-07T22:24:00+02:00,true
2026-09-07T0548Z,laliga,24338723,,,,,,
2026-09-07T0548Z,laliga,24338726,,,,,,
2026-09-07T0548Z,laliga,24338731,,,,,,
2026-09-07T0548Z,laliga,24338734,,,,,,
2026-09-07T0548Z,laliga,30254398,,,,,,
2026-09-07T0548Z,laliga,30254399,83616396,36149738,pending,2026-09-06T22:35:43+02:00,2026-09-07T22:24:00+02:00,true
2026-09-07T0548Z,laliga,32308191,,,,,,
2026-09-07T0548Z,laliga,37280098,,,,,,
2026-09-07T0548Z,laliga,44068749,,,,,,
2026-09-07T0548Z,laliga,47459928,,,,,,
2026-09-07T0548Z,laliga,53456147,,,,,,
2026-09-07T0548Z,laliga,53456148,,,,,,
2026-09-07T0548Z,laliga,53456149,,,,,,
2026-09-07T0548Z,laliga,64086240,83616399,22426623,pending,2026-09-06T22:35:43+02:00,2026-09-07T22:24:00+02:00,true
2026-09-07T0633Z,laliga,24338723,,,,,,
2026-09-07T0633Z,laliga,24338726,,,,,,
2026-09-07T0633Z,laliga,24338731,,,,,,
2026-09-07T0633Z,laliga,24338734,,,,,,
2026-09-07T0633Z,laliga,30254398,,,,,,
2026-09-07T0633Z,laliga,30254399,83616396,36149738,pending,2026-09-06T22:35:43+02:00,2026-09-07T22:24:00+02:00,true
2026-09-07T0633Z,laliga,32308191,,,,,,
2026-09-07T0633Z,laliga,37280098,,,,,,
2026-09-07T0633Z,laliga,44068749,,,,,,
2026-09-07T0633Z,laliga,47459928,,,,,,
2026-09-07T0633Z,laliga,53456147,,,,,,
2026-09-07T0633Z,laliga,53456148,,,,,,
2026-09-07T0633Z,laliga,53456149,,,,,,
2026-09-07T0633Z,laliga,64086240,83616399,22426623,pending,2026-09-06T22:35:43+02:00,2026-09-07T22:24:00+02:00,true
2026-09-07T0802Z,laliga,24338723,,,,,,
2026-09-07T0802Z,laliga,24338726,,,,,,
2026-09-07T0802Z,laliga,24338731,,,,,,
2026-09-07T0802Z,laliga,24338734,,,,,,
2026-09-07T0802Z,laliga,30254398,,,,,,
2026-09-07T0802Z,laliga,30254399,83616396,36149738,pending,2026-09-06T22:35:43+02:00,2026-09-07T22:24:00+02:00,true
2026-09-07T0802Z,laliga,32308191,,,,,,
2026-09-07T0802Z,laliga,37280098,,,,,,
2026-09-07T0802Z,laliga,44068749,,,,,,
2026-09-07T0802Z,laliga,47459928,,,,,,
2026-09-07T0802Z,laliga,53456147,,,,,,
2026-09-07T0802Z,laliga,53456148,,,,,,
2026-09-07T0802Z,laliga,53456149,,,,,,
2026-09-07T0802Z,laliga,64086240,83616399,22426623,pending,2026-09-06T22:35:43+02:00,2026-09-07T22:24:00+02:00,true
2026-09-07T2045Z,laliga,24338723,,,,,,
2026-09-07T2045Z,laliga,24338726,,,,,,
2026-09-07T2045Z,laliga,24338731,,,,,,
2026-09-07T2045Z,laliga,24338734,,,,,,
2026-09-07T2045Z,laliga,30254398,,,,,,
2026-09-07T2045Z,laliga,30254399,86469085,39180313,pending,2026-09-07T22:24:30+02:00,2026-09-08T22:24:00+02:00,true
2026-09-07T2045Z,laliga,32308191,,,,,,
2026-09-07T2045Z,laliga,37280098,,,,,,
2026-09-07T2045Z,laliga,44068749,,,,,,
2026-09-07T2045Z,laliga,47459928,,,,,,
2026-09-07T2045Z,laliga,53456147,,,,,,
2026-09-07T2045Z,laliga,53456148,,,,,,
2026-09-07T2045Z,laliga,53456149,,,,,,
2026-09-07T2045Z,laliga,64086240,86469087,21970737,pending,2026-09-07T22:24:30+02:00,2026-09-08T22:24:00+02:00,true
2026-09-07T2045Z,laliga,67102630,,,,,,
2026-09-08T0559Z,laliga,24338723,,,,,,
2026-09-08T0559Z,laliga,24338726,,,,,,
2026-09-08T0559Z,laliga,24338731,,,,,,
2026-09-08T0559Z,laliga,24338734,,,,,,
2026-09-08T0559Z,laliga,30254398,,,,,,
2026-09-08T0559Z,laliga,30254399,86469085,39180313,pending,2026-09-07T22:24:30+02:00,2026-09-08T22:24:00+02:00,true
2026-09-08T0559Z,laliga,32308191,,,,,,
2026-09-08T0559Z,laliga,37280098,,,,,,
2026-09-08T0559Z,laliga,44068749,,,,,,
2026-09-08T0559Z,laliga,47459928,,,,,,
2026-09-08T0559Z,laliga,53456147,,,,,,
2026-09-08T0559Z,laliga,53456148,,,,,,
2026-09-08T0559Z,laliga,53456149,,,,,,
2026-09-08T0559Z,laliga,64086240,86469087,21970737,pending,2026-09-07T22:24:30+02:00,2026-09-08T22:24:00+02:00,true
2026-09-08T0559Z,laliga,67102630,,,,,,
2026-09-08T0804Z,laliga,24338723,,,,,,
2026-09-08T0804Z,laliga,24338726,,,,,,
2026-09-08T0804Z,laliga,24338731,,,,,,
2026-09-08T0804Z,laliga,24338734,,,,,,
2026-09-08T0804Z,laliga,30254398,,,,,,
2026-09-08T0804Z,laliga,30254399,86469085,39180313,pending,2026-09-07T22:24:30+02:00,2026-09-08T22:24:00+02:00,true
2026-09-08T0804Z,laliga,32308191,,,,,,
2026-09-08T0804Z,laliga,37280098,,,,,,
2026-09-08T0804Z,laliga,44068749,,,,,,
2026-09-08T0804Z,laliga,47459928,,,,,,
2026-09-08T0804Z,laliga,53456147,,,,,,
2026-09-08T0804Z,laliga,53456148,,,,,,
2026-09-08T0804Z,laliga,53456149,,,,,,
2026-09-08T0804Z,laliga,64086240,86469087,21970737,pending,2026-09-07T22:24:30+02:00,2026-09-08T22:24:00+02:00,true
2026-09-08T0804Z,laliga,67102630,,,,,,
2026-09-08T0853Z,laliga,24338723,,,,,,
2026-09-08T0853Z,laliga,24338726,,,,,,
2026-09-08T0853Z,laliga,24338731,,,,,,
2026-09-08T0853Z,laliga,24338734,,,,,,
2026-09-08T0853Z,laliga,30254398,,,,,,
2026-09-08T0853Z,laliga,30254399,86469085,39180313,pending,2026-09-07T22:24:30+02:00,2026-09-08T22:24:00+02:00,true
2026-09-08T0853Z,laliga,32308191,,,,,,
2026-09-08T0853Z,laliga,37280098,,,,,,
2026-09-08T0853Z,laliga,44068749,,,,,,
2026-09-08T0853Z,laliga,47459928,,,,,,
2026-09-08T0853Z,laliga,53456147,,,,,,
2026-09-08T0853Z,laliga,53456148,,,,,,
2026-09-08T0853Z,laliga,53456149,,,,,,
2026-09-08T0853Z,laliga,64086240,86469087,21970737,pending,2026-09-07T22:24:30+02:00,2026-09-08T22:24:00+02:00,true
2026-09-08T0853Z,laliga,67102630,,,,,,
2026-09-08T1731Z,laliga,24338723,,,,,,
2026-09-08T1731Z,laliga,24338726,,,,,,
2026-09-08T1731Z,laliga,24338731,,,,,,
2026-09-08T1731Z,laliga,24338734,,,,,,
2026-09-08T1731Z,laliga,30254398,,,,,,
2026-09-08T1731Z,laliga,30254399,86469085,39180313,pending,2026-09-07T22:24:30+02:00,2026-09-08T22:24:00+02:00,true
2026-09-08T1731Z,laliga,32308191,,,,,,
2026-09-08T1731Z,laliga,37280098,,,,,,
2026-09-08T1731Z,laliga,44068749,,,,,,
2026-09-08T1731Z,laliga,47459928,,,,,,
2026-09-08T1731Z,laliga,53456147,,,,,,
2026-09-08T1731Z,laliga,53456148,,,,,,
2026-09-08T1731Z,laliga,53456149,,,,,,
2026-09-08T1731Z,laliga,64086240,86469087,21970737,pending,2026-09-07T22:24:30+02:00,2026-09-08T22:24:00+02:00,true
2026-09-08T1731Z,laliga,67102630,,,,,,
2026-09-08T2135Z,laliga,24338723,,,,,,
2026-09-08T2135Z,laliga,24338726,,,,,,
2026-09-08T2135Z,laliga,24338731,,,,,,
2026-09-08T2135Z,laliga,24338734,,,,,,
2026-09-08T2135Z,laliga,30254398,,,,,,
2026-09-08T2135Z,laliga,30254399,89361457,38370132,pending,2026-09-08T22:24:47+02:00,2026-09-09T22:24:00+02:00,true
2026-09-08T2135Z,laliga,32308191,,,,,,
2026-09-08T2135Z,laliga,37280098,,,,,,
2026-09-08T2135Z,laliga,44068749,,,,,,
2026-09-08T2135Z,laliga,47459928,,,,,,
2026-09-08T2135Z,laliga,53456147,,,,,,
2026-09-08T2135Z,laliga,53456148,,,,,,
2026-09-08T2135Z,laliga,53456149,,,,,,
2026-09-08T2135Z,laliga,64086240,89361458,22218473,pending,2026-09-08T22:24:47+02:00,2026-09-09T22:24:00+02:00,true
2026-09-08T2135Z,laliga,67102630,,,,,,
2026-09-09T0804Z,laliga,24338723,,,,,,
2026-09-09T0804Z,laliga,24338726,,,,,,
2026-09-09T0804Z,laliga,24338731,,,,,,
2026-09-09T0804Z,laliga,24338734,,,,,,
2026-09-09T0804Z,laliga,30254398,,,,,,
2026-09-09T0804Z,laliga,30254399,89361457,38370132,pending,2026-09-08T22:24:47+02:00,2026-09-09T22:24:00+02:00,true
2026-09-09T0804Z,laliga,32308191,,,,,,
2026-09-09T0804Z,laliga,37280098,,,,,,
2026-09-09T0804Z,laliga,44068749,,,,,,
2026-09-09T0804Z,laliga,47459928,,,,,,
2026-09-09T0804Z,laliga,53456147,,,,,,
2026-09-09T0804Z,laliga,53456148,,,,,,
2026-09-09T0804Z,laliga,53456149,,,,,,
2026-09-09T0804Z,laliga,64086240,89361458,22218473,pending,2026-09-08T22:24:47+02:00,2026-09-09T22:24:00+02:00,true
2026-09-09T0804Z,laliga,67102630,,,,,,
2026-09-10T0505Z,laliga,24338723,,,,,,
2026-09-10T0505Z,laliga,24338726,,,,,,
2026-09-10T0505Z,laliga,24338731,,,,,,
2026-09-10T0505Z,laliga,24338734,,,,,,
2026-09-10T0505Z,laliga,30254398,,,,,,
2026-09-10T0505Z,laliga,30254399,,,,,,
2026-09-10T0505Z,laliga,32308191,,,,,,
2026-09-10T0505Z,laliga,37280098,,,,,,
2026-09-10T0505Z,laliga,44068749,,,,,,
2026-09-10T0505Z,laliga,47459928,,,,,,
2026-09-10T0505Z,laliga,53456147,92022649,3629837,pending,2026-09-09T22:24:27+02:00,2026-09-10T22:24:00+02:00,true
2026-09-10T0505Z,laliga,53456148,92022650,1713261,pending,2026-09-09T22:24:27+02:00,2026-09-10T22:24:00+02:00,true
2026-09-10T0505Z,laliga,53456149,,,,,,
2026-09-10T0505Z,laliga,64086240,,,,,,
2026-09-10T0505Z,laliga,67102630,,,,,,
2026-09-10T0803Z,laliga,24338723,,,,,,
2026-09-10T0803Z,laliga,24338726,,,,,,
2026-09-10T0803Z,laliga,24338731,,,,,,
2026-09-10T0803Z,laliga,24338734,,,,,,
2026-09-10T0803Z,laliga,30254398,,,,,,
2026-09-10T0803Z,laliga,30254399,,,,,,
2026-09-10T0803Z,laliga,32308191,,,,,,
2026-09-10T0803Z,laliga,37280098,,,,,,
2026-09-10T0803Z,laliga,44068749,,,,,,
2026-09-10T0803Z,laliga,47459928,,,,,,
2026-09-10T0803Z,laliga,53456148,92022650,1713261,pending,2026-09-09T22:24:27+02:00,2026-09-10T22:24:00+02:00,true
2026-09-10T0803Z,laliga,53456149,,,,,,
2026-09-10T0803Z,laliga,64086240,,,,,,
2026-09-10T0803Z,laliga,67102630,,,,,,
2026-09-10T0836Z,laliga,24338723,,,,,,
2026-09-10T0836Z,laliga,24338726,,,,,,
2026-09-10T0836Z,laliga,24338731,,,,,,
2026-09-10T0836Z,laliga,24338734,,,,,,
2026-09-10T0836Z,laliga,30254398,,,,,,
2026-09-10T0836Z,laliga,30254399,,,,,,
2026-09-10T0836Z,laliga,32308191,,,,,,
2026-09-10T0836Z,laliga,37280098,,,,,,
2026-09-10T0836Z,laliga,44068749,,,,,,
2026-09-10T0836Z,laliga,47459928,,,,,,
2026-09-10T0836Z,laliga,53456148,92022650,1713261,pending,2026-09-09T22:24:27+02:00,2026-09-10T22:24:00+02:00,true
2026-09-10T0836Z,laliga,53456149,,,,,,
2026-09-10T0836Z,laliga,64086240,,,,,,
2026-09-10T0836Z,laliga,67102630,,,,,,
2026-09-10T2144Z,laliga,24338723,,,,,,
2026-09-10T2144Z,laliga,24338726,,,,,,
2026-09-10T2144Z,laliga,24338731,,,,,,
2026-09-10T2144Z,laliga,24338734,,,,,,
2026-09-10T2144Z,laliga,30254398,,,,,,
2026-09-10T2144Z,laliga,30254399,,,,,,
2026-09-10T2144Z,laliga,32308191,,,,,,
2026-09-10T2144Z,laliga,37280098,,,,,,
2026-09-10T2144Z,laliga,44068749,,,,,,
2026-09-10T2144Z,laliga,47459928,,,,,,
2026-09-10T2144Z,laliga,53456148,94470937,1762025,pending,2026-09-10T22:24:09+02:00,2026-09-11T22:24:00+02:00,true
2026-09-10T2144Z,laliga,53456149,,,,,,
2026-09-10T2144Z,laliga,64086240,,,,,,
2026-09-10T2144Z,laliga,67102630,,,,,,
2026-09-11T0753Z,laliga,24338723,,,,,,
2026-09-11T0753Z,laliga,24338726,,,,,,
2026-09-11T0753Z,laliga,24338731,,,,,,
2026-09-11T0753Z,laliga,24338734,,,,,,
2026-09-11T0753Z,laliga,30254398,,,,,,
2026-09-11T0753Z,laliga,30254399,,,,,,
2026-09-11T0753Z,laliga,32308191,,,,,,
2026-09-11T0753Z,laliga,37280098,,,,,,
2026-09-11T0753Z,laliga,44068749,,,,,,
2026-09-11T0753Z,laliga,47459928,,,,,,
2026-09-11T0753Z,laliga,53456148,94470937,1762025,pending,2026-09-10T22:24:09+02:00,2026-09-11T22:24:00+02:00,true
2026-09-11T0753Z,laliga,53456149,,,,,,
2026-09-11T0753Z,laliga,64086240,,,,,,
2026-09-11T0753Z,laliga,67102630,,,,,,
2026-09-11T0805Z,laliga,24338723,,,,,,
2026-09-11T0805Z,laliga,24338726,,,,,,
2026-09-11T0805Z,laliga,24338731,,,,,,
2026-09-11T0805Z,laliga,24338734,,,,,,
2026-09-11T0805Z,laliga,30254398,,,,,,
2026-09-11T0805Z,laliga,30254399,,,,,,
2026-09-11T0805Z,laliga,32308191,,,,,,
2026-09-11T0805Z,laliga,37280098,,,,,,
2026-09-11T0805Z,laliga,44068749,,,,,,
2026-09-11T0805Z,laliga,47459928,,,,,,
2026-09-11T0805Z,laliga,53456148,94470937,1762025,pending,2026-09-10T22:24:09+02:00,2026-09-11T22:24:00+02:00,true
2026-09-11T0805Z,laliga,53456149,,,,,,
2026-09-11T0805Z,laliga,64086240,,,,,,
2026-09-11T0805Z,laliga,67102630,,,,,,
2026-09-11T2025Z,laliga,24338723,,,,,,
2026-09-11T2025Z,laliga,24338726,,,,,,
2026-09-11T2025Z,laliga,24338731,,,,,,
2026-09-11T2025Z,laliga,24338734,,,,,,
2026-09-11T2025Z,laliga,30254398,,,,,,
2026-09-11T2025Z,laliga,30254399,,,,,,
2026-09-11T2025Z,laliga,32308191,,,,,,
2026-09-11T2025Z,laliga,37280098,,,,,,
2026-09-11T2025Z,laliga,44068749,,,,,,
2026-09-11T2025Z,laliga,47459928,,,,,,
2026-09-11T2025Z,laliga,53456148,96771901,1928976,pending,2026-09-11T22:24:15+02:00,2026-09-12T22:24:00+02:00,true
2026-09-11T2025Z,laliga,53456149,,,,,,
2026-09-11T2025Z,laliga,64086240,,,,,,
2026-09-11T2025Z,laliga,67102630,,,,,,
2026-09-11T2025Z,laliga,72363848,,,,,,
2026-09-12T0617Z,laliga,24338723,,,,,,
2026-09-12T0617Z,laliga,24338726,,,,,,
2026-09-12T0617Z,laliga,24338731,,,,,,
2026-09-12T0617Z,laliga,24338734,,,,,,
2026-09-12T0617Z,laliga,30254398,,,,,,
2026-09-12T0617Z,laliga,30254399,,,,,,
2026-09-12T0617Z,laliga,32308191,,,,,,
2026-09-12T0617Z,laliga,37280098,,,,,,
2026-09-12T0617Z,laliga,44068749,,,,,,
2026-09-12T0617Z,laliga,47459928,,,,,,
2026-09-12T0617Z,laliga,53456148,96771901,1928976,pending,2026-09-11T22:24:15+02:00,2026-09-12T22:24:00+02:00,true
2026-09-12T0617Z,laliga,53456149,,,,,,
2026-09-12T0617Z,laliga,64086240,,,,,,
2026-09-12T0617Z,laliga,67102630,,,,,,
2026-09-12T0617Z,laliga,72363848,,,,,,
2026-09-12T0804Z,laliga,24338723,,,,,,
2026-09-12T0804Z,laliga,24338726,,,,,,
2026-09-12T0804Z,laliga,24338731,,,,,,
2026-09-12T0804Z,laliga,24338734,,,,,,
2026-09-12T0804Z,laliga,30254398,,,,,,
2026-09-12T0804Z,laliga,30254399,,,,,,
2026-09-12T0804Z,laliga,32308191,,,,,,
2026-09-12T0804Z,laliga,37280098,,,,,,
2026-09-12T0804Z,laliga,44068749,,,,,,
2026-09-12T0804Z,laliga,47459928,,,,,,
2026-09-12T0804Z,laliga,53456148,96771901,1928976,pending,2026-09-11T22:24:15+02:00,2026-09-12T22:24:00+02:00,true
2026-09-12T0804Z,laliga,53456149,,,,,,
2026-09-12T0804Z,laliga,64086240,,,,,,
2026-09-12T0804Z,laliga,67102630,,,,,,
2026-09-12T0804Z,laliga,72363848,,,,,,
2026-09-12T1255Z,laliga,24338723,,,,,,
2026-09-12T1255Z,laliga,24338726,,,,,,
2026-09-12T1255Z,laliga,24338731,,,,,,
2026-09-12T1255Z,laliga,24338734,,,,,,
2026-09-12T1255Z,laliga,30254398,,,,,,
2026-09-12T1255Z,laliga,30254399,,,,,,
2026-09-12T1255Z,laliga,32308191,,,,,,
2026-09-12T1255Z,laliga,37280098,,,,,,
2026-09-12T1255Z,laliga,44068749,,,,,,
2026-09-12T1255Z,laliga,47459928,,,,,,
2026-09-12T1255Z,laliga,53456148,96771901,1928976,pending,2026-09-11T22:24:15+02:00,2026-09-12T22:24:00+02:00,true
2026-09-12T1255Z,laliga,53456149,,,,,,
2026-09-12T1255Z,laliga,64086240,,,,,,
2026-09-12T1255Z,laliga,67102630,,,,,,
2026-09-12T1255Z,laliga,72363848,,,,,,
2026-09-12T1543Z,laliga,24338723,,,,,,
2026-09-12T1543Z,laliga,24338726,,,,,,
2026-09-12T1543Z,laliga,24338731,,,,,,
2026-09-12T1543Z,laliga,24338734,,,,,,
2026-09-12T1543Z,laliga,30254398,,,,,,
2026-09-12T1543Z,laliga,30254399,,,,,,
2026-09-12T1543Z,laliga,32308191,,,,,,
2026-09-12T1543Z,laliga,37280098,,,,,,
2026-09-12T1543Z,laliga,44068749,,,,,,
2026-09-12T1543Z,laliga,47459928,,,,,,
2026-09-12T1543Z,laliga,53456148,96771901,1928976,pending,2026-09-11T22:24:15+02:00,2026-09-12T22:24:00+02:00,true
2026-09-12T1543Z,laliga,53456149,,,,,,
2026-09-12T1543Z,laliga,64086240,,,,,,
2026-09-12T1543Z,laliga,67102630,,,,,,
2026-09-12T1543Z,laliga,72363848,,,,,,
2026-09-12T2209Z,laliga,24338723,,,,,,
2026-09-12T2209Z,laliga,24338726,,,,,,
2026-09-12T2209Z,laliga,24338731,,,,,,
2026-09-12T2209Z,laliga,24338734,99026597,12904373,pending,2026-09-12T22:24:07+02:00,2026-09-13T22:24:00+02:00,true
2026-09-12T2209Z,laliga,30254398,,,,,,
2026-09-12T2209Z,laliga,30254399,,,,,,
2026-09-12T2209Z,laliga,32308191,,,,,,
2026-09-12T2209Z,laliga,37280098,,,,,,
2026-09-12T2209Z,laliga,44068749,,,,,,
2026-09-12T2209Z,laliga,47459928,,,,,,
2026-09-12T2209Z,laliga,53456148,,,,,,
2026-09-12T2209Z,laliga,53456149,,,,,,
2026-09-12T2209Z,laliga,64086240,,,,,,
2026-09-12T2209Z,laliga,67102630,,,,,,
2026-09-12T2209Z,laliga,72363848,,,,,,
2026-09-12T2209Z,laliga,73487487,,,,,,
2026-09-13T0435Z,laliga,24338723,,,,,,
2026-09-13T0435Z,laliga,24338726,,,,,,
2026-09-13T0435Z,laliga,24338731,,,,,,
2026-09-13T0435Z,laliga,24338734,99026597,12904373,pending,2026-09-12T22:24:07+02:00,2026-09-13T22:24:00+02:00,true
2026-09-13T0435Z,laliga,30254398,,,,,,
2026-09-13T0435Z,laliga,30254399,,,,,,
2026-09-13T0435Z,laliga,32308191,,,,,,
2026-09-13T0435Z,laliga,37280098,,,,,,
2026-09-13T0435Z,laliga,44068749,,,,,,
2026-09-13T0435Z,laliga,47459928,,,,,,
2026-09-13T0435Z,laliga,53456148,,,,,,
2026-09-13T0435Z,laliga,53456149,,,,,,
2026-09-13T0435Z,laliga,64086240,,,,,,
2026-09-13T0435Z,laliga,67102630,,,,,,
2026-09-13T0435Z,laliga,72363848,,,,,,
2026-09-13T0435Z,laliga,73487487,,,,,,
2026-09-13T0622Z,laliga,24338723,,,,,,
2026-09-13T0622Z,laliga,24338726,,,,,,
2026-09-13T0622Z,laliga,24338731,,,,,,
2026-09-13T0622Z,laliga,24338734,99026597,12904373,pending,2026-09-12T22:24:07+02:00,2026-09-13T22:24:00+02:00,true
2026-09-13T0622Z,laliga,30254398,,,,,,
2026-09-13T0622Z,laliga,30254399,,,,,,
2026-09-13T0622Z,laliga,32308191,,,,,,
2026-09-13T0622Z,laliga,37280098,,,,,,
2026-09-13T0622Z,laliga,44068749,,,,,,
2026-09-13T0622Z,laliga,47459928,,,,,,
2026-09-13T0622Z,laliga,53456148,,,,,,
2026-09-13T0622Z,laliga,53456149,,,,,,
2026-09-13T0622Z,laliga,64086240,,,,,,
2026-09-13T0622Z,laliga,67102630,,,,,,
2026-09-13T0622Z,laliga,72363848,,,,,,
2026-09-13T0622Z,laliga,73487487,,,,,,
2026-09-13T0802Z,laliga,24338723,,,,,,
2026-09-13T0802Z,laliga,24338726,,,,,,
2026-09-13T0802Z,laliga,24338731,,,,,,
2026-09-13T0802Z,laliga,24338734,99026597,12904373,pending,2026-09-12T22:24:07+02:00,2026-09-13T22:24:00+02:00,true
2026-09-13T0802Z,laliga,30254398,,,,,,
2026-09-13T0802Z,laliga,30254399,,,,,,
2026-09-13T0802Z,laliga,32308191,,,,,,
2026-09-13T0802Z,laliga,37280098,,,,,,
2026-09-13T0802Z,laliga,44068749,,,,,,
2026-09-13T0802Z,laliga,47459928,,,,,,
2026-09-13T0802Z,laliga,53456148,,,,,,
2026-09-13T0802Z,laliga,53456149,,,,,,
2026-09-13T0802Z,laliga,64086240,,,,,,
2026-09-13T0802Z,laliga,67102630,,,,,,
2026-09-13T0802Z,laliga,72363848,,,,,,
2026-09-13T0802Z,laliga,73487487,,,,,,
2026-09-13T0830Z,laliga,24338723,,,,,,
2026-09-13T0830Z,laliga,24338726,,,,,,
2026-09-13T0830Z,laliga,24338731,,,,,,
2026-09-13T0830Z,laliga,24338734,99026597,12904373,pending,2026-09-12T22:24:07+02:00,2026-09-13T22:24:00+02:00,true
2026-09-13T0830Z,laliga,30254398,,,,,,
2026-09-13T0830Z,laliga,30254399,,,,,,
2026-09-13T0830Z,laliga,32308191,,,,,,
2026-09-13T0830Z,laliga,37280098,,,,,,
2026-09-13T0830Z,laliga,44068749,,,,,,
2026-09-13T0830Z,laliga,47459928,,,,,,
2026-09-13T0830Z,laliga,53456148,,,,,,
2026-09-13T0830Z,laliga,53456149,,,,,,
2026-09-13T0830Z,laliga,64086240,,,,,,
2026-09-13T0830Z,laliga,67102630,,,,,,
2026-09-13T0830Z,laliga,72363848,,,,,,
2026-09-13T0830Z,laliga,73487487,,,,,,
2026-09-13T1458Z,laliga,24338723,,,,,,
2026-09-13T1458Z,laliga,24338726,,,,,,
2026-09-13T1458Z,laliga,24338731,,,,,,
2026-09-13T1458Z,laliga,24338734,99026597,12904373,pending,2026-09-12T22:24:07+02:00,2026-09-13T22:24:00+02:00,true
2026-09-13T1458Z,laliga,30254398,,,,,,
2026-09-13T1458Z,laliga,30254399,,,,,,
2026-09-13T1458Z,laliga,32308191,,,,,,
2026-09-13T1458Z,laliga,37280098,,,,,,
2026-09-13T1458Z,laliga,44068749,,,,,,
2026-09-13T1458Z,laliga,47459928,,,,,,
2026-09-13T1458Z,laliga,53456148,,,,,,
2026-09-13T1458Z,laliga,53456149,,,,,,
2026-09-13T1458Z,laliga,64086240,,,,,,
2026-09-13T1458Z,laliga,67102630,,,,,,
2026-09-13T1458Z,laliga,72363848,,,,,,
2026-09-13T1458Z,laliga,73487487,,,,,,
2026-09-13T1518Z,laliga,24338723,,,,,,
2026-09-13T1518Z,laliga,24338726,,,,,,
2026-09-13T1518Z,laliga,24338731,,,,,,
2026-09-13T1518Z,laliga,24338734,99026597,12904373,pending,2026-09-12T22:24:07+02:00,2026-09-13T22:24:00+02:00,true
2026-09-13T1518Z,laliga,30254398,,,,,,
2026-09-13T1518Z,laliga,30254399,,,,,,
2026-09-13T1518Z,laliga,32308191,,,,,,
2026-09-13T1518Z,laliga,37280098,,,,,,
2026-09-13T1518Z,laliga,44068749,,,,,,
2026-09-13T1518Z,laliga,47459928,,,,,,
2026-09-13T1518Z,laliga,53456148,,,,,,
2026-09-13T1518Z,laliga,53456149,,,,,,
2026-09-13T1518Z,laliga,64086240,,,,,,
2026-09-13T1518Z,laliga,67102630,,,,,,
2026-09-13T1518Z,laliga,72363848,,,,,,
2026-09-13T1518Z,laliga,73487487,,,,,,
2026-09-14T0538Z,laliga,24338723,,,,,,
2026-09-14T0538Z,laliga,24338726,,,,,,
2026-09-14T0538Z,laliga,24338731,,,,,,
2026-09-14T0538Z,laliga,24338734,101585388,13726376,pending,2026-09-13T22:24:24+02:00,2026-09-14T22:24:00+02:00,true
2026-09-14T0538Z,laliga,30254398,,,,,,
2026-09-14T0538Z,laliga,30254399,101585402,41897399,pending,2026-09-13T22:24:24+02:00,2026-09-14T22:24:00+02:00,true
2026-09-14T0538Z,laliga,32308191,,,,,,
2026-09-14T0538Z,laliga,37280098,,,,,,
2026-09-14T0538Z,laliga,44068749,,,,,,
2026-09-14T0538Z,laliga,47459928,101585398,29385743,pending,2026-09-13T22:24:24+02:00,2026-09-14T22:24:00+02:00,true
2026-09-14T0538Z,laliga,53456148,,,,,,
2026-09-14T0538Z,laliga,53456149,,,,,,
2026-09-14T0538Z,laliga,64086240,101585400,30258037,pending,2026-09-13T22:24:24+02:00,2026-09-14T22:24:00+02:00,true
2026-09-14T0538Z,laliga,67102630,,,,,,
2026-09-14T0538Z,laliga,72363848,,,,,,
2026-09-14T0538Z,laliga,73487487,,,,,,
2026-09-14T0552Z,laliga,24338723,,,,,,
2026-09-14T0552Z,laliga,24338726,,,,,,
2026-09-14T0552Z,laliga,24338731,,,,,,
2026-09-14T0552Z,laliga,24338734,101585388,13726376,pending,2026-09-13T22:24:24+02:00,2026-09-14T22:24:00+02:00,true
2026-09-14T0552Z,laliga,30254398,,,,,,
2026-09-14T0552Z,laliga,32308191,,,,,,
2026-09-14T0552Z,laliga,37280098,,,,,,
2026-09-14T0552Z,laliga,44068749,,,,,,
2026-09-14T0552Z,laliga,47459928,101585398,29385743,pending,2026-09-13T22:24:24+02:00,2026-09-14T22:24:00+02:00,true
2026-09-14T0552Z,laliga,53456148,,,,,,
2026-09-14T0552Z,laliga,53456149,,,,,,
2026-09-14T0552Z,laliga,64086240,101585400,30258037,pending,2026-09-13T22:24:24+02:00,2026-09-14T22:24:00+02:00,true
2026-09-14T0552Z,laliga,67102630,,,,,,
2026-09-14T0552Z,laliga,72363848,,,,,,
2026-09-14T0552Z,laliga,73487487,,,,,,
2026-09-14T0803Z,laliga,24338723,,,,,,
2026-09-14T0803Z,laliga,24338726,,,,,,
2026-09-14T0803Z,laliga,24338731,,,,,,
2026-09-14T0803Z,laliga,24338734,101585388,13726376,pending,2026-09-13T22:24:24+02:00,2026-09-14T22:24:00+02:00,true
2026-09-14T0803Z,laliga,30254398,,,,,,
2026-09-14T0803Z,laliga,32308191,,,,,,
2026-09-14T0803Z,laliga,37280098,,,,,,
2026-09-14T0803Z,laliga,44068749,,,,,,
2026-09-14T0803Z,laliga,47459928,101585398,29385743,pending,2026-09-13T22:24:24+02:00,2026-09-14T22:24:00+02:00,true
2026-09-14T0803Z,laliga,53456148,,,,,,
2026-09-14T0803Z,laliga,53456149,,,,,,
2026-09-14T0803Z,laliga,64086240,101585400,30258037,pending,2026-09-13T22:24:24+02:00,2026-09-14T22:24:00+02:00,true
2026-09-14T0803Z,laliga,67102630,,,,,,
2026-09-14T0803Z,laliga,72363848,,,,,,
2026-09-14T0803Z,laliga,73487487,,,,,,
2026-09-14T1744Z,laliga,24338723,,,,,,
2026-09-14T1744Z,laliga,24338726,,,,,,
2026-09-14T1744Z,laliga,24338731,,,,,,
2026-09-14T1744Z,laliga,24338734,101585388,13726376,pending,2026-09-13T22:24:24+02:00,2026-09-14T22:24:00+02:00,true
2026-09-14T1744Z,laliga,30254398,,,,,,
2026-09-14T1744Z,laliga,32308191,,,,,,
2026-09-14T1744Z,laliga,37280098,,,,,,
2026-09-14T1744Z,laliga,44068749,,,,,,
2026-09-14T1744Z,laliga,47459928,101585398,29385743,pending,2026-09-13T22:24:24+02:00,2026-09-14T22:24:00+02:00,true
2026-09-14T1744Z,laliga,53456148,,,,,,
2026-09-14T1744Z,laliga,53456149,,,,,,
2026-09-14T1744Z,laliga,64086240,101585400,30258037,pending,2026-09-13T22:24:24+02:00,2026-09-14T22:24:00+02:00,true
2026-09-14T1744Z,laliga,67102630,,,,,,
2026-09-14T1744Z,laliga,72363848,,,,,,
2026-09-14T1744Z,laliga,73487487,,,,,,
2026-09-15T0543Z,laliga,24338723,,,,,,
2026-09-15T0543Z,laliga,24338726,,,,,,
2026-09-15T0543Z,laliga,24338731,,,,,,
2026-09-15T0543Z,laliga,24338734,104449849,15429681,pending,2026-09-14T22:24:10+02:00,2026-09-15T22:24:00+02:00,true
2026-09-15T0543Z,laliga,30254398,,,,,,
2026-09-15T0543Z,laliga,32308191,,,,,,
2026-09-15T0543Z,laliga,37280098,,,,,,
2026-09-15T0543Z,laliga,44068749,,,,,,
2026-09-15T0543Z,laliga,47459928,104449857,28298422,pending,2026-09-14T22:24:10+02:00,2026-09-15T22:24:00+02:00,true
2026-09-15T0543Z,laliga,53456148,,,,,,
2026-09-15T0543Z,laliga,53456149,,,,,,
2026-09-15T0543Z,laliga,64086240,104449858,26212392,pending,2026-09-14T22:24:10+02:00,2026-09-15T22:24:00+02:00,true
2026-09-15T0543Z,laliga,67102630,,,,,,
2026-09-15T0543Z,laliga,72363848,,,,,,
2026-09-15T0543Z,laliga,73487487,,,,,,
2026-09-15T0802Z,laliga,24338723,,,,,,
2026-09-15T0802Z,laliga,24338726,,,,,,
2026-09-15T0802Z,laliga,24338731,,,,,,
2026-09-15T0802Z,laliga,24338734,104449849,15429681,pending,2026-09-14T22:24:10+02:00,2026-09-15T22:24:00+02:00,true
2026-09-15T0802Z,laliga,30254398,,,,,,
2026-09-15T0802Z,laliga,32308191,,,,,,
2026-09-15T0802Z,laliga,37280098,,,,,,
2026-09-15T0802Z,laliga,44068749,,,,,,
2026-09-15T0802Z,laliga,47459928,104449857,28298422,pending,2026-09-14T22:24:10+02:00,2026-09-15T22:24:00+02:00,true
2026-09-15T0802Z,laliga,53456148,,,,,,
2026-09-15T0802Z,laliga,53456149,,,,,,
2026-09-15T0802Z,laliga,64086240,,,,,,
2026-09-15T0802Z,laliga,67102630,,,,,,
2026-09-15T0802Z,laliga,72363848,,,,,,
2026-09-15T0802Z,laliga,73487487,,,,,,
2026-09-15T0846Z,laliga,24338723,,,,,,
2026-09-15T0846Z,laliga,24338726,,,,,,
2026-09-15T0846Z,laliga,24338731,,,,,,
2026-09-15T0846Z,laliga,24338734,104449849,15429681,pending,2026-09-14T22:24:10+02:00,2026-09-15T22:24:00+02:00,true
2026-09-15T0846Z,laliga,30254398,,,,,,
2026-09-15T0846Z,laliga,32308191,,,,,,
2026-09-15T0846Z,laliga,37280098,,,,,,
2026-09-15T0846Z,laliga,44068749,,,,,,
2026-09-15T0846Z,laliga,47459928,104449857,28298422,pending,2026-09-14T22:24:10+02:00,2026-09-15T22:24:00+02:00,true
2026-09-15T0846Z,laliga,53456148,,,,,,
2026-09-15T0846Z,laliga,53456149,,,,,,
2026-09-15T0846Z,laliga,64086240,,,,,,
2026-09-15T0846Z,laliga,67102630,,,,,,
2026-09-15T0846Z,laliga,72363848,,,,,,
2026-09-15T0846Z,laliga,73487487,,,,,,
2026-09-15T1324Z,laliga,24338723,,,,,,
2026-09-15T1324Z,laliga,24338726,,,,,,
2026-09-15T1324Z,laliga,24338731,,,,,,
2026-09-15T1324Z,laliga,24338734,104449849,15429681,pending,2026-09-14T22:24:10+02:00,2026-09-15T22:24:00+02:00,true
2026-09-15T1324Z,laliga,30254398,,,,,,
2026-09-15T1324Z,laliga,32308191,,,,,,
2026-09-15T1324Z,laliga,37280098,,,,,,
2026-09-15T1324Z,laliga,44068749,,,,,,
2026-09-15T1324Z,laliga,47459928,104449857,28298422,pending,2026-09-14T22:24:10+02:00,2026-09-15T22:24:00+02:00,true
2026-09-15T1324Z,laliga,53456148,,,,,,
2026-09-15T1324Z,laliga,53456149,,,,,,
2026-09-15T1324Z,laliga,64086240,,,,,,
2026-09-15T1324Z,laliga,67102630,,,,,,
2026-09-15T1324Z,laliga,72363848,,,,,,
2026-09-15T1324Z,laliga,73487487,,,,,,
2026-09-15T2040Z,laliga,24338723,,,,,,
2026-09-15T2040Z,laliga,24338726,,,,,,
2026-09-15T2040Z,laliga,24338731,,,,,,
2026-09-15T2040Z,laliga,24338734,,,,,,
2026-09-15T2040Z,laliga,30254398,,,,,,
2026-09-15T2040Z,laliga,32308191,,,,,,
2026-09-15T2040Z,laliga,37280098,,,,,,
2026-09-15T2040Z,laliga,44068749,,,,,,
2026-09-15T2040Z,laliga,47459928,,,,,,
2026-09-15T2040Z,laliga,53456148,,,,,,
2026-09-15T2040Z,laliga,53456149,,,,,,
2026-09-15T2040Z,laliga,64086240,,,,,,
2026-09-15T2040Z,laliga,67102630,,,,,,
2026-09-15T2040Z,laliga,72363848,,,,,,
2026-09-15T2040Z,laliga,73487487,,,,,,
2026-09-16T0450Z,laliga,24338723,,,,,,
2026-09-16T0450Z,laliga,24338726,,,,,,
2026-09-16T0450Z,laliga,24338731,,,,,,
2026-09-16T0450Z,laliga,24338734,,,,,,
2026-09-16T0450Z,laliga,30254398,,,,,,
2026-09-16T0450Z,laliga,32308191,,,,,,
2026-09-16T0450Z,laliga,37280098,,,,,,
2026-09-16T0450Z,laliga,44068749,,,,,,
2026-09-16T0450Z,laliga,47459928,,,,,,
2026-09-16T0450Z,laliga,53456148,,,,,,
2026-09-16T0450Z,laliga,53456149,,,,,,
2026-09-16T0450Z,laliga,64086240,,,,,,
2026-09-16T0450Z,laliga,67102630,,,,,,
2026-09-16T0450Z,laliga,72363848,,,,,,
2026-09-16T0450Z,laliga,73487487,,,,,,
2026-09-16T0801Z,laliga,24338723,,,,,,
2026-09-16T0801Z,laliga,24338726,,,,,,
2026-09-16T0801Z,laliga,24338731,,,,,,
2026-09-16T0801Z,laliga,24338734,,,,,,
2026-09-16T0801Z,laliga,30254398,,,,,,
2026-09-16T0801Z,laliga,32308191,,,,,,
2026-09-16T0801Z,laliga,37280098,,,,,,
2026-09-16T0801Z,laliga,44068749,,,,,,
2026-09-16T0801Z,laliga,47459928,,,,,,
2026-09-16T0801Z,laliga,53456148,,,,,,
2026-09-16T0801Z,laliga,53456149,,,,,,
2026-09-16T0801Z,laliga,64086240,,,,,,
2026-09-16T0801Z,laliga,67102630,,,,,,
2026-09-16T0801Z,laliga,72363848,,,,,,
2026-09-16T0801Z,laliga,73487487,,,,,,
2026-09-16T2115Z,laliga,24338723,,,,,,
2026-09-16T2115Z,laliga,24338726,,,,,,
2026-09-16T2115Z,laliga,24338731,,,,,,
2026-09-16T2115Z,laliga,24338734,,,,,,
2026-09-16T2115Z,laliga,30254398,,,,,,
2026-09-16T2115Z,laliga,32308191,,,,,,
2026-09-16T2115Z,laliga,37280098,,,,,,
2026-09-16T2115Z,laliga,44068749,,,,,,
2026-09-16T2115Z,laliga,47459928,,,,,,
2026-09-16T2115Z,laliga,53456148,,,,,,
2026-09-16T2115Z,laliga,53456149,110057869,1029121,pending,2026-09-16T22:26:57+02:00,2026-09-17T22:24:00+02:00,true
2026-09-16T2115Z,laliga,64086240,,,,,,
2026-09-16T2115Z,laliga,67102630,110057879,7395957,pending,2026-09-16T22:26:57+02:00,2026-09-17T22:24:00+02:00,true
2026-09-16T2115Z,laliga,72363848,,,,,,
2026-09-16T2115Z,laliga,73487487,,,,,,
2026-09-16T2115Z,laliga,78866074,,,,,,
2026-09-17T0607Z,laliga,24338723,,,,,,
2026-09-17T0607Z,laliga,24338726,,,,,,
2026-09-17T0607Z,laliga,24338731,,,,,,
2026-09-17T0607Z,laliga,24338734,,,,,,
2026-09-17T0607Z,laliga,30254398,,,,,,
2026-09-17T0607Z,laliga,32308191,,,,,,
2026-09-17T0607Z,laliga,37280098,,,,,,
2026-09-17T0607Z,laliga,44068749,,,,,,
2026-09-17T0607Z,laliga,47459928,,,,,,
2026-09-17T0607Z,laliga,53456148,,,,,,
2026-09-17T0607Z,laliga,53456149,110057869,1029121,pending,2026-09-16T22:26:57+02:00,2026-09-17T22:24:00+02:00,true
2026-09-17T0607Z,laliga,64086240,,,,,,
2026-09-17T0607Z,laliga,67102630,110057879,7395957,pending,2026-09-16T22:26:57+02:00,2026-09-17T22:24:00+02:00,true
2026-09-17T0607Z,laliga,72363848,,,,,,
2026-09-17T0607Z,laliga,73487487,,,,,,
2026-09-17T0607Z,laliga,78866074,,,,,,
2026-09-17T0617Z,laliga,24338723,,,,,,
2026-09-17T0617Z,laliga,24338726,,,,,,
2026-09-17T0617Z,laliga,24338731,,,,,,
2026-09-17T0617Z,laliga,24338734,,,,,,
2026-09-17T0617Z,laliga,30254398,,,,,,
2026-09-17T0617Z,laliga,32308191,,,,,,
2026-09-17T0617Z,laliga,37280098,,,,,,
2026-09-17T0617Z,laliga,44068749,,,,,,
2026-09-17T0617Z,laliga,47459928,,,,,,
2026-09-17T0617Z,laliga,53456148,,,,,,
2026-09-17T0617Z,laliga,53456149,110057869,1029121,pending,2026-09-16T22:26:57+02:00,2026-09-17T22:24:00+02:00,true
2026-09-17T0617Z,laliga,64086240,,,,,,
2026-09-17T0617Z,laliga,67102630,110057879,7395957,pending,2026-09-16T22:26:57+02:00,2026-09-17T22:24:00+02:00,true
2026-09-17T0617Z,laliga,72363848,,,,,,
2026-09-17T0617Z,laliga,73487487,,,,,,
2026-09-17T0617Z,laliga,78866074,,,,,,
2026-09-17T0801Z,laliga,24338723,,,,,,
2026-09-17T0801Z,laliga,24338726,,,,,,
2026-09-17T0801Z,laliga,24338731,,,,,,
2026-09-17T0801Z,laliga,24338734,,,,,,
2026-09-17T0801Z,laliga,30254398,,,,,,
2026-09-17T0801Z,laliga,32308191,,,,,,
2026-09-17T0801Z,laliga,37280098,,,,,,
2026-09-17T0801Z,laliga,44068749,,,,,,
2026-09-17T0801Z,laliga,47459928,,,,,,
2026-09-17T0801Z,laliga,53456148,,,,,,
2026-09-17T0801Z,laliga,53456149,110057869,1029121,pending,2026-09-16T22:26:57+02:00,2026-09-17T22:24:00+02:00,true
2026-09-17T0801Z,laliga,64086240,,,,,,
2026-09-17T0801Z,laliga,67102630,110057879,7395957,pending,2026-09-16T22:26:57+02:00,2026-09-17T22:24:00+02:00,true
2026-09-17T0801Z,laliga,72363848,,,,,,
2026-09-17T0801Z,laliga,73487487,,,,,,
2026-09-17T0801Z,laliga,78866074,,,,,,
2026-09-17T1929Z,laliga,24338723,,,,,,
2026-09-17T1929Z,laliga,24338726,,,,,,
2026-09-17T1929Z,laliga,24338731,,,,,,
2026-09-17T1929Z,laliga,24338734,,,,,,
2026-09-17T1929Z,laliga,30254398,,,,,,
2026-09-17T1929Z,laliga,32308191,,,,,,
2026-09-17T1929Z,laliga,37280098,,,,,,
2026-09-17T1929Z,laliga,44068749,,,,,,
2026-09-17T1929Z,laliga,47459928,,,,,,
2026-09-17T1929Z,laliga,53456148,,,,,,
2026-09-17T1929Z,laliga,53456149,110057869,1029121,pending,2026-09-16T22:26:57+02:00,2026-09-17T22:24:00+02:00,true
2026-09-17T1929Z,laliga,64086240,,,,,,
2026-09-17T1929Z,laliga,67102630,110057879,7395957,pending,2026-09-16T22:26:57+02:00,2026-09-17T22:24:00+02:00,true
2026-09-17T1929Z,laliga,72363848,,,,,,
2026-09-17T1929Z,laliga,73487487,,,,,,
2026-09-17T1929Z,laliga,78866074,,,,,,
2026-09-17T1932Z,laliga,24338723,,,,,,
2026-09-17T1932Z,laliga,24338726,,,,,,
2026-09-17T1932Z,laliga,24338731,,,,,,
2026-09-17T1932Z,laliga,24338734,,,,,,
2026-09-17T1932Z,laliga,30254398,,,,,,
2026-09-17T1932Z,laliga,32308191,,,,,,
2026-09-17T1932Z,laliga,37280098,,,,,,
2026-09-17T1932Z,laliga,44068749,,,,,,
2026-09-17T1932Z,laliga,47459928,,,,,,
2026-09-17T1932Z,laliga,53456148,,,,,,
2026-09-17T1932Z,laliga,53456149,110057869,1029121,pending,2026-09-16T22:26:57+02:00,2026-09-17T22:24:00+02:00,true
2026-09-17T1932Z,laliga,64086240,,,,,,
2026-09-17T1932Z,laliga,67102630,110057879,7395957,pending,2026-09-16T22:26:57+02:00,2026-09-17T22:24:00+02:00,true
2026-09-17T1932Z,laliga,72363848,,,,,,
2026-09-17T1932Z,laliga,73487487,,,,,,
2026-09-17T1932Z,laliga,78866074,,,,,,
2026-09-17T2040Z,laliga,24338723,,,,,,
2026-09-17T2040Z,laliga,24338726,,,,,,
2026-09-17T2040Z,laliga,24338731,,,,,,
2026-09-17T2040Z,laliga,24338734,,,,,,
2026-09-17T2040Z,laliga,30254398,,,,,,
2026-09-17T2040Z,laliga,32308191,,,,,,
2026-09-17T2040Z,laliga,37280098,,,,,,
2026-09-17T2040Z,laliga,44068749,,,,,,
2026-09-17T2040Z,laliga,47459928,,,,,,
2026-09-17T2040Z,laliga,53456148,,,,,,
2026-09-17T2040Z,laliga,53456149,112824847,1041558,pending,2026-09-17T22:24:12+02:00,2026-09-18T22:24:00+02:00,true
2026-09-17T2040Z,laliga,64086240,,,,,,
2026-09-17T2040Z,laliga,67102630,112824849,7016144,pending,2026-09-17T22:24:12+02:00,2026-09-18T22:24:00+02:00,true
2026-09-17T2040Z,laliga,72363848,,,,,,
2026-09-17T2040Z,laliga,73487487,,,,,,
2026-09-17T2040Z,laliga,78866074,,,,,,
2026-09-17T2128Z,laliga,24338723,,,,,,
2026-09-17T2128Z,laliga,24338726,,,,,,
2026-09-17T2128Z,laliga,24338731,,,,,,
2026-09-17T2128Z,laliga,24338734,,,,,,
2026-09-17T2128Z,laliga,30254398,,,,,,
2026-09-17T2128Z,laliga,32308191,,,,,,
2026-09-17T2128Z,laliga,37280098,,,,,,
2026-09-17T2128Z,laliga,44068749,,,,,,
2026-09-17T2128Z,laliga,47459928,,,,,,
2026-09-17T2128Z,laliga,53456148,,,,,,
2026-09-17T2128Z,laliga,53456149,112824847,1041558,pending,2026-09-17T22:24:12+02:00,2026-09-18T22:24:00+02:00,true
2026-09-17T2128Z,laliga,64086240,,,,,,
2026-09-17T2128Z,laliga,67102630,112824849,7016144,pending,2026-09-17T22:24:12+02:00,2026-09-18T22:24:00+02:00,true
2026-09-17T2128Z,laliga,72363848,,,,,,
2026-09-17T2128Z,laliga,73487487,,,,,,
2026-09-17T2128Z,laliga,78866074,,,,,,
2026-09-17T2134Z,laliga,24338723,,,,,,
2026-09-17T2134Z,laliga,24338726,,,,,,
2026-09-17T2134Z,laliga,24338731,,,,,,
2026-09-17T2134Z,laliga,24338734,,,,,,
2026-09-17T2134Z,laliga,30254398,,,,,,
2026-09-17T2134Z,laliga,32308191,,,,,,
2026-09-17T2134Z,laliga,37280098,,,,,,
2026-09-17T2134Z,laliga,44068749,,,,,,
2026-09-17T2134Z,laliga,47459928,,,,,,
2026-09-17T2134Z,laliga,53456148,,,,,,
2026-09-17T2134Z,laliga,53456149,112824847,1041558,pending,2026-09-17T22:24:12+02:00,2026-09-18T22:24:00+02:00,true
2026-09-17T2134Z,laliga,64086240,,,,,,
2026-09-17T2134Z,laliga,67102630,112824849,7016144,pending,2026-09-17T22:24:12+02:00,2026-09-18T22:24:00+02:00,true
2026-09-17T2134Z,laliga,72363848,,,,,,
2026-09-17T2134Z,laliga,73487487,,,,,,
2026-09-17T2134Z,laliga,78866074,,,,,,
2026-09-18T0651Z,laliga,24338723,,,,,,
2026-09-18T0651Z,laliga,24338726,,,,,,
2026-09-18T0651Z,laliga,24338731,,,,,,
2026-09-18T0651Z,laliga,24338734,,,,,,
2026-09-18T0651Z,laliga,30254398,,,,,,
2026-09-18T0651Z,laliga,32308191,,,,,,
2026-09-18T0651Z,laliga,37280098,,,,,,
2026-09-18T0651Z,laliga,44068749,,,,,,
2026-09-18T0651Z,laliga,47459928,,,,,,
2026-09-18T0651Z,laliga,53456148,,,,,,
2026-09-18T0651Z,laliga,53456149,112824847,1041558,pending,2026-09-17T22:24:12+02:00,2026-09-18T22:24:00+02:00,true
2026-09-18T0651Z,laliga,64086240,,,,,,
2026-09-18T0651Z,laliga,67102630,112824849,7016144,pending,2026-09-17T22:24:12+02:00,2026-09-18T22:24:00+02:00,true
2026-09-18T0651Z,laliga,72363848,,,,,,
2026-09-18T0651Z,laliga,73487487,,,,,,
2026-09-18T0651Z,laliga,78866074,,,,,,
2026-09-18T0801Z,laliga,24338723,,,,,,
2026-09-18T0801Z,laliga,24338726,,,,,,
2026-09-18T0801Z,laliga,24338731,,,,,,
2026-09-18T0801Z,laliga,24338734,,,,,,
2026-09-18T0801Z,laliga,30254398,,,,,,
2026-09-18T0801Z,laliga,32308191,,,,,,
2026-09-18T0801Z,laliga,37280098,,,,,,
2026-09-18T0801Z,laliga,44068749,,,,,,
2026-09-18T0801Z,laliga,47459928,,,,,,
2026-09-18T0801Z,laliga,53456148,,,,,,
2026-09-18T0801Z,laliga,53456149,112824847,1041558,pending,2026-09-17T22:24:12+02:00,2026-09-18T22:24:00+02:00,true
2026-09-18T0801Z,laliga,64086240,,,,,,
2026-09-18T0801Z,laliga,67102630,112824849,7016144,pending,2026-09-17T22:24:12+02:00,2026-09-18T22:24:00+02:00,true
2026-09-18T0801Z,laliga,72363848,,,,,,
2026-09-18T0801Z,laliga,73487487,,,,,,
2026-09-18T0801Z,laliga,78866074,,,,,,
2026-09-18T0820Z,laliga,24338723,,,,,,
2026-09-18T0820Z,laliga,24338726,,,,,,
2026-09-18T0820Z,laliga,24338731,,,,,,
2026-09-18T0820Z,laliga,24338734,,,,,,
2026-09-18T0820Z,laliga,30254398,,,,,,
2026-09-18T0820Z,laliga,32308191,,,,,,
2026-09-18T0820Z,laliga,37280098,,,,,,
2026-09-18T0820Z,laliga,44068749,,,,,,
2026-09-18T0820Z,laliga,47459928,,,,,,
2026-09-18T0820Z,laliga,53456148,,,,,,
2026-09-18T0820Z,laliga,53456149,112824847,1041558,pending,2026-09-17T22:24:12+02:00,2026-09-18T22:24:00+02:00,true
2026-09-18T0820Z,laliga,64086240,,,,,,
2026-09-18T0820Z,laliga,67102630,112824849,7016144,pending,2026-09-17T22:24:12+02:00,2026-09-18T22:24:00+02:00,true
2026-09-18T0820Z,laliga,72363848,,,,,,
2026-09-18T0820Z,laliga,73487487,,,,,,
2026-09-18T0820Z,laliga,78866074,,,,,,
2026-09-18T1637Z,laliga,24338723,,,,,,
2026-09-18T1637Z,laliga,24338726,,,,,,
2026-09-18T1637Z,laliga,24338731,,,,,,
2026-09-18T1637Z,laliga,24338734,,,,,,
2026-09-18T1637Z,laliga,30254398,,,,,,
2026-09-18T1637Z,laliga,32308191,,,,,,
2026-09-18T1637Z,laliga,37280098,,,,,,
2026-09-18T1637Z,laliga,44068749,,,,,,
2026-09-18T1637Z,laliga,47459928,,,,,,
2026-09-18T1637Z,laliga,53456148,,,,,,
2026-09-18T1637Z,laliga,53456149,112824847,1041558,pending,2026-09-17T22:24:12+02:00,2026-09-18T22:24:00+02:00,true
2026-09-18T1637Z,laliga,64086240,,,,,,
2026-09-18T1637Z,laliga,67102630,112824849,7016144,pending,2026-09-17T22:24:12+02:00,2026-09-18T22:24:00+02:00,true
2026-09-18T1637Z,laliga,72363848,,,,,,
2026-09-18T1637Z,laliga,73487487,,,,,,
2026-09-18T1637Z,laliga,78866074,,,,,,
2026-09-18T1827Z,laliga,24338723,,,,,,
2026-09-18T1827Z,laliga,24338726,,,,,,
2026-09-18T1827Z,laliga,24338731,,,,,,
2026-09-18T1827Z,laliga,24338734,,,,,,
2026-09-18T1827Z,laliga,30254398,,,,,,
2026-09-18T1827Z,laliga,32308191,,,,,,
2026-09-18T1827Z,laliga,37280098,,,,,,
2026-09-18T1827Z,laliga,44068749,,,,,,
2026-09-18T1827Z,laliga,47459928,,,,,,
2026-09-18T1827Z,laliga,53456148,,,,,,
2026-09-18T1827Z,laliga,53456149,112824847,1041558,pending,2026-09-17T22:24:12+02:00,2026-09-18T22:24:00+02:00,true
2026-09-18T1827Z,laliga,64086240,,,,,,
2026-09-18T1827Z,laliga,67102630,112824849,7016144,pending,2026-09-17T22:24:12+02:00,2026-09-18T22:24:00+02:00,true
2026-09-18T1827Z,laliga,72363848,,,,,,
2026-09-18T1827Z,laliga,73487487,,,,,,
2026-09-18T1827Z,laliga,78866074,,,,,,
2026-09-18T1840Z,laliga,24338723,,,,,,
2026-09-18T1840Z,laliga,24338726,,,,,,
2026-09-18T1840Z,laliga,24338731,,,,,,
2026-09-18T1840Z,laliga,24338734,,,,,,
2026-09-18T1840Z,laliga,30254398,,,,,,
2026-09-18T1840Z,laliga,32308191,,,,,,
2026-09-18T1840Z,laliga,37280098,,,,,,
2026-09-18T1840Z,laliga,44068749,,,,,,
2026-09-18T1840Z,laliga,47459928,,,,,,
2026-09-18T1840Z,laliga,53456148,,,,,,
2026-09-18T1840Z,laliga,53456149,112824847,1041558,pending,2026-09-17T22:24:12+02:00,2026-09-18T22:24:00+02:00,true
2026-09-18T1840Z,laliga,64086240,,,,,,
2026-09-18T1840Z,laliga,67102630,112824849,7016144,pending,2026-09-17T22:24:12+02:00,2026-09-18T22:24:00+02:00,true
2026-09-18T1840Z,laliga,72363848,,,,,,
2026-09-18T1840Z,laliga,73487487,,,,,,
2026-09-18T1840Z,laliga,78866074,,,,,,
2026-09-18T1850Z,laliga,24338723,,,,,,
2026-09-18T1850Z,laliga,24338726,,,,,,
2026-09-18T1850Z,laliga,24338731,,,,,,
2026-09-18T1850Z,laliga,24338734,,,,,,
2026-09-18T1850Z,laliga,30254398,,,,,,
2026-09-18T1850Z,laliga,32308191,,,,,,
2026-09-18T1850Z,laliga,37280098,,,,,,
2026-09-18T1850Z,laliga,44068749,,,,,,
2026-09-18T1850Z,laliga,47459928,,,,,,
2026-09-18T1850Z,laliga,53456148,,,,,,
2026-09-18T1850Z,laliga,53456149,112824847,1041558,pending,2026-09-17T22:24:12+02:00,2026-09-18T22:24:00+02:00,true
2026-09-18T1850Z,laliga,64086240,,,,,,
2026-09-18T1850Z,laliga,67102630,112824849,7016144,pending,2026-09-17T22:24:12+02:00,2026-09-18T22:24:00+02:00,true
2026-09-18T1850Z,laliga,72363848,,,,,,
2026-09-18T1850Z,laliga,73487487,,,,,,
2026-09-18T1850Z,laliga,78866074,,,,,,
2026-09-18T1918Z,laliga,24338723,,,,,,
2026-09-18T1918Z,laliga,24338726,,,,,,
2026-09-18T1918Z,laliga,24338731,,,,,,
2026-09-18T1918Z,laliga,24338734,,,,,,
2026-09-18T1918Z,laliga,30254398,,,,,,
2026-09-18T1918Z,laliga,32308191,,,,,,
2026-09-18T1918Z,laliga,37280098,,,,,,
2026-09-18T1918Z,laliga,44068749,,,,,,
2026-09-18T1918Z,laliga,47459928,,,,,,
2026-09-18T1918Z,laliga,53456148,,,,,,
2026-09-18T1918Z,laliga,53456149,112824847,1041558,pending,2026-09-17T22:24:12+02:00,2026-09-18T22:24:00+02:00,true
2026-09-18T1918Z,laliga,64086240,,,,,,
2026-09-18T1918Z,laliga,67102630,112824849,7016144,pending,2026-09-17T22:24:12+02:00,2026-09-18T22:24:00+02:00,true
2026-09-18T1918Z,laliga,72363848,,,,,,
2026-09-18T1918Z,laliga,73487487,,,,,,
2026-09-18T1918Z,laliga,78866074,,,,,,
2026-09-18T1929Z,laliga,24338723,,,,,,
2026-09-18T1929Z,laliga,24338726,,,,,,
2026-09-18T1929Z,laliga,24338731,,,,,,
2026-09-18T1929Z,laliga,24338734,,,,,,
2026-09-18T1929Z,laliga,30254398,,,,,,
2026-09-18T1929Z,laliga,32308191,,,,,,
2026-09-18T1929Z,laliga,37280098,,,,,,
2026-09-18T1929Z,laliga,44068749,,,,,,
2026-09-18T1929Z,laliga,47459928,,,,,,
2026-09-18T1929Z,laliga,53456148,,,,,,
2026-09-18T1929Z,laliga,53456149,112824847,1041558,pending,2026-09-17T22:24:12+02:00,2026-09-18T22:24:00+02:00,true
2026-09-18T1929Z,laliga,64086240,,,,,,
2026-09-18T1929Z,laliga,67102630,112824849,7016144,pending,2026-09-17T22:24:12+02:00,2026-09-18T22:24:00+02:00,true
2026-09-18T1929Z,laliga,72363848,,,,,,
2026-09-18T1929Z,laliga,73487487,,,,,,
2026-09-18T1929Z,laliga,78866074,,,,,,
2026-09-18T1945Z,laliga,24338723,,,,,,
2026-09-18T1945Z,laliga,24338726,,,,,,
2026-09-18T1945Z,laliga,24338731,,,,,,
2026-09-18T1945Z,laliga,24338734,,,,,,
2026-09-18T1945Z,laliga,30254398,,,,,,
2026-09-18T1945Z,laliga,32308191,,,,,,
2026-09-18T1945Z,laliga,37280098,,,,,,
2026-09-18T1945Z,laliga,44068749,,,,,,
2026-09-18T1945Z,laliga,47459928,,,,,,
2026-09-18T1945Z,laliga,53456148,,,,,,
2026-09-18T1945Z,laliga,53456149,112824847,1041558,pending,2026-09-17T22:24:12+02:00,2026-09-18T22:24:00+02:00,true
2026-09-18T1945Z,laliga,64086240,,,,,,
2026-09-18T1945Z,laliga,67102630,112824849,7016144,pending,2026-09-17T22:24:12+02:00,2026-09-18T22:24:00+02:00,true
2026-09-18T1945Z,laliga,72363848,,,,,,
2026-09-18T1945Z,laliga,73487487,,,,,,
2026-09-18T1945Z,laliga,78866074,,,,,,
2026-09-18T1949Z,laliga,24338723,,,,,,
2026-09-18T1949Z,laliga,24338726,,,,,,
2026-09-18T1949Z,laliga,24338731,,,,,,
2026-09-18T1949Z,laliga,24338734,,,,,,
2026-09-18T1949Z,laliga,30254398,,,,,,
2026-09-18T1949Z,laliga,32308191,,,,,,
2026-09-18T1949Z,laliga,37280098,,,,,,
2026-09-18T1949Z,laliga,44068749,,,,,,
2026-09-18T1949Z,laliga,47459928,,,,,,
2026-09-18T1949Z,laliga,53456148,,,,,,
2026-09-18T1949Z,laliga,53456149,112824847,1041558,pending,2026-09-17T22:24:12+02:00,2026-09-18T22:24:00+02:00,true
2026-09-18T1949Z,laliga,64086240,,,,,,
2026-09-18T1949Z,laliga,67102630,112824849,7016144,pending,2026-09-17T22:24:12+02:00,2026-09-18T22:24:00+02:00,true
2026-09-18T1949Z,laliga,72363848,,,,,,
2026-09-18T1949Z,laliga,73487487,,,,,,
2026-09-18T1949Z,laliga,78866074,,,,,,
2026-09-18T1952Z,laliga,24338723,,,,,,
2026-09-18T1952Z,laliga,24338726,,,,,,
2026-09-18T1952Z,laliga,24338731,,,,,,
2026-09-18T1952Z,laliga,24338734,,,,,,
2026-09-18T1952Z,laliga,30254398,,,,,,
2026-09-18T1952Z,laliga,32308191,,,,,,
2026-09-18T1952Z,laliga,37280098,,,,,,
2026-09-18T1952Z,laliga,44068749,,,,,,
2026-09-18T1952Z,laliga,47459928,,,,,,
2026-09-18T1952Z,laliga,53456148,,,,,,
2026-09-18T1952Z,laliga,53456149,112824847,1041558,pending,2026-09-17T22:24:12+02:00,2026-09-18T22:24:00+02:00,true
2026-09-18T1952Z,laliga,64086240,,,,,,
2026-09-18T1952Z,laliga,67102630,112824849,7016144,pending,2026-09-17T22:24:12+02:00,2026-09-18T22:24:00+02:00,true
2026-09-18T1952Z,laliga,72363848,,,,,,
2026-09-18T1952Z,laliga,73487487,,,,,,
2026-09-18T1952Z,laliga,78866074,,,,,,
2026-09-18T2038Z,laliga,24338723,,,,,,
2026-09-18T2038Z,laliga,24338726,,,,,,
2026-09-18T2038Z,laliga,24338731,115591696,9187618,pending,2026-09-18T22:24:27+02:00,2026-09-19T22:24:00+02:00,true
2026-09-18T2038Z,laliga,24338734,115591698,15591356,pending,2026-09-18T22:24:27+02:00,2026-09-19T22:24:00+02:00,true
2026-09-18T2038Z,laliga,30254398,,,,,,
2026-09-18T2038Z,laliga,32308191,115591701,48069902,pending,2026-09-18T22:24:27+02:00,2026-09-19T22:24:00+02:00,true
2026-09-18T2038Z,laliga,37280098,,,,,,
2026-09-18T2038Z,laliga,44068749,,,,,,
2026-09-18T2038Z,laliga,47459928,,,,,,
2026-09-18T2038Z,laliga,53456148,115591700,1755126,pending,2026-09-18T22:24:27+02:00,2026-09-19T22:24:00+02:00,true
2026-09-18T2038Z,laliga,53456149,115591690,918500,pending,2026-09-18T22:24:27+02:00,2026-09-19T22:24:00+02:00,true
2026-09-18T2038Z,laliga,64086240,,,,,,
2026-09-18T2038Z,laliga,67102630,115591691,7732022,pending,2026-09-18T22:24:27+02:00,2026-09-19T22:24:00+02:00,true
2026-09-18T2038Z,laliga,72363848,,,,,,
2026-09-18T2038Z,laliga,73487487,,,,,,
2026-09-18T2038Z,laliga,78866074,,,,,,
2026-09-18T2056Z,laliga,24338723,,,,,,
2026-09-18T2056Z,laliga,24338726,,,,,,
2026-09-18T2056Z,laliga,24338731,115591696,9187618,pending,2026-09-18T22:24:27+02:00,2026-09-19T22:24:00+02:00,true
2026-09-18T2056Z,laliga,24338734,115591698,15591356,pending,2026-09-18T22:24:27+02:00,2026-09-19T22:24:00+02:00,true
2026-09-18T2056Z,laliga,30254398,,,,,,
2026-09-18T2056Z,laliga,32308191,115591701,48069902,pending,2026-09-18T22:24:27+02:00,2026-09-19T22:24:00+02:00,true
2026-09-18T2056Z,laliga,37280098,,,,,,
2026-09-18T2056Z,laliga,44068749,,,,,,
2026-09-18T2056Z,laliga,47459928,,,,,,
2026-09-18T2056Z,laliga,53456148,115591700,1755126,pending,2026-09-18T22:24:27+02:00,2026-09-19T22:24:00+02:00,true
2026-09-18T2056Z,laliga,53456149,115591690,918500,pending,2026-09-18T22:24:27+02:00,2026-09-19T22:24:00+02:00,true
2026-09-18T2056Z,laliga,64086240,,,,,,
2026-09-18T2056Z,laliga,67102630,115591691,7732022,pending,2026-09-18T22:24:27+02:00,2026-09-19T22:24:00+02:00,true
2026-09-18T2056Z,laliga,72363848,,,,,,
2026-09-18T2056Z,laliga,73487487,,,,,,
2026-09-18T2056Z,laliga,78866074,,,,,,
2026-09-18T2106Z,laliga,24338723,,,,,,
2026-09-18T2106Z,laliga,24338726,,,,,,
2026-09-18T2106Z,laliga,24338731,115591696,9187618,pending,2026-09-18T22:24:27+02:00,2026-09-19T22:24:00+02:00,true
2026-09-18T2106Z,laliga,24338734,115591698,15591356,pending,2026-09-18T22:24:27+02:00,2026-09-19T22:24:00+02:00,true
2026-09-18T2106Z,laliga,30254398,,,,,,
2026-09-18T2106Z,laliga,32308191,115591701,48069902,pending,2026-09-18T22:24:27+02:00,2026-09-19T22:24:00+02:00,true
2026-09-18T2106Z,laliga,37280098,,,,,,
2026-09-18T2106Z,laliga,44068749,,,,,,
2026-09-18T2106Z,laliga,47459928,,,,,,
2026-09-18T2106Z,laliga,53456148,115591700,1755126,pending,2026-09-18T22:24:27+02:00,2026-09-19T22:24:00+02:00,true
2026-09-18T2106Z,laliga,53456149,115591690,918500,pending,2026-09-18T22:24:27+02:00,2026-09-19T22:24:00+02:00,true
2026-09-18T2106Z,laliga,64086240,,,,,,
2026-09-18T2106Z,laliga,67102630,115591691,7732022,pending,2026-09-18T22:24:27+02:00,2026-09-19T22:24:00+02:00,true
2026-09-18T2106Z,laliga,72363848,,,,,,
2026-09-18T2106Z,laliga,73487487,,,,,,
2026-09-18T2106Z,laliga,78866074,,,,,,
2026-09-19T0430Z,laliga,24338723,,,,,,
2026-09-19T0430Z,laliga,24338726,,,,,,
2026-09-19T0430Z,laliga,24338731,115591696,9187618,pending,2026-09-18T22:24:27+02:00,2026-09-19T22:24:00+02:00,true
2026-09-19T0430Z,laliga,24338734,115591698,15591356,pending,2026-09-18T22:24:27+02:00,2026-09-19T22:24:00+02:00,true
2026-09-19T0430Z,laliga,30254398,,,,,,
2026-09-19T0430Z,laliga,32308191,115591701,48069902,pending,2026-09-18T22:24:27+02:00,2026-09-19T22:24:00+02:00,true
2026-09-19T0430Z,laliga,37280098,,,,,,
2026-09-19T0430Z,laliga,44068749,,,,,,
2026-09-19T0430Z,laliga,47459928,,,,,,
2026-09-19T0430Z,laliga,53456148,115591700,1755126,pending,2026-09-18T22:24:27+02:00,2026-09-19T22:24:00+02:00,true
2026-09-19T0430Z,laliga,53456149,115591690,918500,pending,2026-09-18T22:24:27+02:00,2026-09-19T22:24:00+02:00,true
2026-09-19T0430Z,laliga,64086240,,,,,,
2026-09-19T0430Z,laliga,67102630,115591691,7732022,pending,2026-09-18T22:24:27+02:00,2026-09-19T22:24:00+02:00,true
2026-09-19T0430Z,laliga,72363848,,,,,,
2026-09-19T0430Z,laliga,73487487,,,,,,
2026-09-19T0430Z,laliga,78866074,,,,,,
2026-09-19T0559Z,laliga,24338723,,,,,,
2026-09-19T0559Z,laliga,24338726,,,,,,
2026-09-19T0559Z,laliga,24338731,115591696,9187618,pending,2026-09-18T22:24:27+02:00,2026-09-19T22:24:00+02:00,true
2026-09-19T0559Z,laliga,24338734,115591698,15591356,pending,2026-09-18T22:24:27+02:00,2026-09-19T22:24:00+02:00,true
2026-09-19T0559Z,laliga,30254398,,,,,,
2026-09-19T0559Z,laliga,32308191,115591701,48069902,pending,2026-09-18T22:24:27+02:00,2026-09-19T22:24:00+02:00,true
2026-09-19T0559Z,laliga,37280098,,,,,,
2026-09-19T0559Z,laliga,44068749,,,,,,
2026-09-19T0559Z,laliga,47459928,,,,,,
2026-09-19T0559Z,laliga,53456148,115591700,1755126,pending,2026-09-18T22:24:27+02:00,2026-09-19T22:24:00+02:00,true
2026-09-19T0559Z,laliga,53456149,115591690,918500,pending,2026-09-18T22:24:27+02:00,2026-09-19T22:24:00+02:00,true
2026-09-19T0559Z,laliga,64086240,,,,,,
2026-09-19T0559Z,laliga,67102630,115591691,7732022,pending,2026-09-18T22:24:27+02:00,2026-09-19T22:24:00+02:00,true
2026-09-19T0559Z,laliga,72363848,,,,,,
2026-09-19T0559Z,laliga,73487487,,,,,,
2026-09-19T0559Z,laliga,78866074,,,,,,
2026-09-19T0801Z,laliga,24338723,,,,,,
2026-09-19T0801Z,laliga,24338726,,,,,,
2026-09-19T0801Z,laliga,24338731,115591696,9187618,pending,2026-09-18T22:24:27+02:00,2026-09-19T22:24:00+02:00,true
2026-09-19T0801Z,laliga,24338734,115591698,15591356,pending,2026-09-18T22:24:27+02:00,2026-09-19T22:24:00+02:00,true
2026-09-19T0801Z,laliga,30254398,,,,,,
2026-09-19T0801Z,laliga,32308191,115591701,48069902,pending,2026-09-18T22:24:27+02:00,2026-09-19T22:24:00+02:00,true
2026-09-19T0801Z,laliga,37280098,,,,,,
2026-09-19T0801Z,laliga,44068749,,,,,,
2026-09-19T0801Z,laliga,47459928,,,,,,
2026-09-19T0801Z,laliga,53456148,115591700,1755126,pending,2026-09-18T22:24:27+02:00,2026-09-19T22:24:00+02:00,true
2026-09-19T0801Z,laliga,53456149,115591690,918500,pending,2026-09-18T22:24:27+02:00,2026-09-19T22:24:00+02:00,true
2026-09-19T0801Z,laliga,64086240,,,,,,
2026-09-19T0801Z,laliga,67102630,115591691,7732022,pending,2026-09-18T22:24:27+02:00,2026-09-19T22:24:00+02:00,true
2026-09-19T0801Z,laliga,72363848,,,,,,
2026-09-19T0801Z,laliga,73487487,,,,,,
2026-09-19T0801Z,laliga,78866074,,,,,,
2026-09-19T2039Z,laliga,24338723,,,,,,
2026-09-19T2039Z,laliga,24338726,,,,,,
2026-09-19T2039Z,laliga,24338731,118210366,9325984,pending,2026-09-19T22:31:03+02:00,2026-09-20T22:24:00+02:00,true
2026-09-19T2039Z,laliga,24338734,118210389,14927959,pending,2026-09-19T22:31:03+02:00,2026-09-20T22:24:00+02:00,true
2026-09-19T2039Z,laliga,30254398,,,,,,
2026-09-19T2039Z,laliga,32308191,118210410,46243681,pending,2026-09-19T22:31:03+02:00,2026-09-20T22:24:00+02:00,true
2026-09-19T2039Z,laliga,37280098,,,,,,
2026-09-19T2039Z,laliga,44068749,,,,,,
2026-09-19T2039Z,laliga,47459928,,,,,,
2026-09-19T2039Z,laliga,53456148,118210402,1573264,pending,2026-09-19T22:31:03+02:00,2026-09-20T22:24:00+02:00,true
2026-09-19T2039Z,laliga,53456149,,,,,,
2026-09-19T2039Z,laliga,64086240,,,,,,
2026-09-19T2039Z,laliga,67102630,,,,,,
2026-09-19T2039Z,laliga,72363848,,,,,,
2026-09-19T2039Z,laliga,73487487,,,,,,
2026-09-19T2039Z,laliga,78866074,,,,,,
2026-09-19T2201Z,laliga,24338723,,,,,,
2026-09-19T2201Z,laliga,24338726,,,,,,
2026-09-19T2201Z,laliga,24338731,118210366,9325984,pending,2026-09-19T22:31:03+02:00,2026-09-20T22:24:00+02:00,true
2026-09-19T2201Z,laliga,24338734,118210389,14927959,pending,2026-09-19T22:31:03+02:00,2026-09-20T22:24:00+02:00,true
2026-09-19T2201Z,laliga,30254398,,,,,,
2026-09-19T2201Z,laliga,32308191,118210410,46243681,pending,2026-09-19T22:31:03+02:00,2026-09-20T22:24:00+02:00,true
2026-09-19T2201Z,laliga,37280098,,,,,,
2026-09-19T2201Z,laliga,44068749,,,,,,
2026-09-19T2201Z,laliga,47459928,,,,,,
2026-09-19T2201Z,laliga,53456148,118210402,1573264,pending,2026-09-19T22:31:03+02:00,2026-09-20T22:24:00+02:00,true
2026-09-19T2201Z,laliga,53456149,,,,,,
2026-09-19T2201Z,laliga,64086240,,,,,,
2026-09-19T2201Z,laliga,67102630,,,,,,
2026-09-19T2201Z,laliga,72363848,,,,,,
2026-09-19T2201Z,laliga,73487487,,,,,,
2026-09-19T2201Z,laliga,78866074,,,,,,
2026-09-20T0525Z,laliga,24338723,,,,,,
2026-09-20T0525Z,laliga,24338726,,,,,,
2026-09-20T0525Z,laliga,24338731,118210366,9325984,pending,2026-09-19T22:31:03+02:00,2026-09-20T22:24:00+02:00,true
2026-09-20T0525Z,laliga,24338734,118210389,14927959,pending,2026-09-19T22:31:03+02:00,2026-09-20T22:24:00+02:00,true
2026-09-20T0525Z,laliga,30254398,,,,,,
2026-09-20T0525Z,laliga,32308191,118210410,46243681,pending,2026-09-19T22:31:03+02:00,2026-09-20T22:24:00+02:00,true
2026-09-20T0525Z,laliga,37280098,,,,,,
2026-09-20T0525Z,laliga,44068749,,,,,,
2026-09-20T0525Z,laliga,47459928,,,,,,
2026-09-20T0525Z,laliga,53456148,118210402,1573264,pending,2026-09-19T22:31:03+02:00,2026-09-20T22:24:00+02:00,true
2026-09-20T0525Z,laliga,53456149,,,,,,
2026-09-20T0525Z,laliga,64086240,,,,,,
2026-09-20T0525Z,laliga,67102630,,,,,,
2026-09-20T0525Z,laliga,72363848,,,,,,
2026-09-20T0525Z,laliga,73487487,,,,,,
2026-09-20T0525Z,laliga,78866074,,,,,,
2026-09-20T0801Z,laliga,24338723,,,,,,
2026-09-20T0801Z,laliga,24338726,,,,,,
2026-09-20T0801Z,laliga,24338731,118210366,9325984,pending,2026-09-19T22:31:03+02:00,2026-09-20T22:24:00+02:00,true
2026-09-20T0801Z,laliga,24338734,118210389,14927959,pending,2026-09-19T22:31:03+02:00,2026-09-20T22:24:00+02:00,true
2026-09-20T0801Z,laliga,30254398,,,,,,
2026-09-20T0801Z,laliga,32308191,118210410,46243681,pending,2026-09-19T22:31:03+02:00,2026-09-20T22:24:00+02:00,true
2026-09-20T0801Z,laliga,37280098,,,,,,
2026-09-20T0801Z,laliga,44068749,,,,,,
2026-09-20T0801Z,laliga,47459928,,,,,,
2026-09-20T0801Z,laliga,53456148,118210402,1573264,pending,2026-09-19T22:31:03+02:00,2026-09-20T22:24:00+02:00,true
2026-09-20T0801Z,laliga,53456149,,,,,,
2026-09-20T0801Z,laliga,64086240,,,,,,
2026-09-20T0801Z,laliga,67102630,,,,,,
2026-09-20T0801Z,laliga,72363848,,,,,,
2026-09-20T0801Z,laliga,73487487,,,,,,
2026-09-20T0801Z,laliga,78866074,,,,,,
2026-09-20T2038Z,laliga,24338723,,,,,,
2026-09-20T2038Z,laliga,24338726,,,,,,
2026-09-20T2038Z,laliga,24338731,120942085,8813465,pending,2026-09-20T22:24:22+02:00,2026-09-21T22:24:00+02:00,true
2026-09-20T2038Z,laliga,24338734,120942087,16155735,pending,2026-09-20T22:24:22+02:00,2026-09-21T22:24:00+02:00,true
2026-09-20T2038Z,laliga,30254398,,,,,,
2026-09-20T2038Z,laliga,32308191,120942090,43863110,pending,2026-09-20T22:24:22+02:00,2026-09-21T22:24:00+02:00,true
2026-09-20T2038Z,laliga,37280098,,,,,,
2026-09-20T2038Z,laliga,44068749,,,,,,
2026-09-20T2038Z,laliga,47459928,,,,,,
2026-09-20T2038Z,laliga,53456148,120942089,1498484,pending,2026-09-20T22:24:22+02:00,2026-09-21T22:24:00+02:00,true
2026-09-20T2038Z,laliga,53456149,,,,,,
2026-09-20T2038Z,laliga,64086240,,,,,,
2026-09-20T2038Z,laliga,67102630,,,,,,
2026-09-20T2038Z,laliga,72363848,,,,,,
2026-09-20T2038Z,laliga,73487487,,,,,,
2026-09-20T2038Z,laliga,78866074,,,,,,
2026-09-20T2047Z,laliga,24338723,,,,,,
2026-09-20T2047Z,laliga,24338726,,,,,,
2026-09-20T2047Z,laliga,24338731,120942085,8813465,pending,2026-09-20T22:24:22+02:00,2026-09-21T22:24:00+02:00,true
2026-09-20T2047Z,laliga,24338734,120942087,16155735,pending,2026-09-20T22:24:22+02:00,2026-09-21T22:24:00+02:00,true
2026-09-20T2047Z,laliga,30254398,,,,,,
2026-09-20T2047Z,laliga,32308191,120942090,43863110,pending,2026-09-20T22:24:22+02:00,2026-09-21T22:24:00+02:00,true
2026-09-20T2047Z,laliga,37280098,,,,,,
2026-09-20T2047Z,laliga,44068749,,,,,,
2026-09-20T2047Z,laliga,47459928,,,,,,
2026-09-20T2047Z,laliga,53456148,120942089,1498484,pending,2026-09-20T22:24:22+02:00,2026-09-21T22:24:00+02:00,true
2026-09-20T2047Z,laliga,53456149,,,,,,
2026-09-20T2047Z,laliga,64086240,,,,,,
2026-09-20T2047Z,laliga,67102630,,,,,,
2026-09-20T2047Z,laliga,72363848,,,,,,
2026-09-20T2047Z,laliga,73487487,,,,,,
2026-09-20T2047Z,laliga,78866074,,,,,,
2026-09-21T0544Z,laliga,24338723,,,,,,
2026-09-21T0544Z,laliga,24338726,,,,,,
2026-09-21T0544Z,laliga,24338731,120942085,8813465,pending,2026-09-20T22:24:22+02:00,2026-09-21T22:24:00+02:00,true
2026-09-21T0544Z,laliga,24338734,120942087,16155735,pending,2026-09-20T22:24:22+02:00,2026-09-21T22:24:00+02:00,true
2026-09-21T0544Z,laliga,30254398,,,,,,
2026-09-21T0544Z,laliga,32308191,120942090,43863110,pending,2026-09-20T22:24:22+02:00,2026-09-21T22:24:00+02:00,true
2026-09-21T0544Z,laliga,37280098,,,,,,
2026-09-21T0544Z,laliga,44068749,,,,,,
2026-09-21T0544Z,laliga,47459928,,,,,,
2026-09-21T0544Z,laliga,53456148,120942089,1498484,pending,2026-09-20T22:24:22+02:00,2026-09-21T22:24:00+02:00,true
2026-09-21T0544Z,laliga,53456149,,,,,,
2026-09-21T0544Z,laliga,64086240,,,,,,
2026-09-21T0544Z,laliga,67102630,,,,,,
2026-09-21T0544Z,laliga,72363848,,,,,,
2026-09-21T0544Z,laliga,73487487,,,,,,
2026-09-21T0544Z,laliga,78866074,,,,,,
2026-09-23T1547Z,laliga,24338723,126484425,32275383,pending,2026-09-22T22:24:18+02:00,2026-09-23T22:24:00+02:00,true
2026-09-23T1547Z,laliga,24338726,126484420,11978605,pending,2026-09-22T22:24:18+02:00,2026-09-23T22:24:00+02:00,true
2026-09-23T1547Z,laliga,24338731,,,,,,
2026-09-23T1547Z,laliga,24338734,,,,,,
2026-09-23T1547Z,laliga,30254398,126484423,13498175,pending,2026-09-22T22:24:18+02:00,2026-09-23T22:24:00+02:00,true
2026-09-23T1547Z,laliga,32308191,,,,,,
2026-09-23T1547Z,laliga,37280098,126484408,28237250,pending,2026-09-22T22:24:18+02:00,2026-09-23T22:24:00+02:00,true
2026-09-23T1547Z,laliga,44068749,126484422,15067445,pending,2026-09-22T22:24:18+02:00,2026-09-23T22:24:00+02:00,true
2026-09-23T1547Z,laliga,47459928,126484417,35049540,pending,2026-09-22T22:24:18+02:00,2026-09-23T22:24:00+02:00,true
2026-09-23T1547Z,laliga,53456148,,,,,,
2026-09-23T1547Z,laliga,53456149,126484427,871700,pending,2026-09-22T22:24:18+02:00,2026-09-23T22:24:00+02:00,true
2026-09-23T1547Z,laliga,64086240,126484405,30666556,pending,2026-09-22T22:24:18+02:00,2026-09-23T22:24:00+02:00,true
2026-09-23T1547Z,laliga,67102630,126484419,7391613,pending,2026-09-22T22:24:18+02:00,2026-09-23T22:24:00+02:00,true
2026-09-23T1547Z,laliga,72363848,126484415,8335730,pending,2026-09-22T22:24:18+02:00,2026-09-23T22:24:00+02:00,true
2026-09-23T1547Z,laliga,73487487,126484410,28141956,pending,2026-09-22T22:24:18+02:00,2026-09-23T22:24:00+02:00,true
2026-09-23T1547Z,laliga,78866074,126484412,17355450,pending,2026-09-22T22:24:18+02:00,2026-09-23T22:24:00+02:00,true
2026-09-23T1547Z,laliga,86631784,,,,,,
2026-09-23T1553Z,laliga,24338723,126484425,32275383,pending,2026-09-22T22:24:18+02:00,2026-09-23T22:24:00+02:00,true
2026-09-23T1553Z,laliga,24338726,126484420,11978605,pending,2026-09-22T22:24:18+02:00,2026-09-23T22:24:00+02:00,true
2026-09-23T1553Z,laliga,24338731,,,,,,
2026-09-23T1553Z,laliga,24338734,,,,,,
2026-09-23T1553Z,laliga,30254398,126484423,13498175,pending,2026-09-22T22:24:18+02:00,2026-09-23T22:24:00+02:00,true
2026-09-23T1553Z,laliga,32308191,,,,,,
2026-09-23T1553Z,laliga,37280098,126484408,28237250,pending,2026-09-22T22:24:18+02:00,2026-09-23T22:24:00+02:00,true
2026-09-23T1553Z,laliga,44068749,126484422,15067445,pending,2026-09-22T22:24:18+02:00,2026-09-23T22:24:00+02:00,true
2026-09-23T1553Z,laliga,47459928,126484417,35049540,pending,2026-09-22T22:24:18+02:00,2026-09-23T22:24:00+02:00,true
2026-09-23T1553Z,laliga,53456148,,,,,,
2026-09-23T1553Z,laliga,53456149,126484427,871700,pending,2026-09-22T22:24:18+02:00,2026-09-23T22:24:00+02:00,true
2026-09-23T1553Z,laliga,64086240,126484405,30666556,pending,2026-09-22T22:24:18+02:00,2026-09-23T22:24:00+02:00,true
2026-09-23T1553Z,laliga,67102630,126484419,7391613,pending,2026-09-22T22:24:18+02:00,2026-09-23T22:24:00+02:00,true
2026-09-23T1553Z,laliga,72363848,126484415,8335730,pending,2026-09-22T22:24:18+02:00,2026-09-23T22:24:00+02:00,true
2026-09-23T1553Z,laliga,73487487,126484410,28141956,pending,2026-09-22T22:24:18+02:00,2026-09-23T22:24:00+02:00,true
2026-09-23T1553Z,laliga,78866074,126484412,17355450,pending,2026-09-22T22:24:18+02:00,2026-09-23T22:24:00+02:00,true
2026-09-23T1553Z,laliga,86631784,,,,,,
2026-09-23T2038Z,laliga,24338723,128877378,30658657,pending,2026-09-23T22:24:36+02:00,2026-09-24T22:24:00+02:00,true
2026-09-23T2038Z,laliga,24338726,128877375,11087502,pending,2026-09-23T22:24:36+02:00,2026-09-24T22:24:00+02:00,true
2026-09-23T2038Z,laliga,24338731,,,,,,
2026-09-23T2038Z,laliga,24338734,,,,,,
2026-09-23T2038Z,laliga,30254398,128877377,11785081,pending,2026-09-23T22:24:36+02:00,2026-09-24T22:24:00+02:00,true
2026-09-23T2038Z,laliga,32308191,,,,,,
2026-09-23T2038Z,laliga,37280098,128877369,31397001,pending,2026-09-23T22:24:36+02:00,2026-09-24T22:24:00+02:00,true
2026-09-23T2038Z,laliga,44068749,128877376,15350760,pending,2026-09-23T22:24:36+02:00,2026-09-24T22:24:00+02:00,true
2026-09-23T2038Z,laliga,47459928,128877373,38054189,pending,2026-09-23T22:24:36+02:00,2026-09-24T22:24:00+02:00,true
2026-09-23T2038Z,laliga,53456148,,,,,,
2026-09-23T2038Z,laliga,53456149,128877379,959027,pending,2026-09-23T22:24:36+02:00,2026-09-24T22:24:00+02:00,true
2026-09-23T2038Z,laliga,64086240,128877368,28861110,pending,2026-09-23T22:24:36+02:00,2026-09-24T22:24:00+02:00,true
2026-09-23T2038Z,laliga,67102630,128877374,6247379,pending,2026-09-23T22:24:36+02:00,2026-09-24T22:24:00+02:00,true
2026-09-23T2038Z,laliga,72363848,128877372,7851399,pending,2026-09-23T22:24:36+02:00,2026-09-24T22:24:00+02:00,true
2026-09-23T2038Z,laliga,73487487,128877370,29424630,pending,2026-09-23T22:24:36+02:00,2026-09-24T22:24:00+02:00,true
2026-09-23T2038Z,laliga,78866074,128877371,20084869,pending,2026-09-23T22:24:36+02:00,2026-09-24T22:24:00+02:00,true
2026-09-23T2038Z,laliga,86631784,,,,,,
2026-09-23T2155Z,laliga,24338723,128877378,30658657,pending,2026-09-23T22:24:36+02:00,2026-09-24T22:24:00+02:00,true
2026-09-23T2155Z,laliga,24338726,128877375,11087502,pending,2026-09-23T22:24:36+02:00,2026-09-24T22:24:00+02:00,true
2026-09-23T2155Z,laliga,24338731,,,,,,
2026-09-23T2155Z,laliga,24338734,,,,,,
2026-09-23T2155Z,laliga,30254398,128877377,11785081,pending,2026-09-23T22:24:36+02:00,2026-09-24T22:24:00+02:00,true
2026-09-23T2155Z,laliga,32308191,,,,,,
2026-09-23T2155Z,laliga,37280098,128877369,31397001,pending,2026-09-23T22:24:36+02:00,2026-09-24T22:24:00+02:00,true
2026-09-23T2155Z,laliga,44068749,128877376,15350760,pending,2026-09-23T22:24:36+02:00,2026-09-24T22:24:00+02:00,true
2026-09-23T2155Z,laliga,47459928,128877373,38054189,pending,2026-09-23T22:24:36+02:00,2026-09-24T22:24:00+02:00,true
2026-09-23T2155Z,laliga,53456148,,,,,,
2026-09-23T2155Z,laliga,53456149,128877379,959027,pending,2026-09-23T22:24:36+02:00,2026-09-24T22:24:00+02:00,true
2026-09-23T2155Z,laliga,64086240,128877368,28861110,pending,2026-09-23T22:24:36+02:00,2026-09-24T22:24:00+02:00,true
2026-09-23T2155Z,laliga,67102630,128877374,6247379,pending,2026-09-23T22:24:36+02:00,2026-09-24T22:24:00+02:00,true
2026-09-23T2155Z,laliga,72363848,128877372,7851399,pending,2026-09-23T22:24:36+02:00,2026-09-24T22:24:00+02:00,true
2026-09-23T2155Z,laliga,73487487,128877370,29424630,pending,2026-09-23T22:24:36+02:00,2026-09-24T22:24:00+02:00,true
2026-09-23T2155Z,laliga,78866074,128877371,20084869,pending,2026-09-23T22:24:36+02:00,2026-09-24T22:24:00+02:00,true
2026-09-23T2155Z,laliga,86631784,,,,,,
2026-09-24T0307Z,laliga,24338723,128877378,30658657,pending,2026-09-23T22:24:36+02:00,2026-09-24T22:24:00+02:00,true
2026-09-24T0307Z,laliga,24338726,128877375,11087502,pending,2026-09-23T22:24:36+02:00,2026-09-24T22:24:00+02:00,true
2026-09-24T0307Z,laliga,24338731,,,,,,
2026-09-24T0307Z,laliga,24338734,,,,,,
2026-09-24T0307Z,laliga,30254398,128877377,11785081,pending,2026-09-23T22:24:36+02:00,2026-09-24T22:24:00+02:00,true
2026-09-24T0307Z,laliga,32308191,,,,,,
2026-09-24T0307Z,laliga,37280098,128877369,31397001,pending,2026-09-23T22:24:36+02:00,2026-09-24T22:24:00+02:00,true
2026-09-24T0307Z,laliga,44068749,128877376,15350760,pending,2026-09-23T22:24:36+02:00,2026-09-24T22:24:00+02:00,true
2026-09-24T0307Z,laliga,47459928,128877373,38054189,pending,2026-09-23T22:24:36+02:00,2026-09-24T22:24:00+02:00,true
2026-09-24T0307Z,laliga,53456148,,,,,,
2026-09-24T0307Z,laliga,53456149,128877379,959027,pending,2026-09-23T22:24:36+02:00,2026-09-24T22:24:00+02:00,true
2026-09-24T0307Z,laliga,64086240,128877368,28861110,pending,2026-09-23T22:24:36+02:00,2026-09-24T22:24:00+02:00,true
2026-09-24T0307Z,laliga,67102630,128877374,6247379,pending,2026-09-23T22:24:36+02:00,2026-09-24T22:24:00+02:00,true
2026-09-24T0307Z,laliga,72363848,128877372,7851399,pending,2026-09-23T22:24:36+02:00,2026-09-24T22:24:00+02:00,true
2026-09-24T0307Z,laliga,73487487,128877370,29424630,pending,2026-09-23T22:24:36+02:00,2026-09-24T22:24:00+02:00,true
2026-09-24T0307Z,laliga,78866074,128877371,20084869,pending,2026-09-23T22:24:36+02:00,2026-09-24T22:24:00+02:00,true
2026-09-24T0307Z,laliga,86631784,,,,,,
2026-09-24T0520Z,laliga,24338723,128877378,30658657,pending,2026-09-23T22:24:36+02:00,2026-09-24T22:24:00+02:00,true
2026-09-24T0520Z,laliga,24338726,128877375,11087502,pending,2026-09-23T22:24:36+02:00,2026-09-24T22:24:00+02:00,true
2026-09-24T0520Z,laliga,24338731,,,,,,
2026-09-24T0520Z,laliga,24338734,,,,,,
2026-09-24T0520Z,laliga,30254398,128877377,11785081,pending,2026-09-23T22:24:36+02:00,2026-09-24T22:24:00+02:00,true
2026-09-24T0520Z,laliga,32308191,,,,,,
2026-09-24T0520Z,laliga,37280098,128877369,31397001,pending,2026-09-23T22:24:36+02:00,2026-09-24T22:24:00+02:00,true
2026-09-24T0520Z,laliga,44068749,128877376,15350760,pending,2026-09-23T22:24:36+02:00,2026-09-24T22:24:00+02:00,true
2026-09-24T0520Z,laliga,47459928,128877373,38054189,pending,2026-09-23T22:24:36+02:00,2026-09-24T22:24:00+02:00,true
2026-09-24T0520Z,laliga,53456148,,,,,,
2026-09-24T0520Z,laliga,53456149,128877379,959027,pending,2026-09-23T22:24:36+02:00,2026-09-24T22:24:00+02:00,true
2026-09-24T0520Z,laliga,64086240,128877368,28861110,pending,2026-09-23T22:24:36+02:00,2026-09-24T22:24:00+02:00,true
2026-09-24T0520Z,laliga,67102630,128877374,6247379,pending,2026-09-23T22:24:36+02:00,2026-09-24T22:24:00+02:00,true
2026-09-24T0520Z,laliga,72363848,128877372,7851399,pending,2026-09-23T22:24:36+02:00,2026-09-24T22:24:00+02:00,true
2026-09-24T0520Z,laliga,73487487,128877370,29424630,pending,2026-09-23T22:24:36+02:00,2026-09-24T22:24:00+02:00,true
2026-09-24T0520Z,laliga,78866074,128877371,20084869,pending,2026-09-23T22:24:36+02:00,2026-09-24T22:24:00+02:00,true
2026-09-24T0520Z,laliga,86631784,,,,,,
