observed_at,source,kickoff,home_name,away_name,home,away,n_bookmakers,p_home,p_draw,p_away,total_line,p_over,p_under
2026-09-06T2009Z,odds_api,2026-09-06T19:00:00Z,Espanyol,Sevilla,espanyol,sevilla,14,0.3324903192792722,0.434975570633589,0.23253411008713878,,,
2026-09-06T2009Z,odds_api,2026-09-07T17:00:00Z,Getafe,Celta Vigo,getafe,celta,21,0.38595250126326425,0.33178372915613946,0.28226376958059624,,,
2026-09-06T2009Z,odds_api,2026-09-07T19:30:00Z,Elche CF,Real Sociedad,elche,real-sociedad,21,0.3163064833005894,0.27111984282907664,0.41257367387033406,,,
2026-09-06T2009Z,odds_api,2026-09-11T19:00:00Z,Sevilla,Valencia,sevilla,valencia,19,0.4121343969059706,0.30311820159535896,0.28474740149867056,,,
2026-09-06T2009Z,odds_api,2026-09-12T12:00:00Z,Real Racing Club de Santander,Alavés,racing,alaves,20,0.3872122346050597,0.27674286179126334,0.3360449036036769,,,
2026-09-06T2009Z,odds_api,2026-09-12T14:15:00Z,CA Osasuna,Espanyol,osasuna,espanyol,20,0.48357098574085555,0.2740235585864848,0.24240545567265964,,,
2026-09-06T2009Z,odds_api,2026-09-12T16:30:00Z,Athletic Bilbao,Elche CF,athletic,elche,20,0.6348990352235556,0.21674139478321383,0.14835956999323052,,,
2026-09-06T2009Z,odds_api,2026-09-12T19:00:00Z,Real Madrid,Rayo Vallecano,real-madrid,rayo-vallecano,20,0.8325171400587659,0.11165523996082272,0.05582761998041136,,,
2026-09-06T2009Z,odds_api,2026-09-13T12:00:00Z,Celta Vigo,Málaga,celta,malaga,17,0.5355086372360844,0.26180422264875236,0.20268714011516312,,,
2026-09-06T2009Z,odds_api,2026-09-13T14:15:00Z,Levante,Barcelona,levante,barcelona,19,0.09423682642376777,0.13961011322039668,0.7661530603558355,,,
2026-09-06T2009Z,odds_api,2026-09-13T16:30:00Z,Getafe,Deportivo La Coruña,getafe,deportivo,18,0.4187444998533294,0.33000880023467294,0.25124669991199766,,,
2026-09-06T2009Z,odds_api,2026-09-13T19:00:00Z,Real Sociedad,Atlético Madrid,real-sociedad,atletico,18,0.31802120141342755,0.26501766784452296,0.41696113074204944,,,
2026-09-06T2009Z,odds_api,2026-09-14T19:00:00Z,Villarreal,Real Betis,villarreal,betis,16,0.5128040432041377,0.24641233244874156,0.24078362434712056,,,
2026-09-06T2009Z,odds_api,2026-09-15T17:00:00Z,Rayo Vallecano,Espanyol,rayo-vallecano,espanyol,11,0.4617951802553456,0.2730024447980131,0.2652023749466413,,,
2026-09-06T2009Z,odds_api,2026-09-15T18:00:00Z,Alavés,Valencia,alaves,valencia,11,0.4207407288282783,0.31238943745778525,0.2668698337139365,,,
2026-09-06T2009Z,odds_api,2026-09-15T19:30:00Z,Elche CF,Real Madrid,elche,real-madrid,11,0.0995736224698535,0.1689130722988606,0.731513305231286,,,
2026-09-06T2009Z,odds_api,2026-09-16T17:00:00Z,Atlético Madrid,CA Osasuna,atletico,osasuna,10,0.6169958503100506,0.22524065378788588,0.15776349590206354,,,
2026-09-06T2009Z,odds_api,2026-09-16T17:00:00Z,Deportivo La Coruña,Sevilla,deportivo,sevilla,10,0.38897859692067177,0.3030268746978782,0.30799452838145,,,
2026-09-06T2009Z,odds_api,2026-09-16T19:30:00Z,Levante,Athletic Bilbao,levante,athletic,12,0.2947329785281703,0.2813360249587081,0.42393099651312166,,,
2026-09-06T2009Z,odds_api,2026-09-16T19:30:00Z,Barcelona,Real Racing Club de Santander,barcelona,racing,12,0.8642749992646553,0.0919082682144853,0.043816732520859276,,,
2026-09-06T2009Z,odds_api,2026-09-17T17:00:00Z,Real Betis,Getafe,betis,getafe,8,0.5154574132492113,0.2790446146913024,0.20549797205948622,,,
2026-09-06T2009Z,odds_api,2026-09-17T19:30:00Z,Málaga,Villarreal,malaga,villarreal,9,0.26737757336147555,0.2612660859703561,0.4713563406681683,,,
2026-09-06T2009Z,odds_api,2026-09-18T19:00:00Z,Espanyol,Elche CF,espanyol,elche,7,0.4552529182879377,0.29182879377431903,0.2529182879377432,,,
2026-09-06T2244Z,odds_api,2026-09-06T19:00:00Z,Espanyol,Sevilla,espanyol,sevilla,14,0.3324903192792722,0.434975570633589,0.23253411008713878,,,
2026-09-06T2244Z,odds_api,2026-09-07T17:00:00Z,Getafe,Celta Vigo,getafe,celta,21,0.38595250126326425,0.33178372915613946,0.28226376958059624,,,
2026-09-06T2244Z,odds_api,2026-09-07T19:30:00Z,Elche CF,Real Sociedad,elche,real-sociedad,21,0.3163064833005894,0.27111984282907664,0.41257367387033406,,,
2026-09-06T2244Z,odds_api,2026-09-11T19:00:00Z,Sevilla,Valencia,sevilla,valencia,19,0.4121343969059706,0.30311820159535896,0.28474740149867056,,,
2026-09-06T2244Z,odds_api,2026-09-12T12:00:00Z,Real Racing Club de Santander,Alavés,racing,alaves,20,0.3872122346050597,0.27674286179126334,0.3360449036036769,,,
2026-09-06T2244Z,odds_api,2026-09-12T14:15:00Z,CA Osasuna,Espanyol,osasuna,espanyol,20,0.48357098574085555,0.2740235585864848,0.24240545567265964,,,
2026-09-06T2244Z,odds_api,2026-09-12T16:30:00Z,Athletic Bilbao,Elche CF,athletic,elche,20,0.6348990352235556,0.21674139478321383,0.14835956999323052,,,
2026-09-06T2244Z,odds_api,2026-09-12T19:00:00Z,Real Madrid,Rayo Vallecano,real-madrid,rayo-vallecano,20,0.8325171400587659,0.11165523996082272,0.05582761998041136,,,
2026-09-06T2244Z,odds_api,2026-09-13T12:00:00Z,Celta Vigo,Málaga,celta,malaga,17,0.5355086372360844,0.26180422264875236,0.20268714011516312,,,
2026-09-06T2244Z,odds_api,2026-09-13T14:15:00Z,Levante,Barcelona,levante,barcelona,19,0.09423682642376777,0.13961011322039668,0.7661530603558355,,,
2026-09-06T2244Z,odds_api,2026-09-13T16:30:00Z,Getafe,Deportivo La Coruña,getafe,deportivo,18,0.4187444998533294,0.33000880023467294,0.25124669991199766,,,
2026-09-06T2244Z,odds_api,2026-09-13T19:00:00Z,Real Sociedad,Atlético Madrid,real-sociedad,atletico,18,0.31802120141342755,0.26501766784452296,0.41696113074204944,,,
2026-09-06T2244Z,odds_api,2026-09-14T19:00:00Z,Villarreal,Real Betis,villarreal,betis,16,0.5128040432041377,0.24641233244874156,0.24078362434712056,,,
2026-09-06T2244Z,odds_api,2026-09-15T17:00:00Z,Rayo Vallecano,Espanyol,rayo-vallecano,espanyol,11,0.4617951802553456,0.2730024447980131,0.2652023749466413,,,
2026-09-06T2244Z,odds_api,2026-09-15T18:00:00Z,Alavés,Valencia,alaves,valencia,11,0.4207407288282783,0.31238943745778525,0.2668698337139365,,,
2026-09-06T2244Z,odds_api,2026-09-15T19:30:00Z,Elche CF,Real Madrid,elche,real-madrid,11,0.0995736224698535,0.1689130722988606,0.731513305231286,,,
2026-09-06T2244Z,odds_api,2026-09-16T17:00:00Z,Atlético Madrid,CA Osasuna,atletico,osasuna,10,0.6169958503100506,0.22524065378788588,0.15776349590206354,,,
2026-09-06T2244Z,odds_api,2026-09-16T17:00:00Z,Deportivo La Coruña,Sevilla,deportivo,sevilla,10,0.38897859692067177,0.3030268746978782,0.30799452838145,,,
2026-09-06T2244Z,odds_api,2026-09-16T19:30:00Z,Levante,Athletic Bilbao,levante,athletic,12,0.2947329785281703,0.2813360249587081,0.42393099651312166,,,
2026-09-06T2244Z,odds_api,2026-09-16T19:30:00Z,Barcelona,Real Racing Club de Santander,barcelona,racing,12,0.8642749992646553,0.0919082682144853,0.043816732520859276,,,
2026-09-06T2244Z,odds_api,2026-09-17T17:00:00Z,Real Betis,Getafe,betis,getafe,8,0.5154574132492113,0.2790446146913024,0.20549797205948622,,,
2026-09-06T2244Z,odds_api,2026-09-17T19:30:00Z,Málaga,Villarreal,malaga,villarreal,9,0.26737757336147555,0.2612660859703561,0.4713563406681683,,,
2026-09-06T2244Z,odds_api,2026-09-18T19:00:00Z,Espanyol,Elche CF,espanyol,elche,7,0.4552529182879377,0.29182879377431903,0.2529182879377432,,,
2026-09-07T0548Z,odds_api,2026-09-07T17:00:00Z,Getafe,Celta Vigo,getafe,celta,21,0.3776653415251175,0.3339356704011565,0.2883989880737261,,,
2026-09-07T0548Z,odds_api,2026-09-07T19:30:00Z,Elche CF,Real Sociedad,elche,real-sociedad,21,0.29799800567615253,0.2724553194753394,0.42954667484850806,,,
2026-09-07T0548Z,odds_api,2026-09-11T19:00:00Z,Sevilla,Valencia,sevilla,valencia,19,0.4093068190966911,0.3036792528781901,0.2870139280251187,,,
2026-09-07T0548Z,odds_api,2026-09-12T12:00:00Z,Real Racing Club de Santander,Alavés,racing,alaves,20,0.38877150618774525,0.27383036522789017,0.33739812858436463,,,
2026-09-07T0548Z,odds_api,2026-09-12T14:15:00Z,CA Osasuna,Espanyol,osasuna,espanyol,20,0.47727370930224183,0.27730647635371136,0.24541981434404683,,,
2026-09-07T0548Z,odds_api,2026-09-12T16:30:00Z,Athletic Bilbao,Elche CF,athletic,elche,20,0.6393633193239739,0.21505857104533668,0.14557810963068946,,,
2026-09-07T0548Z,odds_api,2026-09-12T19:00:00Z,Real Madrid,Rayo Vallecano,real-madrid,rayo-vallecano,20,0.8396529434500406,0.10588956564619954,0.054457490903759766,,,
2026-09-07T0548Z,odds_api,2026-09-13T12:00:00Z,Celta Vigo,Málaga,celta,malaga,17,0.5355086372360844,0.26180422264875236,0.20268714011516312,,,
2026-09-07T0548Z,odds_api,2026-09-13T14:15:00Z,Levante,Barcelona,levante,barcelona,19,0.08629749393694422,0.13561034761519805,0.7780921584478576,,,
2026-09-07T0548Z,odds_api,2026-09-13T16:30:00Z,Getafe,Deportivo La Coruña,getafe,deportivo,18,0.4187444998533294,0.33000880023467294,0.25124669991199766,,,
2026-09-07T0548Z,odds_api,2026-09-13T19:00:00Z,Real Sociedad,Atlético Madrid,real-sociedad,atletico,18,0.31802120141342755,0.26501766784452296,0.41696113074204944,,,
2026-09-07T0548Z,odds_api,2026-09-14T19:00:00Z,Villarreal,Real Betis,villarreal,betis,16,0.5076070299449146,0.24523352615520547,0.2471594438998799,,,
2026-09-07T0548Z,odds_api,2026-09-15T17:00:00Z,Rayo Vallecano,Espanyol,rayo-vallecano,espanyol,12,0.4610849830049422,0.2739387251970539,0.2649762917980038,,,
2026-09-07T0548Z,odds_api,2026-09-15T18:00:00Z,Alavés,Valencia,alaves,valencia,12,0.4229574154483527,0.302892084611401,0.2741504999402462,,,
2026-09-07T0548Z,odds_api,2026-09-15T19:30:00Z,Elche CF,Real Madrid,elche,real-madrid,12,0.10209198076980798,0.16697710632573037,0.7309309129044615,,,
2026-09-07T0548Z,odds_api,2026-09-16T17:00:00Z,Atlético Madrid,CA Osasuna,atletico,osasuna,11,0.6301465457083043,0.21981856245638523,0.15003489183531055,,,
2026-09-07T0548Z,odds_api,2026-09-16T17:00:00Z,Deportivo La Coruña,Sevilla,deportivo,sevilla,11,0.38012284298578336,0.3073600545594618,0.31251710245475484,,,
2026-09-07T0548Z,odds_api,2026-09-16T19:30:00Z,Levante,Athletic Bilbao,levante,athletic,12,0.3061846247588098,0.2787651061236925,0.41505026911749765,,,
2026-09-07T0548Z,odds_api,2026-09-16T19:30:00Z,Barcelona,Real Racing Club de Santander,barcelona,racing,12,0.8587562416917078,0.09132139545794747,0.04992236285034462,,,
2026-09-07T0548Z,odds_api,2026-09-17T17:00:00Z,Real Betis,Getafe,betis,getafe,11,0.5047801147227533,0.2829827915869981,0.21223709369024857,,,
2026-09-07T0548Z,odds_api,2026-09-17T19:30:00Z,Málaga,Villarreal,malaga,villarreal,10,0.26436332656879313,0.26139711813604366,0.4742395552951632,,,
2026-09-07T0548Z,odds_api,2026-09-18T19:00:00Z,Espanyol,Elche CF,espanyol,elche,9,0.4550231839258114,0.29149922720247295,0.25347758887171556,,,
2026-09-07T0633Z,odds_api,2026-09-07T17:00:00Z,Getafe,Celta Vigo,getafe,celta,21,0.3776653415251175,0.3339356704011565,0.2883989880737261,,,
2026-09-07T0633Z,odds_api,2026-09-07T19:30:00Z,Elche CF,Real Sociedad,elche,real-sociedad,21,0.29799800567615253,0.2724553194753394,0.42954667484850806,,,
2026-09-07T0633Z,odds_api,2026-09-11T19:00:00Z,Sevilla,Valencia,sevilla,valencia,19,0.4093068190966911,0.3036792528781901,0.2870139280251187,,,
2026-09-07T0633Z,odds_api,2026-09-12T12:00:00Z,Real Racing Club de Santander,Alavés,racing,alaves,20,0.38877150618774525,0.27383036522789017,0.33739812858436463,,,
2026-09-07T0633Z,odds_api,2026-09-12T14:15:00Z,CA Osasuna,Espanyol,osasuna,espanyol,20,0.47727370930224183,0.27730647635371136,0.24541981434404683,,,
2026-09-07T0633Z,odds_api,2026-09-12T16:30:00Z,Athletic Bilbao,Elche CF,athletic,elche,20,0.6393633193239739,0.21505857104533668,0.14557810963068946,,,
2026-09-07T0633Z,odds_api,2026-09-12T19:00:00Z,Real Madrid,Rayo Vallecano,real-madrid,rayo-vallecano,20,0.8396529434500406,0.10588956564619954,0.054457490903759766,,,
2026-09-07T0633Z,odds_api,2026-09-13T12:00:00Z,Celta Vigo,Málaga,celta,malaga,17,0.5355086372360844,0.26180422264875236,0.20268714011516312,,,
2026-09-07T0633Z,odds_api,2026-09-13T14:15:00Z,Levante,Barcelona,levante,barcelona,19,0.08629749393694422,0.13561034761519805,0.7780921584478576,,,
2026-09-07T0633Z,odds_api,2026-09-13T16:30:00Z,Getafe,Deportivo La Coruña,getafe,deportivo,18,0.4187444998533294,0.33000880023467294,0.25124669991199766,,,
2026-09-07T0633Z,odds_api,2026-09-13T19:00:00Z,Real Sociedad,Atlético Madrid,real-sociedad,atletico,18,0.31802120141342755,0.26501766784452296,0.41696113074204944,,,
2026-09-07T0633Z,odds_api,2026-09-14T19:00:00Z,Villarreal,Real Betis,villarreal,betis,16,0.5076070299449146,0.24523352615520547,0.2471594438998799,,,
2026-09-07T0633Z,odds_api,2026-09-15T17:00:00Z,Rayo Vallecano,Espanyol,rayo-vallecano,espanyol,12,0.4610849830049422,0.2739387251970539,0.2649762917980038,,,
2026-09-07T0633Z,odds_api,2026-09-15T18:00:00Z,Alavés,Valencia,alaves,valencia,12,0.4229574154483527,0.302892084611401,0.2741504999402462,,,
2026-09-07T0633Z,odds_api,2026-09-15T19:30:00Z,Elche CF,Real Madrid,elche,real-madrid,12,0.10209198076980798,0.16697710632573037,0.7309309129044615,,,
2026-09-07T0633Z,odds_api,2026-09-16T17:00:00Z,Atlético Madrid,CA Osasuna,atletico,osasuna,11,0.6301465457083043,0.21981856245638523,0.15003489183531055,,,
2026-09-07T0633Z,odds_api,2026-09-16T17:00:00Z,Deportivo La Coruña,Sevilla,deportivo,sevilla,11,0.38012284298578336,0.3073600545594618,0.31251710245475484,,,
2026-09-07T0633Z,odds_api,2026-09-16T19:30:00Z,Levante,Athletic Bilbao,levante,athletic,12,0.3061846247588098,0.2787651061236925,0.41505026911749765,,,
2026-09-07T0633Z,odds_api,2026-09-16T19:30:00Z,Barcelona,Real Racing Club de Santander,barcelona,racing,12,0.8587562416917078,0.09132139545794747,0.04992236285034462,,,
2026-09-07T0633Z,odds_api,2026-09-17T17:00:00Z,Real Betis,Getafe,betis,getafe,11,0.5047801147227533,0.2829827915869981,0.21223709369024857,,,
2026-09-07T0633Z,odds_api,2026-09-17T19:30:00Z,Málaga,Villarreal,malaga,villarreal,10,0.26436332656879313,0.26139711813604366,0.4742395552951632,,,
2026-09-07T0633Z,odds_api,2026-09-18T19:00:00Z,Espanyol,Elche CF,espanyol,elche,9,0.4550231839258114,0.29149922720247295,0.25347758887171556,,,
2026-09-07T0802Z,odds_api,2026-09-07T17:00:00Z,Getafe,Celta Vigo,getafe,celta,21,0.3776653415251175,0.3339356704011565,0.2883989880737261,,,
2026-09-07T0802Z,odds_api,2026-09-07T19:30:00Z,Elche CF,Real Sociedad,elche,real-sociedad,21,0.29799800567615253,0.2724553194753394,0.42954667484850806,,,
2026-09-07T0802Z,odds_api,2026-09-11T19:00:00Z,Sevilla,Valencia,sevilla,valencia,19,0.4093068190966911,0.3036792528781901,0.2870139280251187,,,
2026-09-07T0802Z,odds_api,2026-09-12T12:00:00Z,Real Racing Club de Santander,Alavés,racing,alaves,20,0.38877150618774525,0.27383036522789017,0.33739812858436463,,,
2026-09-07T0802Z,odds_api,2026-09-12T14:15:00Z,CA Osasuna,Espanyol,osasuna,espanyol,20,0.47727370930224183,0.27730647635371136,0.24541981434404683,,,
2026-09-07T0802Z,odds_api,2026-09-12T16:30:00Z,Athletic Bilbao,Elche CF,athletic,elche,20,0.6393633193239739,0.21505857104533668,0.14557810963068946,,,
2026-09-07T0802Z,odds_api,2026-09-12T19:00:00Z,Real Madrid,Rayo Vallecano,real-madrid,rayo-vallecano,20,0.8396529434500406,0.10588956564619954,0.054457490903759766,,,
2026-09-07T0802Z,odds_api,2026-09-13T12:00:00Z,Celta Vigo,Málaga,celta,malaga,17,0.5355086372360844,0.26180422264875236,0.20268714011516312,,,
2026-09-07T0802Z,odds_api,2026-09-13T14:15:00Z,Levante,Barcelona,levante,barcelona,19,0.08629749393694422,0.13561034761519805,0.7780921584478576,,,
2026-09-07T0802Z,odds_api,2026-09-13T16:30:00Z,Getafe,Deportivo La Coruña,getafe,deportivo,18,0.4187444998533294,0.33000880023467294,0.25124669991199766,,,
2026-09-07T0802Z,odds_api,2026-09-13T19:00:00Z,Real Sociedad,Atlético Madrid,real-sociedad,atletico,18,0.31802120141342755,0.26501766784452296,0.41696113074204944,,,
2026-09-07T0802Z,odds_api,2026-09-14T19:00:00Z,Villarreal,Real Betis,villarreal,betis,16,0.5076070299449146,0.24523352615520547,0.2471594438998799,,,
2026-09-07T0802Z,odds_api,2026-09-15T17:00:00Z,Rayo Vallecano,Espanyol,rayo-vallecano,espanyol,12,0.4610849830049422,0.2739387251970539,0.2649762917980038,,,
2026-09-07T0802Z,odds_api,2026-09-15T18:00:00Z,Alavés,Valencia,alaves,valencia,12,0.4229574154483527,0.302892084611401,0.2741504999402462,,,
2026-09-07T0802Z,odds_api,2026-09-15T19:30:00Z,Elche CF,Real Madrid,elche,real-madrid,12,0.10209198076980798,0.16697710632573037,0.7309309129044615,,,
2026-09-07T0802Z,odds_api,2026-09-16T17:00:00Z,Atlético Madrid,CA Osasuna,atletico,osasuna,11,0.6301465457083043,0.21981856245638523,0.15003489183531055,,,
2026-09-07T0802Z,odds_api,2026-09-16T17:00:00Z,Deportivo La Coruña,Sevilla,deportivo,sevilla,11,0.38012284298578336,0.3073600545594618,0.31251710245475484,,,
2026-09-07T0802Z,odds_api,2026-09-16T19:30:00Z,Levante,Athletic Bilbao,levante,athletic,12,0.3061846247588098,0.2787651061236925,0.41505026911749765,,,
2026-09-07T0802Z,odds_api,2026-09-16T19:30:00Z,Barcelona,Real Racing Club de Santander,barcelona,racing,12,0.8587562416917078,0.09132139545794747,0.04992236285034462,,,
2026-09-07T0802Z,odds_api,2026-09-17T17:00:00Z,Real Betis,Getafe,betis,getafe,11,0.5047801147227533,0.2829827915869981,0.21223709369024857,,,
2026-09-07T0802Z,odds_api,2026-09-17T19:30:00Z,Málaga,Villarreal,malaga,villarreal,10,0.26436332656879313,0.26139711813604366,0.4742395552951632,,,
2026-09-07T0802Z,odds_api,2026-09-18T19:00:00Z,Espanyol,Elche CF,espanyol,elche,9,0.4550231839258114,0.29149922720247295,0.25347758887171556,,,
2026-09-07T2045Z,odds_api,2026-09-07T17:00:00Z,Getafe,Celta Vigo,getafe,celta,21,0.3776653415251175,0.3339356704011565,0.2883989880737261,,,
2026-09-07T2045Z,odds_api,2026-09-07T19:30:00Z,Elche CF,Real Sociedad,elche,real-sociedad,21,0.29799800567615253,0.2724553194753394,0.42954667484850806,,,
2026-09-07T2045Z,odds_api,2026-09-11T19:00:00Z,Sevilla,Valencia,sevilla,valencia,19,0.4093068190966911,0.3036792528781901,0.2870139280251187,,,
2026-09-07T2045Z,odds_api,2026-09-12T12:00:00Z,Real Racing Club de Santander,Alavés,racing,alaves,20,0.38877150618774525,0.27383036522789017,0.33739812858436463,,,
2026-09-07T2045Z,odds_api,2026-09-12T14:15:00Z,CA Osasuna,Espanyol,osasuna,espanyol,20,0.47727370930224183,0.27730647635371136,0.24541981434404683,,,
2026-09-07T2045Z,odds_api,2026-09-12T16:30:00Z,Athletic Bilbao,Elche CF,athletic,elche,20,0.6393633193239739,0.21505857104533668,0.14557810963068946,,,
2026-09-07T2045Z,odds_api,2026-09-12T19:00:00Z,Real Madrid,Rayo Vallecano,real-madrid,rayo-vallecano,20,0.8396529434500406,0.10588956564619954,0.054457490903759766,,,
2026-09-07T2045Z,odds_api,2026-09-13T12:00:00Z,Celta Vigo,Málaga,celta,malaga,17,0.5355086372360844,0.26180422264875236,0.20268714011516312,,,
2026-09-07T2045Z,odds_api,2026-09-13T14:15:00Z,Levante,Barcelona,levante,barcelona,19,0.08629749393694422,0.13561034761519805,0.7780921584478576,,,
2026-09-07T2045Z,odds_api,2026-09-13T16:30:00Z,Getafe,Deportivo La Coruña,getafe,deportivo,18,0.4187444998533294,0.33000880023467294,0.25124669991199766,,,
2026-09-07T2045Z,odds_api,2026-09-13T19:00:00Z,Real Sociedad,Atlético Madrid,real-sociedad,atletico,18,0.31802120141342755,0.26501766784452296,0.41696113074204944,,,
2026-09-07T2045Z,odds_api,2026-09-14T19:00:00Z,Villarreal,Real Betis,villarreal,betis,16,0.5076070299449146,0.24523352615520547,0.2471594438998799,,,
2026-09-07T2045Z,odds_api,2026-09-15T17:00:00Z,Rayo Vallecano,Espanyol,rayo-vallecano,espanyol,12,0.4610849830049422,0.2739387251970539,0.2649762917980038,,,
2026-09-07T2045Z,odds_api,2026-09-15T18:00:00Z,Alavés,Valencia,alaves,valencia,12,0.4229574154483527,0.302892084611401,0.2741504999402462,,,
2026-09-07T2045Z,odds_api,2026-09-15T19:30:00Z,Elche CF,Real Madrid,elche,real-madrid,12,0.10209198076980798,0.16697710632573037,0.7309309129044615,,,
2026-09-07T2045Z,odds_api,2026-09-16T17:00:00Z,Atlético Madrid,CA Osasuna,atletico,osasuna,11,0.6301465457083043,0.21981856245638523,0.15003489183531055,,,
2026-09-07T2045Z,odds_api,2026-09-16T17:00:00Z,Deportivo La Coruña,Sevilla,deportivo,sevilla,11,0.38012284298578336,0.3073600545594618,0.31251710245475484,,,
2026-09-07T2045Z,odds_api,2026-09-16T19:30:00Z,Levante,Athletic Bilbao,levante,athletic,12,0.3061846247588098,0.2787651061236925,0.41505026911749765,,,
2026-09-07T2045Z,odds_api,2026-09-16T19:30:00Z,Barcelona,Real Racing Club de Santander,barcelona,racing,12,0.8587562416917078,0.09132139545794747,0.04992236285034462,,,
2026-09-07T2045Z,odds_api,2026-09-17T17:00:00Z,Real Betis,Getafe,betis,getafe,11,0.5047801147227533,0.2829827915869981,0.21223709369024857,,,
2026-09-07T2045Z,odds_api,2026-09-17T19:30:00Z,Málaga,Villarreal,malaga,villarreal,10,0.26436332656879313,0.26139711813604366,0.4742395552951632,,,
2026-09-07T2045Z,odds_api,2026-09-18T19:00:00Z,Espanyol,Elche CF,espanyol,elche,9,0.4550231839258114,0.29149922720247295,0.25347758887171556,,,
2026-09-08T0559Z,odds_api,2026-09-11T19:00:00Z,Sevilla,Valencia,sevilla,valencia,21,0.4205249189029785,0.30521969920377473,0.2742553818932469,,,
2026-09-08T0559Z,odds_api,2026-09-12T12:00:00Z,Real Racing Club de Santander,Alavés,racing,alaves,21,0.38877150618774525,0.27383036522789017,0.33739812858436463,,,
2026-09-08T0559Z,odds_api,2026-09-12T14:15:00Z,CA Osasuna,Espanyol,osasuna,espanyol,21,0.47742623533594036,0.28083896196231783,0.2417348027017419,,,
2026-09-08T0559Z,odds_api,2026-09-12T16:30:00Z,Athletic Bilbao,Elche CF,athletic,elche,21,0.6672185171880614,0.19877551657894327,0.13400596623299546,,,
2026-09-08T0559Z,odds_api,2026-09-12T19:00:00Z,Real Madrid,Rayo Vallecano,real-madrid,rayo-vallecano,21,0.837916119778254,0.10638710284825022,0.0556967773734957,,,
2026-09-08T0559Z,odds_api,2026-09-13T12:00:00Z,Celta Vigo,Málaga,celta,malaga,21,0.5492607852641784,0.2568165293262239,0.19392268540959764,,,
2026-09-08T0559Z,odds_api,2026-09-13T14:15:00Z,Levante,Barcelona,levante,barcelona,21,0.0865233350812795,0.12690089145254327,0.7865757734661772,,,
2026-09-08T0559Z,odds_api,2026-09-13T16:30:00Z,Getafe,Deportivo La Coruña,getafe,deportivo,20,0.41193974905666164,0.33184035340675516,0.2562198975365831,,,
2026-09-08T0559Z,odds_api,2026-09-13T19:00:00Z,Real Sociedad,Atlético Madrid,real-sociedad,atletico,20,0.3296779292629915,0.2669926891918593,0.4033293815451492,,,
2026-09-08T0559Z,odds_api,2026-09-14T19:00:00Z,Villarreal,Real Betis,villarreal,betis,20,0.5071585373319689,0.24690613001687964,0.24593533265115144,,,
2026-09-08T0559Z,odds_api,2026-09-15T17:00:00Z,Rayo Vallecano,Espanyol,rayo-vallecano,espanyol,16,0.48436308514227355,0.2683162414097486,0.24732067344797787,,,
2026-09-08T0559Z,odds_api,2026-09-15T18:00:00Z,Alavés,Valencia,alaves,valencia,16,0.4197725583170923,0.30691567378593965,0.27331176789696815,,,
2026-09-08T0559Z,odds_api,2026-09-15T19:30:00Z,Elche CF,Real Madrid,elche,real-madrid,16,0.09883135876346755,0.16187894969878308,0.7392896915377494,,,
2026-09-08T0559Z,odds_api,2026-09-16T17:00:00Z,Atlético Madrid,CA Osasuna,atletico,osasuna,15,0.6360374633055309,0.2210987372443036,0.14286379945016542,,,
2026-09-08T0559Z,odds_api,2026-09-16T17:00:00Z,Deportivo La Coruña,Sevilla,deportivo,sevilla,15,0.3816873500886432,0.30660131400563145,0.31171133590572525,,,
2026-09-08T0559Z,odds_api,2026-09-16T19:30:00Z,Levante,Athletic Bilbao,levante,athletic,16,0.3016129357853725,0.279104507741688,0.4192825564729394,,,
2026-09-08T0559Z,odds_api,2026-09-16T19:30:00Z,Barcelona,Real Racing Club de Santander,barcelona,racing,16,0.8618539358431464,0.09028945994547247,0.04785660421138117,,,
2026-09-08T0559Z,odds_api,2026-09-17T17:00:00Z,Real Betis,Getafe,betis,getafe,15,0.5157468456106296,0.2801967937347301,0.20405636065464042,,,
2026-09-08T0559Z,odds_api,2026-09-17T19:30:00Z,Málaga,Villarreal,malaga,villarreal,16,0.2584456341148237,0.2661990031382684,0.4753553627469079,,,
2026-09-08T0559Z,odds_api,2026-09-18T19:00:00Z,Espanyol,Elche CF,espanyol,elche,10,0.4602270734188464,0.28908013049121284,0.25069279608994066,,,
2026-09-08T0804Z,odds_api,2026-09-11T19:00:00Z,Sevilla,Valencia,sevilla,valencia,21,0.4205249189029785,0.30521969920377473,0.2742553818932469,,,
2026-09-08T0804Z,odds_api,2026-09-12T12:00:00Z,Real Racing Club de Santander,Alavés,racing,alaves,21,0.38877150618774525,0.27383036522789017,0.33739812858436463,,,
2026-09-08T0804Z,odds_api,2026-09-12T14:15:00Z,CA Osasuna,Espanyol,osasuna,espanyol,21,0.47742623533594036,0.28083896196231783,0.2417348027017419,,,
2026-09-08T0804Z,odds_api,2026-09-12T16:30:00Z,Athletic Bilbao,Elche CF,athletic,elche,21,0.6672185171880614,0.19877551657894327,0.13400596623299546,,,
2026-09-08T0804Z,odds_api,2026-09-12T19:00:00Z,Real Madrid,Rayo Vallecano,real-madrid,rayo-vallecano,21,0.837916119778254,0.10638710284825022,0.0556967773734957,,,
2026-09-08T0804Z,odds_api,2026-09-13T12:00:00Z,Celta Vigo,Málaga,celta,malaga,21,0.5492607852641784,0.2568165293262239,0.19392268540959764,,,
2026-09-08T0804Z,odds_api,2026-09-13T14:15:00Z,Levante,Barcelona,levante,barcelona,21,0.0865233350812795,0.12690089145254327,0.7865757734661772,,,
2026-09-08T0804Z,odds_api,2026-09-13T16:30:00Z,Getafe,Deportivo La Coruña,getafe,deportivo,20,0.41193974905666164,0.33184035340675516,0.2562198975365831,,,
2026-09-08T0804Z,odds_api,2026-09-13T19:00:00Z,Real Sociedad,Atlético Madrid,real-sociedad,atletico,20,0.3296779292629915,0.2669926891918593,0.4033293815451492,,,
2026-09-08T0804Z,odds_api,2026-09-14T19:00:00Z,Villarreal,Real Betis,villarreal,betis,20,0.5071585373319689,0.24690613001687964,0.24593533265115144,,,
2026-09-08T0804Z,odds_api,2026-09-15T17:00:00Z,Rayo Vallecano,Espanyol,rayo-vallecano,espanyol,16,0.48436308514227355,0.2683162414097486,0.24732067344797787,,,
2026-09-08T0804Z,odds_api,2026-09-15T18:00:00Z,Alavés,Valencia,alaves,valencia,16,0.4197725583170923,0.30691567378593965,0.27331176789696815,,,
2026-09-08T0804Z,odds_api,2026-09-15T19:30:00Z,Elche CF,Real Madrid,elche,real-madrid,16,0.09883135876346755,0.16187894969878308,0.7392896915377494,,,
2026-09-08T0804Z,odds_api,2026-09-16T17:00:00Z,Atlético Madrid,CA Osasuna,atletico,osasuna,15,0.6360374633055309,0.2210987372443036,0.14286379945016542,,,
2026-09-08T0804Z,odds_api,2026-09-16T17:00:00Z,Deportivo La Coruña,Sevilla,deportivo,sevilla,15,0.3816873500886432,0.30660131400563145,0.31171133590572525,,,
2026-09-08T0804Z,odds_api,2026-09-16T19:30:00Z,Levante,Athletic Bilbao,levante,athletic,16,0.3016129357853725,0.279104507741688,0.4192825564729394,,,
2026-09-08T0804Z,odds_api,2026-09-16T19:30:00Z,Barcelona,Real Racing Club de Santander,barcelona,racing,16,0.8618539358431464,0.09028945994547247,0.04785660421138117,,,
2026-09-08T0804Z,odds_api,2026-09-17T17:00:00Z,Real Betis,Getafe,betis,getafe,15,0.5157468456106296,0.2801967937347301,0.20405636065464042,,,
2026-09-08T0804Z,odds_api,2026-09-17T19:30:00Z,Málaga,Villarreal,malaga,villarreal,16,0.2584456341148237,0.2661990031382684,0.4753553627469079,,,
2026-09-08T0804Z,odds_api,2026-09-18T19:00:00Z,Espanyol,Elche CF,espanyol,elche,10,0.4602270734188464,0.28908013049121284,0.25069279608994066,,,
2026-09-08T0853Z,odds_api,2026-09-11T19:00:00Z,Sevilla,Valencia,sevilla,valencia,21,0.4205249189029785,0.30521969920377473,0.2742553818932469,,,
2026-09-08T0853Z,odds_api,2026-09-12T12:00:00Z,Real Racing Club de Santander,Alavés,racing,alaves,21,0.38877150618774525,0.27383036522789017,0.33739812858436463,,,
2026-09-08T0853Z,odds_api,2026-09-12T14:15:00Z,CA Osasuna,Espanyol,osasuna,espanyol,21,0.47742623533594036,0.28083896196231783,0.2417348027017419,,,
2026-09-08T0853Z,odds_api,2026-09-12T16:30:00Z,Athletic Bilbao,Elche CF,athletic,elche,21,0.6672185171880614,0.19877551657894327,0.13400596623299546,,,
2026-09-08T0853Z,odds_api,2026-09-12T19:00:00Z,Real Madrid,Rayo Vallecano,real-madrid,rayo-vallecano,21,0.837916119778254,0.10638710284825022,0.0556967773734957,,,
2026-09-08T0853Z,odds_api,2026-09-13T12:00:00Z,Celta Vigo,Málaga,celta,malaga,21,0.5492607852641784,0.2568165293262239,0.19392268540959764,,,
2026-09-08T0853Z,odds_api,2026-09-13T14:15:00Z,Levante,Barcelona,levante,barcelona,21,0.0865233350812795,0.12690089145254327,0.7865757734661772,,,
2026-09-08T0853Z,odds_api,2026-09-13T16:30:00Z,Getafe,Deportivo La Coruña,getafe,deportivo,20,0.41193974905666164,0.33184035340675516,0.2562198975365831,,,
2026-09-08T0853Z,odds_api,2026-09-13T19:00:00Z,Real Sociedad,Atlético Madrid,real-sociedad,atletico,20,0.3296779292629915,0.2669926891918593,0.4033293815451492,,,
2026-09-08T0853Z,odds_api,2026-09-14T19:00:00Z,Villarreal,Real Betis,villarreal,betis,20,0.5071585373319689,0.24690613001687964,0.24593533265115144,,,
2026-09-08T0853Z,odds_api,2026-09-15T17:00:00Z,Rayo Vallecano,Espanyol,rayo-vallecano,espanyol,16,0.48436308514227355,0.2683162414097486,0.24732067344797787,,,
2026-09-08T0853Z,odds_api,2026-09-15T18:00:00Z,Alavés,Valencia,alaves,valencia,16,0.4197725583170923,0.30691567378593965,0.27331176789696815,,,
2026-09-08T0853Z,odds_api,2026-09-15T19:30:00Z,Elche CF,Real Madrid,elche,real-madrid,16,0.09883135876346755,0.16187894969878308,0.7392896915377494,,,
2026-09-08T0853Z,odds_api,2026-09-16T17:00:00Z,Atlético Madrid,CA Osasuna,atletico,osasuna,15,0.6360374633055309,0.2210987372443036,0.14286379945016542,,,
2026-09-08T0853Z,odds_api,2026-09-16T17:00:00Z,Deportivo La Coruña,Sevilla,deportivo,sevilla,15,0.3816873500886432,0.30660131400563145,0.31171133590572525,,,
2026-09-08T0853Z,odds_api,2026-09-16T19:30:00Z,Levante,Athletic Bilbao,levante,athletic,16,0.3016129357853725,0.279104507741688,0.4192825564729394,,,
2026-09-08T0853Z,odds_api,2026-09-16T19:30:00Z,Barcelona,Real Racing Club de Santander,barcelona,racing,16,0.8618539358431464,0.09028945994547247,0.04785660421138117,,,
2026-09-08T0853Z,odds_api,2026-09-17T17:00:00Z,Real Betis,Getafe,betis,getafe,15,0.5157468456106296,0.2801967937347301,0.20405636065464042,,,
2026-09-08T0853Z,odds_api,2026-09-17T19:30:00Z,Málaga,Villarreal,malaga,villarreal,16,0.2584456341148237,0.2661990031382684,0.4753553627469079,,,
2026-09-08T0853Z,odds_api,2026-09-18T19:00:00Z,Espanyol,Elche CF,espanyol,elche,10,0.4602270734188464,0.28908013049121284,0.25069279608994066,,,
2026-09-08T1731Z,odds_api,2026-09-11T19:00:00Z,Sevilla,Valencia,sevilla,valencia,21,0.4205249189029785,0.30521969920377473,0.2742553818932469,,,
2026-09-08T1731Z,odds_api,2026-09-12T12:00:00Z,Real Racing Club de Santander,Alavés,racing,alaves,21,0.38877150618774525,0.27383036522789017,0.33739812858436463,,,
2026-09-08T1731Z,odds_api,2026-09-12T14:15:00Z,CA Osasuna,Espanyol,osasuna,espanyol,21,0.47742623533594036,0.28083896196231783,0.2417348027017419,,,
2026-09-08T1731Z,odds_api,2026-09-12T16:30:00Z,Athletic Bilbao,Elche CF,athletic,elche,21,0.6672185171880614,0.19877551657894327,0.13400596623299546,,,
2026-09-08T1731Z,odds_api,2026-09-12T19:00:00Z,Real Madrid,Rayo Vallecano,real-madrid,rayo-vallecano,21,0.837916119778254,0.10638710284825022,0.0556967773734957,,,
2026-09-08T1731Z,odds_api,2026-09-13T12:00:00Z,Celta Vigo,Málaga,celta,malaga,21,0.5492607852641784,0.2568165293262239,0.19392268540959764,,,
2026-09-08T1731Z,odds_api,2026-09-13T14:15:00Z,Levante,Barcelona,levante,barcelona,21,0.0865233350812795,0.12690089145254327,0.7865757734661772,,,
2026-09-08T1731Z,odds_api,2026-09-13T16:30:00Z,Getafe,Deportivo La Coruña,getafe,deportivo,20,0.41193974905666164,0.33184035340675516,0.2562198975365831,,,
2026-09-08T1731Z,odds_api,2026-09-13T19:00:00Z,Real Sociedad,Atlético Madrid,real-sociedad,atletico,20,0.3296779292629915,0.2669926891918593,0.4033293815451492,,,
2026-09-08T1731Z,odds_api,2026-09-14T19:00:00Z,Villarreal,Real Betis,villarreal,betis,20,0.5071585373319689,0.24690613001687964,0.24593533265115144,,,
2026-09-08T1731Z,odds_api,2026-09-15T17:00:00Z,Rayo Vallecano,Espanyol,rayo-vallecano,espanyol,16,0.48436308514227355,0.2683162414097486,0.24732067344797787,,,
2026-09-08T1731Z,odds_api,2026-09-15T18:00:00Z,Alavés,Valencia,alaves,valencia,16,0.4197725583170923,0.30691567378593965,0.27331176789696815,,,
2026-09-08T1731Z,odds_api,2026-09-15T19:30:00Z,Elche CF,Real Madrid,elche,real-madrid,16,0.09883135876346755,0.16187894969878308,0.7392896915377494,,,
2026-09-08T1731Z,odds_api,2026-09-16T17:00:00Z,Atlético Madrid,CA Osasuna,atletico,osasuna,15,0.6360374633055309,0.2210987372443036,0.14286379945016542,,,
2026-09-08T1731Z,odds_api,2026-09-16T17:00:00Z,Deportivo La Coruña,Sevilla,deportivo,sevilla,15,0.3816873500886432,0.30660131400563145,0.31171133590572525,,,
2026-09-08T1731Z,odds_api,2026-09-16T19:30:00Z,Levante,Athletic Bilbao,levante,athletic,16,0.3016129357853725,0.279104507741688,0.4192825564729394,,,
2026-09-08T1731Z,odds_api,2026-09-16T19:30:00Z,Barcelona,Real Racing Club de Santander,barcelona,racing,16,0.8618539358431464,0.09028945994547247,0.04785660421138117,,,
2026-09-08T1731Z,odds_api,2026-09-17T17:00:00Z,Real Betis,Getafe,betis,getafe,15,0.5157468456106296,0.2801967937347301,0.20405636065464042,,,
2026-09-08T1731Z,odds_api,2026-09-17T19:30:00Z,Málaga,Villarreal,malaga,villarreal,16,0.2584456341148237,0.2661990031382684,0.4753553627469079,,,
2026-09-08T1731Z,odds_api,2026-09-18T19:00:00Z,Espanyol,Elche CF,espanyol,elche,10,0.4602270734188464,0.28908013049121284,0.25069279608994066,,,
2026-09-08T2135Z,odds_api,2026-09-11T19:00:00Z,Sevilla,Valencia,sevilla,valencia,21,0.4205249189029785,0.30521969920377473,0.2742553818932469,,,
2026-09-08T2135Z,odds_api,2026-09-12T12:00:00Z,Real Racing Club de Santander,Alavés,racing,alaves,21,0.38877150618774525,0.27383036522789017,0.33739812858436463,,,
2026-09-08T2135Z,odds_api,2026-09-12T14:15:00Z,CA Osasuna,Espanyol,osasuna,espanyol,21,0.47742623533594036,0.28083896196231783,0.2417348027017419,,,
2026-09-08T2135Z,odds_api,2026-09-12T16:30:00Z,Athletic Bilbao,Elche CF,athletic,elche,21,0.6672185171880614,0.19877551657894327,0.13400596623299546,,,
2026-09-08T2135Z,odds_api,2026-09-12T19:00:00Z,Real Madrid,Rayo Vallecano,real-madrid,rayo-vallecano,21,0.837916119778254,0.10638710284825022,0.0556967773734957,,,
2026-09-08T2135Z,odds_api,2026-09-13T12:00:00Z,Celta Vigo,Málaga,celta,malaga,21,0.5492607852641784,0.2568165293262239,0.19392268540959764,,,
2026-09-08T2135Z,odds_api,2026-09-13T14:15:00Z,Levante,Barcelona,levante,barcelona,21,0.0865233350812795,0.12690089145254327,0.7865757734661772,,,
2026-09-08T2135Z,odds_api,2026-09-13T16:30:00Z,Getafe,Deportivo La Coruña,getafe,deportivo,20,0.41193974905666164,0.33184035340675516,0.2562198975365831,,,
2026-09-08T2135Z,odds_api,2026-09-13T19:00:00Z,Real Sociedad,Atlético Madrid,real-sociedad,atletico,20,0.3296779292629915,0.2669926891918593,0.4033293815451492,,,
2026-09-08T2135Z,odds_api,2026-09-14T19:00:00Z,Villarreal,Real Betis,villarreal,betis,20,0.5071585373319689,0.24690613001687964,0.24593533265115144,,,
2026-09-08T2135Z,odds_api,2026-09-15T17:00:00Z,Rayo Vallecano,Espanyol,rayo-vallecano,espanyol,16,0.48436308514227355,0.2683162414097486,0.24732067344797787,,,
2026-09-08T2135Z,odds_api,2026-09-15T18:00:00Z,Alavés,Valencia,alaves,valencia,16,0.4197725583170923,0.30691567378593965,0.27331176789696815,,,
2026-09-08T2135Z,odds_api,2026-09-15T19:30:00Z,Elche CF,Real Madrid,elche,real-madrid,16,0.09883135876346755,0.16187894969878308,0.7392896915377494,,,
2026-09-08T2135Z,odds_api,2026-09-16T17:00:00Z,Atlético Madrid,CA Osasuna,atletico,osasuna,15,0.6360374633055309,0.2210987372443036,0.14286379945016542,,,
2026-09-08T2135Z,odds_api,2026-09-16T17:00:00Z,Deportivo La Coruña,Sevilla,deportivo,sevilla,15,0.3816873500886432,0.30660131400563145,0.31171133590572525,,,
2026-09-08T2135Z,odds_api,2026-09-16T19:30:00Z,Levante,Athletic Bilbao,levante,athletic,16,0.3016129357853725,0.279104507741688,0.4192825564729394,,,
2026-09-08T2135Z,odds_api,2026-09-16T19:30:00Z,Barcelona,Real Racing Club de Santander,barcelona,racing,16,0.8618539358431464,0.09028945994547247,0.04785660421138117,,,
2026-09-08T2135Z,odds_api,2026-09-17T17:00:00Z,Real Betis,Getafe,betis,getafe,15,0.5157468456106296,0.2801967937347301,0.20405636065464042,,,
2026-09-08T2135Z,odds_api,2026-09-17T19:30:00Z,Málaga,Villarreal,malaga,villarreal,16,0.2584456341148237,0.2661990031382684,0.4753553627469079,,,
2026-09-08T2135Z,odds_api,2026-09-18T19:00:00Z,Espanyol,Elche CF,espanyol,elche,10,0.4602270734188464,0.28908013049121284,0.25069279608994066,,,
2026-09-09T0804Z,odds_api,2026-09-11T19:00:00Z,Sevilla,Valencia,sevilla,valencia,20,0.4334223578786722,0.29797787104158713,0.26859977107974053,,,
2026-09-09T0804Z,odds_api,2026-09-12T12:00:00Z,Real Racing Club de Santander,Alavés,racing,alaves,20,0.39559785841760864,0.2712671029149316,0.33313503866745986,,,
2026-09-09T0804Z,odds_api,2026-09-12T14:15:00Z,CA Osasuna,Espanyol,osasuna,espanyol,20,0.4514143752470216,0.2916831347749986,0.25690248997797976,,,
2026-09-09T0804Z,odds_api,2026-09-12T16:30:00Z,Athletic Bilbao,Elche CF,athletic,elche,20,0.6673439422508819,0.1988128827955752,0.13384317495354292,,,
2026-09-09T0804Z,odds_api,2026-09-12T19:00:00Z,Real Madrid,Rayo Vallecano,real-madrid,rayo-vallecano,20,0.851302156258751,0.10081209745169421,0.047885746289554755,,,
2026-09-09T0804Z,odds_api,2026-09-13T12:00:00Z,Celta Vigo,Málaga,celta,malaga,20,0.5575134461618995,0.25518400690095,0.18730254693715048,,,
2026-09-09T0804Z,odds_api,2026-09-13T14:15:00Z,Levante,Barcelona,levante,barcelona,20,0.07638542186719921,0.12124670137650667,0.8023678767562942,,,
2026-09-09T0804Z,odds_api,2026-09-13T16:30:00Z,Getafe,Deportivo La Coruña,getafe,deportivo,19,0.39559785841760864,0.33313503866745986,0.2712671029149316,,,
2026-09-09T0804Z,odds_api,2026-09-13T19:00:00Z,Real Sociedad,Atlético Madrid,real-sociedad,atletico,19,0.3282809349238983,0.2680033621271373,0.40371570294896436,,,
2026-09-09T0804Z,odds_api,2026-09-14T19:00:00Z,Villarreal,Real Betis,villarreal,betis,20,0.49917355371900823,0.24958677685950412,0.2512396694214876,,,
2026-09-09T0804Z,odds_api,2026-09-15T17:00:00Z,Rayo Vallecano,Espanyol,rayo-vallecano,espanyol,16,0.4894833156360843,0.2716987099835077,0.23881797438040805,,,
2026-09-09T0804Z,odds_api,2026-09-15T18:00:00Z,Alavés,Valencia,alaves,valencia,16,0.42115269161496893,0.3072343406043626,0.2716129677806684,,,
2026-09-09T0804Z,odds_api,2026-09-15T19:30:00Z,Elche CF,Real Madrid,elche,real-madrid,17,0.09883135876346755,0.16187894969878308,0.7392896915377494,,,
2026-09-09T0804Z,odds_api,2026-09-16T17:00:00Z,Atlético Madrid,CA Osasuna,atletico,osasuna,15,0.6393247632554097,0.21707305915183678,0.14360217759275357,,,
2026-09-09T0804Z,odds_api,2026-09-16T17:00:00Z,Deportivo La Coruña,Sevilla,deportivo,sevilla,15,0.3816873500886432,0.30660131400563145,0.31171133590572525,,,
2026-09-09T0804Z,odds_api,2026-09-16T19:30:00Z,Levante,Athletic Bilbao,levante,athletic,16,0.29891885469882384,0.27693952714743975,0.42414161815373647,,,
2026-09-09T0804Z,odds_api,2026-09-16T19:30:00Z,Barcelona,Real Racing Club de Santander,barcelona,racing,16,0.8570621468926553,0.0919774011299435,0.05096045197740113,,,
2026-09-09T0804Z,odds_api,2026-09-17T17:00:00Z,Real Betis,Getafe,betis,getafe,16,0.5134187044479259,0.2789319528642463,0.2076493426878278,,,
2026-09-09T0804Z,odds_api,2026-09-17T19:30:00Z,Málaga,Villarreal,malaga,villarreal,16,0.25955442078035906,0.2670236127452615,0.47342196647437945,,,
2026-09-09T0804Z,odds_api,2026-09-18T19:00:00Z,Espanyol,Elche CF,espanyol,elche,9,0.46115288220551376,0.2882205513784461,0.2506265664160401,,,
2026-09-10T0505Z,odds_api,2026-09-11T19:00:00Z,Sevilla,Valencia,sevilla,valencia,21,0.44616949918981047,0.2969815728982176,0.25684892791197195,,,
2026-09-10T0505Z,odds_api,2026-09-12T12:00:00Z,Real Racing Club de Santander,Alavés,racing,alaves,21,0.39711510156020013,0.2684721813364733,0.33441271710332643,,,
2026-09-10T0505Z,odds_api,2026-09-12T14:15:00Z,CA Osasuna,Espanyol,osasuna,espanyol,21,0.4510994606419492,0.29147965149172106,0.2574208878663297,,,
2026-09-10T0505Z,odds_api,2026-09-12T16:30:00Z,Athletic Bilbao,Elche CF,athletic,elche,21,0.6728570451800135,0.19499122533788144,0.13215172948210496,,,
2026-09-10T0505Z,odds_api,2026-09-12T19:00:00Z,Real Madrid,Rayo Vallecano,real-madrid,rayo-vallecano,21,0.8518651362984219,0.10043041606886657,0.04770444763271163,,,
2026-09-10T0505Z,odds_api,2026-09-13T12:00:00Z,Celta Vigo,Málaga,celta,malaga,21,0.5568171892741725,0.25539348414708707,0.1877893265787405,,,
2026-09-10T0505Z,odds_api,2026-09-13T14:15:00Z,Levante,Barcelona,levante,barcelona,21,0.0684328229829692,0.11271288491312574,0.818854292103905,,,
2026-09-10T0505Z,odds_api,2026-09-13T16:30:00Z,Getafe,Deportivo La Coruña,getafe,deportivo,20,0.3903726525245786,0.3355835083106027,0.2740438391648188,,,
2026-09-10T0505Z,odds_api,2026-09-13T19:00:00Z,Real Sociedad,Atlético Madrid,real-sociedad,atletico,20,0.3315825934860686,0.2712090914004118,0.3972083151135197,,,
2026-09-10T0505Z,odds_api,2026-09-14T19:00:00Z,Villarreal,Real Betis,villarreal,betis,21,0.5047923322683707,0.2428115015974441,0.25239616613418536,,,
2026-09-10T0505Z,odds_api,2026-09-15T17:00:00Z,Rayo Vallecano,Espanyol,rayo-vallecano,espanyol,18,0.4959766557608984,0.2654522946325935,0.23857104960650807,,,
2026-09-10T0505Z,odds_api,2026-09-15T18:00:00Z,Alavés,Valencia,alaves,valencia,18,0.4301022472395602,0.3081224295798161,0.2617753231806237,,,
2026-09-10T0505Z,odds_api,2026-09-15T19:30:00Z,Elche CF,Real Madrid,elche,real-madrid,18,0.10410481688813909,0.1695825071480999,0.726312675963761,,,
2026-09-10T0505Z,odds_api,2026-09-16T17:00:00Z,Atlético Madrid,CA Osasuna,atletico,osasuna,17,0.6371481479804588,0.21777811986399054,0.14507373215555064,,,
2026-09-10T0505Z,odds_api,2026-09-16T17:00:00Z,Deportivo La Coruña,Sevilla,deportivo,sevilla,17,0.3816873500886432,0.30660131400563145,0.31171133590572525,,,
2026-09-10T0505Z,odds_api,2026-09-16T19:30:00Z,Levante,Athletic Bilbao,levante,athletic,18,0.2983069067454985,0.27841977962913195,0.42327331362536946,,,
2026-09-10T0505Z,odds_api,2026-09-16T19:30:00Z,Barcelona,Real Racing Club de Santander,barcelona,racing,18,0.8635793738783255,0.0879645966880713,0.04845602943360321,,,
2026-09-10T0505Z,odds_api,2026-09-17T17:00:00Z,Real Betis,Getafe,betis,getafe,17,0.5157468456106296,0.2801967937347301,0.20405636065464042,,,
2026-09-10T0505Z,odds_api,2026-09-17T19:30:00Z,Málaga,Villarreal,malaga,villarreal,17,0.27886220353096014,0.26094647537114984,0.46019132109788996,,,
2026-09-10T0505Z,odds_api,2026-09-18T19:00:00Z,Espanyol,Elche CF,espanyol,elche,11,0.4688657542792529,0.28276211642687255,0.24837212929387448,,,
2026-09-10T0803Z,odds_api,2026-09-11T19:00:00Z,Sevilla,Valencia,sevilla,valencia,21,0.44616949918981047,0.2969815728982176,0.25684892791197195,,,
2026-09-10T0803Z,odds_api,2026-09-12T12:00:00Z,Real Racing Club de Santander,Alavés,racing,alaves,21,0.39711510156020013,0.2684721813364733,0.33441271710332643,,,
2026-09-10T0803Z,odds_api,2026-09-12T14:15:00Z,CA Osasuna,Espanyol,osasuna,espanyol,21,0.4510994606419492,0.29147965149172106,0.2574208878663297,,,
2026-09-10T0803Z,odds_api,2026-09-12T16:30:00Z,Athletic Bilbao,Elche CF,athletic,elche,21,0.6728570451800135,0.19499122533788144,0.13215172948210496,,,
2026-09-10T0803Z,odds_api,2026-09-12T19:00:00Z,Real Madrid,Rayo Vallecano,real-madrid,rayo-vallecano,21,0.8518651362984219,0.10043041606886657,0.04770444763271163,,,
2026-09-10T0803Z,odds_api,2026-09-13T12:00:00Z,Celta Vigo,Málaga,celta,malaga,21,0.5568171892741725,0.25539348414708707,0.1877893265787405,,,
2026-09-10T0803Z,odds_api,2026-09-13T14:15:00Z,Levante,Barcelona,levante,barcelona,21,0.0684328229829692,0.11271288491312574,0.818854292103905,,,
2026-09-10T0803Z,odds_api,2026-09-13T16:30:00Z,Getafe,Deportivo La Coruña,getafe,deportivo,20,0.3903726525245786,0.3355835083106027,0.2740438391648188,,,
2026-09-10T0803Z,odds_api,2026-09-13T19:00:00Z,Real Sociedad,Atlético Madrid,real-sociedad,atletico,20,0.3315825934860686,0.2712090914004118,0.3972083151135197,,,
2026-09-10T0803Z,odds_api,2026-09-14T19:00:00Z,Villarreal,Real Betis,villarreal,betis,21,0.5047923322683707,0.2428115015974441,0.25239616613418536,,,
2026-09-10T0803Z,odds_api,2026-09-15T17:00:00Z,Rayo Vallecano,Espanyol,rayo-vallecano,espanyol,18,0.4959766557608984,0.2654522946325935,0.23857104960650807,,,
2026-09-10T0803Z,odds_api,2026-09-15T18:00:00Z,Alavés,Valencia,alaves,valencia,18,0.4301022472395602,0.3081224295798161,0.2617753231806237,,,
2026-09-10T0803Z,odds_api,2026-09-15T19:30:00Z,Elche CF,Real Madrid,elche,real-madrid,18,0.10410481688813909,0.1695825071480999,0.726312675963761,,,
2026-09-10T0803Z,odds_api,2026-09-16T17:00:00Z,Atlético Madrid,CA Osasuna,atletico,osasuna,17,0.6371481479804588,0.21777811986399054,0.14507373215555064,,,
2026-09-10T0803Z,odds_api,2026-09-16T17:00:00Z,Deportivo La Coruña,Sevilla,deportivo,sevilla,17,0.3816873500886432,0.30660131400563145,0.31171133590572525,,,
2026-09-10T0803Z,odds_api,2026-09-16T19:30:00Z,Levante,Athletic Bilbao,levante,athletic,18,0.2983069067454985,0.27841977962913195,0.42327331362536946,,,
2026-09-10T0803Z,odds_api,2026-09-16T19:30:00Z,Barcelona,Real Racing Club de Santander,barcelona,racing,18,0.8635793738783255,0.0879645966880713,0.04845602943360321,,,
2026-09-10T0803Z,odds_api,2026-09-17T17:00:00Z,Real Betis,Getafe,betis,getafe,17,0.5157468456106296,0.2801967937347301,0.20405636065464042,,,
2026-09-10T0803Z,odds_api,2026-09-17T19:30:00Z,Málaga,Villarreal,malaga,villarreal,17,0.27886220353096014,0.26094647537114984,0.46019132109788996,,,
2026-09-10T0803Z,odds_api,2026-09-18T19:00:00Z,Espanyol,Elche CF,espanyol,elche,11,0.4688657542792529,0.28276211642687255,0.24837212929387448,,,
2026-09-10T0836Z,odds_api,2026-09-11T19:00:00Z,Sevilla,Valencia,sevilla,valencia,21,0.44616949918981047,0.2969815728982176,0.25684892791197195,,,
2026-09-10T0836Z,odds_api,2026-09-12T12:00:00Z,Real Racing Club de Santander,Alavés,racing,alaves,21,0.39711510156020013,0.2684721813364733,0.33441271710332643,,,
2026-09-10T0836Z,odds_api,2026-09-12T14:15:00Z,CA Osasuna,Espanyol,osasuna,espanyol,21,0.4510994606419492,0.29147965149172106,0.2574208878663297,,,
2026-09-10T0836Z,odds_api,2026-09-12T16:30:00Z,Athletic Bilbao,Elche CF,athletic,elche,21,0.6728570451800135,0.19499122533788144,0.13215172948210496,,,
2026-09-10T0836Z,odds_api,2026-09-12T19:00:00Z,Real Madrid,Rayo Vallecano,real-madrid,rayo-vallecano,21,0.8518651362984219,0.10043041606886657,0.04770444763271163,,,
2026-09-10T0836Z,odds_api,2026-09-13T12:00:00Z,Celta Vigo,Málaga,celta,malaga,21,0.5568171892741725,0.25539348414708707,0.1877893265787405,,,
2026-09-10T0836Z,odds_api,2026-09-13T14:15:00Z,Levante,Barcelona,levante,barcelona,21,0.0684328229829692,0.11271288491312574,0.818854292103905,,,
2026-09-10T0836Z,odds_api,2026-09-13T16:30:00Z,Getafe,Deportivo La Coruña,getafe,deportivo,20,0.3903726525245786,0.3355835083106027,0.2740438391648188,,,
2026-09-10T0836Z,odds_api,2026-09-13T19:00:00Z,Real Sociedad,Atlético Madrid,real-sociedad,atletico,20,0.3315825934860686,0.2712090914004118,0.3972083151135197,,,
2026-09-10T0836Z,odds_api,2026-09-14T19:00:00Z,Villarreal,Real Betis,villarreal,betis,21,0.5047923322683707,0.2428115015974441,0.25239616613418536,,,
2026-09-10T0836Z,odds_api,2026-09-15T17:00:00Z,Rayo Vallecano,Espanyol,rayo-vallecano,espanyol,18,0.4959766557608984,0.2654522946325935,0.23857104960650807,,,
2026-09-10T0836Z,odds_api,2026-09-15T18:00:00Z,Alavés,Valencia,alaves,valencia,18,0.4301022472395602,0.3081224295798161,0.2617753231806237,,,
2026-09-10T0836Z,odds_api,2026-09-15T19:30:00Z,Elche CF,Real Madrid,elche,real-madrid,18,0.10410481688813909,0.1695825071480999,0.726312675963761,,,
2026-09-10T0836Z,odds_api,2026-09-16T17:00:00Z,Atlético Madrid,CA Osasuna,atletico,osasuna,17,0.6371481479804588,0.21777811986399054,0.14507373215555064,,,
2026-09-10T0836Z,odds_api,2026-09-16T17:00:00Z,Deportivo La Coruña,Sevilla,deportivo,sevilla,17,0.3816873500886432,0.30660131400563145,0.31171133590572525,,,
2026-09-10T0836Z,odds_api,2026-09-16T19:30:00Z,Levante,Athletic Bilbao,levante,athletic,18,0.2983069067454985,0.27841977962913195,0.42327331362536946,,,
2026-09-10T0836Z,odds_api,2026-09-16T19:30:00Z,Barcelona,Real Racing Club de Santander,barcelona,racing,18,0.8635793738783255,0.0879645966880713,0.04845602943360321,,,
2026-09-10T0836Z,odds_api,2026-09-17T17:00:00Z,Real Betis,Getafe,betis,getafe,17,0.5157468456106296,0.2801967937347301,0.20405636065464042,,,
2026-09-10T0836Z,odds_api,2026-09-17T19:30:00Z,Málaga,Villarreal,malaga,villarreal,17,0.27886220353096014,0.26094647537114984,0.46019132109788996,,,
2026-09-10T0836Z,odds_api,2026-09-18T19:00:00Z,Espanyol,Elche CF,espanyol,elche,11,0.4688657542792529,0.28276211642687255,0.24837212929387448,,,
2026-09-10T2144Z,odds_api,2026-09-11T19:00:00Z,Sevilla,Valencia,sevilla,valencia,21,0.44616949918981047,0.2969815728982176,0.25684892791197195,,,
2026-09-10T2144Z,odds_api,2026-09-12T12:00:00Z,Real Racing Club de Santander,Alavés,racing,alaves,21,0.39711510156020013,0.2684721813364733,0.33441271710332643,,,
2026-09-10T2144Z,odds_api,2026-09-12T14:15:00Z,CA Osasuna,Espanyol,osasuna,espanyol,21,0.4510994606419492,0.29147965149172106,0.2574208878663297,,,
2026-09-10T2144Z,odds_api,2026-09-12T16:30:00Z,Athletic Bilbao,Elche CF,athletic,elche,21,0.6728570451800135,0.19499122533788144,0.13215172948210496,,,
2026-09-10T2144Z,odds_api,2026-09-12T19:00:00Z,Real Madrid,Rayo Vallecano,real-madrid,rayo-vallecano,21,0.8518651362984219,0.10043041606886657,0.04770444763271163,,,
2026-09-10T2144Z,odds_api,2026-09-13T12:00:00Z,Celta Vigo,Málaga,celta,malaga,21,0.5568171892741725,0.25539348414708707,0.1877893265787405,,,
2026-09-10T2144Z,odds_api,2026-09-13T14:15:00Z,Levante,Barcelona,levante,barcelona,21,0.0684328229829692,0.11271288491312574,0.818854292103905,,,
2026-09-10T2144Z,odds_api,2026-09-13T16:30:00Z,Getafe,Deportivo La Coruña,getafe,deportivo,20,0.3903726525245786,0.3355835083106027,0.2740438391648188,,,
2026-09-10T2144Z,odds_api,2026-09-13T19:00:00Z,Real Sociedad,Atlético Madrid,real-sociedad,atletico,20,0.3315825934860686,0.2712090914004118,0.3972083151135197,,,
2026-09-10T2144Z,odds_api,2026-09-14T19:00:00Z,Villarreal,Real Betis,villarreal,betis,21,0.5047923322683707,0.2428115015974441,0.25239616613418536,,,
2026-09-10T2144Z,odds_api,2026-09-15T17:00:00Z,Rayo Vallecano,Espanyol,rayo-vallecano,espanyol,18,0.4959766557608984,0.2654522946325935,0.23857104960650807,,,
2026-09-10T2144Z,odds_api,2026-09-15T18:00:00Z,Alavés,Valencia,alaves,valencia,18,0.4301022472395602,0.3081224295798161,0.2617753231806237,,,
2026-09-10T2144Z,odds_api,2026-09-15T19:30:00Z,Elche CF,Real Madrid,elche,real-madrid,18,0.10410481688813909,0.1695825071480999,0.726312675963761,,,
2026-09-10T2144Z,odds_api,2026-09-16T17:00:00Z,Atlético Madrid,CA Osasuna,atletico,osasuna,17,0.6371481479804588,0.21777811986399054,0.14507373215555064,,,
2026-09-10T2144Z,odds_api,2026-09-16T17:00:00Z,Deportivo La Coruña,Sevilla,deportivo,sevilla,17,0.3816873500886432,0.30660131400563145,0.31171133590572525,,,
2026-09-10T2144Z,odds_api,2026-09-16T19:30:00Z,Levante,Athletic Bilbao,levante,athletic,18,0.2983069067454985,0.27841977962913195,0.42327331362536946,,,
2026-09-10T2144Z,odds_api,2026-09-16T19:30:00Z,Barcelona,Real Racing Club de Santander,barcelona,racing,18,0.8635793738783255,0.0879645966880713,0.04845602943360321,,,
2026-09-10T2144Z,odds_api,2026-09-17T17:00:00Z,Real Betis,Getafe,betis,getafe,17,0.5157468456106296,0.2801967937347301,0.20405636065464042,,,
2026-09-10T2144Z,odds_api,2026-09-17T19:30:00Z,Málaga,Villarreal,malaga,villarreal,17,0.27886220353096014,0.26094647537114984,0.46019132109788996,,,
2026-09-10T2144Z,odds_api,2026-09-18T19:00:00Z,Espanyol,Elche CF,espanyol,elche,11,0.4688657542792529,0.28276211642687255,0.24837212929387448,,,
2026-09-11T0753Z,odds_api,2026-09-11T19:00:00Z,Sevilla,Valencia,sevilla,valencia,21,0.47883635334088337,0.2887528312570782,0.23241081540203853,,,
2026-09-11T0753Z,odds_api,2026-09-12T12:00:00Z,Real Racing Club de Santander,Alavés,racing,alaves,21,0.39559785841760864,0.2712671029149316,0.33313503866745986,,,
2026-09-11T0753Z,odds_api,2026-09-12T14:15:00Z,CA Osasuna,Espanyol,osasuna,espanyol,21,0.44639734837542383,0.2957382432987183,0.25786440832585794,,,
2026-09-11T0753Z,odds_api,2026-09-12T16:30:00Z,Athletic Bilbao,Elche CF,athletic,elche,21,0.6747877486825139,0.19555073533248357,0.12966151598500264,,,
2026-09-11T0753Z,odds_api,2026-09-12T19:00:00Z,Real Madrid,Rayo Vallecano,real-madrid,rayo-vallecano,21,0.8538798164158395,0.09872985377308147,0.0473903298110791,,,
2026-09-11T0753Z,odds_api,2026-09-13T12:00:00Z,Celta Vigo,Málaga,celta,malaga,21,0.5513993621650621,0.2578164585258263,0.1907841793091115,,,
2026-09-11T0753Z,odds_api,2026-09-13T14:15:00Z,Levante,Barcelona,levante,barcelona,21,0.0637115533729646,0.11243215301111399,0.8238562936159215,,,
2026-09-11T0753Z,odds_api,2026-09-13T16:30:00Z,Getafe,Deportivo La Coruña,getafe,deportivo,20,0.3896023198011599,0.3349212924606462,0.27547638773819394,,,
2026-09-11T0753Z,odds_api,2026-09-13T19:00:00Z,Real Sociedad,Atlético Madrid,real-sociedad,atletico,20,0.33208023881115123,0.27067137530411045,0.39724838588473826,,,
2026-09-11T0753Z,odds_api,2026-09-14T19:00:00Z,Villarreal,Real Betis,villarreal,betis,21,0.49955142321180984,0.24467824810374358,0.2557703286844466,,,
2026-09-11T0753Z,odds_api,2026-09-15T17:00:00Z,Rayo Vallecano,Espanyol,rayo-vallecano,espanyol,19,0.47356892523364486,0.27453271028037385,0.2518983644859813,,,
2026-09-11T0753Z,odds_api,2026-09-15T18:00:00Z,Alavés,Valencia,alaves,valencia,19,0.44752334170760055,0.3060482207806817,0.24642843751171772,,,
2026-09-11T0753Z,odds_api,2026-09-15T19:30:00Z,Elche CF,Real Madrid,elche,real-madrid,19,0.0996805786542066,0.16050262664660386,0.7398167946991897,,,
2026-09-11T0753Z,odds_api,2026-09-16T17:00:00Z,Atlético Madrid,CA Osasuna,atletico,osasuna,18,0.6448291360782338,0.21469879189877555,0.1404720720229907,,,
2026-09-11T0753Z,odds_api,2026-09-16T17:00:00Z,Deportivo La Coruña,Sevilla,deportivo,sevilla,18,0.387022122074877,0.30524809305583045,0.3077297848692925,,,
2026-09-11T0753Z,odds_api,2026-09-16T19:30:00Z,Levante,Athletic Bilbao,levante,athletic,19,0.29891885469882384,0.27693952714743975,0.42414161815373647,,,
2026-09-11T0753Z,odds_api,2026-09-16T19:30:00Z,Barcelona,Real Racing Club de Santander,barcelona,racing,19,0.8748876132512623,0.08216335846185768,0.04294902828688015,,,
2026-09-11T0753Z,odds_api,2026-09-17T17:00:00Z,Real Betis,Getafe,betis,getafe,18,0.5093873303559814,0.2817066296665655,0.20890603997745305,,,
2026-09-11T0753Z,odds_api,2026-09-17T19:30:00Z,Málaga,Villarreal,malaga,villarreal,18,0.27399417219347105,0.26211470458787994,0.463891123218649,,,
2026-09-11T0753Z,odds_api,2026-09-18T19:00:00Z,Espanyol,Elche CF,espanyol,elche,11,0.47630044454708154,0.2785635933260204,0.24513596212689795,,,
2026-09-11T0805Z,odds_api,2026-09-11T19:00:00Z,Sevilla,Valencia,sevilla,valencia,21,0.47883635334088337,0.2887528312570782,0.23241081540203853,,,
2026-09-11T0805Z,odds_api,2026-09-12T12:00:00Z,Real Racing Club de Santander,Alavés,racing,alaves,21,0.39559785841760864,0.2712671029149316,0.33313503866745986,,,
2026-09-11T0805Z,odds_api,2026-09-12T14:15:00Z,CA Osasuna,Espanyol,osasuna,espanyol,21,0.44639734837542383,0.2957382432987183,0.25786440832585794,,,
2026-09-11T0805Z,odds_api,2026-09-12T16:30:00Z,Athletic Bilbao,Elche CF,athletic,elche,21,0.6747877486825139,0.19555073533248357,0.12966151598500264,,,
2026-09-11T0805Z,odds_api,2026-09-12T19:00:00Z,Real Madrid,Rayo Vallecano,real-madrid,rayo-vallecano,21,0.8538798164158395,0.09872985377308147,0.0473903298110791,,,
2026-09-11T0805Z,odds_api,2026-09-13T12:00:00Z,Celta Vigo,Málaga,celta,malaga,21,0.5513993621650621,0.2578164585258263,0.1907841793091115,,,
2026-09-11T0805Z,odds_api,2026-09-13T14:15:00Z,Levante,Barcelona,levante,barcelona,21,0.0637115533729646,0.11243215301111399,0.8238562936159215,,,
2026-09-11T0805Z,odds_api,2026-09-13T16:30:00Z,Getafe,Deportivo La Coruña,getafe,deportivo,20,0.3896023198011599,0.3349212924606462,0.27547638773819394,,,
2026-09-11T0805Z,odds_api,2026-09-13T19:00:00Z,Real Sociedad,Atlético Madrid,real-sociedad,atletico,20,0.33208023881115123,0.27067137530411045,0.39724838588473826,,,
2026-09-11T0805Z,odds_api,2026-09-14T19:00:00Z,Villarreal,Real Betis,villarreal,betis,21,0.49955142321180984,0.24467824810374358,0.2557703286844466,,,
2026-09-11T0805Z,odds_api,2026-09-15T17:00:00Z,Rayo Vallecano,Espanyol,rayo-vallecano,espanyol,19,0.47356892523364486,0.27453271028037385,0.2518983644859813,,,
2026-09-11T0805Z,odds_api,2026-09-15T18:00:00Z,Alavés,Valencia,alaves,valencia,19,0.44752334170760055,0.3060482207806817,0.24642843751171772,,,
2026-09-11T0805Z,odds_api,2026-09-15T19:30:00Z,Elche CF,Real Madrid,elche,real-madrid,19,0.0996805786542066,0.16050262664660386,0.7398167946991897,,,
2026-09-11T0805Z,odds_api,2026-09-16T17:00:00Z,Atlético Madrid,CA Osasuna,atletico,osasuna,18,0.6448291360782338,0.21469879189877555,0.1404720720229907,,,
2026-09-11T0805Z,odds_api,2026-09-16T17:00:00Z,Deportivo La Coruña,Sevilla,deportivo,sevilla,18,0.387022122074877,0.30524809305583045,0.3077297848692925,,,
2026-09-11T0805Z,odds_api,2026-09-16T19:30:00Z,Levante,Athletic Bilbao,levante,athletic,19,0.29891885469882384,0.27693952714743975,0.42414161815373647,,,
2026-09-11T0805Z,odds_api,2026-09-16T19:30:00Z,Barcelona,Real Racing Club de Santander,barcelona,racing,19,0.8748876132512623,0.08216335846185768,0.04294902828688015,,,
2026-09-11T0805Z,odds_api,2026-09-17T17:00:00Z,Real Betis,Getafe,betis,getafe,18,0.5093873303559814,0.2817066296665655,0.20890603997745305,,,
2026-09-11T0805Z,odds_api,2026-09-17T19:30:00Z,Málaga,Villarreal,malaga,villarreal,18,0.27399417219347105,0.26211470458787994,0.463891123218649,,,
2026-09-11T0805Z,odds_api,2026-09-18T19:00:00Z,Espanyol,Elche CF,espanyol,elche,11,0.47630044454708154,0.2785635933260204,0.24513596212689795,,,
2026-09-11T2025Z,odds_api,2026-09-11T19:00:00Z,Sevilla,Valencia,sevilla,valencia,21,0.47883635334088337,0.2887528312570782,0.23241081540203853,,,
2026-09-11T2025Z,odds_api,2026-09-12T12:00:00Z,Real Racing Club de Santander,Alavés,racing,alaves,21,0.39559785841760864,0.2712671029149316,0.33313503866745986,,,
2026-09-11T2025Z,odds_api,2026-09-12T14:15:00Z,CA Osasuna,Espanyol,osasuna,espanyol,21,0.44639734837542383,0.2957382432987183,0.25786440832585794,,,
2026-09-11T2025Z,odds_api,2026-09-12T16:30:00Z,Athletic Bilbao,Elche CF,athletic,elche,21,0.6747877486825139,0.19555073533248357,0.12966151598500264,,,
2026-09-11T2025Z,odds_api,2026-09-12T19:00:00Z,Real Madrid,Rayo Vallecano,real-madrid,rayo-vallecano,21,0.8538798164158395,0.09872985377308147,0.0473903298110791,,,
2026-09-11T2025Z,odds_api,2026-09-13T12:00:00Z,Celta Vigo,Málaga,celta,malaga,21,0.5513993621650621,0.2578164585258263,0.1907841793091115,,,
2026-09-11T2025Z,odds_api,2026-09-13T14:15:00Z,Levante,Barcelona,levante,barcelona,21,0.0637115533729646,0.11243215301111399,0.8238562936159215,,,
2026-09-11T2025Z,odds_api,2026-09-13T16:30:00Z,Getafe,Deportivo La Coruña,getafe,deportivo,20,0.3896023198011599,0.3349212924606462,0.27547638773819394,,,
2026-09-11T2025Z,odds_api,2026-09-13T19:00:00Z,Real Sociedad,Atlético Madrid,real-sociedad,atletico,20,0.33208023881115123,0.27067137530411045,0.39724838588473826,,,
2026-09-11T2025Z,odds_api,2026-09-14T19:00:00Z,Villarreal,Real Betis,villarreal,betis,21,0.49955142321180984,0.24467824810374358,0.2557703286844466,,,
2026-09-11T2025Z,odds_api,2026-09-15T17:00:00Z,Rayo Vallecano,Espanyol,rayo-vallecano,espanyol,19,0.47356892523364486,0.27453271028037385,0.2518983644859813,,,
2026-09-11T2025Z,odds_api,2026-09-15T18:00:00Z,Alavés,Valencia,alaves,valencia,19,0.44752334170760055,0.3060482207806817,0.24642843751171772,,,
2026-09-11T2025Z,odds_api,2026-09-15T19:30:00Z,Elche CF,Real Madrid,elche,real-madrid,19,0.0996805786542066,0.16050262664660386,0.7398167946991897,,,
2026-09-11T2025Z,odds_api,2026-09-16T17:00:00Z,Atlético Madrid,CA Osasuna,atletico,osasuna,18,0.6448291360782338,0.21469879189877555,0.1404720720229907,,,
2026-09-11T2025Z,odds_api,2026-09-16T17:00:00Z,Deportivo La Coruña,Sevilla,deportivo,sevilla,18,0.387022122074877,0.30524809305583045,0.3077297848692925,,,
2026-09-11T2025Z,odds_api,2026-09-16T19:30:00Z,Levante,Athletic Bilbao,levante,athletic,19,0.29891885469882384,0.27693952714743975,0.42414161815373647,,,
2026-09-11T2025Z,odds_api,2026-09-16T19:30:00Z,Barcelona,Real Racing Club de Santander,barcelona,racing,19,0.8748876132512623,0.08216335846185768,0.04294902828688015,,,
2026-09-11T2025Z,odds_api,2026-09-17T17:00:00Z,Real Betis,Getafe,betis,getafe,18,0.5093873303559814,0.2817066296665655,0.20890603997745305,,,
2026-09-11T2025Z,odds_api,2026-09-17T19:30:00Z,Málaga,Villarreal,malaga,villarreal,18,0.27399417219347105,0.26211470458787994,0.463891123218649,,,
2026-09-11T2025Z,odds_api,2026-09-18T19:00:00Z,Espanyol,Elche CF,espanyol,elche,11,0.47630044454708154,0.2785635933260204,0.24513596212689795,,,
2026-09-12T0617Z,odds_api,2026-09-12T12:00:00Z,Real Racing Club de Santander,Alavés,racing,alaves,21,0.38308457711442784,0.2714427860696517,0.3454726368159204,,,
2026-09-12T0617Z,odds_api,2026-09-12T14:15:00Z,CA Osasuna,Espanyol,osasuna,espanyol,21,0.42475230110804946,0.3006976607844286,0.2745500381075218,,,
2026-09-12T0617Z,odds_api,2026-09-12T16:30:00Z,Athletic Bilbao,Elche CF,athletic,elche,21,0.6827586206896552,0.1931034482758621,0.12413793103448276,,,
2026-09-12T0617Z,odds_api,2026-09-12T19:00:00Z,Real Madrid,Rayo Vallecano,real-madrid,rayo-vallecano,21,0.849101764557265,0.10063428320678698,0.05026395223594803,,,
2026-09-12T0617Z,odds_api,2026-09-13T12:00:00Z,Celta Vigo,Málaga,celta,malaga,21,0.5563417654342827,0.2571201132142225,0.18653812135149483,,,
2026-09-12T0617Z,odds_api,2026-09-13T14:15:00Z,Levante,Barcelona,levante,barcelona,21,0.06395669390005514,0.10901709187509397,0.8270262142248509,,,
2026-09-12T0617Z,odds_api,2026-09-13T16:30:00Z,Getafe,Deportivo La Coruña,getafe,deportivo,20,0.3911140064632933,0.3342620580631999,0.27462393547350666,,,
2026-09-12T0617Z,odds_api,2026-09-13T19:00:00Z,Real Sociedad,Atlético Madrid,real-sociedad,atletico,20,0.32292266912527373,0.26910222427106145,0.40797510660366487,,,
2026-09-12T0617Z,odds_api,2026-09-14T19:00:00Z,Villarreal,Real Betis,villarreal,betis,21,0.4973389138634838,0.24802356223841263,0.2546375238981037,,,
2026-09-12T0617Z,odds_api,2026-09-15T17:00:00Z,Rayo Vallecano,Espanyol,rayo-vallecano,espanyol,18,0.4675699295812704,0.27710394356066465,0.25532612685806494,,,
2026-09-12T0617Z,odds_api,2026-09-15T18:00:00Z,Alavés,Valencia,alaves,valencia,18,0.48478190572799235,0.2946565020752953,0.22056159219671226,,,
2026-09-12T0617Z,odds_api,2026-09-15T19:30:00Z,Elche CF,Real Madrid,elche,real-madrid,18,0.10013813213334946,0.16719097831955704,0.7326708895470936,,,
2026-09-12T0617Z,odds_api,2026-09-16T17:00:00Z,Atlético Madrid,CA Osasuna,atletico,osasuna,17,0.6459470627895344,0.21433697992561823,0.13971595728484745,,,
2026-09-12T0617Z,odds_api,2026-09-16T17:00:00Z,Deportivo La Coruña,Sevilla,deportivo,sevilla,17,0.3835842441740565,0.303155289750464,0.3132604660754795,,,
2026-09-12T0617Z,odds_api,2026-09-16T19:30:00Z,Levante,Athletic Bilbao,levante,athletic,18,0.29997747916823064,0.2777569251557691,0.4222655956760003,,,
2026-09-12T0617Z,odds_api,2026-09-16T19:30:00Z,Barcelona,Real Racing Club de Santander,barcelona,racing,18,0.8775226630021045,0.07861140522727186,0.04386593177062369,,,
2026-09-12T0617Z,odds_api,2026-09-17T17:00:00Z,Real Betis,Getafe,betis,getafe,18,0.5160230583276514,0.27979916940432653,0.20417777226802208,,,
2026-09-12T0617Z,odds_api,2026-09-17T19:30:00Z,Málaga,Villarreal,malaga,villarreal,18,0.2605484851928957,0.25910699979763757,0.48034451500946673,,,
2026-09-12T0617Z,odds_api,2026-09-18T19:00:00Z,Espanyol,Elche CF,espanyol,elche,11,0.4889432159128792,0.28003111456828533,0.2310256695188354,,,
2026-09-12T0804Z,odds_api,2026-09-12T12:00:00Z,Real Racing Club de Santander,Alavés,racing,alaves,21,0.38308457711442784,0.2714427860696517,0.3454726368159204,,,
2026-09-12T0804Z,odds_api,2026-09-12T14:15:00Z,CA Osasuna,Espanyol,osasuna,espanyol,21,0.42475230110804946,0.3006976607844286,0.2745500381075218,,,
2026-09-12T0804Z,odds_api,2026-09-12T16:30:00Z,Athletic Bilbao,Elche CF,athletic,elche,21,0.6827586206896552,0.1931034482758621,0.12413793103448276,,,
2026-09-12T0804Z,odds_api,2026-09-12T19:00:00Z,Real Madrid,Rayo Vallecano,real-madrid,rayo-vallecano,21,0.849101764557265,0.10063428320678698,0.05026395223594803,,,
2026-09-12T0804Z,odds_api,2026-09-13T12:00:00Z,Celta Vigo,Málaga,celta,malaga,21,0.5563417654342827,0.2571201132142225,0.18653812135149483,,,
2026-09-12T0804Z,odds_api,2026-09-13T14:15:00Z,Levante,Barcelona,levante,barcelona,21,0.06395669390005514,0.10901709187509397,0.8270262142248509,,,
2026-09-12T0804Z,odds_api,2026-09-13T16:30:00Z,Getafe,Deportivo La Coruña,getafe,deportivo,20,0.3911140064632933,0.3342620580631999,0.27462393547350666,,,
2026-09-12T0804Z,odds_api,2026-09-13T19:00:00Z,Real Sociedad,Atlético Madrid,real-sociedad,atletico,20,0.32292266912527373,0.26910222427106145,0.40797510660366487,,,
2026-09-12T0804Z,odds_api,2026-09-14T19:00:00Z,Villarreal,Real Betis,villarreal,betis,21,0.4973389138634838,0.24802356223841263,0.2546375238981037,,,
2026-09-12T0804Z,odds_api,2026-09-15T17:00:00Z,Rayo Vallecano,Espanyol,rayo-vallecano,espanyol,18,0.4675699295812704,0.27710394356066465,0.25532612685806494,,,
2026-09-12T0804Z,odds_api,2026-09-15T18:00:00Z,Alavés,Valencia,alaves,valencia,18,0.48478190572799235,0.2946565020752953,0.22056159219671226,,,
2026-09-12T0804Z,odds_api,2026-09-15T19:30:00Z,Elche CF,Real Madrid,elche,real-madrid,18,0.10013813213334946,0.16719097831955704,0.7326708895470936,,,
2026-09-12T0804Z,odds_api,2026-09-16T17:00:00Z,Atlético Madrid,CA Osasuna,atletico,osasuna,17,0.6459470627895344,0.21433697992561823,0.13971595728484745,,,
2026-09-12T0804Z,odds_api,2026-09-16T17:00:00Z,Deportivo La Coruña,Sevilla,deportivo,sevilla,17,0.3835842441740565,0.303155289750464,0.3132604660754795,,,
2026-09-12T0804Z,odds_api,2026-09-16T19:30:00Z,Levante,Athletic Bilbao,levante,athletic,18,0.29997747916823064,0.2777569251557691,0.4222655956760003,,,
2026-09-12T0804Z,odds_api,2026-09-16T19:30:00Z,Barcelona,Real Racing Club de Santander,barcelona,racing,18,0.8775226630021045,0.07861140522727186,0.04386593177062369,,,
2026-09-12T0804Z,odds_api,2026-09-17T17:00:00Z,Real Betis,Getafe,betis,getafe,18,0.5160230583276514,0.27979916940432653,0.20417777226802208,,,
2026-09-12T0804Z,odds_api,2026-09-17T19:30:00Z,Málaga,Villarreal,malaga,villarreal,18,0.2605484851928957,0.25910699979763757,0.48034451500946673,,,
2026-09-12T0804Z,odds_api,2026-09-18T19:00:00Z,Espanyol,Elche CF,espanyol,elche,11,0.4889432159128792,0.28003111456828533,0.2310256695188354,,,
2026-09-12T1255Z,odds_api,2026-09-12T12:00:00Z,Real Racing Club de Santander,Alavés,racing,alaves,21,0.38308457711442784,0.2714427860696517,0.3454726368159204,,,
2026-09-12T1255Z,odds_api,2026-09-12T14:15:00Z,CA Osasuna,Espanyol,osasuna,espanyol,21,0.42475230110804946,0.3006976607844286,0.2745500381075218,,,
2026-09-12T1255Z,odds_api,2026-09-12T16:30:00Z,Athletic Bilbao,Elche CF,athletic,elche,21,0.6827586206896552,0.1931034482758621,0.12413793103448276,,,
2026-09-12T1255Z,odds_api,2026-09-12T19:00:00Z,Real Madrid,Rayo Vallecano,real-madrid,rayo-vallecano,21,0.849101764557265,0.10063428320678698,0.05026395223594803,,,
2026-09-12T1255Z,odds_api,2026-09-13T12:00:00Z,Celta Vigo,Málaga,celta,malaga,21,0.5563417654342827,0.2571201132142225,0.18653812135149483,,,
2026-09-12T1255Z,odds_api,2026-09-13T14:15:00Z,Levante,Barcelona,levante,barcelona,21,0.06395669390005514,0.10901709187509397,0.8270262142248509,,,
2026-09-12T1255Z,odds_api,2026-09-13T16:30:00Z,Getafe,Deportivo La Coruña,getafe,deportivo,20,0.3911140064632933,0.3342620580631999,0.27462393547350666,,,
2026-09-12T1255Z,odds_api,2026-09-13T19:00:00Z,Real Sociedad,Atlético Madrid,real-sociedad,atletico,20,0.32292266912527373,0.26910222427106145,0.40797510660366487,,,
2026-09-12T1255Z,odds_api,2026-09-14T19:00:00Z,Villarreal,Real Betis,villarreal,betis,21,0.4973389138634838,0.24802356223841263,0.2546375238981037,,,
2026-09-12T1255Z,odds_api,2026-09-15T17:00:00Z,Rayo Vallecano,Espanyol,rayo-vallecano,espanyol,18,0.4675699295812704,0.27710394356066465,0.25532612685806494,,,
2026-09-12T1255Z,odds_api,2026-09-15T18:00:00Z,Alavés,Valencia,alaves,valencia,18,0.48478190572799235,0.2946565020752953,0.22056159219671226,,,
2026-09-12T1255Z,odds_api,2026-09-15T19:30:00Z,Elche CF,Real Madrid,elche,real-madrid,18,0.10013813213334946,0.16719097831955704,0.7326708895470936,,,
2026-09-12T1255Z,odds_api,2026-09-16T17:00:00Z,Atlético Madrid,CA Osasuna,atletico,osasuna,17,0.6459470627895344,0.21433697992561823,0.13971595728484745,,,
2026-09-12T1255Z,odds_api,2026-09-16T17:00:00Z,Deportivo La Coruña,Sevilla,deportivo,sevilla,17,0.3835842441740565,0.303155289750464,0.3132604660754795,,,
2026-09-12T1255Z,odds_api,2026-09-16T19:30:00Z,Levante,Athletic Bilbao,levante,athletic,18,0.29997747916823064,0.2777569251557691,0.4222655956760003,,,
2026-09-12T1255Z,odds_api,2026-09-16T19:30:00Z,Barcelona,Real Racing Club de Santander,barcelona,racing,18,0.8775226630021045,0.07861140522727186,0.04386593177062369,,,
2026-09-12T1255Z,odds_api,2026-09-17T17:00:00Z,Real Betis,Getafe,betis,getafe,18,0.5160230583276514,0.27979916940432653,0.20417777226802208,,,
2026-09-12T1255Z,odds_api,2026-09-17T19:30:00Z,Málaga,Villarreal,malaga,villarreal,18,0.2605484851928957,0.25910699979763757,0.48034451500946673,,,
2026-09-12T1255Z,odds_api,2026-09-18T19:00:00Z,Espanyol,Elche CF,espanyol,elche,11,0.4889432159128792,0.28003111456828533,0.2310256695188354,,,
2026-09-12T1543Z,odds_api,2026-09-12T12:00:00Z,Real Racing Club de Santander,Alavés,racing,alaves,21,0.38308457711442784,0.2714427860696517,0.3454726368159204,,,
2026-09-12T1543Z,odds_api,2026-09-12T14:15:00Z,CA Osasuna,Espanyol,osasuna,espanyol,21,0.42475230110804946,0.3006976607844286,0.2745500381075218,,,
2026-09-12T1543Z,odds_api,2026-09-12T16:30:00Z,Athletic Bilbao,Elche CF,athletic,elche,21,0.6827586206896552,0.1931034482758621,0.12413793103448276,,,
2026-09-12T1543Z,odds_api,2026-09-12T19:00:00Z,Real Madrid,Rayo Vallecano,real-madrid,rayo-vallecano,21,0.849101764557265,0.10063428320678698,0.05026395223594803,,,
2026-09-12T1543Z,odds_api,2026-09-13T12:00:00Z,Celta Vigo,Málaga,celta,malaga,21,0.5563417654342827,0.2571201132142225,0.18653812135149483,,,
2026-09-12T1543Z,odds_api,2026-09-13T14:15:00Z,Levante,Barcelona,levante,barcelona,21,0.06395669390005514,0.10901709187509397,0.8270262142248509,,,
2026-09-12T1543Z,odds_api,2026-09-13T16:30:00Z,Getafe,Deportivo La Coruña,getafe,deportivo,20,0.3911140064632933,0.3342620580631999,0.27462393547350666,,,
2026-09-12T1543Z,odds_api,2026-09-13T19:00:00Z,Real Sociedad,Atlético Madrid,real-sociedad,atletico,20,0.32292266912527373,0.26910222427106145,0.40797510660366487,,,
2026-09-12T1543Z,odds_api,2026-09-14T19:00:00Z,Villarreal,Real Betis,villarreal,betis,21,0.4973389138634838,0.24802356223841263,0.2546375238981037,,,
2026-09-12T1543Z,odds_api,2026-09-15T17:00:00Z,Rayo Vallecano,Espanyol,rayo-vallecano,espanyol,18,0.4675699295812704,0.27710394356066465,0.25532612685806494,,,
2026-09-12T1543Z,odds_api,2026-09-15T18:00:00Z,Alavés,Valencia,alaves,valencia,18,0.48478190572799235,0.2946565020752953,0.22056159219671226,,,
2026-09-12T1543Z,odds_api,2026-09-15T19:30:00Z,Elche CF,Real Madrid,elche,real-madrid,18,0.10013813213334946,0.16719097831955704,0.7326708895470936,,,
2026-09-12T1543Z,odds_api,2026-09-16T17:00:00Z,Atlético Madrid,CA Osasuna,atletico,osasuna,17,0.6459470627895344,0.21433697992561823,0.13971595728484745,,,
2026-09-12T1543Z,odds_api,2026-09-16T17:00:00Z,Deportivo La Coruña,Sevilla,deportivo,sevilla,17,0.3835842441740565,0.303155289750464,0.3132604660754795,,,
2026-09-12T1543Z,odds_api,2026-09-16T19:30:00Z,Levante,Athletic Bilbao,levante,athletic,18,0.29997747916823064,0.2777569251557691,0.4222655956760003,,,
2026-09-12T1543Z,odds_api,2026-09-16T19:30:00Z,Barcelona,Real Racing Club de Santander,barcelona,racing,18,0.8775226630021045,0.07861140522727186,0.04386593177062369,,,
2026-09-12T1543Z,odds_api,2026-09-17T17:00:00Z,Real Betis,Getafe,betis,getafe,18,0.5160230583276514,0.27979916940432653,0.20417777226802208,,,
2026-09-12T1543Z,odds_api,2026-09-17T19:30:00Z,Málaga,Villarreal,malaga,villarreal,18,0.2605484851928957,0.25910699979763757,0.48034451500946673,,,
2026-09-12T1543Z,odds_api,2026-09-18T19:00:00Z,Espanyol,Elche CF,espanyol,elche,11,0.4889432159128792,0.28003111456828533,0.2310256695188354,,,
2026-09-12T2209Z,odds_api,2026-09-12T12:00:00Z,Real Racing Club de Santander,Alavés,racing,alaves,21,0.38308457711442784,0.2714427860696517,0.3454726368159204,,,
2026-09-12T2209Z,odds_api,2026-09-12T14:15:00Z,CA Osasuna,Espanyol,osasuna,espanyol,21,0.42475230110804946,0.3006976607844286,0.2745500381075218,,,
2026-09-12T2209Z,odds_api,2026-09-12T16:30:00Z,Athletic Bilbao,Elche CF,athletic,elche,21,0.6827586206896552,0.1931034482758621,0.12413793103448276,,,
2026-09-12T2209Z,odds_api,2026-09-12T19:00:00Z,Real Madrid,Rayo Vallecano,real-madrid,rayo-vallecano,21,0.849101764557265,0.10063428320678698,0.05026395223594803,,,
2026-09-12T2209Z,odds_api,2026-09-13T12:00:00Z,Celta Vigo,Málaga,celta,malaga,21,0.5563417654342827,0.2571201132142225,0.18653812135149483,,,
2026-09-12T2209Z,odds_api,2026-09-13T14:15:00Z,Levante,Barcelona,levante,barcelona,21,0.06395669390005514,0.10901709187509397,0.8270262142248509,,,
2026-09-12T2209Z,odds_api,2026-09-13T16:30:00Z,Getafe,Deportivo La Coruña,getafe,deportivo,20,0.3911140064632933,0.3342620580631999,0.27462393547350666,,,
2026-09-12T2209Z,odds_api,2026-09-13T19:00:00Z,Real Sociedad,Atlético Madrid,real-sociedad,atletico,20,0.32292266912527373,0.26910222427106145,0.40797510660366487,,,
2026-09-12T2209Z,odds_api,2026-09-14T19:00:00Z,Villarreal,Real Betis,villarreal,betis,21,0.4973389138634838,0.24802356223841263,0.2546375238981037,,,
2026-09-12T2209Z,odds_api,2026-09-15T17:00:00Z,Rayo Vallecano,Espanyol,rayo-vallecano,espanyol,18,0.4675699295812704,0.27710394356066465,0.25532612685806494,,,
2026-09-12T2209Z,odds_api,2026-09-15T18:00:00Z,Alavés,Valencia,alaves,valencia,18,0.48478190572799235,0.2946565020752953,0.22056159219671226,,,
2026-09-12T2209Z,odds_api,2026-09-15T19:30:00Z,Elche CF,Real Madrid,elche,real-madrid,18,0.10013813213334946,0.16719097831955704,0.7326708895470936,,,
2026-09-12T2209Z,odds_api,2026-09-16T17:00:00Z,Atlético Madrid,CA Osasuna,atletico,osasuna,17,0.6459470627895344,0.21433697992561823,0.13971595728484745,,,
2026-09-12T2209Z,odds_api,2026-09-16T17:00:00Z,Deportivo La Coruña,Sevilla,deportivo,sevilla,17,0.3835842441740565,0.303155289750464,0.3132604660754795,,,
2026-09-12T2209Z,odds_api,2026-09-16T19:30:00Z,Levante,Athletic Bilbao,levante,athletic,18,0.29997747916823064,0.2777569251557691,0.4222655956760003,,,
2026-09-12T2209Z,odds_api,2026-09-16T19:30:00Z,Barcelona,Real Racing Club de Santander,barcelona,racing,18,0.8775226630021045,0.07861140522727186,0.04386593177062369,,,
2026-09-12T2209Z,odds_api,2026-09-17T17:00:00Z,Real Betis,Getafe,betis,getafe,18,0.5160230583276514,0.27979916940432653,0.20417777226802208,,,
2026-09-12T2209Z,odds_api,2026-09-17T19:30:00Z,Málaga,Villarreal,malaga,villarreal,18,0.2605484851928957,0.25910699979763757,0.48034451500946673,,,
2026-09-12T2209Z,odds_api,2026-09-18T19:00:00Z,Espanyol,Elche CF,espanyol,elche,11,0.4889432159128792,0.28003111456828533,0.2310256695188354,,,
2026-09-13T0435Z,odds_api,2026-09-13T12:00:00Z,Celta Vigo,Málaga,celta,malaga,21,0.5535060731106284,0.26234671410448956,0.1841472127848821,,,
2026-09-13T0435Z,odds_api,2026-09-13T14:15:00Z,Levante,Barcelona,levante,barcelona,21,0.06365313653136531,0.10608856088560883,0.8302583025830258,,,
2026-09-13T0435Z,odds_api,2026-09-13T16:30:00Z,Getafe,Deportivo La Coruña,getafe,deportivo,20,0.3924883559607571,0.33163214745813097,0.2758794965811119,,,
2026-09-13T0435Z,odds_api,2026-09-13T19:00:00Z,Real Sociedad,Atlético Madrid,real-sociedad,atletico,20,0.31142019645145014,0.26643242613658424,0.4221473774119657,,,
2026-09-13T0435Z,odds_api,2026-09-14T19:00:00Z,Villarreal,Real Betis,villarreal,betis,21,0.5015432098765432,0.24434156378600827,0.25411522633744854,,,
2026-09-13T0435Z,odds_api,2026-09-15T17:00:00Z,Rayo Vallecano,Espanyol,rayo-vallecano,espanyol,19,0.4685112884060431,0.2743167543710745,0.25717195722288233,,,
2026-09-13T0435Z,odds_api,2026-09-15T18:00:00Z,Alavés,Valencia,alaves,valencia,19,0.4933075755485029,0.29143093693942324,0.21526148751207397,,,
2026-09-13T0435Z,odds_api,2026-09-15T19:30:00Z,Elche CF,Real Madrid,elche,real-madrid,19,0.10238379860769285,0.16911609591449267,0.7285001054778144,,,
2026-09-13T0435Z,odds_api,2026-09-16T17:00:00Z,Atlético Madrid,CA Osasuna,atletico,osasuna,18,0.6337334755538142,0.218806361651952,0.1474601627942338,,,
2026-09-13T0435Z,odds_api,2026-09-16T17:00:00Z,Deportivo La Coruña,Sevilla,deportivo,sevilla,18,0.3835842441740565,0.303155289750464,0.3132604660754795,,,
2026-09-13T0435Z,odds_api,2026-09-16T19:30:00Z,Levante,Athletic Bilbao,levante,athletic,19,0.29529174601403946,0.2753161279013251,0.4293921260846354,,,
2026-09-13T0435Z,odds_api,2026-09-16T19:30:00Z,Barcelona,Real Racing Club de Santander,barcelona,racing,19,0.8811043702776766,0.07612741759199126,0.04276821213033217,,,
2026-09-13T0435Z,odds_api,2026-09-17T17:00:00Z,Real Betis,Getafe,betis,getafe,19,0.5176563037178921,0.2786208928834537,0.2037228033986543,,,
2026-09-13T0435Z,odds_api,2026-09-17T19:30:00Z,Málaga,Villarreal,malaga,villarreal,19,0.2672252501423575,0.2577076384934516,0.47506711136419105,,,
2026-09-13T0435Z,odds_api,2026-09-18T19:00:00Z,Espanyol,Elche CF,espanyol,elche,11,0.49039507067778176,0.2823486770569047,0.22725625226531354,,,
2026-09-13T0622Z,odds_api,2026-09-13T12:00:00Z,Celta Vigo,Málaga,celta,malaga,21,0.5535060731106284,0.26234671410448956,0.1841472127848821,,,
2026-09-13T0622Z,odds_api,2026-09-13T14:15:00Z,Levante,Barcelona,levante,barcelona,21,0.06365313653136531,0.10608856088560883,0.8302583025830258,,,
2026-09-13T0622Z,odds_api,2026-09-13T16:30:00Z,Getafe,Deportivo La Coruña,getafe,deportivo,20,0.3924883559607571,0.33163214745813097,0.2758794965811119,,,
2026-09-13T0622Z,odds_api,2026-09-13T19:00:00Z,Real Sociedad,Atlético Madrid,real-sociedad,atletico,20,0.31142019645145014,0.26643242613658424,0.4221473774119657,,,
2026-09-13T0622Z,odds_api,2026-09-14T19:00:00Z,Villarreal,Real Betis,villarreal,betis,21,0.5015432098765432,0.24434156378600827,0.25411522633744854,,,
2026-09-13T0622Z,odds_api,2026-09-15T17:00:00Z,Rayo Vallecano,Espanyol,rayo-vallecano,espanyol,19,0.4685112884060431,0.2743167543710745,0.25717195722288233,,,
2026-09-13T0622Z,odds_api,2026-09-15T18:00:00Z,Alavés,Valencia,alaves,valencia,19,0.4933075755485029,0.29143093693942324,0.21526148751207397,,,
2026-09-13T0622Z,odds_api,2026-09-15T19:30:00Z,Elche CF,Real Madrid,elche,real-madrid,19,0.10238379860769285,0.16911609591449267,0.7285001054778144,,,
2026-09-13T0622Z,odds_api,2026-09-16T17:00:00Z,Atlético Madrid,CA Osasuna,atletico,osasuna,18,0.6337334755538142,0.218806361651952,0.1474601627942338,,,
2026-09-13T0622Z,odds_api,2026-09-16T17:00:00Z,Deportivo La Coruña,Sevilla,deportivo,sevilla,18,0.3835842441740565,0.303155289750464,0.3132604660754795,,,
2026-09-13T0622Z,odds_api,2026-09-16T19:30:00Z,Levante,Athletic Bilbao,levante,athletic,19,0.29529174601403946,0.2753161279013251,0.4293921260846354,,,
2026-09-13T0622Z,odds_api,2026-09-16T19:30:00Z,Barcelona,Real Racing Club de Santander,barcelona,racing,19,0.8811043702776766,0.07612741759199126,0.04276821213033217,,,
2026-09-13T0622Z,odds_api,2026-09-17T17:00:00Z,Real Betis,Getafe,betis,getafe,19,0.5176563037178921,0.2786208928834537,0.2037228033986543,,,
2026-09-13T0622Z,odds_api,2026-09-17T19:30:00Z,Málaga,Villarreal,malaga,villarreal,19,0.2672252501423575,0.2577076384934516,0.47506711136419105,,,
2026-09-13T0622Z,odds_api,2026-09-18T19:00:00Z,Espanyol,Elche CF,espanyol,elche,11,0.49039507067778176,0.2823486770569047,0.22725625226531354,,,
2026-09-13T0802Z,odds_api,2026-09-13T12:00:00Z,Celta Vigo,Málaga,celta,malaga,21,0.5535060731106284,0.26234671410448956,0.1841472127848821,,,
2026-09-13T0802Z,odds_api,2026-09-13T14:15:00Z,Levante,Barcelona,levante,barcelona,21,0.06365313653136531,0.10608856088560883,0.8302583025830258,,,
2026-09-13T0802Z,odds_api,2026-09-13T16:30:00Z,Getafe,Deportivo La Coruña,getafe,deportivo,20,0.3924883559607571,0.33163214745813097,0.2758794965811119,,,
2026-09-13T0802Z,odds_api,2026-09-13T19:00:00Z,Real Sociedad,Atlético Madrid,real-sociedad,atletico,20,0.31142019645145014,0.26643242613658424,0.4221473774119657,,,
2026-09-13T0802Z,odds_api,2026-09-14T19:00:00Z,Villarreal,Real Betis,villarreal,betis,21,0.5015432098765432,0.24434156378600827,0.25411522633744854,,,
2026-09-13T0802Z,odds_api,2026-09-15T17:00:00Z,Rayo Vallecano,Espanyol,rayo-vallecano,espanyol,19,0.4685112884060431,0.2743167543710745,0.25717195722288233,,,
2026-09-13T0802Z,odds_api,2026-09-15T18:00:00Z,Alavés,Valencia,alaves,valencia,19,0.4933075755485029,0.29143093693942324,0.21526148751207397,,,
2026-09-13T0802Z,odds_api,2026-09-15T19:30:00Z,Elche CF,Real Madrid,elche,real-madrid,19,0.10238379860769285,0.16911609591449267,0.7285001054778144,,,
2026-09-13T0802Z,odds_api,2026-09-16T17:00:00Z,Atlético Madrid,CA Osasuna,atletico,osasuna,18,0.6337334755538142,0.218806361651952,0.1474601627942338,,,
2026-09-13T0802Z,odds_api,2026-09-16T17:00:00Z,Deportivo La Coruña,Sevilla,deportivo,sevilla,18,0.3835842441740565,0.303155289750464,0.3132604660754795,,,
2026-09-13T0802Z,odds_api,2026-09-16T19:30:00Z,Levante,Athletic Bilbao,levante,athletic,19,0.29529174601403946,0.2753161279013251,0.4293921260846354,,,
2026-09-13T0802Z,odds_api,2026-09-16T19:30:00Z,Barcelona,Real Racing Club de Santander,barcelona,racing,19,0.8811043702776766,0.07612741759199126,0.04276821213033217,,,
2026-09-13T0802Z,odds_api,2026-09-17T17:00:00Z,Real Betis,Getafe,betis,getafe,19,0.5176563037178921,0.2786208928834537,0.2037228033986543,,,
2026-09-13T0802Z,odds_api,2026-09-17T19:30:00Z,Málaga,Villarreal,malaga,villarreal,19,0.2672252501423575,0.2577076384934516,0.47506711136419105,,,
2026-09-13T0802Z,odds_api,2026-09-18T19:00:00Z,Espanyol,Elche CF,espanyol,elche,11,0.49039507067778176,0.2823486770569047,0.22725625226531354,,,
2026-09-13T0830Z,odds_api,2026-09-13T12:00:00Z,Celta Vigo,Málaga,celta,malaga,21,0.5535060731106284,0.26234671410448956,0.1841472127848821,,,
2026-09-13T0830Z,odds_api,2026-09-13T14:15:00Z,Levante,Barcelona,levante,barcelona,21,0.06365313653136531,0.10608856088560883,0.8302583025830258,,,
2026-09-13T0830Z,odds_api,2026-09-13T16:30:00Z,Getafe,Deportivo La Coruña,getafe,deportivo,20,0.3924883559607571,0.33163214745813097,0.2758794965811119,,,
2026-09-13T0830Z,odds_api,2026-09-13T19:00:00Z,Real Sociedad,Atlético Madrid,real-sociedad,atletico,20,0.31142019645145014,0.26643242613658424,0.4221473774119657,,,
2026-09-13T0830Z,odds_api,2026-09-14T19:00:00Z,Villarreal,Real Betis,villarreal,betis,21,0.5015432098765432,0.24434156378600827,0.25411522633744854,,,
2026-09-13T0830Z,odds_api,2026-09-15T17:00:00Z,Rayo Vallecano,Espanyol,rayo-vallecano,espanyol,19,0.4685112884060431,0.2743167543710745,0.25717195722288233,,,
2026-09-13T0830Z,odds_api,2026-09-15T18:00:00Z,Alavés,Valencia,alaves,valencia,19,0.4933075755485029,0.29143093693942324,0.21526148751207397,,,
2026-09-13T0830Z,odds_api,2026-09-15T19:30:00Z,Elche CF,Real Madrid,elche,real-madrid,19,0.10238379860769285,0.16911609591449267,0.7285001054778144,,,
2026-09-13T0830Z,odds_api,2026-09-16T17:00:00Z,Atlético Madrid,CA Osasuna,atletico,osasuna,18,0.6337334755538142,0.218806361651952,0.1474601627942338,,,
2026-09-13T0830Z,odds_api,2026-09-16T17:00:00Z,Deportivo La Coruña,Sevilla,deportivo,sevilla,18,0.3835842441740565,0.303155289750464,0.3132604660754795,,,
2026-09-13T0830Z,odds_api,2026-09-16T19:30:00Z,Levante,Athletic Bilbao,levante,athletic,19,0.29529174601403946,0.2753161279013251,0.4293921260846354,,,
2026-09-13T0830Z,odds_api,2026-09-16T19:30:00Z,Barcelona,Real Racing Club de Santander,barcelona,racing,19,0.8811043702776766,0.07612741759199126,0.04276821213033217,,,
2026-09-13T0830Z,odds_api,2026-09-17T17:00:00Z,Real Betis,Getafe,betis,getafe,19,0.5176563037178921,0.2786208928834537,0.2037228033986543,,,
2026-09-13T0830Z,odds_api,2026-09-17T19:30:00Z,Málaga,Villarreal,malaga,villarreal,19,0.2672252501423575,0.2577076384934516,0.47506711136419105,,,
2026-09-13T0830Z,odds_api,2026-09-18T19:00:00Z,Espanyol,Elche CF,espanyol,elche,11,0.49039507067778176,0.2823486770569047,0.22725625226531354,,,
2026-09-13T1458Z,odds_api,2026-09-13T12:00:00Z,Celta Vigo,Málaga,celta,malaga,21,0.5535060731106284,0.26234671410448956,0.1841472127848821,,,
2026-09-13T1458Z,odds_api,2026-09-13T14:15:00Z,Levante,Barcelona,levante,barcelona,21,0.06365313653136531,0.10608856088560883,0.8302583025830258,,,
2026-09-13T1458Z,odds_api,2026-09-13T16:30:00Z,Getafe,Deportivo La Coruña,getafe,deportivo,20,0.3924883559607571,0.33163214745813097,0.2758794965811119,,,
2026-09-13T1458Z,odds_api,2026-09-13T19:00:00Z,Real Sociedad,Atlético Madrid,real-sociedad,atletico,20,0.31142019645145014,0.26643242613658424,0.4221473774119657,,,
2026-09-13T1458Z,odds_api,2026-09-14T19:00:00Z,Villarreal,Real Betis,villarreal,betis,21,0.5015432098765432,0.24434156378600827,0.25411522633744854,,,
2026-09-13T1458Z,odds_api,2026-09-15T17:00:00Z,Rayo Vallecano,Espanyol,rayo-vallecano,espanyol,19,0.4685112884060431,0.2743167543710745,0.25717195722288233,,,
2026-09-13T1458Z,odds_api,2026-09-15T18:00:00Z,Alavés,Valencia,alaves,valencia,19,0.4933075755485029,0.29143093693942324,0.21526148751207397,,,
2026-09-13T1458Z,odds_api,2026-09-15T19:30:00Z,Elche CF,Real Madrid,elche,real-madrid,19,0.10238379860769285,0.16911609591449267,0.7285001054778144,,,
2026-09-13T1458Z,odds_api,2026-09-16T17:00:00Z,Atlético Madrid,CA Osasuna,atletico,osasuna,18,0.6337334755538142,0.218806361651952,0.1474601627942338,,,
2026-09-13T1458Z,odds_api,2026-09-16T17:00:00Z,Deportivo La Coruña,Sevilla,deportivo,sevilla,18,0.3835842441740565,0.303155289750464,0.3132604660754795,,,
2026-09-13T1458Z,odds_api,2026-09-16T19:30:00Z,Levante,Athletic Bilbao,levante,athletic,19,0.29529174601403946,0.2753161279013251,0.4293921260846354,,,
2026-09-13T1458Z,odds_api,2026-09-16T19:30:00Z,Barcelona,Real Racing Club de Santander,barcelona,racing,19,0.8811043702776766,0.07612741759199126,0.04276821213033217,,,
2026-09-13T1458Z,odds_api,2026-09-17T17:00:00Z,Real Betis,Getafe,betis,getafe,19,0.5176563037178921,0.2786208928834537,0.2037228033986543,,,
2026-09-13T1458Z,odds_api,2026-09-17T19:30:00Z,Málaga,Villarreal,malaga,villarreal,19,0.2672252501423575,0.2577076384934516,0.47506711136419105,,,
2026-09-13T1458Z,odds_api,2026-09-18T19:00:00Z,Espanyol,Elche CF,espanyol,elche,11,0.49039507067778176,0.2823486770569047,0.22725625226531354,,,
2026-09-13T1518Z,odds_api,2026-09-13T12:00:00Z,Celta Vigo,Málaga,celta,malaga,21,0.5535060731106284,0.26234671410448956,0.1841472127848821,,,
2026-09-13T1518Z,odds_api,2026-09-13T14:15:00Z,Levante,Barcelona,levante,barcelona,21,0.06365313653136531,0.10608856088560883,0.8302583025830258,,,
2026-09-13T1518Z,odds_api,2026-09-13T16:30:00Z,Getafe,Deportivo La Coruña,getafe,deportivo,20,0.3924883559607571,0.33163214745813097,0.2758794965811119,,,
2026-09-13T1518Z,odds_api,2026-09-13T19:00:00Z,Real Sociedad,Atlético Madrid,real-sociedad,atletico,20,0.31142019645145014,0.26643242613658424,0.4221473774119657,,,
2026-09-13T1518Z,odds_api,2026-09-14T19:00:00Z,Villarreal,Real Betis,villarreal,betis,21,0.5015432098765432,0.24434156378600827,0.25411522633744854,,,
2026-09-13T1518Z,odds_api,2026-09-15T17:00:00Z,Rayo Vallecano,Espanyol,rayo-vallecano,espanyol,19,0.4685112884060431,0.2743167543710745,0.25717195722288233,,,
2026-09-13T1518Z,odds_api,2026-09-15T18:00:00Z,Alavés,Valencia,alaves,valencia,19,0.4933075755485029,0.29143093693942324,0.21526148751207397,,,
2026-09-13T1518Z,odds_api,2026-09-15T19:30:00Z,Elche CF,Real Madrid,elche,real-madrid,19,0.10238379860769285,0.16911609591449267,0.7285001054778144,,,
2026-09-13T1518Z,odds_api,2026-09-16T17:00:00Z,Atlético Madrid,CA Osasuna,atletico,osasuna,18,0.6337334755538142,0.218806361651952,0.1474601627942338,,,
2026-09-13T1518Z,odds_api,2026-09-16T17:00:00Z,Deportivo La Coruña,Sevilla,deportivo,sevilla,18,0.3835842441740565,0.303155289750464,0.3132604660754795,,,
2026-09-13T1518Z,odds_api,2026-09-16T19:30:00Z,Levante,Athletic Bilbao,levante,athletic,19,0.29529174601403946,0.2753161279013251,0.4293921260846354,,,
2026-09-13T1518Z,odds_api,2026-09-16T19:30:00Z,Barcelona,Real Racing Club de Santander,barcelona,racing,19,0.8811043702776766,0.07612741759199126,0.04276821213033217,,,
2026-09-13T1518Z,odds_api,2026-09-17T17:00:00Z,Real Betis,Getafe,betis,getafe,19,0.5176563037178921,0.2786208928834537,0.2037228033986543,,,
2026-09-13T1518Z,odds_api,2026-09-17T19:30:00Z,Málaga,Villarreal,malaga,villarreal,19,0.2672252501423575,0.2577076384934516,0.47506711136419105,,,
2026-09-13T1518Z,odds_api,2026-09-18T19:00:00Z,Espanyol,Elche CF,espanyol,elche,11,0.49039507067778176,0.2823486770569047,0.22725625226531354,,,
2026-09-14T0538Z,odds_api,2026-09-14T19:00:00Z,Villarreal,Real Betis,villarreal,betis,20,0.48542327717686656,0.24520098872780186,0.2693757340953316,,,
2026-09-14T0538Z,odds_api,2026-09-15T17:00:00Z,Rayo Vallecano,Espanyol,rayo-vallecano,espanyol,20,0.43968533577857677,0.2760068531164789,0.28430781110494435,,,
2026-09-14T0538Z,odds_api,2026-09-15T18:00:00Z,Alavés,Valencia,alaves,valencia,20,0.5039408866995074,0.2901477832512316,0.2059113300492611,,,
2026-09-14T0538Z,odds_api,2026-09-15T19:30:00Z,Elche CF,Real Madrid,elche,real-madrid,20,0.09626027022405673,0.14963753379143563,0.7541021959845076,,,
2026-09-14T0538Z,odds_api,2026-09-16T17:00:00Z,Atlético Madrid,CA Osasuna,atletico,osasuna,19,0.6538661131292164,0.21069019200830302,0.13544369486248053,,,
2026-09-14T0538Z,odds_api,2026-09-16T17:00:00Z,Deportivo La Coruña,Sevilla,deportivo,sevilla,20,0.38411927807513785,0.30543678079200476,0.3104439411328573,,,
2026-09-14T0538Z,odds_api,2026-09-16T19:30:00Z,Levante,Athletic Bilbao,levante,athletic,20,0.2838841722255912,0.27171770770163733,0.44439812007277135,,,
2026-09-14T0538Z,odds_api,2026-09-16T19:30:00Z,Barcelona,Real Racing Club de Santander,barcelona,racing,20,0.8964948967242657,0.06668663793176995,0.03681846534396442,,,
2026-09-14T0538Z,odds_api,2026-09-17T17:00:00Z,Real Betis,Getafe,betis,getafe,20,0.5321392596323344,0.2745530093175523,0.1933077310501133,,,
2026-09-14T0538Z,odds_api,2026-09-17T19:30:00Z,Málaga,Villarreal,malaga,villarreal,20,0.2621954499005002,0.25240681977088153,0.4853977303286184,,,
2026-09-14T0538Z,odds_api,2026-09-18T19:00:00Z,Espanyol,Elche CF,espanyol,elche,15,0.5076693362291298,0.2777249898194652,0.2146056739514049,,,
2026-09-14T0538Z,odds_api,2026-09-19T12:00:00Z,CA Osasuna,Rayo Vallecano,osasuna,rayo-vallecano,11,0.41708906589427946,0.29326574945691525,0.2896451846488052,,,
2026-09-14T0538Z,odds_api,2026-09-19T14:15:00Z,Athletic Bilbao,Alavés,athletic,alaves,11,0.5645285062971156,0.25174919875411905,0.1837222949487654,,,
2026-09-14T0538Z,odds_api,2026-09-19T16:30:00Z,Celta Vigo,Real Racing Club de Santander,celta,racing,11,0.5195255000432938,0.24798683868733223,0.23248766126937398,,,
2026-09-14T0538Z,odds_api,2026-09-19T19:00:00Z,Sevilla,Barcelona,sevilla,barcelona,10,0.09408752388255633,0.1650658313729058,0.7408466447445379,,,
2026-09-14T0538Z,odds_api,2026-09-20T12:00:00Z,Getafe,Málaga,getafe,malaga,12,0.4434237900018356,0.3133528116012972,0.24322339839686719,,,
2026-09-14T0538Z,odds_api,2026-09-20T14:15:00Z,Atlético Madrid,Real Madrid,atletico,real-madrid,11,0.2620880197950224,0.25078503241841765,0.48712694778655996,,,
2026-09-14T0538Z,odds_api,2026-09-20T16:30:00Z,Deportivo La Coruña,Real Betis,deportivo,betis,12,0.3236326109391125,0.2932920536635707,0.38307533539731675,,,
2026-09-14T0538Z,odds_api,2026-09-20T16:30:00Z,Villarreal,Levante,villarreal,levante,12,0.5941805949466645,0.2255751480216679,0.18024425703166763,,,
2026-09-14T0538Z,odds_api,2026-09-20T19:00:00Z,Valencia,Real Sociedad,valencia,real-sociedad,11,0.3368721927317272,0.2858309514087382,0.3772968558595345,,,
2026-09-14T0552Z,odds_api,2026-09-14T19:00:00Z,Villarreal,Real Betis,villarreal,betis,20,0.48542327717686656,0.24520098872780186,0.2693757340953316,,,
2026-09-14T0552Z,odds_api,2026-09-15T17:00:00Z,Rayo Vallecano,Espanyol,rayo-vallecano,espanyol,20,0.43968533577857677,0.2760068531164789,0.28430781110494435,,,
2026-09-14T0552Z,odds_api,2026-09-15T18:00:00Z,Alavés,Valencia,alaves,valencia,20,0.5039408866995074,0.2901477832512316,0.2059113300492611,,,
2026-09-14T0552Z,odds_api,2026-09-15T19:30:00Z,Elche CF,Real Madrid,elche,real-madrid,20,0.09626027022405673,0.14963753379143563,0.7541021959845076,,,
2026-09-14T0552Z,odds_api,2026-09-16T17:00:00Z,Atlético Madrid,CA Osasuna,atletico,osasuna,19,0.6538661131292164,0.21069019200830302,0.13544369486248053,,,
2026-09-14T0552Z,odds_api,2026-09-16T17:00:00Z,Deportivo La Coruña,Sevilla,deportivo,sevilla,20,0.38411927807513785,0.30543678079200476,0.3104439411328573,,,
2026-09-14T0552Z,odds_api,2026-09-16T19:30:00Z,Levante,Athletic Bilbao,levante,athletic,20,0.2838841722255912,0.27171770770163733,0.44439812007277135,,,
2026-09-14T0552Z,odds_api,2026-09-16T19:30:00Z,Barcelona,Real Racing Club de Santander,barcelona,racing,20,0.8964948967242657,0.06668663793176995,0.03681846534396442,,,
2026-09-14T0552Z,odds_api,2026-09-17T17:00:00Z,Real Betis,Getafe,betis,getafe,20,0.5321392596323344,0.2745530093175523,0.1933077310501133,,,
2026-09-14T0552Z,odds_api,2026-09-17T19:30:00Z,Málaga,Villarreal,malaga,villarreal,20,0.2621954499005002,0.25240681977088153,0.4853977303286184,,,
2026-09-14T0552Z,odds_api,2026-09-18T19:00:00Z,Espanyol,Elche CF,espanyol,elche,15,0.5076693362291298,0.2777249898194652,0.2146056739514049,,,
2026-09-14T0552Z,odds_api,2026-09-19T12:00:00Z,CA Osasuna,Rayo Vallecano,osasuna,rayo-vallecano,11,0.41708906589427946,0.29326574945691525,0.2896451846488052,,,
2026-09-14T0552Z,odds_api,2026-09-19T14:15:00Z,Athletic Bilbao,Alavés,athletic,alaves,11,0.5645285062971156,0.25174919875411905,0.1837222949487654,,,
2026-09-14T0552Z,odds_api,2026-09-19T16:30:00Z,Celta Vigo,Real Racing Club de Santander,celta,racing,11,0.5195255000432938,0.24798683868733223,0.23248766126937398,,,
2026-09-14T0552Z,odds_api,2026-09-19T19:00:00Z,Sevilla,Barcelona,sevilla,barcelona,10,0.09408752388255633,0.1650658313729058,0.7408466447445379,,,
2026-09-14T0552Z,odds_api,2026-09-20T12:00:00Z,Getafe,Málaga,getafe,malaga,12,0.4434237900018356,0.3133528116012972,0.24322339839686719,,,
2026-09-14T0552Z,odds_api,2026-09-20T14:15:00Z,Atlético Madrid,Real Madrid,atletico,real-madrid,11,0.2620880197950224,0.25078503241841765,0.48712694778655996,,,
2026-09-14T0552Z,odds_api,2026-09-20T16:30:00Z,Deportivo La Coruña,Real Betis,deportivo,betis,12,0.3236326109391125,0.2932920536635707,0.38307533539731675,,,
2026-09-14T0552Z,odds_api,2026-09-20T16:30:00Z,Villarreal,Levante,villarreal,levante,12,0.5941805949466645,0.2255751480216679,0.18024425703166763,,,
2026-09-14T0552Z,odds_api,2026-09-20T19:00:00Z,Valencia,Real Sociedad,valencia,real-sociedad,11,0.3368721927317272,0.2858309514087382,0.3772968558595345,,,
2026-09-14T0803Z,odds_api,2026-09-14T19:00:00Z,Villarreal,Real Betis,villarreal,betis,20,0.48542327717686656,0.24520098872780186,0.2693757340953316,,,
2026-09-14T0803Z,odds_api,2026-09-15T17:00:00Z,Rayo Vallecano,Espanyol,rayo-vallecano,espanyol,20,0.43968533577857677,0.2760068531164789,0.28430781110494435,,,
2026-09-14T0803Z,odds_api,2026-09-15T18:00:00Z,Alavés,Valencia,alaves,valencia,20,0.5039408866995074,0.2901477832512316,0.2059113300492611,,,
2026-09-14T0803Z,odds_api,2026-09-15T19:30:00Z,Elche CF,Real Madrid,elche,real-madrid,20,0.09626027022405673,0.14963753379143563,0.7541021959845076,,,
2026-09-14T0803Z,odds_api,2026-09-16T17:00:00Z,Atlético Madrid,CA Osasuna,atletico,osasuna,19,0.6538661131292164,0.21069019200830302,0.13544369486248053,,,
2026-09-14T0803Z,odds_api,2026-09-16T17:00:00Z,Deportivo La Coruña,Sevilla,deportivo,sevilla,20,0.38411927807513785,0.30543678079200476,0.3104439411328573,,,
2026-09-14T0803Z,odds_api,2026-09-16T19:30:00Z,Levante,Athletic Bilbao,levante,athletic,20,0.2838841722255912,0.27171770770163733,0.44439812007277135,,,
2026-09-14T0803Z,odds_api,2026-09-16T19:30:00Z,Barcelona,Real Racing Club de Santander,barcelona,racing,20,0.8964948967242657,0.06668663793176995,0.03681846534396442,,,
2026-09-14T0803Z,odds_api,2026-09-17T17:00:00Z,Real Betis,Getafe,betis,getafe,20,0.5321392596323344,0.2745530093175523,0.1933077310501133,,,
2026-09-14T0803Z,odds_api,2026-09-17T19:30:00Z,Málaga,Villarreal,malaga,villarreal,20,0.2621954499005002,0.25240681977088153,0.4853977303286184,,,
2026-09-14T0803Z,odds_api,2026-09-18T19:00:00Z,Espanyol,Elche CF,espanyol,elche,15,0.5076693362291298,0.2777249898194652,0.2146056739514049,,,
2026-09-14T0803Z,odds_api,2026-09-19T12:00:00Z,CA Osasuna,Rayo Vallecano,osasuna,rayo-vallecano,11,0.41708906589427946,0.29326574945691525,0.2896451846488052,,,
2026-09-14T0803Z,odds_api,2026-09-19T14:15:00Z,Athletic Bilbao,Alavés,athletic,alaves,11,0.5645285062971156,0.25174919875411905,0.1837222949487654,,,
2026-09-14T0803Z,odds_api,2026-09-19T16:30:00Z,Celta Vigo,Real Racing Club de Santander,celta,racing,11,0.5195255000432938,0.24798683868733223,0.23248766126937398,,,
2026-09-14T0803Z,odds_api,2026-09-19T19:00:00Z,Sevilla,Barcelona,sevilla,barcelona,10,0.09408752388255633,0.1650658313729058,0.7408466447445379,,,
2026-09-14T0803Z,odds_api,2026-09-20T12:00:00Z,Getafe,Málaga,getafe,malaga,12,0.4434237900018356,0.3133528116012972,0.24322339839686719,,,
2026-09-14T0803Z,odds_api,2026-09-20T14:15:00Z,Atlético Madrid,Real Madrid,atletico,real-madrid,11,0.2620880197950224,0.25078503241841765,0.48712694778655996,,,
2026-09-14T0803Z,odds_api,2026-09-20T16:30:00Z,Deportivo La Coruña,Real Betis,deportivo,betis,12,0.3236326109391125,0.2932920536635707,0.38307533539731675,,,
2026-09-14T0803Z,odds_api,2026-09-20T16:30:00Z,Villarreal,Levante,villarreal,levante,12,0.5941805949466645,0.2255751480216679,0.18024425703166763,,,
2026-09-14T0803Z,odds_api,2026-09-20T19:00:00Z,Valencia,Real Sociedad,valencia,real-sociedad,11,0.3368721927317272,0.2858309514087382,0.3772968558595345,,,
2026-09-14T1744Z,odds_api,2026-09-14T19:00:00Z,Villarreal,Real Betis,villarreal,betis,20,0.48542327717686656,0.24520098872780186,0.2693757340953316,,,
2026-09-14T1744Z,odds_api,2026-09-15T17:00:00Z,Rayo Vallecano,Espanyol,rayo-vallecano,espanyol,20,0.43968533577857677,0.2760068531164789,0.28430781110494435,,,
2026-09-14T1744Z,odds_api,2026-09-15T18:00:00Z,Alavés,Valencia,alaves,valencia,20,0.5039408866995074,0.2901477832512316,0.2059113300492611,,,
2026-09-14T1744Z,odds_api,2026-09-15T19:30:00Z,Elche CF,Real Madrid,elche,real-madrid,20,0.09626027022405673,0.14963753379143563,0.7541021959845076,,,
2026-09-14T1744Z,odds_api,2026-09-16T17:00:00Z,Atlético Madrid,CA Osasuna,atletico,osasuna,19,0.6538661131292164,0.21069019200830302,0.13544369486248053,,,
2026-09-14T1744Z,odds_api,2026-09-16T17:00:00Z,Deportivo La Coruña,Sevilla,deportivo,sevilla,20,0.38411927807513785,0.30543678079200476,0.3104439411328573,,,
2026-09-14T1744Z,odds_api,2026-09-16T19:30:00Z,Levante,Athletic Bilbao,levante,athletic,20,0.2838841722255912,0.27171770770163733,0.44439812007277135,,,
2026-09-14T1744Z,odds_api,2026-09-16T19:30:00Z,Barcelona,Real Racing Club de Santander,barcelona,racing,20,0.8964948967242657,0.06668663793176995,0.03681846534396442,,,
2026-09-14T1744Z,odds_api,2026-09-17T17:00:00Z,Real Betis,Getafe,betis,getafe,20,0.5321392596323344,0.2745530093175523,0.1933077310501133,,,
2026-09-14T1744Z,odds_api,2026-09-17T19:30:00Z,Málaga,Villarreal,malaga,villarreal,20,0.2621954499005002,0.25240681977088153,0.4853977303286184,,,
2026-09-14T1744Z,odds_api,2026-09-18T19:00:00Z,Espanyol,Elche CF,espanyol,elche,15,0.5076693362291298,0.2777249898194652,0.2146056739514049,,,
2026-09-14T1744Z,odds_api,2026-09-19T12:00:00Z,CA Osasuna,Rayo Vallecano,osasuna,rayo-vallecano,11,0.41708906589427946,0.29326574945691525,0.2896451846488052,,,
2026-09-14T1744Z,odds_api,2026-09-19T14:15:00Z,Athletic Bilbao,Alavés,athletic,alaves,11,0.5645285062971156,0.25174919875411905,0.1837222949487654,,,
2026-09-14T1744Z,odds_api,2026-09-19T16:30:00Z,Celta Vigo,Real Racing Club de Santander,celta,racing,11,0.5195255000432938,0.24798683868733223,0.23248766126937398,,,
2026-09-14T1744Z,odds_api,2026-09-19T19:00:00Z,Sevilla,Barcelona,sevilla,barcelona,10,0.09408752388255633,0.1650658313729058,0.7408466447445379,,,
2026-09-14T1744Z,odds_api,2026-09-20T12:00:00Z,Getafe,Málaga,getafe,malaga,12,0.4434237900018356,0.3133528116012972,0.24322339839686719,,,
2026-09-14T1744Z,odds_api,2026-09-20T14:15:00Z,Atlético Madrid,Real Madrid,atletico,real-madrid,11,0.2620880197950224,0.25078503241841765,0.48712694778655996,,,
2026-09-14T1744Z,odds_api,2026-09-20T16:30:00Z,Deportivo La Coruña,Real Betis,deportivo,betis,12,0.3236326109391125,0.2932920536635707,0.38307533539731675,,,
2026-09-14T1744Z,odds_api,2026-09-20T16:30:00Z,Villarreal,Levante,villarreal,levante,12,0.5941805949466645,0.2255751480216679,0.18024425703166763,,,
2026-09-14T1744Z,odds_api,2026-09-20T19:00:00Z,Valencia,Real Sociedad,valencia,real-sociedad,11,0.3368721927317272,0.2858309514087382,0.3772968558595345,,,
2026-09-15T0543Z,odds_api,2026-09-15T17:00:00Z,Rayo Vallecano,Espanyol,rayo-vallecano,espanyol,19,0.4169505862449776,0.2812566084729435,0.30179280528207897,,,
2026-09-15T0543Z,odds_api,2026-09-15T18:00:00Z,Alavés,Valencia,alaves,valencia,19,0.5342045771267535,0.2756185934161221,0.19017682945712425,,,
2026-09-15T0543Z,odds_api,2026-09-15T19:30:00Z,Elche CF,Real Madrid,elche,real-madrid,19,0.07946584938704028,0.1324430823117338,0.7880910683012259,,,
2026-09-15T0543Z,odds_api,2026-09-16T17:00:00Z,Atlético Madrid,CA Osasuna,atletico,osasuna,18,0.6777271017447823,0.1979639455200455,0.12430895273517217,,,
2026-09-15T0543Z,odds_api,2026-09-16T17:00:00Z,Deportivo La Coruña,Sevilla,deportivo,sevilla,19,0.3826850690087829,0.3061480552070263,0.3111668757841907,,,
2026-09-15T0543Z,odds_api,2026-09-16T19:30:00Z,Levante,Athletic Bilbao,levante,athletic,19,0.2826989751209662,0.27058330475863906,0.4467177201203947,,,
2026-09-15T0543Z,odds_api,2026-09-16T19:30:00Z,Barcelona,Real Racing Club de Santander,barcelona,racing,19,0.900051431510372,0.06360363449339963,0.03634493399622837,,,
2026-09-15T0543Z,odds_api,2026-09-17T17:00:00Z,Real Betis,Getafe,betis,getafe,19,0.5480184058186136,0.26860620454208106,0.1833753896393053,,,
2026-09-15T0543Z,odds_api,2026-09-17T19:30:00Z,Málaga,Villarreal,malaga,villarreal,19,0.26435659671384415,0.25166748007157963,0.4839759232145763,,,
2026-09-15T0543Z,odds_api,2026-09-18T19:00:00Z,Espanyol,Elche CF,espanyol,elche,19,0.5110680919114552,0.27405100580759195,0.21488090228095277,,,
2026-09-15T0543Z,odds_api,2026-09-19T12:00:00Z,CA Osasuna,Rayo Vallecano,osasuna,rayo-vallecano,18,0.41761087730657176,0.2900615085788281,0.29232761411460023,,,
2026-09-15T0543Z,odds_api,2026-09-19T14:15:00Z,Athletic Bilbao,Alavés,athletic,alaves,18,0.5674005516635765,0.2509221563133745,0.181677292023049,,,
2026-09-15T0543Z,odds_api,2026-09-19T16:30:00Z,Celta Vigo,Real Racing Club de Santander,celta,racing,18,0.5273537420579256,0.24518524630745112,0.22746101163462332,,,
2026-09-15T0543Z,odds_api,2026-09-19T19:00:00Z,Sevilla,Barcelona,sevilla,barcelona,18,0.08576424481619971,0.1503436960921429,0.7638920590916574,,,
2026-09-15T0543Z,odds_api,2026-09-20T12:00:00Z,Getafe,Málaga,getafe,malaga,18,0.4445626893468018,0.3134166959894953,0.24202061466370292,,,
2026-09-15T0543Z,odds_api,2026-09-20T14:15:00Z,Atlético Madrid,Real Madrid,atletico,real-madrid,17,0.2409349509904723,0.24854342312701352,0.5105216258825142,,,
2026-09-15T0543Z,odds_api,2026-09-20T16:30:00Z,Deportivo La Coruña,Real Betis,deportivo,betis,18,0.3317812857925402,0.28788406951845025,0.38033464468900946,,,
2026-09-15T0543Z,odds_api,2026-09-20T16:30:00Z,Villarreal,Levante,villarreal,levante,18,0.6005559246065109,0.2199022852556865,0.1795417901378027,,,
2026-09-15T0543Z,odds_api,2026-09-20T19:00:00Z,Valencia,Real Sociedad,valencia,real-sociedad,18,0.3425510712506228,0.2833831589436971,0.3740657698056802,,,
2026-09-15T0802Z,odds_api,2026-09-15T17:00:00Z,Rayo Vallecano,Espanyol,rayo-vallecano,espanyol,19,0.4169505862449776,0.2812566084729435,0.30179280528207897,,,
2026-09-15T0802Z,odds_api,2026-09-15T18:00:00Z,Alavés,Valencia,alaves,valencia,19,0.5342045771267535,0.2756185934161221,0.19017682945712425,,,
2026-09-15T0802Z,odds_api,2026-09-15T19:30:00Z,Elche CF,Real Madrid,elche,real-madrid,19,0.07946584938704028,0.1324430823117338,0.7880910683012259,,,
2026-09-15T0802Z,odds_api,2026-09-16T17:00:00Z,Atlético Madrid,CA Osasuna,atletico,osasuna,18,0.6777271017447823,0.1979639455200455,0.12430895273517217,,,
2026-09-15T0802Z,odds_api,2026-09-16T17:00:00Z,Deportivo La Coruña,Sevilla,deportivo,sevilla,19,0.3826850690087829,0.3061480552070263,0.3111668757841907,,,
2026-09-15T0802Z,odds_api,2026-09-16T19:30:00Z,Levante,Athletic Bilbao,levante,athletic,19,0.2826989751209662,0.27058330475863906,0.4467177201203947,,,
2026-09-15T0802Z,odds_api,2026-09-16T19:30:00Z,Barcelona,Real Racing Club de Santander,barcelona,racing,19,0.900051431510372,0.06360363449339963,0.03634493399622837,,,
2026-09-15T0802Z,odds_api,2026-09-17T17:00:00Z,Real Betis,Getafe,betis,getafe,19,0.5480184058186136,0.26860620454208106,0.1833753896393053,,,
2026-09-15T0802Z,odds_api,2026-09-17T19:30:00Z,Málaga,Villarreal,malaga,villarreal,19,0.26435659671384415,0.25166748007157963,0.4839759232145763,,,
2026-09-15T0802Z,odds_api,2026-09-18T19:00:00Z,Espanyol,Elche CF,espanyol,elche,19,0.5110680919114552,0.27405100580759195,0.21488090228095277,,,
2026-09-15T0802Z,odds_api,2026-09-19T12:00:00Z,CA Osasuna,Rayo Vallecano,osasuna,rayo-vallecano,18,0.41761087730657176,0.2900615085788281,0.29232761411460023,,,
2026-09-15T0802Z,odds_api,2026-09-19T14:15:00Z,Athletic Bilbao,Alavés,athletic,alaves,18,0.5674005516635765,0.2509221563133745,0.181677292023049,,,
2026-09-15T0802Z,odds_api,2026-09-19T16:30:00Z,Celta Vigo,Real Racing Club de Santander,celta,racing,18,0.5273537420579256,0.24518524630745112,0.22746101163462332,,,
2026-09-15T0802Z,odds_api,2026-09-19T19:00:00Z,Sevilla,Barcelona,sevilla,barcelona,18,0.08576424481619971,0.1503436960921429,0.7638920590916574,,,
2026-09-15T0802Z,odds_api,2026-09-20T12:00:00Z,Getafe,Málaga,getafe,malaga,18,0.4445626893468018,0.3134166959894953,0.24202061466370292,,,
2026-09-15T0802Z,odds_api,2026-09-20T14:15:00Z,Atlético Madrid,Real Madrid,atletico,real-madrid,17,0.2409349509904723,0.24854342312701352,0.5105216258825142,,,
2026-09-15T0802Z,odds_api,2026-09-20T16:30:00Z,Deportivo La Coruña,Real Betis,deportivo,betis,18,0.3317812857925402,0.28788406951845025,0.38033464468900946,,,
2026-09-15T0802Z,odds_api,2026-09-20T16:30:00Z,Villarreal,Levante,villarreal,levante,18,0.6005559246065109,0.2199022852556865,0.1795417901378027,,,
2026-09-15T0802Z,odds_api,2026-09-20T19:00:00Z,Valencia,Real Sociedad,valencia,real-sociedad,18,0.3425510712506228,0.2833831589436971,0.3740657698056802,,,
2026-09-15T0846Z,odds_api,2026-09-15T17:00:00Z,Rayo Vallecano,Espanyol,rayo-vallecano,espanyol,19,0.4169505862449776,0.2812566084729435,0.30179280528207897,,,
2026-09-15T0846Z,odds_api,2026-09-15T18:00:00Z,Alavés,Valencia,alaves,valencia,19,0.5342045771267535,0.2756185934161221,0.19017682945712425,,,
2026-09-15T0846Z,odds_api,2026-09-15T19:30:00Z,Elche CF,Real Madrid,elche,real-madrid,19,0.07946584938704028,0.1324430823117338,0.7880910683012259,,,
2026-09-15T0846Z,odds_api,2026-09-16T17:00:00Z,Atlético Madrid,CA Osasuna,atletico,osasuna,18,0.6777271017447823,0.1979639455200455,0.12430895273517217,,,
2026-09-15T0846Z,odds_api,2026-09-16T17:00:00Z,Deportivo La Coruña,Sevilla,deportivo,sevilla,19,0.3826850690087829,0.3061480552070263,0.3111668757841907,,,
2026-09-15T0846Z,odds_api,2026-09-16T19:30:00Z,Levante,Athletic Bilbao,levante,athletic,19,0.2826989751209662,0.27058330475863906,0.4467177201203947,,,
2026-09-15T0846Z,odds_api,2026-09-16T19:30:00Z,Barcelona,Real Racing Club de Santander,barcelona,racing,19,0.900051431510372,0.06360363449339963,0.03634493399622837,,,
2026-09-15T0846Z,odds_api,2026-09-17T17:00:00Z,Real Betis,Getafe,betis,getafe,19,0.5480184058186136,0.26860620454208106,0.1833753896393053,,,
2026-09-15T0846Z,odds_api,2026-09-17T19:30:00Z,Málaga,Villarreal,malaga,villarreal,19,0.26435659671384415,0.25166748007157963,0.4839759232145763,,,
2026-09-15T0846Z,odds_api,2026-09-18T19:00:00Z,Espanyol,Elche CF,espanyol,elche,19,0.5110680919114552,0.27405100580759195,0.21488090228095277,,,
2026-09-15T0846Z,odds_api,2026-09-19T12:00:00Z,CA Osasuna,Rayo Vallecano,osasuna,rayo-vallecano,18,0.41761087730657176,0.2900615085788281,0.29232761411460023,,,
2026-09-15T0846Z,odds_api,2026-09-19T14:15:00Z,Athletic Bilbao,Alavés,athletic,alaves,18,0.5674005516635765,0.2509221563133745,0.181677292023049,,,
2026-09-15T0846Z,odds_api,2026-09-19T16:30:00Z,Celta Vigo,Real Racing Club de Santander,celta,racing,18,0.5273537420579256,0.24518524630745112,0.22746101163462332,,,
2026-09-15T0846Z,odds_api,2026-09-19T19:00:00Z,Sevilla,Barcelona,sevilla,barcelona,18,0.08576424481619971,0.1503436960921429,0.7638920590916574,,,
2026-09-15T0846Z,odds_api,2026-09-20T12:00:00Z,Getafe,Málaga,getafe,malaga,18,0.4445626893468018,0.3134166959894953,0.24202061466370292,,,
2026-09-15T0846Z,odds_api,2026-09-20T14:15:00Z,Atlético Madrid,Real Madrid,atletico,real-madrid,17,0.2409349509904723,0.24854342312701352,0.5105216258825142,,,
2026-09-15T0846Z,odds_api,2026-09-20T16:30:00Z,Deportivo La Coruña,Real Betis,deportivo,betis,18,0.3317812857925402,0.28788406951845025,0.38033464468900946,,,
2026-09-15T0846Z,odds_api,2026-09-20T16:30:00Z,Villarreal,Levante,villarreal,levante,18,0.6005559246065109,0.2199022852556865,0.1795417901378027,,,
2026-09-15T0846Z,odds_api,2026-09-20T19:00:00Z,Valencia,Real Sociedad,valencia,real-sociedad,18,0.3425510712506228,0.2833831589436971,0.3740657698056802,,,
2026-09-15T1324Z,odds_api,2026-09-15T17:00:00Z,Rayo Vallecano,Espanyol,rayo-vallecano,espanyol,19,0.4169505862449776,0.2812566084729435,0.30179280528207897,,,
2026-09-15T1324Z,odds_api,2026-09-15T18:00:00Z,Alavés,Valencia,alaves,valencia,19,0.5342045771267535,0.2756185934161221,0.19017682945712425,,,
2026-09-15T1324Z,odds_api,2026-09-15T19:30:00Z,Elche CF,Real Madrid,elche,real-madrid,19,0.07946584938704028,0.1324430823117338,0.7880910683012259,,,
2026-09-15T1324Z,odds_api,2026-09-16T17:00:00Z,Atlético Madrid,CA Osasuna,atletico,osasuna,18,0.6777271017447823,0.1979639455200455,0.12430895273517217,,,
2026-09-15T1324Z,odds_api,2026-09-16T17:00:00Z,Deportivo La Coruña,Sevilla,deportivo,sevilla,19,0.3826850690087829,0.3061480552070263,0.3111668757841907,,,
2026-09-15T1324Z,odds_api,2026-09-16T19:30:00Z,Levante,Athletic Bilbao,levante,athletic,19,0.2826989751209662,0.27058330475863906,0.4467177201203947,,,
2026-09-15T1324Z,odds_api,2026-09-16T19:30:00Z,Barcelona,Real Racing Club de Santander,barcelona,racing,19,0.900051431510372,0.06360363449339963,0.03634493399622837,,,
2026-09-15T1324Z,odds_api,2026-09-17T17:00:00Z,Real Betis,Getafe,betis,getafe,19,0.5480184058186136,0.26860620454208106,0.1833753896393053,,,
2026-09-15T1324Z,odds_api,2026-09-17T19:30:00Z,Málaga,Villarreal,malaga,villarreal,19,0.26435659671384415,0.25166748007157963,0.4839759232145763,,,
2026-09-15T1324Z,odds_api,2026-09-18T19:00:00Z,Espanyol,Elche CF,espanyol,elche,19,0.5110680919114552,0.27405100580759195,0.21488090228095277,,,
2026-09-15T1324Z,odds_api,2026-09-19T12:00:00Z,CA Osasuna,Rayo Vallecano,osasuna,rayo-vallecano,18,0.41761087730657176,0.2900615085788281,0.29232761411460023,,,
2026-09-15T1324Z,odds_api,2026-09-19T14:15:00Z,Athletic Bilbao,Alavés,athletic,alaves,18,0.5674005516635765,0.2509221563133745,0.181677292023049,,,
2026-09-15T1324Z,odds_api,2026-09-19T16:30:00Z,Celta Vigo,Real Racing Club de Santander,celta,racing,18,0.5273537420579256,0.24518524630745112,0.22746101163462332,,,
2026-09-15T1324Z,odds_api,2026-09-19T19:00:00Z,Sevilla,Barcelona,sevilla,barcelona,18,0.08576424481619971,0.1503436960921429,0.7638920590916574,,,
2026-09-15T1324Z,odds_api,2026-09-20T12:00:00Z,Getafe,Málaga,getafe,malaga,18,0.4445626893468018,0.3134166959894953,0.24202061466370292,,,
2026-09-15T1324Z,odds_api,2026-09-20T14:15:00Z,Atlético Madrid,Real Madrid,atletico,real-madrid,17,0.2409349509904723,0.24854342312701352,0.5105216258825142,,,
2026-09-15T1324Z,odds_api,2026-09-20T16:30:00Z,Deportivo La Coruña,Real Betis,deportivo,betis,18,0.3317812857925402,0.28788406951845025,0.38033464468900946,,,
2026-09-15T1324Z,odds_api,2026-09-20T16:30:00Z,Villarreal,Levante,villarreal,levante,18,0.6005559246065109,0.2199022852556865,0.1795417901378027,,,
2026-09-15T1324Z,odds_api,2026-09-20T19:00:00Z,Valencia,Real Sociedad,valencia,real-sociedad,18,0.3425510712506228,0.2833831589436971,0.3740657698056802,,,
2026-09-15T2040Z,odds_api,2026-09-15T17:00:00Z,Rayo Vallecano,Espanyol,rayo-vallecano,espanyol,19,0.4169505862449776,0.2812566084729435,0.30179280528207897,,,
2026-09-15T2040Z,odds_api,2026-09-15T18:00:00Z,Alavés,Valencia,alaves,valencia,19,0.5342045771267535,0.2756185934161221,0.19017682945712425,,,
2026-09-15T2040Z,odds_api,2026-09-15T19:30:00Z,Elche CF,Real Madrid,elche,real-madrid,19,0.07946584938704028,0.1324430823117338,0.7880910683012259,,,
2026-09-15T2040Z,odds_api,2026-09-16T17:00:00Z,Atlético Madrid,CA Osasuna,atletico,osasuna,18,0.6777271017447823,0.1979639455200455,0.12430895273517217,,,
2026-09-15T2040Z,odds_api,2026-09-16T17:00:00Z,Deportivo La Coruña,Sevilla,deportivo,sevilla,19,0.3826850690087829,0.3061480552070263,0.3111668757841907,,,
2026-09-15T2040Z,odds_api,2026-09-16T19:30:00Z,Levante,Athletic Bilbao,levante,athletic,19,0.2826989751209662,0.27058330475863906,0.4467177201203947,,,
2026-09-15T2040Z,odds_api,2026-09-16T19:30:00Z,Barcelona,Real Racing Club de Santander,barcelona,racing,19,0.900051431510372,0.06360363449339963,0.03634493399622837,,,
2026-09-15T2040Z,odds_api,2026-09-17T17:00:00Z,Real Betis,Getafe,betis,getafe,19,0.5480184058186136,0.26860620454208106,0.1833753896393053,,,
2026-09-15T2040Z,odds_api,2026-09-17T19:30:00Z,Málaga,Villarreal,malaga,villarreal,19,0.26435659671384415,0.25166748007157963,0.4839759232145763,,,
2026-09-15T2040Z,odds_api,2026-09-18T19:00:00Z,Espanyol,Elche CF,espanyol,elche,19,0.5110680919114552,0.27405100580759195,0.21488090228095277,,,
2026-09-15T2040Z,odds_api,2026-09-19T12:00:00Z,CA Osasuna,Rayo Vallecano,osasuna,rayo-vallecano,18,0.41761087730657176,0.2900615085788281,0.29232761411460023,,,
2026-09-15T2040Z,odds_api,2026-09-19T14:15:00Z,Athletic Bilbao,Alavés,athletic,alaves,18,0.5674005516635765,0.2509221563133745,0.181677292023049,,,
2026-09-15T2040Z,odds_api,2026-09-19T16:30:00Z,Celta Vigo,Real Racing Club de Santander,celta,racing,18,0.5273537420579256,0.24518524630745112,0.22746101163462332,,,
2026-09-15T2040Z,odds_api,2026-09-19T19:00:00Z,Sevilla,Barcelona,sevilla,barcelona,18,0.08576424481619971,0.1503436960921429,0.7638920590916574,,,
2026-09-15T2040Z,odds_api,2026-09-20T12:00:00Z,Getafe,Málaga,getafe,malaga,18,0.4445626893468018,0.3134166959894953,0.24202061466370292,,,
2026-09-15T2040Z,odds_api,2026-09-20T14:15:00Z,Atlético Madrid,Real Madrid,atletico,real-madrid,17,0.2409349509904723,0.24854342312701352,0.5105216258825142,,,
2026-09-15T2040Z,odds_api,2026-09-20T16:30:00Z,Deportivo La Coruña,Real Betis,deportivo,betis,18,0.3317812857925402,0.28788406951845025,0.38033464468900946,,,
2026-09-15T2040Z,odds_api,2026-09-20T16:30:00Z,Villarreal,Levante,villarreal,levante,18,0.6005559246065109,0.2199022852556865,0.1795417901378027,,,
2026-09-15T2040Z,odds_api,2026-09-20T19:00:00Z,Valencia,Real Sociedad,valencia,real-sociedad,18,0.3425510712506228,0.2833831589436971,0.3740657698056802,,,
2026-09-16T0450Z,odds_api,2026-09-16T17:00:00Z,Atlético Madrid,CA Osasuna,atletico,osasuna,19,0.6974802062087463,0.1905985513996178,0.111921242391636,,,
2026-09-16T0450Z,odds_api,2026-09-16T17:00:00Z,Deportivo La Coruña,Sevilla,deportivo,sevilla,20,0.371304347826087,0.31043478260869567,0.3182608695652174,,,
2026-09-16T0450Z,odds_api,2026-09-16T19:30:00Z,Levante,Athletic Bilbao,levante,athletic,20,0.2764829284833309,0.2729281479742595,0.45058892354240954,,,
2026-09-16T0450Z,odds_api,2026-09-16T19:30:00Z,Barcelona,Real Racing Club de Santander,barcelona,racing,20,0.901586165238596,0.061656860332445926,0.03675697442895815,,,
2026-09-16T0450Z,odds_api,2026-09-17T17:00:00Z,Real Betis,Getafe,betis,getafe,20,0.5674367560570672,0.2576469595069927,0.17491628443593998,,,
2026-09-16T0450Z,odds_api,2026-09-17T19:30:00Z,Málaga,Villarreal,malaga,villarreal,20,0.267084385142445,0.2528398846015146,0.4800757302560403,,,
2026-09-16T0450Z,odds_api,2026-09-18T19:00:00Z,Espanyol,Elche CF,espanyol,elche,19,0.5072616073735894,0.2760099922473943,0.21672840037901628,,,
2026-09-16T0450Z,odds_api,2026-09-19T12:00:00Z,CA Osasuna,Rayo Vallecano,osasuna,rayo-vallecano,18,0.41915001440821964,0.2879656587537387,0.29288432683804166,,,
2026-09-16T0450Z,odds_api,2026-09-19T14:15:00Z,Athletic Bilbao,Alavés,athletic,alaves,18,0.5741709298568196,0.24714969159191194,0.17867937855126836,,,
2026-09-16T0450Z,odds_api,2026-09-19T16:30:00Z,Celta Vigo,Real Racing Club de Santander,celta,racing,18,0.5297135423058985,0.24244581359385356,0.22784064410024787,,,
2026-09-16T0450Z,odds_api,2026-09-19T19:00:00Z,Sevilla,Barcelona,sevilla,barcelona,18,0.08214585079631183,0.14668901927912828,0.7711651299245599,,,
2026-09-16T0450Z,odds_api,2026-09-20T12:00:00Z,Getafe,Málaga,getafe,malaga,18,0.445350697169071,0.31471449266614354,0.23993481016478543,,,
2026-09-16T0450Z,odds_api,2026-09-20T14:15:00Z,Atlético Madrid,Real Madrid,atletico,real-madrid,17,0.23954340233410001,0.24899906295255136,0.5114575347133488,,,
2026-09-16T0450Z,odds_api,2026-09-20T16:30:00Z,Deportivo La Coruña,Real Betis,deportivo,betis,18,0.3339480436177037,0.2789448364336113,0.387107119948685,,,
2026-09-16T0450Z,odds_api,2026-09-20T16:30:00Z,Villarreal,Levante,villarreal,levante,18,0.6035000855927628,0.21762157464347323,0.17887833976376397,,,
2026-09-16T0450Z,odds_api,2026-09-20T19:00:00Z,Valencia,Real Sociedad,valencia,real-sociedad,18,0.34117604010391894,0.28380109041677337,0.37502286947930763,,,
2026-09-16T0801Z,odds_api,2026-09-16T17:00:00Z,Atlético Madrid,CA Osasuna,atletico,osasuna,19,0.6974802062087463,0.1905985513996178,0.111921242391636,,,
2026-09-16T0801Z,odds_api,2026-09-16T17:00:00Z,Deportivo La Coruña,Sevilla,deportivo,sevilla,20,0.371304347826087,0.31043478260869567,0.3182608695652174,,,
2026-09-16T0801Z,odds_api,2026-09-16T19:30:00Z,Levante,Athletic Bilbao,levante,athletic,20,0.2764829284833309,0.2729281479742595,0.45058892354240954,,,
2026-09-16T0801Z,odds_api,2026-09-16T19:30:00Z,Barcelona,Real Racing Club de Santander,barcelona,racing,20,0.901586165238596,0.061656860332445926,0.03675697442895815,,,
2026-09-16T0801Z,odds_api,2026-09-17T17:00:00Z,Real Betis,Getafe,betis,getafe,20,0.5674367560570672,0.2576469595069927,0.17491628443593998,,,
2026-09-16T0801Z,odds_api,2026-09-17T19:30:00Z,Málaga,Villarreal,malaga,villarreal,20,0.267084385142445,0.2528398846015146,0.4800757302560403,,,
2026-09-16T0801Z,odds_api,2026-09-18T19:00:00Z,Espanyol,Elche CF,espanyol,elche,19,0.5072616073735894,0.2760099922473943,0.21672840037901628,,,
2026-09-16T0801Z,odds_api,2026-09-19T12:00:00Z,CA Osasuna,Rayo Vallecano,osasuna,rayo-vallecano,18,0.41915001440821964,0.2879656587537387,0.29288432683804166,,,
2026-09-16T0801Z,odds_api,2026-09-19T14:15:00Z,Athletic Bilbao,Alavés,athletic,alaves,18,0.5741709298568196,0.24714969159191194,0.17867937855126836,,,
2026-09-16T0801Z,odds_api,2026-09-19T16:30:00Z,Celta Vigo,Real Racing Club de Santander,celta,racing,18,0.5297135423058985,0.24244581359385356,0.22784064410024787,,,
2026-09-16T0801Z,odds_api,2026-09-19T19:00:00Z,Sevilla,Barcelona,sevilla,barcelona,18,0.08214585079631183,0.14668901927912828,0.7711651299245599,,,
2026-09-16T0801Z,odds_api,2026-09-20T12:00:00Z,Getafe,Málaga,getafe,malaga,18,0.445350697169071,0.31471449266614354,0.23993481016478543,,,
2026-09-16T0801Z,odds_api,2026-09-20T14:15:00Z,Atlético Madrid,Real Madrid,atletico,real-madrid,17,0.23954340233410001,0.24899906295255136,0.5114575347133488,,,
2026-09-16T0801Z,odds_api,2026-09-20T16:30:00Z,Deportivo La Coruña,Real Betis,deportivo,betis,18,0.3339480436177037,0.2789448364336113,0.387107119948685,,,
2026-09-16T0801Z,odds_api,2026-09-20T16:30:00Z,Villarreal,Levante,villarreal,levante,18,0.6035000855927628,0.21762157464347323,0.17887833976376397,,,
2026-09-16T0801Z,odds_api,2026-09-20T19:00:00Z,Valencia,Real Sociedad,valencia,real-sociedad,18,0.34117604010391894,0.28380109041677337,0.37502286947930763,,,
2026-09-16T2115Z,odds_api,2026-09-16T17:00:00Z,Atlético Madrid,CA Osasuna,atletico,osasuna,19,0.6974802062087463,0.1905985513996178,0.111921242391636,,,
2026-09-16T2115Z,odds_api,2026-09-16T17:00:00Z,Deportivo La Coruña,Sevilla,deportivo,sevilla,20,0.371304347826087,0.31043478260869567,0.3182608695652174,,,
2026-09-16T2115Z,odds_api,2026-09-16T19:30:00Z,Levante,Athletic Bilbao,levante,athletic,20,0.2764829284833309,0.2729281479742595,0.45058892354240954,,,
2026-09-16T2115Z,odds_api,2026-09-16T19:30:00Z,Barcelona,Real Racing Club de Santander,barcelona,racing,20,0.901586165238596,0.061656860332445926,0.03675697442895815,,,
2026-09-16T2115Z,odds_api,2026-09-17T17:00:00Z,Real Betis,Getafe,betis,getafe,20,0.5674367560570672,0.2576469595069927,0.17491628443593998,,,
2026-09-16T2115Z,odds_api,2026-09-17T19:30:00Z,Málaga,Villarreal,malaga,villarreal,20,0.267084385142445,0.2528398846015146,0.4800757302560403,,,
2026-09-16T2115Z,odds_api,2026-09-18T19:00:00Z,Espanyol,Elche CF,espanyol,elche,19,0.5072616073735894,0.2760099922473943,0.21672840037901628,,,
2026-09-16T2115Z,odds_api,2026-09-19T12:00:00Z,CA Osasuna,Rayo Vallecano,osasuna,rayo-vallecano,18,0.41915001440821964,0.2879656587537387,0.29288432683804166,,,
2026-09-16T2115Z,odds_api,2026-09-19T14:15:00Z,Athletic Bilbao,Alavés,athletic,alaves,18,0.5741709298568196,0.24714969159191194,0.17867937855126836,,,
2026-09-16T2115Z,odds_api,2026-09-19T16:30:00Z,Celta Vigo,Real Racing Club de Santander,celta,racing,18,0.5297135423058985,0.24244581359385356,0.22784064410024787,,,
2026-09-16T2115Z,odds_api,2026-09-19T19:00:00Z,Sevilla,Barcelona,sevilla,barcelona,18,0.08214585079631183,0.14668901927912828,0.7711651299245599,,,
2026-09-16T2115Z,odds_api,2026-09-20T12:00:00Z,Getafe,Málaga,getafe,malaga,18,0.445350697169071,0.31471449266614354,0.23993481016478543,,,
2026-09-16T2115Z,odds_api,2026-09-20T14:15:00Z,Atlético Madrid,Real Madrid,atletico,real-madrid,17,0.23954340233410001,0.24899906295255136,0.5114575347133488,,,
2026-09-16T2115Z,odds_api,2026-09-20T16:30:00Z,Deportivo La Coruña,Real Betis,deportivo,betis,18,0.3339480436177037,0.2789448364336113,0.387107119948685,,,
2026-09-16T2115Z,odds_api,2026-09-20T16:30:00Z,Villarreal,Levante,villarreal,levante,18,0.6035000855927628,0.21762157464347323,0.17887833976376397,,,
2026-09-16T2115Z,odds_api,2026-09-20T19:00:00Z,Valencia,Real Sociedad,valencia,real-sociedad,18,0.34117604010391894,0.28380109041677337,0.37502286947930763,,,
2026-09-17T0607Z,odds_api,2026-09-17T17:00:00Z,Real Betis,Getafe,betis,getafe,20,0.5798840231953609,0.25514897020595884,0.16496700659868027,,,
2026-09-17T0607Z,odds_api,2026-09-17T19:30:00Z,Málaga,Villarreal,malaga,villarreal,20,0.26467757459095287,0.25409047160731474,0.48123195380173245,,,
2026-09-17T0607Z,odds_api,2026-09-18T19:00:00Z,Espanyol,Elche CF,espanyol,elche,20,0.515704805181056,0.26922284993093537,0.21507234488800855,,,
2026-09-17T0607Z,odds_api,2026-09-19T12:00:00Z,CA Osasuna,Rayo Vallecano,osasuna,rayo-vallecano,19,0.41412692721405525,0.2861240588024382,0.2997490139835066,,,
2026-09-17T0607Z,odds_api,2026-09-19T14:15:00Z,Athletic Bilbao,Alavés,athletic,alaves,19,0.5778427952512238,0.23991447701569796,0.18224272773307826,,,
2026-09-17T0607Z,odds_api,2026-09-19T16:30:00Z,Celta Vigo,Real Racing Club de Santander,celta,racing,18,0.5236232320192598,0.24074631357207343,0.23563045440866687,,,
2026-09-17T0607Z,odds_api,2026-09-19T19:00:00Z,Sevilla,Barcelona,sevilla,barcelona,18,0.07486908088303325,0.13082659462260135,0.7943043244943653,,,
2026-09-17T0607Z,odds_api,2026-09-20T12:00:00Z,Getafe,Málaga,getafe,malaga,18,0.44542368617166245,0.31328132594073593,0.2412949878876015,,,
2026-09-17T0607Z,odds_api,2026-09-20T14:15:00Z,Atlético Madrid,Real Madrid,atletico,real-madrid,18,0.2572058965726391,0.24976046272448377,0.49303364070287714,,,
2026-09-17T0607Z,odds_api,2026-09-20T16:30:00Z,Deportivo La Coruña,Real Betis,deportivo,betis,17,0.32558139534883723,0.2777017783857729,0.3967168262653899,,,
2026-09-17T0607Z,odds_api,2026-09-20T16:30:00Z,Villarreal,Levante,villarreal,levante,18,0.5960018840013205,0.21685352442226494,0.18714459157641464,,,
2026-09-17T0607Z,odds_api,2026-09-20T19:00:00Z,Valencia,Real Sociedad,valencia,real-sociedad,18,0.34239914420474254,0.2795922005932217,0.37800865520203575,,,
2026-09-17T0617Z,odds_api,2026-09-17T17:00:00Z,Real Betis,Getafe,betis,getafe,20,0.5798840231953609,0.25514897020595884,0.16496700659868027,,,
2026-09-17T0617Z,odds_api,2026-09-17T19:30:00Z,Málaga,Villarreal,malaga,villarreal,20,0.26467757459095287,0.25409047160731474,0.48123195380173245,,,
2026-09-17T0617Z,odds_api,2026-09-18T19:00:00Z,Espanyol,Elche CF,espanyol,elche,20,0.515704805181056,0.26922284993093537,0.21507234488800855,,,
2026-09-17T0617Z,odds_api,2026-09-19T12:00:00Z,CA Osasuna,Rayo Vallecano,osasuna,rayo-vallecano,19,0.41412692721405525,0.2861240588024382,0.2997490139835066,,,
2026-09-17T0617Z,odds_api,2026-09-19T14:15:00Z,Athletic Bilbao,Alavés,athletic,alaves,19,0.5778427952512238,0.23991447701569796,0.18224272773307826,,,
2026-09-17T0617Z,odds_api,2026-09-19T16:30:00Z,Celta Vigo,Real Racing Club de Santander,celta,racing,18,0.5236232320192598,0.24074631357207343,0.23563045440866687,,,
2026-09-17T0617Z,odds_api,2026-09-19T19:00:00Z,Sevilla,Barcelona,sevilla,barcelona,18,0.07486908088303325,0.13082659462260135,0.7943043244943653,,,
2026-09-17T0617Z,odds_api,2026-09-20T12:00:00Z,Getafe,Málaga,getafe,malaga,18,0.44542368617166245,0.31328132594073593,0.2412949878876015,,,
2026-09-17T0617Z,odds_api,2026-09-20T14:15:00Z,Atlético Madrid,Real Madrid,atletico,real-madrid,18,0.2572058965726391,0.24976046272448377,0.49303364070287714,,,
2026-09-17T0617Z,odds_api,2026-09-20T16:30:00Z,Deportivo La Coruña,Real Betis,deportivo,betis,17,0.32558139534883723,0.2777017783857729,0.3967168262653899,,,
2026-09-17T0617Z,odds_api,2026-09-20T16:30:00Z,Villarreal,Levante,villarreal,levante,18,0.5960018840013205,0.21685352442226494,0.18714459157641464,,,
2026-09-17T0617Z,odds_api,2026-09-20T19:00:00Z,Valencia,Real Sociedad,valencia,real-sociedad,18,0.34239914420474254,0.2795922005932217,0.37800865520203575,,,
2026-09-17T0801Z,odds_api,2026-09-17T17:00:00Z,Real Betis,Getafe,betis,getafe,20,0.5798840231953609,0.25514897020595884,0.16496700659868027,,,
2026-09-17T0801Z,odds_api,2026-09-17T19:30:00Z,Málaga,Villarreal,malaga,villarreal,20,0.26467757459095287,0.25409047160731474,0.48123195380173245,,,
2026-09-17T0801Z,odds_api,2026-09-18T19:00:00Z,Espanyol,Elche CF,espanyol,elche,20,0.515704805181056,0.26922284993093537,0.21507234488800855,,,
2026-09-17T0801Z,odds_api,2026-09-19T12:00:00Z,CA Osasuna,Rayo Vallecano,osasuna,rayo-vallecano,19,0.41412692721405525,0.2861240588024382,0.2997490139835066,,,
2026-09-17T0801Z,odds_api,2026-09-19T14:15:00Z,Athletic Bilbao,Alavés,athletic,alaves,19,0.5778427952512238,0.23991447701569796,0.18224272773307826,,,
2026-09-17T0801Z,odds_api,2026-09-19T16:30:00Z,Celta Vigo,Real Racing Club de Santander,celta,racing,18,0.5236232320192598,0.24074631357207343,0.23563045440866687,,,
2026-09-17T0801Z,odds_api,2026-09-19T19:00:00Z,Sevilla,Barcelona,sevilla,barcelona,18,0.07486908088303325,0.13082659462260135,0.7943043244943653,,,
2026-09-17T0801Z,odds_api,2026-09-20T12:00:00Z,Getafe,Málaga,getafe,malaga,18,0.44542368617166245,0.31328132594073593,0.2412949878876015,,,
2026-09-17T0801Z,odds_api,2026-09-20T14:15:00Z,Atlético Madrid,Real Madrid,atletico,real-madrid,18,0.2572058965726391,0.24976046272448377,0.49303364070287714,,,
2026-09-17T0801Z,odds_api,2026-09-20T16:30:00Z,Deportivo La Coruña,Real Betis,deportivo,betis,17,0.32558139534883723,0.2777017783857729,0.3967168262653899,,,
2026-09-17T0801Z,odds_api,2026-09-20T16:30:00Z,Villarreal,Levante,villarreal,levante,18,0.5960018840013205,0.21685352442226494,0.18714459157641464,,,
2026-09-17T0801Z,odds_api,2026-09-20T19:00:00Z,Valencia,Real Sociedad,valencia,real-sociedad,18,0.34239914420474254,0.2795922005932217,0.37800865520203575,,,
2026-09-17T1929Z,odds_api,2026-09-17T17:00:00Z,Real Betis,Getafe,betis,getafe,20,0.5798840231953609,0.25514897020595884,0.16496700659868027,,,
2026-09-17T1929Z,odds_api,2026-09-17T19:30:00Z,Málaga,Villarreal,malaga,villarreal,20,0.26467757459095287,0.25409047160731474,0.48123195380173245,,,
2026-09-17T1929Z,odds_api,2026-09-18T19:00:00Z,Espanyol,Elche CF,espanyol,elche,20,0.515704805181056,0.26922284993093537,0.21507234488800855,,,
2026-09-17T1929Z,odds_api,2026-09-19T12:00:00Z,CA Osasuna,Rayo Vallecano,osasuna,rayo-vallecano,19,0.41412692721405525,0.2861240588024382,0.2997490139835066,,,
2026-09-17T1929Z,odds_api,2026-09-19T14:15:00Z,Athletic Bilbao,Alavés,athletic,alaves,19,0.5778427952512238,0.23991447701569796,0.18224272773307826,,,
2026-09-17T1929Z,odds_api,2026-09-19T16:30:00Z,Celta Vigo,Real Racing Club de Santander,celta,racing,18,0.5236232320192598,0.24074631357207343,0.23563045440866687,,,
2026-09-17T1929Z,odds_api,2026-09-19T19:00:00Z,Sevilla,Barcelona,sevilla,barcelona,18,0.07486908088303325,0.13082659462260135,0.7943043244943653,,,
2026-09-17T1929Z,odds_api,2026-09-20T12:00:00Z,Getafe,Málaga,getafe,malaga,18,0.44542368617166245,0.31328132594073593,0.2412949878876015,,,
2026-09-17T1929Z,odds_api,2026-09-20T14:15:00Z,Atlético Madrid,Real Madrid,atletico,real-madrid,18,0.2572058965726391,0.24976046272448377,0.49303364070287714,,,
2026-09-17T1929Z,odds_api,2026-09-20T16:30:00Z,Deportivo La Coruña,Real Betis,deportivo,betis,17,0.32558139534883723,0.2777017783857729,0.3967168262653899,,,
2026-09-17T1929Z,odds_api,2026-09-20T16:30:00Z,Villarreal,Levante,villarreal,levante,18,0.5960018840013205,0.21685352442226494,0.18714459157641464,,,
2026-09-17T1929Z,odds_api,2026-09-20T19:00:00Z,Valencia,Real Sociedad,valencia,real-sociedad,18,0.34239914420474254,0.2795922005932217,0.37800865520203575,,,
2026-09-17T1932Z,odds_api,2026-09-17T17:00:00Z,Real Betis,Getafe,betis,getafe,20,0.5798840231953609,0.25514897020595884,0.16496700659868027,,,
2026-09-17T1932Z,odds_api,2026-09-17T19:30:00Z,Málaga,Villarreal,malaga,villarreal,20,0.26467757459095287,0.25409047160731474,0.48123195380173245,,,
2026-09-17T1932Z,odds_api,2026-09-18T19:00:00Z,Espanyol,Elche CF,espanyol,elche,20,0.515704805181056,0.26922284993093537,0.21507234488800855,,,
2026-09-17T1932Z,odds_api,2026-09-19T12:00:00Z,CA Osasuna,Rayo Vallecano,osasuna,rayo-vallecano,19,0.41412692721405525,0.2861240588024382,0.2997490139835066,,,
2026-09-17T1932Z,odds_api,2026-09-19T14:15:00Z,Athletic Bilbao,Alavés,athletic,alaves,19,0.5778427952512238,0.23991447701569796,0.18224272773307826,,,
2026-09-17T1932Z,odds_api,2026-09-19T16:30:00Z,Celta Vigo,Real Racing Club de Santander,celta,racing,18,0.5236232320192598,0.24074631357207343,0.23563045440866687,,,
2026-09-17T1932Z,odds_api,2026-09-19T19:00:00Z,Sevilla,Barcelona,sevilla,barcelona,18,0.07486908088303325,0.13082659462260135,0.7943043244943653,,,
2026-09-17T1932Z,odds_api,2026-09-20T12:00:00Z,Getafe,Málaga,getafe,malaga,18,0.44542368617166245,0.31328132594073593,0.2412949878876015,,,
2026-09-17T1932Z,odds_api,2026-09-20T14:15:00Z,Atlético Madrid,Real Madrid,atletico,real-madrid,18,0.2572058965726391,0.24976046272448377,0.49303364070287714,,,
2026-09-17T1932Z,odds_api,2026-09-20T16:30:00Z,Deportivo La Coruña,Real Betis,deportivo,betis,17,0.32558139534883723,0.2777017783857729,0.3967168262653899,,,
2026-09-17T1932Z,odds_api,2026-09-20T16:30:00Z,Villarreal,Levante,villarreal,levante,18,0.5960018840013205,0.21685352442226494,0.18714459157641464,,,
2026-09-17T1932Z,odds_api,2026-09-20T19:00:00Z,Valencia,Real Sociedad,valencia,real-sociedad,18,0.34239914420474254,0.2795922005932217,0.37800865520203575,,,
2026-09-17T2040Z,odds_api,2026-09-17T17:00:00Z,Real Betis,Getafe,betis,getafe,20,0.5798840231953609,0.25514897020595884,0.16496700659868027,,,
2026-09-17T2040Z,odds_api,2026-09-17T19:30:00Z,Málaga,Villarreal,malaga,villarreal,20,0.26467757459095287,0.25409047160731474,0.48123195380173245,,,
2026-09-17T2040Z,odds_api,2026-09-18T19:00:00Z,Espanyol,Elche CF,espanyol,elche,20,0.515704805181056,0.26922284993093537,0.21507234488800855,,,
2026-09-17T2040Z,odds_api,2026-09-19T12:00:00Z,CA Osasuna,Rayo Vallecano,osasuna,rayo-vallecano,19,0.41412692721405525,0.2861240588024382,0.2997490139835066,,,
2026-09-17T2040Z,odds_api,2026-09-19T14:15:00Z,Athletic Bilbao,Alavés,athletic,alaves,19,0.5778427952512238,0.23991447701569796,0.18224272773307826,,,
2026-09-17T2040Z,odds_api,2026-09-19T16:30:00Z,Celta Vigo,Real Racing Club de Santander,celta,racing,18,0.5236232320192598,0.24074631357207343,0.23563045440866687,,,
2026-09-17T2040Z,odds_api,2026-09-19T19:00:00Z,Sevilla,Barcelona,sevilla,barcelona,18,0.07486908088303325,0.13082659462260135,0.7943043244943653,,,
2026-09-17T2040Z,odds_api,2026-09-20T12:00:00Z,Getafe,Málaga,getafe,malaga,18,0.44542368617166245,0.31328132594073593,0.2412949878876015,,,
2026-09-17T2040Z,odds_api,2026-09-20T14:15:00Z,Atlético Madrid,Real Madrid,atletico,real-madrid,18,0.2572058965726391,0.24976046272448377,0.49303364070287714,,,
2026-09-17T2040Z,odds_api,2026-09-20T16:30:00Z,Deportivo La Coruña,Real Betis,deportivo,betis,17,0.32558139534883723,0.2777017783857729,0.3967168262653899,,,
2026-09-17T2040Z,odds_api,2026-09-20T16:30:00Z,Villarreal,Levante,villarreal,levante,18,0.5960018840013205,0.21685352442226494,0.18714459157641464,,,
2026-09-17T2040Z,odds_api,2026-09-20T19:00:00Z,Valencia,Real Sociedad,valencia,real-sociedad,18,0.34239914420474254,0.2795922005932217,0.37800865520203575,,,
2026-09-17T2128Z,odds_api,2026-09-17T17:00:00Z,Real Betis,Getafe,betis,getafe,20,0.5798840231953609,0.25514897020595884,0.16496700659868027,,,
2026-09-17T2128Z,odds_api,2026-09-17T19:30:00Z,Málaga,Villarreal,malaga,villarreal,20,0.26467757459095287,0.25409047160731474,0.48123195380173245,,,
2026-09-17T2128Z,odds_api,2026-09-18T19:00:00Z,Espanyol,Elche CF,espanyol,elche,20,0.515704805181056,0.26922284993093537,0.21507234488800855,,,
2026-09-17T2128Z,odds_api,2026-09-19T12:00:00Z,CA Osasuna,Rayo Vallecano,osasuna,rayo-vallecano,19,0.41412692721405525,0.2861240588024382,0.2997490139835066,,,
2026-09-17T2128Z,odds_api,2026-09-19T14:15:00Z,Athletic Bilbao,Alavés,athletic,alaves,19,0.5778427952512238,0.23991447701569796,0.18224272773307826,,,
2026-09-17T2128Z,odds_api,2026-09-19T16:30:00Z,Celta Vigo,Real Racing Club de Santander,celta,racing,18,0.5236232320192598,0.24074631357207343,0.23563045440866687,,,
2026-09-17T2128Z,odds_api,2026-09-19T19:00:00Z,Sevilla,Barcelona,sevilla,barcelona,18,0.07486908088303325,0.13082659462260135,0.7943043244943653,,,
2026-09-17T2128Z,odds_api,2026-09-20T12:00:00Z,Getafe,Málaga,getafe,malaga,18,0.44542368617166245,0.31328132594073593,0.2412949878876015,,,
2026-09-17T2128Z,odds_api,2026-09-20T14:15:00Z,Atlético Madrid,Real Madrid,atletico,real-madrid,18,0.2572058965726391,0.24976046272448377,0.49303364070287714,,,
2026-09-17T2128Z,odds_api,2026-09-20T16:30:00Z,Deportivo La Coruña,Real Betis,deportivo,betis,17,0.32558139534883723,0.2777017783857729,0.3967168262653899,,,
2026-09-17T2128Z,odds_api,2026-09-20T16:30:00Z,Villarreal,Levante,villarreal,levante,18,0.5960018840013205,0.21685352442226494,0.18714459157641464,,,
2026-09-17T2128Z,odds_api,2026-09-20T19:00:00Z,Valencia,Real Sociedad,valencia,real-sociedad,18,0.34239914420474254,0.2795922005932217,0.37800865520203575,,,
2026-09-17T2134Z,odds_api,2026-09-17T17:00:00Z,Real Betis,Getafe,betis,getafe,20,0.5798840231953609,0.25514897020595884,0.16496700659868027,,,
2026-09-17T2134Z,odds_api,2026-09-17T19:30:00Z,Málaga,Villarreal,malaga,villarreal,20,0.26467757459095287,0.25409047160731474,0.48123195380173245,,,
2026-09-17T2134Z,odds_api,2026-09-18T19:00:00Z,Espanyol,Elche CF,espanyol,elche,20,0.515704805181056,0.26922284993093537,0.21507234488800855,,,
2026-09-17T2134Z,odds_api,2026-09-19T12:00:00Z,CA Osasuna,Rayo Vallecano,osasuna,rayo-vallecano,19,0.41412692721405525,0.2861240588024382,0.2997490139835066,,,
2026-09-17T2134Z,odds_api,2026-09-19T14:15:00Z,Athletic Bilbao,Alavés,athletic,alaves,19,0.5778427952512238,0.23991447701569796,0.18224272773307826,,,
2026-09-17T2134Z,odds_api,2026-09-19T16:30:00Z,Celta Vigo,Real Racing Club de Santander,celta,racing,18,0.5236232320192598,0.24074631357207343,0.23563045440866687,,,
2026-09-17T2134Z,odds_api,2026-09-19T19:00:00Z,Sevilla,Barcelona,sevilla,barcelona,18,0.07486908088303325,0.13082659462260135,0.7943043244943653,,,
2026-09-17T2134Z,odds_api,2026-09-20T12:00:00Z,Getafe,Málaga,getafe,malaga,18,0.44542368617166245,0.31328132594073593,0.2412949878876015,,,
2026-09-17T2134Z,odds_api,2026-09-20T14:15:00Z,Atlético Madrid,Real Madrid,atletico,real-madrid,18,0.2572058965726391,0.24976046272448377,0.49303364070287714,,,
2026-09-17T2134Z,odds_api,2026-09-20T16:30:00Z,Deportivo La Coruña,Real Betis,deportivo,betis,17,0.32558139534883723,0.2777017783857729,0.3967168262653899,,,
2026-09-17T2134Z,odds_api,2026-09-20T16:30:00Z,Villarreal,Levante,villarreal,levante,18,0.5960018840013205,0.21685352442226494,0.18714459157641464,,,
2026-09-17T2134Z,odds_api,2026-09-20T19:00:00Z,Valencia,Real Sociedad,valencia,real-sociedad,18,0.34239914420474254,0.2795922005932217,0.37800865520203575,,,
2026-09-18T0651Z,odds_api,2026-09-18T19:00:00Z,Espanyol,Elche CF,espanyol,elche,21,0.5221932114882506,0.2654482158398608,0.2123585726718886,2.5,0.518324607329843,0.48167539267015713
2026-09-18T0651Z,odds_api,2026-09-19T12:00:00Z,CA Osasuna,Rayo Vallecano,osasuna,rayo-vallecano,21,0.40442620024986614,0.28800047593551076,0.30757332381462316,2.5,0.4593175853018373,0.5406824146981627
2026-09-18T0651Z,odds_api,2026-09-19T14:15:00Z,Athletic Bilbao,Alavés,athletic,alaves,21,0.5802897367884107,0.24239951030401957,0.1773107529075699,2.5,0.4973821989528796,0.5026178010471204
2026-09-18T0651Z,odds_api,2026-09-19T16:30:00Z,Celta Vigo,Real Racing Club de Santander,celta,racing,21,0.5203816131830008,0.24284475281873377,0.2367736339982654,2.5,0.574025974025974,0.42597402597402595
2026-09-18T0651Z,odds_api,2026-09-19T19:00:00Z,Sevilla,Barcelona,sevilla,barcelona,21,0.07643312101910829,0.12738853503184713,0.7961783439490446,3.5,0.5459317585301837,0.4540682414698162
2026-09-18T0651Z,odds_api,2026-09-20T12:00:00Z,Getafe,Málaga,getafe,malaga,21,0.457707591095717,0.31064088969447023,0.23165151920981275,1.5,0.626865671641791,0.3731343283582089
2026-09-18T0651Z,odds_api,2026-09-20T14:15:00Z,Atlético Madrid,Real Madrid,atletico,real-madrid,20,0.2652412086941156,0.2512811450786358,0.4834776462272486,3.5,0.4511873350923483,0.5488126649076518
2026-09-18T0651Z,odds_api,2026-09-20T16:30:00Z,Deportivo La Coruña,Real Betis,deportivo,betis,20,0.2764731945059814,0.2649534780682322,0.45857332742578644,2.5,0.5091383812010444,0.4908616187989557
2026-09-18T0651Z,odds_api,2026-09-20T16:30:00Z,Villarreal,Levante,villarreal,levante,21,0.6142433234421365,0.20830860534124632,0.1774480712166172,2.5,0.6186868686868687,0.38131313131313127
2026-09-18T0651Z,odds_api,2026-09-20T19:00:00Z,Valencia,Real Sociedad,valencia,real-sociedad,21,0.3520346737298338,0.27955694678545634,0.36840837948470984,2.5,0.49933949801849403,0.500660501981506
2026-09-18T0651Z,odds_api,2026-10-09T19:00:00Z,Málaga,Espanyol,malaga,espanyol,14,0.3965557763391235,0.2868833194453347,0.3165609042155417,2.5,0.4677206851119894,0.5322793148880105
2026-09-18T0651Z,odds_api,2026-10-10T12:00:00Z,Rayo Vallecano,Athletic Bilbao,rayo-vallecano,athletic,14,0.30720434979610334,0.2816039873130947,0.411191662890802,2.5,0.5033025099075297,0.49669749009247033
2026-09-18T0651Z,odds_api,2026-10-10T14:15:00Z,Alavés,Atlético Madrid,alaves,atletico,13,0.25995948683322084,0.2673869007427414,0.47265361242403786,2.5,0.5165562913907285,0.4834437086092716
2026-09-18T0651Z,odds_api,2026-10-10T16:30:00Z,Barcelona,Getafe,barcelona,getafe,14,0.8842419698521854,0.07810804067027638,0.03764998947753832,4.5,0.4186046511627907,0.5813953488372093
2026-09-18T0651Z,odds_api,2026-10-10T19:00:00Z,Real Madrid,Villarreal,real-madrid,villarreal,14,0.7504949209749132,0.14889819232142276,0.10060688670366404,3.5,0.5810635538261998,0.4189364461738003
2026-09-18T0651Z,odds_api,2026-10-11T12:00:00Z,Elche CF,Celta Vigo,elche,celta,15,0.3221329437545654,0.29656683710737763,0.38130021913805695,2.5,0.4656084656084655,0.5343915343915343
2026-09-18T0651Z,odds_api,2026-10-11T14:15:00Z,Real Sociedad,Deportivo La Coruña,real-sociedad,deportivo,14,0.4647745746864375,0.2839120705098147,0.2513133548037479,2.5,0.5119363395225464,0.48806366047745364
2026-09-18T0651Z,odds_api,2026-10-11T16:30:00Z,Real Betis,CA Osasuna,betis,osasuna,15,0.5970764411716217,0.22718030444578782,0.17574325438259056,2.5,0.5639686684073107,0.4360313315926892
2026-09-18T0651Z,odds_api,2026-10-11T19:00:00Z,Real Racing Club de Santander,Valencia,racing,valencia,13,0.5011723329425557,0.25615474794841736,0.24267291910902694,2.5,0.549738219895288,0.450261780104712
2026-09-18T0651Z,odds_api,2026-10-12T19:00:00Z,Levante,Sevilla,levante,sevilla,15,0.3735096013052755,0.29180437601974646,0.33468602267497805,2.5,0.4578947368421053,0.5421052631578948
2026-09-18T0801Z,odds_api,2026-09-18T19:00:00Z,Espanyol,Elche CF,espanyol,elche,21,0.5221932114882506,0.2654482158398608,0.2123585726718886,2.5,0.518324607329843,0.48167539267015713
2026-09-18T0801Z,odds_api,2026-09-19T12:00:00Z,CA Osasuna,Rayo Vallecano,osasuna,rayo-vallecano,21,0.40442620024986614,0.28800047593551076,0.30757332381462316,2.5,0.4593175853018373,0.5406824146981627
2026-09-18T0801Z,odds_api,2026-09-19T14:15:00Z,Athletic Bilbao,Alavés,athletic,alaves,21,0.5802897367884107,0.24239951030401957,0.1773107529075699,2.5,0.4973821989528796,0.5026178010471204
2026-09-18T0801Z,odds_api,2026-09-19T16:30:00Z,Celta Vigo,Real Racing Club de Santander,celta,racing,21,0.5203816131830008,0.24284475281873377,0.2367736339982654,2.5,0.574025974025974,0.42597402597402595
2026-09-18T0801Z,odds_api,2026-09-19T19:00:00Z,Sevilla,Barcelona,sevilla,barcelona,21,0.07643312101910829,0.12738853503184713,0.7961783439490446,3.5,0.5459317585301837,0.4540682414698162
2026-09-18T0801Z,odds_api,2026-09-20T12:00:00Z,Getafe,Málaga,getafe,malaga,21,0.457707591095717,0.31064088969447023,0.23165151920981275,1.5,0.626865671641791,0.3731343283582089
2026-09-18T0801Z,odds_api,2026-09-20T14:15:00Z,Atlético Madrid,Real Madrid,atletico,real-madrid,20,0.2652412086941156,0.2512811450786358,0.4834776462272486,3.5,0.4511873350923483,0.5488126649076518
2026-09-18T0801Z,odds_api,2026-09-20T16:30:00Z,Deportivo La Coruña,Real Betis,deportivo,betis,20,0.2764731945059814,0.2649534780682322,0.45857332742578644,2.5,0.5091383812010444,0.4908616187989557
2026-09-18T0801Z,odds_api,2026-09-20T16:30:00Z,Villarreal,Levante,villarreal,levante,21,0.6142433234421365,0.20830860534124632,0.1774480712166172,2.5,0.6186868686868687,0.38131313131313127
2026-09-18T0801Z,odds_api,2026-09-20T19:00:00Z,Valencia,Real Sociedad,valencia,real-sociedad,21,0.3520346737298338,0.27955694678545634,0.36840837948470984,2.5,0.49933949801849403,0.500660501981506
2026-09-18T0801Z,odds_api,2026-10-09T19:00:00Z,Málaga,Espanyol,malaga,espanyol,14,0.3965557763391235,0.2868833194453347,0.3165609042155417,2.5,0.4677206851119894,0.5322793148880105
2026-09-18T0801Z,odds_api,2026-10-10T12:00:00Z,Rayo Vallecano,Athletic Bilbao,rayo-vallecano,athletic,14,0.30720434979610334,0.2816039873130947,0.411191662890802,2.5,0.5033025099075297,0.49669749009247033
2026-09-18T0801Z,odds_api,2026-10-10T14:15:00Z,Alavés,Atlético Madrid,alaves,atletico,13,0.25995948683322084,0.2673869007427414,0.47265361242403786,2.5,0.5165562913907285,0.4834437086092716
2026-09-18T0801Z,odds_api,2026-10-10T16:30:00Z,Barcelona,Getafe,barcelona,getafe,14,0.8842419698521854,0.07810804067027638,0.03764998947753832,4.5,0.4186046511627907,0.5813953488372093
2026-09-18T0801Z,odds_api,2026-10-10T19:00:00Z,Real Madrid,Villarreal,real-madrid,villarreal,14,0.7504949209749132,0.14889819232142276,0.10060688670366404,3.5,0.5810635538261998,0.4189364461738003
2026-09-18T0801Z,odds_api,2026-10-11T12:00:00Z,Elche CF,Celta Vigo,elche,celta,15,0.3221329437545654,0.29656683710737763,0.38130021913805695,2.5,0.4656084656084655,0.5343915343915343
2026-09-18T0801Z,odds_api,2026-10-11T14:15:00Z,Real Sociedad,Deportivo La Coruña,real-sociedad,deportivo,14,0.4647745746864375,0.2839120705098147,0.2513133548037479,2.5,0.5119363395225464,0.48806366047745364
2026-09-18T0801Z,odds_api,2026-10-11T16:30:00Z,Real Betis,CA Osasuna,betis,osasuna,15,0.5970764411716217,0.22718030444578782,0.17574325438259056,2.5,0.5639686684073107,0.4360313315926892
2026-09-18T0801Z,odds_api,2026-10-11T19:00:00Z,Real Racing Club de Santander,Valencia,racing,valencia,13,0.5011723329425557,0.25615474794841736,0.24267291910902694,2.5,0.549738219895288,0.450261780104712
2026-09-18T0801Z,odds_api,2026-10-12T19:00:00Z,Levante,Sevilla,levante,sevilla,15,0.3735096013052755,0.29180437601974646,0.33468602267497805,2.5,0.4578947368421053,0.5421052631578948
2026-09-18T0820Z,odds_api,2026-09-18T19:00:00Z,Espanyol,Elche CF,espanyol,elche,21,0.5221932114882506,0.2654482158398608,0.2123585726718886,2.5,0.518324607329843,0.48167539267015713
2026-09-18T0820Z,odds_api,2026-09-19T12:00:00Z,CA Osasuna,Rayo Vallecano,osasuna,rayo-vallecano,21,0.40442620024986614,0.28800047593551076,0.30757332381462316,2.5,0.4593175853018373,0.5406824146981627
2026-09-18T0820Z,odds_api,2026-09-19T14:15:00Z,Athletic Bilbao,Alavés,athletic,alaves,21,0.5802897367884107,0.24239951030401957,0.1773107529075699,2.5,0.4973821989528796,0.5026178010471204
2026-09-18T0820Z,odds_api,2026-09-19T16:30:00Z,Celta Vigo,Real Racing Club de Santander,celta,racing,21,0.5203816131830008,0.24284475281873377,0.2367736339982654,2.5,0.574025974025974,0.42597402597402595
2026-09-18T0820Z,odds_api,2026-09-19T19:00:00Z,Sevilla,Barcelona,sevilla,barcelona,21,0.07643312101910829,0.12738853503184713,0.7961783439490446,3.5,0.5459317585301837,0.4540682414698162
2026-09-18T0820Z,odds_api,2026-09-20T12:00:00Z,Getafe,Málaga,getafe,malaga,21,0.457707591095717,0.31064088969447023,0.23165151920981275,1.5,0.626865671641791,0.3731343283582089
2026-09-18T0820Z,odds_api,2026-09-20T14:15:00Z,Atlético Madrid,Real Madrid,atletico,real-madrid,20,0.2652412086941156,0.2512811450786358,0.4834776462272486,3.5,0.4511873350923483,0.5488126649076518
2026-09-18T0820Z,odds_api,2026-09-20T16:30:00Z,Deportivo La Coruña,Real Betis,deportivo,betis,20,0.2764731945059814,0.2649534780682322,0.45857332742578644,2.5,0.5091383812010444,0.4908616187989557
2026-09-18T0820Z,odds_api,2026-09-20T16:30:00Z,Villarreal,Levante,villarreal,levante,21,0.6142433234421365,0.20830860534124632,0.1774480712166172,2.5,0.6186868686868687,0.38131313131313127
2026-09-18T0820Z,odds_api,2026-09-20T19:00:00Z,Valencia,Real Sociedad,valencia,real-sociedad,21,0.3520346737298338,0.27955694678545634,0.36840837948470984,2.5,0.49933949801849403,0.500660501981506
2026-09-18T0820Z,odds_api,2026-10-09T19:00:00Z,Málaga,Espanyol,malaga,espanyol,14,0.3965557763391235,0.2868833194453347,0.3165609042155417,2.5,0.4677206851119894,0.5322793148880105
2026-09-18T0820Z,odds_api,2026-10-10T12:00:00Z,Rayo Vallecano,Athletic Bilbao,rayo-vallecano,athletic,14,0.30720434979610334,0.2816039873130947,0.411191662890802,2.5,0.5033025099075297,0.49669749009247033
2026-09-18T0820Z,odds_api,2026-10-10T14:15:00Z,Alavés,Atlético Madrid,alaves,atletico,13,0.25995948683322084,0.2673869007427414,0.47265361242403786,2.5,0.5165562913907285,0.4834437086092716
2026-09-18T0820Z,odds_api,2026-10-10T16:30:00Z,Barcelona,Getafe,barcelona,getafe,14,0.8842419698521854,0.07810804067027638,0.03764998947753832,4.5,0.4186046511627907,0.5813953488372093
2026-09-18T0820Z,odds_api,2026-10-10T19:00:00Z,Real Madrid,Villarreal,real-madrid,villarreal,14,0.7504949209749132,0.14889819232142276,0.10060688670366404,3.5,0.5810635538261998,0.4189364461738003
2026-09-18T0820Z,odds_api,2026-10-11T12:00:00Z,Elche CF,Celta Vigo,elche,celta,15,0.3221329437545654,0.29656683710737763,0.38130021913805695,2.5,0.4656084656084655,0.5343915343915343
2026-09-18T0820Z,odds_api,2026-10-11T14:15:00Z,Real Sociedad,Deportivo La Coruña,real-sociedad,deportivo,14,0.4647745746864375,0.2839120705098147,0.2513133548037479,2.5,0.5119363395225464,0.48806366047745364
2026-09-18T0820Z,odds_api,2026-10-11T16:30:00Z,Real Betis,CA Osasuna,betis,osasuna,15,0.5970764411716217,0.22718030444578782,0.17574325438259056,2.5,0.5639686684073107,0.4360313315926892
2026-09-18T0820Z,odds_api,2026-10-11T19:00:00Z,Real Racing Club de Santander,Valencia,racing,valencia,13,0.5011723329425557,0.25615474794841736,0.24267291910902694,2.5,0.549738219895288,0.450261780104712
2026-09-18T0820Z,odds_api,2026-10-12T19:00:00Z,Levante,Sevilla,levante,sevilla,15,0.3735096013052755,0.29180437601974646,0.33468602267497805,2.5,0.4578947368421053,0.5421052631578948
2026-09-18T1637Z,odds_api,2026-09-18T19:00:00Z,Espanyol,Elche CF,espanyol,elche,21,0.5221932114882506,0.2654482158398608,0.2123585726718886,2.5,0.518324607329843,0.48167539267015713
2026-09-18T1637Z,odds_api,2026-09-19T12:00:00Z,CA Osasuna,Rayo Vallecano,osasuna,rayo-vallecano,21,0.40442620024986614,0.28800047593551076,0.30757332381462316,2.5,0.4593175853018373,0.5406824146981627
2026-09-18T1637Z,odds_api,2026-09-19T14:15:00Z,Athletic Bilbao,Alavés,athletic,alaves,21,0.5802897367884107,0.24239951030401957,0.1773107529075699,2.5,0.4973821989528796,0.5026178010471204
2026-09-18T1637Z,odds_api,2026-09-19T16:30:00Z,Celta Vigo,Real Racing Club de Santander,celta,racing,21,0.5203816131830008,0.24284475281873377,0.2367736339982654,2.5,0.574025974025974,0.42597402597402595
2026-09-18T1637Z,odds_api,2026-09-19T19:00:00Z,Sevilla,Barcelona,sevilla,barcelona,21,0.07643312101910829,0.12738853503184713,0.7961783439490446,3.5,0.5459317585301837,0.4540682414698162
2026-09-18T1637Z,odds_api,2026-09-20T12:00:00Z,Getafe,Málaga,getafe,malaga,21,0.457707591095717,0.31064088969447023,0.23165151920981275,1.5,0.626865671641791,0.3731343283582089
2026-09-18T1637Z,odds_api,2026-09-20T14:15:00Z,Atlético Madrid,Real Madrid,atletico,real-madrid,20,0.2652412086941156,0.2512811450786358,0.4834776462272486,3.5,0.4511873350923483,0.5488126649076518
2026-09-18T1637Z,odds_api,2026-09-20T16:30:00Z,Deportivo La Coruña,Real Betis,deportivo,betis,20,0.2764731945059814,0.2649534780682322,0.45857332742578644,2.5,0.5091383812010444,0.4908616187989557
2026-09-18T1637Z,odds_api,2026-09-20T16:30:00Z,Villarreal,Levante,villarreal,levante,21,0.6142433234421365,0.20830860534124632,0.1774480712166172,2.5,0.6186868686868687,0.38131313131313127
2026-09-18T1637Z,odds_api,2026-09-20T19:00:00Z,Valencia,Real Sociedad,valencia,real-sociedad,21,0.3520346737298338,0.27955694678545634,0.36840837948470984,2.5,0.49933949801849403,0.500660501981506
2026-09-18T1637Z,odds_api,2026-10-09T19:00:00Z,Málaga,Espanyol,malaga,espanyol,14,0.3965557763391235,0.2868833194453347,0.3165609042155417,2.5,0.4677206851119894,0.5322793148880105
2026-09-18T1637Z,odds_api,2026-10-10T12:00:00Z,Rayo Vallecano,Athletic Bilbao,rayo-vallecano,athletic,14,0.30720434979610334,0.2816039873130947,0.411191662890802,2.5,0.5033025099075297,0.49669749009247033
2026-09-18T1637Z,odds_api,2026-10-10T14:15:00Z,Alavés,Atlético Madrid,alaves,atletico,13,0.25995948683322084,0.2673869007427414,0.47265361242403786,2.5,0.5165562913907285,0.4834437086092716
2026-09-18T1637Z,odds_api,2026-10-10T16:30:00Z,Barcelona,Getafe,barcelona,getafe,14,0.8842419698521854,0.07810804067027638,0.03764998947753832,4.5,0.4186046511627907,0.5813953488372093
2026-09-18T1637Z,odds_api,2026-10-10T19:00:00Z,Real Madrid,Villarreal,real-madrid,villarreal,14,0.7504949209749132,0.14889819232142276,0.10060688670366404,3.5,0.5810635538261998,0.4189364461738003
2026-09-18T1637Z,odds_api,2026-10-11T12:00:00Z,Elche CF,Celta Vigo,elche,celta,15,0.3221329437545654,0.29656683710737763,0.38130021913805695,2.5,0.4656084656084655,0.5343915343915343
2026-09-18T1637Z,odds_api,2026-10-11T14:15:00Z,Real Sociedad,Deportivo La Coruña,real-sociedad,deportivo,14,0.4647745746864375,0.2839120705098147,0.2513133548037479,2.5,0.5119363395225464,0.48806366047745364
2026-09-18T1637Z,odds_api,2026-10-11T16:30:00Z,Real Betis,CA Osasuna,betis,osasuna,15,0.5970764411716217,0.22718030444578782,0.17574325438259056,2.5,0.5639686684073107,0.4360313315926892
2026-09-18T1637Z,odds_api,2026-10-11T19:00:00Z,Real Racing Club de Santander,Valencia,racing,valencia,13,0.5011723329425557,0.25615474794841736,0.24267291910902694,2.5,0.549738219895288,0.450261780104712
2026-09-18T1637Z,odds_api,2026-10-12T19:00:00Z,Levante,Sevilla,levante,sevilla,15,0.3735096013052755,0.29180437601974646,0.33468602267497805,2.5,0.4578947368421053,0.5421052631578948
2026-09-18T1827Z,odds_api,2026-09-18T19:00:00Z,Espanyol,Elche CF,espanyol,elche,21,0.5221932114882506,0.2654482158398608,0.2123585726718886,2.5,0.518324607329843,0.48167539267015713
2026-09-18T1827Z,odds_api,2026-09-19T12:00:00Z,CA Osasuna,Rayo Vallecano,osasuna,rayo-vallecano,21,0.40442620024986614,0.28800047593551076,0.30757332381462316,2.5,0.4593175853018373,0.5406824146981627
2026-09-18T1827Z,odds_api,2026-09-19T14:15:00Z,Athletic Bilbao,Alavés,athletic,alaves,21,0.5802897367884107,0.24239951030401957,0.1773107529075699,2.5,0.4973821989528796,0.5026178010471204
2026-09-18T1827Z,odds_api,2026-09-19T16:30:00Z,Celta Vigo,Real Racing Club de Santander,celta,racing,21,0.5203816131830008,0.24284475281873377,0.2367736339982654,2.5,0.574025974025974,0.42597402597402595
2026-09-18T1827Z,odds_api,2026-09-19T19:00:00Z,Sevilla,Barcelona,sevilla,barcelona,21,0.07643312101910829,0.12738853503184713,0.7961783439490446,3.5,0.5459317585301837,0.4540682414698162
2026-09-18T1827Z,odds_api,2026-09-20T12:00:00Z,Getafe,Málaga,getafe,malaga,21,0.457707591095717,0.31064088969447023,0.23165151920981275,1.5,0.626865671641791,0.3731343283582089
2026-09-18T1827Z,odds_api,2026-09-20T14:15:00Z,Atlético Madrid,Real Madrid,atletico,real-madrid,20,0.2652412086941156,0.2512811450786358,0.4834776462272486,3.5,0.4511873350923483,0.5488126649076518
2026-09-18T1827Z,odds_api,2026-09-20T16:30:00Z,Deportivo La Coruña,Real Betis,deportivo,betis,20,0.2764731945059814,0.2649534780682322,0.45857332742578644,2.5,0.5091383812010444,0.4908616187989557
2026-09-18T1827Z,odds_api,2026-09-20T16:30:00Z,Villarreal,Levante,villarreal,levante,21,0.6142433234421365,0.20830860534124632,0.1774480712166172,2.5,0.6186868686868687,0.38131313131313127
2026-09-18T1827Z,odds_api,2026-09-20T19:00:00Z,Valencia,Real Sociedad,valencia,real-sociedad,21,0.3520346737298338,0.27955694678545634,0.36840837948470984,2.5,0.49933949801849403,0.500660501981506
2026-09-18T1827Z,odds_api,2026-10-09T19:00:00Z,Málaga,Espanyol,malaga,espanyol,14,0.3965557763391235,0.2868833194453347,0.3165609042155417,2.5,0.4677206851119894,0.5322793148880105
2026-09-18T1827Z,odds_api,2026-10-10T12:00:00Z,Rayo Vallecano,Athletic Bilbao,rayo-vallecano,athletic,14,0.30720434979610334,0.2816039873130947,0.411191662890802,2.5,0.5033025099075297,0.49669749009247033
2026-09-18T1827Z,odds_api,2026-10-10T14:15:00Z,Alavés,Atlético Madrid,alaves,atletico,13,0.25995948683322084,0.2673869007427414,0.47265361242403786,2.5,0.5165562913907285,0.4834437086092716
2026-09-18T1827Z,odds_api,2026-10-10T16:30:00Z,Barcelona,Getafe,barcelona,getafe,14,0.8842419698521854,0.07810804067027638,0.03764998947753832,4.5,0.4186046511627907,0.5813953488372093
2026-09-18T1827Z,odds_api,2026-10-10T19:00:00Z,Real Madrid,Villarreal,real-madrid,villarreal,14,0.7504949209749132,0.14889819232142276,0.10060688670366404,3.5,0.5810635538261998,0.4189364461738003
2026-09-18T1827Z,odds_api,2026-10-11T12:00:00Z,Elche CF,Celta Vigo,elche,celta,15,0.3221329437545654,0.29656683710737763,0.38130021913805695,2.5,0.4656084656084655,0.5343915343915343
2026-09-18T1827Z,odds_api,2026-10-11T14:15:00Z,Real Sociedad,Deportivo La Coruña,real-sociedad,deportivo,14,0.4647745746864375,0.2839120705098147,0.2513133548037479,2.5,0.5119363395225464,0.48806366047745364
2026-09-18T1827Z,odds_api,2026-10-11T16:30:00Z,Real Betis,CA Osasuna,betis,osasuna,15,0.5970764411716217,0.22718030444578782,0.17574325438259056,2.5,0.5639686684073107,0.4360313315926892
2026-09-18T1827Z,odds_api,2026-10-11T19:00:00Z,Real Racing Club de Santander,Valencia,racing,valencia,13,0.5011723329425557,0.25615474794841736,0.24267291910902694,2.5,0.549738219895288,0.450261780104712
2026-09-18T1827Z,odds_api,2026-10-12T19:00:00Z,Levante,Sevilla,levante,sevilla,15,0.3735096013052755,0.29180437601974646,0.33468602267497805,2.5,0.4578947368421053,0.5421052631578948
2026-09-18T1840Z,odds_api,2026-09-18T19:00:00Z,Espanyol,Elche CF,espanyol,elche,21,0.5221932114882506,0.2654482158398608,0.2123585726718886,2.5,0.518324607329843,0.48167539267015713
2026-09-18T1840Z,odds_api,2026-09-19T12:00:00Z,CA Osasuna,Rayo Vallecano,osasuna,rayo-vallecano,21,0.40442620024986614,0.28800047593551076,0.30757332381462316,2.5,0.4593175853018373,0.5406824146981627
2026-09-18T1840Z,odds_api,2026-09-19T14:15:00Z,Athletic Bilbao,Alavés,athletic,alaves,21,0.5802897367884107,0.24239951030401957,0.1773107529075699,2.5,0.4973821989528796,0.5026178010471204
2026-09-18T1840Z,odds_api,2026-09-19T16:30:00Z,Celta Vigo,Real Racing Club de Santander,celta,racing,21,0.5203816131830008,0.24284475281873377,0.2367736339982654,2.5,0.574025974025974,0.42597402597402595
2026-09-18T1840Z,odds_api,2026-09-19T19:00:00Z,Sevilla,Barcelona,sevilla,barcelona,21,0.07643312101910829,0.12738853503184713,0.7961783439490446,3.5,0.5459317585301837,0.4540682414698162
2026-09-18T1840Z,odds_api,2026-09-20T12:00:00Z,Getafe,Málaga,getafe,malaga,21,0.457707591095717,0.31064088969447023,0.23165151920981275,1.5,0.626865671641791,0.3731343283582089
2026-09-18T1840Z,odds_api,2026-09-20T14:15:00Z,Atlético Madrid,Real Madrid,atletico,real-madrid,20,0.2652412086941156,0.2512811450786358,0.4834776462272486,3.5,0.4511873350923483,0.5488126649076518
2026-09-18T1840Z,odds_api,2026-09-20T16:30:00Z,Deportivo La Coruña,Real Betis,deportivo,betis,20,0.2764731945059814,0.2649534780682322,0.45857332742578644,2.5,0.5091383812010444,0.4908616187989557
2026-09-18T1840Z,odds_api,2026-09-20T16:30:00Z,Villarreal,Levante,villarreal,levante,21,0.6142433234421365,0.20830860534124632,0.1774480712166172,2.5,0.6186868686868687,0.38131313131313127
2026-09-18T1840Z,odds_api,2026-09-20T19:00:00Z,Valencia,Real Sociedad,valencia,real-sociedad,21,0.3520346737298338,0.27955694678545634,0.36840837948470984,2.5,0.49933949801849403,0.500660501981506
2026-09-18T1840Z,odds_api,2026-10-09T19:00:00Z,Málaga,Espanyol,malaga,espanyol,14,0.3965557763391235,0.2868833194453347,0.3165609042155417,2.5,0.4677206851119894,0.5322793148880105
2026-09-18T1840Z,odds_api,2026-10-10T12:00:00Z,Rayo Vallecano,Athletic Bilbao,rayo-vallecano,athletic,14,0.30720434979610334,0.2816039873130947,0.411191662890802,2.5,0.5033025099075297,0.49669749009247033
2026-09-18T1840Z,odds_api,2026-10-10T14:15:00Z,Alavés,Atlético Madrid,alaves,atletico,13,0.25995948683322084,0.2673869007427414,0.47265361242403786,2.5,0.5165562913907285,0.4834437086092716
2026-09-18T1840Z,odds_api,2026-10-10T16:30:00Z,Barcelona,Getafe,barcelona,getafe,14,0.8842419698521854,0.07810804067027638,0.03764998947753832,4.5,0.4186046511627907,0.5813953488372093
2026-09-18T1840Z,odds_api,2026-10-10T19:00:00Z,Real Madrid,Villarreal,real-madrid,villarreal,14,0.7504949209749132,0.14889819232142276,0.10060688670366404,3.5,0.5810635538261998,0.4189364461738003
2026-09-18T1840Z,odds_api,2026-10-11T12:00:00Z,Elche CF,Celta Vigo,elche,celta,15,0.3221329437545654,0.29656683710737763,0.38130021913805695,2.5,0.4656084656084655,0.5343915343915343
2026-09-18T1840Z,odds_api,2026-10-11T14:15:00Z,Real Sociedad,Deportivo La Coruña,real-sociedad,deportivo,14,0.4647745746864375,0.2839120705098147,0.2513133548037479,2.5,0.5119363395225464,0.48806366047745364
2026-09-18T1840Z,odds_api,2026-10-11T16:30:00Z,Real Betis,CA Osasuna,betis,osasuna,15,0.5970764411716217,0.22718030444578782,0.17574325438259056,2.5,0.5639686684073107,0.4360313315926892
2026-09-18T1840Z,odds_api,2026-10-11T19:00:00Z,Real Racing Club de Santander,Valencia,racing,valencia,13,0.5011723329425557,0.25615474794841736,0.24267291910902694,2.5,0.549738219895288,0.450261780104712
2026-09-18T1840Z,odds_api,2026-10-12T19:00:00Z,Levante,Sevilla,levante,sevilla,15,0.3735096013052755,0.29180437601974646,0.33468602267497805,2.5,0.4578947368421053,0.5421052631578948
2026-09-18T1850Z,odds_api,2026-09-18T19:00:00Z,Espanyol,Elche CF,espanyol,elche,21,0.5221932114882506,0.2654482158398608,0.2123585726718886,2.5,0.518324607329843,0.48167539267015713
2026-09-18T1850Z,odds_api,2026-09-19T12:00:00Z,CA Osasuna,Rayo Vallecano,osasuna,rayo-vallecano,21,0.40442620024986614,0.28800047593551076,0.30757332381462316,2.5,0.4593175853018373,0.5406824146981627
2026-09-18T1850Z,odds_api,2026-09-19T14:15:00Z,Athletic Bilbao,Alavés,athletic,alaves,21,0.5802897367884107,0.24239951030401957,0.1773107529075699,2.5,0.4973821989528796,0.5026178010471204
2026-09-18T1850Z,odds_api,2026-09-19T16:30:00Z,Celta Vigo,Real Racing Club de Santander,celta,racing,21,0.5203816131830008,0.24284475281873377,0.2367736339982654,2.5,0.574025974025974,0.42597402597402595
2026-09-18T1850Z,odds_api,2026-09-19T19:00:00Z,Sevilla,Barcelona,sevilla,barcelona,21,0.07643312101910829,0.12738853503184713,0.7961783439490446,3.5,0.5459317585301837,0.4540682414698162
2026-09-18T1850Z,odds_api,2026-09-20T12:00:00Z,Getafe,Málaga,getafe,malaga,21,0.457707591095717,0.31064088969447023,0.23165151920981275,1.5,0.626865671641791,0.3731343283582089
2026-09-18T1850Z,odds_api,2026-09-20T14:15:00Z,Atlético Madrid,Real Madrid,atletico,real-madrid,20,0.2652412086941156,0.2512811450786358,0.4834776462272486,3.5,0.4511873350923483,0.5488126649076518
2026-09-18T1850Z,odds_api,2026-09-20T16:30:00Z,Deportivo La Coruña,Real Betis,deportivo,betis,20,0.2764731945059814,0.2649534780682322,0.45857332742578644,2.5,0.5091383812010444,0.4908616187989557
2026-09-18T1850Z,odds_api,2026-09-20T16:30:00Z,Villarreal,Levante,villarreal,levante,21,0.6142433234421365,0.20830860534124632,0.1774480712166172,2.5,0.6186868686868687,0.38131313131313127
2026-09-18T1850Z,odds_api,2026-09-20T19:00:00Z,Valencia,Real Sociedad,valencia,real-sociedad,21,0.3520346737298338,0.27955694678545634,0.36840837948470984,2.5,0.49933949801849403,0.500660501981506
2026-09-18T1850Z,odds_api,2026-10-09T19:00:00Z,Málaga,Espanyol,malaga,espanyol,14,0.3965557763391235,0.2868833194453347,0.3165609042155417,2.5,0.4677206851119894,0.5322793148880105
2026-09-18T1850Z,odds_api,2026-10-10T12:00:00Z,Rayo Vallecano,Athletic Bilbao,rayo-vallecano,athletic,14,0.30720434979610334,0.2816039873130947,0.411191662890802,2.5,0.5033025099075297,0.49669749009247033
2026-09-18T1850Z,odds_api,2026-10-10T14:15:00Z,Alavés,Atlético Madrid,alaves,atletico,13,0.25995948683322084,0.2673869007427414,0.47265361242403786,2.5,0.5165562913907285,0.4834437086092716
2026-09-18T1850Z,odds_api,2026-10-10T16:30:00Z,Barcelona,Getafe,barcelona,getafe,14,0.8842419698521854,0.07810804067027638,0.03764998947753832,4.5,0.4186046511627907,0.5813953488372093
2026-09-18T1850Z,odds_api,2026-10-10T19:00:00Z,Real Madrid,Villarreal,real-madrid,villarreal,14,0.7504949209749132,0.14889819232142276,0.10060688670366404,3.5,0.5810635538261998,0.4189364461738003
2026-09-18T1850Z,odds_api,2026-10-11T12:00:00Z,Elche CF,Celta Vigo,elche,celta,15,0.3221329437545654,0.29656683710737763,0.38130021913805695,2.5,0.4656084656084655,0.5343915343915343
2026-09-18T1850Z,odds_api,2026-10-11T14:15:00Z,Real Sociedad,Deportivo La Coruña,real-sociedad,deportivo,14,0.4647745746864375,0.2839120705098147,0.2513133548037479,2.5,0.5119363395225464,0.48806366047745364
2026-09-18T1850Z,odds_api,2026-10-11T16:30:00Z,Real Betis,CA Osasuna,betis,osasuna,15,0.5970764411716217,0.22718030444578782,0.17574325438259056,2.5,0.5639686684073107,0.4360313315926892
2026-09-18T1850Z,odds_api,2026-10-11T19:00:00Z,Real Racing Club de Santander,Valencia,racing,valencia,13,0.5011723329425557,0.25615474794841736,0.24267291910902694,2.5,0.549738219895288,0.450261780104712
2026-09-18T1850Z,odds_api,2026-10-12T19:00:00Z,Levante,Sevilla,levante,sevilla,15,0.3735096013052755,0.29180437601974646,0.33468602267497805,2.5,0.4578947368421053,0.5421052631578948
2026-09-18T1918Z,odds_api,2026-09-18T19:00:00Z,Espanyol,Elche CF,espanyol,elche,21,0.5221932114882506,0.2654482158398608,0.2123585726718886,2.5,0.518324607329843,0.48167539267015713
2026-09-18T1918Z,odds_api,2026-09-19T12:00:00Z,CA Osasuna,Rayo Vallecano,osasuna,rayo-vallecano,21,0.40442620024986614,0.28800047593551076,0.30757332381462316,2.5,0.4593175853018373,0.5406824146981627
2026-09-18T1918Z,odds_api,2026-09-19T14:15:00Z,Athletic Bilbao,Alavés,athletic,alaves,21,0.5802897367884107,0.24239951030401957,0.1773107529075699,2.5,0.4973821989528796,0.5026178010471204
2026-09-18T1918Z,odds_api,2026-09-19T16:30:00Z,Celta Vigo,Real Racing Club de Santander,celta,racing,21,0.5203816131830008,0.24284475281873377,0.2367736339982654,2.5,0.574025974025974,0.42597402597402595
2026-09-18T1918Z,odds_api,2026-09-19T19:00:00Z,Sevilla,Barcelona,sevilla,barcelona,21,0.07643312101910829,0.12738853503184713,0.7961783439490446,3.5,0.5459317585301837,0.4540682414698162
2026-09-18T1918Z,odds_api,2026-09-20T12:00:00Z,Getafe,Málaga,getafe,malaga,21,0.457707591095717,0.31064088969447023,0.23165151920981275,1.5,0.626865671641791,0.3731343283582089
2026-09-18T1918Z,odds_api,2026-09-20T14:15:00Z,Atlético Madrid,Real Madrid,atletico,real-madrid,20,0.2652412086941156,0.2512811450786358,0.4834776462272486,3.5,0.4511873350923483,0.5488126649076518
2026-09-18T1918Z,odds_api,2026-09-20T16:30:00Z,Deportivo La Coruña,Real Betis,deportivo,betis,20,0.2764731945059814,0.2649534780682322,0.45857332742578644,2.5,0.5091383812010444,0.4908616187989557
2026-09-18T1918Z,odds_api,2026-09-20T16:30:00Z,Villarreal,Levante,villarreal,levante,21,0.6142433234421365,0.20830860534124632,0.1774480712166172,2.5,0.6186868686868687,0.38131313131313127
2026-09-18T1918Z,odds_api,2026-09-20T19:00:00Z,Valencia,Real Sociedad,valencia,real-sociedad,21,0.3520346737298338,0.27955694678545634,0.36840837948470984,2.5,0.49933949801849403,0.500660501981506
2026-09-18T1918Z,odds_api,2026-10-09T19:00:00Z,Málaga,Espanyol,malaga,espanyol,14,0.3965557763391235,0.2868833194453347,0.3165609042155417,2.5,0.4677206851119894,0.5322793148880105
2026-09-18T1918Z,odds_api,2026-10-10T12:00:00Z,Rayo Vallecano,Athletic Bilbao,rayo-vallecano,athletic,14,0.30720434979610334,0.2816039873130947,0.411191662890802,2.5,0.5033025099075297,0.49669749009247033
2026-09-18T1918Z,odds_api,2026-10-10T14:15:00Z,Alavés,Atlético Madrid,alaves,atletico,13,0.25995948683322084,0.2673869007427414,0.47265361242403786,2.5,0.5165562913907285,0.4834437086092716
2026-09-18T1918Z,odds_api,2026-10-10T16:30:00Z,Barcelona,Getafe,barcelona,getafe,14,0.8842419698521854,0.07810804067027638,0.03764998947753832,4.5,0.4186046511627907,0.5813953488372093
2026-09-18T1918Z,odds_api,2026-10-10T19:00:00Z,Real Madrid,Villarreal,real-madrid,villarreal,14,0.7504949209749132,0.14889819232142276,0.10060688670366404,3.5,0.5810635538261998,0.4189364461738003
2026-09-18T1918Z,odds_api,2026-10-11T12:00:00Z,Elche CF,Celta Vigo,elche,celta,15,0.3221329437545654,0.29656683710737763,0.38130021913805695,2.5,0.4656084656084655,0.5343915343915343
2026-09-18T1918Z,odds_api,2026-10-11T14:15:00Z,Real Sociedad,Deportivo La Coruña,real-sociedad,deportivo,14,0.4647745746864375,0.2839120705098147,0.2513133548037479,2.5,0.5119363395225464,0.48806366047745364
2026-09-18T1918Z,odds_api,2026-10-11T16:30:00Z,Real Betis,CA Osasuna,betis,osasuna,15,0.5970764411716217,0.22718030444578782,0.17574325438259056,2.5,0.5639686684073107,0.4360313315926892
2026-09-18T1918Z,odds_api,2026-10-11T19:00:00Z,Real Racing Club de Santander,Valencia,racing,valencia,13,0.5011723329425557,0.25615474794841736,0.24267291910902694,2.5,0.549738219895288,0.450261780104712
2026-09-18T1918Z,odds_api,2026-10-12T19:00:00Z,Levante,Sevilla,levante,sevilla,15,0.3735096013052755,0.29180437601974646,0.33468602267497805,2.5,0.4578947368421053,0.5421052631578948
2026-09-18T1929Z,odds_api,2026-09-18T19:00:00Z,Espanyol,Elche CF,espanyol,elche,21,0.5221932114882506,0.2654482158398608,0.2123585726718886,2.5,0.518324607329843,0.48167539267015713
2026-09-18T1929Z,odds_api,2026-09-19T12:00:00Z,CA Osasuna,Rayo Vallecano,osasuna,rayo-vallecano,21,0.40442620024986614,0.28800047593551076,0.30757332381462316,2.5,0.4593175853018373,0.5406824146981627
2026-09-18T1929Z,odds_api,2026-09-19T14:15:00Z,Athletic Bilbao,Alavés,athletic,alaves,21,0.5802897367884107,0.24239951030401957,0.1773107529075699,2.5,0.4973821989528796,0.5026178010471204
2026-09-18T1929Z,odds_api,2026-09-19T16:30:00Z,Celta Vigo,Real Racing Club de Santander,celta,racing,21,0.5203816131830008,0.24284475281873377,0.2367736339982654,2.5,0.574025974025974,0.42597402597402595
2026-09-18T1929Z,odds_api,2026-09-19T19:00:00Z,Sevilla,Barcelona,sevilla,barcelona,21,0.07643312101910829,0.12738853503184713,0.7961783439490446,3.5,0.5459317585301837,0.4540682414698162
2026-09-18T1929Z,odds_api,2026-09-20T12:00:00Z,Getafe,Málaga,getafe,malaga,21,0.457707591095717,0.31064088969447023,0.23165151920981275,1.5,0.626865671641791,0.3731343283582089
2026-09-18T1929Z,odds_api,2026-09-20T14:15:00Z,Atlético Madrid,Real Madrid,atletico,real-madrid,20,0.2652412086941156,0.2512811450786358,0.4834776462272486,3.5,0.4511873350923483,0.5488126649076518
2026-09-18T1929Z,odds_api,2026-09-20T16:30:00Z,Deportivo La Coruña,Real Betis,deportivo,betis,20,0.2764731945059814,0.2649534780682322,0.45857332742578644,2.5,0.5091383812010444,0.4908616187989557
2026-09-18T1929Z,odds_api,2026-09-20T16:30:00Z,Villarreal,Levante,villarreal,levante,21,0.6142433234421365,0.20830860534124632,0.1774480712166172,2.5,0.6186868686868687,0.38131313131313127
2026-09-18T1929Z,odds_api,2026-09-20T19:00:00Z,Valencia,Real Sociedad,valencia,real-sociedad,21,0.3520346737298338,0.27955694678545634,0.36840837948470984,2.5,0.49933949801849403,0.500660501981506
2026-09-18T1929Z,odds_api,2026-10-09T19:00:00Z,Málaga,Espanyol,malaga,espanyol,14,0.3965557763391235,0.2868833194453347,0.3165609042155417,2.5,0.4677206851119894,0.5322793148880105
2026-09-18T1929Z,odds_api,2026-10-10T12:00:00Z,Rayo Vallecano,Athletic Bilbao,rayo-vallecano,athletic,14,0.30720434979610334,0.2816039873130947,0.411191662890802,2.5,0.5033025099075297,0.49669749009247033
2026-09-18T1929Z,odds_api,2026-10-10T14:15:00Z,Alavés,Atlético Madrid,alaves,atletico,13,0.25995948683322084,0.2673869007427414,0.47265361242403786,2.5,0.5165562913907285,0.4834437086092716
2026-09-18T1929Z,odds_api,2026-10-10T16:30:00Z,Barcelona,Getafe,barcelona,getafe,14,0.8842419698521854,0.07810804067027638,0.03764998947753832,4.5,0.4186046511627907,0.5813953488372093
2026-09-18T1929Z,odds_api,2026-10-10T19:00:00Z,Real Madrid,Villarreal,real-madrid,villarreal,14,0.7504949209749132,0.14889819232142276,0.10060688670366404,3.5,0.5810635538261998,0.4189364461738003
2026-09-18T1929Z,odds_api,2026-10-11T12:00:00Z,Elche CF,Celta Vigo,elche,celta,15,0.3221329437545654,0.29656683710737763,0.38130021913805695,2.5,0.4656084656084655,0.5343915343915343
2026-09-18T1929Z,odds_api,2026-10-11T14:15:00Z,Real Sociedad,Deportivo La Coruña,real-sociedad,deportivo,14,0.4647745746864375,0.2839120705098147,0.2513133548037479,2.5,0.5119363395225464,0.48806366047745364
2026-09-18T1929Z,odds_api,2026-10-11T16:30:00Z,Real Betis,CA Osasuna,betis,osasuna,15,0.5970764411716217,0.22718030444578782,0.17574325438259056,2.5,0.5639686684073107,0.4360313315926892
2026-09-18T1929Z,odds_api,2026-10-11T19:00:00Z,Real Racing Club de Santander,Valencia,racing,valencia,13,0.5011723329425557,0.25615474794841736,0.24267291910902694,2.5,0.549738219895288,0.450261780104712
2026-09-18T1929Z,odds_api,2026-10-12T19:00:00Z,Levante,Sevilla,levante,sevilla,15,0.3735096013052755,0.29180437601974646,0.33468602267497805,2.5,0.4578947368421053,0.5421052631578948
2026-09-18T1945Z,odds_api,2026-09-18T19:00:00Z,Espanyol,Elche CF,espanyol,elche,21,0.5221932114882506,0.2654482158398608,0.2123585726718886,2.5,0.518324607329843,0.48167539267015713
2026-09-18T1945Z,odds_api,2026-09-19T12:00:00Z,CA Osasuna,Rayo Vallecano,osasuna,rayo-vallecano,21,0.40442620024986614,0.28800047593551076,0.30757332381462316,2.5,0.4593175853018373,0.5406824146981627
2026-09-18T1945Z,odds_api,2026-09-19T14:15:00Z,Athletic Bilbao,Alavés,athletic,alaves,21,0.5802897367884107,0.24239951030401957,0.1773107529075699,2.5,0.4973821989528796,0.5026178010471204
2026-09-18T1945Z,odds_api,2026-09-19T16:30:00Z,Celta Vigo,Real Racing Club de Santander,celta,racing,21,0.5203816131830008,0.24284475281873377,0.2367736339982654,2.5,0.574025974025974,0.42597402597402595
2026-09-18T1945Z,odds_api,2026-09-19T19:00:00Z,Sevilla,Barcelona,sevilla,barcelona,21,0.07643312101910829,0.12738853503184713,0.7961783439490446,3.5,0.5459317585301837,0.4540682414698162
2026-09-18T1945Z,odds_api,2026-09-20T12:00:00Z,Getafe,Málaga,getafe,malaga,21,0.457707591095717,0.31064088969447023,0.23165151920981275,1.5,0.626865671641791,0.3731343283582089
2026-09-18T1945Z,odds_api,2026-09-20T14:15:00Z,Atlético Madrid,Real Madrid,atletico,real-madrid,20,0.2652412086941156,0.2512811450786358,0.4834776462272486,3.5,0.4511873350923483,0.5488126649076518
2026-09-18T1945Z,odds_api,2026-09-20T16:30:00Z,Deportivo La Coruña,Real Betis,deportivo,betis,20,0.2764731945059814,0.2649534780682322,0.45857332742578644,2.5,0.5091383812010444,0.4908616187989557
2026-09-18T1945Z,odds_api,2026-09-20T16:30:00Z,Villarreal,Levante,villarreal,levante,21,0.6142433234421365,0.20830860534124632,0.1774480712166172,2.5,0.6186868686868687,0.38131313131313127
2026-09-18T1945Z,odds_api,2026-09-20T19:00:00Z,Valencia,Real Sociedad,valencia,real-sociedad,21,0.3520346737298338,0.27955694678545634,0.36840837948470984,2.5,0.49933949801849403,0.500660501981506
2026-09-18T1945Z,odds_api,2026-10-09T19:00:00Z,Málaga,Espanyol,malaga,espanyol,14,0.3965557763391235,0.2868833194453347,0.3165609042155417,2.5,0.4677206851119894,0.5322793148880105
2026-09-18T1945Z,odds_api,2026-10-10T12:00:00Z,Rayo Vallecano,Athletic Bilbao,rayo-vallecano,athletic,14,0.30720434979610334,0.2816039873130947,0.411191662890802,2.5,0.5033025099075297,0.49669749009247033
2026-09-18T1945Z,odds_api,2026-10-10T14:15:00Z,Alavés,Atlético Madrid,alaves,atletico,13,0.25995948683322084,0.2673869007427414,0.47265361242403786,2.5,0.5165562913907285,0.4834437086092716
2026-09-18T1945Z,odds_api,2026-10-10T16:30:00Z,Barcelona,Getafe,barcelona,getafe,14,0.8842419698521854,0.07810804067027638,0.03764998947753832,4.5,0.4186046511627907,0.5813953488372093
2026-09-18T1945Z,odds_api,2026-10-10T19:00:00Z,Real Madrid,Villarreal,real-madrid,villarreal,14,0.7504949209749132,0.14889819232142276,0.10060688670366404,3.5,0.5810635538261998,0.4189364461738003
2026-09-18T1945Z,odds_api,2026-10-11T12:00:00Z,Elche CF,Celta Vigo,elche,celta,15,0.3221329437545654,0.29656683710737763,0.38130021913805695,2.5,0.4656084656084655,0.5343915343915343
2026-09-18T1945Z,odds_api,2026-10-11T14:15:00Z,Real Sociedad,Deportivo La Coruña,real-sociedad,deportivo,14,0.4647745746864375,0.2839120705098147,0.2513133548037479,2.5,0.5119363395225464,0.48806366047745364
2026-09-18T1945Z,odds_api,2026-10-11T16:30:00Z,Real Betis,CA Osasuna,betis,osasuna,15,0.5970764411716217,0.22718030444578782,0.17574325438259056,2.5,0.5639686684073107,0.4360313315926892
2026-09-18T1945Z,odds_api,2026-10-11T19:00:00Z,Real Racing Club de Santander,Valencia,racing,valencia,13,0.5011723329425557,0.25615474794841736,0.24267291910902694,2.5,0.549738219895288,0.450261780104712
2026-09-18T1945Z,odds_api,2026-10-12T19:00:00Z,Levante,Sevilla,levante,sevilla,15,0.3735096013052755,0.29180437601974646,0.33468602267497805,2.5,0.4578947368421053,0.5421052631578948
2026-09-18T1949Z,odds_api,2026-09-18T19:00:00Z,Espanyol,Elche CF,espanyol,elche,21,0.5221932114882506,0.2654482158398608,0.2123585726718886,2.5,0.518324607329843,0.48167539267015713
2026-09-18T1949Z,odds_api,2026-09-19T12:00:00Z,CA Osasuna,Rayo Vallecano,osasuna,rayo-vallecano,21,0.40442620024986614,0.28800047593551076,0.30757332381462316,2.5,0.4593175853018373,0.5406824146981627
2026-09-18T1949Z,odds_api,2026-09-19T14:15:00Z,Athletic Bilbao,Alavés,athletic,alaves,21,0.5802897367884107,0.24239951030401957,0.1773107529075699,2.5,0.4973821989528796,0.5026178010471204
2026-09-18T1949Z,odds_api,2026-09-19T16:30:00Z,Celta Vigo,Real Racing Club de Santander,celta,racing,21,0.5203816131830008,0.24284475281873377,0.2367736339982654,2.5,0.574025974025974,0.42597402597402595
2026-09-18T1949Z,odds_api,2026-09-19T19:00:00Z,Sevilla,Barcelona,sevilla,barcelona,21,0.07643312101910829,0.12738853503184713,0.7961783439490446,3.5,0.5459317585301837,0.4540682414698162
2026-09-18T1949Z,odds_api,2026-09-20T12:00:00Z,Getafe,Málaga,getafe,malaga,21,0.457707591095717,0.31064088969447023,0.23165151920981275,1.5,0.626865671641791,0.3731343283582089
2026-09-18T1949Z,odds_api,2026-09-20T14:15:00Z,Atlético Madrid,Real Madrid,atletico,real-madrid,20,0.2652412086941156,0.2512811450786358,0.4834776462272486,3.5,0.4511873350923483,0.5488126649076518
2026-09-18T1949Z,odds_api,2026-09-20T16:30:00Z,Deportivo La Coruña,Real Betis,deportivo,betis,20,0.2764731945059814,0.2649534780682322,0.45857332742578644,2.5,0.5091383812010444,0.4908616187989557
2026-09-18T1949Z,odds_api,2026-09-20T16:30:00Z,Villarreal,Levante,villarreal,levante,21,0.6142433234421365,0.20830860534124632,0.1774480712166172,2.5,0.6186868686868687,0.38131313131313127
2026-09-18T1949Z,odds_api,2026-09-20T19:00:00Z,Valencia,Real Sociedad,valencia,real-sociedad,21,0.3520346737298338,0.27955694678545634,0.36840837948470984,2.5,0.49933949801849403,0.500660501981506
2026-09-18T1949Z,odds_api,2026-10-09T19:00:00Z,Málaga,Espanyol,malaga,espanyol,14,0.3965557763391235,0.2868833194453347,0.3165609042155417,2.5,0.4677206851119894,0.5322793148880105
2026-09-18T1949Z,odds_api,2026-10-10T12:00:00Z,Rayo Vallecano,Athletic Bilbao,rayo-vallecano,athletic,14,0.30720434979610334,0.2816039873130947,0.411191662890802,2.5,0.5033025099075297,0.49669749009247033
2026-09-18T1949Z,odds_api,2026-10-10T14:15:00Z,Alavés,Atlético Madrid,alaves,atletico,13,0.25995948683322084,0.2673869007427414,0.47265361242403786,2.5,0.5165562913907285,0.4834437086092716
2026-09-18T1949Z,odds_api,2026-10-10T16:30:00Z,Barcelona,Getafe,barcelona,getafe,14,0.8842419698521854,0.07810804067027638,0.03764998947753832,4.5,0.4186046511627907,0.5813953488372093
2026-09-18T1949Z,odds_api,2026-10-10T19:00:00Z,Real Madrid,Villarreal,real-madrid,villarreal,14,0.7504949209749132,0.14889819232142276,0.10060688670366404,3.5,0.5810635538261998,0.4189364461738003
2026-09-18T1949Z,odds_api,2026-10-11T12:00:00Z,Elche CF,Celta Vigo,elche,celta,15,0.3221329437545654,0.29656683710737763,0.38130021913805695,2.5,0.4656084656084655,0.5343915343915343
2026-09-18T1949Z,odds_api,2026-10-11T14:15:00Z,Real Sociedad,Deportivo La Coruña,real-sociedad,deportivo,14,0.4647745746864375,0.2839120705098147,0.2513133548037479,2.5,0.5119363395225464,0.48806366047745364
2026-09-18T1949Z,odds_api,2026-10-11T16:30:00Z,Real Betis,CA Osasuna,betis,osasuna,15,0.5970764411716217,0.22718030444578782,0.17574325438259056,2.5,0.5639686684073107,0.4360313315926892
2026-09-18T1949Z,odds_api,2026-10-11T19:00:00Z,Real Racing Club de Santander,Valencia,racing,valencia,13,0.5011723329425557,0.25615474794841736,0.24267291910902694,2.5,0.549738219895288,0.450261780104712
2026-09-18T1949Z,odds_api,2026-10-12T19:00:00Z,Levante,Sevilla,levante,sevilla,15,0.3735096013052755,0.29180437601974646,0.33468602267497805,2.5,0.4578947368421053,0.5421052631578948
2026-09-18T1952Z,odds_api,2026-09-18T19:00:00Z,Espanyol,Elche CF,espanyol,elche,21,0.5221932114882506,0.2654482158398608,0.2123585726718886,2.5,0.518324607329843,0.48167539267015713
2026-09-18T1952Z,odds_api,2026-09-19T12:00:00Z,CA Osasuna,Rayo Vallecano,osasuna,rayo-vallecano,21,0.40442620024986614,0.28800047593551076,0.30757332381462316,2.5,0.4593175853018373,0.5406824146981627
2026-09-18T1952Z,odds_api,2026-09-19T14:15:00Z,Athletic Bilbao,Alavés,athletic,alaves,21,0.5802897367884107,0.24239951030401957,0.1773107529075699,2.5,0.4973821989528796,0.5026178010471204
2026-09-18T1952Z,odds_api,2026-09-19T16:30:00Z,Celta Vigo,Real Racing Club de Santander,celta,racing,21,0.5203816131830008,0.24284475281873377,0.2367736339982654,2.5,0.574025974025974,0.42597402597402595
2026-09-18T1952Z,odds_api,2026-09-19T19:00:00Z,Sevilla,Barcelona,sevilla,barcelona,21,0.07643312101910829,0.12738853503184713,0.7961783439490446,3.5,0.5459317585301837,0.4540682414698162
2026-09-18T1952Z,odds_api,2026-09-20T12:00:00Z,Getafe,Málaga,getafe,malaga,21,0.457707591095717,0.31064088969447023,0.23165151920981275,1.5,0.626865671641791,0.3731343283582089
2026-09-18T1952Z,odds_api,2026-09-20T14:15:00Z,Atlético Madrid,Real Madrid,atletico,real-madrid,20,0.2652412086941156,0.2512811450786358,0.4834776462272486,3.5,0.4511873350923483,0.5488126649076518
2026-09-18T1952Z,odds_api,2026-09-20T16:30:00Z,Deportivo La Coruña,Real Betis,deportivo,betis,20,0.2764731945059814,0.2649534780682322,0.45857332742578644,2.5,0.5091383812010444,0.4908616187989557
2026-09-18T1952Z,odds_api,2026-09-20T16:30:00Z,Villarreal,Levante,villarreal,levante,21,0.6142433234421365,0.20830860534124632,0.1774480712166172,2.5,0.6186868686868687,0.38131313131313127
2026-09-18T1952Z,odds_api,2026-09-20T19:00:00Z,Valencia,Real Sociedad,valencia,real-sociedad,21,0.3520346737298338,0.27955694678545634,0.36840837948470984,2.5,0.49933949801849403,0.500660501981506
2026-09-18T1952Z,odds_api,2026-10-09T19:00:00Z,Málaga,Espanyol,malaga,espanyol,14,0.3965557763391235,0.2868833194453347,0.3165609042155417,2.5,0.4677206851119894,0.5322793148880105
2026-09-18T1952Z,odds_api,2026-10-10T12:00:00Z,Rayo Vallecano,Athletic Bilbao,rayo-vallecano,athletic,14,0.30720434979610334,0.2816039873130947,0.411191662890802,2.5,0.5033025099075297,0.49669749009247033
2026-09-18T1952Z,odds_api,2026-10-10T14:15:00Z,Alavés,Atlético Madrid,alaves,atletico,13,0.25995948683322084,0.2673869007427414,0.47265361242403786,2.5,0.5165562913907285,0.4834437086092716
2026-09-18T1952Z,odds_api,2026-10-10T16:30:00Z,Barcelona,Getafe,barcelona,getafe,14,0.8842419698521854,0.07810804067027638,0.03764998947753832,4.5,0.4186046511627907,0.5813953488372093
2026-09-18T1952Z,odds_api,2026-10-10T19:00:00Z,Real Madrid,Villarreal,real-madrid,villarreal,14,0.7504949209749132,0.14889819232142276,0.10060688670366404,3.5,0.5810635538261998,0.4189364461738003
2026-09-18T1952Z,odds_api,2026-10-11T12:00:00Z,Elche CF,Celta Vigo,elche,celta,15,0.3221329437545654,0.29656683710737763,0.38130021913805695,2.5,0.4656084656084655,0.5343915343915343
2026-09-18T1952Z,odds_api,2026-10-11T14:15:00Z,Real Sociedad,Deportivo La Coruña,real-sociedad,deportivo,14,0.4647745746864375,0.2839120705098147,0.2513133548037479,2.5,0.5119363395225464,0.48806366047745364
2026-09-18T1952Z,odds_api,2026-10-11T16:30:00Z,Real Betis,CA Osasuna,betis,osasuna,15,0.5970764411716217,0.22718030444578782,0.17574325438259056,2.5,0.5639686684073107,0.4360313315926892
2026-09-18T1952Z,odds_api,2026-10-11T19:00:00Z,Real Racing Club de Santander,Valencia,racing,valencia,13,0.5011723329425557,0.25615474794841736,0.24267291910902694,2.5,0.549738219895288,0.450261780104712
2026-09-18T1952Z,odds_api,2026-10-12T19:00:00Z,Levante,Sevilla,levante,sevilla,15,0.3735096013052755,0.29180437601974646,0.33468602267497805,2.5,0.4578947368421053,0.5421052631578948
2026-09-18T2038Z,odds_api,2026-09-18T19:00:00Z,Espanyol,Elche CF,espanyol,elche,21,0.5221932114882506,0.2654482158398608,0.2123585726718886,2.5,0.518324607329843,0.48167539267015713
2026-09-18T2038Z,odds_api,2026-09-19T12:00:00Z,CA Osasuna,Rayo Vallecano,osasuna,rayo-vallecano,21,0.40442620024986614,0.28800047593551076,0.30757332381462316,2.5,0.4593175853018373,0.5406824146981627
2026-09-18T2038Z,odds_api,2026-09-19T14:15:00Z,Athletic Bilbao,Alavés,athletic,alaves,21,0.5802897367884107,0.24239951030401957,0.1773107529075699,2.5,0.4973821989528796,0.5026178010471204
2026-09-18T2038Z,odds_api,2026-09-19T16:30:00Z,Celta Vigo,Real Racing Club de Santander,celta,racing,21,0.5203816131830008,0.24284475281873377,0.2367736339982654,2.5,0.574025974025974,0.42597402597402595
2026-09-18T2038Z,odds_api,2026-09-19T19:00:00Z,Sevilla,Barcelona,sevilla,barcelona,21,0.07643312101910829,0.12738853503184713,0.7961783439490446,3.5,0.5459317585301837,0.4540682414698162
2026-09-18T2038Z,odds_api,2026-09-20T12:00:00Z,Getafe,Málaga,getafe,malaga,21,0.457707591095717,0.31064088969447023,0.23165151920981275,1.5,0.626865671641791,0.3731343283582089
2026-09-18T2038Z,odds_api,2026-09-20T14:15:00Z,Atlético Madrid,Real Madrid,atletico,real-madrid,20,0.2652412086941156,0.2512811450786358,0.4834776462272486,3.5,0.4511873350923483,0.5488126649076518
2026-09-18T2038Z,odds_api,2026-09-20T16:30:00Z,Deportivo La Coruña,Real Betis,deportivo,betis,20,0.2764731945059814,0.2649534780682322,0.45857332742578644,2.5,0.5091383812010444,0.4908616187989557
2026-09-18T2038Z,odds_api,2026-09-20T16:30:00Z,Villarreal,Levante,villarreal,levante,21,0.6142433234421365,0.20830860534124632,0.1774480712166172,2.5,0.6186868686868687,0.38131313131313127
2026-09-18T2038Z,odds_api,2026-09-20T19:00:00Z,Valencia,Real Sociedad,valencia,real-sociedad,21,0.3520346737298338,0.27955694678545634,0.36840837948470984,2.5,0.49933949801849403,0.500660501981506
2026-09-18T2038Z,odds_api,2026-10-09T19:00:00Z,Málaga,Espanyol,malaga,espanyol,14,0.3965557763391235,0.2868833194453347,0.3165609042155417,2.5,0.4677206851119894,0.5322793148880105
2026-09-18T2038Z,odds_api,2026-10-10T12:00:00Z,Rayo Vallecano,Athletic Bilbao,rayo-vallecano,athletic,14,0.30720434979610334,0.2816039873130947,0.411191662890802,2.5,0.5033025099075297,0.49669749009247033
2026-09-18T2038Z,odds_api,2026-10-10T14:15:00Z,Alavés,Atlético Madrid,alaves,atletico,13,0.25995948683322084,0.2673869007427414,0.47265361242403786,2.5,0.5165562913907285,0.4834437086092716
2026-09-18T2038Z,odds_api,2026-10-10T16:30:00Z,Barcelona,Getafe,barcelona,getafe,14,0.8842419698521854,0.07810804067027638,0.03764998947753832,4.5,0.4186046511627907,0.5813953488372093
2026-09-18T2038Z,odds_api,2026-10-10T19:00:00Z,Real Madrid,Villarreal,real-madrid,villarreal,14,0.7504949209749132,0.14889819232142276,0.10060688670366404,3.5,0.5810635538261998,0.4189364461738003
2026-09-18T2038Z,odds_api,2026-10-11T12:00:00Z,Elche CF,Celta Vigo,elche,celta,15,0.3221329437545654,0.29656683710737763,0.38130021913805695,2.5,0.4656084656084655,0.5343915343915343
2026-09-18T2038Z,odds_api,2026-10-11T14:15:00Z,Real Sociedad,Deportivo La Coruña,real-sociedad,deportivo,14,0.4647745746864375,0.2839120705098147,0.2513133548037479,2.5,0.5119363395225464,0.48806366047745364
2026-09-18T2038Z,odds_api,2026-10-11T16:30:00Z,Real Betis,CA Osasuna,betis,osasuna,15,0.5970764411716217,0.22718030444578782,0.17574325438259056,2.5,0.5639686684073107,0.4360313315926892
2026-09-18T2038Z,odds_api,2026-10-11T19:00:00Z,Real Racing Club de Santander,Valencia,racing,valencia,13,0.5011723329425557,0.25615474794841736,0.24267291910902694,2.5,0.549738219895288,0.450261780104712
2026-09-18T2038Z,odds_api,2026-10-12T19:00:00Z,Levante,Sevilla,levante,sevilla,15,0.3735096013052755,0.29180437601974646,0.33468602267497805,2.5,0.4578947368421053,0.5421052631578948
2026-09-18T2056Z,odds_api,2026-09-18T19:00:00Z,Espanyol,Elche CF,espanyol,elche,21,0.5221932114882506,0.2654482158398608,0.2123585726718886,2.5,0.518324607329843,0.48167539267015713
2026-09-18T2056Z,odds_api,2026-09-19T12:00:00Z,CA Osasuna,Rayo Vallecano,osasuna,rayo-vallecano,21,0.40442620024986614,0.28800047593551076,0.30757332381462316,2.5,0.4593175853018373,0.5406824146981627
2026-09-18T2056Z,odds_api,2026-09-19T14:15:00Z,Athletic Bilbao,Alavés,athletic,alaves,21,0.5802897367884107,0.24239951030401957,0.1773107529075699,2.5,0.4973821989528796,0.5026178010471204
2026-09-18T2056Z,odds_api,2026-09-19T16:30:00Z,Celta Vigo,Real Racing Club de Santander,celta,racing,21,0.5203816131830008,0.24284475281873377,0.2367736339982654,2.5,0.574025974025974,0.42597402597402595
2026-09-18T2056Z,odds_api,2026-09-19T19:00:00Z,Sevilla,Barcelona,sevilla,barcelona,21,0.07643312101910829,0.12738853503184713,0.7961783439490446,3.5,0.5459317585301837,0.4540682414698162
2026-09-18T2056Z,odds_api,2026-09-20T12:00:00Z,Getafe,Málaga,getafe,malaga,21,0.457707591095717,0.31064088969447023,0.23165151920981275,1.5,0.626865671641791,0.3731343283582089
2026-09-18T2056Z,odds_api,2026-09-20T14:15:00Z,Atlético Madrid,Real Madrid,atletico,real-madrid,20,0.2652412086941156,0.2512811450786358,0.4834776462272486,3.5,0.4511873350923483,0.5488126649076518
2026-09-18T2056Z,odds_api,2026-09-20T16:30:00Z,Deportivo La Coruña,Real Betis,deportivo,betis,20,0.2764731945059814,0.2649534780682322,0.45857332742578644,2.5,0.5091383812010444,0.4908616187989557
2026-09-18T2056Z,odds_api,2026-09-20T16:30:00Z,Villarreal,Levante,villarreal,levante,21,0.6142433234421365,0.20830860534124632,0.1774480712166172,2.5,0.6186868686868687,0.38131313131313127
2026-09-18T2056Z,odds_api,2026-09-20T19:00:00Z,Valencia,Real Sociedad,valencia,real-sociedad,21,0.3520346737298338,0.27955694678545634,0.36840837948470984,2.5,0.49933949801849403,0.500660501981506
2026-09-18T2056Z,odds_api,2026-10-09T19:00:00Z,Málaga,Espanyol,malaga,espanyol,14,0.3965557763391235,0.2868833194453347,0.3165609042155417,2.5,0.4677206851119894,0.5322793148880105
2026-09-18T2056Z,odds_api,2026-10-10T12:00:00Z,Rayo Vallecano,Athletic Bilbao,rayo-vallecano,athletic,14,0.30720434979610334,0.2816039873130947,0.411191662890802,2.5,0.5033025099075297,0.49669749009247033
2026-09-18T2056Z,odds_api,2026-10-10T14:15:00Z,Alavés,Atlético Madrid,alaves,atletico,13,0.25995948683322084,0.2673869007427414,0.47265361242403786,2.5,0.5165562913907285,0.4834437086092716
2026-09-18T2056Z,odds_api,2026-10-10T16:30:00Z,Barcelona,Getafe,barcelona,getafe,14,0.8842419698521854,0.07810804067027638,0.03764998947753832,4.5,0.4186046511627907,0.5813953488372093
2026-09-18T2056Z,odds_api,2026-10-10T19:00:00Z,Real Madrid,Villarreal,real-madrid,villarreal,14,0.7504949209749132,0.14889819232142276,0.10060688670366404,3.5,0.5810635538261998,0.4189364461738003
2026-09-18T2056Z,odds_api,2026-10-11T12:00:00Z,Elche CF,Celta Vigo,elche,celta,15,0.3221329437545654,0.29656683710737763,0.38130021913805695,2.5,0.4656084656084655,0.5343915343915343
2026-09-18T2056Z,odds_api,2026-10-11T14:15:00Z,Real Sociedad,Deportivo La Coruña,real-sociedad,deportivo,14,0.4647745746864375,0.2839120705098147,0.2513133548037479,2.5,0.5119363395225464,0.48806366047745364
2026-09-18T2056Z,odds_api,2026-10-11T16:30:00Z,Real Betis,CA Osasuna,betis,osasuna,15,0.5970764411716217,0.22718030444578782,0.17574325438259056,2.5,0.5639686684073107,0.4360313315926892
2026-09-18T2056Z,odds_api,2026-10-11T19:00:00Z,Real Racing Club de Santander,Valencia,racing,valencia,13,0.5011723329425557,0.25615474794841736,0.24267291910902694,2.5,0.549738219895288,0.450261780104712
2026-09-18T2056Z,odds_api,2026-10-12T19:00:00Z,Levante,Sevilla,levante,sevilla,15,0.3735096013052755,0.29180437601974646,0.33468602267497805,2.5,0.4578947368421053,0.5421052631578948
2026-09-18T2106Z,odds_api,2026-09-18T19:00:00Z,Espanyol,Elche CF,espanyol,elche,21,0.5221932114882506,0.2654482158398608,0.2123585726718886,2.5,0.518324607329843,0.48167539267015713
2026-09-18T2106Z,odds_api,2026-09-19T12:00:00Z,CA Osasuna,Rayo Vallecano,osasuna,rayo-vallecano,21,0.40442620024986614,0.28800047593551076,0.30757332381462316,2.5,0.4593175853018373,0.5406824146981627
2026-09-18T2106Z,odds_api,2026-09-19T14:15:00Z,Athletic Bilbao,Alavés,athletic,alaves,21,0.5802897367884107,0.24239951030401957,0.1773107529075699,2.5,0.4973821989528796,0.5026178010471204
2026-09-18T2106Z,odds_api,2026-09-19T16:30:00Z,Celta Vigo,Real Racing Club de Santander,celta,racing,21,0.5203816131830008,0.24284475281873377,0.2367736339982654,2.5,0.574025974025974,0.42597402597402595
2026-09-18T2106Z,odds_api,2026-09-19T19:00:00Z,Sevilla,Barcelona,sevilla,barcelona,21,0.07643312101910829,0.12738853503184713,0.7961783439490446,3.5,0.5459317585301837,0.4540682414698162
2026-09-18T2106Z,odds_api,2026-09-20T12:00:00Z,Getafe,Málaga,getafe,malaga,21,0.457707591095717,0.31064088969447023,0.23165151920981275,1.5,0.626865671641791,0.3731343283582089
2026-09-18T2106Z,odds_api,2026-09-20T14:15:00Z,Atlético Madrid,Real Madrid,atletico,real-madrid,20,0.2652412086941156,0.2512811450786358,0.4834776462272486,3.5,0.4511873350923483,0.5488126649076518
2026-09-18T2106Z,odds_api,2026-09-20T16:30:00Z,Deportivo La Coruña,Real Betis,deportivo,betis,20,0.2764731945059814,0.2649534780682322,0.45857332742578644,2.5,0.5091383812010444,0.4908616187989557
2026-09-18T2106Z,odds_api,2026-09-20T16:30:00Z,Villarreal,Levante,villarreal,levante,21,0.6142433234421365,0.20830860534124632,0.1774480712166172,2.5,0.6186868686868687,0.38131313131313127
2026-09-18T2106Z,odds_api,2026-09-20T19:00:00Z,Valencia,Real Sociedad,valencia,real-sociedad,21,0.3520346737298338,0.27955694678545634,0.36840837948470984,2.5,0.49933949801849403,0.500660501981506
2026-09-18T2106Z,odds_api,2026-10-09T19:00:00Z,Málaga,Espanyol,malaga,espanyol,14,0.3965557763391235,0.2868833194453347,0.3165609042155417,2.5,0.4677206851119894,0.5322793148880105
2026-09-18T2106Z,odds_api,2026-10-10T12:00:00Z,Rayo Vallecano,Athletic Bilbao,rayo-vallecano,athletic,14,0.30720434979610334,0.2816039873130947,0.411191662890802,2.5,0.5033025099075297,0.49669749009247033
2026-09-18T2106Z,odds_api,2026-10-10T14:15:00Z,Alavés,Atlético Madrid,alaves,atletico,13,0.25995948683322084,0.2673869007427414,0.47265361242403786,2.5,0.5165562913907285,0.4834437086092716
2026-09-18T2106Z,odds_api,2026-10-10T16:30:00Z,Barcelona,Getafe,barcelona,getafe,14,0.8842419698521854,0.07810804067027638,0.03764998947753832,4.5,0.4186046511627907,0.5813953488372093
2026-09-18T2106Z,odds_api,2026-10-10T19:00:00Z,Real Madrid,Villarreal,real-madrid,villarreal,14,0.7504949209749132,0.14889819232142276,0.10060688670366404,3.5,0.5810635538261998,0.4189364461738003
2026-09-18T2106Z,odds_api,2026-10-11T12:00:00Z,Elche CF,Celta Vigo,elche,celta,15,0.3221329437545654,0.29656683710737763,0.38130021913805695,2.5,0.4656084656084655,0.5343915343915343
2026-09-18T2106Z,odds_api,2026-10-11T14:15:00Z,Real Sociedad,Deportivo La Coruña,real-sociedad,deportivo,14,0.4647745746864375,0.2839120705098147,0.2513133548037479,2.5,0.5119363395225464,0.48806366047745364
2026-09-18T2106Z,odds_api,2026-10-11T16:30:00Z,Real Betis,CA Osasuna,betis,osasuna,15,0.5970764411716217,0.22718030444578782,0.17574325438259056,2.5,0.5639686684073107,0.4360313315926892
2026-09-18T2106Z,odds_api,2026-10-11T19:00:00Z,Real Racing Club de Santander,Valencia,racing,valencia,13,0.5011723329425557,0.25615474794841736,0.24267291910902694,2.5,0.549738219895288,0.450261780104712
2026-09-18T2106Z,odds_api,2026-10-12T19:00:00Z,Levante,Sevilla,levante,sevilla,15,0.3735096013052755,0.29180437601974646,0.33468602267497805,2.5,0.4578947368421053,0.5421052631578948
2026-09-19T0430Z,odds_api,2026-09-19T12:00:00Z,CA Osasuna,Rayo Vallecano,osasuna,rayo-vallecano,21,0.3773037295022493,0.29255550718328255,0.3301407633144681,2.5,0.4631578947368421,0.536842105263158
2026-09-19T0430Z,odds_api,2026-09-19T14:15:00Z,Athletic Bilbao,Alavés,athletic,alaves,21,0.5793297238023439,0.24199849222123224,0.17867178397642386,2.5,0.5013054830287206,0.49869451697127937
2026-09-19T0430Z,odds_api,2026-09-19T16:30:00Z,Celta Vigo,Real Racing Club de Santander,celta,racing,21,0.5285914065406772,0.23918761145965642,0.23222098199966643,2.5,0.5769728331177232,0.42302716688227676
2026-09-19T0430Z,odds_api,2026-09-19T19:00:00Z,Sevilla,Barcelona,sevilla,barcelona,21,0.08029485323153875,0.1365012504936159,0.7832038962748453,3.5,0.5549738219895288,0.4450261780104712
2026-09-19T0430Z,odds_api,2026-09-20T12:00:00Z,Getafe,Málaga,getafe,malaga,21,0.46414824098111185,0.3119684898397637,0.22388326917912452,1.5,0.626865671641791,0.3731343283582089
2026-09-19T0430Z,odds_api,2026-09-20T14:15:00Z,Atlético Madrid,Real Madrid,atletico,real-madrid,20,0.268917413777533,0.24893267768194058,0.4821499085405263,3.5,0.4511873350923483,0.5488126649076518
2026-09-19T0430Z,odds_api,2026-09-20T16:30:00Z,Deportivo La Coruña,Real Betis,deportivo,betis,20,0.27451825131983437,0.2617324697515133,0.4637492789286523,2.5,0.5196850393700787,0.48031496062992135
2026-09-19T0430Z,odds_api,2026-09-20T16:30:00Z,Villarreal,Levante,villarreal,levante,21,0.6351585014409222,0.20057636887608069,0.16426512968299714,3.5,0.42010309278350516,0.5798969072164949
2026-09-19T0430Z,odds_api,2026-09-20T19:00:00Z,Valencia,Real Sociedad,valencia,real-sociedad,21,0.3530351437699681,0.2803514376996806,0.36661341853035145,2.5,0.4973544973544974,0.5026455026455027
2026-09-19T0430Z,odds_api,2026-10-09T19:00:00Z,Málaga,Espanyol,malaga,espanyol,14,0.39510306581563254,0.29015381395835516,0.31474312022601236,2.5,0.467018469656992,0.5329815303430079
2026-09-19T0430Z,odds_api,2026-10-10T12:00:00Z,Rayo Vallecano,Athletic Bilbao,rayo-vallecano,athletic,14,0.30850099322569147,0.27857179239036317,0.4129272143839454,2.5,0.5033025099075297,0.49669749009247033
2026-09-19T0430Z,odds_api,2026-10-10T14:15:00Z,Alavés,Atlético Madrid,alaves,atletico,13,0.25995948683322084,0.2673869007427414,0.47265361242403786,2.5,0.5165562913907285,0.4834437086092716
2026-09-19T0430Z,odds_api,2026-10-10T16:30:00Z,Barcelona,Getafe,barcelona,getafe,14,0.8857940330021548,0.07664829999855381,0.03755766699929137,4.5,0.4186046511627907,0.5813953488372093
2026-09-19T0430Z,odds_api,2026-10-10T19:00:00Z,Real Madrid,Villarreal,real-madrid,villarreal,14,0.7518223318780378,0.14739283660533864,0.10078483151662344,3.5,0.5810635538261998,0.4189364461738003
2026-09-19T0430Z,odds_api,2026-10-11T12:00:00Z,Elche CF,Celta Vigo,elche,celta,15,0.3236326109391125,0.2932920536635707,0.38307533539731675,2.5,0.4656084656084655,0.5343915343915343
2026-09-19T0430Z,odds_api,2026-10-11T14:15:00Z,Real Sociedad,Deportivo La Coruña,real-sociedad,deportivo,14,0.4646962852589191,0.2781293322142271,0.2571743825268538,2.5,0.5066489361702127,0.4933510638297873
2026-09-19T0430Z,odds_api,2026-10-11T16:30:00Z,Real Betis,CA Osasuna,betis,osasuna,15,0.5970764411716217,0.22718030444578782,0.17574325438259056,2.5,0.5628272251308901,0.43717277486910994
2026-09-19T0430Z,odds_api,2026-10-11T19:00:00Z,Real Racing Club de Santander,Valencia,racing,valencia,13,0.5066911662737484,0.25471501872139785,0.2385938150048537,2.5,0.5511811023622047,0.4488188976377953
2026-09-19T0430Z,odds_api,2026-10-12T19:00:00Z,Levante,Sevilla,levante,sevilla,15,0.3717001055966209,0.29039070749736007,0.337909186906019,2.5,0.4578947368421053,0.5421052631578948
2026-09-19T0559Z,odds_api,2026-09-19T12:00:00Z,CA Osasuna,Rayo Vallecano,osasuna,rayo-vallecano,21,0.3773037295022493,0.29255550718328255,0.3301407633144681,2.5,0.4631578947368421,0.536842105263158
2026-09-19T0559Z,odds_api,2026-09-19T14:15:00Z,Athletic Bilbao,Alavés,athletic,alaves,21,0.5793297238023439,0.24199849222123224,0.17867178397642386,2.5,0.5013054830287206,0.49869451697127937
2026-09-19T0559Z,odds_api,2026-09-19T16:30:00Z,Celta Vigo,Real Racing Club de Santander,celta,racing,21,0.5285914065406772,0.23918761145965642,0.23222098199966643,2.5,0.5769728331177232,0.42302716688227676
2026-09-19T0559Z,odds_api,2026-09-19T19:00:00Z,Sevilla,Barcelona,sevilla,barcelona,21,0.08029485323153875,0.1365012504936159,0.7832038962748453,3.5,0.5549738219895288,0.4450261780104712
2026-09-19T0559Z,odds_api,2026-09-20T12:00:00Z,Getafe,Málaga,getafe,malaga,21,0.46414824098111185,0.3119684898397637,0.22388326917912452,1.5,0.626865671641791,0.3731343283582089
2026-09-19T0559Z,odds_api,2026-09-20T14:15:00Z,Atlético Madrid,Real Madrid,atletico,real-madrid,20,0.268917413777533,0.24893267768194058,0.4821499085405263,3.5,0.4511873350923483,0.5488126649076518
2026-09-19T0559Z,odds_api,2026-09-20T16:30:00Z,Deportivo La Coruña,Real Betis,deportivo,betis,20,0.27451825131983437,0.2617324697515133,0.4637492789286523,2.5,0.5196850393700787,0.48031496062992135
2026-09-19T0559Z,odds_api,2026-09-20T16:30:00Z,Villarreal,Levante,villarreal,levante,21,0.6351585014409222,0.20057636887608069,0.16426512968299714,3.5,0.42010309278350516,0.5798969072164949
2026-09-19T0559Z,odds_api,2026-09-20T19:00:00Z,Valencia,Real Sociedad,valencia,real-sociedad,21,0.3530351437699681,0.2803514376996806,0.36661341853035145,2.5,0.4973544973544974,0.5026455026455027
2026-09-19T0559Z,odds_api,2026-10-09T19:00:00Z,Málaga,Espanyol,malaga,espanyol,14,0.39510306581563254,0.29015381395835516,0.31474312022601236,2.5,0.467018469656992,0.5329815303430079
2026-09-19T0559Z,odds_api,2026-10-10T12:00:00Z,Rayo Vallecano,Athletic Bilbao,rayo-vallecano,athletic,14,0.30850099322569147,0.27857179239036317,0.4129272143839454,2.5,0.5033025099075297,0.49669749009247033
2026-09-19T0559Z,odds_api,2026-10-10T14:15:00Z,Alavés,Atlético Madrid,alaves,atletico,13,0.25995948683322084,0.2673869007427414,0.47265361242403786,2.5,0.5165562913907285,0.4834437086092716
2026-09-19T0559Z,odds_api,2026-10-10T16:30:00Z,Barcelona,Getafe,barcelona,getafe,14,0.8857940330021548,0.07664829999855381,0.03755766699929137,4.5,0.4186046511627907,0.5813953488372093
2026-09-19T0559Z,odds_api,2026-10-10T19:00:00Z,Real Madrid,Villarreal,real-madrid,villarreal,14,0.7518223318780378,0.14739283660533864,0.10078483151662344,3.5,0.5810635538261998,0.4189364461738003
2026-09-19T0559Z,odds_api,2026-10-11T12:00:00Z,Elche CF,Celta Vigo,elche,celta,15,0.3236326109391125,0.2932920536635707,0.38307533539731675,2.5,0.4656084656084655,0.5343915343915343
2026-09-19T0559Z,odds_api,2026-10-11T14:15:00Z,Real Sociedad,Deportivo La Coruña,real-sociedad,deportivo,14,0.4646962852589191,0.2781293322142271,0.2571743825268538,2.5,0.5066489361702127,0.4933510638297873
2026-09-19T0559Z,odds_api,2026-10-11T16:30:00Z,Real Betis,CA Osasuna,betis,osasuna,15,0.5970764411716217,0.22718030444578782,0.17574325438259056,2.5,0.5628272251308901,0.43717277486910994
2026-09-19T0559Z,odds_api,2026-10-11T19:00:00Z,Real Racing Club de Santander,Valencia,racing,valencia,13,0.5066911662737484,0.25471501872139785,0.2385938150048537,2.5,0.5511811023622047,0.4488188976377953
2026-09-19T0559Z,odds_api,2026-10-12T19:00:00Z,Levante,Sevilla,levante,sevilla,15,0.3717001055966209,0.29039070749736007,0.337909186906019,2.5,0.4578947368421053,0.5421052631578948
2026-09-19T0801Z,odds_api,2026-09-19T12:00:00Z,CA Osasuna,Rayo Vallecano,osasuna,rayo-vallecano,21,0.3773037295022493,0.29255550718328255,0.3301407633144681,2.5,0.4631578947368421,0.536842105263158
2026-09-19T0801Z,odds_api,2026-09-19T14:15:00Z,Athletic Bilbao,Alavés,athletic,alaves,21,0.5793297238023439,0.24199849222123224,0.17867178397642386,2.5,0.5013054830287206,0.49869451697127937
2026-09-19T0801Z,odds_api,2026-09-19T16:30:00Z,Celta Vigo,Real Racing Club de Santander,celta,racing,21,0.5285914065406772,0.23918761145965642,0.23222098199966643,2.5,0.5769728331177232,0.42302716688227676
2026-09-19T0801Z,odds_api,2026-09-19T19:00:00Z,Sevilla,Barcelona,sevilla,barcelona,21,0.08029485323153875,0.1365012504936159,0.7832038962748453,3.5,0.5549738219895288,0.4450261780104712
2026-09-19T0801Z,odds_api,2026-09-20T12:00:00Z,Getafe,Málaga,getafe,malaga,21,0.46414824098111185,0.3119684898397637,0.22388326917912452,1.5,0.626865671641791,0.3731343283582089
2026-09-19T0801Z,odds_api,2026-09-20T14:15:00Z,Atlético Madrid,Real Madrid,atletico,real-madrid,20,0.268917413777533,0.24893267768194058,0.4821499085405263,3.5,0.4511873350923483,0.5488126649076518
2026-09-19T0801Z,odds_api,2026-09-20T16:30:00Z,Deportivo La Coruña,Real Betis,deportivo,betis,20,0.27451825131983437,0.2617324697515133,0.4637492789286523,2.5,0.5196850393700787,0.48031496062992135
2026-09-19T0801Z,odds_api,2026-09-20T16:30:00Z,Villarreal,Levante,villarreal,levante,21,0.6351585014409222,0.20057636887608069,0.16426512968299714,3.5,0.42010309278350516,0.5798969072164949
2026-09-19T0801Z,odds_api,2026-09-20T19:00:00Z,Valencia,Real Sociedad,valencia,real-sociedad,21,0.3530351437699681,0.2803514376996806,0.36661341853035145,2.5,0.4973544973544974,0.5026455026455027
2026-09-19T0801Z,odds_api,2026-10-09T19:00:00Z,Málaga,Espanyol,malaga,espanyol,14,0.39510306581563254,0.29015381395835516,0.31474312022601236,2.5,0.467018469656992,0.5329815303430079
2026-09-19T0801Z,odds_api,2026-10-10T12:00:00Z,Rayo Vallecano,Athletic Bilbao,rayo-vallecano,athletic,14,0.30850099322569147,0.27857179239036317,0.4129272143839454,2.5,0.5033025099075297,0.49669749009247033
2026-09-19T0801Z,odds_api,2026-10-10T14:15:00Z,Alavés,Atlético Madrid,alaves,atletico,13,0.25995948683322084,0.2673869007427414,0.47265361242403786,2.5,0.5165562913907285,0.4834437086092716
2026-09-19T0801Z,odds_api,2026-10-10T16:30:00Z,Barcelona,Getafe,barcelona,getafe,14,0.8857940330021548,0.07664829999855381,0.03755766699929137,4.5,0.4186046511627907,0.5813953488372093
2026-09-19T0801Z,odds_api,2026-10-10T19:00:00Z,Real Madrid,Villarreal,real-madrid,villarreal,14,0.7518223318780378,0.14739283660533864,0.10078483151662344,3.5,0.5810635538261998,0.4189364461738003
2026-09-19T0801Z,odds_api,2026-10-11T12:00:00Z,Elche CF,Celta Vigo,elche,celta,15,0.3236326109391125,0.2932920536635707,0.38307533539731675,2.5,0.4656084656084655,0.5343915343915343
2026-09-19T0801Z,odds_api,2026-10-11T14:15:00Z,Real Sociedad,Deportivo La Coruña,real-sociedad,deportivo,14,0.4646962852589191,0.2781293322142271,0.2571743825268538,2.5,0.5066489361702127,0.4933510638297873
2026-09-19T0801Z,odds_api,2026-10-11T16:30:00Z,Real Betis,CA Osasuna,betis,osasuna,15,0.5970764411716217,0.22718030444578782,0.17574325438259056,2.5,0.5628272251308901,0.43717277486910994
2026-09-19T0801Z,odds_api,2026-10-11T19:00:00Z,Real Racing Club de Santander,Valencia,racing,valencia,13,0.5066911662737484,0.25471501872139785,0.2385938150048537,2.5,0.5511811023622047,0.4488188976377953
2026-09-19T0801Z,odds_api,2026-10-12T19:00:00Z,Levante,Sevilla,levante,sevilla,15,0.3717001055966209,0.29039070749736007,0.337909186906019,2.5,0.4578947368421053,0.5421052631578948
2026-09-19T2039Z,odds_api,2026-09-19T12:00:00Z,CA Osasuna,Rayo Vallecano,osasuna,rayo-vallecano,21,0.3773037295022493,0.29255550718328255,0.3301407633144681,2.5,0.4631578947368421,0.536842105263158
2026-09-19T2039Z,odds_api,2026-09-19T14:15:00Z,Athletic Bilbao,Alavés,athletic,alaves,21,0.5793297238023439,0.24199849222123224,0.17867178397642386,2.5,0.5013054830287206,0.49869451697127937
2026-09-19T2039Z,odds_api,2026-09-19T16:30:00Z,Celta Vigo,Real Racing Club de Santander,celta,racing,21,0.5285914065406772,0.23918761145965642,0.23222098199966643,2.5,0.5769728331177232,0.42302716688227676
2026-09-19T2039Z,odds_api,2026-09-19T19:00:00Z,Sevilla,Barcelona,sevilla,barcelona,21,0.08029485323153875,0.1365012504936159,0.7832038962748453,3.5,0.5549738219895288,0.4450261780104712
2026-09-19T2039Z,odds_api,2026-09-20T12:00:00Z,Getafe,Málaga,getafe,malaga,21,0.46414824098111185,0.3119684898397637,0.22388326917912452,1.5,0.626865671641791,0.3731343283582089
2026-09-19T2039Z,odds_api,2026-09-20T14:15:00Z,Atlético Madrid,Real Madrid,atletico,real-madrid,20,0.268917413777533,0.24893267768194058,0.4821499085405263,3.5,0.4511873350923483,0.5488126649076518
2026-09-19T2039Z,odds_api,2026-09-20T16:30:00Z,Deportivo La Coruña,Real Betis,deportivo,betis,20,0.27451825131983437,0.2617324697515133,0.4637492789286523,2.5,0.5196850393700787,0.48031496062992135
2026-09-19T2039Z,odds_api,2026-09-20T16:30:00Z,Villarreal,Levante,villarreal,levante,21,0.6351585014409222,0.20057636887608069,0.16426512968299714,3.5,0.42010309278350516,0.5798969072164949
2026-09-19T2039Z,odds_api,2026-09-20T19:00:00Z,Valencia,Real Sociedad,valencia,real-sociedad,21,0.3530351437699681,0.2803514376996806,0.36661341853035145,2.5,0.4973544973544974,0.5026455026455027
2026-09-19T2039Z,odds_api,2026-10-09T19:00:00Z,Málaga,Espanyol,malaga,espanyol,14,0.39510306581563254,0.29015381395835516,0.31474312022601236,2.5,0.467018469656992,0.5329815303430079
2026-09-19T2039Z,odds_api,2026-10-10T12:00:00Z,Rayo Vallecano,Athletic Bilbao,rayo-vallecano,athletic,14,0.30850099322569147,0.27857179239036317,0.4129272143839454,2.5,0.5033025099075297,0.49669749009247033
2026-09-19T2039Z,odds_api,2026-10-10T14:15:00Z,Alavés,Atlético Madrid,alaves,atletico,13,0.25995948683322084,0.2673869007427414,0.47265361242403786,2.5,0.5165562913907285,0.4834437086092716
2026-09-19T2039Z,odds_api,2026-10-10T16:30:00Z,Barcelona,Getafe,barcelona,getafe,14,0.8857940330021548,0.07664829999855381,0.03755766699929137,4.5,0.4186046511627907,0.5813953488372093
2026-09-19T2039Z,odds_api,2026-10-10T19:00:00Z,Real Madrid,Villarreal,real-madrid,villarreal,14,0.7518223318780378,0.14739283660533864,0.10078483151662344,3.5,0.5810635538261998,0.4189364461738003
2026-09-19T2039Z,odds_api,2026-10-11T12:00:00Z,Elche CF,Celta Vigo,elche,celta,15,0.3236326109391125,0.2932920536635707,0.38307533539731675,2.5,0.4656084656084655,0.5343915343915343
2026-09-19T2039Z,odds_api,2026-10-11T14:15:00Z,Real Sociedad,Deportivo La Coruña,real-sociedad,deportivo,14,0.4646962852589191,0.2781293322142271,0.2571743825268538,2.5,0.5066489361702127,0.4933510638297873
2026-09-19T2039Z,odds_api,2026-10-11T16:30:00Z,Real Betis,CA Osasuna,betis,osasuna,15,0.5970764411716217,0.22718030444578782,0.17574325438259056,2.5,0.5628272251308901,0.43717277486910994
2026-09-19T2039Z,odds_api,2026-10-11T19:00:00Z,Real Racing Club de Santander,Valencia,racing,valencia,13,0.5066911662737484,0.25471501872139785,0.2385938150048537,2.5,0.5511811023622047,0.4488188976377953
2026-09-19T2039Z,odds_api,2026-10-12T19:00:00Z,Levante,Sevilla,levante,sevilla,15,0.3717001055966209,0.29039070749736007,0.337909186906019,2.5,0.4578947368421053,0.5421052631578948
2026-09-19T2201Z,odds_api,2026-09-19T12:00:00Z,CA Osasuna,Rayo Vallecano,osasuna,rayo-vallecano,21,0.3773037295022493,0.29255550718328255,0.3301407633144681,2.5,0.4631578947368421,0.536842105263158
2026-09-19T2201Z,odds_api,2026-09-19T14:15:00Z,Athletic Bilbao,Alavés,athletic,alaves,21,0.5793297238023439,0.24199849222123224,0.17867178397642386,2.5,0.5013054830287206,0.49869451697127937
2026-09-19T2201Z,odds_api,2026-09-19T16:30:00Z,Celta Vigo,Real Racing Club de Santander,celta,racing,21,0.5285914065406772,0.23918761145965642,0.23222098199966643,2.5,0.5769728331177232,0.42302716688227676
2026-09-19T2201Z,odds_api,2026-09-19T19:00:00Z,Sevilla,Barcelona,sevilla,barcelona,21,0.08029485323153875,0.1365012504936159,0.7832038962748453,3.5,0.5549738219895288,0.4450261780104712
2026-09-19T2201Z,odds_api,2026-09-20T12:00:00Z,Getafe,Málaga,getafe,malaga,21,0.46414824098111185,0.3119684898397637,0.22388326917912452,1.5,0.626865671641791,0.3731343283582089
2026-09-19T2201Z,odds_api,2026-09-20T14:15:00Z,Atlético Madrid,Real Madrid,atletico,real-madrid,20,0.268917413777533,0.24893267768194058,0.4821499085405263,3.5,0.4511873350923483,0.5488126649076518
2026-09-19T2201Z,odds_api,2026-09-20T16:30:00Z,Deportivo La Coruña,Real Betis,deportivo,betis,20,0.27451825131983437,0.2617324697515133,0.4637492789286523,2.5,0.5196850393700787,0.48031496062992135
2026-09-19T2201Z,odds_api,2026-09-20T16:30:00Z,Villarreal,Levante,villarreal,levante,21,0.6351585014409222,0.20057636887608069,0.16426512968299714,3.5,0.42010309278350516,0.5798969072164949
2026-09-19T2201Z,odds_api,2026-09-20T19:00:00Z,Valencia,Real Sociedad,valencia,real-sociedad,21,0.3530351437699681,0.2803514376996806,0.36661341853035145,2.5,0.4973544973544974,0.5026455026455027
2026-09-19T2201Z,odds_api,2026-10-09T19:00:00Z,Málaga,Espanyol,malaga,espanyol,14,0.39510306581563254,0.29015381395835516,0.31474312022601236,2.5,0.467018469656992,0.5329815303430079
2026-09-19T2201Z,odds_api,2026-10-10T12:00:00Z,Rayo Vallecano,Athletic Bilbao,rayo-vallecano,athletic,14,0.30850099322569147,0.27857179239036317,0.4129272143839454,2.5,0.5033025099075297,0.49669749009247033
2026-09-19T2201Z,odds_api,2026-10-10T14:15:00Z,Alavés,Atlético Madrid,alaves,atletico,13,0.25995948683322084,0.2673869007427414,0.47265361242403786,2.5,0.5165562913907285,0.4834437086092716
2026-09-19T2201Z,odds_api,2026-10-10T16:30:00Z,Barcelona,Getafe,barcelona,getafe,14,0.8857940330021548,0.07664829999855381,0.03755766699929137,4.5,0.4186046511627907,0.5813953488372093
2026-09-19T2201Z,odds_api,2026-10-10T19:00:00Z,Real Madrid,Villarreal,real-madrid,villarreal,14,0.7518223318780378,0.14739283660533864,0.10078483151662344,3.5,0.5810635538261998,0.4189364461738003
2026-09-19T2201Z,odds_api,2026-10-11T12:00:00Z,Elche CF,Celta Vigo,elche,celta,15,0.3236326109391125,0.2932920536635707,0.38307533539731675,2.5,0.4656084656084655,0.5343915343915343
2026-09-19T2201Z,odds_api,2026-10-11T14:15:00Z,Real Sociedad,Deportivo La Coruña,real-sociedad,deportivo,14,0.4646962852589191,0.2781293322142271,0.2571743825268538,2.5,0.5066489361702127,0.4933510638297873
2026-09-19T2201Z,odds_api,2026-10-11T16:30:00Z,Real Betis,CA Osasuna,betis,osasuna,15,0.5970764411716217,0.22718030444578782,0.17574325438259056,2.5,0.5628272251308901,0.43717277486910994
2026-09-19T2201Z,odds_api,2026-10-11T19:00:00Z,Real Racing Club de Santander,Valencia,racing,valencia,13,0.5066911662737484,0.25471501872139785,0.2385938150048537,2.5,0.5511811023622047,0.4488188976377953
2026-09-19T2201Z,odds_api,2026-10-12T19:00:00Z,Levante,Sevilla,levante,sevilla,15,0.3717001055966209,0.29039070749736007,0.337909186906019,2.5,0.4578947368421053,0.5421052631578948
2026-09-20T0525Z,odds_api,2026-09-20T12:00:00Z,Getafe,Málaga,getafe,malaga,20,0.46790843505579294,0.3099034659586492,0.22218809898555783,1.5,0.610126582278481,0.389873417721519
2026-09-20T0525Z,odds_api,2026-09-20T14:15:00Z,Atlético Madrid,Real Madrid,atletico,real-madrid,19,0.2736932182842473,0.25208585894601726,0.47422092276973543,3.5,0.4488188976377953,0.5511811023622047
2026-09-20T0525Z,odds_api,2026-09-20T16:30:00Z,Deportivo La Coruña,Real Betis,deportivo,betis,19,0.2588193582698103,0.26236482893104063,0.47881581279914914,2.5,0.5249343832020998,0.4750656167979003
2026-09-20T0525Z,odds_api,2026-09-20T16:30:00Z,Villarreal,Levante,villarreal,levante,20,0.634252287733117,0.202420942893548,0.1633267693733349,3.5,0.42010309278350516,0.5798969072164949
2026-09-20T0525Z,odds_api,2026-09-20T19:00:00Z,Valencia,Real Sociedad,valencia,real-sociedad,20,0.3440879705153767,0.2834874025738625,0.37242462691076067,2.5,0.49538866930171277,0.5046113306982872
2026-09-20T0525Z,odds_api,2026-10-09T19:00:00Z,Málaga,Espanyol,malaga,espanyol,14,0.39510306581563254,0.29015381395835516,0.31474312022601236,2.5,0.467018469656992,0.5329815303430079
2026-09-20T0525Z,odds_api,2026-10-10T12:00:00Z,Rayo Vallecano,Athletic Bilbao,rayo-vallecano,athletic,14,0.3087824605132639,0.27882595315003683,0.41239158633669915,2.5,0.5033025099075297,0.49669749009247033
2026-09-20T0525Z,odds_api,2026-10-10T14:15:00Z,Alavés,Atlético Madrid,alaves,atletico,13,0.25995948683322084,0.2673869007427414,0.47265361242403786,2.5,0.5165562913907285,0.4834437086092716
2026-09-20T0525Z,odds_api,2026-10-10T16:30:00Z,Barcelona,Getafe,barcelona,getafe,14,0.8928571428571428,0.07142857142857144,0.03571428571428572,4.5,0.4230271668822768,0.5769728331177232
2026-09-20T0525Z,odds_api,2026-10-10T19:00:00Z,Real Madrid,Villarreal,real-madrid,villarreal,14,0.7518223318780378,0.14739283660533864,0.10078483151662344,3.5,0.5810635538261998,0.4189364461738003
2026-09-20T0525Z,odds_api,2026-10-11T12:00:00Z,Elche CF,Celta Vigo,elche,celta,15,0.32362566800613113,0.2979410911802477,0.3784332408136211,2.5,0.4656084656084655,0.5343915343915343
2026-09-20T0525Z,odds_api,2026-10-11T14:15:00Z,Real Sociedad,Deportivo La Coruña,real-sociedad,deportivo,14,0.4949762030671602,0.2626123744050767,0.24241142252776313,2.5,0.5152317880794702,0.48476821192052993
2026-09-20T0525Z,odds_api,2026-10-11T16:30:00Z,Real Betis,CA Osasuna,betis,osasuna,15,0.6009166977562223,0.22864147524383097,0.1704418269999467,2.5,0.5628272251308901,0.43717277486910994
2026-09-20T0525Z,odds_api,2026-10-11T19:00:00Z,Real Racing Club de Santander,Valencia,racing,valencia,14,0.4949379266113885,0.2542489349031105,0.2508131384855009,2.5,0.5511811023622047,0.4488188976377953
2026-09-20T0525Z,odds_api,2026-10-12T19:00:00Z,Levante,Sevilla,levante,sevilla,15,0.3717001055966209,0.29039070749736007,0.337909186906019,2.5,0.4578947368421053,0.5421052631578948
2026-09-20T0801Z,odds_api,2026-09-20T12:00:00Z,Getafe,Málaga,getafe,malaga,20,0.46790843505579294,0.3099034659586492,0.22218809898555783,1.5,0.610126582278481,0.389873417721519
2026-09-20T0801Z,odds_api,2026-09-20T14:15:00Z,Atlético Madrid,Real Madrid,atletico,real-madrid,19,0.2736932182842473,0.25208585894601726,0.47422092276973543,3.5,0.4488188976377953,0.5511811023622047
2026-09-20T0801Z,odds_api,2026-09-20T16:30:00Z,Deportivo La Coruña,Real Betis,deportivo,betis,19,0.2588193582698103,0.26236482893104063,0.47881581279914914,2.5,0.5249343832020998,0.4750656167979003
2026-09-20T0801Z,odds_api,2026-09-20T16:30:00Z,Villarreal,Levante,villarreal,levante,20,0.634252287733117,0.202420942893548,0.1633267693733349,3.5,0.42010309278350516,0.5798969072164949
2026-09-20T0801Z,odds_api,2026-09-20T19:00:00Z,Valencia,Real Sociedad,valencia,real-sociedad,20,0.3440879705153767,0.2834874025738625,0.37242462691076067,2.5,0.49538866930171277,0.5046113306982872
2026-09-20T0801Z,odds_api,2026-10-09T19:00:00Z,Málaga,Espanyol,malaga,espanyol,14,0.39510306581563254,0.29015381395835516,0.31474312022601236,2.5,0.467018469656992,0.5329815303430079
2026-09-20T0801Z,odds_api,2026-10-10T12:00:00Z,Rayo Vallecano,Athletic Bilbao,rayo-vallecano,athletic,14,0.3087824605132639,0.27882595315003683,0.41239158633669915,2.5,0.5033025099075297,0.49669749009247033
2026-09-20T0801Z,odds_api,2026-10-10T14:15:00Z,Alavés,Atlético Madrid,alaves,atletico,13,0.25995948683322084,0.2673869007427414,0.47265361242403786,2.5,0.5165562913907285,0.4834437086092716
2026-09-20T0801Z,odds_api,2026-10-10T16:30:00Z,Barcelona,Getafe,barcelona,getafe,14,0.8928571428571428,0.07142857142857144,0.03571428571428572,4.5,0.4230271668822768,0.5769728331177232
2026-09-20T0801Z,odds_api,2026-10-10T19:00:00Z,Real Madrid,Villarreal,real-madrid,villarreal,14,0.7518223318780378,0.14739283660533864,0.10078483151662344,3.5,0.5810635538261998,0.4189364461738003
2026-09-20T0801Z,odds_api,2026-10-11T12:00:00Z,Elche CF,Celta Vigo,elche,celta,15,0.32362566800613113,0.2979410911802477,0.3784332408136211,2.5,0.4656084656084655,0.5343915343915343
2026-09-20T0801Z,odds_api,2026-10-11T14:15:00Z,Real Sociedad,Deportivo La Coruña,real-sociedad,deportivo,14,0.4949762030671602,0.2626123744050767,0.24241142252776313,2.5,0.5152317880794702,0.48476821192052993
2026-09-20T0801Z,odds_api,2026-10-11T16:30:00Z,Real Betis,CA Osasuna,betis,osasuna,15,0.6009166977562223,0.22864147524383097,0.1704418269999467,2.5,0.5628272251308901,0.43717277486910994
2026-09-20T0801Z,odds_api,2026-10-11T19:00:00Z,Real Racing Club de Santander,Valencia,racing,valencia,14,0.4949379266113885,0.2542489349031105,0.2508131384855009,2.5,0.5511811023622047,0.4488188976377953
2026-09-20T0801Z,odds_api,2026-10-12T19:00:00Z,Levante,Sevilla,levante,sevilla,15,0.3717001055966209,0.29039070749736007,0.337909186906019,2.5,0.4578947368421053,0.5421052631578948
2026-09-20T2038Z,odds_api,2026-09-20T12:00:00Z,Getafe,Málaga,getafe,malaga,20,0.46790843505579294,0.3099034659586492,0.22218809898555783,1.5,0.610126582278481,0.389873417721519
2026-09-20T2038Z,odds_api,2026-09-20T14:15:00Z,Atlético Madrid,Real Madrid,atletico,real-madrid,19,0.2736932182842473,0.25208585894601726,0.47422092276973543,3.5,0.4488188976377953,0.5511811023622047
2026-09-20T2038Z,odds_api,2026-09-20T16:30:00Z,Deportivo La Coruña,Real Betis,deportivo,betis,19,0.2588193582698103,0.26236482893104063,0.47881581279914914,2.5,0.5249343832020998,0.4750656167979003
2026-09-20T2038Z,odds_api,2026-09-20T16:30:00Z,Villarreal,Levante,villarreal,levante,20,0.634252287733117,0.202420942893548,0.1633267693733349,3.5,0.42010309278350516,0.5798969072164949
2026-09-20T2038Z,odds_api,2026-09-20T19:00:00Z,Valencia,Real Sociedad,valencia,real-sociedad,20,0.3440879705153767,0.2834874025738625,0.37242462691076067,2.5,0.49538866930171277,0.5046113306982872
2026-09-20T2038Z,odds_api,2026-10-09T19:00:00Z,Málaga,Espanyol,malaga,espanyol,14,0.39510306581563254,0.29015381395835516,0.31474312022601236,2.5,0.467018469656992,0.5329815303430079
2026-09-20T2038Z,odds_api,2026-10-10T12:00:00Z,Rayo Vallecano,Athletic Bilbao,rayo-vallecano,athletic,14,0.3087824605132639,0.27882595315003683,0.41239158633669915,2.5,0.5033025099075297,0.49669749009247033
2026-09-20T2038Z,odds_api,2026-10-10T14:15:00Z,Alavés,Atlético Madrid,alaves,atletico,13,0.25995948683322084,0.2673869007427414,0.47265361242403786,2.5,0.5165562913907285,0.4834437086092716
2026-09-20T2038Z,odds_api,2026-10-10T16:30:00Z,Barcelona,Getafe,barcelona,getafe,14,0.8928571428571428,0.07142857142857144,0.03571428571428572,4.5,0.4230271668822768,0.5769728331177232
2026-09-20T2038Z,odds_api,2026-10-10T19:00:00Z,Real Madrid,Villarreal,real-madrid,villarreal,14,0.7518223318780378,0.14739283660533864,0.10078483151662344,3.5,0.5810635538261998,0.4189364461738003
2026-09-20T2038Z,odds_api,2026-10-11T12:00:00Z,Elche CF,Celta Vigo,elche,celta,15,0.32362566800613113,0.2979410911802477,0.3784332408136211,2.5,0.4656084656084655,0.5343915343915343
2026-09-20T2038Z,odds_api,2026-10-11T14:15:00Z,Real Sociedad,Deportivo La Coruña,real-sociedad,deportivo,14,0.4949762030671602,0.2626123744050767,0.24241142252776313,2.5,0.5152317880794702,0.48476821192052993
2026-09-20T2038Z,odds_api,2026-10-11T16:30:00Z,Real Betis,CA Osasuna,betis,osasuna,15,0.6009166977562223,0.22864147524383097,0.1704418269999467,2.5,0.5628272251308901,0.43717277486910994
2026-09-20T2038Z,odds_api,2026-10-11T19:00:00Z,Real Racing Club de Santander,Valencia,racing,valencia,14,0.4949379266113885,0.2542489349031105,0.2508131384855009,2.5,0.5511811023622047,0.4488188976377953
2026-09-20T2038Z,odds_api,2026-10-12T19:00:00Z,Levante,Sevilla,levante,sevilla,15,0.3717001055966209,0.29039070749736007,0.337909186906019,2.5,0.4578947368421053,0.5421052631578948
2026-09-20T2047Z,odds_api,2026-09-20T12:00:00Z,Getafe,Málaga,getafe,malaga,20,0.46790843505579294,0.3099034659586492,0.22218809898555783,1.5,0.610126582278481,0.389873417721519
2026-09-20T2047Z,odds_api,2026-09-20T14:15:00Z,Atlético Madrid,Real Madrid,atletico,real-madrid,19,0.2736932182842473,0.25208585894601726,0.47422092276973543,3.5,0.4488188976377953,0.5511811023622047
2026-09-20T2047Z,odds_api,2026-09-20T16:30:00Z,Deportivo La Coruña,Real Betis,deportivo,betis,19,0.2588193582698103,0.26236482893104063,0.47881581279914914,2.5,0.5249343832020998,0.4750656167979003
2026-09-20T2047Z,odds_api,2026-09-20T16:30:00Z,Villarreal,Levante,villarreal,levante,20,0.634252287733117,0.202420942893548,0.1633267693733349,3.5,0.42010309278350516,0.5798969072164949
2026-09-20T2047Z,odds_api,2026-09-20T19:00:00Z,Valencia,Real Sociedad,valencia,real-sociedad,20,0.3440879705153767,0.2834874025738625,0.37242462691076067,2.5,0.49538866930171277,0.5046113306982872
2026-09-20T2047Z,odds_api,2026-10-09T19:00:00Z,Málaga,Espanyol,malaga,espanyol,14,0.39510306581563254,0.29015381395835516,0.31474312022601236,2.5,0.467018469656992,0.5329815303430079
2026-09-20T2047Z,odds_api,2026-10-10T12:00:00Z,Rayo Vallecano,Athletic Bilbao,rayo-vallecano,athletic,14,0.3087824605132639,0.27882595315003683,0.41239158633669915,2.5,0.5033025099075297,0.49669749009247033
2026-09-20T2047Z,odds_api,2026-10-10T14:15:00Z,Alavés,Atlético Madrid,alaves,atletico,13,0.25995948683322084,0.2673869007427414,0.47265361242403786,2.5,0.5165562913907285,0.4834437086092716
2026-09-20T2047Z,odds_api,2026-10-10T16:30:00Z,Barcelona,Getafe,barcelona,getafe,14,0.8928571428571428,0.07142857142857144,0.03571428571428572,4.5,0.4230271668822768,0.5769728331177232
2026-09-20T2047Z,odds_api,2026-10-10T19:00:00Z,Real Madrid,Villarreal,real-madrid,villarreal,14,0.7518223318780378,0.14739283660533864,0.10078483151662344,3.5,0.5810635538261998,0.4189364461738003
2026-09-20T2047Z,odds_api,2026-10-11T12:00:00Z,Elche CF,Celta Vigo,elche,celta,15,0.32362566800613113,0.2979410911802477,0.3784332408136211,2.5,0.4656084656084655,0.5343915343915343
2026-09-20T2047Z,odds_api,2026-10-11T14:15:00Z,Real Sociedad,Deportivo La Coruña,real-sociedad,deportivo,14,0.4949762030671602,0.2626123744050767,0.24241142252776313,2.5,0.5152317880794702,0.48476821192052993
2026-09-20T2047Z,odds_api,2026-10-11T16:30:00Z,Real Betis,CA Osasuna,betis,osasuna,15,0.6009166977562223,0.22864147524383097,0.1704418269999467,2.5,0.5628272251308901,0.43717277486910994
2026-09-20T2047Z,odds_api,2026-10-11T19:00:00Z,Real Racing Club de Santander,Valencia,racing,valencia,14,0.4949379266113885,0.2542489349031105,0.2508131384855009,2.5,0.5511811023622047,0.4488188976377953
2026-09-20T2047Z,odds_api,2026-10-12T19:00:00Z,Levante,Sevilla,levante,sevilla,15,0.3717001055966209,0.29039070749736007,0.337909186906019,2.5,0.4578947368421053,0.5421052631578948
2026-09-21T0544Z,odds_api,2026-10-09T19:00:00Z,Málaga,Espanyol,malaga,espanyol,17,0.39207542467915435,0.29160609710512103,0.3163184782157245,2.5,0.467018469656992,0.5329815303430079
2026-09-21T0544Z,odds_api,2026-10-10T12:00:00Z,Rayo Vallecano,Athletic Bilbao,rayo-vallecano,athletic,16,0.31023507733541794,0.2843821542241331,0.4053827684404489,2.5,0.5019867549668875,0.4980132450331126
2026-09-21T0544Z,odds_api,2026-10-10T14:15:00Z,Alavés,Atlético Madrid,alaves,atletico,15,0.25995948683322084,0.2673869007427414,0.47265361242403786,2.5,0.5165562913907285,0.4834437086092716
2026-09-21T0544Z,odds_api,2026-10-10T16:30:00Z,Barcelona,Getafe,barcelona,getafe,16,0.8971291866028708,0.07177033492822966,0.03110047846889952,4.5,0.4138817480719795,0.5861182519280206
2026-09-21T0544Z,odds_api,2026-10-10T19:00:00Z,Real Madrid,Villarreal,real-madrid,villarreal,17,0.7475760615178869,0.14376462721497826,0.10865931126713473,3.5,0.578125,0.421875
2026-09-21T0544Z,odds_api,2026-10-11T12:00:00Z,Elche CF,Celta Vigo,elche,celta,18,0.3247827561911224,0.2940946217478667,0.38112262206101094,2.5,0.4656084656084655,0.5343915343915343
2026-09-21T0544Z,odds_api,2026-10-11T14:15:00Z,Real Sociedad,Deportivo La Coruña,real-sociedad,deportivo,17,0.49628844114528103,0.26193001060445387,0.24178154825026515,2.5,0.5152317880794702,0.48476821192052993
2026-09-21T0544Z,odds_api,2026-10-11T16:30:00Z,Real Betis,CA Osasuna,betis,osasuna,18,0.5975230102869519,0.23089469409853822,0.17158229561451002,2.5,0.5639686684073107,0.4360313315926892
2026-09-21T0544Z,odds_api,2026-10-11T19:00:00Z,Real Racing Club de Santander,Valencia,racing,valencia,16,0.490807050898272,0.2608485025753054,0.24834444652642262,2.5,0.5511811023622047,0.4488188976377953
2026-09-21T0544Z,odds_api,2026-10-12T19:00:00Z,Levante,Sevilla,levante,sevilla,17,0.36478784040531986,0.2906903103229892,0.34452184927169094,2.5,0.4578947368421053,0.5421052631578948
2026-09-23T1547Z,odds_api,2026-10-09T19:00:00Z,Málaga,Espanyol,malaga,espanyol,17,0.36122177954847273,0.29349269588313415,0.34528552456839307,2.5,0.4656084656084655,0.5343915343915343
2026-09-23T1547Z,odds_api,2026-10-10T12:00:00Z,Rayo Vallecano,Athletic Bilbao,rayo-vallecano,athletic,18,0.3094215327636193,0.277333373810355,0.4132450934260258,2.5,0.5033025099075297,0.49669749009247033
2026-09-23T1547Z,odds_api,2026-10-10T14:15:00Z,Alavés,Atlético Madrid,alaves,atletico,17,0.24303797468354432,0.26329113924050634,0.4936708860759494,2.5,0.5204755614266843,0.47952443857331567
2026-09-23T1547Z,odds_api,2026-10-10T16:30:00Z,Barcelona,Getafe,barcelona,getafe,18,0.8940024288773026,0.07255173557427343,0.03344583554842392,4.5,0.4123711340206186,0.5876288659793815
2026-09-23T1547Z,odds_api,2026-10-10T19:00:00Z,Real Madrid,Villarreal,real-madrid,villarreal,18,0.7338377172335508,0.15522328669055357,0.11093899607589564,3.5,0.5665796344647519,0.433420365535248
2026-09-23T1547Z,odds_api,2026-10-11T12:00:00Z,Elche CF,Celta Vigo,elche,celta,19,0.3268908593143464,0.2952233073182691,0.3778858333673845,2.5,0.4656084656084655,0.5343915343915343
2026-09-23T1547Z,odds_api,2026-10-11T14:15:00Z,Real Sociedad,Deportivo La Coruña,real-sociedad,deportivo,18,0.5310240656447103,0.25303831315955994,0.21593762119572982,2.5,0.5185185185185185,0.4814814814814815
2026-09-23T1547Z,odds_api,2026-10-11T16:30:00Z,Real Betis,CA Osasuna,betis,osasuna,18,0.5608901082152111,0.23487273281511964,0.20423715896966926,2.5,0.5511811023622047,0.4488188976377953
2026-09-23T1547Z,odds_api,2026-10-11T19:00:00Z,Real Racing Club de Santander,Valencia,racing,valencia,18,0.467550923732828,0.26527711984841307,0.26717195641875885,2.5,0.5473684210526316,0.4526315789473684
2026-09-23T1547Z,odds_api,2026-10-12T19:00:00Z,Levante,Sevilla,levante,sevilla,19,0.3619302949061662,0.28954423592493295,0.34852546916890076,2.5,0.4578947368421053,0.5421052631578948
2026-09-23T1547Z,odds_api,2026-10-16T19:00:00Z,Deportivo La Coruña,Levante,deportivo,levante,11,0.4551279635143794,0.2743959895970752,0.2704760468885455,2.5,0.49934469200524245,0.5006553079947577
2026-09-23T1547Z,odds_api,2026-10-17T12:00:00Z,Espanyol,Atlético Madrid,espanyol,atletico,11,0.23044108864431365,0.25885163381963994,0.5107072775360463,2.5,0.5284974093264249,0.4715025906735752
2026-09-23T1547Z,odds_api,2026-10-17T14:15:00Z,Villarreal,Elche CF,villarreal,elche,12,0.6499422661947347,0.19771927887397717,0.15233845493128814,2.5,0.6449275362318841,0.355072463768116
2026-09-23T1547Z,odds_api,2026-10-17T16:30:00Z,Real Betis,Barcelona,betis,barcelona,12,0.1971891039307022,0.18456123027996754,0.6182496657893303,2.5,0.7319587628865979,0.26804123711340205
2026-09-23T1547Z,odds_api,2026-10-17T19:00:00Z,Valencia,Athletic Bilbao,valencia,athletic,12,0.2688278315872702,0.2775252026092113,0.45364696580351843,2.5,0.47519582245430814,0.5248041775456919
2026-09-23T1547Z,odds_api,2026-10-18T12:00:00Z,CA Osasuna,Real Racing Club de Santander,osasuna,racing,12,0.5032110031252885,0.2606912557857397,0.23609774108897183,2.5,0.549738219895288,0.450261780104712
2026-09-23T1547Z,odds_api,2026-10-18T14:15:00Z,Celta Vigo,Alavés,celta,alaves,11,0.4748307362832253,0.2834595607508951,0.24170970296587954,2.5,0.450261780104712,0.549738219895288
2026-09-23T1547Z,odds_api,2026-10-18T16:30:00Z,Málaga,Real Sociedad,malaga,real-sociedad,12,0.2951388888888889,0.27690972222222227,0.4279513888888889,2.5,0.5352480417754569,0.4647519582245431
2026-09-23T1547Z,odds_api,2026-10-18T19:00:00Z,Real Madrid,Sevilla,real-madrid,sevilla,11,0.7447447447447447,0.15515515515515516,0.10010010010010009,2.5,0.6811926605504588,0.31880733944954126
2026-09-23T1547Z,odds_api,2026-10-19T19:00:00Z,Getafe,Rayo Vallecano,getafe,rayo-vallecano,12,0.3644927382142174,0.3047398303102473,0.3307674314755354,2.5,0.38308457711442784,0.6169154228855721
2026-09-23T1553Z,odds_api,2026-10-09T19:00:00Z,Málaga,Espanyol,malaga,espanyol,17,0.36122177954847273,0.29349269588313415,0.34528552456839307,2.5,0.4656084656084655,0.5343915343915343
2026-09-23T1553Z,odds_api,2026-10-10T12:00:00Z,Rayo Vallecano,Athletic Bilbao,rayo-vallecano,athletic,18,0.3094215327636193,0.277333373810355,0.4132450934260258,2.5,0.5033025099075297,0.49669749009247033
2026-09-23T1553Z,odds_api,2026-10-10T14:15:00Z,Alavés,Atlético Madrid,alaves,atletico,17,0.24303797468354432,0.26329113924050634,0.4936708860759494,2.5,0.5204755614266843,0.47952443857331567
2026-09-23T1553Z,odds_api,2026-10-10T16:30:00Z,Barcelona,Getafe,barcelona,getafe,18,0.8940024288773026,0.07255173557427343,0.03344583554842392,4.5,0.4123711340206186,0.5876288659793815
2026-09-23T1553Z,odds_api,2026-10-10T19:00:00Z,Real Madrid,Villarreal,real-madrid,villarreal,18,0.7338377172335508,0.15522328669055357,0.11093899607589564,3.5,0.5665796344647519,0.433420365535248
2026-09-23T1553Z,odds_api,2026-10-11T12:00:00Z,Elche CF,Celta Vigo,elche,celta,19,0.3268908593143464,0.2952233073182691,0.3778858333673845,2.5,0.4656084656084655,0.5343915343915343
2026-09-23T1553Z,odds_api,2026-10-11T14:15:00Z,Real Sociedad,Deportivo La Coruña,real-sociedad,deportivo,18,0.5310240656447103,0.25303831315955994,0.21593762119572982,2.5,0.5185185185185185,0.4814814814814815
2026-09-23T1553Z,odds_api,2026-10-11T16:30:00Z,Real Betis,CA Osasuna,betis,osasuna,18,0.5608901082152111,0.23487273281511964,0.20423715896966926,2.5,0.5511811023622047,0.4488188976377953
2026-09-23T1553Z,odds_api,2026-10-11T19:00:00Z,Real Racing Club de Santander,Valencia,racing,valencia,18,0.467550923732828,0.26527711984841307,0.26717195641875885,2.5,0.5473684210526316,0.4526315789473684
2026-09-23T1553Z,odds_api,2026-10-12T19:00:00Z,Levante,Sevilla,levante,sevilla,19,0.3619302949061662,0.28954423592493295,0.34852546916890076,2.5,0.4578947368421053,0.5421052631578948
2026-09-23T1553Z,odds_api,2026-10-16T19:00:00Z,Deportivo La Coruña,Levante,deportivo,levante,11,0.4551279635143794,0.2743959895970752,0.2704760468885455,2.5,0.49934469200524245,0.5006553079947577
2026-09-23T1553Z,odds_api,2026-10-17T12:00:00Z,Espanyol,Atlético Madrid,espanyol,atletico,11,0.23044108864431365,0.25885163381963994,0.5107072775360463,2.5,0.5284974093264249,0.4715025906735752
2026-09-23T1553Z,odds_api,2026-10-17T14:15:00Z,Villarreal,Elche CF,villarreal,elche,12,0.6499422661947347,0.19771927887397717,0.15233845493128814,2.5,0.6449275362318841,0.355072463768116
2026-09-23T1553Z,odds_api,2026-10-17T16:30:00Z,Real Betis,Barcelona,betis,barcelona,12,0.1971891039307022,0.18456123027996754,0.6182496657893303,2.5,0.7319587628865979,0.26804123711340205
2026-09-23T1553Z,odds_api,2026-10-17T19:00:00Z,Valencia,Athletic Bilbao,valencia,athletic,12,0.2688278315872702,0.2775252026092113,0.45364696580351843,2.5,0.47519582245430814,0.5248041775456919
2026-09-23T1553Z,odds_api,2026-10-18T12:00:00Z,CA Osasuna,Real Racing Club de Santander,osasuna,racing,12,0.5032110031252885,0.2606912557857397,0.23609774108897183,2.5,0.549738219895288,0.450261780104712
2026-09-23T1553Z,odds_api,2026-10-18T14:15:00Z,Celta Vigo,Alavés,celta,alaves,11,0.4748307362832253,0.2834595607508951,0.24170970296587954,2.5,0.450261780104712,0.549738219895288
2026-09-23T1553Z,odds_api,2026-10-18T16:30:00Z,Málaga,Real Sociedad,malaga,real-sociedad,12,0.2951388888888889,0.27690972222222227,0.4279513888888889,2.5,0.5352480417754569,0.4647519582245431
2026-09-23T1553Z,odds_api,2026-10-18T19:00:00Z,Real Madrid,Sevilla,real-madrid,sevilla,11,0.7447447447447447,0.15515515515515516,0.10010010010010009,2.5,0.6811926605504588,0.31880733944954126
2026-09-23T1553Z,odds_api,2026-10-19T19:00:00Z,Getafe,Rayo Vallecano,getafe,rayo-vallecano,12,0.3644927382142174,0.3047398303102473,0.3307674314755354,2.5,0.38308457711442784,0.6169154228855721
2026-09-23T2038Z,odds_api,2026-10-09T19:00:00Z,Málaga,Espanyol,malaga,espanyol,17,0.36122177954847273,0.29349269588313415,0.34528552456839307,2.5,0.4656084656084655,0.5343915343915343
2026-09-23T2038Z,odds_api,2026-10-10T12:00:00Z,Rayo Vallecano,Athletic Bilbao,rayo-vallecano,athletic,18,0.3094215327636193,0.277333373810355,0.4132450934260258,2.5,0.5033025099075297,0.49669749009247033
2026-09-23T2038Z,odds_api,2026-10-10T14:15:00Z,Alavés,Atlético Madrid,alaves,atletico,17,0.24303797468354432,0.26329113924050634,0.4936708860759494,2.5,0.5204755614266843,0.47952443857331567
2026-09-23T2038Z,odds_api,2026-10-10T16:30:00Z,Barcelona,Getafe,barcelona,getafe,18,0.8940024288773026,0.07255173557427343,0.03344583554842392,4.5,0.4123711340206186,0.5876288659793815
2026-09-23T2038Z,odds_api,2026-10-10T19:00:00Z,Real Madrid,Villarreal,real-madrid,villarreal,18,0.7338377172335508,0.15522328669055357,0.11093899607589564,3.5,0.5665796344647519,0.433420365535248
2026-09-23T2038Z,odds_api,2026-10-11T12:00:00Z,Elche CF,Celta Vigo,elche,celta,19,0.3268908593143464,0.2952233073182691,0.3778858333673845,2.5,0.4656084656084655,0.5343915343915343
2026-09-23T2038Z,odds_api,2026-10-11T14:15:00Z,Real Sociedad,Deportivo La Coruña,real-sociedad,deportivo,18,0.5310240656447103,0.25303831315955994,0.21593762119572982,2.5,0.5185185185185185,0.4814814814814815
2026-09-23T2038Z,odds_api,2026-10-11T16:30:00Z,Real Betis,CA Osasuna,betis,osasuna,18,0.5608901082152111,0.23487273281511964,0.20423715896966926,2.5,0.5511811023622047,0.4488188976377953
2026-09-23T2038Z,odds_api,2026-10-11T19:00:00Z,Real Racing Club de Santander,Valencia,racing,valencia,18,0.467550923732828,0.26527711984841307,0.26717195641875885,2.5,0.5473684210526316,0.4526315789473684
2026-09-23T2038Z,odds_api,2026-10-12T19:00:00Z,Levante,Sevilla,levante,sevilla,19,0.3619302949061662,0.28954423592493295,0.34852546916890076,2.5,0.4578947368421053,0.5421052631578948
2026-09-23T2038Z,odds_api,2026-10-16T19:00:00Z,Deportivo La Coruña,Levante,deportivo,levante,11,0.4551279635143794,0.2743959895970752,0.2704760468885455,2.5,0.49934469200524245,0.5006553079947577
2026-09-23T2038Z,odds_api,2026-10-17T12:00:00Z,Espanyol,Atlético Madrid,espanyol,atletico,11,0.23044108864431365,0.25885163381963994,0.5107072775360463,2.5,0.5284974093264249,0.4715025906735752
2026-09-23T2038Z,odds_api,2026-10-17T14:15:00Z,Villarreal,Elche CF,villarreal,elche,12,0.6499422661947347,0.19771927887397717,0.15233845493128814,2.5,0.6449275362318841,0.355072463768116
2026-09-23T2038Z,odds_api,2026-10-17T16:30:00Z,Real Betis,Barcelona,betis,barcelona,12,0.1971891039307022,0.18456123027996754,0.6182496657893303,2.5,0.7319587628865979,0.26804123711340205
2026-09-23T2038Z,odds_api,2026-10-17T19:00:00Z,Valencia,Athletic Bilbao,valencia,athletic,12,0.2688278315872702,0.2775252026092113,0.45364696580351843,2.5,0.47519582245430814,0.5248041775456919
2026-09-23T2038Z,odds_api,2026-10-18T12:00:00Z,CA Osasuna,Real Racing Club de Santander,osasuna,racing,12,0.5032110031252885,0.2606912557857397,0.23609774108897183,2.5,0.549738219895288,0.450261780104712
2026-09-23T2038Z,odds_api,2026-10-18T14:15:00Z,Celta Vigo,Alavés,celta,alaves,11,0.4748307362832253,0.2834595607508951,0.24170970296587954,2.5,0.450261780104712,0.549738219895288
2026-09-23T2038Z,odds_api,2026-10-18T16:30:00Z,Málaga,Real Sociedad,malaga,real-sociedad,12,0.2951388888888889,0.27690972222222227,0.4279513888888889,2.5,0.5352480417754569,0.4647519582245431
2026-09-23T2038Z,odds_api,2026-10-18T19:00:00Z,Real Madrid,Sevilla,real-madrid,sevilla,11,0.7447447447447447,0.15515515515515516,0.10010010010010009,2.5,0.6811926605504588,0.31880733944954126
2026-09-23T2038Z,odds_api,2026-10-19T19:00:00Z,Getafe,Rayo Vallecano,getafe,rayo-vallecano,12,0.3644927382142174,0.3047398303102473,0.3307674314755354,2.5,0.38308457711442784,0.6169154228855721
2026-09-23T2155Z,odds_api,2026-10-09T19:00:00Z,Málaga,Espanyol,malaga,espanyol,17,0.36122177954847273,0.29349269588313415,0.34528552456839307,2.5,0.4656084656084655,0.5343915343915343
2026-09-23T2155Z,odds_api,2026-10-10T12:00:00Z,Rayo Vallecano,Athletic Bilbao,rayo-vallecano,athletic,18,0.3094215327636193,0.277333373810355,0.4132450934260258,2.5,0.5033025099075297,0.49669749009247033
2026-09-23T2155Z,odds_api,2026-10-10T14:15:00Z,Alavés,Atlético Madrid,alaves,atletico,17,0.24303797468354432,0.26329113924050634,0.4936708860759494,2.5,0.5204755614266843,0.47952443857331567
2026-09-23T2155Z,odds_api,2026-10-10T16:30:00Z,Barcelona,Getafe,barcelona,getafe,18,0.8940024288773026,0.07255173557427343,0.03344583554842392,4.5,0.4123711340206186,0.5876288659793815
2026-09-23T2155Z,odds_api,2026-10-10T19:00:00Z,Real Madrid,Villarreal,real-madrid,villarreal,18,0.7338377172335508,0.15522328669055357,0.11093899607589564,3.5,0.5665796344647519,0.433420365535248
2026-09-23T2155Z,odds_api,2026-10-11T12:00:00Z,Elche CF,Celta Vigo,elche,celta,19,0.3268908593143464,0.2952233073182691,0.3778858333673845,2.5,0.4656084656084655,0.5343915343915343
2026-09-23T2155Z,odds_api,2026-10-11T14:15:00Z,Real Sociedad,Deportivo La Coruña,real-sociedad,deportivo,18,0.5310240656447103,0.25303831315955994,0.21593762119572982,2.5,0.5185185185185185,0.4814814814814815
2026-09-23T2155Z,odds_api,2026-10-11T16:30:00Z,Real Betis,CA Osasuna,betis,osasuna,18,0.5608901082152111,0.23487273281511964,0.20423715896966926,2.5,0.5511811023622047,0.4488188976377953
2026-09-23T2155Z,odds_api,2026-10-11T19:00:00Z,Real Racing Club de Santander,Valencia,racing,valencia,18,0.467550923732828,0.26527711984841307,0.26717195641875885,2.5,0.5473684210526316,0.4526315789473684
2026-09-23T2155Z,odds_api,2026-10-12T19:00:00Z,Levante,Sevilla,levante,sevilla,19,0.3619302949061662,0.28954423592493295,0.34852546916890076,2.5,0.4578947368421053,0.5421052631578948
2026-09-23T2155Z,odds_api,2026-10-16T19:00:00Z,Deportivo La Coruña,Levante,deportivo,levante,11,0.4551279635143794,0.2743959895970752,0.2704760468885455,2.5,0.49934469200524245,0.5006553079947577
2026-09-23T2155Z,odds_api,2026-10-17T12:00:00Z,Espanyol,Atlético Madrid,espanyol,atletico,11,0.23044108864431365,0.25885163381963994,0.5107072775360463,2.5,0.5284974093264249,0.4715025906735752
2026-09-23T2155Z,odds_api,2026-10-17T14:15:00Z,Villarreal,Elche CF,villarreal,elche,12,0.6499422661947347,0.19771927887397717,0.15233845493128814,2.5,0.6449275362318841,0.355072463768116
2026-09-23T2155Z,odds_api,2026-10-17T16:30:00Z,Real Betis,Barcelona,betis,barcelona,12,0.1971891039307022,0.18456123027996754,0.6182496657893303,2.5,0.7319587628865979,0.26804123711340205
2026-09-23T2155Z,odds_api,2026-10-17T19:00:00Z,Valencia,Athletic Bilbao,valencia,athletic,12,0.2688278315872702,0.2775252026092113,0.45364696580351843,2.5,0.47519582245430814,0.5248041775456919
2026-09-23T2155Z,odds_api,2026-10-18T12:00:00Z,CA Osasuna,Real Racing Club de Santander,osasuna,racing,12,0.5032110031252885,0.2606912557857397,0.23609774108897183,2.5,0.549738219895288,0.450261780104712
2026-09-23T2155Z,odds_api,2026-10-18T14:15:00Z,Celta Vigo,Alavés,celta,alaves,11,0.4748307362832253,0.2834595607508951,0.24170970296587954,2.5,0.450261780104712,0.549738219895288
2026-09-23T2155Z,odds_api,2026-10-18T16:30:00Z,Málaga,Real Sociedad,malaga,real-sociedad,12,0.2951388888888889,0.27690972222222227,0.4279513888888889,2.5,0.5352480417754569,0.4647519582245431
2026-09-23T2155Z,odds_api,2026-10-18T19:00:00Z,Real Madrid,Sevilla,real-madrid,sevilla,11,0.7447447447447447,0.15515515515515516,0.10010010010010009,2.5,0.6811926605504588,0.31880733944954126
2026-09-23T2155Z,odds_api,2026-10-19T19:00:00Z,Getafe,Rayo Vallecano,getafe,rayo-vallecano,12,0.3644927382142174,0.3047398303102473,0.3307674314755354,2.5,0.38308457711442784,0.6169154228855721
2026-09-24T0307Z,odds_api,2026-10-09T19:00:00Z,Málaga,Espanyol,malaga,espanyol,18,0.3629932713136112,0.29209614801017153,0.3449105806762173,2.5,0.4656084656084655,0.5343915343915343
2026-09-24T0307Z,odds_api,2026-10-10T12:00:00Z,Rayo Vallecano,Athletic Bilbao,rayo-vallecano,athletic,18,0.3107476635514019,0.2803738317757009,0.40887850467289727,2.5,0.5052910052910053,0.4947089947089948
2026-09-24T0307Z,odds_api,2026-10-10T14:15:00Z,Alavés,Atlético Madrid,alaves,atletico,17,0.2487754765093284,0.2627909963126709,0.4884335271780008,2.5,0.5204755614266843,0.47952443857331567
2026-09-24T0307Z,odds_api,2026-10-10T16:30:00Z,Barcelona,Getafe,barcelona,getafe,18,0.8940024288773026,0.07255173557427343,0.03344583554842392,4.5,0.4123711340206186,0.5876288659793815
2026-09-24T0307Z,odds_api,2026-10-10T19:00:00Z,Real Madrid,Villarreal,real-madrid,villarreal,18,0.734128966866051,0.15531984753529673,0.11055118559865237,3.5,0.5665796344647519,0.433420365535248
2026-09-24T0307Z,odds_api,2026-10-11T12:00:00Z,Elche CF,Celta Vigo,elche,celta,19,0.3268923434548889,0.29783524625889873,0.37527241028621244,2.5,0.46052631578947373,0.5394736842105263
2026-09-24T0307Z,odds_api,2026-10-11T14:15:00Z,Real Sociedad,Deportivo La Coruña,real-sociedad,deportivo,18,0.5360427184936961,0.25255167005541923,0.21140561145088463,2.5,0.5225464190981433,0.47745358090185674
2026-09-24T0307Z,odds_api,2026-10-11T16:30:00Z,Real Betis,CA Osasuna,betis,osasuna,18,0.5667968086912238,0.23527414700390425,0.19792904430487185,2.5,0.549738219895288,0.450261780104712
2026-09-24T0307Z,odds_api,2026-10-11T19:00:00Z,Real Racing Club de Santander,Valencia,racing,valencia,18,0.4666666666666667,0.26666666666666666,0.26666666666666666,2.5,0.5511811023622047,0.4488188976377953
2026-09-24T0307Z,odds_api,2026-10-12T19:00:00Z,Levante,Sevilla,levante,sevilla,19,0.3619302949061662,0.28954423592493295,0.34852546916890076,2.5,0.4578947368421053,0.5421052631578948
2026-09-24T0307Z,odds_api,2026-10-16T19:00:00Z,Deportivo La Coruña,Levante,deportivo,levante,11,0.4551279635143794,0.2743959895970752,0.2704760468885455,2.5,0.49934469200524245,0.5006553079947577
2026-09-24T0307Z,odds_api,2026-10-17T12:00:00Z,Espanyol,Atlético Madrid,espanyol,atletico,11,0.23044108864431365,0.25885163381963994,0.5107072775360463,2.5,0.5284974093264249,0.4715025906735752
2026-09-24T0307Z,odds_api,2026-10-17T14:15:00Z,Villarreal,Elche CF,villarreal,elche,12,0.6491336969025844,0.19747330358404933,0.1533929995133662,2.5,0.6449275362318841,0.355072463768116
2026-09-24T0307Z,odds_api,2026-10-17T16:30:00Z,Real Betis,Barcelona,betis,barcelona,12,0.192090395480226,0.18361581920903958,0.6242937853107344,2.5,0.7319587628865979,0.26804123711340205
2026-09-24T0307Z,odds_api,2026-10-17T19:00:00Z,Valencia,Athletic Bilbao,valencia,athletic,12,0.2688278315872702,0.2775252026092113,0.45364696580351843,2.5,0.47519582245430814,0.5248041775456919
2026-09-24T0307Z,odds_api,2026-10-18T12:00:00Z,CA Osasuna,Real Racing Club de Santander,osasuna,racing,12,0.5024601821506497,0.26030228880860046,0.23723752904074977,2.5,0.549738219895288,0.450261780104712
2026-09-24T0307Z,odds_api,2026-10-18T14:15:00Z,Celta Vigo,Alavés,celta,alaves,11,0.4748307362832253,0.2834595607508951,0.24170970296587954,2.5,0.450261780104712,0.549738219895288
2026-09-24T0307Z,odds_api,2026-10-18T16:30:00Z,Málaga,Real Sociedad,malaga,real-sociedad,12,0.2951388888888889,0.27690972222222227,0.4279513888888889,2.5,0.5352480417754569,0.4647519582245431
2026-09-24T0307Z,odds_api,2026-10-18T19:00:00Z,Real Madrid,Sevilla,real-madrid,sevilla,11,0.7422680412371134,0.15463917525773196,0.10309278350515463,2.5,0.6811926605504588,0.31880733944954126
2026-09-24T0307Z,odds_api,2026-10-19T19:00:00Z,Getafe,Rayo Vallecano,getafe,rayo-vallecano,12,0.36403911174541687,0.304957354265423,0.3310035339891602,2.5,0.38308457711442784,0.6169154228855721
