ff_id,player_name,player_name_full,team,points,games,avg,season,observed_at
44,R. de Galarreta,Íñigo Ruiz de Galarreta,Athletic,156,34,4.590,2025-26,2026-08-11T1439Z
735,Yuri,Yuri Berchiche,Athletic,163,32,5.090,2025-26,2026-08-11T1439Z
1934,I. Williams,Iñaki Williams,Athletic,132,30,4.400,2025-26,2026-08-11T1439Z
2114,Lekue,Íñigo Lekue,Athletic,16,11,1.450,2025-26,2026-08-11T1439Z
3204,Berenguer,Álex Berenguer,Athletic,148,31,4.770,2025-26,2026-08-11T1439Z
3249,Vesga,Mikel Vesga,Athletic,45,23,1.960,2025-26,2026-08-11T1439Z
3693,Unai Simón,Unai Simón,Athletic,211,37,5.700,2025-26,2026-08-11T1439Z
3799,Gorosabel,Andoni Gorosabel,Athletic,60,24,2.500,2025-26,2026-08-11T1439Z
5245,Vivian,Dani Vivian,Athletic,124,31,4.000,2025-26,2026-08-11T1439Z
5859,Guruzeta,Gorka Guruzeta,Athletic,165,35,4.710,2025-26,2026-08-11T1439Z
7293,Navarro,Robert Navarro,Athletic,125,32,3.910,2025-26,2026-08-11T1439Z
7638,Areso,Jesús Areso,Athletic,81,26,3.120,2025-26,2026-08-11T1439Z
7916,Paredes,Aitor Paredes,Athletic,91,19,4.790,2025-26,2026-08-11T1439Z
7920,Serrano,Nico Serrano,Athletic,45,16,2.810,2025-26,2026-08-11T1439Z
8693,N. Williams,Nico Williams,Athletic,157,25,6.280,2025-26,2026-08-11T1439Z
10214,Padilla,Alex Padilla,Athletic,-3,1,-3.000,2025-26,2026-08-11T1439Z
11688,Boiro,Adama Boiro,Athletic,28,14,2.000,2025-26,2026-08-11T1439Z
12605,Jauregizar,Mikel Jauregizar,Athletic,147,36,4.080,2025-26,2026-08-11T1439Z
13830,Sannadi,Maroan Sannadi,Athletic,20,10,2.000,2025-26,2026-08-11T1439Z
14048,Izeta,Urko Izeta,Athletic,24,13,1.850,2025-26,2026-08-11T1439Z
14051,De Luis,Jon de Luis,Athletic,0,0,0.000,2025-26,2026-08-11T1439Z
15409,Rego,Alejandro Rego,Athletic,69,29,2.380,2025-26,2026-08-11T1439Z
7006,Sancet,Oihan Sancet,Athletic,107,28,3.820,2025-26,2026-08-11T1439Z
7917,Prados,Beñat Prados,Athletic,6,2,3.000,2025-26,2026-08-11T1439Z
11524,Unai Gómez,Unai Gómez,Athletic,49,26,1.880,2025-26,2026-08-11T1439Z
14016,Santos,Mikel Santos,Athletic,0,0,0.000,2025-26,2026-08-11T1439Z
697,Laporte,Aymeric Laporte,Athletic,105,25,4.200,2025-26,2026-08-11T1439Z
16350,Monreal,Iker Monreal,Athletic,0,0,0.000,2025-26,2026-08-11T1439Z
16352,Ibon Sánchez,Ibon Sánchez,Athletic,0,0,0.000,2025-26,2026-08-11T1439Z
16810,Selton,Selton Sánchez,Athletic,15,7,2.140,2025-26,2026-08-11T1439Z
16818,Hierro,Asier Hierro,Athletic,2,1,2.000,2025-26,2026-08-11T1439Z
15228,Buján,Endika Buján,Athletic,0,0,0.000,2025-26,2026-08-11T1439Z
16353,Eder García,Eder García,Athletic,2,2,1.000,2025-26,2026-08-11T1439Z
1972,Yeray,Yeray Álvarez,Athletic,28,7,4.000,2025-26,2026-08-11T1439Z
11676,Egiluz,Unai Egiluz,Athletic,0,0,0.000,2025-26,2026-08-11T1439Z
17249,Gift,Elijah Gift,Athletic,0,0,0.000,2025-26,2026-08-11T1439Z
63,Koke,Koke Resurrección,Atlético,158,34,4.650,2025-26,2026-08-11T1439Z
465,Griezmann,Antoine Griezmann,Atlético,170,34,5.000,2025-26,2026-08-11T1439Z
1826,Oblak,Jan Oblak,Atlético,208,30,6.930,2025-26,2026-08-11T1439Z
1931,M. Llorente,Marcos Llorente,Atlético,154,29,5.310,2025-26,2026-08-11T1439Z
3691,Lenglet,Clément Lenglet,Atlético,84,19,4.420,2025-26,2026-08-11T1439Z
5134,Sörloth,Alexander Sorloth,Atlético,157,35,4.490,2025-26,2026-08-11T1439Z
5942,Musso,Juan Musso,Atlético,48,8,6.000,2025-26,2026-08-11T1439Z
5995,Hancko,David Hancko,Atlético,138,30,4.600,2025-26,2026-08-11T1439Z
6002,Le Normand,Robin Le Normand,Atlético,125,28,4.460,2025-26,2026-08-11T1439Z
6551,Raspadori,Giacomo Raspadori,Atlético,31,12,2.580,2025-26,2026-08-11T1439Z
6624,Gallagher,Conor Gallagher,Atlético,53,19,2.790,2025-26,2026-08-11T1439Z
7645,Baena,Álex Baena,Atlético,133,27,4.930,2025-26,2026-08-11T1439Z
8120,Molina,Nahuel Molina,Atlético,112,26,4.310,2025-26,2026-08-11T1439Z
8256,Ruggeri,Matteo Ruggeri,Atlético,128,26,4.920,2025-26,2026-08-11T1439Z
9276,Giuliano,Giuliano Simeone,Atlético,170,31,5.480,2025-26,2026-08-11T1439Z
9823,Pubill,Marc Pubill,Atlético,107,19,5.630,2025-26,2026-08-11T1439Z
10005,Barrios,Pablo Barrios,Atlético,128,23,5.570,2025-26,2026-08-11T1439Z
10287,Alvarez,Julián Álvarez,Atlético,187,29,6.450,2025-26,2026-08-11T1439Z
11138,Almada,Thiago Almada,Atlético,114,27,4.220,2025-26,2026-08-11T1439Z
12647,Cardoso,Johnny Cardoso,Atlético,47,15,3.130,2025-26,2026-08-11T1439Z
15422,Esquivel,Salvi Esquivel,Atlético,0,0,0.000,2025-26,2026-08-11T1439Z
13870,Monserrate,Jano Monserrate,Atlético,4,2,2.000,2025-26,2026-08-11T1439Z
9352,González,Nicolás González,Atlético,122,24,5.080,2025-26,2026-08-11T1439Z
13871,Taufik,Taufik Seidu,Atlético,0,1,0.000,2025-26,2026-08-11T1439Z
11507,Kostis,Ilias Kostis,Atlético,0,0,0.000,2025-26,2026-08-11T1439Z
775,Giménez,José María Giménez,Atlético,89,16,5.560,2025-26,2026-08-11T1439Z
11523,Mario de Luis,Mario de Luis,Atlético,0,0,0.000,2025-26,2026-08-11T1439Z
12484,Boñar,Javier Boñar,Atlético,19,4,4.750,2025-26,2026-08-11T1439Z
16940,Puric,Aleksa Puric,Atlético,3,2,1.500,2025-26,2026-08-11T1439Z
11861,Dani Martínez,Dani Martínez,Atlético,-1,1,-1.000,2025-26,2026-08-11T1439Z
17129,Julio Díaz,Julio Díaz,Atlético,22,4,5.500,2025-26,2026-08-11T1439Z
17130,Luque,Iker Luque,Atlético,0,1,0.000,2025-26,2026-08-11T1439Z
12608,Rayane,Rayane Belaid,Atlético,5,2,2.500,2025-26,2026-08-11T1439Z
17137,Sergio Esteban,Sergio Esteban,Atlético,0,0,0.000,2025-26,2026-08-11T1439Z
4434,Lookman,Ademola Lookman,Atlético,57,12,4.750,2025-26,2026-08-11T1439Z
9314,Serrano,Javi Serrano,Atlético,0,0,0.000,2025-26,2026-08-11T1439Z
15572,Vargas,Obed Vargas,Atlético,39,12,3.250,2025-26,2026-08-11T1439Z
17446,Moreno,Álvaro Moreno,Atlético,0,0,0.000,2025-26,2026-08-11T1439Z
13874,Dani Rubio,Dani Rubio,Atlético,0,0,0.000,2025-26,2026-08-11T1439Z
17495,Morcillo,Javi Morcillo,Atlético,7,5,1.400,2025-26,2026-08-11T1439Z
13872,Spina,Gerónimo Spina,Atlético,0,0,0.000,2025-26,2026-08-11T1439Z
17529,Cubo,Miguel Cubo,Atlético,0,2,0.000,2025-26,2026-08-11T1439Z
2288,Olmo,Dani Olmo,Barcelona,230,33,6.970,2025-26,2026-08-11T1439Z
2417,A. Christensen,Andreas Christensen,Barcelona,28,13,2.150,2025-26,2026-08-11T1439Z
2939,Rashford,Marcus Rashford,Barcelona,186,32,5.810,2025-26,2026-08-11T1439Z
4288,Raphinha,Raphinha,Barcelona,179,22,8.140,2025-26,2026-08-11T1439Z
5050,Ferran,Ferrán Torres,Barcelona,208,33,6.300,2025-26,2026-08-11T1439Z
6210,F. de Jong,Frenkie de Jong,Barcelona,134,25,5.360,2025-26,2026-08-11T1439Z
6674,Koundé,Jules Koundé,Barcelona,154,30,5.130,2025-26,2026-08-11T1439Z
7004,Araújo,Ronald Araújo,Barcelona,86,24,3.580,2025-26,2026-08-11T1439Z
7257,Pedri,Pedri González,Barcelona,217,29,7.480,2025-26,2026-08-11T1439Z
7279,Joan Garcia,Joan Garcia,Barcelona,258,30,8.600,2025-26,2026-08-11T1439Z
7542,Eric Garcia,Eric Garcia,Barcelona,201,34,5.910,2025-26,2026-08-11T1439Z
9273,Gavi,Pablo Gavi,Barcelona,35,11,3.180,2025-26,2026-08-11T1439Z
9316,Balde,Alejandro Balde,Barcelona,116,28,4.140,2025-26,2026-08-11T1439Z
10217,Casadó,Marc Casadó,Barcelona,67,24,2.790,2025-26,2026-08-11T1439Z
11520,Yamal,Lamine Yamal,Barcelona,330,28,11.790,2025-26,2026-08-11T1439Z
11706,Cubarsí,Pau Cubarsí,Barcelona,187,31,6.030,2025-26,2026-08-11T1439Z
11707,Kochen,Diego Kochen,Barcelona,0,0,0.000,2025-26,2026-08-11T1439Z
11709,Fermín,Fermín López,Barcelona,213,30,7.100,2025-26,2026-08-11T1439Z
13859,Guille,Guille Fernández,Barcelona,0,0,0.000,2025-26,2026-08-11T1439Z
13860,Toni Fernández,Toni Fernández,Barcelona,2,1,2.000,2025-26,2026-08-11T1439Z
16167,Torrents,Jofre Torrents,Barcelona,3,3,1.000,2025-26,2026-08-11T1439Z
16168,Dro Fernández,Dro Fernández,Barcelona,7,4,1.750,2025-26,2026-08-11T1439Z
2225,Lewandowski,Robert Lewandowski,Barcelona,169,31,5.450,2025-26,2026-08-11T1439Z
2534,Szczesny,Wojciech Szczesny,Barcelona,41,8,5.130,2025-26,2026-08-11T1439Z
12641,Martín,Gerard Martín,Barcelona,161,32,5.030,2025-26,2026-08-11T1439Z
10658,Bardghji,Roony Bardghji,Barcelona,72,21,3.430,2025-26,2026-08-11T1439Z
13864,Bernal,Marc Bernal,Barcelona,79,22,3.590,2025-26,2026-08-11T1439Z
16723,Aller,Eder Aller,Barcelona,0,0,0.000,2025-26,2026-08-11T1439Z
16171,Juan Hernández,Juan Hernández,Barcelona,0,0,0.000,2025-26,2026-08-11T1439Z
16765,Espart,Xavi Espart,Barcelona,5,4,1.250,2025-26,2026-08-11T1439Z
16923,Marqués,Tomás Marqués,Barcelona,2,2,1.000,2025-26,2026-08-11T1439Z
11568,Dani Rodríguez,Dani Rodríguez,Barcelona,0,0,0.000,2025-26,2026-08-11T1439Z
1882,Cancelo,Joao Cancelo,Barcelona,117,16,7.310,2025-26,2026-08-11T1439Z
14882,Cortés,Álvaro Cortés,Barcelona,0,1,0.000,2025-26,2026-08-11T1439Z
322,Bartra,Marc Bartra,Betis,140,25,5.600,2025-26,2026-08-11T1439Z
572,Adrián,Adrián San Miguel,Betis,10,1,10.000,2025-26,2026-08-11T1439Z
1067,Pau López,Pau López,Betis,61,9,6.780,2025-26,2026-08-11T1439Z
1239,Rodríguez,Ricardo Rodriguez,Betis,90,23,3.910,2025-26,2026-08-11T1439Z
2118,Bakambu,Cédric Bakambu,Betis,54,18,3.000,2025-26,2026-08-11T1439Z
2153,Bellerín,Héctor Bellerín,Betis,124,27,4.590,2025-26,2026-08-11T1439Z
2632,Fornals,Pablo Fornals,Betis,272,37,7.350,2025-26,2026-08-11T1439Z
3686,Valles,Álvaro Valles,Betis,185,28,6.610,2025-26,2026-08-11T1439Z
3717,Lo Celso,Giovani Lo Celso,Betis,119,24,4.960,2025-26,2026-08-11T1439Z
4620,Junior,Junior Firpo,Betis,38,12,3.170,2025-26,2026-08-11T1439Z
5051,Ruibal,Aitor Ruibal,Betis,128,27,4.740,2025-26,2026-08-11T1439Z
5545,Chimy,Chimy Ávila,Betis,37,16,2.310,2025-26,2026-08-11T1439Z
5546,Cucho,Cucho Hernández,Betis,188,32,5.880,2025-26,2026-08-11T1439Z
6450,Riquelme,Rodrigo Riquelme,Betis,66,25,2.640,2025-26,2026-08-11T1439Z
10230,Dani Pérez,Dani Pérez,Betis,2,1,2.000,2025-26,2026-08-11T1439Z
10233,Ortiz,Ángel Ortiz,Betis,29,13,2.230,2025-26,2026-08-11T1439Z
11673,Altimira,Sergi Altimira,Betis,93,24,3.880,2025-26,2026-08-11T1439Z
11813,Natan,Natan,Betis,163,33,4.940,2025-26,2026-08-11T1439Z
13822,Pablo García,Pablo García,Betis,33,15,2.200,2025-26,2026-08-11T1439Z
16151,Mawuli,Mawuli Mensah,Betis,0,0,0.000,2025-26,2026-08-11T1439Z
16203,Valentín Gómez,Valentín Gómez,Betis,99,28,3.540,2025-26,2026-08-11T1439Z
16287,Corralejo,Iván Corralejo,Betis,1,1,1.000,2025-26,2026-08-11T1439Z
14135,Manu González,Manu González,Betis,0,0,0.000,2025-26,2026-08-11T1439Z
707,D. Llorente,Diego Javier Llorente,Betis,91,18,5.060,2025-26,2026-08-11T1439Z
3215,Marc Roca,Marc Roca,Betis,126,29,4.340,2025-26,2026-08-11T1439Z
10826,Germán,Germán García,Betis,0,0,0.000,2025-26,2026-08-11T1439Z
15696,Deossa,Nelson Deossa,Betis,54,20,2.700,2025-26,2026-08-11T1439Z
4955,S. Amrabat,Sofyan Amrabat,Betis,65,17,3.820,2025-26,2026-08-11T1439Z
8405,Antony,Antony,Betis,206,32,6.440,2025-26,2026-08-11T1439Z
9750,Abde,Abde Ezzalzouli,Betis,218,29,7.520,2025-26,2026-08-11T1439Z
16463,Bladi,Darling Bladi,Betis,0,0,0.000,2025-26,2026-08-11T1439Z
336,Isco,Isco Alarcón,Betis,31,8,3.880,2025-26,2026-08-11T1439Z
6393,Fidalgo,Álvaro Fidalgo,Betis,37,9,4.110,2025-26,2026-08-11T1439Z
16153,Marina,Rodrigo Marina,Betis,0,0,0.000,2025-26,2026-08-11T1439Z
16150,De Roa,Carlos De Roa,Betis,0,0,0.000,2025-26,2026-08-11T1439Z
12441,Busto,Pablo Busto,Betis,0,0,0.000,2025-26,2026-08-11T1439Z
175,Aspas,Iago Aspas,Celta,141,32,4.410,2025-26,2026-08-11T1439Z
1945,Iglesias,Borja Iglesias,Celta,173,35,4.940,2025-26,2026-08-11T1439Z
3255,Iván Villar,Iván Villar,Celta,0,0,0.000,2025-26,2026-08-11T1439Z
4397,M. Alonso,Marcos Alonso,Celta,191,32,5.970,2025-26,2026-08-11T1439Z
5978,Radu,Ionut Radu,Celta,254,38,6.680,2025-26,2026-08-11T1439Z
7199,Carreira,Sergio Carreira,Celta,130,34,3.820,2025-26,2026-08-11T1439Z
7842,Jutglà,Ferran Jutglà,Celta,142,30,4.730,2025-26,2026-08-11T1439Z
7882,Mingueza,Óscar Mingueza,Celta,132,34,3.880,2025-26,2026-08-11T1439Z
8082,Moriba,Ilaix Moriba,Celta,137,36,3.810,2025-26,2026-08-11T1439Z
8702,Domínguez,Carlos Dominguez,Celta,24,8,3.000,2025-26,2026-08-11T1439Z
8988,Sotelo,Hugo Sotelo,Celta,84,20,4.200,2025-26,2026-08-11T1439Z
9740,Hugo Álvarez,Hugo Álvarez,Celta,112,28,4.000,2025-26,2026-08-11T1439Z
9779,Bryan,Bryan Zaragoza,Celta,91,19,4.790,2025-26,2026-08-11T1439Z
10207,Swedberg,Williot Swedberg,Celta,133,29,4.590,2025-26,2026-08-11T1439Z
10234,Marc Vidal,Marc Vidal,Celta,0,0,0.000,2025-26,2026-08-11T1439Z
10586,Ristic,Mihailo Ristic,Celta,15,5,3.000,2025-26,2026-08-11T1439Z
10822,Durán,Pablo Durán,Celta,98,30,3.270,2025-26,2026-08-11T1439Z
12534,Javi Rodríguez,Javi Rodríguez,Celta,132,33,4.000,2025-26,2026-08-11T1439Z
13035,Rueda,Javi Rueda,Celta,132,26,5.080,2025-26,2026-08-11T1439Z
13036,Lago,Yoel Lago,Celta,44,12,3.670,2025-26,2026-08-11T1439Z
13808,Román,Miguel Román,Celta,92,19,4.840,2025-26,2026-08-11T1439Z
14980,El-Abdellaoui,Jones El-Abdellaoui,Celta,55,22,2.500,2025-26,2026-08-11T1439Z
16003,Manu Fernández,Manu Fernández,Celta,42,14,3.000,2025-26,2026-08-11T1439Z
10193,Damián,Damián Rodríguez,Celta,4,2,2.000,2025-26,2026-08-11T1439Z
9612,Starfelt,Carl Starfelt,Celta,106,19,5.580,2025-26,2026-08-11T1439Z
3318,Cervi,Franco Cervi,Celta,0,0,0.000,2025-26,2026-08-11T1439Z
6846,Aidoo,Joseph Aidoo,Celta,26,8,3.250,2025-26,2026-08-11T1439Z
16873,Arcos,Ángel Arcos,Celta,0,0,0.000,2025-26,2026-08-11T1439Z
9744,Hugo González,Hugo González,Celta,2,1,2.000,2025-26,2026-08-11T1439Z
16803,Burcio,Hugo Burcio,Celta,0,1,0.000,2025-26,2026-08-11T1439Z
14818,Fer López,Fer López,Celta,71,17,4.180,2025-26,2026-08-11T1439Z
5313,Vecino,Matías Vecino,Celta,11,6,1.830,2025-26,2026-08-11T1439Z
16802,Antañón,Andrés Antañón,Celta,1,2,0.500,2025-26,2026-08-11T1439Z
582,Cabrera,Leandro Cabrera,Espanyol,162,37,4.380,2025-26,2026-08-11T1439Z
1927,Pere Milla,Pere Milla,Espanyol,146,33,4.420,2025-26,2026-08-11T1439Z
2751,Kike García,Kike García,Espanyol,139,37,3.760,2025-26,2026-08-11T1439Z
3738,Edu Expósito,Edu Expósito,Espanyol,202,36,5.610,2025-26,2026-08-11T1439Z
3759,Dmitrovic,Marko Dmitrovic,Espanyol,222,37,6.000,2025-26,2026-08-11T1439Z
3807,Puado,Javi Puado,Espanyol,42,10,4.200,2025-26,2026-08-11T1439Z
3879,Lozano,Pol Lozano,Espanyol,97,33,2.940,2025-26,2026-08-11T1439Z
5220,Miguel Rubio,Miguel Ángel Rubio,Espanyol,29,12,2.420,2025-26,2026-08-11T1439Z
5553,Calero,Fernando Calero,Espanyol,121,28,4.320,2025-26,2026-08-11T1439Z
8250,Salinas,José Salinas,Espanyol,6,11,0.550,2025-26,2026-08-11T1439Z
8944,Terrats,Ramón Terrats,Espanyol,87,29,3.000,2025-26,2026-08-11T1439Z
8972,Pablo Ramón,Pablo Ramón,Espanyol,0,0,0.000,2025-26,2026-08-11T1439Z
9695,Rubén Sánchez,Rubén Sánchez,Espanyol,68,21,3.240,2025-26,2026-08-11T1439Z
9850,Jofre,Jofre Carreras,Espanyol,65,26,2.500,2025-26,2026-08-11T1439Z
9987,Roberto,Roberto Fernández,Espanyol,151,38,3.970,2025-26,2026-08-11T1439Z
10219,Fortuño,Ángel Fortuño,Espanyol,7,1,7.000,2025-26,2026-08-11T1439Z
10220,El Hilali,Omar El Hilali,Espanyol,101,36,2.810,2025-26,2026-08-11T1439Z
11172,Romero,Carlos Romero,Espanyol,196,36,5.440,2025-26,2026-08-11T1439Z
12609,Pol Tristan,Pol Tristan,Espanyol,0,0,0.000,2025-26,2026-08-11T1439Z
12918,Bauzà,Rafel Bauzà,Espanyol,0,0,0.000,2025-26,2026-08-11T1439Z
12980,Roca,Antoniu Roca,Espanyol,22,13,1.690,2025-26,2026-08-11T1439Z
15316,Hinojo,Roger Hinojo,Espanyol,0,0,0.000,2025-26,2026-08-11T1439Z
16202,Dolan,Tyrhys Dolan,Espanyol,152,36,4.220,2025-26,2026-08-11T1439Z
10197,Koleosho,Luca Koleosho,Espanyol,9,3,3.000,2025-26,2026-08-11T1439Z
10435,Pickel,Charles Pickel,Espanyol,47,24,1.960,2025-26,2026-08-11T1439Z
16308,Riedel,Clemens Riedel,Espanyol,76,20,3.800,2025-26,2026-08-11T1439Z
14024,Javier Hernández,Javier Hernández,Espanyol,0,0,0.000,2025-26,2026-08-11T1439Z
12891,Serred,Llorenç Serred,Espanyol,0,0,0.000,2025-26,2026-08-11T1439Z
16809,Ferran,Ferran Gómez,Espanyol,0,0,0.000,2025-26,2026-08-11T1439Z
6403,Ngongé,Cyril Ngongé,Espanyol,33,9,3.670,2025-26,2026-08-11T1439Z
17445,Timera,Adama Timera,Espanyol,0,0,0.000,2025-26,2026-08-11T1439Z
17531,Londoño,Miguel Londoño,Espanyol,0,0,0.000,2025-26,2026-08-11T1439Z
17532,Castell,Lluc Castell,Espanyol,0,1,0.000,2025-26,2026-08-11T1439Z
10276,Almansa,Alex Almansa,Espanyol,0,0,0.000,2025-26,2026-08-11T1439Z
1919,Soria,David Soria,Getafe,249,38,6.550,2025-26,2026-08-11T1439Z
3235,Diego Rico,Diego Rico,Getafe,76,28,2.710,2025-26,2026-08-11T1439Z
3800,Álex Sola,Álex Sola,Getafe,1,1,1.000,2025-26,2026-08-11T1439Z
3881,Djené,Dakonam Djené,Getafe,142,34,4.180,2025-26,2026-08-11T1439Z
4639,Arambarri,Mauro Arambarri,Getafe,190,37,5.140,2025-26,2026-08-11T1439Z
6935,Luis Milla,Luis Milla,Getafe,260,37,7.030,2025-26,2026-08-11T1439Z
8686,Iglesias,Juan Iglesias,Getafe,161,37,4.350,2025-26,2026-08-11T1439Z
9838,Peter,Peter González,Getafe,0,0,0.000,2025-26,2026-08-11T1439Z
11202,Mario Martín,Mario Martín,Getafe,90,35,2.570,2025-26,2026-08-11T1439Z
12539,Joselu,Joselu Pérez,Getafe,3,2,1.500,2025-26,2026-08-11T1439Z
12892,Liso,Adrián Liso,Getafe,83,28,2.960,2025-26,2026-08-11T1439Z
12917,Risco,Alberto Risco,Getafe,0,0,0.000,2025-26,2026-08-11T1439Z
13780,Uche,Christantus Uche,Getafe,20,3,6.670,2025-26,2026-08-11T1439Z
13875,Bekhoucha,Ismael Bekhoucha,Getafe,13,4,3.250,2025-26,2026-08-11T1439Z
13877,Letácek,Jiri Letácek,Getafe,0,0,0.000,2025-26,2026-08-11T1439Z
14159,Coba,Coba Gomes,Getafe,27,14,1.930,2025-26,2026-08-11T1439Z
16004,Davinchi,Davinchi,Getafe,27,14,1.930,2025-26,2026-08-11T1439Z
16272,Vilaplana,Marc Vilaplana,Getafe,0,0,0.000,2025-26,2026-08-11T1439Z
1989,Mayoral,Borja Mayoral,Getafe,71,16,4.440,2025-26,2026-08-11T1439Z
3998,D. Duarte,Domingos Duarte,Getafe,181,34,5.320,2025-26,2026-08-11T1439Z
3178,Femenia,Kiko Femenia,Getafe,113,28,4.040,2025-26,2026-08-11T1439Z
5083,Abqar,Abdel Abqar,Getafe,83,23,3.610,2025-26,2026-08-11T1439Z
10153,Kamara,Abu Kamara,Getafe,21,12,1.750,2025-26,2026-08-11T1439Z
10564,Neyou,Yvan Neyou,Getafe,4,5,0.800,2025-26,2026-08-11T1439Z
267,Nyom,Allan Nyom,Getafe,30,15,2.000,2025-26,2026-08-11T1439Z
1981,Javi Muñoz,Javi Muñoz,Getafe,37,17,2.180,2025-26,2026-08-11T1439Z
11766,Sancris,Álex Sancris,Getafe,40,18,2.220,2025-26,2026-08-11T1439Z
16166,Aleksandrov,Mykyta Aleksandrov,Getafe,0,0,0.000,2025-26,2026-08-11T1439Z
340,Juanmi,Juanmi Jiménez,Getafe,18,8,2.250,2025-26,2026-08-11T1439Z
11714,Benito,Jorge Benito,Getafe,0,0,0.000,2025-26,2026-08-11T1439Z
13876,Ferrer,Diego Ferrer,Getafe,0,0,0.000,2025-26,2026-08-11T1439Z
16789,Laso,Lucas Laso,Getafe,0,0,0.000,2025-26,2026-08-11T1439Z
12975,Yassin,Yassin Tallal,Getafe,0,0,0.000,2025-26,2026-08-11T1439Z
14018,Solozábal,Hugo Solozábal,Getafe,0,1,0.000,2025-26,2026-08-11T1439Z
16917,Montes,Jorge Montes,Getafe,5,1,5.000,2025-26,2026-08-11T1439Z
17118,Mestanza,Alejandro Mestanza,Getafe,0,3,0.000,2025-26,2026-08-11T1439Z
17145,A. Riquelme,Adrián Riquelme,Getafe,0,0,0.000,2025-26,2026-08-11T1439Z
8496,Satriano,Martín Satriano,Getafe,107,18,5.940,2025-26,2026-08-11T1439Z
14210,Romero,Zaid Romero,Getafe,119,15,7.930,2025-26,2026-08-11T1439Z
14452,Luis Vázquez,Luis Vázquez,Getafe,78,17,4.590,2025-26,2026-08-11T1439Z
17161,Boselli,Sebastián Boselli,Getafe,32,11,2.910,2025-26,2026-08-11T1439Z
9488,Birmancevic,Veljko Birmancevic,Getafe,10,6,1.670,2025-26,2026-08-11T1439Z
17563,Cáceres,Damián Cáceres,Getafe,0,3,0.000,2025-26,2026-08-11T1439Z
851,Morales,José Luis Morales,Levante,53,20,2.650,2025-26,2026-08-11T1439Z
3158,Elgezabal,Unai Elgezabal,Levante,33,12,2.750,2025-26,2026-08-11T1439Z
3833,Pampín,Diego Pampín,Levante,22,8,2.750,2025-26,2026-08-11T1439Z
4976,Toljan,Jeremy Toljan,Levante,118,37,3.190,2025-26,2026-08-11T1439Z
5062,Lozano,Sergio Lozano,Levante,2,1,2.000,2025-26,2026-08-11T1439Z
6346,De la Fuente,Adrián de la Fuente,Levante,153,33,4.640,2025-26,2026-08-11T1439Z
6605,Manu Sánchez,Manu Sánchez,Levante,113,33,3.420,2025-26,2026-08-11T1439Z
7614,Pablo Martínez,Pablo Martínez,Levante,142,27,5.260,2025-26,2026-08-11T1439Z
7629,Iván Romero,Iván Romero,Levante,144,32,4.500,2025-26,2026-08-11T1439Z
7644,Víctor García,Víctor García,Levante,80,21,3.810,2025-26,2026-08-11T1439Z
7737,Vencedor,Unai Vencedor,Levante,38,16,2.380,2025-26,2026-08-11T1439Z
8088,Oriol Rey,Oriol Rey,Levante,61,20,3.050,2025-26,2026-08-11T1439Z
8646,C. Álvarez,Carlos Álvarez,Levante,113,30,3.770,2025-26,2026-08-11T1439Z
9157,Brugui,Roger Brugué,Levante,53,19,2.790,2025-26,2026-08-11T1439Z
10191,Primo,Alejandro Primo,Levante,0,0,0.000,2025-26,2026-08-11T1439Z
11807,Cuñat Campos,Pablo Campos,Levante,14,2,7.000,2025-26,2026-08-11T1439Z
12870,Carlos Espí,Carlos Espí,Levante,123,25,4.920,2025-26,2026-08-11T1439Z
12879,Jorge Cabello,Jorge Cabello,Levante,8,5,1.600,2025-26,2026-08-11T1439Z
13145,Cortés,Paco Cortés,Levante,34,12,2.830,2025-26,2026-08-11T1439Z
14172,Moreno,Matías Moreno,Levante,130,28,4.640,2025-26,2026-08-11T1439Z
16020,Nacho Pérez,Nacho Pérez,Levante,9,3,3.000,2025-26,2026-08-11T1439Z
16270,Caye,Cayetano Romero,Levante,0,0,0.000,2025-26,2026-08-11T1439Z
16271,Joan Ruiz,Joan Ruiz,Levante,0,0,0.000,2025-26,2026-08-11T1439Z
7201,Losada,Iker Losada,Levante,77,23,3.350,2025-26,2026-08-11T1439Z
1743,Ryan,Mathew Ryan,Levante,229,36,6.360,2025-26,2026-08-11T1439Z
8961,Olasagasti,Jon Ander Olasagasti,Levante,116,33,3.520,2025-26,2026-08-11T1439Z
13748,Krug,Martín Krug,Levante,0,0,0.000,2025-26,2026-08-11T1439Z
14989,Arriaga,Kervin Arriaga,Levante,118,27,4.370,2025-26,2026-08-11T1439Z
16224,Koyalipou,Goduine Koyalipou,Levante,28,11,2.550,2025-26,2026-08-11T1439Z
11627,Matturro,Alan Matturro,Levante,66,19,3.470,2025-26,2026-08-11T1439Z
16924,Nakoha,Huseini Nakoha,Levante,0,0,0.000,2025-26,2026-08-11T1439Z
16022,Tunde,Kareem Tunde,Levante,53,21,2.520,2025-26,2026-08-11T1439Z
16571,Raghouber,Ugo Raghouber,Levante,46,16,2.880,2025-26,2026-08-11T1439Z
15086,Abed,Tai Abed,Levante,0,7,0.000,2025-26,2026-08-11T1439Z
16934,Cervera,Dani Cervera,Levante,0,0,0.000,2025-26,2026-08-11T1439Z
605,Abdon,Abdon Prats,Mallorca,22,15,1.470,2025-26,2026-08-11T1439Z
785,Mascarell,Omar Mascarell,Mallorca,138,30,4.600,2025-26,2026-08-11T1439Z
899,Mojica,Johan Mojica,Mallorca,130,35,3.710,2025-26,2026-08-11T1439Z
930,Darder,Sergi Darder,Mallorca,200,38,5.260,2025-26,2026-08-11T1439Z
1998,Raíllo,Antonio Raíllo,Mallorca,90,24,3.750,2025-26,2026-08-11T1439Z
2736,Lato,Antonio Lato,Mallorca,31,12,2.580,2025-26,2026-08-11T1439Z
5061,Morlanes,Manuel Morlanes,Mallorca,122,32,3.810,2025-26,2026-08-11T1439Z
6634,Valjent,Martin Valjent,Mallorca,154,37,4.160,2025-26,2026-08-11T1439Z
6651,Dani Rodríguez,Dani Rodríguez,Mallorca,3,2,1.500,2025-26,2026-08-11T1439Z
6704,Asano,Takuma Asano,Mallorca,43,20,2.150,2025-26,2026-08-11T1439Z
7291,Antonio,Antonio Sánchez,Mallorca,59,30,1.970,2025-26,2026-08-11T1439Z
7413,Morey,Mateu Morey,Mallorca,33,18,1.830,2025-26,2026-08-11T1439Z
8134,Muriqi,Vedat Muriqi,Mallorca,234,37,6.320,2025-26,2026-08-11T1439Z
9405,Leo Román,Leo Román,Mallorca,165,33,5.000,2025-26,2026-08-11T1439Z
9602,Bergstrom,Lucas Bergstrom,Mallorca,36,5,7.200,2025-26,2026-08-11T1439Z
9771,Llabrés,Javi Llabrés,Mallorca,27,16,1.690,2025-26,2026-08-11T1439Z
10205,Pablo Torre,Pablo Torre,Mallorca,146,35,4.170,2025-26,2026-08-11T1439Z
10328,Doménech,Marc Doménech,Mallorca,20,7,2.860,2025-26,2026-08-11T1439Z
10886,Joseph,Mateo Joseph,Mallorca,112,29,3.860,2025-26,2026-08-11T1439Z
11249,Luna,Daniel Luna,Mallorca,0,0,0.000,2025-26,2026-08-11T1439Z
11712,David López,David López,Mallorca,45,14,3.210,2025-26,2026-08-11T1439Z
13823,Salas,Jan Salas,Mallorca,4,2,2.000,2025-26,2026-08-11T1439Z
14912,Salhi,Iliesse Salhi,Mallorca,0,0,0.000,2025-26,2026-08-11T1439Z
2016,Cuéllar,Iván Cuéllar,Mallorca,0,0,0.000,2025-26,2026-08-11T1439Z
7100,Kumbulla,Marash Kumbulla,Mallorca,10,8,1.250,2025-26,2026-08-11T1439Z
8105,Samú,Samú Costa,Mallorca,165,34,4.850,2025-26,2026-08-11T1439Z
16169,Virgili,Jan Virgili,Mallorca,141,31,4.550,2025-26,2026-08-11T1439Z
2663,Maffeo,Pablo Maffeo,Mallorca,134,31,4.320,2025-26,2026-08-11T1439Z
16714,Olaizola,Javier Olaizola,Mallorca,6,2,3.000,2025-26,2026-08-11T1439Z
16811,Torreguitart,Nil Torreguitart,Mallorca,0,0,0.000,2025-26,2026-08-11T1439Z
17159,Kalumba,Justin Kalumba,Mallorca,5,3,1.670,2025-26,2026-08-11T1439Z
9963,Luvumbo,Zito Luvumbo,Mallorca,37,10,3.700,2025-26,2026-08-11T1439Z
16204,Leo Lucas,Leo Lucas,Mallorca,0,0,0.000,2025-26,2026-08-11T1439Z
16979,Jandro,Jandro García,Mallorca,0,0,0.000,2025-26,2026-08-11T1439Z
17482,Vlad,Rareș Vlad,Mallorca,0,0,0.000,2025-26,2026-08-11T1439Z
13825,Riba,Cesc Riba,Mallorca,0,0,0.000,2025-26,2026-08-11T1439Z
16929,Orejuela,Luis Orejuela,Mallorca,1,1,1.000,2025-26,2026-08-11T1439Z
17572,Calatayud,Miguel Calatayud,Mallorca,0,2,0.000,2025-26,2026-08-11T1439Z
6487,Galán,Javi Galán,Osasuna,110,25,4.400,2025-26,2026-08-11T1439Z
660,Rubén G.,Rubén García,Osasuna,174,35,4.970,2025-26,2026-08-11T1439Z
829,Aitor,Aitor Fernández,Osasuna,8,2,4.000,2025-26,2026-08-11T1439Z
841,Moi Gómez,Moi Gómez,Osasuna,104,26,4.000,2025-26,2026-08-11T1439Z
1928,Torró,Lucas Torró,Osasuna,101,34,2.970,2025-26,2026-08-11T1439Z
3206,Kike Barja,Kike Barja,Osasuna,72,27,2.670,2025-26,2026-08-11T1439Z
6493,Catena,Alejandro Catena,Osasuna,183,35,5.230,2025-26,2026-08-11T1439Z
6611,Herrera,Sergio Herrera,Osasuna,217,37,5.860,2025-26,2026-08-11T1439Z
6635,Budimir,Ante Budimir,Osasuna,211,37,5.700,2025-26,2026-08-11T1439Z
6820,Juan Cruz,Juan Cruz,Osasuna,40,15,2.670,2025-26,2026-08-11T1439Z
7027,Raúl García,Raúl García,Osasuna,118,36,3.280,2025-26,2026-08-11T1439Z
7082,Herrando,Jorge Herrando,Osasuna,90,28,3.210,2025-26,2026-08-11T1439Z
7203,Oroz,Aimar Oroz,Osasuna,121,31,3.900,2025-26,2026-08-11T1439Z
7204,Moncayola,Jon Moncayola,Osasuna,159,36,4.420,2025-26,2026-08-11T1439Z
8695,Boyomo,Boyomo,Osasuna,121,30,4.030,2025-26,2026-08-11T1439Z
9531,Rosier,Valentin Rosier,Osasuna,136,31,4.390,2025-26,2026-08-11T1439Z
11230,Bretones,Abel Bretones,Osasuna,86,28,3.070,2025-26,2026-08-11T1439Z
11362,Iker Muñoz,Iker Muñoz,Osasuna,55,19,2.890,2025-26,2026-08-11T1439Z
11871,Stamatakis,Dimitrios Stamatakis,Osasuna,0,0,0.000,2025-26,2026-08-11T1439Z
12453,Osambela,Asier Osambela,Osasuna,37,17,2.180,2025-26,2026-08-11T1439Z
13868,Chasco,Raúl Chasco,Osasuna,0,0,0.000,2025-26,2026-08-11T1439Z
14954,Víctor Muñoz,Víctor Muñoz,Osasuna,188,34,5.530,2025-26,2026-08-11T1439Z
16158,Echegoyen,Mauro Echegoyen,Osasuna,0,0,0.000,2025-26,2026-08-11T1439Z
9872,Benito,Iker Benito,Osasuna,20,6,3.330,2025-26,2026-08-11T1439Z
11353,Becker,Sheraldo Becker,Osasuna,13,9,1.440,2025-26,2026-08-11T1439Z
16159,Pedroarena,Martín Pedroarena,Osasuna,0,0,0.000,2025-26,2026-08-11T1439Z
12823,Arguibide,Iñigo Arguibide,Osasuna,17,6,2.830,2025-26,2026-08-11T1439Z
16916,Serrano,Mikel Serrano,Osasuna,0,0,0.000,2025-26,2026-08-11T1439Z
7870,Raul Moro,Raul Moro,Osasuna,52,14,3.710,2025-26,2026-08-11T1439Z
15424,Rafa,Rafa Fernández,Osasuna,0,0,0.000,2025-26,2026-08-11T1439Z
863,Lejeune,Florian Lejeune,Rayo,242,36,6.720,2025-26,2026-08-11T1439Z
867,Álvaro García,Álvaro García,Rayo,158,32,4.940,2025-26,2026-08-11T1439Z
1881,Unai López,Unai López,Rayo,135,28,4.820,2025-26,2026-08-11T1439Z
2128,Gumbau,Gerard Gumbau,Rayo,86,28,3.070,2025-26,2026-08-11T1439Z
3623,Pedro Díaz,Pedro Díaz,Rayo,98,34,2.880,2025-26,2026-08-11T1439Z
5548,Trejo,Óscar Trejo,Rayo,21,7,3.000,2025-26,2026-08-11T1439Z
5705,Luiz Felipe,Luiz Felipe,Rayo,36,10,3.600,2025-26,2026-08-11T1439Z
6560,Ratiu,Andrei Ratiu,Rayo,201,35,5.740,2025-26,2026-08-11T1439Z
6562,Camello,Sergio Camello,Rayo,91,22,4.140,2025-26,2026-08-11T1439Z
6633,De Frutos,Jorge de Frutos,Rayo,197,36,5.470,2025-26,2026-08-11T1439Z
6804,Espino,Alfonso Espino,Rayo,104,30,3.470,2025-26,2026-08-11T1439Z
6853,Nteka,Randy Nteka,Rayo,41,13,3.150,2025-26,2026-08-11T1439Z
6889,Valentín,Óscar Valentín,Rayo,134,33,4.060,2025-26,2026-08-11T1439Z
6957,Isi,Isi Palazón,Rayo,139,31,4.480,2025-26,2026-08-11T1439Z
7251,Balliu,Iván Balliu,Rayo,32,14,2.290,2025-26,2026-08-11T1439Z
7307,Pathé Ciss,Pathé Ciss,Rayo,137,29,4.720,2025-26,2026-08-11T1439Z
7570,Cárdenas,Dani Cárdenas,Rayo,35,4,8.750,2025-26,2026-08-11T1439Z
7992,Pep Chavarría,Pep Chavarría,Rayo,152,33,4.610,2025-26,2026-08-11T1439Z
10210,Fran Pérez,Fran Pérez,Rayo,98,29,3.380,2025-26,2026-08-11T1439Z
12651,Batalla,Augusto Batalla,Rayo,213,34,6.260,2025-26,2026-08-11T1439Z
13801,Pelayo,Pelayo Fernández,Rayo,3,1,3.000,2025-26,2026-08-11T1439Z
14004,Vertrouwd,Jozhua Vertrouwd,Rayo,24,9,2.670,2025-26,2026-08-11T1439Z
16146,Becerra,Samu Becerra,Rayo,5,3,1.670,2025-26,2026-08-11T1439Z
9755,Carlos Martín,Carlos Martín,Rayo,20,11,1.820,2025-26,2026-08-11T1439Z
14967,Juanpe,Juanpe Gil,Rayo,0,0,0.000,2025-26,2026-08-11T1439Z
11758,Alemão,Alemão,Rayo,78,26,3.000,2025-26,2026-08-11T1439Z
13813,Molina,Adrián Molina,Rayo,0,0,0.000,2025-26,2026-08-11T1439Z
13814,De la Sías,Marco de la Sías,Rayo,0,0,0.000,2025-26,2026-08-11T1439Z
12595,Mendy,Nobel Mendy,Rayo,120,24,5.000,2025-26,2026-08-11T1439Z
10552,Mumin,Abdul Mumin,Rayo,6,3,2.000,2025-26,2026-08-11T1439Z
59,Courtois,Thibaut Courtois,Real Madrid,212,32,6.630,2025-26,2026-08-11T1439Z
790,Carvajal,Daniel Carvajal,Real Madrid,67,17,3.940,2025-26,2026-08-11T1439Z
1062,Ceballos,Dani Ceballos,Real Madrid,46,16,2.880,2025-26,2026-08-11T1439Z
2223,Alaba,David Alaba,Real Madrid,30,11,2.730,2025-26,2026-08-11T1439Z
3429,Mbappé,Kylian Mbappé,Real Madrid,324,31,10.450,2025-26,2026-08-11T1439Z
3758,Valverde,Federico Valverde,Real Madrid,249,33,7.550,2025-26,2026-08-11T1439Z
4480,Alexander-Arnold,Trent Alexander-Arnold,Real Madrid,91,21,4.330,2025-26,2026-08-11T1439Z
5035,Brahim,Brahim Díaz,Real Madrid,142,30,4.730,2025-26,2026-08-11T1439Z
5526,Lunin,Andriy Lunin,Real Madrid,39,6,6.500,2025-26,2026-08-11T1439Z
5565,Vinicius,Vinicius Junior,Real Madrid,279,36,7.750,2025-26,2026-08-11T1439Z
6062,Militão,Éder Militão,Real Madrid,103,16,6.440,2025-26,2026-08-11T1439Z
6392,Fran García,Fran García,Real Madrid,57,13,4.380,2025-26,2026-08-11T1439Z
6631,Rodrygo,Rodrygo Goes,Real Madrid,92,19,4.840,2025-26,2026-08-11T1439Z
9669,Tchouaméni,Aurélien Tchouaméni,Real Madrid,181,33,5.480,2025-26,2026-08-11T1439Z
10176,A. F. Carreras,Álvaro F. Carreras,Real Madrid,176,28,6.290,2025-26,2026-08-11T1439Z
10767,Mestre,Sergio Mestre,Real Madrid,0,0,0.000,2025-26,2026-08-11T1439Z
11439,Güler,Arda Güler,Real Madrid,234,33,7.090,2025-26,2026-08-11T1439Z
11830,Huijsen,Dean Huijsen,Real Madrid,169,28,6.040,2025-26,2026-08-11T1439Z
11885,Gonzalo,Gonzalo García,Real Madrid,99,30,3.300,2025-26,2026-08-11T1439Z
12639,Asencio,Raúl Asencio,Real Madrid,109,23,4.740,2025-26,2026-08-11T1439Z
15437,Mastantuono,Franco Mastantuono,Real Madrid,78,23,3.390,2025-26,2026-08-11T1439Z
16237,Thiago,Thiago Pitarch,Real Madrid,41,10,4.100,2025-26,2026-08-11T1439Z
2536,Rüdiger,Antonio Rüdiger,Real Madrid,93,18,5.170,2025-26,2026-08-11T1439Z
8386,Bellingham,Jude Bellingham,Real Madrid,193,28,6.890,2025-26,2026-08-11T1439Z
8479,Camavinga,Eduardo Camavinga,Real Madrid,121,29,4.170,2025-26,2026-08-11T1439Z
13564,Endrick,Endrick,Real Madrid,2,1,2.000,2025-26,2026-08-11T1439Z
14700,Jiménez,David Jiménez,Real Madrid,8,2,4.000,2025-26,2026-08-11T1439Z
6158,Mendy,Ferland Mendy,Real Madrid,14,5,2.800,2025-26,2026-08-11T1439Z
11554,Fran González,Fran González,Real Madrid,0,0,0.000,2025-26,2026-08-11T1439Z
14036,Joan Martínez,Joan Martínez,Real Madrid,0,0,0.000,2025-26,2026-08-11T1439Z
15326,Valdepeñas,Víctor Valdepeñas,Real Madrid,0,1,0.000,2025-26,2026-08-11T1439Z
16948,Cestero,Jorge Cestero,Real Madrid,2,2,1.000,2025-26,2026-08-11T1439Z
14038,Palacios,César Palacios,Real Madrid,8,5,1.600,2025-26,2026-08-11T1439Z
17160,Leiva,Álvaro Leiva,Real Madrid,0,1,0.000,2025-26,2026-08-11T1439Z
14886,D. Aguado,Diego Aguado,Real Madrid,2,1,2.000,2025-26,2026-08-11T1439Z
11886,Manuel Ángel,Manuel Ángel,Real Madrid,5,4,1.250,2025-26,2026-08-11T1439Z
17406,Lamini Fati,Lamini Fati,Real Madrid,0,0,0.000,2025-26,2026-08-11T1439Z
14904,Yáñez,Daniel Yáñez,Real Madrid,2,2,1.000,2025-26,2026-08-11T1439Z
16735,Javi Navarro,Javi Navarro,Real Madrid,0,0,0.000,2025-26,2026-08-11T1439Z
15961,Fortea,Jesús Fortea,Real Madrid,0,0,0.000,2025-26,2026-08-11T1439Z
17166,Mesonero,Dani Mesonero,Real Madrid,0,0,0.000,2025-26,2026-08-11T1439Z
17586,Álvaro,Álvaro González,Real Madrid,0,0,0.000,2025-26,2026-08-11T1439Z
17587,Manuel Serrano,Manuel Serrano,Real Madrid,0,1,0.000,2025-26,2026-08-11T1439Z
1940,Aritz,Aritz Elustondo,Real Sociedad,33,16,2.060,2025-26,2026-08-11T1439Z
1975,Remiro,Álex Remiro,Real Sociedad,188,37,5.080,2025-26,2026-08-11T1439Z
2242,Guedes,Gonçalo Guedes,Real Sociedad,176,32,5.500,2025-26,2026-08-11T1439Z
2675,Oyarzabal,Mikel Oyarzabal,Real Sociedad,228,34,6.710,2025-26,2026-08-11T1439Z
2802,Zubeldia,Igor Zubeldia,Real Sociedad,90,25,3.600,2025-26,2026-08-11T1439Z
3650,Brais,Brais Méndez,Real Sociedad,138,29,4.760,2025-26,2026-08-11T1439Z
5385,Caleta-Car,Duje Caleta-Car,Real Sociedad,110,27,4.070,2025-26,2026-08-11T1439Z
6180,Sergio Gómez,Sergio Gómez,Real Sociedad,173,35,4.940,2025-26,2026-08-11T1439Z
6363,Barrenetxea,Ander Barrenetxea,Real Sociedad,150,30,5.000,2025-26,2026-08-11T1439Z
6394,Aihen,Aihen Muñoz,Real Sociedad,46,21,2.190,2025-26,2026-08-11T1439Z
7091,Kubo,Takefusa Kubo,Real Sociedad,122,24,5.080,2025-26,2026-08-11T1439Z
8228,Urko,Urko González de Zarate,Real Sociedad,114,36,3.170,2025-26,2026-08-11T1439Z
8392,L. Sucic,Luka Sucic,Real Sociedad,80,22,3.640,2025-26,2026-08-11T1439Z
8477,Traoré,Hamari Traoré,Real Sociedad,0,0,0.000,2025-26,2026-08-11T1439Z
8651,Turrientes,Beñat Turrientes,Real Sociedad,93,27,3.440,2025-26,2026-08-11T1439Z
8679,Marrero,Unai Marrero,Real Sociedad,8,1,8.000,2025-26,2026-08-11T1439Z
9011,Zakharyan,Arsen Zakharyan,Real Sociedad,29,17,1.710,2025-26,2026-08-11T1439Z
9423,Karrikaburu,Jon Karrikaburu,Real Sociedad,11,7,1.570,2025-26,2026-08-11T1439Z
10660,Óskarsson,Orri Steinn Óskarsson,Real Sociedad,85,20,4.250,2025-26,2026-08-11T1439Z
10764,Arana,Egoitz Arana,Real Sociedad,0,0,0.000,2025-26,2026-08-11T1439Z
10830,Marín,Pablo Marín,Real Sociedad,74,34,2.180,2025-26,2026-08-11T1439Z
11684,Goti,Mikel Goti,Real Sociedad,3,4,0.750,2025-26,2026-08-11T1439Z
11792,Jon Martín,Jon Martín,Real Sociedad,112,25,4.480,2025-26,2026-08-11T1439Z
12538,Aramburu,Jon Aramburu,Real Sociedad,83,35,2.370,2025-26,2026-08-11T1439Z
11683,Gorrotxategi,Jon Gorrotxategi,Real Sociedad,117,30,3.900,2025-26,2026-08-11T1439Z
16155,Folgado,Theo Folgado,Real Sociedad,0,0,0.000,2025-26,2026-08-11T1439Z
2799,Carlos Soler,Carlos Soler,Real Sociedad,175,33,5.300,2025-26,2026-08-11T1439Z
2807,Odriozola,Álvaro Odriozola,Real Sociedad,22,5,4.400,2025-26,2026-08-11T1439Z
11816,Fraga,Aitor Fraga,Real Sociedad,0,0,0.000,2025-26,2026-08-11T1439Z
11793,Lebarbier,Alex Lebarbier,Real Sociedad,0,0,0.000,2025-26,2026-08-11T1439Z
15273,Beitia,Luken Beitia,Real Sociedad,6,2,3.000,2025-26,2026-08-11T1439Z
14881,Marchal,Alex Marchal,Real Sociedad,0,0,0.000,2025-26,2026-08-11T1439Z
16922,Carrera,Gorka Carrera,Real Sociedad,2,3,0.670,2025-26,2026-08-11T1439Z
16248,Carrera,Gorka Carrera,Real Sociedad,0,0,0.000,2025-26,2026-08-11T1439Z
14020,Mariezkurrena,Arkaitz Mariezkurrena,Real Sociedad,0,1,0.000,2025-26,2026-08-11T1439Z
16247,Astiazaran,Lander Astiazaran,Real Sociedad,0,1,0.000,2025-26,2026-08-11T1439Z
16217,Kita,Kazunari Kita,Real Sociedad,0,0,0.000,2025-26,2026-08-11T1439Z
16867,Aguirre,Ibai Aguirre,Real Sociedad,1,1,1.000,2025-26,2026-08-11T1439Z
14021,Ochieng,Job Ochieng,Real Sociedad,3,2,1.500,2025-26,2026-08-11T1439Z
14822,Dani Díaz,Dani Díaz,Real Sociedad,0,1,0.000,2025-26,2026-08-11T1439Z
17286,Wesley,Wesley Gassova,Real Sociedad,7,5,1.400,2025-26,2026-08-11T1439Z
16220,Carbonell,Tomy Carbonell,Real Sociedad,0,0,0.000,2025-26,2026-08-11T1439Z
12694,Rupérez,Iñaki Rupérez,Real Sociedad,0,1,0.000,2025-26,2026-08-11T1439Z
1715,Januzaj,Adnan Januzaj,Sevilla,24,12,2.000,2025-26,2026-08-11T1439Z
3357,Sow,Djibril Sow,Sevilla,146,33,4.420,2025-26,2026-08-11T1439Z
4208,Marcão,Marcão,Sevilla,46,13,3.540,2025-26,2026-08-11T1439Z
5139,Lukebakio,Dodi Lukebakio,Sevilla,13,2,6.500,2025-26,2026-08-11T1439Z
6705,Nyland,Örjan Nyland,Sevilla,21,5,4.200,2025-26,2026-08-11T1439Z
7028,Gudelj,Nemanja Gudelj,Sevilla,139,34,4.090,2025-26,2026-08-11T1439Z
7249,Agoume,Lucien Agoume,Sevilla,133,34,3.910,2025-26,2026-08-11T1439Z
7779,Juanlu,Juanlu Sánchez,Sevilla,114,32,3.560,2025-26,2026-08-11T1439Z
8634,Rafa,Rafael Romero,Sevilla,0,0,0.000,2025-26,2026-08-11T1439Z
9317,Carmona,José Ángel Carmona,Sevilla,104,35,2.970,2025-26,2026-08-11T1439Z
9824,Alberto,Alberto Flores,Sevilla,0,0,0.000,2025-26,2026-08-11T1439Z
9931,Kike Salas,Kike Salas,Sevilla,130,26,5.000,2025-26,2026-08-11T1439Z
10341,Peque,Peque,Sevilla,72,26,2.770,2025-26,2026-08-11T1439Z
11180,Manu Bueno,Manu Bueno,Sevilla,15,8,1.880,2025-26,2026-08-11T1439Z
11680,Romero,Isaac Romero,Sevilla,86,29,2.970,2025-26,2026-08-11T1439Z
12042,Ejuke,Chidera Ejuke,Sevilla,109,27,4.040,2025-26,2026-08-11T1439Z
12685,Idumbo M.,Stanis Idumbo Muzambo,Sevilla,1,1,1.000,2025-26,2026-08-11T1439Z
13888,Castrín,Andrés Castrín,Sevilla,90,19,4.740,2025-26,2026-08-11T1439Z
15134,Adams,Akor Adams,Sevilla,142,32,4.440,2025-26,2026-08-11T1439Z
16198,Altozano,Edu Altozano,Sevilla,0,0,0.000,2025-26,2026-08-11T1439Z
16236,Sierra,Miguel Sierra,Sevilla,9,4,2.250,2025-26,2026-08-11T1439Z
3612,Álvaro,Álvaro Fernández,Sevilla,0,0,0.000,2025-26,2026-08-11T1439Z
9125,Vargas,Rubén Vargas,Sevilla,130,24,5.420,2025-26,2026-08-11T1439Z
6235,Vlachodimos,Odysseas Vlachodimos,Sevilla,155,33,4.700,2025-26,2026-08-11T1439Z
12358,Suazo,Gabriel Suazo,Sevilla,94,29,3.240,2025-26,2026-08-11T1439Z
12596,Oso,Joaquín Oso,Sevilla,81,21,3.860,2025-26,2026-08-11T1439Z
16235,Álex Costa,Álex Costa,Sevilla,0,0,0.000,2025-26,2026-08-11T1439Z
83,Alexis,Alexis Sánchez,Sevilla,96,28,3.430,2025-26,2026-08-11T1439Z
1375,Azpilicueta,César Azpilicueta,Sevilla,55,17,3.240,2025-26,2026-08-11T1439Z
7386,Nianzou,Tanguy Nianzou,Sevilla,25,12,2.080,2025-26,2026-08-11T1439Z
9500,Cardoso,Fábio Cardoso,Sevilla,20,4,5.000,2025-26,2026-08-11T1439Z
13804,Ramón,Ramón Martínez,Sevilla,2,2,1.000,2025-26,2026-08-11T1439Z
16332,Mendy,Batista Mendy,Sevilla,86,27,3.190,2025-26,2026-08-11T1439Z
1887,Jordan,Joan Jordan,Sevilla,3,3,1.000,2025-26,2026-08-11T1439Z
16974,Loren,Loren Luchino,Sevilla,0,0,0.000,2025-26,2026-08-11T1439Z
16975,Iker Muñoz,Iker Muñoz,Sevilla,0,0,0.000,2025-26,2026-08-11T1439Z
11381,Gattoni,Federico Gattoni,Sevilla,0,1,0.000,2025-26,2026-08-11T1439Z
7220,Maupay,Neal Maupay,Sevilla,46,12,3.830,2025-26,2026-08-11T1439Z
13865,Guillén,Nico Guillén,Sevilla,0,0,0.000,2025-26,2026-08-11T1439Z
663,Gayà,José Gayà,Valencia,135,32,4.220,2025-26,2026-08-11T1439Z
943,Foulquier,Dimitri Foulquier,Valencia,44,15,2.930,2025-26,2026-08-11T1439Z
2715,Pepelu,Pepelu,Valencia,135,31,4.350,2025-26,2026-08-11T1439Z
3607,Diakhaby,Mouctar Diakhaby,Valencia,38,8,4.750,2025-26,2026-08-11T1439Z
3732,Raba,Daniel Raba,Valencia,33,13,2.540,2025-26,2026-08-11T1439Z
5019,Duro,Hugo Duro,Valencia,134,36,3.720,2025-26,2026-08-11T1439Z
5080,Rivero,Cristian Rivero,Valencia,-3,0,0.000,2025-26,2026-08-11T1439Z
6174,Danjuma,Arnaut Danjuma,Valencia,126,30,4.200,2025-26,2026-08-11T1439Z
6665,Rioja,Luis Rioja,Valencia,191,37,5.160,2025-26,2026-08-11T1439Z
8684,Jesús Vázquez,Jesús Vázquez,Valencia,64,24,2.670,2025-26,2026-08-11T1439Z
9124,Cömert,Eray Cömert,Valencia,93,17,5.470,2025-26,2026-08-11T1439Z
9213,Agirrezabala,Julen Agirrezabala,Valencia,104,18,5.780,2025-26,2026-08-11T1439Z
9234,Copete,José Manuel Copete,Valencia,76,21,3.620,2025-26,2026-08-11T1439Z
9304,Diego López,Diego López,Valencia,121,34,3.560,2025-26,2026-08-11T1439Z
9762,Tárrega,César Tárrega,Valencia,127,32,3.970,2025-26,2026-08-11T1439Z
9796,Iranzo,Rubén Iranzo,Valencia,2,1,2.000,2025-26,2026-08-11T1439Z
9927,Javi Guerra,Javi Guerra,Valencia,171,36,4.750,2025-26,2026-08-11T1439Z
10533,Almeida,André Almeida,Valencia,91,22,4.140,2025-26,2026-08-11T1439Z
11289,Santamaria,Baptiste Santamaria,Valencia,58,19,3.050,2025-26,2026-08-11T1439Z
12025,Ugrinic,Filip Ugrinic,Valencia,114,27,4.220,2025-26,2026-08-11T1439Z
12594,Otorbi,David Otorbi,Valencia,0,0,0.000,2025-26,2026-08-11T1439Z
13007,Abril,Vicent Abril,Valencia,0,0,0.000,2025-26,2026-08-11T1439Z
15000,Pablo López,Pablo López,Valencia,0,0,0.000,2025-26,2026-08-11T1439Z
16018,Blázquez,Aimar Blázquez,Valencia,0,0,0.000,2025-26,2026-08-11T1439Z
989,Dimitrievski,Stole Dimitrievski,Valencia,118,20,5.900,2025-26,2026-08-11T1439Z
7934,Ramazani,Largie Ramazani,Valencia,114,27,4.220,2025-26,2026-08-11T1439Z
15413,Lucas Núñez,Lucas Núñez,Valencia,0,0,0.000,2025-26,2026-08-11T1439Z
16317,Navarro,Marcos Navarro,Valencia,0,0,0.000,2025-26,2026-08-11T1439Z
11685,Navarro,Javier Navarro,Valencia,0,0,0.000,2025-26,2026-08-11T1439Z
7294,Thierry,Thierry Correia,Valencia,61,24,2.540,2025-26,2026-08-11T1439Z
11833,Beltrán,Lucas Beltrán,Valencia,90,27,3.330,2025-26,2026-08-11T1439Z
8294,Sadiq,Umar Sadiq,Valencia,94,25,3.760,2025-26,2026-08-11T1439Z
16017,Panach,Alejandro Panach,Valencia,0,0,0.000,2025-26,2026-08-11T1439Z
16015,Caro,Andrés Caro,Valencia,0,0,0.000,2025-26,2026-08-11T1439Z
16874,Fontanet,Joel Fontanet,Valencia,0,0,0.000,2025-26,2026-08-11T1439Z
3785,U. Núñez,Unai Núñez,Valencia,48,13,3.690,2025-26,2026-08-11T1439Z
7676,Guido,Guido Rodríguez,Valencia,88,16,5.500,2025-26,2026-08-11T1439Z
7860,Pere,Pere Joan García,Valencia,0,0,0.000,2025-26,2026-08-11T1439Z
17376,Mayol,Aaron Ndive Mayol,Valencia,0,0,0.000,2025-26,2026-08-11T1439Z
10012,Saravia,Renzo Saravia,Valencia,12,5,2.400,2025-26,2026-08-11T1439Z
17585,Rubi,Rubi Muñoz,Valencia,0,0,0.000,2025-26,2026-08-11T1439Z
5587,Pedrosa,Adrià Pedrosa,Elche,59,27,2.190,2025-26,2026-08-11T1439Z
6289,Peña,Iñaki Peña,Elche,102,16,6.380,2025-26,2026-08-11T1439Z
404,Bigas,Pedro Bigas,Elche,131,28,4.680,2025-26,2026-08-11T1439Z
2401,André Silva,André Silva,Elche,145,31,4.680,2025-26,2026-08-11T1439Z
2687,Rafa Mir,Rafa Mir,Elche,121,27,4.480,2025-26,2026-08-11T1439Z
5022,Bambo,Bambo Diaby,Elche,3,4,0.750,2025-26,2026-08-11T1439Z
5701,Jairo I.,Jairo Izquierdo,Elche,2,1,2.000,2025-26,2026-08-11T1439Z
6885,Febas,Aleix Febas,Elche,173,36,4.810,2025-26,2026-08-11T1439Z
7658,Valera,Germán Valera,Elche,207,36,5.750,2025-26,2026-08-11T1439Z
8254,Mourad,Mourad Daoudi,Elche,4,2,2.000,2025-26,2026-08-11T1439Z
8273,Chust,Víctor Chust,Elche,96,31,3.100,2025-26,2026-08-11T1439Z
8680,John C.,John Chetauya,Elche,38,21,1.810,2025-26,2026-08-11T1439Z
8816,Affengruber,David Affengruber,Elche,168,36,4.670,2025-26,2026-08-11T1439Z
9161,Dituro,Matías Dituro,Elche,137,22,6.230,2025-26,2026-08-11T1439Z
9759,Iturbe,Alejandro Iturbe,Elche,0,0,0.000,2025-26,2026-08-11T1439Z
10237,Mendoza,Rodrigo Mendoza,Elche,73,24,3.040,2025-26,2026-08-11T1439Z
10358,Aguado,Marc Aguado,Elche,145,35,4.140,2025-26,2026-08-11T1439Z
10859,Alvaro R.,Alvaro Rodríguez,Elche,154,34,4.530,2025-26,2026-08-11T1439Z
11767,Á. Núñez,Álvaro Núñez,Elche,125,25,5.000,2025-26,2026-08-11T1439Z
13883,Martim Neto,Martim Neto,Elche,125,25,5.000,2025-26,2026-08-11T1439Z
14118,Ali Houary,Ali Houary,Elche,7,2,3.500,2025-26,2026-08-11T1439Z
14832,Niculaesei,Albert Niculaesei,Elche,0,0,0.000,2025-26,2026-08-11T1439Z
15505,Redondo,Federico Redondo,Elche,18,11,1.640,2025-26,2026-08-11T1439Z
16014,Martínez Bastida,Antonio Martínez Bastida,Elche,0,0,0.000,2025-26,2026-08-11T1439Z
16160,Pétrot,Léo Pétrot,Elche,69,32,2.160,2025-26,2026-08-11T1439Z
1859,Josan,Josan Ferrández,Elche,75,19,3.950,2025-26,2026-08-11T1439Z
5194,Diangana,Grady Diangana,Elche,48,20,2.400,2025-26,2026-08-11T1439Z
11577,Fort,Héctor Fort,Elche,55,14,3.930,2025-26,2026-08-11T1439Z
12922,Adam Boayar,Adam Boayar,Elche,19,7,2.710,2025-26,2026-08-11T1439Z
11562,Santiago,Yago Santiago,Elche,20,9,2.220,2025-26,2026-08-11T1439Z
16767,Delgado,David Delgado,Elche,0,0,0.000,2025-26,2026-08-11T1439Z
16937,Piri,Piri,Elche,0,0,0.000,2025-26,2026-08-11T1439Z
17189,Bema Sina,Bema Sina,Elche,0,0,0.000,2025-26,2026-08-11T1439Z
17190,Álex Sánchez,Álex Sánchez,Elche,6,1,6.000,2025-26,2026-08-11T1439Z
16936,Nico Salvador,Nico Salvador,Elche,0,0,0.000,2025-26,2026-08-11T1439Z
17248,Cepeda,Lucas Cepeda,Elche,32,10,3.200,2025-26,2026-08-11T1439Z
17289,Herraiz,Alex Herraiz,Elche,0,0,0.000,2025-26,2026-08-11T1439Z
5227,Villar,Gonzalo Villar,Elche,42,12,3.500,2025-26,2026-08-11T1439Z
6882,Tete Morente,Tete Morente,Elche,56,13,4.310,2025-26,2026-08-11T1439Z
12878,Sangaré,Buba Sangaré,Elche,20,12,1.670,2025-26,2026-08-11T1439Z
16011,Pablo Felipe,Pablo Felipe,Elche,0,0,0.000,2025-26,2026-08-11T1439Z
17570,Piera,Juan Piera,Elche,0,0,0.000,2025-26,2026-08-11T1439Z
137,Parejo,Dani Parejo,Villarreal,95,32,2.970,2025-26,2026-08-11T1439Z
767,Thomas,Thomas Teye,Villarreal,68,25,2.720,2025-26,2026-08-11T1439Z
843,Gerard,Gerard Moreno,Villarreal,140,22,6.360,2025-26,2026-08-11T1439Z
1978,Pedraza,Alfonso Pedraza,Villarreal,104,27,3.850,2025-26,2026-08-11T1439Z
4705,Foyth,Juan Foyth,Villarreal,63,13,4.850,2025-26,2026-08-11T1439Z
5549,Comesaña,Santi Comesaña,Villarreal,175,34,5.150,2025-26,2026-08-11T1439Z
7209,Pépé,Nicolas Pépé,Villarreal,251,36,6.970,2025-26,2026-08-11T1439Z
8413,Pape Gueye,Pape Gueye,Villarreal,169,30,5.630,2025-26,2026-08-11T1439Z
8498,Yéremi,Yéremi Pino,Villarreal,14,2,7.000,2025-26,2026-08-11T1439Z
9763,Akhomach,Ilias Akhomach,Villarreal,62,20,3.100,2025-26,2026-08-11T1439Z
9844,Rafa Marín,Rafa Marín,Villarreal,124,23,5.390,2025-26,2026-08-11T1439Z
9989,S. Cardona,Sergi Cardona,Villarreal,123,31,3.970,2025-26,2026-08-11T1439Z
9990,Moleiro,Alberto Moleiro,Villarreal,218,37,5.890,2025-26,2026-08-11T1439Z
10326,Etta Eyong,Karl Etta Eyong,Villarreal,133,33,4.030,2025-26,2026-08-11T1439Z
10357,Altimira,Adrià Altimira,Villarreal,2,1,2.000,2025-26,2026-08-11T1439Z
10638,Buchanan,Tajon Buchanan,Villarreal,149,34,4.380,2025-26,2026-08-11T1439Z
11678,Mouriño,Santiago Mouriño,Villarreal,127,28,4.540,2025-26,2026-08-11T1439Z
12860,Pau Navarro,Pau Navarro,Villarreal,89,23,3.870,2025-26,2026-08-11T1439Z
13032,Cabanes,Pau Cabanes,Villarreal,2,1,2.000,2025-26,2026-08-11T1439Z
14125,Luiz Junior,Luiz Junior,Villarreal,200,28,7.140,2025-26,2026-08-11T1439Z
14812,Rubén Gómez,Rubén Gómez,Villarreal,0,0,0.000,2025-26,2026-08-11T1439Z
14816,Valou,Jean Ives Valou,Villarreal,0,0,0.000,2025-26,2026-08-11T1439Z
10114,Veiga,Renato Veiga,Villarreal,119,32,3.720,2025-26,2026-08-11T1439Z
8703,Alfon,Alfonso González,Villarreal,58,20,2.900,2025-26,2026-08-11T1439Z
7554,Conde,Diego Conde,Villarreal,0,0,0.000,2025-26,2026-08-11T1439Z
7569,Tenas,Arnau Tenas,Villarreal,50,10,5.000,2025-26,2026-08-11T1439Z
13440,Oluwaseyi,Tani Oluwaseyi,Villarreal,80,27,2.960,2025-26,2026-08-11T1439Z
16319,Hugo López,Hugo López,Villarreal,3,2,1.500,2025-26,2026-08-11T1439Z
4511,Ayoze,Ayoze Pérez,Villarreal,102,25,4.080,2025-26,2026-08-11T1439Z
7395,Solomon,Manor Solomon,Villarreal,28,6,4.670,2025-26,2026-08-11T1439Z
12139,Mikautadze,Georges Mikautadze,Villarreal,207,32,6.470,2025-26,2026-08-11T1439Z
10769,Sierra,Ismael Sierra,Villarreal,0,0,0.000,2025-26,2026-08-11T1439Z
16201,Barry,Mahamoud Barry,Villarreal,0,0,0.000,2025-26,2026-08-11T1439Z
14022,Diatta,Alassane Diatta,Villarreal,4,1,4.000,2025-26,2026-08-11T1439Z
16938,Carlos Macià,Carlos Macià,Villarreal,6,5,1.200,2025-26,2026-08-11T1439Z
17119,Gaitán,Joselillo Gaitán,Villarreal,0,0,0.000,2025-26,2026-08-11T1439Z
17275,Freeman,Alex Freeman,Villarreal,26,9,2.890,2025-26,2026-08-11T1439Z
12634,Kambwala,Willy Kambwala,Villarreal,3,2,1.500,2025-26,2026-08-11T1439Z
12354,Logan Costa,Logan Costa,Villarreal,4,2,2.000,2025-26,2026-08-11T1439Z
33,Raúl F.,Raúl Fernández,Alavés,0,0,0.000,2025-26,2026-08-11T1439Z
189,Jonny,Jonny Castro,Alavés,95,34,2.790,2025-26,2026-08-11T1439Z
1059,Sivera,Antonio Sivera,Alavés,171,38,4.500,2025-26,2026-08-11T1439Z
1778,Denis Suárez,Denis Suárez,Alavés,97,30,3.230,2025-26,2026-08-11T1439Z
2759,Aleñá,Carles Aleñá,Alavés,127,34,3.740,2025-26,2026-08-11T1439Z
3226,Mariano,Mariano Díaz,Alavés,18,10,1.800,2025-26,2026-08-11T1439Z
3736,Guridi,Jon Guridi,Alavés,68,28,2.430,2025-26,2026-08-11T1439Z
3802,Guevara,Ander Guevara,Alavés,64,25,2.560,2025-26,2026-08-11T1439Z
4715,Maras,Nikola Maras,Alavés,0,0,0.000,2025-26,2026-08-11T1439Z
5032,Toni Martinez,Toni Martinez,Alavés,217,37,5.860,2025-26,2026-08-11T1439Z
7725,Pacheco,Jon Pacheco,Alavés,71,22,3.230,2025-26,2026-08-11T1439Z
8737,Blanco,Antonio Blanco,Alavés,159,36,4.420,2025-26,2026-08-11T1439Z
9909,Tenaglia,Nahuel Tenaglia,Alavés,173,36,4.810,2025-26,2026-08-11T1439Z
10258,Ibáñez,Pablo Ibáñez,Alavés,130,37,3.510,2025-26,2026-08-11T1439Z
10448,Protesoni,Carlos Benavidez,Alavés,26,13,2.000,2025-26,2026-08-11T1439Z
10476,Rebbach,Abde Rebbach,Alavés,113,30,3.770,2025-26,2026-08-11T1439Z
11765,Carlos Vicente,Carlos Vicente,Alavés,112,21,5.330,2025-26,2026-08-11T1439Z
12355,Diarra,Moussa Diarra,Alavés,7,3,2.330,2025-26,2026-08-11T1439Z
12560,Parada,Victor Parada,Alavés,85,30,2.830,2025-26,2026-08-11T1439Z
14045,Garcés,Facundo Garcés,Alavés,43,10,4.300,2025-26,2026-08-11T1439Z
14935,Youssef,Youssef Enríquez,Alavés,72,25,2.880,2025-26,2026-08-11T1439Z
15423,Pinillos,Lander Pinillos,Alavés,1,1,1.000,2025-26,2026-08-11T1439Z
16200,Calebe,Calebe Gonçalves,Alavés,52,19,2.740,2025-26,2026-08-11T1439Z
15133,Swiderski,Grégoire Swiderski,Alavés,0,0,0.000,2025-26,2026-08-11T1439Z
12479,Montero,Rúben Montero,Alavés,0,0,0.000,2025-26,2026-08-11T1439Z
5124,Boyé,Lucas Boyé,Alavés,152,29,5.240,2025-26,2026-08-11T1439Z
11788,Egoitz,Egoitz Muñoz,Alavés,0,0,0.000,2025-26,2026-08-11T1439Z
9905,A. Moreno,Alberto Moreno,Alavés,0,0,0.000,2025-26,2026-08-11T1439Z
16757,Morcillo,Diego Morcillo,Alavés,1,1,1.000,2025-26,2026-08-11T1439Z
16758,Ballestero,Carlos Ballestero,Alavés,1,1,1.000,2025-26,2026-08-11T1439Z
16920,Izei,Izei Hernández,Alavés,0,0,0.000,2025-26,2026-08-11T1439Z
12925,Aitor Mañas,Aitor Mañas,Alavés,15,9,1.670,2025-26,2026-08-11T1439Z
16931,Oláiz,Xanet Oláiz,Alavés,0,0,0.000,2025-26,2026-08-11T1439Z
15127,Ángel Pérez,Ángel Pérez,Alavés,80,16,5.000,2025-26,2026-08-11T1439Z
9792,Diabaté,Ibrahim Diabate,Alavés,37,10,3.700,2025-26,2026-08-11T1439Z
17284,Koski,Ville Koski,Alavés,23,5,4.600,2025-26,2026-08-11T1439Z
12478,Paco Sanz,Paco Sanz,Alavés,0,0,0.000,2025-26,2026-08-11T1439Z
658,David López,David López,Girona,9,6,1.500,2025-26,2026-08-11T1439Z
664,Portu,Cristian Portu,Girona,16,10,1.600,2025-26,2026-08-11T1439Z
1382,Blind,Daley Blind,Girona,146,31,4.710,2025-26,2026-08-11T1439Z
1833,Juan Carlos,Juan Carlos Martín,Girona,0,0,0.000,2025-26,2026-08-11T1439Z
2827,Krejcí,Ladislav Krejcí,Girona,-2,2,-1.000,2025-26,2026-08-11T1439Z
3427,Lemar,Thomas Lemar,Girona,117,27,4.330,2025-26,2026-08-11T1439Z
3524,Tsygankov,Viktor Tsygankov,Girona,188,32,5.880,2025-26,2026-08-11T1439Z
4516,Gazzaniga,Paulo Gazzaniga,Girona,201,35,5.740,2025-26,2026-08-11T1439Z
6446,Herrera,Yangel Herrera,Girona,18,14,1.290,2025-26,2026-08-11T1439Z
6563,Iván Martín,Iván Martín,Girona,148,35,4.230,2025-26,2026-08-11T1439Z
7993,Francés,Alejandro Francés,Girona,87,24,3.630,2025-26,2026-08-11T1439Z
9218,Arnau,Arnau Martínez,Girona,190,35,5.430,2025-26,2026-08-11T1439Z
9924,Asprilla,Yaser Asprilla,Girona,50,15,3.330,2025-26,2026-08-11T1439Z
10272,Roca,Joel Roca,Girona,103,32,3.220,2025-26,2026-08-11T1439Z
11677,Rincón,Hugo Rincón,Girona,87,33,2.640,2025-26,2026-08-11T1439Z
11888,Solís,Jhon Solís,Girona,20,12,1.670,2025-26,2026-08-11T1439Z
13177,Miovski,Bojan Miovski,Girona,0,1,0.000,2025-26,2026-08-11T1439Z
14811,Papa Ba,Papa Dame Ba,Girona,0,0,0.000,2025-26,2026-08-11T1439Z
14950,Krapyvtsov,Vladyslav Krapyvtsov,Girona,3,2,1.500,2025-26,2026-08-11T1439Z
15123,Vitor Reis,Vitor Reis,Girona,178,36,4.940,2025-26,2026-08-11T1439Z
5547,Beltrán,Fran Beltrán,Girona,100,27,3.700,2025-26,2026-08-11T1439Z
626,Stuani,Christian Stuani,Girona,61,21,2.900,2025-26,2026-08-11T1439Z
1708,Witsel,Axel Witsel,Girona,149,32,4.660,2025-26,2026-08-11T1439Z
1825,Álex Moreno,Álex Moreno,Girona,120,31,3.870,2025-26,2026-08-11T1439Z
11357,Dawda,Dawda Camara,Girona,2,2,1.000,2025-26,2026-08-11T1439Z
16163,Gibert,Gibert Jordana,Girona,0,0,0.000,2025-26,2026-08-11T1439Z
3589,Livakovic,Dominik Livakovic,Girona,0,0,0.000,2025-26,2026-08-11T1439Z
6209,Van de Beek,Donny van de Beek,Girona,4,2,2.000,2025-26,2026-08-11T1439Z
6436,Bryan Gil,Bryan Gil,Girona,106,29,3.660,2025-26,2026-08-11T1439Z
6538,Abel Ruiz,Abel Ruiz,Girona,18,9,2.000,2025-26,2026-08-11T1439Z
8930,Vanat,Vladyslav Vanat,Girona,130,27,4.810,2025-26,2026-08-11T1439Z
10960,Ounahi,Azzedine Ounahi,Girona,179,24,7.460,2025-26,2026-08-11T1439Z
14831,Andreev,Aleksandar Andreev,Girona,0,0,0.000,2025-26,2026-08-11T1439Z
16162,Lass,Lass Kourouma,Girona,0,5,0.000,2025-26,2026-08-11T1439Z
16753,Sarasa,Javier Sarasa,Girona,0,0,0.000,2025-26,2026-08-11T1439Z
16790,Pol Arnau,Pol Arnau,Girona,0,0,0.000,2025-26,2026-08-11T1439Z
16791,Salguero,Antonio Salguero,Girona,0,0,0.000,2025-26,2026-08-11T1439Z
12601,Arango,Juan Arango,Girona,3,2,1.500,2025-26,2026-08-11T1439Z
1263,Ter Stegen,Marc-André ter Stegen,Girona,12,2,6.000,2025-26,2026-08-11T1439Z
15062,Echeverri,Claudio Echeverri,Girona,52,17,3.060,2025-26,2026-08-11T1439Z
188,Rubén,Rubén Blanco,Girona,0,0,0.000,2025-26,2026-08-11T1439Z
9994,Artero,Ricard Artero,Girona,0,0,0.000,2025-26,2026-08-11T1439Z
328,Cazorla,Santi Cazorla,Real Oviedo,80,28,2.860,2025-26,2026-08-11T1439Z
339,Rondón,Salomón Rondón,Real Oviedo,52,16,3.250,2025-26,2026-08-11T1439Z
1071,Aarón,Aarón Escandell,Real Oviedo,256,36,7.110,2025-26,2026-08-11T1439Z
2721,Calvo,Dani Calvo,Real Oviedo,100,20,5.000,2025-26,2026-08-11T1439Z
3742,Nacho Vidal,Nacho Vidal,Real Oviedo,106,29,3.660,2025-26,2026-08-11T1439Z
6783,Sibo,Kwasi Sibo,Real Oviedo,75,26,2.880,2025-26,2026-08-11T1439Z
6981,Borja Sánchez,Borja Sánchez,Real Oviedo,2,1,2.000,2025-26,2026-08-11T1439Z
7915,Luengo,Oier Luengo,Real Oviedo,6,3,2.000,2025-26,2026-08-11T1439Z
7926,L. Ilic,Luka Ilic,Real Oviedo,40,19,2.110,2025-26,2026-08-11T1439Z
9283,Hassan,Haissem Hassan,Real Oviedo,125,37,3.380,2025-26,2026-08-11T1439Z
11580,Chaira,Ilyas Chaira,Real Oviedo,162,36,4.500,2025-26,2026-08-11T1439Z
11756,Reina,Alberto Reina,Real Oviedo,158,37,4.270,2025-26,2026-08-11T1439Z
11924,Cardero,Álex Cardero,Real Oviedo,0,0,0.000,2025-26,2026-08-11T1439Z
12706,Moldovan,Horatiu Moldovan,Real Oviedo,7,2,3.500,2025-26,2026-08-11T1439Z
12945,Marco Esteban,Marco Esteban,Real Oviedo,2,1,2.000,2025-26,2026-08-11T1439Z
14000,Alhassane,Rahim Alhassane,Real Oviedo,72,27,2.670,2025-26,2026-08-11T1439Z
14156,Viñas,Federico Viñas,Real Oviedo,167,33,5.060,2025-26,2026-08-11T1439Z
14773,Narvaez,Miguel Narvaez,Real Oviedo,0,0,0.000,2025-26,2026-08-11T1439Z
15349,Falah,Omar Falah,Real Oviedo,2,1,2.000,2025-26,2026-08-11T1439Z
15427,Gueye,Lamine Gueye,Real Oviedo,0,0,0.000,2025-26,2026-08-11T1439Z
16001,Brandon,Brandon Dominguès,Real Oviedo,0,0,0.000,2025-26,2026-08-11T1439Z
16227,Cheli,Cheli Pereda,Real Oviedo,0,0,0.000,2025-26,2026-08-11T1439Z
16228,Ejaria,Ovie Ejaria,Real Oviedo,19,8,2.380,2025-26,2026-08-11T1439Z
935,Costas,David Costas,Real Oviedo,117,25,4.680,2025-26,2026-08-11T1439Z
1923,Bailly,Eric Bailly,Real Oviedo,70,15,4.670,2025-26,2026-08-11T1439Z
4793,Dendoncker,Leander Dendoncker,Real Oviedo,61,19,3.210,2025-26,2026-08-11T1439Z
7055,Colombatto,Santiago Colombatto,Real Oviedo,108,32,3.380,2025-26,2026-08-11T1439Z
9017,Brekalo,Josip Brekalo,Real Oviedo,29,14,2.070,2025-26,2026-08-11T1439Z
12656,Forés,Alex Forés,Real Oviedo,33,18,1.830,2025-26,2026-08-11T1439Z
10041,Carmo,David Carmo,Real Oviedo,95,22,4.320,2025-26,2026-08-11T1439Z
6977,Ahijado,Lucas Ahijado,Real Oviedo,49,20,2.450,2025-26,2026-08-11T1439Z
7781,Javi López,Javi López,Real Oviedo,85,25,3.400,2025-26,2026-08-11T1439Z
16788,Agudín,Pablo Agudín,Real Oviedo,3,7,0.430,2025-26,2026-08-11T1439Z
16226,Espi,Diego Espinosa,Real Oviedo,0,0,0.000,2025-26,2026-08-11T1439Z
16973,Cheli,Cheli Pereda,Real Oviedo,0,0,0.000,2025-26,2026-08-11T1439Z
12955,Diego Menéndez,Diego Menéndez,Real Oviedo,0,0,0.000,2025-26,2026-08-11T1439Z
15674,Fonseca,Nicolás Fonseca,Real Oviedo,45,19,2.370,2025-26,2026-08-11T1439Z
17115,Borbas,Thiago Borbas,Real Oviedo,15,12,1.250,2025-26,2026-08-11T1439Z
17116,Thiago,Thiago Fernández,Real Oviedo,64,16,4.000,2025-26,2026-08-11T1439Z
17449,Adri,Adri Fernández,Real Oviedo,0,0,0.000,2025-26,2026-08-11T1439Z
132,Canales,Sergio Canales,Racing,0,0,0.000,2026-27,2026-08-16T0917Z
189,Jonny,Jonny Castro,Alavés,7,1,7.000,2026-27,2026-08-16T0917Z
863,Lejeune,Florian Lejeune,Rayo,1,1,1.000,2026-27,2026-08-16T0917Z
867,Álvaro García,Álvaro García,Rayo,8,1,8.000,2026-27,2026-08-16T0917Z
899,Mojica,Johan Mojica,Getafe,0,0,0.000,2026-27,2026-08-16T0917Z
1059,Sivera,Antonio Sivera,Alavés,12,1,12.000,2026-27,2026-08-16T0917Z
1778,Denis Suárez,Denis Suárez,Alavés,2,1,2.000,2026-27,2026-08-16T0917Z
1881,Unai López,Unai López,Rayo,4,1,4.000,2026-27,2026-08-16T0917Z
1919,Soria,David Soria,Getafe,4,1,4.000,2026-27,2026-08-16T0917Z
1989,Mayoral,Borja Mayoral,Getafe,0,0,0.000,2026-27,2026-08-16T0917Z
2759,Aleñá,Carles Aleñá,Alavés,2,1,2.000,2026-27,2026-08-16T0917Z
3178,Femenia,Kiko Femenia,Getafe,-1,1,-1.000,2026-27,2026-08-16T0917Z
3226,Mariano,Mariano Díaz,Alavés,17,1,17.000,2026-27,2026-08-16T0917Z
3623,Pedro Díaz,Pedro Díaz,Rayo,4,1,4.000,2026-27,2026-08-16T0917Z
3671,Villalibre,Asier Villalibre,Racing,0,0,0.000,2026-27,2026-08-16T0917Z
3736,Guridi,Jon Guridi,Sevilla,9,1,9.000,2026-27,2026-08-16T0917Z
3751,Enes Ünal,Enes Ünal,Getafe,0,1,0.000,2026-27,2026-08-16T0917Z
3802,Guevara,Ander Guevara,Alavés,1,1,1.000,2026-27,2026-08-16T0917Z
3836,Hernando,Manu Hernando,Racing,0,0,0.000,2026-27,2026-08-16T0917Z
3881,Djené,Dakonam Djené,Getafe,3,1,3.000,2026-27,2026-08-16T0917Z
5032,Toni Martinez,Toni Martinez,Alavés,8,1,8.000,2026-27,2026-08-16T0917Z
5083,Abqar,Abdel Abqar,Getafe,2,1,2.000,2026-27,2026-08-16T0917Z
5124,Boyé,Lucas Boyé,Alavés,0,0,0.000,2026-27,2026-08-16T0917Z
6235,Vlachodimos,Odysseas Vlachodimos,Sevilla,6,1,6.000,2026-27,2026-08-16T0917Z
6442,Iñigo Vicente,Iñigo Vicente,Racing,0,0,0.000,2026-27,2026-08-16T0917Z
6560,Ratiu,Andrei Ratiu,Rayo,4,1,4.000,2026-27,2026-08-16T0917Z
6562,Camello,Sergio Camello,Rayo,2,1,2.000,2026-27,2026-08-16T0917Z
6633,De Frutos,Jorge de Frutos,Rayo,3,1,3.000,2026-27,2026-08-16T0917Z
6853,Nteka,Randy Nteka,Rayo,2,1,2.000,2026-27,2026-08-16T0917Z
6889,Valentín,Óscar Valentín,Rayo,5,1,5.000,2026-27,2026-08-16T0917Z
6890,Andrés Martín,Andrés Martín,Racing,0,0,0.000,2026-27,2026-08-16T0917Z
6957,Isi,Isi Palazón,Rayo,3,1,3.000,2026-27,2026-08-16T0917Z
7249,Agoume,Lucien Agoume,Sevilla,3,1,3.000,2026-27,2026-08-16T0917Z
7251,Balliu,Iván Balliu,Rayo,-2,1,-2.000,2026-27,2026-08-16T0917Z
7307,Pathé Ciss,Pathé Ciss,Rayo,5,1,5.000,2026-27,2026-08-16T0917Z
7570,Cárdenas,Dani Cárdenas,Rayo,0,0,0.000,2026-27,2026-08-16T0917Z
7902,Novoa,Hugo Novoa,Alavés,0,0,0.000,2026-27,2026-08-16T0917Z
8080,Miguel,Miguel Rodríguez,Alavés,0,0,0.000,2026-27,2026-08-16T0917Z
8496,Satriano,Martín Satriano,Getafe,3,1,3.000,2026-27,2026-08-16T0917Z
8634,Rafa,Rafael Romero,Sevilla,0,0,0.000,2026-27,2026-08-16T0917Z
8686,Iglesias,Juan Iglesias,Sevilla,4,1,4.000,2026-27,2026-08-16T0917Z
8737,Blanco,Antonio Blanco,Alavés,4,1,4.000,2026-27,2026-08-16T0917Z
8944,Terrats,Ramón Terrats,Getafe,2,1,2.000,2026-27,2026-08-16T0917Z
8972,Pablo Ramón,Pablo Ramón,Racing,0,0,0.000,2026-27,2026-08-16T0917Z
9125,Vargas,Rubén Vargas,Sevilla,2,1,2.000,2026-27,2026-08-16T0917Z
9213,Agirrezabala,Julen Agirrezabala,Racing,0,0,0.000,2026-27,2026-08-16T0917Z
9317,Carmona,José Ángel Carmona,Sevilla,0,0,0.000,2026-27,2026-08-16T0917Z
9897,Adrián,Adrián Rodríguez,Alavés,0,0,0.000,2026-27,2026-08-16T0917Z
9909,Tenaglia,Nahuel Tenaglia,Alavés,17,1,17.000,2026-27,2026-08-16T0917Z
9930,Arana,Juan Carlos Arana,Racing,0,0,0.000,2026-27,2026-08-16T0917Z
9931,Kike Salas,Kike Salas,Sevilla,1,1,1.000,2026-27,2026-08-16T0917Z
10209,Facu González,Facundo González,Racing,0,0,0.000,2026-27,2026-08-16T0917Z
10210,Fran Pérez,Fran Pérez,Rayo,0,1,0.000,2026-27,2026-08-16T0917Z
10258,Ibáñez,Pablo Ibáñez,Alavés,5,1,5.000,2026-27,2026-08-16T0917Z
10336,Mantilla,Álvaro Mantilla,Racing,0,0,0.000,2026-27,2026-08-16T0917Z
10338,Sainz-Maza,Íñigo Sainz-Maza,Racing,0,0,0.000,2026-27,2026-08-16T0917Z
10341,Peque,Peque,Sevilla,9,1,9.000,2026-27,2026-08-16T0917Z
10448,Protesoni,Carlos Benavidez,Alavés,0,0,0.000,2026-27,2026-08-16T0917Z
10463,Mangala,Orel Mangala,Getafe,4,1,4.000,2026-27,2026-08-16T0917Z
10476,Rebbach,Abde Rebbach,Alavés,4,1,4.000,2026-27,2026-08-16T0917Z
11180,Manu Bueno,Manu Bueno,Sevilla,2,1,2.000,2026-27,2026-08-16T0917Z
11202,Mario Martín,Mario Martín,Getafe,4,1,4.000,2026-27,2026-08-16T0917Z
11554,Fran González,Fran González,Sevilla,0,0,0.000,2026-27,2026-08-16T0917Z
11680,Romero,Isaac Romero,Sevilla,0,1,0.000,2026-27,2026-08-16T0917Z
11758,Alemão,Alemão,Rayo,0,1,0.000,2026-27,2026-08-16T0917Z
11905,Sazonov,Saba Sazonov,Getafe,-1,1,-1.000,2026-27,2026-08-16T0917Z
11916,Andrés García,Andrés García,Getafe,2,1,2.000,2026-27,2026-08-16T0917Z
12042,Ejuke,Chidera Ejuke,Sevilla,1,1,1.000,2026-27,2026-08-16T0917Z
12079,Puerta,Gustavo Puerta,Racing,0,0,0.000,2026-27,2026-08-16T0917Z
12355,Diarra,Moussa Diarra,Alavés,0,0,0.000,2026-27,2026-08-16T0917Z
12358,Suazo,Gabriel Suazo,Sevilla,0,1,0.000,2026-27,2026-08-16T0917Z
12590,Ibra,Ibrahima Sow,Sevilla,0,0,0.000,2026-27,2026-08-16T0917Z
12596,Oso,Joaquín Oso,Sevilla,1,1,1.000,2026-27,2026-08-16T0917Z
12651,Batalla,Augusto Batalla,Rayo,5,1,5.000,2026-27,2026-08-16T0917Z
12917,Risco,Alberto Risco,Getafe,0,1,0.000,2026-27,2026-08-16T0917Z
12925,Aitor Mañas,Aitor Mañas,Alavés,2,1,2.000,2026-27,2026-08-16T0917Z
13801,Pelayo,Pelayo Fernández,Rayo,0,1,0.000,2026-27,2026-08-16T0917Z
13812,Lozano,Sergio José Lozano,Rayo,0,0,0.000,2026-27,2026-08-16T0917Z
13814,De la Sías,Marco de la Sías,Rayo,0,0,0.000,2026-27,2026-08-16T0917Z
13865,Guillén,Nico Guillén,Sevilla,0,1,0.000,2026-27,2026-08-16T0917Z
13876,Ferrer,Diego Ferrer,Getafe,0,0,0.000,2026-27,2026-08-16T0917Z
13877,Letácek,Jiri Letácek,Getafe,0,0,0.000,2026-27,2026-08-16T0917Z
13888,Castrín,Andrés Castrín,Sevilla,0,0,0.000,2026-27,2026-08-16T0917Z
14004,Vertrouwd,Jozhua Vertrouwd,Rayo,0,0,0.000,2026-27,2026-08-16T0917Z
14105,Salinas,Jorge Salinas,Racing,0,0,0.000,2026-27,2026-08-16T0917Z
14155,Maguette,Maguette Gueye,Racing,0,0,0.000,2026-27,2026-08-16T0917Z
14210,Romero,Zaid Romero,Getafe,4,1,4.000,2026-27,2026-08-16T0917Z
14816,Valou,Jean Ives Valou,Getafe,0,1,0.000,2026-27,2026-08-16T0917Z
14866,Diego Diaz,Diego Diaz,Racing,0,0,0.000,2026-27,2026-08-16T0917Z
14935,Youssef,Youssef Enríquez,Alavés,3,1,3.000,2026-27,2026-08-16T0917Z
15033,Eriksson,Simon Eriksson,Racing,0,0,0.000,2026-27,2026-08-16T0917Z
15127,Ángel Pérez,Ángel Pérez,Alavés,5,1,5.000,2026-27,2026-08-16T0917Z
15133,Swiderski,Grégoire Swiderski,Alavés,0,0,0.000,2026-27,2026-08-16T0917Z
16004,Davinchi,Davinchi,Getafe,1,1,1.000,2026-27,2026-08-16T0917Z
16147,Iván Alonso,Iván Alonso,Rayo,0,0,0.000,2026-27,2026-08-16T0917Z
16186,Mikel Rodriguez,Mikel Rodriguez,Alavés,9,1,9.000,2026-27,2026-08-16T0917Z
16198,Altozano,Edu Altozano,Sevilla,0,0,0.000,2026-27,2026-08-16T0917Z
16236,Sierra,Miguel Sierra,Sevilla,7,1,7.000,2026-27,2026-08-16T0917Z
16262,Sergio Martínez,Sergio Martínez,Racing,0,0,0.000,2026-27,2026-08-16T0917Z
16760,Pedro Felipe,Pedro Felipe,Racing,0,0,0.000,2026-27,2026-08-16T0917Z
16931,Oláiz,Xanet Oláiz,Alavés,0,0,0.000,2026-27,2026-08-16T0917Z
16975,Iker Muñoz,Iker Muñoz,Sevilla,0,0,0.000,2026-27,2026-08-16T0917Z
17129,Julio Díaz,Julio Díaz,Sevilla,0,0,0.000,2026-27,2026-08-16T0917Z
17161,Boselli,Sebastián Boselli,Getafe,-1,1,-1.000,2026-27,2026-08-16T0917Z
17284,Koski,Ville Koski,Alavés,8,1,8.000,2026-27,2026-08-16T0917Z
17493,Carlos Sánchez,Carlos Sánchez,Racing,0,0,0.000,2026-27,2026-08-16T0917Z
18014,Sangante,Arouna Sangante,Sevilla,5,1,5.000,2026-27,2026-08-16T0917Z
18048,Román,Marco Román,Rayo,0,0,0.000,2026-27,2026-08-16T0917Z
18218,Vallecillo,Andrés Vallecillo,Racing,0,0,0.000,2026-27,2026-08-16T0917Z
18221,Castellanos,Jorge Castellanos,Racing,0,0,0.000,2026-27,2026-08-16T0917Z
18222,Hugo Pérez,Hugo Pérez,Racing,0,0,0.000,2026-27,2026-08-16T0917Z
18282,Zabiri,Yassir Zabiri,Racing,0,0,0.000,2026-27,2026-08-16T0917Z
18314,Ure,Robbie Ure,Sevilla,0,1,0.000,2026-27,2026-08-16T0917Z
18322,Drammeh,Ebrahima Drammeh,Getafe,0,0,0.000,2026-27,2026-08-16T0917Z
132,Canales,Sergio Canales,Racing,4,1,4.000,2026-27,2026-08-16T2253Z
3671,Villalibre,Asier Villalibre,Racing,1,1,1.000,2026-27,2026-08-16T2253Z
3836,Hernando,Manu Hernando,Racing,4,1,4.000,2026-27,2026-08-16T2253Z
6442,Iñigo Vicente,Iñigo Vicente,Racing,6,1,6.000,2026-27,2026-08-16T2253Z
6890,Andrés Martín,Andrés Martín,Racing,8,1,8.000,2026-27,2026-08-16T2253Z
8972,Pablo Ramón,Pablo Ramón,Racing,3,1,3.000,2026-27,2026-08-16T2253Z
9213,Agirrezabala,Julen Agirrezabala,Racing,5,1,5.000,2026-27,2026-08-16T2253Z
10209,Facu González,Facundo González,Racing,1,1,1.000,2026-27,2026-08-16T2253Z
10336,Mantilla,Álvaro Mantilla,Racing,-1,1,-1.000,2026-27,2026-08-16T2253Z
12079,Puerta,Gustavo Puerta,Racing,5,1,5.000,2026-27,2026-08-16T2253Z
14105,Salinas,Jorge Salinas,Racing,3,1,3.000,2026-27,2026-08-16T2253Z
14155,Maguette,Maguette Gueye,Racing,2,1,2.000,2026-27,2026-08-16T2253Z
14866,Diego Diaz,Diego Diaz,Racing,1,1,1.000,2026-27,2026-08-16T2253Z
16262,Sergio Martínez,Sergio Martínez,Racing,9,1,9.000,2026-27,2026-08-16T2253Z
16760,Pedro Felipe,Pedro Felipe,Racing,2,1,2.000,2026-27,2026-08-16T2253Z
18282,Zabiri,Yassir Zabiri,Racing,0,1,0.000,2026-27,2026-08-16T2253Z
843,Gerard,Gerard Moreno,Villarreal,5,1,5.000,2026-27,2026-08-16T2253Z
1566,Mandi,Aissa Mandi,Levante,0,1,0.000,2026-27,2026-08-16T2253Z
1743,Ryan,Mathew Ryan,Levante,3,1,3.000,2026-27,2026-08-16T2253Z
1927,Pere Milla,Pere Milla,Espanyol,2,1,2.000,2026-27,2026-08-16T2253Z
3106,Gulacsi,Péter Gulácsi,Villarreal,0,0,0.000,2026-27,2026-08-16T2253Z
3738,Edu Expósito,Edu Expósito,Espanyol,6,1,6.000,2026-27,2026-08-16T2253Z
3759,Dmitrovic,Marko Dmitrovic,Espanyol,11,1,11.000,2026-27,2026-08-16T2253Z
3785,U. Núñez,Unai Núñez,Espanyol,10,1,10.000,2026-27,2026-08-16T2253Z
3879,Lozano,Pol Lozano,Espanyol,2,1,2.000,2026-27,2026-08-16T2253Z
4511,Ayoze,Ayoze Pérez,Villarreal,1,1,1.000,2026-27,2026-08-16T2253Z
4705,Foyth,Juan Foyth,Villarreal,4,1,4.000,2026-27,2026-08-16T2253Z
4976,Toljan,Jeremy Toljan,Levante,1,1,1.000,2026-27,2026-08-16T2253Z
5549,Comesaña,Santi Comesaña,Villarreal,-1,1,-1.000,2026-27,2026-08-16T2253Z
6346,De la Fuente,Adrián de la Fuente,Levante,1,1,1.000,2026-27,2026-08-16T2253Z
6605,Manu Sánchez,Manu Sánchez,Levante,0,1,0.000,2026-27,2026-08-16T2253Z
7209,Pépé,Nicolas Pépé,Villarreal,13,1,13.000,2026-27,2026-08-16T2253Z
7629,Iván Romero,Iván Romero,Levante,2,1,2.000,2026-27,2026-08-16T2253Z
7644,Víctor García,Víctor García,Levante,0,1,0.000,2026-27,2026-08-16T2253Z
8088,Oriol Rey,Oriol Rey,Levante,4,1,4.000,2026-27,2026-08-16T2253Z
8228,Urko,Urko González de Zarate,Espanyol,6,1,6.000,2026-27,2026-08-16T2253Z
8413,Pape Gueye,Pape Gueye,Villarreal,8,1,8.000,2026-27,2026-08-16T2253Z
8646,C. Álvarez,Carlos Álvarez,Levante,0,1,0.000,2026-27,2026-08-16T2253Z
8961,Olasagasti,Jon Ander Olasagasti,Levante,0,1,0.000,2026-27,2026-08-16T2253Z
9763,Akhomach,Ilias Akhomach,Villarreal,2,1,2.000,2026-27,2026-08-16T2253Z
9850,Jofre,Jofre Carreras,Espanyol,2,1,2.000,2026-27,2026-08-16T2253Z
9987,Roberto,Roberto Fernández,Espanyol,16,1,16.000,2026-27,2026-08-16T2253Z
9989,S. Cardona,Sergi Cardona,Villarreal,0,0,0.000,2026-27,2026-08-16T2253Z
9990,Moleiro,Alberto Moleiro,Villarreal,6,1,6.000,2026-27,2026-08-16T2253Z
10114,Veiga,Renato Veiga,Villarreal,2,1,2.000,2026-27,2026-08-16T2253Z
10219,Fortuño,Ángel Fortuño,Espanyol,0,0,0.000,2026-27,2026-08-16T2253Z
10220,El Hilali,Omar El Hilali,Espanyol,8,1,8.000,2026-27,2026-08-16T2253Z
10326,Etta Eyong,Karl Etta Eyong,Levante,1,1,1.000,2026-27,2026-08-16T2253Z
10638,Buchanan,Tajon Buchanan,Villarreal,2,1,2.000,2026-27,2026-08-16T2253Z
10893,Marcos,Marcos Fernández,Espanyol,2,1,2.000,2026-27,2026-08-16T2253Z
11172,Romero,Carlos Romero,Villarreal,3,1,3.000,2026-27,2026-08-16T2253Z
11467,Hartman,Quilindschy Hartman,Espanyol,0,0,0.000,2026-27,2026-08-16T2253Z
11678,Mouriño,Santiago Mouriño,Villarreal,-1,1,-1.000,2026-27,2026-08-16T2253Z
11807,Cuñat Campos,Pablo Campos,Levante,0,0,0.000,2026-27,2026-08-16T2253Z
11863,Calatrava,Álex Calatrava,Espanyol,4,1,4.000,2026-27,2026-08-16T2253Z
12139,Mikautadze,Georges Mikautadze,Villarreal,9,1,9.000,2026-27,2026-08-16T2253Z
12354,Logan Costa,Logan Costa,Villarreal,0,0,0.000,2026-27,2026-08-16T2253Z
12634,Kambwala,Willy Kambwala,Villarreal,0,0,0.000,2026-27,2026-08-16T2253Z
12860,Pau Navarro,Pau Navarro,Villarreal,0,0,0.000,2026-27,2026-08-16T2253Z
12879,Jorge Cabello,Jorge Cabello,Levante,0,0,0.000,2026-27,2026-08-16T2253Z
12891,Serred,Llorenç Serred,Espanyol,0,0,0.000,2026-27,2026-08-16T2253Z
12918,Bauzà,Rafel Bauzà,Espanyol,0,1,0.000,2026-27,2026-08-16T2253Z
13119,Drkusic,Vanja Drkusic,Espanyol,0,0,0.000,2026-27,2026-08-16T2253Z
13145,Cortés,Paco Cortés,Levante,2,1,2.000,2026-27,2026-08-16T2253Z
13440,Oluwaseyi,Tani Oluwaseyi,Villarreal,0,0,0.000,2026-27,2026-08-16T2253Z
14024,Javier Hernández,Javier Hernández,Espanyol,0,1,0.000,2026-27,2026-08-16T2253Z
14125,Luiz Junior,Luiz Junior,Villarreal,3,1,3.000,2026-27,2026-08-16T2253Z
14928,José Ángel,José Ángel López,Espanyol,0,0,0.000,2026-27,2026-08-16T2253Z
15316,Hinojo,Roger Hinojo,Espanyol,0,1,0.000,2026-27,2026-08-16T2253Z
15957,Moscardo,Gabriel Moscardo,Espanyol,0,0,0.000,2026-27,2026-08-16T2253Z
16020,Nacho Pérez,Nacho Pérez,Levante,3,1,3.000,2026-27,2026-08-16T2253Z
16022,Tunde,Kareem Tunde,Levante,1,1,1.000,2026-27,2026-08-16T2253Z
16202,Dolan,Tyrhys Dolan,Espanyol,12,1,12.000,2026-27,2026-08-16T2253Z
16308,Riedel,Clemens Riedel,Espanyol,8,1,8.000,2026-27,2026-08-16T2253Z
16938,Carlos Macià,Carlos Macià,Villarreal,3,1,3.000,2026-27,2026-08-16T2253Z
17275,Freeman,Alex Freeman,Villarreal,1,1,1.000,2026-27,2026-08-16T2253Z
17445,Timera,Adama Timera,Espanyol,0,0,0.000,2026-27,2026-08-16T2253Z
18006,Bardeli,Enzo Bardelli,Levante,0,1,0.000,2026-27,2026-08-16T2253Z
18027,Galdin,Igor Galdin,Levante,0,0,0.000,2026-27,2026-08-16T2253Z
18028,Marc Santos,Marc Santos,Levante,0,1,0.000,2026-27,2026-08-16T2253Z
18029,Calatrava,Alberto Calatrava,Levante,0,0,0.000,2026-27,2026-08-16T2253Z
18039,Thiam,Cheikh Thiam,Villarreal,0,0,0.000,2026-27,2026-08-16T2253Z
18241,Usedo,Manel Usedo,Levante,0,0,0.000,2026-27,2026-08-16T2253Z
18337,Hugo Martín,Hugo Martín,Racing,0,0,0.000,2026-27,2026-08-16T2253Z
392,Ximo,Ximo Navarro,Deportivo,2,1,2.000,2026-27,2026-08-18T0941Z
698,Deportivo,Germán Parreño,,0,0,0.000,2026-27,2026-08-18T0941Z
3414,Aubameyang,Pierre-Emerick Aubameyang,Deportivo,10,1,10.000,2026-27,2026-08-18T0941Z
3605,Angeliño,Angeliño,Deportivo,0,0,0.000,2026-27,2026-08-18T0941Z
3612,Álvaro,Álvaro Fernández,Deportivo,0,0,0.000,2026-27,2026-08-18T0941Z
7309,Riki,Riki Rodríguez,Deportivo,0,0,0.000,2026-27,2026-08-18T0941Z
8712,Mario,Mario Soriano,Deportivo,6,1,6.000,2026-27,2026-08-18T0941Z
9405,Leo Román,Leo Román,Deportivo,7,1,7.000,2026-27,2026-08-18T0941Z
9772,Luismi,Luismi Cruz,Deportivo,2,1,2.000,2026-27,2026-08-18T0941Z
9854,Comas,Arnau Comas,Deportivo,0,0,0.000,2026-27,2026-08-18T0941Z
10357,Altimira,Adrià Altimira,Deportivo,8,1,8.000,2026-27,2026-08-18T0941Z
10473,Quagliata,Giacomo Quagliata,Deportivo,2,1,2.000,2026-27,2026-08-18T0941Z
10478,Loureiro,Miguel Loureiro,Deportivo,0,0,0.000,2026-27,2026-08-18T0941Z
11198,Amatucci,Lorenzo Amatucci,Deportivo,5,1,5.000,2026-27,2026-08-18T0941Z
13972,Villares,Diego Villares,Deportivo,2,1,2.000,2026-27,2026-08-18T0941Z
13975,Mella,David Mella,Deportivo,1,1,1.000,2026-27,2026-08-18T0941Z
14876,Kevin Sánchez,Kevin Sánchez,Deportivo,0,1,0.000,2026-27,2026-08-18T0941Z
15164,Eddahchouri,Zakaria Eddahchouri,Deportivo,1,1,1.000,2026-27,2026-08-18T0941Z
15351,Asp Jensen,Jonathan Asp Jensen,Deportivo,5,1,5.000,2026-27,2026-08-18T0941Z
16099,Noubi,Lucas Noubi,Deportivo,3,1,3.000,2026-27,2026-08-18T0941Z
16863,Bil Nsongo,Bil Nsongo,Deportivo,5,1,5.000,2026-27,2026-08-18T0941Z
18017,Gijselhart,Teun Gijselhart,Deportivo,0,0,0.000,2026-27,2026-08-18T0941Z
18030,Ede,Bright Ede,Deportivo,5,1,5.000,2026-27,2026-08-18T0941Z
6605,Manu Sánchez,Manu Sánchez,Levante,-2,1,-2.000,2026-27,2026-08-18T0941Z
13801,Pelayo,Pelayo Fernández,Rayo,1,1,1.000,2026-27,2026-08-18T0941Z
18314,Ure,Robbie Ure,Sevilla,4,1,4.000,2026-27,2026-08-18T0941Z
404,Bigas,Pedro Bigas,Elche,0,0,0.000,2026-27,2026-08-18T0941Z
1859,Josan,Josan Ferrández,Elche,0,0,0.000,2026-27,2026-08-18T0941Z
2727,Ponce,Ezequiel Ponce,Elche,0,0,0.000,2026-27,2026-08-18T0941Z
5227,Villar,Gonzalo Villar,Elche,8,1,8.000,2026-27,2026-08-18T0941Z
6882,Tete Morente,Tete Morente,Elche,3,1,3.000,2026-27,2026-08-18T0941Z
7081,Fer Niño,Fernando Niño,Elche,3,1,3.000,2026-27,2026-08-18T0941Z
7658,Valera,Germán Valera,Elche,4,1,4.000,2026-27,2026-08-18T0941Z
8273,Chust,Víctor Chust,Elche,7,1,7.000,2026-27,2026-08-18T0941Z
8816,Affengruber,David Affengruber,Elche,6,1,6.000,2026-27,2026-08-18T0941Z
9161,Dituro,Matías Dituro,Elche,5,1,5.000,2026-27,2026-08-18T0941Z
9759,Iturbe,Alejandro Iturbe,Elche,0,0,0.000,2026-27,2026-08-18T0941Z
10358,Aguado,Marc Aguado,Elche,11,1,11.000,2026-27,2026-08-18T0941Z
11214,Buonanotte,Facundo Buonanotte,Elche,0,0,0.000,2026-27,2026-08-18T0941Z
12878,Sangaré,Buba Sangaré,Elche,4,1,4.000,2026-27,2026-08-18T0941Z
12990,Al Lal,Nordin Al Lal,Elche,0,0,0.000,2026-27,2026-08-18T0941Z
13883,Martim Neto,Martim Neto,Elche,4,1,4.000,2026-27,2026-08-18T0941Z
14115,Barzic,Matia Barzic,Elche,0,0,0.000,2026-27,2026-08-18T0941Z
14118,Ali Houary,Ali Houary,Elche,0,1,0.000,2026-27,2026-08-18T0941Z
15505,Redondo,Federico Redondo,Elche,6,1,6.000,2026-27,2026-08-18T0941Z
17248,Cepeda,Lucas Cepeda,Elche,3,1,3.000,2026-27,2026-08-18T0941Z
17495,Morcillo,Javi Morcillo,Elche,0,1,0.000,2026-27,2026-08-18T0941Z
18021,Padilla,Álvaro Padilla,Elche,0,1,0.000,2026-27,2026-08-18T0941Z
18309,Umaru,Umaru Konaré,Elche,0,1,0.000,2026-27,2026-08-18T0941Z
18282,Zabiri,Yassir Zabiri,Racing,1,1,1.000,2026-27,2026-08-18T0941Z
63,Koke,Koke Resurrección,Atlético,6,1,6.000,2026-27,2026-08-19T2220Z
775,Giménez,José María Giménez,Atlético,0,0,0.000,2026-27,2026-08-19T2220Z
1826,Oblak,Jan Oblak,Atlético,9,1,9.000,2026-27,2026-08-19T2220Z
1931,M. Llorente,Marcos Llorente,Atlético,3,1,3.000,2026-27,2026-08-19T2220Z
2771,Grimaldo,Álex Grimaldo,Atlético,0,0,0.000,2026-27,2026-08-19T2220Z
4434,Lookman,Ademola Lookman,Atlético,4,1,4.000,2026-27,2026-08-19T2220Z
5942,Musso,Juan Musso,Atlético,0,0,0.000,2026-27,2026-08-19T2220Z
5995,Hancko,David Hancko,Atlético,12,1,12.000,2026-27,2026-08-19T2220Z
6002,Le Normand,Robin Le Normand,Atlético,9,1,9.000,2026-27,2026-08-19T2220Z
6337,Kang-In Lee,Kang-In Lee,Atlético,11,1,11.000,2026-27,2026-08-19T2220Z
7645,Baena,Álex Baena,Atlético,9,1,9.000,2026-27,2026-08-19T2220Z
9276,Giuliano,Giuliano Simeone,Atlético,3,1,3.000,2026-27,2026-08-19T2220Z
9755,Carlos Martín,Carlos Martín,Atlético,2,1,2.000,2026-27,2026-08-19T2220Z
9823,Pubill,Marc Pubill,Atlético,0,0,0.000,2026-27,2026-08-19T2220Z
10005,Barrios,Pablo Barrios,Atlético,10,1,10.000,2026-27,2026-08-19T2220Z
10237,Mendoza,Rodrigo Mendoza,Atlético,4,1,4.000,2026-27,2026-08-19T2220Z
10393,Hjulmand,Morten Hjulmand,Atlético,2,1,2.000,2026-27,2026-08-19T2220Z
11579,Ortiz,Arnau Ortiz,Atlético,4,1,4.000,2026-27,2026-08-19T2220Z
11861,Dani Martínez,Dani Martínez,Atlético,8,1,8.000,2026-27,2026-08-19T2220Z
12647,Cardoso,Johnny Cardoso,Atlético,0,0,0.000,2026-27,2026-08-19T2220Z
15422,Esquivel,Salvi Esquivel,Atlético,0,0,0.000,2026-27,2026-08-19T2220Z
17529,Cubo,Miguel Cubo,Atlético,0,0,0.000,2026-27,2026-08-19T2220Z
18213,Jorge Domínguez,Jorge Domínguez,Atlético,0,1,0.000,2026-27,2026-08-19T2220Z
18214,Castillo,Jorge Castillo,Atlético,0,0,0.000,2026-27,2026-08-19T2220Z
3174,Galilea,Einar Galilea,Málaga,4,1,4.000,2026-27,2026-08-19T2220Z
6050,Joaquín,Joaquín Muñoz,Málaga,4,1,4.000,2026-27,2026-08-19T2220Z
6814,Jauregi,Eneko Jauregi,Málaga,1,1,1.000,2026-27,2026-08-19T2220Z
6973,Herrero,Alfonso Herrero,Málaga,4,1,4.000,2026-27,2026-08-19T2220Z
7686,Lobete,Julen Lobete,Málaga,0,0,0.000,2026-27,2026-08-19T2220Z
7703,Enríquez,Ramón Enríquez,Málaga,0,1,0.000,2026-27,2026-08-19T2220Z
8250,Salinas,José Salinas,Málaga,1,1,1.000,2026-27,2026-08-19T2220Z
8780,Larrubia,David Larrubia,Málaga,1,1,1.000,2026-27,2026-08-19T2220Z
9321,Haitam,Haitam Abaida,Málaga,0,0,0.000,2026-27,2026-08-19T2220Z
10353,Pastor,Álex Pastor,Málaga,0,0,0.000,2026-27,2026-08-19T2220Z
10823,Juan Cruz,Juan Cruz,Málaga,-1,1,-1.000,2026-27,2026-08-19T2220Z
10860,Dotor,Carlos Dotor,Málaga,7,1,7.000,2026-27,2026-08-19T2220Z
13978,Carlos López,Carlos López,Málaga,0,0,0.000,2026-27,2026-08-19T2220Z
13982,Puga,Carlos Puga,Málaga,4,1,4.000,2026-27,2026-08-19T2220Z
13983,Merino,Izan Merino,Málaga,2,1,2.000,2026-27,2026-08-19T2220Z
14096,Chupete,Chupete,Málaga,1,1,1.000,2026-27,2026-08-19T2220Z
15336,Rafa Rodríguez,Rafa Rodríguez,Málaga,0,1,0.000,2026-27,2026-08-19T2220Z
15344,Rafita,Rafa Garrido,Málaga,5,1,5.000,2026-27,2026-08-19T2220Z
15417,Recio,Angel Recio,Málaga,3,1,3.000,2026-27,2026-08-19T2220Z
16286,Lorenzo,Dani Lorenzo,Málaga,5,1,5.000,2026-27,2026-08-19T2220Z
18225,Juani,Juani,Málaga,0,0,0.000,2026-27,2026-08-19T2220Z
18378,Otu,Joseph Otu,Málaga,0,0,0.000,2026-27,2026-08-19T2220Z
863,Lejeune,Florian Lejeune,Rayo,6,2,3.000,2026-27,2026-08-21T0522Z
867,Álvaro García,Álvaro García,Rayo,10,2,5.000,2026-27,2026-08-21T0522Z
1881,Unai López,Unai López,Rayo,12,2,6.000,2026-27,2026-08-21T0522Z
6560,Ratiu,Andrei Ratiu,Rayo,7,2,3.500,2026-27,2026-08-21T0522Z
6562,Camello,Sergio Camello,Rayo,9,2,4.500,2026-27,2026-08-21T0522Z
6633,De Frutos,Jorge de Frutos,Rayo,12,2,6.000,2026-27,2026-08-21T0522Z
6853,Nteka,Randy Nteka,Rayo,5,2,2.500,2026-27,2026-08-21T0522Z
6889,Valentín,Óscar Valentín,Rayo,7,2,3.500,2026-27,2026-08-21T0522Z
6957,Isi,Isi Palazón,Rayo,5,2,2.500,2026-27,2026-08-21T0522Z
7307,Pathé Ciss,Pathé Ciss,Rayo,12,2,6.000,2026-27,2026-08-21T0522Z
7570,Cárdenas,Dani Cárdenas,Rayo,1,1,1.000,2026-27,2026-08-21T0522Z
10210,Fran Pérez,Fran Pérez,Rayo,2,2,1.000,2026-27,2026-08-21T0522Z
12651,Batalla,Augusto Batalla,Rayo,13,2,6.500,2026-27,2026-08-21T0522Z
13801,Pelayo,Pelayo Fernández,Rayo,3,2,1.500,2026-27,2026-08-21T0522Z
14004,Vertrouwd,Jozhua Vertrouwd,Rayo,3,1,3.000,2026-27,2026-08-21T0522Z
8337,Tsitaishvili,Georgiy Tsitaishvili,Rayo,0,0,0.000,2026-27,2026-08-21T0522Z
1975,Remiro,Álex Remiro,Real Sociedad,0,0,0.000,2026-27,2026-08-21T0522Z
2675,Oyarzabal,Mikel Oyarzabal,Real Sociedad,0,0,0.000,2026-27,2026-08-21T0522Z
2799,Carlos Soler,Carlos Soler,Real Sociedad,0,0,0.000,2026-27,2026-08-21T0522Z
2802,Zubeldia,Igor Zubeldia,Real Sociedad,0,0,0.000,2026-27,2026-08-21T0522Z
6180,Sergio Gómez,Sergio Gómez,Real Sociedad,0,0,0.000,2026-27,2026-08-21T0522Z
6363,Barrenetxea,Ander Barrenetxea,Real Sociedad,0,0,0.000,2026-27,2026-08-21T0522Z
6394,Aihen,Aihen Muñoz,Real Sociedad,0,0,0.000,2026-27,2026-08-21T0522Z
6446,Herrera,Yangel Herrera,Real Sociedad,0,0,0.000,2026-27,2026-08-21T0522Z
7091,Kubo,Takefusa Kubo,Real Sociedad,0,0,0.000,2026-27,2026-08-21T0522Z
7725,Pacheco,Jon Pacheco,Real Sociedad,0,0,0.000,2026-27,2026-08-21T0522Z
8392,L. Sucic,Luka Sucic,Real Sociedad,0,0,0.000,2026-27,2026-08-21T0522Z
8651,Turrientes,Beñat Turrientes,Real Sociedad,0,0,0.000,2026-27,2026-08-21T0522Z
8679,Marrero,Unai Marrero,Real Sociedad,0,0,0.000,2026-27,2026-08-21T0522Z
9011,Zakharyan,Arsen Zakharyan,Real Sociedad,0,0,0.000,2026-27,2026-08-21T0522Z
10660,Óskarsson,Orri Steinn Óskarsson,Real Sociedad,0,0,0.000,2026-27,2026-08-21T0522Z
11684,Goti,Mikel Goti,Real Sociedad,0,0,0.000,2026-27,2026-08-21T0522Z
11792,Jon Martín,Jon Martín,Real Sociedad,0,0,0.000,2026-27,2026-08-21T0522Z
11793,Lebarbier,Alex Lebarbier,Real Sociedad,0,0,0.000,2026-27,2026-08-21T0522Z
12538,Aramburu,Jon Aramburu,Real Sociedad,0,0,0.000,2026-27,2026-08-21T0522Z
14021,Ochieng,Job Ochieng,Real Sociedad,0,0,0.000,2026-27,2026-08-21T0522Z
14881,Marchal,Alex Marchal,Real Sociedad,0,0,0.000,2026-27,2026-08-21T0522Z
15273,Beitia,Luken Beitia,Real Sociedad,0,0,0.000,2026-27,2026-08-21T0522Z
16155,Folgado,Theo Folgado,Real Sociedad,0,0,0.000,2026-27,2026-08-21T0522Z
16922,Carrera,Gorka Carrera,Real Sociedad,0,0,0.000,2026-27,2026-08-21T0522Z
189,Jonny,Jonny Castro,Alavés,10,2,5.000,2026-27,2026-08-21T0522Z
1059,Sivera,Antonio Sivera,Alavés,18,2,9.000,2026-27,2026-08-21T0522Z
1778,Denis Suárez,Denis Suárez,Alavés,7,2,3.500,2026-27,2026-08-21T0522Z
2759,Aleñá,Carles Aleñá,Alavés,6,2,3.000,2026-27,2026-08-21T0522Z
3226,Mariano,Mariano Díaz,Alavés,25,2,12.500,2026-27,2026-08-21T0522Z
5032,Toni Martinez,Toni Martinez,Alavés,12,2,6.000,2026-27,2026-08-21T0522Z
5124,Boyé,Lucas Boyé,Alavés,5,1,5.000,2026-27,2026-08-21T0522Z
8737,Blanco,Antonio Blanco,Alavés,9,2,4.500,2026-27,2026-08-21T0522Z
9909,Tenaglia,Nahuel Tenaglia,Alavés,21,2,10.500,2026-27,2026-08-21T0522Z
10258,Ibáñez,Pablo Ibáñez,Alavés,10,2,5.000,2026-27,2026-08-21T0522Z
10476,Rebbach,Abde Rebbach,Alavés,11,2,5.500,2026-27,2026-08-21T0522Z
14935,Youssef,Youssef Enríquez,Alavés,7,2,3.500,2026-27,2026-08-21T0522Z
15127,Ángel Pérez,Ángel Pérez,Alavés,12,2,6.000,2026-27,2026-08-21T0522Z
16186,Mikel Rodriguez,Mikel Rodriguez,Alavés,14,2,7.000,2026-27,2026-08-21T0522Z
17284,Koski,Ville Koski,Alavés,12,2,6.000,2026-27,2026-08-21T0522Z
14979,Valentini,Nicolás Valentini,Alavés,0,1,0.000,2026-27,2026-08-21T0522Z
44,R. de Galarreta,Íñigo Ruiz de Galarreta,Athletic,0,0,0.000,2026-27,2026-08-22T0713Z
697,Laporte,Aymeric Laporte,Athletic,0,0,0.000,2026-27,2026-08-22T0713Z
735,Yuri,Yuri Berchiche,Athletic,0,0,0.000,2026-27,2026-08-22T0713Z
1934,I. Williams,Iñaki Williams,Athletic,0,0,0.000,2026-27,2026-08-22T0713Z
1972,Yeray,Yeray Álvarez,Athletic,0,0,0.000,2026-27,2026-08-22T0713Z
3204,Berenguer,Álex Berenguer,Athletic,0,0,0.000,2026-27,2026-08-22T0713Z
3693,Unai Simón,Unai Simón,Athletic,0,0,0.000,2026-27,2026-08-22T0713Z
5859,Guruzeta,Gorka Guruzeta,Athletic,0,0,0.000,2026-27,2026-08-22T0713Z
7006,Sancet,Oihan Sancet,Athletic,0,0,0.000,2026-27,2026-08-22T0713Z
7293,Navarro,Robert Navarro,Athletic,0,0,0.000,2026-27,2026-08-22T0713Z
7638,Areso,Jesús Areso,Athletic,0,0,0.000,2026-27,2026-08-22T0713Z
7916,Paredes,Aitor Paredes,Athletic,0,0,0.000,2026-27,2026-08-22T0713Z
8693,N. Williams,Nico Williams,Athletic,0,0,0.000,2026-27,2026-08-22T0713Z
10213,Gerenabarrena,Beñat Gerenabarrena,Athletic,0,0,0.000,2026-27,2026-08-22T0713Z
10214,Padilla,Alex Padilla,Athletic,0,0,0.000,2026-27,2026-08-22T0713Z
11677,Rincón,Hugo Rincón,Athletic,0,0,0.000,2026-27,2026-08-22T0713Z
11688,Boiro,Adama Boiro,Athletic,0,0,0.000,2026-27,2026-08-22T0713Z
11983,Djaló,Álvaro Djaló,Athletic,0,0,0.000,2026-27,2026-08-22T0713Z
12605,Jauregizar,Mikel Jauregizar,Athletic,0,0,0.000,2026-27,2026-08-22T0713Z
13830,Sannadi,Maroan Sannadi,Athletic,0,0,0.000,2026-27,2026-08-22T0713Z
14017,Canales,Peio Canales,Athletic,0,0,0.000,2026-27,2026-08-22T0713Z
15409,Rego,Alejandro Rego,Athletic,0,0,0.000,2026-27,2026-08-22T0713Z
16229,Johaneko,Johaneko Louis-Jean,Athletic,0,0,0.000,2026-27,2026-08-22T0713Z
322,Bartra,Marc Bartra,Betis,10,1,10.000,2026-27,2026-08-22T0713Z
336,Isco,Isco Alarcón,Betis,4,1,4.000,2026-27,2026-08-22T0713Z
707,D. Llorente,Diego Javier Llorente,Betis,0,0,0.000,2026-27,2026-08-22T0713Z
2153,Bellerín,Héctor Bellerín,Betis,5,1,5.000,2026-27,2026-08-22T0713Z
2632,Fornals,Pablo Fornals,Betis,10,1,10.000,2026-27,2026-08-22T0713Z
3215,Marc Roca,Marc Roca,Betis,8,1,8.000,2026-27,2026-08-22T0713Z
3686,Valles,Álvaro Valles,Betis,14,1,14.000,2026-27,2026-08-22T0713Z
4620,Junior,Junior Firpo,Betis,0,0,0.000,2026-27,2026-08-22T0713Z
5546,Cucho,Cucho Hernández,Betis,10,1,10.000,2026-27,2026-08-22T0713Z
6392,Fran García,Fran García,Betis,7,1,7.000,2026-27,2026-08-22T0713Z
6393,Fidalgo,Álvaro Fidalgo,Betis,0,0,0.000,2026-27,2026-08-22T0713Z
6450,Riquelme,Rodrigo Riquelme,Betis,13,1,13.000,2026-27,2026-08-22T0713Z
7201,Losada,Iker Losada,Betis,0,0,0.000,2026-27,2026-08-22T0713Z
8405,Antony,Antony,Betis,9,1,9.000,2026-27,2026-08-22T0713Z
10233,Ortiz,Ángel Ortiz,Betis,0,0,0.000,2026-27,2026-08-22T0713Z
11813,Natan,Natan,Betis,8,1,8.000,2026-27,2026-08-22T0713Z
13822,Pablo García,Pablo García,Betis,0,1,0.000,2026-27,2026-08-22T0713Z
14135,Manu González,Manu González,Betis,0,0,0.000,2026-27,2026-08-22T0713Z
15696,Deossa,Nelson Deossa,Betis,2,1,2.000,2026-27,2026-08-22T0713Z
15736,Bernal,Facundo Bernal,Betis,4,1,4.000,2026-27,2026-08-22T0713Z
16203,Valentín Gómez,Valentín Gómez,Betis,0,0,0.000,2026-27,2026-08-22T0713Z
175,Aspas,Iago Aspas,Celta,0,0,0.000,2026-27,2026-08-22T0713Z
1945,Iglesias,Borja Iglesias,Celta,0,0,0.000,2026-27,2026-08-22T0713Z
3255,Iván Villar,Iván Villar,Celta,0,0,0.000,2026-27,2026-08-22T0713Z
4397,M. Alonso,Marcos Alonso,Celta,0,0,0.000,2026-27,2026-08-22T0713Z
5978,Radu,Ionut Radu,Celta,0,0,0.000,2026-27,2026-08-22T0713Z
6487,Galán,Javi Galán,Celta,0,0,0.000,2026-27,2026-08-22T0713Z
6885,Febas,Aleix Febas,Celta,0,0,0.000,2026-27,2026-08-22T0713Z
7199,Carreira,Sergio Carreira,Celta,0,0,0.000,2026-27,2026-08-22T0713Z
7842,Jutglà,Ferran Jutglà,Celta,0,0,0.000,2026-27,2026-08-22T0713Z
8082,Moriba,Ilaix Moriba,Celta,0,0,0.000,2026-27,2026-08-22T0713Z
9012,Bayindir,Altay Bayindir,Celta,0,0,0.000,2026-27,2026-08-22T0713Z
9612,Starfelt,Carl Starfelt,Celta,0,0,0.000,2026-27,2026-08-22T0713Z
9740,Hugo Álvarez,Hugo Álvarez,Celta,0,0,0.000,2026-27,2026-08-22T0713Z
9744,Hugo González,Hugo González,Celta,0,0,0.000,2026-27,2026-08-22T0713Z
10207,Swedberg,Williot Swedberg,Celta,0,0,0.000,2026-27,2026-08-22T0713Z
10822,Durán,Pablo Durán,Celta,0,0,0.000,2026-27,2026-08-22T0713Z
11767,Á. Núñez,Álvaro Núñez,Celta,0,0,0.000,2026-27,2026-08-22T0713Z
12420,Faye,Abdoulaye Faye,Celta,0,0,0.000,2026-27,2026-08-22T0713Z
12534,Javi Rodríguez,Javi Rodríguez,Celta,0,0,0.000,2026-27,2026-08-22T0713Z
13035,Rueda,Javi Rueda,Celta,0,0,0.000,2026-27,2026-08-22T0713Z
13036,Lago,Yoel Lago,Celta,0,0,0.000,2026-27,2026-08-22T0713Z
13808,Román,Miguel Román,Celta,0,0,0.000,2026-27,2026-08-22T0713Z
14980,El-Abdellaoui,Jones El-Abdellaoui,Celta,0,0,0.000,2026-27,2026-08-22T0713Z
16802,Antañón,Andrés Antañón,Celta,0,0,0.000,2026-27,2026-08-22T0713Z
16803,Burcio,Hugo Burcio,Celta,0,0,0.000,2026-27,2026-08-22T0713Z
59,Courtois,Thibaut Courtois,Real Madrid,0,0,0.000,2026-27,2026-08-22T0713Z
2536,Rüdiger,Antonio Rüdiger,Real Madrid,0,0,0.000,2026-27,2026-08-22T0713Z
3429,Mbappé,Kylian Mbappé,Real Madrid,0,0,0.000,2026-27,2026-08-22T0713Z
3431,Bernardo Silva,Bernardo Silva,Real Madrid,0,0,0.000,2026-27,2026-08-22T0713Z
3758,Valverde,Federico Valverde,Real Madrid,0,0,0.000,2026-27,2026-08-22T0713Z
4480,Alexander-Arnold,Trent Alexander-Arnold,Real Madrid,0,0,0.000,2026-27,2026-08-22T0713Z
4884,Konaté,Ibrahima Konaté,Real Madrid,0,0,0.000,2026-27,2026-08-22T0713Z
5013,Cucurella,Marc Cucurella,Real Madrid,0,0,0.000,2026-27,2026-08-22T0713Z
5035,Brahim,Brahim Díaz,Real Madrid,0,0,0.000,2026-27,2026-08-22T0713Z
5526,Lunin,Andriy Lunin,Real Madrid,0,0,0.000,2026-27,2026-08-22T0713Z
5565,Vinicius,Vinicius Junior,Real Madrid,0,0,0.000,2026-27,2026-08-22T0713Z
6055,Dumfries,Denzel Dumfries,Real Madrid,0,0,0.000,2026-27,2026-08-22T0713Z
8386,Bellingham,Jude Bellingham,Real Madrid,0,0,0.000,2026-27,2026-08-22T0713Z
8479,Camavinga,Eduardo Camavinga,Real Madrid,0,0,0.000,2026-27,2026-08-22T0713Z
10176,A. F. Carreras,Álvaro F. Carreras,Real Madrid,0,0,0.000,2026-27,2026-08-22T0713Z
10767,Mestre,Sergio Mestre,Real Madrid,0,0,0.000,2026-27,2026-08-22T0713Z
11439,Güler,Arda Güler,Real Madrid,0,0,0.000,2026-27,2026-08-22T0713Z
11830,Huijsen,Dean Huijsen,Real Madrid,0,0,0.000,2026-27,2026-08-22T0713Z
12870,Carlos Espí,Carlos Espí,Real Madrid,0,0,0.000,2026-27,2026-08-22T0713Z
14019,Ciria,Alexis Ciria,Real Madrid,0,0,0.000,2026-27,2026-08-22T0713Z
15227,Rivas,Mario Rivas,Real Madrid,0,0,0.000,2026-27,2026-08-22T0713Z
15342,Y. Diomande,Yan Diomande,Real Madrid,0,0,0.000,2026-27,2026-08-22T0713Z
16948,Cestero,Jorge Cestero,Real Madrid,0,0,0.000,2026-27,2026-08-22T0713Z
1975,Remiro,Álex Remiro,Real Sociedad,8,1,8.000,2026-27,2026-08-22T0713Z
2675,Oyarzabal,Mikel Oyarzabal,Real Sociedad,2,1,2.000,2026-27,2026-08-22T0713Z
2799,Carlos Soler,Carlos Soler,Real Sociedad,5,1,5.000,2026-27,2026-08-22T0713Z
2802,Zubeldia,Igor Zubeldia,Real Sociedad,1,1,1.000,2026-27,2026-08-22T0713Z
6180,Sergio Gómez,Sergio Gómez,Real Sociedad,2,1,2.000,2026-27,2026-08-22T0713Z
6363,Barrenetxea,Ander Barrenetxea,Real Sociedad,0,1,0.000,2026-27,2026-08-22T0713Z
6394,Aihen,Aihen Muñoz,Real Sociedad,2,1,2.000,2026-27,2026-08-22T0713Z
6446,Herrera,Yangel Herrera,Real Sociedad,6,1,6.000,2026-27,2026-08-22T0713Z
7091,Kubo,Takefusa Kubo,Real Sociedad,4,1,4.000,2026-27,2026-08-22T0713Z
8392,L. Sucic,Luka Sucic,Real Sociedad,4,1,4.000,2026-27,2026-08-22T0713Z
8651,Turrientes,Beñat Turrientes,Real Sociedad,2,1,2.000,2026-27,2026-08-22T0713Z
9011,Zakharyan,Arsen Zakharyan,Real Sociedad,2,1,2.000,2026-27,2026-08-22T0713Z
10660,Óskarsson,Orri Steinn Óskarsson,Real Sociedad,1,1,1.000,2026-27,2026-08-22T0713Z
11792,Jon Martín,Jon Martín,Real Sociedad,0,1,0.000,2026-27,2026-08-22T0713Z
12538,Aramburu,Jon Aramburu,Real Sociedad,3,1,3.000,2026-27,2026-08-22T0713Z
14881,Marchal,Alex Marchal,Real Sociedad,0,1,0.000,2026-27,2026-08-22T0713Z
7786,Kochorashvili,Giorgi Kochorashvili,Sevilla,0,0,0.000,2026-27,2026-08-22T0713Z
18026,Castillo,Manuel Ángel Castillo,Sevilla,0,0,0.000,2026-27,2026-08-22T0713Z
663,Gayà,José Gayà,Valencia,0,0,0.000,2026-27,2026-08-22T0713Z
989,Dimitrievski,Stole Dimitrievski,Valencia,0,0,0.000,2026-27,2026-08-22T0713Z
2663,Maffeo,Pablo Maffeo,Valencia,0,0,0.000,2026-27,2026-08-22T0713Z
2715,Pepelu,Pepelu,Valencia,0,0,0.000,2026-27,2026-08-22T0713Z
3607,Diakhaby,Mouctar Diakhaby,Valencia,0,0,0.000,2026-27,2026-08-22T0713Z
3732,Raba,Daniel Raba,Valencia,0,0,0.000,2026-27,2026-08-22T0713Z
5019,Duro,Hugo Duro,Valencia,0,0,0.000,2026-27,2026-08-22T0713Z
5080,Rivero,Cristian Rivero,Valencia,0,0,0.000,2026-27,2026-08-22T0713Z
6174,Danjuma,Arnaut Danjuma,Valencia,0,0,0.000,2026-27,2026-08-22T0713Z
7676,Guido,Guido Rodríguez,Valencia,0,0,0.000,2026-27,2026-08-22T0713Z
8294,Sadiq,Umar Sadiq,Valencia,0,0,0.000,2026-27,2026-08-22T0713Z
8684,Jesús Vázquez,Jesús Vázquez,Valencia,0,0,0.000,2026-27,2026-08-22T0713Z
9762,Tárrega,César Tárrega,Valencia,0,0,0.000,2026-27,2026-08-22T0713Z
9927,Javi Guerra,Javi Guerra,Valencia,0,0,0.000,2026-27,2026-08-22T0713Z
10533,Almeida,André Almeida,Valencia,0,0,0.000,2026-27,2026-08-22T0713Z
12025,Ugrinic,Filip Ugrinic,Valencia,0,0,0.000,2026-27,2026-08-22T0713Z
12594,Otorbi,David Otorbi,Valencia,0,0,0.000,2026-27,2026-08-22T0713Z
14034,Córdoba,Iker Córdoba,Valencia,0,0,0.000,2026-27,2026-08-22T0713Z
14100,Raúl Jiménez,Raúl Jiménez,Valencia,0,0,0.000,2026-27,2026-08-22T0713Z
15928,Dieng,Aliou Dieng,Valencia,0,0,0.000,2026-27,2026-08-22T0713Z
16317,Navarro,Marcos Navarro,Valencia,0,0,0.000,2026-27,2026-08-22T0713Z
18018,De Haas,Justin de Haas,Valencia,0,0,0.000,2026-27,2026-08-22T0713Z
18031,Sato,Ryunosuke Sato,Valencia,0,0,0.000,2026-27,2026-08-22T0713Z
18279,Durá,Jaume Durá,Valencia,0,0,0.000,2026-27,2026-08-22T0713Z
44,R. de Galarreta,Íñigo Ruiz de Galarreta,Athletic,0,1,0.000,2026-27,2026-08-23T0737Z
697,Laporte,Aymeric Laporte,Athletic,4,1,4.000,2026-27,2026-08-23T0737Z
735,Yuri,Yuri Berchiche,Athletic,-2,1,-2.000,2026-27,2026-08-23T0737Z
1934,I. Williams,Iñaki Williams,Athletic,4,1,4.000,2026-27,2026-08-23T0737Z
1972,Yeray,Yeray Álvarez,Athletic,10,1,10.000,2026-27,2026-08-23T0737Z
3204,Berenguer,Álex Berenguer,Athletic,3,1,3.000,2026-27,2026-08-23T0737Z
3693,Unai Simón,Unai Simón,Athletic,1,1,1.000,2026-27,2026-08-23T0737Z
5859,Guruzeta,Gorka Guruzeta,Athletic,-1,1,-1.000,2026-27,2026-08-23T0737Z
7006,Sancet,Oihan Sancet,Athletic,5,1,5.000,2026-27,2026-08-23T0737Z
7638,Areso,Jesús Areso,Athletic,-1,1,-1.000,2026-27,2026-08-23T0737Z
7916,Paredes,Aitor Paredes,Athletic,10,1,10.000,2026-27,2026-08-23T0737Z
8693,N. Williams,Nico Williams,Athletic,3,1,3.000,2026-27,2026-08-23T0737Z
10213,Gerenabarrena,Beñat Gerenabarrena,Athletic,2,1,2.000,2026-27,2026-08-23T0737Z
11677,Rincón,Hugo Rincón,Athletic,2,1,2.000,2026-27,2026-08-23T0737Z
13830,Sannadi,Maroan Sannadi,Athletic,2,1,2.000,2026-27,2026-08-23T0737Z
14017,Canales,Peio Canales,Athletic,0,1,0.000,2026-27,2026-08-23T0737Z
10287,Alvarez,Julián Álvarez,Atlético,0,0,0.000,2026-27,2026-08-23T0737Z
4397,M. Alonso,Marcos Alonso,Celta,1,1,1.000,2026-27,2026-08-23T0737Z
5978,Radu,Ionut Radu,Celta,0,1,0.000,2026-27,2026-08-23T0737Z
6487,Galán,Javi Galán,Celta,0,1,0.000,2026-27,2026-08-23T0737Z
6885,Febas,Aleix Febas,Celta,0,1,0.000,2026-27,2026-08-23T0737Z
7199,Carreira,Sergio Carreira,Celta,0,1,0.000,2026-27,2026-08-23T0737Z
7842,Jutglà,Ferran Jutglà,Celta,0,1,0.000,2026-27,2026-08-23T0737Z
9740,Hugo Álvarez,Hugo Álvarez,Celta,1,1,1.000,2026-27,2026-08-23T0737Z
12534,Javi Rodríguez,Javi Rodríguez,Celta,0,1,0.000,2026-27,2026-08-23T0737Z
13036,Lago,Yoel Lago,Celta,0,1,0.000,2026-27,2026-08-23T0737Z
13808,Román,Miguel Román,Celta,1,1,1.000,2026-27,2026-08-23T0737Z
14980,El-Abdellaoui,Jones El-Abdellaoui,Celta,0,1,0.000,2026-27,2026-08-23T0737Z
11886,Manuel Ángel,Manuel Ángel,Real Madrid,0,0,0.000,2026-27,2026-08-23T0737Z
3736,Guridi,Jon Guridi,Sevilla,9,2,4.500,2026-27,2026-08-23T0737Z
6235,Vlachodimos,Odysseas Vlachodimos,Sevilla,16,2,8.000,2026-27,2026-08-23T0737Z
7249,Agoume,Lucien Agoume,Sevilla,10,2,5.000,2026-27,2026-08-23T0737Z
8686,Iglesias,Juan Iglesias,Sevilla,7,2,3.500,2026-27,2026-08-23T0737Z
9317,Carmona,José Ángel Carmona,Sevilla,1,1,1.000,2026-27,2026-08-23T0737Z
10341,Peque,Peque,Sevilla,9,2,4.500,2026-27,2026-08-23T0737Z
11680,Romero,Isaac Romero,Sevilla,13,2,6.500,2026-27,2026-08-23T0737Z
12042,Ejuke,Chidera Ejuke,Sevilla,9,2,4.500,2026-27,2026-08-23T0737Z
12358,Suazo,Gabriel Suazo,Sevilla,4,2,2.000,2026-27,2026-08-23T0737Z
12596,Oso,Joaquín Oso,Sevilla,18,2,9.000,2026-27,2026-08-23T0737Z
13865,Guillén,Nico Guillén,Sevilla,2,2,1.000,2026-27,2026-08-23T0737Z
13888,Castrín,Andrés Castrín,Sevilla,6,1,6.000,2026-27,2026-08-23T0737Z
16236,Sierra,Miguel Sierra,Sevilla,9,2,4.500,2026-27,2026-08-23T0737Z
17129,Julio Díaz,Julio Díaz,Sevilla,2,1,2.000,2026-27,2026-08-23T0737Z
18014,Sangante,Arouna Sangante,Sevilla,13,2,6.500,2026-27,2026-08-23T0737Z
18314,Ure,Robbie Ure,Sevilla,6,2,3.000,2026-27,2026-08-23T0737Z
663,Gayà,José Gayà,Valencia,0,1,0.000,2026-27,2026-08-23T0737Z
989,Dimitrievski,Stole Dimitrievski,Valencia,0,1,0.000,2026-27,2026-08-23T0737Z
2715,Pepelu,Pepelu,Valencia,0,1,0.000,2026-27,2026-08-23T0737Z
6174,Danjuma,Arnaut Danjuma,Valencia,0,1,0.000,2026-27,2026-08-23T0737Z
7676,Guido,Guido Rodríguez,Valencia,1,1,1.000,2026-27,2026-08-23T0737Z
8684,Jesús Vázquez,Jesús Vázquez,Valencia,0,1,0.000,2026-27,2026-08-23T0737Z
9762,Tárrega,César Tárrega,Valencia,1,1,1.000,2026-27,2026-08-23T0737Z
9927,Javi Guerra,Javi Guerra,Valencia,0,1,0.000,2026-27,2026-08-23T0737Z
12025,Ugrinic,Filip Ugrinic,Valencia,1,1,1.000,2026-27,2026-08-23T0737Z
18018,De Haas,Justin de Haas,Valencia,-1,1,-1.000,2026-27,2026-08-23T0737Z
18031,Sato,Ryunosuke Sato,Valencia,0,1,0.000,2026-27,2026-08-23T0737Z
14812,Rubén Gómez,Rubén Gómez,Villarreal,0,0,0.000,2026-27,2026-08-23T0737Z
6563,Iván Martín,Iván Martín,Racing,0,0,0.000,2026-27,2026-08-23T0737Z
17148,Guliashvili,Giorgi Guliashvili,Racing,0,0,0.000,2026-27,2026-08-23T0737Z
63,Koke,Koke Resurrección,Atlético,14,2,7.000,2026-27,2026-08-24T0624Z
775,Giménez,José María Giménez,Atlético,0,1,0.000,2026-27,2026-08-24T0624Z
1826,Oblak,Jan Oblak,Atlético,14,2,7.000,2026-27,2026-08-24T0624Z
1931,M. Llorente,Marcos Llorente,Atlético,5,2,2.500,2026-27,2026-08-24T0624Z
2771,Grimaldo,Álex Grimaldo,Atlético,4,1,4.000,2026-27,2026-08-24T0624Z
4434,Lookman,Ademola Lookman,Atlético,6,2,3.000,2026-27,2026-08-24T0624Z
5995,Hancko,David Hancko,Atlético,15,2,7.500,2026-27,2026-08-24T0624Z
6002,Le Normand,Robin Le Normand,Atlético,8,2,4.000,2026-27,2026-08-24T0624Z
6337,Kang-In Lee,Kang-In Lee,Atlético,16,2,8.000,2026-27,2026-08-24T0624Z
7645,Baena,Álex Baena,Atlético,12,2,6.000,2026-27,2026-08-24T0624Z
9276,Giuliano,Giuliano Simeone,Atlético,15,2,7.500,2026-27,2026-08-24T0624Z
9823,Pubill,Marc Pubill,Atlético,11,1,11.000,2026-27,2026-08-24T0624Z
10005,Barrios,Pablo Barrios,Atlético,13,2,6.500,2026-27,2026-08-24T0624Z
10237,Mendoza,Rodrigo Mendoza,Atlético,7,2,3.500,2026-27,2026-08-24T0624Z
10393,Hjulmand,Morten Hjulmand,Atlético,3,2,1.500,2026-27,2026-08-24T0624Z
10287,Alvarez,Julián Álvarez,Atlético,2,1,2.000,2026-27,2026-08-24T0624Z
1882,Cancelo,Joao Cancelo,Barcelona,0,1,0.000,2026-27,2026-08-24T0624Z
2288,Olmo,Dani Olmo,Barcelona,2,1,2.000,2026-27,2026-08-24T0624Z
2417,A. Christensen,Andreas Christensen,Barcelona,0,1,0.000,2026-27,2026-08-24T0624Z
2534,Szczesny,Wojciech Szczesny,Barcelona,0,0,0.000,2026-27,2026-08-24T0624Z
4288,Raphinha,Raphinha,Barcelona,24,1,24.000,2026-27,2026-08-24T0624Z
6674,Koundé,Jules Koundé,Barcelona,2,1,2.000,2026-27,2026-08-24T0624Z
7257,Pedri,Pedri González,Barcelona,3,1,3.000,2026-27,2026-08-24T0624Z
7279,Joan Garcia,Joan Garcia,Barcelona,12,1,12.000,2026-27,2026-08-24T0624Z
7542,Eric Garcia,Eric Garcia,Barcelona,11,1,11.000,2026-27,2026-08-24T0624Z
7595,Gordon,Anthony Gordon,Barcelona,0,1,0.000,2026-27,2026-08-24T0624Z
8395,Adeyemi,Karim Adeyemi,Barcelona,11,1,11.000,2026-27,2026-08-24T0624Z
9273,Gavi,Pablo Gavi,Barcelona,1,1,1.000,2026-27,2026-08-24T0624Z
11520,Yamal,Lamine Yamal,Barcelona,5,1,5.000,2026-27,2026-08-24T0624Z
11706,Cubarsí,Pau Cubarsí,Barcelona,0,0,0.000,2026-27,2026-08-24T0624Z
11709,Fermín,Fermín López,Barcelona,19,1,19.000,2026-27,2026-08-24T0624Z
12641,Martín,Gerard Martín,Barcelona,10,1,10.000,2026-27,2026-08-24T0624Z
13864,Bernal,Marc Bernal,Barcelona,5,1,5.000,2026-27,2026-08-24T0624Z
14882,Cortés,Álvaro Cortés,Barcelona,0,0,0.000,2026-27,2026-08-24T0624Z
16723,Aller,Eder Aller,Barcelona,0,0,0.000,2026-27,2026-08-24T0624Z
16765,Espart,Xavi Espart,Barcelona,0,1,0.000,2026-27,2026-08-24T0624Z
17663,Abdelkarim,Hamza Abdelkarim,Barcelona,0,0,0.000,2026-27,2026-08-24T0624Z
18240,Fariñas,Brian Fariñas,Barcelona,0,0,0.000,2026-27,2026-08-24T0624Z
18268,Pesquer,Jordi Pesquer,Barcelona,0,0,0.000,2026-27,2026-08-24T0624Z
175,Aspas,Iago Aspas,Celta,2,1,2.000,2026-27,2026-08-24T0624Z
4397,M. Alonso,Marcos Alonso,Celta,12,1,12.000,2026-27,2026-08-24T0624Z
5978,Radu,Ionut Radu,Celta,9,1,9.000,2026-27,2026-08-24T0624Z
6487,Galán,Javi Galán,Celta,6,1,6.000,2026-27,2026-08-24T0624Z
6885,Febas,Aleix Febas,Celta,7,1,7.000,2026-27,2026-08-24T0624Z
7199,Carreira,Sergio Carreira,Celta,6,1,6.000,2026-27,2026-08-24T0624Z
7842,Jutglà,Ferran Jutglà,Celta,4,1,4.000,2026-27,2026-08-24T0624Z
8082,Moriba,Ilaix Moriba,Celta,2,1,2.000,2026-27,2026-08-24T0624Z
9740,Hugo Álvarez,Hugo Álvarez,Celta,4,1,4.000,2026-27,2026-08-24T0624Z
10207,Swedberg,Williot Swedberg,Celta,2,1,2.000,2026-27,2026-08-24T0624Z
10822,Durán,Pablo Durán,Celta,2,1,2.000,2026-27,2026-08-24T0624Z
12534,Javi Rodríguez,Javi Rodríguez,Celta,9,1,9.000,2026-27,2026-08-24T0624Z
13035,Rueda,Javi Rueda,Celta,0,1,0.000,2026-27,2026-08-24T0624Z
13808,Román,Miguel Román,Celta,8,1,8.000,2026-27,2026-08-24T0624Z
1927,Pere Milla,Pere Milla,Espanyol,2,2,1.000,2026-27,2026-08-24T0624Z
3738,Edu Expósito,Edu Expósito,Espanyol,10,2,5.000,2026-27,2026-08-24T0624Z
3759,Dmitrovic,Marko Dmitrovic,Espanyol,16,2,8.000,2026-27,2026-08-24T0624Z
3785,U. Núñez,Unai Núñez,Espanyol,13,2,6.500,2026-27,2026-08-24T0624Z
3879,Lozano,Pol Lozano,Espanyol,2,2,1.000,2026-27,2026-08-24T0624Z
8228,Urko,Urko González de Zarate,Espanyol,8,2,4.000,2026-27,2026-08-24T0624Z
9850,Jofre,Jofre Carreras,Espanyol,3,2,1.500,2026-27,2026-08-24T0624Z
9987,Roberto,Roberto Fernández,Espanyol,19,2,9.500,2026-27,2026-08-24T0624Z
10220,El Hilali,Omar El Hilali,Espanyol,8,2,4.000,2026-27,2026-08-24T0624Z
11863,Calatrava,Álex Calatrava,Espanyol,11,2,5.500,2026-27,2026-08-24T0624Z
12918,Bauzà,Rafel Bauzà,Espanyol,2,2,1.000,2026-27,2026-08-24T0624Z
13119,Drkusic,Vanja Drkusic,Espanyol,3,1,3.000,2026-27,2026-08-24T0624Z
14024,Javier Hernández,Javier Hernández,Espanyol,9,2,4.500,2026-27,2026-08-24T0624Z
15316,Hinojo,Roger Hinojo,Espanyol,0,2,0.000,2026-27,2026-08-24T0624Z
16202,Dolan,Tyrhys Dolan,Espanyol,14,2,7.000,2026-27,2026-08-24T0624Z
16308,Riedel,Clemens Riedel,Espanyol,10,2,5.000,2026-27,2026-08-24T0624Z
899,Mojica,Johan Mojica,Getafe,9,1,9.000,2026-27,2026-08-24T0624Z
1919,Soria,David Soria,Getafe,19,2,9.500,2026-27,2026-08-24T0624Z
1989,Mayoral,Borja Mayoral,Getafe,2,1,2.000,2026-27,2026-08-24T0624Z
3751,Enes Ünal,Enes Ünal,Getafe,9,2,4.500,2026-27,2026-08-24T0624Z
3881,Djené,Dakonam Djené,Getafe,14,2,7.000,2026-27,2026-08-24T0624Z
5083,Abqar,Abdel Abqar,Getafe,4,2,2.000,2026-27,2026-08-24T0624Z
8496,Satriano,Martín Satriano,Getafe,7,2,3.500,2026-27,2026-08-24T0624Z
8944,Terrats,Ramón Terrats,Getafe,11,2,5.500,2026-27,2026-08-24T0624Z
10463,Mangala,Orel Mangala,Getafe,10,2,5.000,2026-27,2026-08-24T0624Z
11905,Sazonov,Saba Sazonov,Getafe,4,2,2.000,2026-27,2026-08-24T0624Z
11916,Andrés García,Andrés García,Getafe,9,2,4.500,2026-27,2026-08-24T0624Z
12917,Risco,Alberto Risco,Getafe,2,2,1.000,2026-27,2026-08-24T0624Z
14210,Romero,Zaid Romero,Getafe,13,2,6.500,2026-27,2026-08-24T0624Z
17161,Boselli,Sebastián Boselli,Getafe,1,2,0.500,2026-27,2026-08-24T0624Z
7995,Francho,Francho Serrano,Getafe,6,1,6.000,2026-27,2026-08-24T0624Z
18411,Curro,Curro Burgos,Getafe,0,0,0.000,2026-27,2026-08-24T0624Z
18412,Óscar López,Óscar López,Getafe,0,0,0.000,2026-27,2026-08-24T0624Z
59,Courtois,Thibaut Courtois,Real Madrid,6,1,6.000,2026-27,2026-08-24T0624Z
3429,Mbappé,Kylian Mbappé,Real Madrid,5,1,5.000,2026-27,2026-08-24T0624Z
3431,Bernardo Silva,Bernardo Silva,Real Madrid,4,1,4.000,2026-27,2026-08-24T0624Z
3758,Valverde,Federico Valverde,Real Madrid,6,1,6.000,2026-27,2026-08-24T0624Z
4480,Alexander-Arnold,Trent Alexander-Arnold,Real Madrid,2,1,2.000,2026-27,2026-08-24T0624Z
4884,Konaté,Ibrahima Konaté,Real Madrid,7,1,7.000,2026-27,2026-08-24T0624Z
5013,Cucurella,Marc Cucurella,Real Madrid,2,1,2.000,2026-27,2026-08-24T0624Z
5565,Vinicius,Vinicius Junior,Real Madrid,2,1,2.000,2026-27,2026-08-24T0624Z
6055,Dumfries,Denzel Dumfries,Real Madrid,2,1,2.000,2026-27,2026-08-24T0624Z
8386,Bellingham,Jude Bellingham,Real Madrid,13,1,13.000,2026-27,2026-08-24T0624Z
8479,Camavinga,Eduardo Camavinga,Real Madrid,2,1,2.000,2026-27,2026-08-24T0624Z
10176,A. F. Carreras,Álvaro F. Carreras,Real Madrid,5,1,5.000,2026-27,2026-08-24T0624Z
11439,Güler,Arda Güler,Real Madrid,11,1,11.000,2026-27,2026-08-24T0624Z
11830,Huijsen,Dean Huijsen,Real Madrid,5,1,5.000,2026-27,2026-08-24T0624Z
12870,Carlos Espí,Carlos Espí,Real Madrid,8,1,8.000,2026-27,2026-08-24T0624Z
15342,Y. Diomande,Yan Diomande,Real Madrid,2,1,2.000,2026-27,2026-08-24T0624Z
663,Gayà,José Gayà,Valencia,7,1,7.000,2026-27,2026-08-24T0624Z
989,Dimitrievski,Stole Dimitrievski,Valencia,9,1,9.000,2026-27,2026-08-24T0624Z
2663,Maffeo,Pablo Maffeo,Valencia,2,1,2.000,2026-27,2026-08-24T0624Z
2715,Pepelu,Pepelu,Valencia,8,1,8.000,2026-27,2026-08-24T0624Z
3607,Diakhaby,Mouctar Diakhaby,Valencia,4,1,4.000,2026-27,2026-08-24T0624Z
5019,Duro,Hugo Duro,Valencia,1,1,1.000,2026-27,2026-08-24T0624Z
6174,Danjuma,Arnaut Danjuma,Valencia,4,1,4.000,2026-27,2026-08-24T0624Z
7676,Guido,Guido Rodríguez,Valencia,10,1,10.000,2026-27,2026-08-24T0624Z
8294,Sadiq,Umar Sadiq,Valencia,1,1,1.000,2026-27,2026-08-24T0624Z
8684,Jesús Vázquez,Jesús Vázquez,Valencia,6,1,6.000,2026-27,2026-08-24T0624Z
9762,Tárrega,César Tárrega,Valencia,10,1,10.000,2026-27,2026-08-24T0624Z
9927,Javi Guerra,Javi Guerra,Valencia,5,1,5.000,2026-27,2026-08-24T0624Z
12025,Ugrinic,Filip Ugrinic,Valencia,7,1,7.000,2026-27,2026-08-24T0624Z
15928,Dieng,Aliou Dieng,Valencia,1,1,1.000,2026-27,2026-08-24T0624Z
18018,De Haas,Justin de Haas,Valencia,1,1,1.000,2026-27,2026-08-24T0624Z
404,Bigas,Pedro Bigas,Elche,2,1,2.000,2026-27,2026-08-24T0624Z
2727,Ponce,Ezequiel Ponce,Elche,3,1,3.000,2026-27,2026-08-24T0624Z
5227,Villar,Gonzalo Villar,Elche,12,2,6.000,2026-27,2026-08-24T0624Z
6882,Tete Morente,Tete Morente,Elche,3,2,1.500,2026-27,2026-08-24T0624Z
7081,Fer Niño,Fernando Niño,Elche,3,2,1.500,2026-27,2026-08-24T0624Z
7658,Valera,Germán Valera,Elche,4,2,2.000,2026-27,2026-08-24T0624Z
8273,Chust,Víctor Chust,Elche,3,2,1.500,2026-27,2026-08-24T0624Z
8816,Affengruber,David Affengruber,Elche,4,2,2.000,2026-27,2026-08-24T0624Z
9161,Dituro,Matías Dituro,Elche,4,2,2.000,2026-27,2026-08-24T0624Z
10358,Aguado,Marc Aguado,Elche,12,2,6.000,2026-27,2026-08-24T0624Z
11214,Buonanotte,Facundo Buonanotte,Elche,1,1,1.000,2026-27,2026-08-24T0624Z
12878,Sangaré,Buba Sangaré,Elche,1,2,0.500,2026-27,2026-08-24T0624Z
13883,Martim Neto,Martim Neto,Elche,5,2,2.500,2026-27,2026-08-24T0624Z
14118,Ali Houary,Ali Houary,Elche,-1,2,-0.500,2026-27,2026-08-24T0624Z
15505,Redondo,Federico Redondo,Elche,9,2,4.500,2026-27,2026-08-24T0624Z
17248,Cepeda,Lucas Cepeda,Elche,4,2,2.000,2026-27,2026-08-24T0624Z
5194,Diangana,Grady Diangana,Elche,0,0,0.000,2026-27,2026-08-24T0624Z
843,Gerard,Gerard Moreno,Villarreal,13,2,6.500,2026-27,2026-08-24T0624Z
4511,Ayoze,Ayoze Pérez,Villarreal,5,2,2.500,2026-27,2026-08-24T0624Z
4705,Foyth,Juan Foyth,Villarreal,8,2,4.000,2026-27,2026-08-24T0624Z
5549,Comesaña,Santi Comesaña,Villarreal,3,2,1.500,2026-27,2026-08-24T0624Z
7209,Pépé,Nicolas Pépé,Villarreal,19,2,9.500,2026-27,2026-08-24T0624Z
8413,Pape Gueye,Pape Gueye,Villarreal,10,2,5.000,2026-27,2026-08-24T0624Z
9763,Akhomach,Ilias Akhomach,Villarreal,3,2,1.500,2026-27,2026-08-24T0624Z
9990,Moleiro,Alberto Moleiro,Villarreal,11,2,5.500,2026-27,2026-08-24T0624Z
10114,Veiga,Renato Veiga,Villarreal,6,2,3.000,2026-27,2026-08-24T0624Z
10638,Buchanan,Tajon Buchanan,Villarreal,7,2,3.500,2026-27,2026-08-24T0624Z
11172,Romero,Carlos Romero,Villarreal,4,2,2.000,2026-27,2026-08-24T0624Z
11678,Mouriño,Santiago Mouriño,Villarreal,2,2,1.000,2026-27,2026-08-24T0624Z
12139,Mikautadze,Georges Mikautadze,Villarreal,23,2,11.500,2026-27,2026-08-24T0624Z
13440,Oluwaseyi,Tani Oluwaseyi,Villarreal,2,1,2.000,2026-27,2026-08-24T0624Z
14125,Luiz Junior,Luiz Junior,Villarreal,7,2,3.500,2026-27,2026-08-24T0624Z
16938,Carlos Macià,Carlos Macià,Villarreal,5,2,2.500,2026-27,2026-08-24T0624Z
18041,Nizar,Nizar El Jmili,Villarreal,0,0,0.000,2026-27,2026-08-24T0624Z
132,Canales,Sergio Canales,Racing,9,2,4.500,2026-27,2026-08-24T0624Z
3671,Villalibre,Asier Villalibre,Racing,5,2,2.500,2026-27,2026-08-24T0624Z
3836,Hernando,Manu Hernando,Racing,8,2,4.000,2026-27,2026-08-24T0624Z
6442,Iñigo Vicente,Iñigo Vicente,Racing,12,2,6.000,2026-27,2026-08-24T0624Z
6890,Andrés Martín,Andrés Martín,Racing,11,2,5.500,2026-27,2026-08-24T0624Z
8972,Pablo Ramón,Pablo Ramón,Racing,11,2,5.500,2026-27,2026-08-24T0624Z
9213,Agirrezabala,Julen Agirrezabala,Racing,12,2,6.000,2026-27,2026-08-24T0624Z
9930,Arana,Juan Carlos Arana,Racing,1,1,1.000,2026-27,2026-08-24T0624Z
10209,Facu González,Facundo González,Racing,3,2,1.500,2026-27,2026-08-24T0624Z
10336,Mantilla,Álvaro Mantilla,Racing,0,2,0.000,2026-27,2026-08-24T0624Z
12079,Puerta,Gustavo Puerta,Racing,7,2,3.500,2026-27,2026-08-24T0624Z
14105,Salinas,Jorge Salinas,Racing,7,2,3.500,2026-27,2026-08-24T0624Z
14155,Maguette,Maguette Gueye,Racing,4,2,2.000,2026-27,2026-08-24T0624Z
16262,Sergio Martínez,Sergio Martínez,Racing,12,2,6.000,2026-27,2026-08-24T0624Z
18282,Zabiri,Yassir Zabiri,Racing,2,2,1.000,2026-27,2026-08-24T0624Z
6563,Iván Martín,Iván Martín,Racing,3,1,3.000,2026-27,2026-08-24T0624Z
1882,Cancelo,Joao Cancelo,Barcelona,2,1,2.000,2026-27,2026-08-24T2326Z
2417,A. Christensen,Andreas Christensen,Barcelona,11,1,11.000,2026-27,2026-08-24T2326Z
16765,Espart,Xavi Espart,Barcelona,14,1,14.000,2026-27,2026-08-24T2326Z
7589,Parrott,Troy Parrott,Betis,0,0,0.000,2026-27,2026-08-24T2326Z
18418,De Pablo,Álvaro de Pablo,Betis,0,0,0.000,2026-27,2026-08-24T2326Z
392,Ximo,Ximo Navarro,Deportivo,5,2,2.500,2026-27,2026-08-24T2326Z
3414,Aubameyang,Pierre-Emerick Aubameyang,Deportivo,20,2,10.000,2026-27,2026-08-24T2326Z
8712,Mario,Mario Soriano,Deportivo,8,2,4.000,2026-27,2026-08-24T2326Z
9405,Leo Román,Leo Román,Deportivo,12,2,6.000,2026-27,2026-08-24T2326Z
9772,Luismi,Luismi Cruz,Deportivo,13,2,6.500,2026-27,2026-08-24T2326Z
10357,Altimira,Adrià Altimira,Deportivo,10,2,5.000,2026-27,2026-08-24T2326Z
10473,Quagliata,Giacomo Quagliata,Deportivo,4,2,2.000,2026-27,2026-08-24T2326Z
10478,Loureiro,Miguel Loureiro,Deportivo,4,1,4.000,2026-27,2026-08-24T2326Z
11198,Amatucci,Lorenzo Amatucci,Deportivo,10,2,5.000,2026-27,2026-08-24T2326Z
13972,Villares,Diego Villares,Deportivo,5,2,2.500,2026-27,2026-08-24T2326Z
13975,Mella,David Mella,Deportivo,3,2,1.500,2026-27,2026-08-24T2326Z
15351,Asp Jensen,Jonathan Asp Jensen,Deportivo,8,2,4.000,2026-27,2026-08-24T2326Z
16099,Noubi,Lucas Noubi,Deportivo,5,2,2.500,2026-27,2026-08-24T2326Z
16863,Bil Nsongo,Bil Nsongo,Deportivo,6,2,3.000,2026-27,2026-08-24T2326Z
18030,Ede,Bright Ede,Deportivo,7,2,3.500,2026-27,2026-08-24T2326Z
13974,Yeremay,Yeremay Hernández,Deportivo,2,1,2.000,2026-27,2026-08-24T2326Z
1566,Mandi,Aissa Mandi,Levante,11,2,5.500,2026-27,2026-08-24T2326Z
1743,Ryan,Mathew Ryan,Levante,19,2,9.500,2026-27,2026-08-24T2326Z
4976,Toljan,Jeremy Toljan,Levante,3,2,1.500,2026-27,2026-08-24T2326Z
6346,De la Fuente,Adrián de la Fuente,Levante,9,2,4.500,2026-27,2026-08-24T2326Z
6605,Manu Sánchez,Manu Sánchez,Levante,8,2,4.000,2026-27,2026-08-24T2326Z
7629,Iván Romero,Iván Romero,Levante,3,2,1.500,2026-27,2026-08-24T2326Z
7644,Víctor García,Víctor García,Levante,2,2,1.000,2026-27,2026-08-24T2326Z
8088,Oriol Rey,Oriol Rey,Levante,9,2,4.500,2026-27,2026-08-24T2326Z
8961,Olasagasti,Jon Ander Olasagasti,Levante,6,2,3.000,2026-27,2026-08-24T2326Z
10326,Etta Eyong,Karl Etta Eyong,Levante,2,2,1.000,2026-27,2026-08-24T2326Z
16020,Nacho Pérez,Nacho Pérez,Levante,12,2,6.000,2026-27,2026-08-24T2326Z
18006,Bardeli,Enzo Bardelli,Levante,6,2,3.000,2026-27,2026-08-24T2326Z
8988,Sotelo,Hugo Sotelo,Levante,0,1,0.000,2026-27,2026-08-24T2326Z
9157,Brugui,Roger Brugué,Levante,4,1,4.000,2026-27,2026-08-24T2326Z
12598,Requena,Dani Requena,Levante,0,0,0.000,2026-27,2026-08-24T2326Z
17116,Thiago,Thiago Fernández,Levante,0,1,0.000,2026-27,2026-08-24T2326Z
18406,Ndukwe,Ifeanyi Ndukwe,Levante,0,0,0.000,2026-27,2026-08-24T2326Z
3174,Galilea,Einar Galilea,Málaga,10,2,5.000,2026-27,2026-08-24T2326Z
6050,Joaquín,Joaquín Muñoz,Málaga,7,2,3.500,2026-27,2026-08-24T2326Z
6973,Herrero,Alfonso Herrero,Málaga,12,2,6.000,2026-27,2026-08-24T2326Z
7686,Lobete,Julen Lobete,Málaga,2,1,2.000,2026-27,2026-08-24T2326Z
7703,Enríquez,Ramón Enríquez,Málaga,2,2,1.000,2026-27,2026-08-24T2326Z
8780,Larrubia,David Larrubia,Málaga,4,2,2.000,2026-27,2026-08-24T2326Z
9321,Haitam,Haitam Abaida,Málaga,2,1,2.000,2026-27,2026-08-24T2326Z
10823,Juan Cruz,Juan Cruz,Málaga,1,2,0.500,2026-27,2026-08-24T2326Z
10860,Dotor,Carlos Dotor,Málaga,10,2,5.000,2026-27,2026-08-24T2326Z
13982,Puga,Carlos Puga,Málaga,8,2,4.000,2026-27,2026-08-24T2326Z
13983,Merino,Izan Merino,Málaga,6,2,3.000,2026-27,2026-08-24T2326Z
14096,Chupete,Chupete,Málaga,10,2,5.000,2026-27,2026-08-24T2326Z
15336,Rafa Rodríguez,Rafa Rodríguez,Málaga,2,2,1.000,2026-27,2026-08-24T2326Z
15344,Rafita,Rafa Garrido,Málaga,10,2,5.000,2026-27,2026-08-24T2326Z
15417,Recio,Angel Recio,Málaga,7,2,3.500,2026-27,2026-08-24T2326Z
16286,Lorenzo,Dani Lorenzo,Málaga,10,2,5.000,2026-27,2026-08-24T2326Z
7614,Pablo Martínez,Pablo Martínez,Málaga,0,0,0.000,2026-27,2026-08-24T2326Z
660,Rubén G.,Rubén García,Osasuna,10,1,10.000,2026-27,2026-08-24T2326Z
829,Aitor,Aitor Fernández,Osasuna,0,0,0.000,2026-27,2026-08-24T2326Z
841,Moi Gómez,Moi Gómez,Osasuna,8,1,8.000,2026-27,2026-08-24T2326Z
1928,Torró,Lucas Torró,Osasuna,2,1,2.000,2026-27,2026-08-24T2326Z
3206,Kike Barja,Kike Barja,Osasuna,0,1,0.000,2026-27,2026-08-24T2326Z
3235,Diego Rico,Diego Rico,Osasuna,0,0,0.000,2026-27,2026-08-24T2326Z
6493,Catena,Alejandro Catena,Osasuna,9,1,9.000,2026-27,2026-08-24T2326Z
6611,Herrera,Sergio Herrera,Osasuna,8,1,8.000,2026-27,2026-08-24T2326Z
6635,Budimir,Ante Budimir,Osasuna,5,1,5.000,2026-27,2026-08-24T2326Z
7027,Raúl García,Raúl García,Osasuna,2,1,2.000,2026-27,2026-08-24T2326Z
7082,Herrando,Jorge Herrando,Osasuna,10,1,10.000,2026-27,2026-08-24T2326Z
7203,Oroz,Aimar Oroz,Osasuna,6,1,6.000,2026-27,2026-08-24T2326Z
7204,Moncayola,Jon Moncayola,Osasuna,7,1,7.000,2026-27,2026-08-24T2326Z
7870,Raul Moro,Raul Moro,Osasuna,2,1,2.000,2026-27,2026-08-24T2326Z
8695,Boyomo,Boyomo,Osasuna,0,0,0.000,2026-27,2026-08-24T2326Z
10208,Dubasin,Jonathan Dubasin,Osasuna,2,1,2.000,2026-27,2026-08-24T2326Z
11230,Bretones,Abel Bretones,Osasuna,9,1,9.000,2026-27,2026-08-24T2326Z
11362,Iker Muñoz,Iker Muñoz,Osasuna,6,1,6.000,2026-27,2026-08-24T2326Z
12453,Osambela,Asier Osambela,Osasuna,0,0,0.000,2026-27,2026-08-24T2326Z
12823,Arguibide,Iñigo Arguibide,Osasuna,0,1,0.000,2026-27,2026-08-24T2326Z
15424,Rafa,Rafa Fernández,Osasuna,0,0,0.000,2026-27,2026-08-24T2326Z
16158,Echegoyen,Mauro Echegoyen,Osasuna,0,0,0.000,2026-27,2026-08-24T2326Z
16982,Unai Santos,Unai Santos,Osasuna,0,0,0.000,2026-27,2026-08-24T2326Z
336,Isco,Isco Alarcón,Betis,6,2,3.000,2026-27,2026-08-26T0423Z
707,D. Llorente,Diego Javier Llorente,Betis,11,1,11.000,2026-27,2026-08-26T0423Z
2153,Bellerín,Héctor Bellerín,Betis,9,2,4.500,2026-27,2026-08-26T0423Z
2632,Fornals,Pablo Fornals,Betis,16,2,8.000,2026-27,2026-08-26T0423Z
3686,Valles,Álvaro Valles,Betis,27,2,13.500,2026-27,2026-08-26T0423Z
4620,Junior,Junior Firpo,Betis,1,1,1.000,2026-27,2026-08-26T0423Z
5546,Cucho,Cucho Hernández,Betis,14,2,7.000,2026-27,2026-08-26T0423Z
6392,Fran García,Fran García,Betis,16,2,8.000,2026-27,2026-08-26T0423Z
6450,Riquelme,Rodrigo Riquelme,Betis,16,2,8.000,2026-27,2026-08-26T0423Z
8405,Antony,Antony,Betis,15,2,7.500,2026-27,2026-08-26T0423Z
10233,Ortiz,Ángel Ortiz,Betis,6,1,6.000,2026-27,2026-08-26T0423Z
13822,Pablo García,Pablo García,Betis,9,2,4.500,2026-27,2026-08-26T0423Z
15696,Deossa,Nelson Deossa,Betis,12,2,6.000,2026-27,2026-08-26T0423Z
15736,Bernal,Facundo Bernal,Betis,11,2,5.500,2026-27,2026-08-26T0423Z
16203,Valentín Gómez,Valentín Gómez,Betis,13,1,13.000,2026-27,2026-08-26T0423Z
7589,Parrott,Troy Parrott,Betis,2,1,2.000,2026-27,2026-08-26T0423Z
14816,Valou,Jean Ives Valou,Getafe,-1,1,-1.000,2026-27,2026-08-26T0423Z
8988,Sotelo,Hugo Sotelo,Levante,1,1,1.000,2026-27,2026-08-26T0423Z
12823,Arguibide,Iñigo Arguibide,Osasuna,7,1,7.000,2026-27,2026-08-26T0423Z
2242,Guedes,Gonçalo Guedes,Real Sociedad,0,0,0.000,2026-27,2026-08-26T0423Z
11816,Fraga,Aitor Fraga,Real Sociedad,0,0,0.000,2026-27,2026-08-26T0423Z
16867,Aguirre,Ibai Aguirre,Real Sociedad,0,0,0.000,2026-27,2026-08-26T0423Z
989,Dimitrievski,Stole Dimitrievski,Valencia,15,2,7.500,2026-27,2026-08-26T0423Z
2663,Maffeo,Pablo Maffeo,Valencia,5,2,2.500,2026-27,2026-08-26T0423Z
2715,Pepelu,Pepelu,Valencia,12,2,6.000,2026-27,2026-08-26T0423Z
3607,Diakhaby,Mouctar Diakhaby,Valencia,6,2,3.000,2026-27,2026-08-26T0423Z
5019,Duro,Hugo Duro,Valencia,3,2,1.500,2026-27,2026-08-26T0423Z
6174,Danjuma,Arnaut Danjuma,Valencia,6,2,3.000,2026-27,2026-08-26T0423Z
7676,Guido,Guido Rodríguez,Valencia,14,2,7.000,2026-27,2026-08-26T0423Z
8294,Sadiq,Umar Sadiq,Valencia,3,2,1.500,2026-27,2026-08-26T0423Z
8684,Jesús Vázquez,Jesús Vázquez,Valencia,7,2,3.500,2026-27,2026-08-26T0423Z
9762,Tárrega,César Tárrega,Valencia,14,2,7.000,2026-27,2026-08-26T0423Z
9927,Javi Guerra,Javi Guerra,Valencia,13,2,6.500,2026-27,2026-08-26T0423Z
12025,Ugrinic,Filip Ugrinic,Valencia,9,2,4.500,2026-27,2026-08-26T0423Z
12594,Otorbi,David Otorbi,Valencia,0,1,0.000,2026-27,2026-08-26T0423Z
15928,Dieng,Aliou Dieng,Valencia,2,2,1.000,2026-27,2026-08-26T0423Z
18031,Sato,Ryunosuke Sato,Valencia,2,2,1.000,2026-27,2026-08-26T0423Z
6665,Rioja,Luis Rioja,Valencia,3,1,3.000,2026-27,2026-08-26T0423Z
16017,Panach,Alejandro Panach,Valencia,0,0,0.000,2026-27,2026-08-26T0423Z
17585,Rubi,Rubi Muñoz,Valencia,0,0,0.000,2026-27,2026-08-26T0423Z
18283,Van Oevelen,Kayne van Oevelen,Valencia,0,0,0.000,2026-27,2026-08-26T0423Z
59,Courtois,Thibaut Courtois,Real Madrid,10,2,5.000,2026-27,2026-08-27T0505Z
3429,Mbappé,Kylian Mbappé,Real Madrid,27,2,13.500,2026-27,2026-08-27T0505Z
3431,Bernardo Silva,Bernardo Silva,Real Madrid,8,2,4.000,2026-27,2026-08-27T0505Z
3758,Valverde,Federico Valverde,Real Madrid,15,2,7.500,2026-27,2026-08-27T0505Z
4884,Konaté,Ibrahima Konaté,Real Madrid,10,2,5.000,2026-27,2026-08-27T0505Z
5013,Cucurella,Marc Cucurella,Real Madrid,5,2,2.500,2026-27,2026-08-27T0505Z
5035,Brahim,Brahim Díaz,Real Madrid,2,1,2.000,2026-27,2026-08-27T0505Z
5565,Vinicius,Vinicius Junior,Real Madrid,16,2,8.000,2026-27,2026-08-27T0505Z
6055,Dumfries,Denzel Dumfries,Real Madrid,5,2,2.500,2026-27,2026-08-27T0505Z
8386,Bellingham,Jude Bellingham,Real Madrid,28,2,14.000,2026-27,2026-08-27T0505Z
8479,Camavinga,Eduardo Camavinga,Real Madrid,2,2,1.000,2026-27,2026-08-27T0505Z
10176,A. F. Carreras,Álvaro F. Carreras,Real Madrid,6,2,3.000,2026-27,2026-08-27T0505Z
11439,Güler,Arda Güler,Real Madrid,18,2,9.000,2026-27,2026-08-27T0505Z
11830,Huijsen,Dean Huijsen,Real Madrid,13,2,6.500,2026-27,2026-08-27T0505Z
12870,Carlos Espí,Carlos Espí,Real Madrid,9,2,4.500,2026-27,2026-08-27T0505Z
15342,Y. Diomande,Yan Diomande,Real Madrid,4,2,2.000,2026-27,2026-08-27T0505Z
1975,Remiro,Álex Remiro,Real Sociedad,12,2,6.000,2026-27,2026-08-27T0505Z
2675,Oyarzabal,Mikel Oyarzabal,Real Sociedad,4,2,2.000,2026-27,2026-08-27T0505Z
2799,Carlos Soler,Carlos Soler,Real Sociedad,6,2,3.000,2026-27,2026-08-27T0505Z
2802,Zubeldia,Igor Zubeldia,Real Sociedad,0,2,0.000,2026-27,2026-08-27T0505Z
6180,Sergio Gómez,Sergio Gómez,Real Sociedad,1,2,0.500,2026-27,2026-08-27T0505Z
6363,Barrenetxea,Ander Barrenetxea,Real Sociedad,0,2,0.000,2026-27,2026-08-27T0505Z
6446,Herrera,Yangel Herrera,Real Sociedad,6,2,3.000,2026-27,2026-08-27T0505Z
7091,Kubo,Takefusa Kubo,Real Sociedad,5,2,2.500,2026-27,2026-08-27T0505Z
8392,L. Sucic,Luka Sucic,Real Sociedad,11,2,5.500,2026-27,2026-08-27T0505Z
8651,Turrientes,Beñat Turrientes,Real Sociedad,4,2,2.000,2026-27,2026-08-27T0505Z
10660,Óskarsson,Orri Steinn Óskarsson,Real Sociedad,1,2,0.500,2026-27,2026-08-27T0505Z
11792,Jon Martín,Jon Martín,Real Sociedad,-2,2,-1.000,2026-27,2026-08-27T0505Z
12538,Aramburu,Jon Aramburu,Real Sociedad,2,2,1.000,2026-27,2026-08-27T0505Z
14021,Ochieng,Job Ochieng,Real Sociedad,1,1,1.000,2026-27,2026-08-27T0505Z
15273,Beitia,Luken Beitia,Real Sociedad,-2,1,-2.000,2026-27,2026-08-27T0505Z
2242,Guedes,Gonçalo Guedes,Real Sociedad,2,1,2.000,2026-27,2026-08-27T0505Z
697,Laporte,Aymeric Laporte,Athletic,4,2,2.000,2026-27,2026-08-28T0623Z
1934,I. Williams,Iñaki Williams,Athletic,6,2,3.000,2026-27,2026-08-28T0623Z
1972,Yeray,Yeray Álvarez,Athletic,12,2,6.000,2026-27,2026-08-28T0623Z
3204,Berenguer,Álex Berenguer,Athletic,4,2,2.000,2026-27,2026-08-28T0623Z
3693,Unai Simón,Unai Simón,Athletic,11,2,5.500,2026-27,2026-08-28T0623Z
5859,Guruzeta,Gorka Guruzeta,Athletic,0,2,0.000,2026-27,2026-08-28T0623Z
7006,Sancet,Oihan Sancet,Athletic,8,2,4.000,2026-27,2026-08-28T0623Z
7293,Navarro,Robert Navarro,Athletic,2,1,2.000,2026-27,2026-08-28T0623Z
8693,N. Williams,Nico Williams,Athletic,6,2,3.000,2026-27,2026-08-28T0623Z
10213,Gerenabarrena,Beñat Gerenabarrena,Athletic,4,2,2.000,2026-27,2026-08-28T0623Z
11677,Rincón,Hugo Rincón,Athletic,1,2,0.500,2026-27,2026-08-28T0623Z
11688,Boiro,Adama Boiro,Athletic,1,1,1.000,2026-27,2026-08-28T0623Z
11983,Djaló,Álvaro Djaló,Athletic,1,1,1.000,2026-27,2026-08-28T0623Z
12605,Jauregizar,Mikel Jauregizar,Athletic,2,1,2.000,2026-27,2026-08-28T0623Z
14017,Canales,Peio Canales,Athletic,1,2,0.500,2026-27,2026-08-28T0623Z
16229,Johaneko,Johaneko Louis-Jean,Athletic,5,1,5.000,2026-27,2026-08-28T0623Z
16350,Monreal,Iker Monreal,Athletic,0,0,0.000,2026-27,2026-08-28T0623Z
1882,Cancelo,Joao Cancelo,Barcelona,4,2,2.000,2026-27,2026-08-28T0623Z
2288,Olmo,Dani Olmo,Barcelona,5,2,2.500,2026-27,2026-08-28T0623Z
4288,Raphinha,Raphinha,Barcelona,39,2,19.500,2026-27,2026-08-28T0623Z
6674,Koundé,Jules Koundé,Barcelona,4,2,2.000,2026-27,2026-08-28T0623Z
7257,Pedri,Pedri González,Barcelona,16,2,8.000,2026-27,2026-08-28T0623Z
7279,Joan Garcia,Joan Garcia,Barcelona,23,2,11.500,2026-27,2026-08-28T0623Z
7542,Eric Garcia,Eric Garcia,Barcelona,19,2,9.500,2026-27,2026-08-28T0623Z
7595,Gordon,Anthony Gordon,Barcelona,5,2,2.500,2026-27,2026-08-28T0623Z
8395,Adeyemi,Karim Adeyemi,Barcelona,12,2,6.000,2026-27,2026-08-28T0623Z
11520,Yamal,Lamine Yamal,Barcelona,13,2,6.500,2026-27,2026-08-28T0623Z
11706,Cubarsí,Pau Cubarsí,Barcelona,8,1,8.000,2026-27,2026-08-28T0623Z
11709,Fermín,Fermín López,Barcelona,32,2,16.000,2026-27,2026-08-28T0623Z
12641,Martín,Gerard Martín,Barcelona,20,2,10.000,2026-27,2026-08-28T0623Z
13864,Bernal,Marc Bernal,Barcelona,13,2,6.500,2026-27,2026-08-28T0623Z
16765,Espart,Xavi Espart,Barcelona,21,2,10.500,2026-27,2026-08-28T0623Z
2733,Rodri,Rodri Hernández,Barcelona,2,1,2.000,2026-27,2026-08-28T0623Z
9316,Balde,Alejandro Balde,Barcelona,0,0,0.000,2026-27,2026-08-28T0623Z
175,Aspas,Iago Aspas,Celta,9,2,4.500,2026-27,2026-08-28T0623Z
4397,M. Alonso,Marcos Alonso,Celta,13,2,6.500,2026-27,2026-08-28T0623Z
5978,Radu,Ionut Radu,Celta,12,2,6.000,2026-27,2026-08-28T0623Z
6487,Galán,Javi Galán,Celta,4,2,2.000,2026-27,2026-08-28T0623Z
7199,Carreira,Sergio Carreira,Celta,8,2,4.000,2026-27,2026-08-28T0623Z
7842,Jutglà,Ferran Jutglà,Celta,6,2,3.000,2026-27,2026-08-28T0623Z
8082,Moriba,Ilaix Moriba,Celta,3,2,1.500,2026-27,2026-08-28T0623Z
9612,Starfelt,Carl Starfelt,Celta,1,1,1.000,2026-27,2026-08-28T0623Z
9740,Hugo Álvarez,Hugo Álvarez,Celta,6,2,3.000,2026-27,2026-08-28T0623Z
10207,Swedberg,Williot Swedberg,Celta,4,2,2.000,2026-27,2026-08-28T0623Z
10822,Durán,Pablo Durán,Celta,5,2,2.500,2026-27,2026-08-28T0623Z
12534,Javi Rodríguez,Javi Rodríguez,Celta,11,2,5.500,2026-27,2026-08-28T0623Z
13035,Rueda,Javi Rueda,Celta,1,2,0.500,2026-27,2026-08-28T0623Z
13036,Lago,Yoel Lago,Celta,1,2,0.500,2026-27,2026-08-28T0623Z
13808,Román,Miguel Román,Celta,15,2,7.500,2026-27,2026-08-28T0623Z
14980,El-Abdellaoui,Jones El-Abdellaoui,Celta,2,2,1.000,2026-27,2026-08-28T0623Z
660,Rubén G.,Rubén García,Osasuna,14,2,7.000,2026-27,2026-08-28T0623Z
841,Moi Gómez,Moi Gómez,Osasuna,10,2,5.000,2026-27,2026-08-28T0623Z
1928,Torró,Lucas Torró,Osasuna,7,2,3.500,2026-27,2026-08-28T0623Z
3206,Kike Barja,Kike Barja,Osasuna,11,2,5.500,2026-27,2026-08-28T0623Z
6493,Catena,Alejandro Catena,Osasuna,16,2,8.000,2026-27,2026-08-28T0623Z
6611,Herrera,Sergio Herrera,Osasuna,12,2,6.000,2026-27,2026-08-28T0623Z
6635,Budimir,Ante Budimir,Osasuna,15,2,7.500,2026-27,2026-08-28T0623Z
7027,Raúl García,Raúl García,Osasuna,13,2,6.500,2026-27,2026-08-28T0623Z
7082,Herrando,Jorge Herrando,Osasuna,12,2,6.000,2026-27,2026-08-28T0623Z
7203,Oroz,Aimar Oroz,Osasuna,8,2,4.000,2026-27,2026-08-28T0623Z
7204,Moncayola,Jon Moncayola,Osasuna,7,2,3.500,2026-27,2026-08-28T0623Z
10208,Dubasin,Jonathan Dubasin,Osasuna,6,2,3.000,2026-27,2026-08-28T0623Z
11230,Bretones,Abel Bretones,Osasuna,14,2,7.000,2026-27,2026-08-28T0623Z
11362,Iker Muñoz,Iker Muñoz,Osasuna,8,2,4.000,2026-27,2026-08-28T0623Z
12453,Osambela,Asier Osambela,Osasuna,4,1,4.000,2026-27,2026-08-28T0623Z
12823,Arguibide,Iñigo Arguibide,Osasuna,10,2,5.000,2026-27,2026-08-28T0623Z
18053,Bonel,Asier Bonel,Osasuna,0,0,0.000,2026-27,2026-08-28T0623Z
11857,Prati,Matteo Prati,Racing,0,0,0.000,2026-27,2026-08-28T0623Z
6310,Romero,Cristian Romero,Atlético,0,0,0.000,2026-27,2026-08-29T1159Z
9750,Abde,Abde Ezzalzouli,Betis,0,0,0.000,2026-27,2026-08-29T1159Z
11683,Gorrotxategi,Jon Gorrotxategi,Real Sociedad,0,0,0.000,2026-27,2026-08-29T1159Z
15944,M. Sarr,Mamadou Sarr,Real Sociedad,0,0,0.000,2026-27,2026-08-29T1159Z
8703,Alfon,Alfonso González,Sevilla,0,0,0.000,2026-27,2026-08-29T1159Z
404,Bigas,Pedro Bigas,Elche,2,2,1.000,2026-27,2026-08-29T1159Z
1859,Josan,Josan Ferrández,Elche,2,1,2.000,2026-27,2026-08-29T1159Z
2727,Ponce,Ezequiel Ponce,Elche,5,2,2.500,2026-27,2026-08-29T1159Z
5227,Villar,Gonzalo Villar,Elche,15,3,5.000,2026-27,2026-08-29T1159Z
6882,Tete Morente,Tete Morente,Elche,12,3,4.000,2026-27,2026-08-29T1159Z
7081,Fer Niño,Fernando Niño,Elche,11,3,3.670,2026-27,2026-08-29T1159Z
7658,Valera,Germán Valera,Elche,8,3,2.670,2026-27,2026-08-29T1159Z
8273,Chust,Víctor Chust,Elche,5,3,1.670,2026-27,2026-08-29T1159Z
8816,Affengruber,David Affengruber,Elche,6,3,2.000,2026-27,2026-08-29T1159Z
9161,Dituro,Matías Dituro,Elche,8,3,2.670,2026-27,2026-08-29T1159Z
10358,Aguado,Marc Aguado,Elche,12,3,4.000,2026-27,2026-08-29T1159Z
11214,Buonanotte,Facundo Buonanotte,Elche,3,2,1.500,2026-27,2026-08-29T1159Z
12878,Sangaré,Buba Sangaré,Elche,8,3,2.670,2026-27,2026-08-29T1159Z
14118,Ali Houary,Ali Houary,Elche,-2,3,-0.670,2026-27,2026-08-29T1159Z
17248,Cepeda,Lucas Cepeda,Elche,10,3,3.330,2026-27,2026-08-29T1159Z
17495,Morcillo,Javi Morcillo,Elche,0,2,0.000,2026-27,2026-08-29T1159Z
17151,Osorio,Abiel Osorio,Elche,0,0,0.000,2026-27,2026-08-29T1159Z
843,Gerard,Gerard Moreno,Villarreal,20,3,6.670,2026-27,2026-08-29T1159Z
4511,Ayoze,Ayoze Pérez,Villarreal,7,3,2.330,2026-27,2026-08-29T1159Z
4705,Foyth,Juan Foyth,Villarreal,16,3,5.330,2026-27,2026-08-29T1159Z
5549,Comesaña,Santi Comesaña,Villarreal,6,3,2.000,2026-27,2026-08-29T1159Z
7209,Pépé,Nicolas Pépé,Villarreal,25,3,8.330,2026-27,2026-08-29T1159Z
8413,Pape Gueye,Pape Gueye,Villarreal,13,3,4.330,2026-27,2026-08-29T1159Z
9763,Akhomach,Ilias Akhomach,Villarreal,5,3,1.670,2026-27,2026-08-29T1159Z
9990,Moleiro,Alberto Moleiro,Villarreal,13,3,4.330,2026-27,2026-08-29T1159Z
10114,Veiga,Renato Veiga,Villarreal,8,3,2.670,2026-27,2026-08-29T1159Z
10638,Buchanan,Tajon Buchanan,Villarreal,11,3,3.670,2026-27,2026-08-29T1159Z
11172,Romero,Carlos Romero,Villarreal,7,3,2.330,2026-27,2026-08-29T1159Z
11678,Mouriño,Santiago Mouriño,Villarreal,5,3,1.670,2026-27,2026-08-29T1159Z
12139,Mikautadze,Georges Mikautadze,Villarreal,25,3,8.330,2026-27,2026-08-29T1159Z
13440,Oluwaseyi,Tani Oluwaseyi,Villarreal,4,2,2.000,2026-27,2026-08-29T1159Z
14125,Luiz Junior,Luiz Junior,Villarreal,12,3,4.000,2026-27,2026-08-29T1159Z
17275,Freeman,Alex Freeman,Villarreal,4,2,2.000,2026-27,2026-08-29T1159Z
14022,Diatta,Alassane Diatta,Villarreal,0,0,0.000,2026-27,2026-08-29T1159Z
17695,Saliba,Nathan-Dylan Saliba,Villarreal,0,0,0.000,2026-27,2026-08-29T1159Z
189,Jonny,Jonny Castro,Alavés,21,3,7.000,2026-27,2026-08-29T1159Z
1059,Sivera,Antonio Sivera,Alavés,30,3,10.000,2026-27,2026-08-29T1159Z
1778,Denis Suárez,Denis Suárez,Alavés,10,3,3.330,2026-27,2026-08-29T1159Z
3226,Mariano,Mariano Díaz,Alavés,25,3,8.330,2026-27,2026-08-29T1159Z
5032,Toni Martinez,Toni Martinez,Alavés,13,3,4.330,2026-27,2026-08-29T1159Z
5124,Boyé,Lucas Boyé,Alavés,15,2,7.500,2026-27,2026-08-29T1159Z
8737,Blanco,Antonio Blanco,Alavés,17,3,5.670,2026-27,2026-08-29T1159Z
9909,Tenaglia,Nahuel Tenaglia,Alavés,30,3,10.000,2026-27,2026-08-29T1159Z
10258,Ibáñez,Pablo Ibáñez,Alavés,17,3,5.670,2026-27,2026-08-29T1159Z
10448,Protesoni,Carlos Benavidez,Alavés,2,1,2.000,2026-27,2026-08-29T1159Z
10476,Rebbach,Abde Rebbach,Alavés,13,3,4.330,2026-27,2026-08-29T1159Z
12925,Aitor Mañas,Aitor Mañas,Alavés,3,2,1.500,2026-27,2026-08-29T1159Z
14935,Youssef,Youssef Enríquez,Alavés,11,3,3.670,2026-27,2026-08-29T1159Z
15127,Ángel Pérez,Ángel Pérez,Alavés,24,3,8.000,2026-27,2026-08-29T1159Z
16186,Mikel Rodriguez,Mikel Rodriguez,Alavés,17,3,5.670,2026-27,2026-08-29T1159Z
17284,Koski,Ville Koski,Alavés,23,3,7.670,2026-27,2026-08-29T1159Z
132,Canales,Sergio Canales,Racing,10,3,3.330,2026-27,2026-08-29T1159Z
3671,Villalibre,Asier Villalibre,Racing,5,3,1.670,2026-27,2026-08-29T1159Z
3836,Hernando,Manu Hernando,Racing,10,3,3.330,2026-27,2026-08-29T1159Z
6442,Iñigo Vicente,Iñigo Vicente,Racing,24,3,8.000,2026-27,2026-08-29T1159Z
6890,Andrés Martín,Andrés Martín,Racing,18,3,6.000,2026-27,2026-08-29T1159Z
9213,Agirrezabala,Julen Agirrezabala,Racing,17,3,5.670,2026-27,2026-08-29T1159Z
10209,Facu González,Facundo González,Racing,4,3,1.330,2026-27,2026-08-29T1159Z
10336,Mantilla,Álvaro Mantilla,Racing,2,3,0.670,2026-27,2026-08-29T1159Z
12079,Puerta,Gustavo Puerta,Racing,9,3,3.000,2026-27,2026-08-29T1159Z
14105,Salinas,Jorge Salinas,Racing,9,3,3.000,2026-27,2026-08-29T1159Z
14155,Maguette,Maguette Gueye,Racing,5,3,1.670,2026-27,2026-08-29T1159Z
18282,Zabiri,Yassir Zabiri,Racing,23,3,7.670,2026-27,2026-08-29T1159Z
6563,Iván Martín,Iván Martín,Racing,7,2,3.500,2026-27,2026-08-29T1159Z
17148,Guliashvili,Giorgi Guliashvili,Racing,0,1,0.000,2026-27,2026-08-29T1159Z
11857,Prati,Matteo Prati,Racing,0,1,0.000,2026-27,2026-08-29T1159Z
63,Koke,Koke Resurrección,Atlético,15,3,5.000,2026-27,2026-08-30T0758Z
775,Giménez,José María Giménez,Atlético,3,2,1.500,2026-27,2026-08-30T0758Z
1826,Oblak,Jan Oblak,Atlético,21,3,7.000,2026-27,2026-08-30T0758Z
1931,M. Llorente,Marcos Llorente,Atlético,17,3,5.670,2026-27,2026-08-30T0758Z
2771,Grimaldo,Álex Grimaldo,Atlético,6,2,3.000,2026-27,2026-08-30T0758Z
4434,Lookman,Ademola Lookman,Atlético,19,3,6.330,2026-27,2026-08-30T0758Z
5995,Hancko,David Hancko,Atlético,21,3,7.000,2026-27,2026-08-30T0758Z
6337,Kang-In Lee,Kang-In Lee,Atlético,26,3,8.670,2026-27,2026-08-30T0758Z
7645,Baena,Álex Baena,Atlético,29,3,9.670,2026-27,2026-08-30T0758Z
9276,Giuliano,Giuliano Simeone,Atlético,18,3,6.000,2026-27,2026-08-30T0758Z
9823,Pubill,Marc Pubill,Atlético,13,2,6.500,2026-27,2026-08-30T0758Z
10005,Barrios,Pablo Barrios,Atlético,23,3,7.670,2026-27,2026-08-30T0758Z
10237,Mendoza,Rodrigo Mendoza,Atlético,8,3,2.670,2026-27,2026-08-30T0758Z
10393,Hjulmand,Morten Hjulmand,Atlético,9,3,3.000,2026-27,2026-08-30T0758Z
11579,Ortiz,Arnau Ortiz,Atlético,5,2,2.500,2026-27,2026-08-30T0758Z
12647,Cardoso,Johnny Cardoso,Atlético,2,1,2.000,2026-27,2026-08-30T0758Z
322,Bartra,Marc Bartra,Betis,21,2,10.500,2026-27,2026-08-30T0758Z
336,Isco,Isco Alarcón,Betis,10,3,3.330,2026-27,2026-08-30T0758Z
2153,Bellerín,Héctor Bellerín,Betis,6,3,2.000,2026-27,2026-08-30T0758Z
2632,Fornals,Pablo Fornals,Betis,16,3,5.330,2026-27,2026-08-30T0758Z
3215,Marc Roca,Marc Roca,Betis,17,2,8.500,2026-27,2026-08-30T0758Z
3686,Valles,Álvaro Valles,Betis,27,3,9.000,2026-27,2026-08-30T0758Z
5546,Cucho,Cucho Hernández,Betis,15,3,5.000,2026-27,2026-08-30T0758Z
6392,Fran García,Fran García,Betis,13,3,4.330,2026-27,2026-08-30T0758Z
6450,Riquelme,Rodrigo Riquelme,Betis,26,3,8.670,2026-27,2026-08-30T0758Z
8405,Antony,Antony,Betis,19,3,6.330,2026-27,2026-08-30T0758Z
11813,Natan,Natan,Betis,11,2,5.500,2026-27,2026-08-30T0758Z
13822,Pablo García,Pablo García,Betis,8,3,2.670,2026-27,2026-08-30T0758Z
15696,Deossa,Nelson Deossa,Betis,13,3,4.330,2026-27,2026-08-30T0758Z
15736,Bernal,Facundo Bernal,Betis,12,3,4.000,2026-27,2026-08-30T0758Z
7589,Parrott,Troy Parrott,Betis,3,2,1.500,2026-27,2026-08-30T0758Z
9750,Abde,Abde Ezzalzouli,Betis,2,1,2.000,2026-27,2026-08-30T0758Z
18201,Kike Ribes,Kike Ribes,Celta,0,0,0.000,2026-27,2026-08-30T0758Z
1927,Pere Milla,Pere Milla,Espanyol,3,3,1.000,2026-27,2026-08-30T0758Z
3738,Edu Expósito,Edu Expósito,Espanyol,13,3,4.330,2026-27,2026-08-30T0758Z
3759,Dmitrovic,Marko Dmitrovic,Espanyol,23,3,7.670,2026-27,2026-08-30T0758Z
3785,U. Núñez,Unai Núñez,Espanyol,17,3,5.670,2026-27,2026-08-30T0758Z
8228,Urko,Urko González de Zarate,Espanyol,8,3,2.670,2026-27,2026-08-30T0758Z
9850,Jofre,Jofre Carreras,Espanyol,5,3,1.670,2026-27,2026-08-30T0758Z
9987,Roberto,Roberto Fernández,Espanyol,27,3,9.000,2026-27,2026-08-30T0758Z
10220,El Hilali,Omar El Hilali,Espanyol,12,3,4.000,2026-27,2026-08-30T0758Z
10893,Marcos,Marcos Fernández,Espanyol,3,2,1.500,2026-27,2026-08-30T0758Z
11863,Calatrava,Álex Calatrava,Espanyol,15,3,5.000,2026-27,2026-08-30T0758Z
12918,Bauzà,Rafel Bauzà,Espanyol,3,3,1.000,2026-27,2026-08-30T0758Z
13119,Drkusic,Vanja Drkusic,Espanyol,4,2,2.000,2026-27,2026-08-30T0758Z
14024,Javier Hernández,Javier Hernández,Espanyol,15,3,5.000,2026-27,2026-08-30T0758Z
15316,Hinojo,Roger Hinojo,Espanyol,1,3,0.330,2026-27,2026-08-30T0758Z
15957,Moscardo,Gabriel Moscardo,Espanyol,2,1,2.000,2026-27,2026-08-30T0758Z
16202,Dolan,Tyrhys Dolan,Espanyol,19,3,6.330,2026-27,2026-08-30T0758Z
1566,Mandi,Aissa Mandi,Levante,15,3,5.000,2026-27,2026-08-30T0758Z
1743,Ryan,Mathew Ryan,Levante,26,3,8.670,2026-27,2026-08-30T0758Z
4976,Toljan,Jeremy Toljan,Levante,5,3,1.670,2026-27,2026-08-30T0758Z
6346,De la Fuente,Adrián de la Fuente,Levante,20,3,6.670,2026-27,2026-08-30T0758Z
6605,Manu Sánchez,Manu Sánchez,Levante,8,3,2.670,2026-27,2026-08-30T0758Z
7629,Iván Romero,Iván Romero,Levante,8,3,2.670,2026-27,2026-08-30T0758Z
7644,Víctor García,Víctor García,Levante,4,3,1.330,2026-27,2026-08-30T0758Z
8088,Oriol Rey,Oriol Rey,Levante,12,3,4.000,2026-27,2026-08-30T0758Z
8961,Olasagasti,Jon Ander Olasagasti,Levante,22,3,7.330,2026-27,2026-08-30T0758Z
10326,Etta Eyong,Karl Etta Eyong,Levante,10,3,3.330,2026-27,2026-08-30T0758Z
13145,Cortés,Paco Cortés,Levante,4,2,2.000,2026-27,2026-08-30T0758Z
16020,Nacho Pérez,Nacho Pérez,Levante,13,3,4.330,2026-27,2026-08-30T0758Z
18006,Bardeli,Enzo Bardelli,Levante,19,3,6.330,2026-27,2026-08-30T0758Z
8988,Sotelo,Hugo Sotelo,Levante,3,2,1.500,2026-27,2026-08-30T0758Z
9157,Brugui,Roger Brugué,Levante,18,2,9.000,2026-27,2026-08-30T0758Z
17116,Thiago,Thiago Fernández,Levante,3,2,1.500,2026-27,2026-08-30T0758Z
18294,Musuayi,Yanis Musuayi,Levante,0,0,0.000,2026-27,2026-08-30T0758Z
16735,Javi Navarro,Javi Navarro,Real Madrid,0,0,0.000,2026-27,2026-08-30T0758Z
1975,Remiro,Álex Remiro,Real Sociedad,16,3,5.330,2026-27,2026-08-30T0758Z
2675,Oyarzabal,Mikel Oyarzabal,Real Sociedad,18,3,6.000,2026-27,2026-08-30T0758Z
2799,Carlos Soler,Carlos Soler,Real Sociedad,14,3,4.670,2026-27,2026-08-30T0758Z
2802,Zubeldia,Igor Zubeldia,Real Sociedad,1,3,0.330,2026-27,2026-08-30T0758Z
6180,Sergio Gómez,Sergio Gómez,Real Sociedad,6,3,2.000,2026-27,2026-08-30T0758Z
6363,Barrenetxea,Ander Barrenetxea,Real Sociedad,8,3,2.670,2026-27,2026-08-30T0758Z
6446,Herrera,Yangel Herrera,Real Sociedad,8,3,2.670,2026-27,2026-08-30T0758Z
7091,Kubo,Takefusa Kubo,Real Sociedad,7,3,2.330,2026-27,2026-08-30T0758Z
8392,L. Sucic,Luka Sucic,Real Sociedad,16,3,5.330,2026-27,2026-08-30T0758Z
8651,Turrientes,Beñat Turrientes,Real Sociedad,6,3,2.000,2026-27,2026-08-30T0758Z
10660,Óskarsson,Orri Steinn Óskarsson,Real Sociedad,11,3,3.670,2026-27,2026-08-30T0758Z
11792,Jon Martín,Jon Martín,Real Sociedad,5,3,1.670,2026-27,2026-08-30T0758Z
12538,Aramburu,Jon Aramburu,Real Sociedad,9,3,3.000,2026-27,2026-08-30T0758Z
14881,Marchal,Alex Marchal,Real Sociedad,0,2,0.000,2026-27,2026-08-30T0758Z
2242,Guedes,Gonçalo Guedes,Real Sociedad,6,2,3.000,2026-27,2026-08-30T0758Z
11683,Gorrotxategi,Jon Gorrotxategi,Real Sociedad,2,1,2.000,2026-27,2026-08-30T0758Z
3736,Guridi,Jon Guridi,Sevilla,9,3,3.000,2026-27,2026-08-30T0758Z
6235,Vlachodimos,Odysseas Vlachodimos,Sevilla,18,3,6.000,2026-27,2026-08-30T0758Z
7249,Agoume,Lucien Agoume,Sevilla,12,3,4.000,2026-27,2026-08-30T0758Z
8686,Iglesias,Juan Iglesias,Sevilla,8,3,2.670,2026-27,2026-08-30T0758Z
9931,Kike Salas,Kike Salas,Sevilla,2,2,1.000,2026-27,2026-08-30T0758Z
10341,Peque,Peque,Sevilla,12,3,4.000,2026-27,2026-08-30T0758Z
11680,Romero,Isaac Romero,Sevilla,13,3,4.330,2026-27,2026-08-30T0758Z
12042,Ejuke,Chidera Ejuke,Sevilla,16,3,5.330,2026-27,2026-08-30T0758Z
12358,Suazo,Gabriel Suazo,Sevilla,5,3,1.670,2026-27,2026-08-30T0758Z
13888,Castrín,Andrés Castrín,Sevilla,9,2,4.500,2026-27,2026-08-30T0758Z
16236,Sierra,Miguel Sierra,Sevilla,19,3,6.330,2026-27,2026-08-30T0758Z
17129,Julio Díaz,Julio Díaz,Sevilla,2,2,1.000,2026-27,2026-08-30T0758Z
18314,Ure,Robbie Ure,Sevilla,11,3,3.670,2026-27,2026-08-30T0758Z
7786,Kochorashvili,Giorgi Kochorashvili,Sevilla,2,1,2.000,2026-27,2026-08-30T0758Z
8703,Alfon,Alfonso González,Sevilla,2,1,2.000,2026-27,2026-08-30T0758Z
943,Foulquier,Dimitri Foulquier,Valencia,0,0,0.000,2026-27,2026-08-30T0758Z
9218,Arnau,Arnau Martínez,Valencia,0,0,0.000,2026-27,2026-08-30T0758Z
17376,Mayol,Aaron Ndive Mayol,Valencia,0,0,0.000,2026-27,2026-08-30T0758Z
44,R. de Galarreta,Íñigo Ruiz de Galarreta,Athletic,12,2,6.000,2026-27,2026-08-31T0523Z
697,Laporte,Aymeric Laporte,Athletic,13,3,4.330,2026-27,2026-08-31T0523Z
735,Yuri,Yuri Berchiche,Athletic,7,2,3.500,2026-27,2026-08-31T0523Z
1934,I. Williams,Iñaki Williams,Athletic,16,3,5.330,2026-27,2026-08-31T0523Z
3204,Berenguer,Álex Berenguer,Athletic,16,3,5.330,2026-27,2026-08-31T0523Z
3693,Unai Simón,Unai Simón,Athletic,21,3,7.000,2026-27,2026-08-31T0523Z
5859,Guruzeta,Gorka Guruzeta,Athletic,3,3,1.000,2026-27,2026-08-31T0523Z
7006,Sancet,Oihan Sancet,Athletic,14,3,4.670,2026-27,2026-08-31T0523Z
7293,Navarro,Robert Navarro,Athletic,15,2,7.500,2026-27,2026-08-31T0523Z
7638,Areso,Jesús Areso,Athletic,7,2,3.500,2026-27,2026-08-31T0523Z
7916,Paredes,Aitor Paredes,Athletic,19,2,9.500,2026-27,2026-08-31T0523Z
8693,N. Williams,Nico Williams,Athletic,8,3,2.670,2026-27,2026-08-31T0523Z
10213,Gerenabarrena,Beñat Gerenabarrena,Athletic,10,3,3.330,2026-27,2026-08-31T0523Z
12605,Jauregizar,Mikel Jauregizar,Athletic,5,2,2.500,2026-27,2026-08-31T0523Z
14017,Canales,Peio Canales,Athletic,3,3,1.000,2026-27,2026-08-31T0523Z
16229,Johaneko,Johaneko Louis-Jean,Athletic,7,2,3.500,2026-27,2026-08-31T0523Z
175,Aspas,Iago Aspas,Celta,12,3,4.000,2026-27,2026-08-31T0523Z
5978,Radu,Ionut Radu,Celta,19,3,6.330,2026-27,2026-08-31T0523Z
6885,Febas,Aleix Febas,Celta,9,2,4.500,2026-27,2026-08-31T0523Z
7199,Carreira,Sergio Carreira,Celta,7,3,2.330,2026-27,2026-08-31T0523Z
7842,Jutglà,Ferran Jutglà,Celta,9,3,3.000,2026-27,2026-08-31T0523Z
8082,Moriba,Ilaix Moriba,Celta,3,3,1.000,2026-27,2026-08-31T0523Z
9612,Starfelt,Carl Starfelt,Celta,4,2,2.000,2026-27,2026-08-31T0523Z
9740,Hugo Álvarez,Hugo Álvarez,Celta,7,3,2.330,2026-27,2026-08-31T0523Z
9744,Hugo González,Hugo González,Celta,0,1,0.000,2026-27,2026-08-31T0523Z
10207,Swedberg,Williot Swedberg,Celta,5,3,1.670,2026-27,2026-08-31T0523Z
11767,Á. Núñez,Álvaro Núñez,Celta,2,1,2.000,2026-27,2026-08-31T0523Z
12420,Faye,Abdoulaye Faye,Celta,1,1,1.000,2026-27,2026-08-31T0523Z
12534,Javi Rodríguez,Javi Rodríguez,Celta,9,3,3.000,2026-27,2026-08-31T0523Z
13035,Rueda,Javi Rueda,Celta,3,3,1.000,2026-27,2026-08-31T0523Z
13036,Lago,Yoel Lago,Celta,3,3,1.000,2026-27,2026-08-31T0523Z
13808,Román,Miguel Román,Celta,21,3,7.000,2026-27,2026-08-31T0523Z
392,Ximo,Ximo Navarro,Deportivo,8,3,2.670,2026-27,2026-08-31T0523Z
3414,Aubameyang,Pierre-Emerick Aubameyang,Deportivo,31,3,10.330,2026-27,2026-08-31T0523Z
7309,Riki,Riki Rodríguez,Deportivo,2,1,2.000,2026-27,2026-08-31T0523Z
8712,Mario,Mario Soriano,Deportivo,19,3,6.330,2026-27,2026-08-31T0523Z
9405,Leo Román,Leo Román,Deportivo,17,3,5.670,2026-27,2026-08-31T0523Z
9772,Luismi,Luismi Cruz,Deportivo,16,3,5.330,2026-27,2026-08-31T0523Z
10357,Altimira,Adrià Altimira,Deportivo,10,3,3.330,2026-27,2026-08-31T0523Z
10473,Quagliata,Giacomo Quagliata,Deportivo,9,3,3.000,2026-27,2026-08-31T0523Z
10478,Loureiro,Miguel Loureiro,Deportivo,6,2,3.000,2026-27,2026-08-31T0523Z
11198,Amatucci,Lorenzo Amatucci,Deportivo,16,3,5.330,2026-27,2026-08-31T0523Z
15351,Asp Jensen,Jonathan Asp Jensen,Deportivo,9,3,3.000,2026-27,2026-08-31T0523Z
16099,Noubi,Lucas Noubi,Deportivo,12,3,4.000,2026-27,2026-08-31T0523Z
16863,Bil Nsongo,Bil Nsongo,Deportivo,12,3,4.000,2026-27,2026-08-31T0523Z
18017,Gijselhart,Teun Gijselhart,Deportivo,2,1,2.000,2026-27,2026-08-31T0523Z
18030,Ede,Bright Ede,Deportivo,13,3,4.330,2026-27,2026-08-31T0523Z
13974,Yeremay,Yeremay Hernández,Deportivo,4,2,2.000,2026-27,2026-08-31T0523Z
3174,Galilea,Einar Galilea,Málaga,10,3,3.330,2026-27,2026-08-31T0523Z
6050,Joaquín,Joaquín Muñoz,Málaga,9,3,3.000,2026-27,2026-08-31T0523Z
6973,Herrero,Alfonso Herrero,Málaga,12,3,4.000,2026-27,2026-08-31T0523Z
7703,Enríquez,Ramón Enríquez,Málaga,2,3,0.670,2026-27,2026-08-31T0523Z
8250,Salinas,José Salinas,Málaga,2,2,1.000,2026-27,2026-08-31T0523Z
8780,Larrubia,David Larrubia,Málaga,7,3,2.330,2026-27,2026-08-31T0523Z
9321,Haitam,Haitam Abaida,Málaga,4,2,2.000,2026-27,2026-08-31T0523Z
10823,Juan Cruz,Juan Cruz,Málaga,2,3,0.670,2026-27,2026-08-31T0523Z
10860,Dotor,Carlos Dotor,Málaga,11,3,3.670,2026-27,2026-08-31T0523Z
13982,Puga,Carlos Puga,Málaga,7,3,2.330,2026-27,2026-08-31T0523Z
13983,Merino,Izan Merino,Málaga,7,3,2.330,2026-27,2026-08-31T0523Z
14096,Chupete,Chupete,Málaga,9,3,3.000,2026-27,2026-08-31T0523Z
15336,Rafa Rodríguez,Rafa Rodríguez,Málaga,2,3,0.670,2026-27,2026-08-31T0523Z
15344,Rafita,Rafa Garrido,Málaga,10,3,3.330,2026-27,2026-08-31T0523Z
15417,Recio,Angel Recio,Málaga,7,3,2.330,2026-27,2026-08-31T0523Z
7614,Pablo Martínez,Pablo Martínez,Málaga,2,1,2.000,2026-27,2026-08-31T0523Z
59,Courtois,Thibaut Courtois,Real Madrid,18,3,6.000,2026-27,2026-08-31T0523Z
2536,Rüdiger,Antonio Rüdiger,Real Madrid,9,1,9.000,2026-27,2026-08-31T0523Z
3429,Mbappé,Kylian Mbappé,Real Madrid,41,3,13.670,2026-27,2026-08-31T0523Z
3431,Bernardo Silva,Bernardo Silva,Real Madrid,9,3,3.000,2026-27,2026-08-31T0523Z
3758,Valverde,Federico Valverde,Real Madrid,21,3,7.000,2026-27,2026-08-31T0523Z
4480,Alexander-Arnold,Trent Alexander-Arnold,Real Madrid,17,2,8.500,2026-27,2026-08-31T0523Z
5013,Cucurella,Marc Cucurella,Real Madrid,13,3,4.330,2026-27,2026-08-31T0523Z
5035,Brahim,Brahim Díaz,Real Madrid,7,2,3.500,2026-27,2026-08-31T0523Z
5565,Vinicius,Vinicius Junior,Real Madrid,28,3,9.330,2026-27,2026-08-31T0523Z
8386,Bellingham,Jude Bellingham,Real Madrid,44,3,14.670,2026-27,2026-08-31T0523Z
8479,Camavinga,Eduardo Camavinga,Real Madrid,9,3,3.000,2026-27,2026-08-31T0523Z
11439,Güler,Arda Güler,Real Madrid,27,3,9.000,2026-27,2026-08-31T0523Z
11830,Huijsen,Dean Huijsen,Real Madrid,21,3,7.000,2026-27,2026-08-31T0523Z
15342,Y. Diomande,Yan Diomande,Real Madrid,6,3,2.000,2026-27,2026-08-31T0523Z
989,Dimitrievski,Stole Dimitrievski,Valencia,17,3,5.670,2026-27,2026-08-31T0523Z
2715,Pepelu,Pepelu,Valencia,14,3,4.670,2026-27,2026-08-31T0523Z
3607,Diakhaby,Mouctar Diakhaby,Valencia,6,3,2.000,2026-27,2026-08-31T0523Z
3732,Raba,Daniel Raba,Valencia,3,1,3.000,2026-27,2026-08-31T0523Z
5019,Duro,Hugo Duro,Valencia,5,3,1.670,2026-27,2026-08-31T0523Z
6174,Danjuma,Arnaut Danjuma,Valencia,9,3,3.000,2026-27,2026-08-31T0523Z
8294,Sadiq,Umar Sadiq,Valencia,12,3,4.000,2026-27,2026-08-31T0523Z
8684,Jesús Vázquez,Jesús Vázquez,Valencia,8,3,2.670,2026-27,2026-08-31T0523Z
9762,Tárrega,César Tárrega,Valencia,15,3,5.000,2026-27,2026-08-31T0523Z
9927,Javi Guerra,Javi Guerra,Valencia,14,3,4.670,2026-27,2026-08-31T0523Z
12025,Ugrinic,Filip Ugrinic,Valencia,11,3,3.670,2026-27,2026-08-31T0523Z
12594,Otorbi,David Otorbi,Valencia,0,2,0.000,2026-27,2026-08-31T0523Z
15928,Dieng,Aliou Dieng,Valencia,4,3,1.330,2026-27,2026-08-31T0523Z
18031,Sato,Ryunosuke Sato,Valencia,4,3,1.330,2026-27,2026-08-31T0523Z
6665,Rioja,Luis Rioja,Valencia,5,2,2.500,2026-27,2026-08-31T0523Z
9218,Arnau,Arnau Martínez,Valencia,0,1,0.000,2026-27,2026-08-31T0523Z
1882,Cancelo,Joao Cancelo,Barcelona,5,3,1.670,2026-27,2026-09-01T0730Z
2288,Olmo,Dani Olmo,Barcelona,8,3,2.670,2026-27,2026-09-01T0730Z
2417,A. Christensen,Andreas Christensen,Barcelona,14,2,7.000,2026-27,2026-09-01T0730Z
4288,Raphinha,Raphinha,Barcelona,55,3,18.330,2026-27,2026-09-01T0730Z
6674,Koundé,Jules Koundé,Barcelona,6,3,2.000,2026-27,2026-09-01T0730Z
7257,Pedri,Pedri González,Barcelona,19,3,6.330,2026-27,2026-09-01T0730Z
7279,Joan Garcia,Joan Garcia,Barcelona,27,3,9.000,2026-27,2026-09-01T0730Z
7595,Gordon,Anthony Gordon,Barcelona,15,3,5.000,2026-27,2026-09-01T0730Z
8395,Adeyemi,Karim Adeyemi,Barcelona,18,3,6.000,2026-27,2026-09-01T0730Z
11520,Yamal,Lamine Yamal,Barcelona,30,3,10.000,2026-27,2026-09-01T0730Z
11706,Cubarsí,Pau Cubarsí,Barcelona,11,2,5.500,2026-27,2026-09-01T0730Z
11709,Fermín,Fermín López,Barcelona,36,3,12.000,2026-27,2026-09-01T0730Z
13864,Bernal,Marc Bernal,Barcelona,23,3,7.670,2026-27,2026-09-01T0730Z
16765,Espart,Xavi Espart,Barcelona,29,3,9.670,2026-27,2026-09-01T0730Z
17663,Abdelkarim,Hamza Abdelkarim,Barcelona,2,1,2.000,2026-27,2026-09-01T0730Z
2733,Rodri,Rodri Hernández,Barcelona,4,2,2.000,2026-27,2026-09-01T0730Z
899,Mojica,Johan Mojica,Getafe,9,2,4.500,2026-27,2026-09-01T0730Z
1919,Soria,David Soria,Getafe,23,3,7.670,2026-27,2026-09-01T0730Z
1989,Mayoral,Borja Mayoral,Getafe,3,2,1.500,2026-27,2026-09-01T0730Z
3178,Femenia,Kiko Femenia,Getafe,6,2,3.000,2026-27,2026-09-01T0730Z
3751,Enes Ünal,Enes Ünal,Getafe,10,3,3.330,2026-27,2026-09-01T0730Z
3881,Djené,Dakonam Djené,Getafe,15,3,5.000,2026-27,2026-09-01T0730Z
8496,Satriano,Martín Satriano,Getafe,9,3,3.000,2026-27,2026-09-01T0730Z
8944,Terrats,Ramón Terrats,Getafe,15,3,5.000,2026-27,2026-09-01T0730Z
10463,Mangala,Orel Mangala,Getafe,12,3,4.000,2026-27,2026-09-01T0730Z
11916,Andrés García,Andrés García,Getafe,12,3,4.000,2026-27,2026-09-01T0730Z
12917,Risco,Alberto Risco,Getafe,3,3,1.000,2026-27,2026-09-01T0730Z
14210,Romero,Zaid Romero,Getafe,19,3,6.330,2026-27,2026-09-01T0730Z
7995,Francho,Francho Serrano,Getafe,9,2,4.500,2026-27,2026-09-01T0730Z
7028,Gudelj,Nemanja Gudelj,Getafe,2,1,2.000,2026-27,2026-09-01T0730Z
12539,Joselu,Joselu Pérez,Getafe,0,0,0.000,2026-27,2026-09-01T0730Z
16149,Moha,Moha Hamdoune,Getafe,0,0,0.000,2026-27,2026-09-01T0730Z
660,Rubén G.,Rubén García,Osasuna,16,3,5.330,2026-27,2026-09-01T0730Z
841,Moi Gómez,Moi Gómez,Osasuna,18,3,6.000,2026-27,2026-09-01T0730Z
1928,Torró,Lucas Torró,Osasuna,8,3,2.670,2026-27,2026-09-01T0730Z
3206,Kike Barja,Kike Barja,Osasuna,12,3,4.000,2026-27,2026-09-01T0730Z
6493,Catena,Alejandro Catena,Osasuna,24,3,8.000,2026-27,2026-09-01T0730Z
6611,Herrera,Sergio Herrera,Osasuna,22,3,7.330,2026-27,2026-09-01T0730Z
6635,Budimir,Ante Budimir,Osasuna,26,3,8.670,2026-27,2026-09-01T0730Z
7027,Raúl García,Raúl García,Osasuna,13,3,4.330,2026-27,2026-09-01T0730Z
7082,Herrando,Jorge Herrando,Osasuna,15,3,5.000,2026-27,2026-09-01T0730Z
7203,Oroz,Aimar Oroz,Osasuna,12,3,4.000,2026-27,2026-09-01T0730Z
7204,Moncayola,Jon Moncayola,Osasuna,14,3,4.670,2026-27,2026-09-01T0730Z
8695,Boyomo,Boyomo,Osasuna,4,1,4.000,2026-27,2026-09-01T0730Z
10208,Dubasin,Jonathan Dubasin,Osasuna,8,3,2.670,2026-27,2026-09-01T0730Z
11230,Bretones,Abel Bretones,Osasuna,21,3,7.000,2026-27,2026-09-01T0730Z
11362,Iker Muñoz,Iker Muñoz,Osasuna,12,3,4.000,2026-27,2026-09-01T0730Z
12823,Arguibide,Iñigo Arguibide,Osasuna,18,3,6.000,2026-27,2026-09-01T0730Z
18316,Yeboah,Rockson Yeboah,Osasuna,0,0,0.000,2026-27,2026-09-01T0730Z
863,Lejeune,Florian Lejeune,Rayo,5,3,1.670,2026-27,2026-09-01T0730Z
867,Álvaro García,Álvaro García,Rayo,13,3,4.330,2026-27,2026-09-01T0730Z
1881,Unai López,Unai López,Rayo,18,3,6.000,2026-27,2026-09-01T0730Z
3623,Pedro Díaz,Pedro Díaz,Rayo,5,2,2.500,2026-27,2026-09-01T0730Z
6562,Camello,Sergio Camello,Rayo,20,3,6.670,2026-27,2026-09-01T0730Z
6633,De Frutos,Jorge de Frutos,Rayo,12,3,4.000,2026-27,2026-09-01T0730Z
6853,Nteka,Randy Nteka,Rayo,7,3,2.330,2026-27,2026-09-01T0730Z
6889,Valentín,Óscar Valentín,Rayo,9,3,3.000,2026-27,2026-09-01T0730Z
7251,Balliu,Iván Balliu,Rayo,-3,2,-1.500,2026-27,2026-09-01T0730Z
7307,Pathé Ciss,Pathé Ciss,Rayo,15,3,5.000,2026-27,2026-09-01T0730Z
7570,Cárdenas,Dani Cárdenas,Rayo,2,2,1.000,2026-27,2026-09-01T0730Z
10210,Fran Pérez,Fran Pérez,Rayo,3,3,1.000,2026-27,2026-09-01T0730Z
11758,Alemão,Alemão,Rayo,2,2,1.000,2026-27,2026-09-01T0730Z
14004,Vertrouwd,Jozhua Vertrouwd,Rayo,2,2,1.000,2026-27,2026-09-01T0730Z
5587,Pedrosa,Adrià Pedrosa,Rayo,-1,1,-1.000,2026-27,2026-09-01T0730Z
13813,Molina,Adrián Molina,Rayo,0,0,0.000,2026-27,2026-09-01T0730Z
18273,Bouare,Gnangoro Bouare,Rayo,0,1,0.000,2026-27,2026-09-01T0730Z
9638,Carrillo,Coke Carrillo,Celta,0,0,0.000,2026-27,2026-09-02T1429Z
14199,Driouech,Couhaib Driouech,Celta,0,0,0.000,2026-27,2026-09-02T1429Z
7917,Prados,Beñat Prados,Athletic,0,0,0.000,2026-27,2026-09-05T1806Z
16810,Selton,Selton Sánchez,Athletic,0,0,0.000,2026-27,2026-09-05T1806Z
9573,Jonathan David,Jonathan David,Atlético,0,0,0.000,2026-27,2026-09-05T1806Z
322,Bartra,Marc Bartra,Betis,25,3,8.330,2026-27,2026-09-05T1806Z
336,Isco,Isco Alarcón,Betis,15,4,3.750,2026-27,2026-09-05T1806Z
707,D. Llorente,Diego Javier Llorente,Betis,13,2,6.500,2026-27,2026-09-05T1806Z
2153,Bellerín,Héctor Bellerín,Betis,13,4,3.250,2026-27,2026-09-05T1806Z
2632,Fornals,Pablo Fornals,Betis,21,4,5.250,2026-27,2026-09-05T1806Z
3215,Marc Roca,Marc Roca,Betis,23,3,7.670,2026-27,2026-09-05T1806Z
3686,Valles,Álvaro Valles,Betis,45,4,11.250,2026-27,2026-09-05T1806Z
5546,Cucho,Cucho Hernández,Betis,19,4,4.750,2026-27,2026-09-05T1806Z
6392,Fran García,Fran García,Betis,21,4,5.250,2026-27,2026-09-05T1806Z
6393,Fidalgo,Álvaro Fidalgo,Betis,1,1,1.000,2026-27,2026-09-05T1806Z
6450,Riquelme,Rodrigo Riquelme,Betis,28,4,7.000,2026-27,2026-09-05T1806Z
8405,Antony,Antony,Betis,24,4,6.000,2026-27,2026-09-05T1806Z
11813,Natan,Natan,Betis,16,3,5.330,2026-27,2026-09-05T1806Z
15696,Deossa,Nelson Deossa,Betis,16,4,4.000,2026-27,2026-09-05T1806Z
15736,Bernal,Facundo Bernal,Betis,17,4,4.250,2026-27,2026-09-05T1806Z
7589,Parrott,Troy Parrott,Betis,11,3,3.670,2026-27,2026-09-05T1806Z
16154,Morante,José Antonio Morante,Betis,0,0,0.000,2026-27,2026-09-05T1806Z
175,Aspas,Iago Aspas,Celta,14,4,3.500,2026-27,2026-09-05T1806Z
4397,M. Alonso,Marcos Alonso,Celta,23,3,7.670,2026-27,2026-09-05T1806Z
5978,Radu,Ionut Radu,Celta,32,4,8.000,2026-27,2026-09-05T1806Z
6487,Galán,Javi Galán,Celta,6,3,2.000,2026-27,2026-09-05T1806Z
7199,Carreira,Sergio Carreira,Celta,15,4,3.750,2026-27,2026-09-05T1806Z
7842,Jutglà,Ferran Jutglà,Celta,12,4,3.000,2026-27,2026-09-05T1806Z
8082,Moriba,Ilaix Moriba,Celta,8,4,2.000,2026-27,2026-09-05T1806Z
10207,Swedberg,Williot Swedberg,Celta,9,4,2.250,2026-27,2026-09-05T1806Z
10822,Durán,Pablo Durán,Celta,7,3,2.330,2026-27,2026-09-05T1806Z
11767,Á. Núñez,Álvaro Núñez,Celta,11,2,5.500,2026-27,2026-09-05T1806Z
12534,Javi Rodríguez,Javi Rodríguez,Celta,11,4,2.750,2026-27,2026-09-05T1806Z
13035,Rueda,Javi Rueda,Celta,10,4,2.500,2026-27,2026-09-05T1806Z
13036,Lago,Yoel Lago,Celta,11,4,2.750,2026-27,2026-09-05T1806Z
13808,Román,Miguel Román,Celta,25,4,6.250,2026-27,2026-09-05T1806Z
16802,Antañón,Andrés Antañón,Celta,0,1,0.000,2026-27,2026-09-05T1806Z
14199,Driouech,Couhaib Driouech,Celta,3,1,3.000,2026-27,2026-09-05T1806Z
59,Courtois,Thibaut Courtois,Real Madrid,26,4,6.500,2026-27,2026-09-05T1806Z
3429,Mbappé,Kylian Mbappé,Real Madrid,46,4,11.500,2026-27,2026-09-05T1806Z
3431,Bernardo Silva,Bernardo Silva,Real Madrid,11,4,2.750,2026-27,2026-09-05T1806Z
3758,Valverde,Federico Valverde,Real Madrid,25,4,6.250,2026-27,2026-09-05T1806Z
4480,Alexander-Arnold,Trent Alexander-Arnold,Real Madrid,19,3,6.330,2026-27,2026-09-05T1806Z
4884,Konaté,Ibrahima Konaté,Real Madrid,14,3,4.670,2026-27,2026-09-05T1806Z
5013,Cucurella,Marc Cucurella,Real Madrid,17,4,4.250,2026-27,2026-09-05T1806Z
5565,Vinicius,Vinicius Junior,Real Madrid,34,4,8.500,2026-27,2026-09-05T1806Z
6055,Dumfries,Denzel Dumfries,Real Madrid,11,3,3.670,2026-27,2026-09-05T1806Z
8386,Bellingham,Jude Bellingham,Real Madrid,50,4,12.500,2026-27,2026-09-05T1806Z
8479,Camavinga,Eduardo Camavinga,Real Madrid,12,4,3.000,2026-27,2026-09-05T1806Z
10176,A. F. Carreras,Álvaro F. Carreras,Real Madrid,9,3,3.000,2026-27,2026-09-05T1806Z
11439,Güler,Arda Güler,Real Madrid,39,4,9.750,2026-27,2026-09-05T1806Z
11830,Huijsen,Dean Huijsen,Real Madrid,27,4,6.750,2026-27,2026-09-05T1806Z
12870,Carlos Espí,Carlos Espí,Real Madrid,11,3,3.670,2026-27,2026-09-05T1806Z
15342,Y. Diomande,Yan Diomande,Real Madrid,7,4,1.750,2026-27,2026-09-05T1806Z
1975,Remiro,Álex Remiro,Real Sociedad,26,4,6.500,2026-27,2026-09-05T1806Z
2675,Oyarzabal,Mikel Oyarzabal,Real Sociedad,22,4,5.500,2026-27,2026-09-05T1806Z
2799,Carlos Soler,Carlos Soler,Real Sociedad,16,4,4.000,2026-27,2026-09-05T1806Z
2802,Zubeldia,Igor Zubeldia,Real Sociedad,10,4,2.500,2026-27,2026-09-05T1806Z
6180,Sergio Gómez,Sergio Gómez,Real Sociedad,15,4,3.750,2026-27,2026-09-05T1806Z
6363,Barrenetxea,Ander Barrenetxea,Real Sociedad,14,4,3.500,2026-27,2026-09-05T1806Z
6446,Herrera,Yangel Herrera,Real Sociedad,11,4,2.750,2026-27,2026-09-05T1806Z
7091,Kubo,Takefusa Kubo,Real Sociedad,12,4,3.000,2026-27,2026-09-05T1806Z
8392,L. Sucic,Luka Sucic,Real Sociedad,16,4,4.000,2026-27,2026-09-05T1806Z
8651,Turrientes,Beñat Turrientes,Real Sociedad,16,4,4.000,2026-27,2026-09-05T1806Z
10660,Óskarsson,Orri Steinn Óskarsson,Real Sociedad,15,4,3.750,2026-27,2026-09-05T1806Z
11792,Jon Martín,Jon Martín,Real Sociedad,14,4,3.500,2026-27,2026-09-05T1806Z
12538,Aramburu,Jon Aramburu,Real Sociedad,18,4,4.500,2026-27,2026-09-05T1806Z
14881,Marchal,Alex Marchal,Real Sociedad,0,3,0.000,2026-27,2026-09-05T1806Z
2242,Guedes,Gonçalo Guedes,Real Sociedad,10,3,3.330,2026-27,2026-09-05T1806Z
11683,Gorrotxategi,Jon Gorrotxategi,Real Sociedad,4,2,2.000,2026-27,2026-09-05T1806Z
11577,Fort,Héctor Fort,Real Sociedad,0,0,0.000,2026-27,2026-09-05T1806Z
10533,Almeida,André Almeida,Racing,0,0,0.000,2026-27,2026-09-05T1806Z
13822,Pablo García,Pablo García,Racing,8,3,2.670,2026-27,2026-09-05T1806Z
3246,Aarón,Aarón Martín,Racing,0,0,0.000,2026-27,2026-09-05T1806Z
11286,Belocian,Jeanuël Belocian,Racing,0,0,0.000,2026-27,2026-09-05T1806Z
44,R. de Galarreta,Íñigo Ruiz de Galarreta,Athletic,17,3,5.670,2026-27,2026-09-05T2245Z
697,Laporte,Aymeric Laporte,Athletic,22,4,5.500,2026-27,2026-09-05T2245Z
735,Yuri,Yuri Berchiche,Athletic,15,3,5.000,2026-27,2026-09-05T2245Z
1934,I. Williams,Iñaki Williams,Athletic,26,4,6.500,2026-27,2026-09-05T2245Z
1972,Yeray,Yeray Álvarez,Athletic,15,3,5.000,2026-27,2026-09-05T2245Z
3204,Berenguer,Álex Berenguer,Athletic,18,4,4.500,2026-27,2026-09-05T2245Z
3693,Unai Simón,Unai Simón,Athletic,34,4,8.500,2026-27,2026-09-05T2245Z
5859,Guruzeta,Gorka Guruzeta,Athletic,4,4,1.000,2026-27,2026-09-05T2245Z
7006,Sancet,Oihan Sancet,Athletic,27,4,6.750,2026-27,2026-09-05T2245Z
7293,Navarro,Robert Navarro,Athletic,28,3,9.330,2026-27,2026-09-05T2245Z
7638,Areso,Jesús Areso,Athletic,15,3,5.000,2026-27,2026-09-05T2245Z
7916,Paredes,Aitor Paredes,Athletic,23,3,7.670,2026-27,2026-09-05T2245Z
8693,N. Williams,Nico Williams,Athletic,20,4,5.000,2026-27,2026-09-05T2245Z
10213,Gerenabarrena,Beñat Gerenabarrena,Athletic,16,4,4.000,2026-27,2026-09-05T2245Z
12605,Jauregizar,Mikel Jauregizar,Athletic,7,3,2.330,2026-27,2026-09-05T2245Z
16229,Johaneko,Johaneko Louis-Jean,Athletic,9,3,3.000,2026-27,2026-09-05T2245Z
63,Koke,Koke Resurrección,Atlético,18,4,4.500,2026-27,2026-09-05T2245Z
1826,Oblak,Jan Oblak,Atlético,22,4,5.500,2026-27,2026-09-05T2245Z
1931,M. Llorente,Marcos Llorente,Atlético,20,4,5.000,2026-27,2026-09-05T2245Z
2771,Grimaldo,Álex Grimaldo,Atlético,9,3,3.000,2026-27,2026-09-05T2245Z
4434,Lookman,Ademola Lookman,Atlético,20,4,5.000,2026-27,2026-09-05T2245Z
5995,Hancko,David Hancko,Atlético,24,4,6.000,2026-27,2026-09-05T2245Z
6337,Kang-In Lee,Kang-In Lee,Atlético,25,4,6.250,2026-27,2026-09-05T2245Z
7645,Baena,Álex Baena,Atlético,33,4,8.250,2026-27,2026-09-05T2245Z
9276,Giuliano,Giuliano Simeone,Atlético,19,4,4.750,2026-27,2026-09-05T2245Z
9823,Pubill,Marc Pubill,Atlético,15,3,5.000,2026-27,2026-09-05T2245Z
10005,Barrios,Pablo Barrios,Atlético,28,4,7.000,2026-27,2026-09-05T2245Z
10393,Hjulmand,Morten Hjulmand,Atlético,11,4,2.750,2026-27,2026-09-05T2245Z
11579,Ortiz,Arnau Ortiz,Atlético,7,3,2.330,2026-27,2026-09-05T2245Z
12647,Cardoso,Johnny Cardoso,Atlético,4,2,2.000,2026-27,2026-09-05T2245Z
10287,Alvarez,Julián Álvarez,Atlético,7,2,3.500,2026-27,2026-09-05T2245Z
6310,Romero,Cristian Romero,Atlético,2,1,2.000,2026-27,2026-09-05T2245Z
3589,Livakovic,Dominik Livakovic,Barcelona,0,0,0.000,2026-27,2026-09-05T2245Z
3724,Gabriel Jesús,Gabriel Jesus,Barcelona,0,0,0.000,2026-27,2026-09-05T2245Z
392,Ximo,Ximo Navarro,Deportivo,10,4,2.500,2026-27,2026-09-05T2245Z
3414,Aubameyang,Pierre-Emerick Aubameyang,Deportivo,48,4,12.000,2026-27,2026-09-05T2245Z
7309,Riki,Riki Rodríguez,Deportivo,3,2,1.500,2026-27,2026-09-05T2245Z
8712,Mario,Mario Soriano,Deportivo,22,4,5.500,2026-27,2026-09-05T2245Z
9405,Leo Román,Leo Román,Deportivo,21,4,5.250,2026-27,2026-09-05T2245Z
9772,Luismi,Luismi Cruz,Deportivo,24,4,6.000,2026-27,2026-09-05T2245Z
10473,Quagliata,Giacomo Quagliata,Deportivo,12,4,3.000,2026-27,2026-09-05T2245Z
10478,Loureiro,Miguel Loureiro,Deportivo,8,3,2.670,2026-27,2026-09-05T2245Z
11198,Amatucci,Lorenzo Amatucci,Deportivo,19,4,4.750,2026-27,2026-09-05T2245Z
15164,Eddahchouri,Zakaria Eddahchouri,Deportivo,9,2,4.500,2026-27,2026-09-05T2245Z
16099,Noubi,Lucas Noubi,Deportivo,15,4,3.750,2026-27,2026-09-05T2245Z
16863,Bil Nsongo,Bil Nsongo,Deportivo,16,4,4.000,2026-27,2026-09-05T2245Z
775,Giménez,José María Giménez,Deportivo,10,3,3.330,2026-27,2026-09-05T2245Z
13974,Yeremay,Yeremay Hernández,Deportivo,5,3,1.670,2026-27,2026-09-05T2245Z
972,A. Traoré,Adama Traoré,Deportivo,1,1,1.000,2026-27,2026-09-05T2245Z
10217,Casadó,Marc Casadó,Deportivo,1,1,1.000,2026-27,2026-09-05T2245Z
11998,Ratkov,Petar Ratkov,Levante,0,0,0.000,2026-27,2026-09-05T2245Z
15089,Tape,Axel Tape,Levante,0,0,0.000,2026-27,2026-09-05T2245Z
863,Lejeune,Florian Lejeune,Rayo,6,4,1.500,2026-27,2026-09-05T2245Z
867,Álvaro García,Álvaro García,Rayo,16,4,4.000,2026-27,2026-09-05T2245Z
1881,Unai López,Unai López,Rayo,30,4,7.500,2026-27,2026-09-05T2245Z
3623,Pedro Díaz,Pedro Díaz,Rayo,8,3,2.670,2026-27,2026-09-05T2245Z
6560,Ratiu,Andrei Ratiu,Rayo,16,3,5.330,2026-27,2026-09-05T2245Z
6562,Camello,Sergio Camello,Rayo,35,4,8.750,2026-27,2026-09-05T2245Z
6633,De Frutos,Jorge de Frutos,Rayo,11,4,2.750,2026-27,2026-09-05T2245Z
6889,Valentín,Óscar Valentín,Rayo,9,4,2.250,2026-27,2026-09-05T2245Z
7251,Balliu,Iván Balliu,Rayo,-1,3,-0.330,2026-27,2026-09-05T2245Z
7307,Pathé Ciss,Pathé Ciss,Rayo,21,4,5.250,2026-27,2026-09-05T2245Z
7570,Cárdenas,Dani Cárdenas,Rayo,3,3,1.000,2026-27,2026-09-05T2245Z
10210,Fran Pérez,Fran Pérez,Rayo,1,4,0.250,2026-27,2026-09-05T2245Z
11758,Alemão,Alemão,Rayo,4,3,1.330,2026-27,2026-09-05T2245Z
8337,Tsitaishvili,Georgiy Tsitaishvili,Rayo,2,1,2.000,2026-27,2026-09-05T2245Z
5587,Pedrosa,Adrià Pedrosa,Rayo,-1,2,-0.500,2026-27,2026-09-05T2245Z
18273,Bouare,Gnangoro Bouare,Rayo,0,2,0.000,2026-27,2026-09-05T2245Z
2413,Audero,Emil Audero,Rayo,0,0,0.000,2026-27,2026-09-05T2245Z
5228,Mujaid,Mujaid Sadick,Rayo,0,0,0.000,2026-27,2026-09-05T2245Z
12608,Rayane,Rayane Belaid,Rayo,0,0,0.000,2026-27,2026-09-05T2245Z
8091,Félix Correia,Félix Correia,Sevilla,0,0,0.000,2026-27,2026-09-05T2245Z
9670,Fofana,Youssouf Fofana,Sevilla,0,0,0.000,2026-27,2026-09-05T2245Z
18024,Recio,Sergio Recio,Sevilla,0,0,0.000,2026-27,2026-09-05T2245Z
18437,Stassin,Lucas Stassin,Sevilla,0,0,0.000,2026-27,2026-09-05T2245Z
843,Gerard,Gerard Moreno,Villarreal,26,4,6.500,2026-27,2026-09-05T2245Z
4511,Ayoze,Ayoze Pérez,Villarreal,15,4,3.750,2026-27,2026-09-05T2245Z
5549,Comesaña,Santi Comesaña,Villarreal,5,4,1.250,2026-27,2026-09-05T2245Z
7209,Pépé,Nicolas Pépé,Villarreal,34,4,8.500,2026-27,2026-09-05T2245Z
8413,Pape Gueye,Pape Gueye,Villarreal,16,4,4.000,2026-27,2026-09-05T2245Z
9763,Akhomach,Ilias Akhomach,Villarreal,6,4,1.500,2026-27,2026-09-05T2245Z
9989,S. Cardona,Sergi Cardona,Villarreal,-1,1,-1.000,2026-27,2026-09-05T2245Z
9990,Moleiro,Alberto Moleiro,Villarreal,16,4,4.000,2026-27,2026-09-05T2245Z
10114,Veiga,Renato Veiga,Villarreal,12,4,3.000,2026-27,2026-09-05T2245Z
10638,Buchanan,Tajon Buchanan,Villarreal,10,4,2.500,2026-27,2026-09-05T2245Z
12139,Mikautadze,Georges Mikautadze,Villarreal,26,4,6.500,2026-27,2026-09-05T2245Z
12354,Logan Costa,Logan Costa,Villarreal,1,1,1.000,2026-27,2026-09-05T2245Z
13440,Oluwaseyi,Tani Oluwaseyi,Villarreal,4,3,1.330,2026-27,2026-09-05T2245Z
14125,Luiz Junior,Luiz Junior,Villarreal,12,4,3.000,2026-27,2026-09-05T2245Z
17275,Freeman,Alex Freeman,Villarreal,5,3,1.670,2026-27,2026-09-05T2245Z
17695,Saliba,Nathan-Dylan Saliba,Villarreal,5,1,5.000,2026-27,2026-09-05T2245Z
132,Canales,Sergio Canales,Racing,19,4,4.750,2026-27,2026-09-05T2245Z
3836,Hernando,Manu Hernando,Racing,10,4,2.500,2026-27,2026-09-05T2245Z
6442,Iñigo Vicente,Iñigo Vicente,Racing,27,4,6.750,2026-27,2026-09-05T2245Z
8972,Pablo Ramón,Pablo Ramón,Racing,13,3,4.330,2026-27,2026-09-05T2245Z
9213,Agirrezabala,Julen Agirrezabala,Racing,27,4,6.750,2026-27,2026-09-05T2245Z
9930,Arana,Juan Carlos Arana,Racing,3,2,1.500,2026-27,2026-09-05T2245Z
10209,Facu González,Facundo González,Racing,4,4,1.000,2026-27,2026-09-05T2245Z
10336,Mantilla,Álvaro Mantilla,Racing,4,4,1.000,2026-27,2026-09-05T2245Z
14105,Salinas,Jorge Salinas,Racing,11,4,2.750,2026-27,2026-09-05T2245Z
18282,Zabiri,Yassir Zabiri,Racing,22,4,5.500,2026-27,2026-09-05T2245Z
10533,Almeida,André Almeida,Racing,3,1,3.000,2026-27,2026-09-05T2245Z
13822,Pablo García,Pablo García,Racing,16,4,4.000,2026-27,2026-09-05T2245Z
6563,Iván Martín,Iván Martín,Racing,9,3,3.000,2026-27,2026-09-05T2245Z
11857,Prati,Matteo Prati,Racing,1,2,0.500,2026-27,2026-09-05T2245Z
3246,Aarón,Aarón Martín,Racing,2,1,2.000,2026-27,2026-09-05T2245Z
11286,Belocian,Jeanuël Belocian,Racing,4,1,4.000,2026-27,2026-09-05T2245Z
2288,Olmo,Dani Olmo,Barcelona,21,4,5.250,2026-27,2026-09-07T0548Z
2417,A. Christensen,Andreas Christensen,Barcelona,16,3,5.330,2026-27,2026-09-07T0548Z
4288,Raphinha,Raphinha,Barcelona,63,4,15.750,2026-27,2026-09-07T0548Z
6674,Koundé,Jules Koundé,Barcelona,15,4,3.750,2026-27,2026-09-07T0548Z
7257,Pedri,Pedri González,Barcelona,33,4,8.250,2026-27,2026-09-07T0548Z
7279,Joan Garcia,Joan Garcia,Barcelona,40,4,10.000,2026-27,2026-09-07T0548Z
7542,Eric Garcia,Eric Garcia,Barcelona,21,3,7.000,2026-27,2026-09-07T0548Z
7595,Gordon,Anthony Gordon,Barcelona,23,4,5.750,2026-27,2026-09-07T0548Z
8395,Adeyemi,Karim Adeyemi,Barcelona,21,4,5.250,2026-27,2026-09-07T0548Z
11520,Yamal,Lamine Yamal,Barcelona,47,4,11.750,2026-27,2026-09-07T0548Z
11706,Cubarsí,Pau Cubarsí,Barcelona,18,3,6.000,2026-27,2026-09-07T0548Z
11709,Fermín,Fermín López,Barcelona,57,4,14.250,2026-27,2026-09-07T0548Z
12641,Martín,Gerard Martín,Barcelona,29,3,9.670,2026-27,2026-09-07T0548Z
13864,Bernal,Marc Bernal,Barcelona,26,4,6.500,2026-27,2026-09-07T0548Z
16765,Espart,Xavi Espart,Barcelona,36,4,9.000,2026-27,2026-09-07T0548Z
2733,Rodri,Rodri Hernández,Barcelona,10,3,3.330,2026-27,2026-09-07T0548Z
3724,Gabriel Jesús,Gabriel Jesus,Barcelona,4,1,4.000,2026-27,2026-09-07T0548Z
13608,Cáceres,Sebastián Cáceres,Celta,0,0,0.000,2026-27,2026-09-07T0548Z
3738,Edu Expósito,Edu Expósito,Espanyol,23,4,5.750,2026-27,2026-09-07T0548Z
3759,Dmitrovic,Marko Dmitrovic,Espanyol,31,4,7.750,2026-27,2026-09-07T0548Z
3785,U. Núñez,Unai Núñez,Espanyol,19,4,4.750,2026-27,2026-09-07T0548Z
8228,Urko,Urko González de Zarate,Espanyol,10,4,2.500,2026-27,2026-09-07T0548Z
9987,Roberto,Roberto Fernández,Espanyol,30,4,7.500,2026-27,2026-09-07T0548Z
10220,El Hilali,Omar El Hilali,Espanyol,18,4,4.500,2026-27,2026-09-07T0548Z
10893,Marcos,Marcos Fernández,Espanyol,11,3,3.670,2026-27,2026-09-07T0548Z
11467,Hartman,Quilindschy Hartman,Espanyol,3,1,3.000,2026-27,2026-09-07T0548Z
11863,Calatrava,Álex Calatrava,Espanyol,15,4,3.750,2026-27,2026-09-07T0548Z
14024,Javier Hernández,Javier Hernández,Espanyol,17,4,4.250,2026-27,2026-09-07T0548Z
15316,Hinojo,Roger Hinojo,Espanyol,7,4,1.750,2026-27,2026-09-07T0548Z
15957,Moscardo,Gabriel Moscardo,Espanyol,3,2,1.500,2026-27,2026-09-07T0548Z
16202,Dolan,Tyrhys Dolan,Espanyol,22,4,5.500,2026-27,2026-09-07T0548Z
16308,Riedel,Clemens Riedel,Espanyol,12,3,4.000,2026-27,2026-09-07T0548Z
582,Cabrera,Leandro Cabrera,Espanyol,4,1,4.000,2026-27,2026-09-07T0548Z
9779,Bryan,Bryan Zaragoza,Espanyol,2,1,2.000,2026-27,2026-09-07T0548Z
1566,Mandi,Aissa Mandi,Levante,22,4,5.500,2026-27,2026-09-07T0548Z
1743,Ryan,Mathew Ryan,Levante,43,4,10.750,2026-27,2026-09-07T0548Z
4976,Toljan,Jeremy Toljan,Levante,7,4,1.750,2026-27,2026-09-07T0548Z
6346,De la Fuente,Adrián de la Fuente,Levante,26,4,6.500,2026-27,2026-09-07T0548Z
6605,Manu Sánchez,Manu Sánchez,Levante,16,4,4.000,2026-27,2026-09-07T0548Z
7629,Iván Romero,Iván Romero,Levante,14,4,3.500,2026-27,2026-09-07T0548Z
8088,Oriol Rey,Oriol Rey,Levante,18,4,4.500,2026-27,2026-09-07T0548Z
8961,Olasagasti,Jon Ander Olasagasti,Levante,27,4,6.750,2026-27,2026-09-07T0548Z
13145,Cortés,Paco Cortés,Levante,6,3,2.000,2026-27,2026-09-07T0548Z
16020,Nacho Pérez,Nacho Pérez,Levante,17,4,4.250,2026-27,2026-09-07T0548Z
18006,Bardeli,Enzo Bardelli,Levante,24,4,6.000,2026-27,2026-09-07T0548Z
8988,Sotelo,Hugo Sotelo,Levante,5,3,1.670,2026-27,2026-09-07T0548Z
9157,Brugui,Roger Brugué,Levante,21,3,7.000,2026-27,2026-09-07T0548Z
12598,Requena,Dani Requena,Levante,1,1,1.000,2026-27,2026-09-07T0548Z
17116,Thiago,Thiago Fernández,Levante,11,3,3.670,2026-27,2026-09-07T0548Z
18294,Musuayi,Yanis Musuayi,Levante,2,1,2.000,2026-27,2026-09-07T0548Z
3174,Galilea,Einar Galilea,Málaga,19,4,4.750,2026-27,2026-09-07T0548Z
6050,Joaquín,Joaquín Muñoz,Málaga,12,4,3.000,2026-27,2026-09-07T0548Z
6973,Herrero,Alfonso Herrero,Málaga,22,4,5.500,2026-27,2026-09-07T0548Z
7703,Enríquez,Ramón Enríquez,Málaga,4,4,1.000,2026-27,2026-09-07T0548Z
8250,Salinas,José Salinas,Málaga,10,3,3.330,2026-27,2026-09-07T0548Z
8780,Larrubia,David Larrubia,Málaga,12,4,3.000,2026-27,2026-09-07T0548Z
10823,Juan Cruz,Juan Cruz,Málaga,4,4,1.000,2026-27,2026-09-07T0548Z
10860,Dotor,Carlos Dotor,Málaga,16,4,4.000,2026-27,2026-09-07T0548Z
13982,Puga,Carlos Puga,Málaga,8,4,2.000,2026-27,2026-09-07T0548Z
13983,Merino,Izan Merino,Málaga,9,4,2.250,2026-27,2026-09-07T0548Z
14096,Chupete,Chupete,Málaga,12,4,3.000,2026-27,2026-09-07T0548Z
15344,Rafita,Rafa Garrido,Málaga,17,4,4.250,2026-27,2026-09-07T0548Z
15417,Recio,Angel Recio,Málaga,17,4,4.250,2026-27,2026-09-07T0548Z
16286,Lorenzo,Dani Lorenzo,Málaga,16,3,5.330,2026-27,2026-09-07T0548Z
7614,Pablo Martínez,Pablo Martínez,Málaga,6,2,3.000,2026-27,2026-09-07T0548Z
5671,Berrocal,Juan Berrocal,Málaga,0,0,0.000,2026-27,2026-09-07T0548Z
8536,Cajuste,Jens Cajuste,Málaga,0,1,0.000,2026-27,2026-09-07T0548Z
14183,Aznou,Adam Aznou,Málaga,0,0,0.000,2026-27,2026-09-07T0548Z
660,Rubén G.,Rubén García,Osasuna,18,4,4.500,2026-27,2026-09-07T0548Z
841,Moi Gómez,Moi Gómez,Osasuna,26,4,6.500,2026-27,2026-09-07T0548Z
6493,Catena,Alejandro Catena,Osasuna,23,4,5.750,2026-27,2026-09-07T0548Z
6611,Herrera,Sergio Herrera,Osasuna,22,4,5.500,2026-27,2026-09-07T0548Z
6635,Budimir,Ante Budimir,Osasuna,42,4,10.500,2026-27,2026-09-07T0548Z
7027,Raúl García,Raúl García,Osasuna,13,4,3.250,2026-27,2026-09-07T0548Z
7204,Moncayola,Jon Moncayola,Osasuna,13,4,3.250,2026-27,2026-09-07T0548Z
7870,Raul Moro,Raul Moro,Osasuna,4,2,2.000,2026-27,2026-09-07T0548Z
8695,Boyomo,Boyomo,Osasuna,5,2,2.500,2026-27,2026-09-07T0548Z
10208,Dubasin,Jonathan Dubasin,Osasuna,9,4,2.250,2026-27,2026-09-07T0548Z
11230,Bretones,Abel Bretones,Osasuna,17,4,4.250,2026-27,2026-09-07T0548Z
11362,Iker Muñoz,Iker Muñoz,Osasuna,12,4,3.000,2026-27,2026-09-07T0548Z
12453,Osambela,Asier Osambela,Osasuna,5,2,2.500,2026-27,2026-09-07T0548Z
12823,Arguibide,Iñigo Arguibide,Osasuna,16,4,4.000,2026-27,2026-09-07T0548Z
18316,Yeboah,Rockson Yeboah,Osasuna,-2,1,-2.000,2026-27,2026-09-07T0548Z
8485,Del Castillo,Romain Del Castillo,Osasuna,0,0,0.000,2026-27,2026-09-07T0548Z
18711,Bermejo,Mikel Bermejo,Osasuna,0,0,0.000,2026-27,2026-09-07T0548Z
3736,Guridi,Jon Guridi,Sevilla,17,4,4.250,2026-27,2026-09-07T0548Z
6235,Vlachodimos,Odysseas Vlachodimos,Sevilla,23,4,5.750,2026-27,2026-09-07T0548Z
7249,Agoume,Lucien Agoume,Sevilla,20,4,5.000,2026-27,2026-09-07T0548Z
8686,Iglesias,Juan Iglesias,Sevilla,13,4,3.250,2026-27,2026-09-07T0548Z
9317,Carmona,José Ángel Carmona,Sevilla,3,2,1.500,2026-27,2026-09-07T0548Z
9931,Kike Salas,Kike Salas,Sevilla,6,3,2.000,2026-27,2026-09-07T0548Z
11180,Manu Bueno,Manu Bueno,Sevilla,4,2,2.000,2026-27,2026-09-07T0548Z
12042,Ejuke,Chidera Ejuke,Sevilla,21,4,5.250,2026-27,2026-09-07T0548Z
12358,Suazo,Gabriel Suazo,Sevilla,8,4,2.000,2026-27,2026-09-07T0548Z
13888,Castrín,Andrés Castrín,Sevilla,11,3,3.670,2026-27,2026-09-07T0548Z
16236,Sierra,Miguel Sierra,Sevilla,22,4,5.500,2026-27,2026-09-07T0548Z
18014,Sangante,Arouna Sangante,Sevilla,11,3,3.670,2026-27,2026-09-07T0548Z
18314,Ure,Robbie Ure,Sevilla,11,4,2.750,2026-27,2026-09-07T0548Z
7786,Kochorashvili,Giorgi Kochorashvili,Sevilla,2,2,1.000,2026-27,2026-09-07T0548Z
9670,Fofana,Youssouf Fofana,Sevilla,1,1,1.000,2026-27,2026-09-07T0548Z
18437,Stassin,Lucas Stassin,Sevilla,0,1,0.000,2026-27,2026-09-07T0548Z
663,Gayà,José Gayà,Valencia,6,2,3.000,2026-27,2026-09-07T0548Z
989,Dimitrievski,Stole Dimitrievski,Valencia,16,4,4.000,2026-27,2026-09-07T0548Z
2663,Maffeo,Pablo Maffeo,Valencia,4,3,1.330,2026-27,2026-09-07T0548Z
2715,Pepelu,Pepelu,Valencia,15,4,3.750,2026-27,2026-09-07T0548Z
3607,Diakhaby,Mouctar Diakhaby,Valencia,7,4,1.750,2026-27,2026-09-07T0548Z
5019,Duro,Hugo Duro,Valencia,5,4,1.250,2026-27,2026-09-07T0548Z
6174,Danjuma,Arnaut Danjuma,Valencia,10,4,2.500,2026-27,2026-09-07T0548Z
8684,Jesús Vázquez,Jesús Vázquez,Valencia,8,4,2.000,2026-27,2026-09-07T0548Z
9762,Tárrega,César Tárrega,Valencia,15,4,3.750,2026-27,2026-09-07T0548Z
9927,Javi Guerra,Javi Guerra,Valencia,15,4,3.750,2026-27,2026-09-07T0548Z
12025,Ugrinic,Filip Ugrinic,Valencia,11,4,2.750,2026-27,2026-09-07T0548Z
12594,Otorbi,David Otorbi,Valencia,0,3,0.000,2026-27,2026-09-07T0548Z
14034,Córdoba,Iker Córdoba,Valencia,0,1,0.000,2026-27,2026-09-07T0548Z
15928,Dieng,Aliou Dieng,Valencia,5,4,1.250,2026-27,2026-09-07T0548Z
18031,Sato,Ryunosuke Sato,Valencia,4,4,1.000,2026-27,2026-09-07T0548Z
9218,Arnau,Arnau Martínez,Valencia,-4,2,-2.000,2026-27,2026-09-07T0548Z
6580,Elliott,Harvey Elliott,Valencia,0,1,0.000,2026-27,2026-09-07T0548Z
16018,Blázquez,Aimar Blázquez,Valencia,0,0,0.000,2026-27,2026-09-07T0548Z
18228,Gamón,Rodrigo Gamón,Valencia,0,0,0.000,2026-27,2026-09-07T0548Z
189,Jonny,Jonny Castro,Alavés,23,4,5.750,2026-27,2026-09-07T0548Z
1059,Sivera,Antonio Sivera,Alavés,38,4,9.500,2026-27,2026-09-07T0548Z
1778,Denis Suárez,Denis Suárez,Alavés,12,4,3.000,2026-27,2026-09-07T0548Z
2759,Aleñá,Carles Aleñá,Alavés,12,3,4.000,2026-27,2026-09-07T0548Z
3226,Mariano,Mariano Díaz,Alavés,36,4,9.000,2026-27,2026-09-07T0548Z
5124,Boyé,Lucas Boyé,Alavés,32,3,10.670,2026-27,2026-09-07T0548Z
8080,Miguel,Miguel Rodríguez,Alavés,2,1,2.000,2026-27,2026-09-07T0548Z
8737,Blanco,Antonio Blanco,Alavés,22,4,5.500,2026-27,2026-09-07T0548Z
9909,Tenaglia,Nahuel Tenaglia,Alavés,31,4,7.750,2026-27,2026-09-07T0548Z
10258,Ibáñez,Pablo Ibáñez,Alavés,28,4,7.000,2026-27,2026-09-07T0548Z
10476,Rebbach,Abde Rebbach,Alavés,12,4,3.000,2026-27,2026-09-07T0548Z
12925,Aitor Mañas,Aitor Mañas,Alavés,5,3,1.670,2026-27,2026-09-07T0548Z
14935,Youssef,Youssef Enríquez,Alavés,13,4,3.250,2026-27,2026-09-07T0548Z
15127,Ángel Pérez,Ángel Pérez,Alavés,40,4,10.000,2026-27,2026-09-07T0548Z
16931,Oláiz,Xanet Oláiz,Alavés,2,1,2.000,2026-27,2026-09-07T0548Z
17284,Koski,Ville Koski,Alavés,25,4,6.250,2026-27,2026-09-07T0548Z
11719,Diallo,Selu Diallo,Alavés,0,0,0.000,2026-27,2026-09-07T0548Z
16920,Izei,Izei Hernández,Alavés,0,0,0.000,2026-27,2026-09-07T0548Z
175,Aspas,Iago Aspas,Celta,18,5,3.600,2026-27,2026-09-08T0559Z
1945,Iglesias,Borja Iglesias,Celta,2,1,2.000,2026-27,2026-09-08T0559Z
4397,M. Alonso,Marcos Alonso,Celta,26,4,6.500,2026-27,2026-09-08T0559Z
5978,Radu,Ionut Radu,Celta,38,5,7.600,2026-27,2026-09-08T0559Z
6487,Galán,Javi Galán,Celta,10,4,2.500,2026-27,2026-09-08T0559Z
7199,Carreira,Sergio Carreira,Celta,17,5,3.400,2026-27,2026-09-08T0559Z
7842,Jutglà,Ferran Jutglà,Celta,14,5,2.800,2026-27,2026-09-08T0559Z
8082,Moriba,Ilaix Moriba,Celta,12,5,2.400,2026-27,2026-09-08T0559Z
9612,Starfelt,Carl Starfelt,Celta,14,3,4.670,2026-27,2026-09-08T0559Z
9744,Hugo González,Hugo González,Celta,11,2,5.500,2026-27,2026-09-08T0559Z
10822,Durán,Pablo Durán,Celta,10,4,2.500,2026-27,2026-09-08T0559Z
13035,Rueda,Javi Rueda,Celta,15,5,3.000,2026-27,2026-09-08T0559Z
13036,Lago,Yoel Lago,Celta,15,5,3.000,2026-27,2026-09-08T0559Z
13808,Román,Miguel Román,Celta,29,5,5.800,2026-27,2026-09-08T0559Z
14980,El-Abdellaoui,Jones El-Abdellaoui,Celta,4,3,1.330,2026-27,2026-09-08T0559Z
14199,Driouech,Couhaib Driouech,Celta,7,2,3.500,2026-27,2026-09-08T0559Z
899,Mojica,Johan Mojica,Getafe,12,3,4.000,2026-27,2026-09-08T0559Z
1919,Soria,David Soria,Getafe,28,4,7.000,2026-27,2026-09-08T0559Z
3178,Femenia,Kiko Femenia,Getafe,8,3,2.670,2026-27,2026-09-08T0559Z
3751,Enes Ünal,Enes Ünal,Getafe,12,4,3.000,2026-27,2026-09-08T0559Z
3881,Djené,Dakonam Djené,Getafe,17,4,4.250,2026-27,2026-09-08T0559Z
8496,Satriano,Martín Satriano,Getafe,20,4,5.000,2026-27,2026-09-08T0559Z
8944,Terrats,Ramón Terrats,Getafe,17,4,4.250,2026-27,2026-09-08T0559Z
10463,Mangala,Orel Mangala,Getafe,15,4,3.750,2026-27,2026-09-08T0559Z
11202,Mario Martín,Mario Martín,Getafe,7,2,3.500,2026-27,2026-09-08T0559Z
11916,Andrés García,Andrés García,Getafe,17,4,4.250,2026-27,2026-09-08T0559Z
14210,Romero,Zaid Romero,Getafe,22,4,5.500,2026-27,2026-09-08T0559Z
17161,Boselli,Sebastián Boselli,Getafe,3,3,1.000,2026-27,2026-09-08T0559Z
18412,Óscar López,Óscar López,Getafe,0,1,0.000,2026-27,2026-09-08T0559Z
7028,Gudelj,Nemanja Gudelj,Getafe,4,2,2.000,2026-27,2026-09-08T0559Z
8782,Iván Azón,Iván Azón,Getafe,2,1,2.000,2026-27,2026-09-08T0559Z
2675,Oyarzabal,Mikel Oyarzabal,Real Sociedad,25,5,5.000,2026-27,2026-09-08T0559Z
2799,Carlos Soler,Carlos Soler,Real Sociedad,25,5,5.000,2026-27,2026-09-08T0559Z
2802,Zubeldia,Igor Zubeldia,Real Sociedad,12,5,2.400,2026-27,2026-09-08T0559Z
6180,Sergio Gómez,Sergio Gómez,Real Sociedad,17,5,3.400,2026-27,2026-09-08T0559Z
6446,Herrera,Yangel Herrera,Real Sociedad,20,5,4.000,2026-27,2026-09-08T0559Z
7725,Pacheco,Jon Pacheco,Real Sociedad,3,1,3.000,2026-27,2026-09-08T0559Z
8392,L. Sucic,Luka Sucic,Real Sociedad,27,5,5.400,2026-27,2026-09-08T0559Z
8679,Marrero,Unai Marrero,Real Sociedad,9,1,9.000,2026-27,2026-09-08T0559Z
11792,Jon Martín,Jon Martín,Real Sociedad,12,5,2.400,2026-27,2026-09-08T0559Z
12538,Aramburu,Jon Aramburu,Real Sociedad,16,5,3.200,2026-27,2026-09-08T0559Z
14021,Ochieng,Job Ochieng,Real Sociedad,17,2,8.500,2026-27,2026-09-08T0559Z
14881,Marchal,Alex Marchal,Real Sociedad,0,4,0.000,2026-27,2026-09-08T0559Z
2242,Guedes,Gonçalo Guedes,Real Sociedad,12,4,3.000,2026-27,2026-09-08T0559Z
11683,Gorrotxategi,Jon Gorrotxategi,Real Sociedad,5,3,1.670,2026-27,2026-09-08T0559Z
15944,M. Sarr,Mamadou Sarr,Real Sociedad,3,1,3.000,2026-27,2026-09-08T0559Z
11577,Fort,Héctor Fort,Real Sociedad,2,1,2.000,2026-27,2026-09-08T0559Z
404,Bigas,Pedro Bigas,Elche,3,3,1.000,2026-27,2026-09-08T0559Z
1859,Josan,Josan Ferrández,Elche,5,2,2.500,2026-27,2026-09-08T0559Z
2727,Ponce,Ezequiel Ponce,Elche,5,3,1.670,2026-27,2026-09-08T0559Z
5227,Villar,Gonzalo Villar,Elche,17,4,4.250,2026-27,2026-09-08T0559Z
6882,Tete Morente,Tete Morente,Elche,20,4,5.000,2026-27,2026-09-08T0559Z
7081,Fer Niño,Fernando Niño,Elche,22,4,5.500,2026-27,2026-09-08T0559Z
7658,Valera,Germán Valera,Elche,11,4,2.750,2026-27,2026-09-08T0559Z
8273,Chust,Víctor Chust,Elche,11,4,2.750,2026-27,2026-09-08T0559Z
9161,Dituro,Matías Dituro,Elche,10,4,2.500,2026-27,2026-09-08T0559Z
11214,Buonanotte,Facundo Buonanotte,Elche,4,3,1.330,2026-27,2026-09-08T0559Z
12878,Sangaré,Buba Sangaré,Elche,9,4,2.250,2026-27,2026-09-08T0559Z
17248,Cepeda,Lucas Cepeda,Elche,16,4,4.000,2026-27,2026-09-08T0559Z
17495,Morcillo,Javi Morcillo,Elche,0,3,0.000,2026-27,2026-09-08T0559Z
17151,Osorio,Abiel Osorio,Elche,0,1,0.000,2026-27,2026-09-08T0559Z
3427,Lemar,Thomas Lemar,Elche,9,1,9.000,2026-27,2026-09-08T0559Z
9695,Rubén Sánchez,Rubén Sánchez,Elche,0,0,0.000,2026-27,2026-09-08T0559Z
14377,Revivo,Roy Revivo,Elche,1,1,1.000,2026-27,2026-09-08T0559Z
4208,Marcão,Marcão,Sevilla,0,0,0.000,2026-27,2026-09-11T2025Z
17495,Morcillo,Javi Morcillo,Elche,3,3,1.000,2026-27,2026-09-11T2025Z
9669,Tchouaméni,Aurélien Tchouaméni,Real Madrid,0,0,0.000,2026-27,2026-09-12T1255Z
12639,Asencio,Raúl Asencio,Real Madrid,0,0,0.000,2026-27,2026-09-12T1255Z
13564,Endrick,Endrick,Real Madrid,0,0,0.000,2026-27,2026-09-12T1255Z
16237,Thiago,Thiago Pitarch,Real Madrid,0,0,0.000,2026-27,2026-09-12T1255Z
3736,Guridi,Jon Guridi,Sevilla,19,5,3.800,2026-27,2026-09-12T1255Z
6235,Vlachodimos,Odysseas Vlachodimos,Sevilla,32,5,6.400,2026-27,2026-09-12T1255Z
7249,Agoume,Lucien Agoume,Sevilla,27,5,5.400,2026-27,2026-09-12T1255Z
8686,Iglesias,Juan Iglesias,Sevilla,26,5,5.200,2026-27,2026-09-12T1255Z
9931,Kike Salas,Kike Salas,Sevilla,18,4,4.500,2026-27,2026-09-12T1255Z
11680,Romero,Isaac Romero,Sevilla,18,4,4.500,2026-27,2026-09-12T1255Z
12042,Ejuke,Chidera Ejuke,Sevilla,21,5,4.200,2026-27,2026-09-12T1255Z
12358,Suazo,Gabriel Suazo,Sevilla,19,5,3.800,2026-27,2026-09-12T1255Z
13888,Castrín,Andrés Castrín,Sevilla,21,4,5.250,2026-27,2026-09-12T1255Z
16236,Sierra,Miguel Sierra,Sevilla,26,5,5.200,2026-27,2026-09-12T1255Z
17129,Julio Díaz,Julio Díaz,Sevilla,4,3,1.330,2026-27,2026-09-12T1255Z
18314,Ure,Robbie Ure,Sevilla,13,5,2.600,2026-27,2026-09-12T1255Z
7786,Kochorashvili,Giorgi Kochorashvili,Sevilla,11,3,3.670,2026-27,2026-09-12T1255Z
8091,Félix Correia,Félix Correia,Sevilla,6,1,6.000,2026-27,2026-09-12T1255Z
9670,Fofana,Youssouf Fofana,Sevilla,10,2,5.000,2026-27,2026-09-12T1255Z
18437,Stassin,Lucas Stassin,Sevilla,3,2,1.500,2026-27,2026-09-12T1255Z
663,Gayà,José Gayà,Valencia,10,3,3.330,2026-27,2026-09-12T1255Z
989,Dimitrievski,Stole Dimitrievski,Valencia,23,5,4.600,2026-27,2026-09-12T1255Z
2663,Maffeo,Pablo Maffeo,Valencia,4,4,1.000,2026-27,2026-09-12T1255Z
2715,Pepelu,Pepelu,Valencia,19,5,3.800,2026-27,2026-09-12T1255Z
5019,Duro,Hugo Duro,Valencia,7,5,1.400,2026-27,2026-09-12T1255Z
6174,Danjuma,Arnaut Danjuma,Valencia,12,5,2.400,2026-27,2026-09-12T1255Z
8684,Jesús Vázquez,Jesús Vázquez,Valencia,10,5,2.000,2026-27,2026-09-12T1255Z
9762,Tárrega,César Tárrega,Valencia,18,5,3.600,2026-27,2026-09-12T1255Z
9927,Javi Guerra,Javi Guerra,Valencia,19,5,3.800,2026-27,2026-09-12T1255Z
12025,Ugrinic,Filip Ugrinic,Valencia,14,5,2.800,2026-27,2026-09-12T1255Z
12594,Otorbi,David Otorbi,Valencia,0,4,0.000,2026-27,2026-09-12T1255Z
14034,Córdoba,Iker Córdoba,Valencia,0,2,0.000,2026-27,2026-09-12T1255Z
15928,Dieng,Aliou Dieng,Valencia,10,5,2.000,2026-27,2026-09-12T1255Z
18031,Sato,Ryunosuke Sato,Valencia,6,5,1.200,2026-27,2026-09-12T1255Z
9218,Arnau,Arnau Martínez,Valencia,2,3,0.670,2026-27,2026-09-12T1255Z
6580,Elliott,Harvey Elliott,Valencia,2,2,1.000,2026-27,2026-09-12T1255Z
16359,Laro Gómez,Laro Gómez,Racing,0,0,0.000,2026-27,2026-09-12T1255Z
17130,Luque,Iker Luque,Racing,0,0,0.000,2026-27,2026-09-12T1255Z
44,R. de Galarreta,Íñigo Ruiz de Galarreta,Athletic,21,4,5.250,2026-27,2026-09-13T0435Z
697,Laporte,Aymeric Laporte,Athletic,27,5,5.400,2026-27,2026-09-13T0435Z
735,Yuri,Yuri Berchiche,Athletic,18,4,4.500,2026-27,2026-09-13T0435Z
1934,I. Williams,Iñaki Williams,Athletic,33,5,6.600,2026-27,2026-09-13T0435Z
1972,Yeray,Yeray Álvarez,Athletic,18,4,4.500,2026-27,2026-09-13T0435Z
3204,Berenguer,Álex Berenguer,Athletic,24,5,4.800,2026-27,2026-09-13T0435Z
3693,Unai Simón,Unai Simón,Athletic,38,5,7.600,2026-27,2026-09-13T0435Z
7006,Sancet,Oihan Sancet,Athletic,31,5,6.200,2026-27,2026-09-13T0435Z
7293,Navarro,Robert Navarro,Athletic,33,4,8.250,2026-27,2026-09-13T0435Z
7638,Areso,Jesús Areso,Athletic,15,4,3.750,2026-27,2026-09-13T0435Z
8693,N. Williams,Nico Williams,Athletic,26,5,5.200,2026-27,2026-09-13T0435Z
10213,Gerenabarrena,Beñat Gerenabarrena,Athletic,17,5,3.400,2026-27,2026-09-13T0435Z
12605,Jauregizar,Mikel Jauregizar,Athletic,10,4,2.500,2026-27,2026-09-13T0435Z
13830,Sannadi,Maroan Sannadi,Athletic,4,2,2.000,2026-27,2026-09-13T0435Z
16229,Johaneko,Johaneko Louis-Jean,Athletic,11,4,2.750,2026-27,2026-09-13T0435Z
7920,Serrano,Nico Serrano,Athletic,0,0,0.000,2026-27,2026-09-13T0435Z
1927,Pere Milla,Pere Milla,Espanyol,5,4,1.250,2026-27,2026-09-13T0435Z
3738,Edu Expósito,Edu Expósito,Espanyol,32,5,6.400,2026-27,2026-09-13T0435Z
3759,Dmitrovic,Marko Dmitrovic,Espanyol,44,5,8.800,2026-27,2026-09-13T0435Z
8228,Urko,Urko González de Zarate,Espanyol,17,5,3.400,2026-27,2026-09-13T0435Z
9987,Roberto,Roberto Fernández,Espanyol,46,5,9.200,2026-27,2026-09-13T0435Z
10220,El Hilali,Omar El Hilali,Espanyol,32,5,6.400,2026-27,2026-09-13T0435Z
10893,Marcos,Marcos Fernández,Espanyol,21,4,5.250,2026-27,2026-09-13T0435Z
11863,Calatrava,Álex Calatrava,Espanyol,17,5,3.400,2026-27,2026-09-13T0435Z
13119,Drkusic,Vanja Drkusic,Espanyol,6,3,2.000,2026-27,2026-09-13T0435Z
14024,Javier Hernández,Javier Hernández,Espanyol,24,5,4.800,2026-27,2026-09-13T0435Z
15316,Hinojo,Roger Hinojo,Espanyol,13,5,2.600,2026-27,2026-09-13T0435Z
15957,Moscardo,Gabriel Moscardo,Espanyol,5,3,1.670,2026-27,2026-09-13T0435Z
16202,Dolan,Tyrhys Dolan,Espanyol,25,5,5.000,2026-27,2026-09-13T0435Z
16308,Riedel,Clemens Riedel,Espanyol,20,4,5.000,2026-27,2026-09-13T0435Z
582,Cabrera,Leandro Cabrera,Espanyol,16,2,8.000,2026-27,2026-09-13T0435Z
9779,Bryan,Bryan Zaragoza,Espanyol,4,2,2.000,2026-27,2026-09-13T0435Z
12475,Niño,Adrián Niño,Málaga,0,0,0.000,2026-27,2026-09-13T0435Z
660,Rubén G.,Rubén García,Osasuna,20,5,4.000,2026-27,2026-09-13T0435Z
3206,Kike Barja,Kike Barja,Osasuna,15,4,3.750,2026-27,2026-09-13T0435Z
3235,Diego Rico,Diego Rico,Osasuna,-1,1,-1.000,2026-27,2026-09-13T0435Z
6493,Catena,Alejandro Catena,Osasuna,25,5,5.000,2026-27,2026-09-13T0435Z
6611,Herrera,Sergio Herrera,Osasuna,23,5,4.600,2026-27,2026-09-13T0435Z
6635,Budimir,Ante Budimir,Osasuna,44,5,8.800,2026-27,2026-09-13T0435Z
7027,Raúl García,Raúl García,Osasuna,15,5,3.000,2026-27,2026-09-13T0435Z
7204,Moncayola,Jon Moncayola,Osasuna,16,5,3.200,2026-27,2026-09-13T0435Z
7870,Raul Moro,Raul Moro,Osasuna,8,3,2.670,2026-27,2026-09-13T0435Z
10208,Dubasin,Jonathan Dubasin,Osasuna,11,5,2.200,2026-27,2026-09-13T0435Z
11230,Bretones,Abel Bretones,Osasuna,21,5,4.200,2026-27,2026-09-13T0435Z
11362,Iker Muñoz,Iker Muñoz,Osasuna,15,5,3.000,2026-27,2026-09-13T0435Z
12453,Osambela,Asier Osambela,Osasuna,7,3,2.330,2026-27,2026-09-13T0435Z
12823,Arguibide,Iñigo Arguibide,Osasuna,15,5,3.000,2026-27,2026-09-13T0435Z
18316,Yeboah,Rockson Yeboah,Osasuna,2,2,1.000,2026-27,2026-09-13T0435Z
8485,Del Castillo,Romain Del Castillo,Osasuna,2,1,2.000,2026-27,2026-09-13T0435Z
863,Lejeune,Florian Lejeune,Rayo,2,5,0.400,2026-27,2026-09-13T0435Z
867,Álvaro García,Álvaro García,Rayo,15,5,3.000,2026-27,2026-09-13T0435Z
1881,Unai López,Unai López,Rayo,29,5,5.800,2026-27,2026-09-13T0435Z
3623,Pedro Díaz,Pedro Díaz,Rayo,8,4,2.000,2026-27,2026-09-13T0435Z
6560,Ratiu,Andrei Ratiu,Rayo,14,4,3.500,2026-27,2026-09-13T0435Z
6562,Camello,Sergio Camello,Rayo,35,5,7.000,2026-27,2026-09-13T0435Z
7307,Pathé Ciss,Pathé Ciss,Rayo,20,5,4.000,2026-27,2026-09-13T0435Z
8337,Tsitaishvili,Georgiy Tsitaishvili,Rayo,1,2,0.500,2026-27,2026-09-13T0435Z
5587,Pedrosa,Adrià Pedrosa,Rayo,-3,3,-1.000,2026-27,2026-09-13T0435Z
18273,Bouare,Gnangoro Bouare,Rayo,0,3,0.000,2026-27,2026-09-13T0435Z
2413,Audero,Emil Audero,Rayo,-2,1,-2.000,2026-27,2026-09-13T0435Z
7100,Kumbulla,Marash Kumbulla,Rayo,0,0,0.000,2026-27,2026-09-13T0435Z
16146,Becerra,Samu Becerra,Rayo,0,0,0.000,2026-27,2026-09-13T0435Z
59,Courtois,Thibaut Courtois,Real Madrid,29,5,5.800,2026-27,2026-09-13T0435Z
2536,Rüdiger,Antonio Rüdiger,Real Madrid,11,2,5.500,2026-27,2026-09-13T0435Z
3429,Mbappé,Kylian Mbappé,Real Madrid,56,5,11.200,2026-27,2026-09-13T0435Z
3431,Bernardo Silva,Bernardo Silva,Real Madrid,11,5,2.200,2026-27,2026-09-13T0435Z
3758,Valverde,Federico Valverde,Real Madrid,25,5,5.000,2026-27,2026-09-13T0435Z
4884,Konaté,Ibrahima Konaté,Real Madrid,14,4,3.500,2026-27,2026-09-13T0435Z
5565,Vinicius,Vinicius Junior,Real Madrid,37,5,7.400,2026-27,2026-09-13T0435Z
6055,Dumfries,Denzel Dumfries,Real Madrid,11,4,2.750,2026-27,2026-09-13T0435Z
8386,Bellingham,Jude Bellingham,Real Madrid,55,5,11.000,2026-27,2026-09-13T0435Z
8479,Camavinga,Eduardo Camavinga,Real Madrid,12,5,2.400,2026-27,2026-09-13T0435Z
10176,A. F. Carreras,Álvaro F. Carreras,Real Madrid,18,4,4.500,2026-27,2026-09-13T0435Z
15342,Y. Diomande,Yan Diomande,Real Madrid,8,5,1.600,2026-27,2026-09-13T0435Z
5227,Villar,Gonzalo Villar,Elche,23,5,4.600,2026-27,2026-09-13T0435Z
6882,Tete Morente,Tete Morente,Elche,25,5,5.000,2026-27,2026-09-13T0435Z
7081,Fer Niño,Fernando Niño,Elche,26,5,5.200,2026-27,2026-09-13T0435Z
7658,Valera,Germán Valera,Elche,16,5,3.200,2026-27,2026-09-13T0435Z
8273,Chust,Víctor Chust,Elche,13,5,2.600,2026-27,2026-09-13T0435Z
9161,Dituro,Matías Dituro,Elche,13,5,2.600,2026-27,2026-09-13T0435Z
11214,Buonanotte,Facundo Buonanotte,Elche,15,4,3.750,2026-27,2026-09-13T0435Z
12878,Sangaré,Buba Sangaré,Elche,14,5,2.800,2026-27,2026-09-13T0435Z
13883,Martim Neto,Martim Neto,Elche,7,3,2.330,2026-27,2026-09-13T0435Z
15505,Redondo,Federico Redondo,Elche,15,3,5.000,2026-27,2026-09-13T0435Z
17248,Cepeda,Lucas Cepeda,Elche,18,5,3.600,2026-27,2026-09-13T0435Z
17495,Morcillo,Javi Morcillo,Elche,7,4,1.750,2026-27,2026-09-13T0435Z
17151,Osorio,Abiel Osorio,Elche,0,2,0.000,2026-27,2026-09-13T0435Z
3427,Lemar,Thomas Lemar,Elche,10,2,5.000,2026-27,2026-09-13T0435Z
9695,Rubén Sánchez,Rubén Sánchez,Elche,0,1,0.000,2026-27,2026-09-13T0435Z
14377,Revivo,Roy Revivo,Elche,5,2,2.500,2026-27,2026-09-13T0435Z
189,Jonny,Jonny Castro,Alavés,28,5,5.600,2026-27,2026-09-13T0435Z
1059,Sivera,Antonio Sivera,Alavés,40,5,8.000,2026-27,2026-09-13T0435Z
1778,Denis Suárez,Denis Suárez,Alavés,15,5,3.000,2026-27,2026-09-13T0435Z
2759,Aleñá,Carles Aleñá,Alavés,14,4,3.500,2026-27,2026-09-13T0435Z
3226,Mariano,Mariano Díaz,Alavés,38,5,7.600,2026-27,2026-09-13T0435Z
5032,Toni Martinez,Toni Martinez,Alavés,15,4,3.750,2026-27,2026-09-13T0435Z
5124,Boyé,Lucas Boyé,Alavés,34,4,8.500,2026-27,2026-09-13T0435Z
8080,Miguel,Miguel Rodríguez,Alavés,4,2,2.000,2026-27,2026-09-13T0435Z
8737,Blanco,Antonio Blanco,Alavés,22,5,4.400,2026-27,2026-09-13T0435Z
9909,Tenaglia,Nahuel Tenaglia,Alavés,35,5,7.000,2026-27,2026-09-13T0435Z
10258,Ibáñez,Pablo Ibáñez,Alavés,27,5,5.400,2026-27,2026-09-13T0435Z
10448,Protesoni,Carlos Benavidez,Alavés,5,2,2.500,2026-27,2026-09-13T0435Z
10476,Rebbach,Abde Rebbach,Alavés,17,5,3.400,2026-27,2026-09-13T0435Z
12925,Aitor Mañas,Aitor Mañas,Alavés,6,4,1.500,2026-27,2026-09-13T0435Z
15127,Ángel Pérez,Ángel Pérez,Alavés,43,5,8.600,2026-27,2026-09-13T0435Z
17284,Koski,Ville Koski,Alavés,35,5,7.000,2026-27,2026-09-13T0435Z
14979,Valentini,Nicolás Valentini,Alavés,1,2,0.500,2026-27,2026-09-13T0435Z
132,Canales,Sergio Canales,Racing,26,5,5.200,2026-27,2026-09-13T0435Z
3671,Villalibre,Asier Villalibre,Racing,6,4,1.500,2026-27,2026-09-13T0435Z
6442,Iñigo Vicente,Iñigo Vicente,Racing,37,5,7.400,2026-27,2026-09-13T0435Z
8972,Pablo Ramón,Pablo Ramón,Racing,17,4,4.250,2026-27,2026-09-13T0435Z
9213,Agirrezabala,Julen Agirrezabala,Racing,36,5,7.200,2026-27,2026-09-13T0435Z
10336,Mantilla,Álvaro Mantilla,Racing,6,5,1.200,2026-27,2026-09-13T0435Z
14105,Salinas,Jorge Salinas,Racing,15,5,3.000,2026-27,2026-09-13T0435Z
14155,Maguette,Maguette Gueye,Racing,6,4,1.500,2026-27,2026-09-13T0435Z
16760,Pedro Felipe,Pedro Felipe,Racing,4,2,2.000,2026-27,2026-09-13T0435Z
18282,Zabiri,Yassir Zabiri,Racing,36,5,7.200,2026-27,2026-09-13T0435Z
10533,Almeida,André Almeida,Racing,1,2,0.500,2026-27,2026-09-13T0435Z
13822,Pablo García,Pablo García,Racing,20,5,4.000,2026-27,2026-09-13T0435Z
6563,Iván Martín,Iván Martín,Racing,13,4,3.250,2026-27,2026-09-13T0435Z
17148,Guliashvili,Giorgi Guliashvili,Racing,2,2,1.000,2026-27,2026-09-13T0435Z
11857,Prati,Matteo Prati,Racing,3,3,1.000,2026-27,2026-09-13T0435Z
11286,Belocian,Jeanuël Belocian,Racing,12,2,6.000,2026-27,2026-09-13T0435Z
17130,Luque,Iker Luque,Racing,2,1,2.000,2026-27,2026-09-13T0435Z
63,Koke,Koke Resurrección,Atlético,20,5,4.000,2026-27,2026-09-14T0803Z
1826,Oblak,Jan Oblak,Atlético,34,5,6.800,2026-27,2026-09-14T0803Z
1931,M. Llorente,Marcos Llorente,Atlético,29,5,5.800,2026-27,2026-09-14T0803Z
2771,Grimaldo,Álex Grimaldo,Atlético,28,4,7.000,2026-27,2026-09-14T0803Z
4434,Lookman,Ademola Lookman,Atlético,24,5,4.800,2026-27,2026-09-14T0803Z
5995,Hancko,David Hancko,Atlético,37,5,7.400,2026-27,2026-09-14T0803Z
6337,Kang-In Lee,Kang-In Lee,Atlético,30,5,6.000,2026-27,2026-09-14T0803Z
7645,Baena,Álex Baena,Atlético,35,5,7.000,2026-27,2026-09-14T0803Z
9276,Giuliano,Giuliano Simeone,Atlético,30,5,6.000,2026-27,2026-09-14T0803Z
9823,Pubill,Marc Pubill,Atlético,22,4,5.500,2026-27,2026-09-14T0803Z
10393,Hjulmand,Morten Hjulmand,Atlético,19,5,3.800,2026-27,2026-09-14T0803Z
11579,Ortiz,Arnau Ortiz,Atlético,10,4,2.500,2026-27,2026-09-14T0803Z
12647,Cardoso,Johnny Cardoso,Atlético,4,3,1.330,2026-27,2026-09-14T0803Z
6310,Romero,Cristian Romero,Atlético,13,2,6.500,2026-27,2026-09-14T0803Z
9573,Jonathan David,Jonathan David,Atlético,9,1,9.000,2026-27,2026-09-14T0803Z
15572,Vargas,Obed Vargas,Atlético,0,0,0.000,2026-27,2026-09-14T0803Z
1882,Cancelo,Joao Cancelo,Barcelona,7,4,1.750,2026-27,2026-09-14T0803Z
2288,Olmo,Dani Olmo,Barcelona,21,5,4.200,2026-27,2026-09-14T0803Z
2417,A. Christensen,Andreas Christensen,Barcelona,17,4,4.250,2026-27,2026-09-14T0803Z
4288,Raphinha,Raphinha,Barcelona,75,5,15.000,2026-27,2026-09-14T0803Z
7257,Pedri,Pedri González,Barcelona,39,5,7.800,2026-27,2026-09-14T0803Z
7279,Joan Garcia,Joan Garcia,Barcelona,46,5,9.200,2026-27,2026-09-14T0803Z
7542,Eric Garcia,Eric Garcia,Barcelona,25,4,6.250,2026-27,2026-09-14T0803Z
7595,Gordon,Anthony Gordon,Barcelona,27,5,5.400,2026-27,2026-09-14T0803Z
8395,Adeyemi,Karim Adeyemi,Barcelona,29,5,5.800,2026-27,2026-09-14T0803Z
11520,Yamal,Lamine Yamal,Barcelona,65,5,13.000,2026-27,2026-09-14T0803Z
11706,Cubarsí,Pau Cubarsí,Barcelona,23,4,5.750,2026-27,2026-09-14T0803Z
11709,Fermín,Fermín López,Barcelona,58,5,11.600,2026-27,2026-09-14T0803Z
12641,Martín,Gerard Martín,Barcelona,31,4,7.750,2026-27,2026-09-14T0803Z
13864,Bernal,Marc Bernal,Barcelona,33,5,6.600,2026-27,2026-09-14T0803Z
16765,Espart,Xavi Espart,Barcelona,49,5,9.800,2026-27,2026-09-14T0803Z
2733,Rodri,Rodri Hernández,Barcelona,16,4,4.000,2026-27,2026-09-14T0803Z
1062,Ceballos,Dani Ceballos,Betis,0,0,0.000,2026-27,2026-09-14T0803Z
3717,Lo Celso,Giovani Lo Celso,Betis,0,0,0.000,2026-27,2026-09-14T0803Z
7554,Conde,Diego Conde,Betis,0,0,0.000,2026-27,2026-09-14T0803Z
175,Aspas,Iago Aspas,Celta,20,6,3.330,2026-27,2026-09-14T0803Z
4397,M. Alonso,Marcos Alonso,Celta,29,5,5.800,2026-27,2026-09-14T0803Z
5978,Radu,Ionut Radu,Celta,42,6,7.000,2026-27,2026-09-14T0803Z
6487,Galán,Javi Galán,Celta,12,5,2.400,2026-27,2026-09-14T0803Z
7199,Carreira,Sergio Carreira,Celta,21,6,3.500,2026-27,2026-09-14T0803Z
7842,Jutglà,Ferran Jutglà,Celta,26,6,4.330,2026-27,2026-09-14T0803Z
8082,Moriba,Ilaix Moriba,Celta,20,6,3.330,2026-27,2026-09-14T0803Z
9740,Hugo Álvarez,Hugo Álvarez,Celta,12,4,3.000,2026-27,2026-09-14T0803Z
9744,Hugo González,Hugo González,Celta,21,3,7.000,2026-27,2026-09-14T0803Z
10207,Swedberg,Williot Swedberg,Celta,10,5,2.000,2026-27,2026-09-14T0803Z
13035,Rueda,Javi Rueda,Celta,21,6,3.500,2026-27,2026-09-14T0803Z
13036,Lago,Yoel Lago,Celta,21,6,3.500,2026-27,2026-09-14T0803Z
13808,Román,Miguel Román,Celta,33,6,5.500,2026-27,2026-09-14T0803Z
16803,Burcio,Hugo Burcio,Celta,0,1,0.000,2026-27,2026-09-14T0803Z
14199,Driouech,Couhaib Driouech,Celta,9,3,3.000,2026-27,2026-09-14T0803Z
13608,Cáceres,Sebastián Cáceres,Celta,0,1,0.000,2026-27,2026-09-14T0803Z
392,Ximo,Ximo Navarro,Deportivo,13,5,2.600,2026-27,2026-09-14T0803Z
3414,Aubameyang,Pierre-Emerick Aubameyang,Deportivo,60,5,12.000,2026-27,2026-09-14T0803Z
8712,Mario,Mario Soriano,Deportivo,26,5,5.200,2026-27,2026-09-14T0803Z
9405,Leo Román,Leo Román,Deportivo,26,5,5.200,2026-27,2026-09-14T0803Z
9772,Luismi,Luismi Cruz,Deportivo,28,5,5.600,2026-27,2026-09-14T0803Z
10473,Quagliata,Giacomo Quagliata,Deportivo,14,5,2.800,2026-27,2026-09-14T0803Z
11198,Amatucci,Lorenzo Amatucci,Deportivo,21,5,4.200,2026-27,2026-09-14T0803Z
15164,Eddahchouri,Zakaria Eddahchouri,Deportivo,11,3,3.670,2026-27,2026-09-14T0803Z
16099,Noubi,Lucas Noubi,Deportivo,20,5,4.000,2026-27,2026-09-14T0803Z
16863,Bil Nsongo,Bil Nsongo,Deportivo,18,5,3.600,2026-27,2026-09-14T0803Z
775,Giménez,José María Giménez,Deportivo,15,4,3.750,2026-27,2026-09-14T0803Z
13974,Yeremay,Yeremay Hernández,Deportivo,13,4,3.250,2026-27,2026-09-14T0803Z
972,A. Traoré,Adama Traoré,Deportivo,4,2,2.000,2026-27,2026-09-14T0803Z
10217,Casadó,Marc Casadó,Deportivo,7,2,3.500,2026-27,2026-09-14T0803Z
899,Mojica,Johan Mojica,Getafe,15,4,3.750,2026-27,2026-09-14T0803Z
1919,Soria,David Soria,Getafe,33,5,6.600,2026-27,2026-09-14T0803Z
3751,Enes Ünal,Enes Ünal,Getafe,12,5,2.400,2026-27,2026-09-14T0803Z
3881,Djené,Dakonam Djené,Getafe,23,5,4.600,2026-27,2026-09-14T0803Z
8496,Satriano,Martín Satriano,Getafe,22,5,4.400,2026-27,2026-09-14T0803Z
8944,Terrats,Ramón Terrats,Getafe,31,5,6.200,2026-27,2026-09-14T0803Z
10463,Mangala,Orel Mangala,Getafe,18,5,3.600,2026-27,2026-09-14T0803Z
11202,Mario Martín,Mario Martín,Getafe,8,3,2.670,2026-27,2026-09-14T0803Z
11905,Sazonov,Saba Sazonov,Getafe,6,3,2.000,2026-27,2026-09-14T0803Z
16004,Davinchi,Davinchi,Getafe,2,2,1.000,2026-27,2026-09-14T0803Z
17161,Boselli,Sebastián Boselli,Getafe,7,4,1.750,2026-27,2026-09-14T0803Z
7995,Francho,Francho Serrano,Getafe,10,3,3.330,2026-27,2026-09-14T0803Z
7028,Gudelj,Nemanja Gudelj,Getafe,9,3,3.000,2026-27,2026-09-14T0803Z
12539,Joselu,Joselu Pérez,Getafe,1,1,1.000,2026-27,2026-09-14T0803Z
8782,Iván Azón,Iván Azón,Getafe,9,2,4.500,2026-27,2026-09-14T0803Z
18732,Moha Achraf,Moha Achraf,Getafe,0,0,0.000,2026-27,2026-09-14T0803Z
1566,Mandi,Aissa Mandi,Levante,21,5,4.200,2026-27,2026-09-14T0803Z
1743,Ryan,Mathew Ryan,Levante,42,5,8.400,2026-27,2026-09-14T0803Z
4976,Toljan,Jeremy Toljan,Levante,3,5,0.600,2026-27,2026-09-14T0803Z
6346,De la Fuente,Adrián de la Fuente,Levante,27,5,5.400,2026-27,2026-09-14T0803Z
6605,Manu Sánchez,Manu Sánchez,Levante,16,5,3.200,2026-27,2026-09-14T0803Z
7629,Iván Romero,Iván Romero,Levante,22,5,4.400,2026-27,2026-09-14T0803Z
7644,Víctor García,Víctor García,Levante,4,4,1.000,2026-27,2026-09-14T0803Z
8088,Oriol Rey,Oriol Rey,Levante,21,5,4.200,2026-27,2026-09-14T0803Z
8961,Olasagasti,Jon Ander Olasagasti,Levante,27,5,5.400,2026-27,2026-09-14T0803Z
16020,Nacho Pérez,Nacho Pérez,Levante,18,5,3.600,2026-27,2026-09-14T0803Z
18006,Bardeli,Enzo Bardelli,Levante,29,5,5.800,2026-27,2026-09-14T0803Z
8988,Sotelo,Hugo Sotelo,Levante,5,4,1.250,2026-27,2026-09-14T0803Z
9157,Brugui,Roger Brugué,Levante,29,4,7.250,2026-27,2026-09-14T0803Z
12598,Requena,Dani Requena,Levante,1,2,0.500,2026-27,2026-09-14T0803Z
18406,Ndukwe,Ifeanyi Ndukwe,Levante,2,1,2.000,2026-27,2026-09-14T0803Z
11998,Ratkov,Petar Ratkov,Levante,1,1,1.000,2026-27,2026-09-14T0803Z
3174,Galilea,Einar Galilea,Málaga,21,5,4.200,2026-27,2026-09-14T0803Z
6050,Joaquín,Joaquín Muñoz,Málaga,15,5,3.000,2026-27,2026-09-14T0803Z
6973,Herrero,Alfonso Herrero,Málaga,30,5,6.000,2026-27,2026-09-14T0803Z
7703,Enríquez,Ramón Enríquez,Málaga,7,5,1.400,2026-27,2026-09-14T0803Z
8250,Salinas,José Salinas,Málaga,15,4,3.750,2026-27,2026-09-14T0803Z
8780,Larrubia,David Larrubia,Málaga,15,5,3.000,2026-27,2026-09-14T0803Z
10823,Juan Cruz,Juan Cruz,Málaga,6,5,1.200,2026-27,2026-09-14T0803Z
13982,Puga,Carlos Puga,Málaga,10,5,2.000,2026-27,2026-09-14T0803Z
13983,Merino,Izan Merino,Málaga,12,5,2.400,2026-27,2026-09-14T0803Z
14096,Chupete,Chupete,Málaga,13,5,2.600,2026-27,2026-09-14T0803Z
15344,Rafita,Rafa Garrido,Málaga,20,5,4.000,2026-27,2026-09-14T0803Z
15417,Recio,Angel Recio,Málaga,20,5,4.000,2026-27,2026-09-14T0803Z
16286,Lorenzo,Dani Lorenzo,Málaga,19,4,4.750,2026-27,2026-09-14T0803Z
7614,Pablo Martínez,Pablo Martínez,Málaga,17,3,5.670,2026-27,2026-09-14T0803Z
5671,Berrocal,Juan Berrocal,Málaga,1,1,1.000,2026-27,2026-09-14T0803Z
12475,Niño,Adrián Niño,Málaga,7,1,7.000,2026-27,2026-09-14T0803Z
1881,Unai López,Unai López,Rayo,31,5,6.200,2026-27,2026-09-14T0803Z
3623,Pedro Díaz,Pedro Díaz,Rayo,10,4,2.500,2026-27,2026-09-14T0803Z
6562,Camello,Sergio Camello,Rayo,45,5,9.000,2026-27,2026-09-14T0803Z
6889,Valentín,Óscar Valentín,Rayo,12,5,2.400,2026-27,2026-09-14T0803Z
7251,Balliu,Iván Balliu,Rayo,0,4,0.000,2026-27,2026-09-14T0803Z
7307,Pathé Ciss,Pathé Ciss,Rayo,24,5,4.800,2026-27,2026-09-14T0803Z
11758,Alemão,Alemão,Rayo,5,4,1.250,2026-27,2026-09-14T0803Z
8337,Tsitaishvili,Georgiy Tsitaishvili,Rayo,3,2,1.500,2026-27,2026-09-14T0803Z
5587,Pedrosa,Adrià Pedrosa,Rayo,2,3,0.670,2026-27,2026-09-14T0803Z
2413,Audero,Emil Audero,Rayo,2,1,2.000,2026-27,2026-09-14T0803Z
5228,Mujaid,Mujaid Sadick,Rayo,1,1,1.000,2026-27,2026-09-14T0803Z
12608,Rayane,Rayane Belaid,Rayo,1,1,1.000,2026-27,2026-09-14T0803Z
59,Courtois,Thibaut Courtois,Real Madrid,35,5,7.000,2026-27,2026-09-14T0803Z
2536,Rüdiger,Antonio Rüdiger,Real Madrid,17,2,8.500,2026-27,2026-09-14T0803Z
3429,Mbappé,Kylian Mbappé,Real Madrid,67,5,13.400,2026-27,2026-09-14T0803Z
3431,Bernardo Silva,Bernardo Silva,Real Madrid,15,5,3.000,2026-27,2026-09-14T0803Z
3758,Valverde,Federico Valverde,Real Madrid,28,5,5.600,2026-27,2026-09-14T0803Z
4884,Konaté,Ibrahima Konaté,Real Madrid,18,4,4.500,2026-27,2026-09-14T0803Z
5013,Cucurella,Marc Cucurella,Real Madrid,18,5,3.600,2026-27,2026-09-14T0803Z
5565,Vinicius,Vinicius Junior,Real Madrid,44,5,8.800,2026-27,2026-09-14T0803Z
6055,Dumfries,Denzel Dumfries,Real Madrid,13,4,3.250,2026-27,2026-09-14T0803Z
8386,Bellingham,Jude Bellingham,Real Madrid,64,5,12.800,2026-27,2026-09-14T0803Z
8479,Camavinga,Eduardo Camavinga,Real Madrid,14,5,2.800,2026-27,2026-09-14T0803Z
10176,A. F. Carreras,Álvaro F. Carreras,Real Madrid,24,4,6.000,2026-27,2026-09-14T0803Z
11439,Güler,Arda Güler,Real Madrid,51,5,10.200,2026-27,2026-09-14T0803Z
15342,Y. Diomande,Yan Diomande,Real Madrid,15,5,3.000,2026-27,2026-09-14T0803Z
9669,Tchouaméni,Aurélien Tchouaméni,Real Madrid,2,1,2.000,2026-27,2026-09-14T0803Z
1975,Remiro,Álex Remiro,Real Sociedad,30,5,6.000,2026-27,2026-09-14T0803Z
2675,Oyarzabal,Mikel Oyarzabal,Real Sociedad,28,6,4.670,2026-27,2026-09-14T0803Z
2799,Carlos Soler,Carlos Soler,Real Sociedad,31,6,5.170,2026-27,2026-09-14T0803Z
6180,Sergio Gómez,Sergio Gómez,Real Sociedad,17,6,2.830,2026-27,2026-09-14T0803Z
6363,Barrenetxea,Ander Barrenetxea,Real Sociedad,21,5,4.200,2026-27,2026-09-14T0803Z
6446,Herrera,Yangel Herrera,Real Sociedad,21,6,3.500,2026-27,2026-09-14T0803Z
7091,Kubo,Takefusa Kubo,Real Sociedad,12,5,2.400,2026-27,2026-09-14T0803Z
8392,L. Sucic,Luka Sucic,Real Sociedad,30,6,5.000,2026-27,2026-09-14T0803Z
9011,Zakharyan,Arsen Zakharyan,Real Sociedad,3,2,1.500,2026-27,2026-09-14T0803Z
10660,Óskarsson,Orri Steinn Óskarsson,Real Sociedad,15,5,3.000,2026-27,2026-09-14T0803Z
12538,Aramburu,Jon Aramburu,Real Sociedad,19,6,3.170,2026-27,2026-09-14T0803Z
14021,Ochieng,Job Ochieng,Real Sociedad,15,3,5.000,2026-27,2026-09-14T0803Z
15273,Beitia,Luken Beitia,Real Sociedad,0,2,0.000,2026-27,2026-09-14T0803Z
2242,Guedes,Gonçalo Guedes,Real Sociedad,17,5,3.400,2026-27,2026-09-14T0803Z
11683,Gorrotxategi,Jon Gorrotxategi,Real Sociedad,5,4,1.250,2026-27,2026-09-14T0803Z
15944,M. Sarr,Mamadou Sarr,Real Sociedad,4,2,2.000,2026-27,2026-09-14T0803Z
322,Bartra,Marc Bartra,Betis,30,4,7.500,2026-27,2026-09-15T0543Z
336,Isco,Isco Alarcón,Betis,18,5,3.600,2026-27,2026-09-15T0543Z
2153,Bellerín,Héctor Bellerín,Betis,16,5,3.200,2026-27,2026-09-15T0543Z
2632,Fornals,Pablo Fornals,Betis,26,5,5.200,2026-27,2026-09-15T0543Z
3215,Marc Roca,Marc Roca,Betis,30,4,7.500,2026-27,2026-09-15T0543Z
3686,Valles,Álvaro Valles,Betis,56,5,11.200,2026-27,2026-09-15T0543Z
5546,Cucho,Cucho Hernández,Betis,29,5,5.800,2026-27,2026-09-15T0543Z
6392,Fran García,Fran García,Betis,23,5,4.600,2026-27,2026-09-15T0543Z
6450,Riquelme,Rodrigo Riquelme,Betis,30,5,6.000,2026-27,2026-09-15T0543Z
8405,Antony,Antony,Betis,30,5,6.000,2026-27,2026-09-15T0543Z
11813,Natan,Natan,Betis,30,4,7.500,2026-27,2026-09-15T0543Z
15696,Deossa,Nelson Deossa,Betis,21,5,4.200,2026-27,2026-09-15T0543Z
15736,Bernal,Facundo Bernal,Betis,18,5,3.600,2026-27,2026-09-15T0543Z
9750,Abde,Abde Ezzalzouli,Betis,8,2,4.000,2026-27,2026-09-15T0543Z
1062,Ceballos,Dani Ceballos,Betis,3,1,3.000,2026-27,2026-09-15T0543Z
3717,Lo Celso,Giovani Lo Celso,Betis,2,1,2.000,2026-27,2026-09-15T0543Z
16802,Antañón,Andrés Antañón,Celta,4,1,4.000,2026-27,2026-09-15T0543Z
14881,Marchal,Alex Marchal,Real Sociedad,2,4,0.500,2026-27,2026-09-15T0543Z
843,Gerard,Gerard Moreno,Villarreal,36,5,7.200,2026-27,2026-09-15T0543Z
3106,Gulacsi,Péter Gulácsi,Villarreal,10,1,10.000,2026-27,2026-09-15T0543Z
4511,Ayoze,Ayoze Pérez,Villarreal,17,5,3.400,2026-27,2026-09-15T0543Z
5549,Comesaña,Santi Comesaña,Villarreal,9,5,1.800,2026-27,2026-09-15T0543Z
7209,Pépé,Nicolas Pépé,Villarreal,38,5,7.600,2026-27,2026-09-15T0543Z
8413,Pape Gueye,Pape Gueye,Villarreal,19,5,3.800,2026-27,2026-09-15T0543Z
9990,Moleiro,Alberto Moleiro,Villarreal,19,5,3.800,2026-27,2026-09-15T0543Z
10114,Veiga,Renato Veiga,Villarreal,20,5,4.000,2026-27,2026-09-15T0543Z
10638,Buchanan,Tajon Buchanan,Villarreal,10,5,2.000,2026-27,2026-09-15T0543Z
11172,Romero,Carlos Romero,Villarreal,8,4,2.000,2026-27,2026-09-15T0543Z
11678,Mouriño,Santiago Mouriño,Villarreal,7,4,1.750,2026-27,2026-09-15T0543Z
12139,Mikautadze,Georges Mikautadze,Villarreal,32,5,6.400,2026-27,2026-09-15T0543Z
12860,Pau Navarro,Pau Navarro,Villarreal,2,1,2.000,2026-27,2026-09-15T0543Z
13440,Oluwaseyi,Tani Oluwaseyi,Villarreal,7,4,1.750,2026-27,2026-09-15T0543Z
17275,Freeman,Alex Freeman,Villarreal,7,4,1.750,2026-27,2026-09-15T0543Z
17695,Saliba,Nathan-Dylan Saliba,Villarreal,7,2,3.500,2026-27,2026-09-15T0543Z
3738,Edu Expósito,Edu Expósito,Espanyol,32,6,5.330,2026-27,2026-09-16T0450Z
3759,Dmitrovic,Marko Dmitrovic,Espanyol,44,6,7.330,2026-27,2026-09-16T0450Z
3879,Lozano,Pol Lozano,Espanyol,2,3,0.670,2026-27,2026-09-16T0450Z
8228,Urko,Urko González de Zarate,Espanyol,17,6,2.830,2026-27,2026-09-16T0450Z
9987,Roberto,Roberto Fernández,Espanyol,46,6,7.670,2026-27,2026-09-16T0450Z
10220,El Hilali,Omar El Hilali,Espanyol,32,6,5.330,2026-27,2026-09-16T0450Z
10893,Marcos,Marcos Fernández,Espanyol,21,5,4.200,2026-27,2026-09-16T0450Z
11467,Hartman,Quilindschy Hartman,Espanyol,3,2,1.500,2026-27,2026-09-16T0450Z
11863,Calatrava,Álex Calatrava,Espanyol,17,6,2.830,2026-27,2026-09-16T0450Z
12918,Bauzà,Rafel Bauzà,Espanyol,3,4,0.750,2026-27,2026-09-16T0450Z
14024,Javier Hernández,Javier Hernández,Espanyol,24,6,4.000,2026-27,2026-09-16T0450Z
15316,Hinojo,Roger Hinojo,Espanyol,13,6,2.170,2026-27,2026-09-16T0450Z
15957,Moscardo,Gabriel Moscardo,Espanyol,5,4,1.250,2026-27,2026-09-16T0450Z
16308,Riedel,Clemens Riedel,Espanyol,20,5,4.000,2026-27,2026-09-16T0450Z
582,Cabrera,Leandro Cabrera,Espanyol,16,3,5.330,2026-27,2026-09-16T0450Z
9779,Bryan,Bryan Zaragoza,Espanyol,4,3,1.330,2026-27,2026-09-16T0450Z
863,Lejeune,Florian Lejeune,Rayo,2,6,0.330,2026-27,2026-09-16T0450Z
867,Álvaro García,Álvaro García,Rayo,15,6,2.500,2026-27,2026-09-16T0450Z
1881,Unai López,Unai López,Rayo,31,6,5.170,2026-27,2026-09-16T0450Z
3623,Pedro Díaz,Pedro Díaz,Rayo,10,5,2.000,2026-27,2026-09-16T0450Z
6560,Ratiu,Andrei Ratiu,Rayo,14,5,2.800,2026-27,2026-09-16T0450Z
6562,Camello,Sergio Camello,Rayo,45,6,7.500,2026-27,2026-09-16T0450Z
6889,Valentín,Óscar Valentín,Rayo,12,6,2.000,2026-27,2026-09-16T0450Z
7251,Balliu,Iván Balliu,Rayo,0,5,0.000,2026-27,2026-09-16T0450Z
7307,Pathé Ciss,Pathé Ciss,Rayo,24,6,4.000,2026-27,2026-09-16T0450Z
10210,Fran Pérez,Fran Pérez,Rayo,1,5,0.200,2026-27,2026-09-16T0450Z
11758,Alemão,Alemão,Rayo,5,5,1.000,2026-27,2026-09-16T0450Z
8337,Tsitaishvili,Georgiy Tsitaishvili,Rayo,3,3,1.000,2026-27,2026-09-16T0450Z
5587,Pedrosa,Adrià Pedrosa,Rayo,2,4,0.500,2026-27,2026-09-16T0450Z
18273,Bouare,Gnangoro Bouare,Rayo,0,4,0.000,2026-27,2026-09-16T0450Z
2413,Audero,Emil Audero,Rayo,2,2,1.000,2026-27,2026-09-16T0450Z
5228,Mujaid,Mujaid Sadick,Rayo,1,2,0.500,2026-27,2026-09-16T0450Z
59,Courtois,Thibaut Courtois,Real Madrid,37,6,6.170,2026-27,2026-09-16T0450Z
3429,Mbappé,Kylian Mbappé,Real Madrid,79,6,13.170,2026-27,2026-09-16T0450Z
3758,Valverde,Federico Valverde,Real Madrid,30,6,5.000,2026-27,2026-09-16T0450Z
4480,Alexander-Arnold,Trent Alexander-Arnold,Real Madrid,25,4,6.250,2026-27,2026-09-16T0450Z
4884,Konaté,Ibrahima Konaté,Real Madrid,17,5,3.400,2026-27,2026-09-16T0450Z
5013,Cucurella,Marc Cucurella,Real Madrid,20,6,3.330,2026-27,2026-09-16T0450Z
5035,Brahim,Brahim Díaz,Real Madrid,8,3,2.670,2026-27,2026-09-16T0450Z
5565,Vinicius,Vinicius Junior,Real Madrid,48,6,8.000,2026-27,2026-09-16T0450Z
6055,Dumfries,Denzel Dumfries,Real Madrid,14,5,2.800,2026-27,2026-09-16T0450Z
8386,Bellingham,Jude Bellingham,Real Madrid,66,6,11.000,2026-27,2026-09-16T0450Z
11439,Güler,Arda Güler,Real Madrid,61,6,10.170,2026-27,2026-09-16T0450Z
11830,Huijsen,Dean Huijsen,Real Madrid,30,5,6.000,2026-27,2026-09-16T0450Z
12870,Carlos Espí,Carlos Espí,Real Madrid,19,4,4.750,2026-27,2026-09-16T0450Z
15342,Y. Diomande,Yan Diomande,Real Madrid,26,6,4.330,2026-27,2026-09-16T0450Z
9669,Tchouaméni,Aurélien Tchouaméni,Real Madrid,6,2,3.000,2026-27,2026-09-16T0450Z
13564,Endrick,Endrick,Real Madrid,1,1,1.000,2026-27,2026-09-16T0450Z
663,Gayà,José Gayà,Valencia,19,4,4.750,2026-27,2026-09-16T0450Z
989,Dimitrievski,Stole Dimitrievski,Valencia,35,6,5.830,2026-27,2026-09-16T0450Z
2663,Maffeo,Pablo Maffeo,Valencia,9,5,1.800,2026-27,2026-09-16T0450Z
2715,Pepelu,Pepelu,Valencia,28,6,4.670,2026-27,2026-09-16T0450Z
5019,Duro,Hugo Duro,Valencia,11,6,1.830,2026-27,2026-09-16T0450Z
6174,Danjuma,Arnaut Danjuma,Valencia,18,6,3.000,2026-27,2026-09-16T0450Z
7676,Guido,Guido Rodríguez,Valencia,19,3,6.330,2026-27,2026-09-16T0450Z
8684,Jesús Vázquez,Jesús Vázquez,Valencia,12,6,2.000,2026-27,2026-09-16T0450Z
9927,Javi Guerra,Javi Guerra,Valencia,29,6,4.830,2026-27,2026-09-16T0450Z
12025,Ugrinic,Filip Ugrinic,Valencia,18,6,3.000,2026-27,2026-09-16T0450Z
12594,Otorbi,David Otorbi,Valencia,2,5,0.400,2026-27,2026-09-16T0450Z
14034,Córdoba,Iker Córdoba,Valencia,3,3,1.000,2026-27,2026-09-16T0450Z
18018,De Haas,Justin de Haas,Valencia,8,2,4.000,2026-27,2026-09-16T0450Z
6665,Rioja,Luis Rioja,Valencia,15,3,5.000,2026-27,2026-09-16T0450Z
9218,Arnau,Arnau Martínez,Valencia,2,4,0.500,2026-27,2026-09-16T0450Z
17376,Mayol,Aaron Ndive Mayol,Valencia,0,1,0.000,2026-27,2026-09-16T0450Z
1859,Josan,Josan Ferrández,Elche,9,3,3.000,2026-27,2026-09-16T0450Z
5227,Villar,Gonzalo Villar,Elche,22,6,3.670,2026-27,2026-09-16T0450Z
6882,Tete Morente,Tete Morente,Elche,27,6,4.500,2026-27,2026-09-16T0450Z
7081,Fer Niño,Fernando Niño,Elche,33,6,5.500,2026-27,2026-09-16T0450Z
7658,Valera,Germán Valera,Elche,17,6,2.830,2026-27,2026-09-16T0450Z
8273,Chust,Víctor Chust,Elche,13,6,2.170,2026-27,2026-09-16T0450Z
9161,Dituro,Matías Dituro,Elche,15,6,2.500,2026-27,2026-09-16T0450Z
10358,Aguado,Marc Aguado,Elche,13,4,3.250,2026-27,2026-09-16T0450Z
12878,Sangaré,Buba Sangaré,Elche,14,6,2.330,2026-27,2026-09-16T0450Z
13883,Martim Neto,Martim Neto,Elche,9,4,2.250,2026-27,2026-09-16T0450Z
15505,Redondo,Federico Redondo,Elche,20,4,5.000,2026-27,2026-09-16T0450Z
17248,Cepeda,Lucas Cepeda,Elche,24,6,4.000,2026-27,2026-09-16T0450Z
17151,Osorio,Abiel Osorio,Elche,8,3,2.670,2026-27,2026-09-16T0450Z
3427,Lemar,Thomas Lemar,Elche,13,3,4.330,2026-27,2026-09-16T0450Z
9695,Rubén Sánchez,Rubén Sánchez,Elche,2,2,1.000,2026-27,2026-09-16T0450Z
14377,Revivo,Roy Revivo,Elche,4,3,1.330,2026-27,2026-09-16T0450Z
1059,Sivera,Antonio Sivera,Alavés,46,6,7.670,2026-27,2026-09-16T0450Z
1778,Denis Suárez,Denis Suárez,Alavés,23,6,3.830,2026-27,2026-09-16T0450Z
2759,Aleñá,Carles Aleñá,Alavés,16,5,3.200,2026-27,2026-09-16T0450Z
3226,Mariano,Mariano Díaz,Alavés,40,6,6.670,2026-27,2026-09-16T0450Z
3802,Guevara,Ander Guevara,Alavés,3,2,1.500,2026-27,2026-09-16T0450Z
5032,Toni Martinez,Toni Martinez,Alavés,20,5,4.000,2026-27,2026-09-16T0450Z
5124,Boyé,Lucas Boyé,Alavés,37,5,7.400,2026-27,2026-09-16T0450Z
8080,Miguel,Miguel Rodríguez,Alavés,6,3,2.000,2026-27,2026-09-16T0450Z
8737,Blanco,Antonio Blanco,Alavés,24,6,4.000,2026-27,2026-09-16T0450Z
9909,Tenaglia,Nahuel Tenaglia,Alavés,37,6,6.170,2026-27,2026-09-16T0450Z
10258,Ibáñez,Pablo Ibáñez,Alavés,31,6,5.170,2026-27,2026-09-16T0450Z
10476,Rebbach,Abde Rebbach,Alavés,20,6,3.330,2026-27,2026-09-16T0450Z
14935,Youssef,Youssef Enríquez,Alavés,15,5,3.000,2026-27,2026-09-16T0450Z
15127,Ángel Pérez,Ángel Pérez,Alavés,51,6,8.500,2026-27,2026-09-16T0450Z
17284,Koski,Ville Koski,Alavés,41,6,6.830,2026-27,2026-09-16T0450Z
14979,Valentini,Nicolás Valentini,Alavés,4,3,1.330,2026-27,2026-09-16T0450Z
63,Koke,Koke Resurrección,Atlético,27,6,4.500,2026-27,2026-09-17T0607Z
1826,Oblak,Jan Oblak,Atlético,42,6,7.000,2026-27,2026-09-17T0607Z
1931,M. Llorente,Marcos Llorente,Atlético,38,6,6.330,2026-27,2026-09-17T0607Z
2771,Grimaldo,Álex Grimaldo,Atlético,39,5,7.800,2026-27,2026-09-17T0607Z
4434,Lookman,Ademola Lookman,Atlético,28,6,4.670,2026-27,2026-09-17T0607Z
5995,Hancko,David Hancko,Atlético,39,6,6.500,2026-27,2026-09-17T0607Z
6002,Le Normand,Robin Le Normand,Atlético,26,3,8.670,2026-27,2026-09-17T0607Z
6337,Kang-In Lee,Kang-In Lee,Atlético,47,6,7.830,2026-27,2026-09-17T0607Z
7645,Baena,Álex Baena,Atlético,49,6,8.170,2026-27,2026-09-17T0607Z
9276,Giuliano,Giuliano Simeone,Atlético,32,6,5.330,2026-27,2026-09-17T0607Z
9823,Pubill,Marc Pubill,Atlético,24,5,4.800,2026-27,2026-09-17T0607Z
10393,Hjulmand,Morten Hjulmand,Atlético,21,6,3.500,2026-27,2026-09-17T0607Z
11579,Ortiz,Arnau Ortiz,Atlético,12,5,2.400,2026-27,2026-09-17T0607Z
12647,Cardoso,Johnny Cardoso,Atlético,17,4,4.250,2026-27,2026-09-17T0607Z
6310,Romero,Cristian Romero,Atlético,23,3,7.670,2026-27,2026-09-17T0607Z
9573,Jonathan David,Jonathan David,Atlético,26,2,13.000,2026-27,2026-09-17T0607Z
1882,Cancelo,Joao Cancelo,Barcelona,14,5,2.800,2026-27,2026-09-17T0607Z
2288,Olmo,Dani Olmo,Barcelona,31,6,5.170,2026-27,2026-09-17T0607Z
2417,A. Christensen,Andreas Christensen,Barcelona,18,5,3.600,2026-27,2026-09-17T0607Z
2534,Szczesny,Wojciech Szczesny,Barcelona,1,1,1.000,2026-27,2026-09-17T0607Z
4288,Raphinha,Raphinha,Barcelona,96,6,16.000,2026-27,2026-09-17T0607Z
7257,Pedri,Pedri González,Barcelona,45,6,7.500,2026-27,2026-09-17T0607Z
7279,Joan Garcia,Joan Garcia,Barcelona,48,6,8.000,2026-27,2026-09-17T0607Z
7542,Eric Garcia,Eric Garcia,Barcelona,27,5,5.400,2026-27,2026-09-17T0607Z
8395,Adeyemi,Karim Adeyemi,Barcelona,45,6,7.500,2026-27,2026-09-17T0607Z
9273,Gavi,Pablo Gavi,Barcelona,3,2,1.500,2026-27,2026-09-17T0607Z
11520,Yamal,Lamine Yamal,Barcelona,82,6,13.670,2026-27,2026-09-17T0607Z
12641,Martín,Gerard Martín,Barcelona,33,5,6.600,2026-27,2026-09-17T0607Z
13864,Bernal,Marc Bernal,Barcelona,34,6,5.670,2026-27,2026-09-17T0607Z
2733,Rodri,Rodri Hernández,Barcelona,24,5,4.800,2026-27,2026-09-17T0607Z
9316,Balde,Alejandro Balde,Barcelona,4,1,4.000,2026-27,2026-09-17T0607Z
3724,Gabriel Jesús,Gabriel Jesus,Barcelona,11,2,5.500,2026-27,2026-09-17T0607Z
3414,Aubameyang,Pierre-Emerick Aubameyang,Deportivo,63,6,10.500,2026-27,2026-09-17T0607Z
3605,Angeliño,Angeliño,Deportivo,-3,1,-3.000,2026-27,2026-09-17T0607Z
7309,Riki,Riki Rodríguez,Deportivo,5,3,1.670,2026-27,2026-09-17T0607Z
8712,Mario,Mario Soriano,Deportivo,30,6,5.000,2026-27,2026-09-17T0607Z
9405,Leo Román,Leo Román,Deportivo,35,6,5.830,2026-27,2026-09-17T0607Z
9772,Luismi,Luismi Cruz,Deportivo,32,6,5.330,2026-27,2026-09-17T0607Z
10357,Altimira,Adrià Altimira,Deportivo,13,4,3.250,2026-27,2026-09-17T0607Z
10473,Quagliata,Giacomo Quagliata,Deportivo,17,6,2.830,2026-27,2026-09-17T0607Z
10478,Loureiro,Miguel Loureiro,Deportivo,18,4,4.500,2026-27,2026-09-17T0607Z
11198,Amatucci,Lorenzo Amatucci,Deportivo,23,6,3.830,2026-27,2026-09-17T0607Z
15164,Eddahchouri,Zakaria Eddahchouri,Deportivo,13,4,3.250,2026-27,2026-09-17T0607Z
15351,Asp Jensen,Jonathan Asp Jensen,Deportivo,12,4,3.000,2026-27,2026-09-17T0607Z
16863,Bil Nsongo,Bil Nsongo,Deportivo,23,6,3.830,2026-27,2026-09-17T0607Z
775,Giménez,José María Giménez,Deportivo,19,5,3.800,2026-27,2026-09-17T0607Z
13974,Yeremay,Yeremay Hernández,Deportivo,17,5,3.400,2026-27,2026-09-17T0607Z
972,A. Traoré,Adama Traoré,Deportivo,5,3,1.670,2026-27,2026-09-17T0607Z
660,Rubén G.,Rubén García,Osasuna,20,6,3.330,2026-27,2026-09-17T0607Z
829,Aitor,Aitor Fernández,Osasuna,2,1,2.000,2026-27,2026-09-17T0607Z
1928,Torró,Lucas Torró,Osasuna,8,4,2.000,2026-27,2026-09-17T0607Z
3206,Kike Barja,Kike Barja,Osasuna,15,5,3.000,2026-27,2026-09-17T0607Z
6635,Budimir,Ante Budimir,Osasuna,44,6,7.330,2026-27,2026-09-17T0607Z
7027,Raúl García,Raúl García,Osasuna,16,6,2.670,2026-27,2026-09-17T0607Z
7204,Moncayola,Jon Moncayola,Osasuna,18,6,3.000,2026-27,2026-09-17T0607Z
7870,Raul Moro,Raul Moro,Osasuna,11,4,2.750,2026-27,2026-09-17T0607Z
8695,Boyomo,Boyomo,Osasuna,5,3,1.670,2026-27,2026-09-17T0607Z
10208,Dubasin,Jonathan Dubasin,Osasuna,12,6,2.000,2026-27,2026-09-17T0607Z
11230,Bretones,Abel Bretones,Osasuna,19,6,3.170,2026-27,2026-09-17T0607Z
12453,Osambela,Asier Osambela,Osasuna,7,4,1.750,2026-27,2026-09-17T0607Z
12823,Arguibide,Iñigo Arguibide,Osasuna,14,6,2.330,2026-27,2026-09-17T0607Z
16982,Unai Santos,Unai Santos,Osasuna,-1,1,-1.000,2026-27,2026-09-17T0607Z
18316,Yeboah,Rockson Yeboah,Osasuna,1,3,0.330,2026-27,2026-09-17T0607Z
8485,Del Castillo,Romain Del Castillo,Osasuna,4,2,2.000,2026-27,2026-09-17T0607Z
3736,Guridi,Jon Guridi,Sevilla,24,6,4.000,2026-27,2026-09-17T0607Z
6235,Vlachodimos,Odysseas Vlachodimos,Sevilla,42,6,7.000,2026-27,2026-09-17T0607Z
7249,Agoume,Lucien Agoume,Sevilla,36,6,6.000,2026-27,2026-09-17T0607Z
8686,Iglesias,Juan Iglesias,Sevilla,34,6,5.670,2026-27,2026-09-17T0607Z
9931,Kike Salas,Kike Salas,Sevilla,24,5,4.800,2026-27,2026-09-17T0607Z
11680,Romero,Isaac Romero,Sevilla,18,5,3.600,2026-27,2026-09-17T0607Z
12358,Suazo,Gabriel Suazo,Sevilla,27,6,4.500,2026-27,2026-09-17T0607Z
13888,Castrín,Andrés Castrín,Sevilla,33,5,6.600,2026-27,2026-09-17T0607Z
16236,Sierra,Miguel Sierra,Sevilla,40,6,6.670,2026-27,2026-09-17T0607Z
17129,Julio Díaz,Julio Díaz,Sevilla,6,4,1.500,2026-27,2026-09-17T0607Z
18314,Ure,Robbie Ure,Sevilla,15,6,2.500,2026-27,2026-09-17T0607Z
7786,Kochorashvili,Giorgi Kochorashvili,Sevilla,14,4,3.500,2026-27,2026-09-17T0607Z
8091,Félix Correia,Félix Correia,Sevilla,10,2,5.000,2026-27,2026-09-17T0607Z
9670,Fofana,Youssouf Fofana,Sevilla,15,3,5.000,2026-27,2026-09-17T0607Z
18437,Stassin,Lucas Stassin,Sevilla,8,3,2.670,2026-27,2026-09-17T0607Z
132,Canales,Sergio Canales,Racing,25,6,4.170,2026-27,2026-09-17T0607Z
3671,Villalibre,Asier Villalibre,Racing,9,5,1.800,2026-27,2026-09-17T0607Z
3836,Hernando,Manu Hernando,Racing,8,5,1.600,2026-27,2026-09-17T0607Z
6442,Iñigo Vicente,Iñigo Vicente,Racing,38,6,6.330,2026-27,2026-09-17T0607Z
9213,Agirrezabala,Julen Agirrezabala,Racing,41,6,6.830,2026-27,2026-09-17T0607Z
9930,Arana,Juan Carlos Arana,Racing,2,3,0.670,2026-27,2026-09-17T0607Z
10209,Facu González,Facundo González,Racing,2,5,0.400,2026-27,2026-09-17T0607Z
10338,Sainz-Maza,Íñigo Sainz-Maza,Racing,0,1,0.000,2026-27,2026-09-17T0607Z
14105,Salinas,Jorge Salinas,Racing,16,6,2.670,2026-27,2026-09-17T0607Z
14155,Maguette,Maguette Gueye,Racing,10,5,2.000,2026-27,2026-09-17T0607Z
16760,Pedro Felipe,Pedro Felipe,Racing,-3,3,-1.000,2026-27,2026-09-17T0607Z
18282,Zabiri,Yassir Zabiri,Racing,42,6,7.000,2026-27,2026-09-17T0607Z
17148,Guliashvili,Giorgi Guliashvili,Racing,2,3,0.670,2026-27,2026-09-17T0607Z
11857,Prati,Matteo Prati,Racing,5,4,1.250,2026-27,2026-09-17T0607Z
3246,Aarón,Aarón Martín,Racing,-1,2,-0.500,2026-27,2026-09-17T0607Z
17130,Luque,Iker Luque,Racing,0,2,0.000,2026-27,2026-09-17T0607Z
336,Isco,Isco Alarcón,Betis,24,6,4.000,2026-27,2026-09-18T0801Z
2153,Bellerín,Héctor Bellerín,Betis,20,6,3.330,2026-27,2026-09-18T0801Z
3686,Valles,Álvaro Valles,Betis,67,6,11.170,2026-27,2026-09-18T0801Z
4620,Junior,Junior Firpo,Betis,7,2,3.500,2026-27,2026-09-18T0801Z
5546,Cucho,Cucho Hernández,Betis,30,6,5.000,2026-27,2026-09-18T0801Z
6393,Fidalgo,Álvaro Fidalgo,Betis,2,2,1.000,2026-27,2026-09-18T0801Z
6450,Riquelme,Rodrigo Riquelme,Betis,34,6,5.670,2026-27,2026-09-18T0801Z
8405,Antony,Antony,Betis,39,6,6.500,2026-27,2026-09-18T0801Z
10233,Ortiz,Ángel Ortiz,Betis,8,2,4.000,2026-27,2026-09-18T0801Z
11813,Natan,Natan,Betis,40,5,8.000,2026-27,2026-09-18T0801Z
15696,Deossa,Nelson Deossa,Betis,32,6,5.330,2026-27,2026-09-18T0801Z
15736,Bernal,Facundo Bernal,Betis,23,6,3.830,2026-27,2026-09-18T0801Z
16203,Valentín Gómez,Valentín Gómez,Betis,23,2,11.500,2026-27,2026-09-18T0801Z
7589,Parrott,Troy Parrott,Betis,21,4,5.250,2026-27,2026-09-18T0801Z
9750,Abde,Abde Ezzalzouli,Betis,19,3,6.330,2026-27,2026-09-18T0801Z
1062,Ceballos,Dani Ceballos,Betis,5,2,2.500,2026-27,2026-09-18T0801Z
3738,Edu Expósito,Edu Expósito,Espanyol,37,6,6.170,2026-27,2026-09-18T0801Z
3759,Dmitrovic,Marko Dmitrovic,Espanyol,47,6,7.830,2026-27,2026-09-18T0801Z
3879,Lozano,Pol Lozano,Espanyol,4,3,1.330,2026-27,2026-09-18T0801Z
8228,Urko,Urko González de Zarate,Espanyol,19,6,3.170,2026-27,2026-09-18T0801Z
9987,Roberto,Roberto Fernández,Espanyol,54,6,9.000,2026-27,2026-09-18T0801Z
10220,El Hilali,Omar El Hilali,Espanyol,29,6,4.830,2026-27,2026-09-18T0801Z
10893,Marcos,Marcos Fernández,Espanyol,23,5,4.600,2026-27,2026-09-18T0801Z
11467,Hartman,Quilindschy Hartman,Espanyol,5,2,2.500,2026-27,2026-09-18T0801Z
11863,Calatrava,Álex Calatrava,Espanyol,18,6,3.000,2026-27,2026-09-18T0801Z
14024,Javier Hernández,Javier Hernández,Espanyol,32,6,5.330,2026-27,2026-09-18T0801Z
15316,Hinojo,Roger Hinojo,Espanyol,15,6,2.500,2026-27,2026-09-18T0801Z
16308,Riedel,Clemens Riedel,Espanyol,23,5,4.600,2026-27,2026-09-18T0801Z
582,Cabrera,Leandro Cabrera,Espanyol,19,3,6.330,2026-27,2026-09-18T0801Z
9779,Bryan,Bryan Zaragoza,Espanyol,8,3,2.670,2026-27,2026-09-18T0801Z
899,Mojica,Johan Mojica,Getafe,18,5,3.600,2026-27,2026-09-18T0801Z
1919,Soria,David Soria,Getafe,41,6,6.830,2026-27,2026-09-18T0801Z
3751,Enes Ünal,Enes Ünal,Getafe,13,6,2.170,2026-27,2026-09-18T0801Z
3881,Djené,Dakonam Djené,Getafe,29,6,4.830,2026-27,2026-09-18T0801Z
8496,Satriano,Martín Satriano,Getafe,23,6,3.830,2026-27,2026-09-18T0801Z
10463,Mangala,Orel Mangala,Getafe,22,6,3.670,2026-27,2026-09-18T0801Z
11202,Mario Martín,Mario Martín,Getafe,8,4,2.000,2026-27,2026-09-18T0801Z
11916,Andrés García,Andrés García,Getafe,21,5,4.200,2026-27,2026-09-18T0801Z
12917,Risco,Alberto Risco,Getafe,4,4,1.000,2026-27,2026-09-18T0801Z
14210,Romero,Zaid Romero,Getafe,29,5,5.800,2026-27,2026-09-18T0801Z
16004,Davinchi,Davinchi,Getafe,1,3,0.330,2026-27,2026-09-18T0801Z
17161,Boselli,Sebastián Boselli,Getafe,7,5,1.400,2026-27,2026-09-18T0801Z
7995,Francho,Francho Serrano,Getafe,12,4,3.000,2026-27,2026-09-18T0801Z
18412,Óscar López,Óscar López,Getafe,2,2,1.000,2026-27,2026-09-18T0801Z
7028,Gudelj,Nemanja Gudelj,Getafe,10,4,2.500,2026-27,2026-09-18T0801Z
8782,Iván Azón,Iván Azón,Getafe,12,3,4.000,2026-27,2026-09-18T0801Z
3174,Galilea,Einar Galilea,Málaga,22,6,3.670,2026-27,2026-09-18T0801Z
6050,Joaquín,Joaquín Muñoz,Málaga,16,6,2.670,2026-27,2026-09-18T0801Z
6973,Herrero,Alfonso Herrero,Málaga,29,6,4.830,2026-27,2026-09-18T0801Z
7703,Enríquez,Ramón Enríquez,Málaga,7,6,1.170,2026-27,2026-09-18T0801Z
8250,Salinas,José Salinas,Málaga,13,5,2.600,2026-27,2026-09-18T0801Z
8780,Larrubia,David Larrubia,Málaga,16,6,2.670,2026-27,2026-09-18T0801Z
10823,Juan Cruz,Juan Cruz,Málaga,11,6,1.830,2026-27,2026-09-18T0801Z
10860,Dotor,Carlos Dotor,Málaga,24,5,4.800,2026-27,2026-09-18T0801Z
13982,Puga,Carlos Puga,Málaga,11,6,1.830,2026-27,2026-09-18T0801Z
13983,Merino,Izan Merino,Málaga,14,6,2.330,2026-27,2026-09-18T0801Z
14096,Chupete,Chupete,Málaga,14,6,2.330,2026-27,2026-09-18T0801Z
15344,Rafita,Rafa Garrido,Málaga,22,6,3.670,2026-27,2026-09-18T0801Z
15417,Recio,Angel Recio,Málaga,21,6,3.500,2026-27,2026-09-18T0801Z
16286,Lorenzo,Dani Lorenzo,Málaga,22,5,4.400,2026-27,2026-09-18T0801Z
7614,Pablo Martínez,Pablo Martínez,Málaga,17,4,4.250,2026-27,2026-09-18T0801Z
12475,Niño,Adrián Niño,Málaga,8,2,4.000,2026-27,2026-09-18T0801Z
863,Lejeune,Florian Lejeune,Rayo,8,6,1.330,2026-27,2026-09-18T0801Z
867,Álvaro García,Álvaro García,Rayo,29,6,4.830,2026-27,2026-09-18T0801Z
1881,Unai López,Unai López,Rayo,35,6,5.830,2026-27,2026-09-18T0801Z
3623,Pedro Díaz,Pedro Díaz,Rayo,15,5,3.000,2026-27,2026-09-18T0801Z
6560,Ratiu,Andrei Ratiu,Rayo,17,5,3.400,2026-27,2026-09-18T0801Z
6562,Camello,Sergio Camello,Rayo,48,6,8.000,2026-27,2026-09-18T0801Z
6889,Valentín,Óscar Valentín,Rayo,14,6,2.330,2026-27,2026-09-18T0801Z
7251,Balliu,Iván Balliu,Rayo,2,5,0.400,2026-27,2026-09-18T0801Z
7307,Pathé Ciss,Pathé Ciss,Rayo,32,6,5.330,2026-27,2026-09-18T0801Z
10210,Fran Pérez,Fran Pérez,Rayo,3,5,0.600,2026-27,2026-09-18T0801Z
8337,Tsitaishvili,Georgiy Tsitaishvili,Rayo,6,3,2.000,2026-27,2026-09-18T0801Z
5587,Pedrosa,Adrià Pedrosa,Rayo,15,4,3.750,2026-27,2026-09-18T0801Z
18273,Bouare,Gnangoro Bouare,Rayo,2,4,0.500,2026-27,2026-09-18T0801Z
2413,Audero,Emil Audero,Rayo,8,2,4.000,2026-27,2026-09-18T0801Z
5228,Mujaid,Mujaid Sadick,Rayo,5,2,2.500,2026-27,2026-09-18T0801Z
3106,Gulacsi,Péter Gulácsi,Villarreal,12,2,6.000,2026-27,2026-09-18T0801Z
4511,Ayoze,Ayoze Pérez,Villarreal,26,6,4.330,2026-27,2026-09-18T0801Z
5549,Comesaña,Santi Comesaña,Villarreal,12,6,2.000,2026-27,2026-09-18T0801Z
8413,Pape Gueye,Pape Gueye,Villarreal,35,6,5.830,2026-27,2026-09-18T0801Z
9763,Akhomach,Ilias Akhomach,Villarreal,16,5,3.200,2026-27,2026-09-18T0801Z
9989,S. Cardona,Sergi Cardona,Villarreal,4,2,2.000,2026-27,2026-09-18T0801Z
9990,Moleiro,Alberto Moleiro,Villarreal,31,6,5.170,2026-27,2026-09-18T0801Z
10114,Veiga,Renato Veiga,Villarreal,24,6,4.000,2026-27,2026-09-18T0801Z
10638,Buchanan,Tajon Buchanan,Villarreal,15,6,2.500,2026-27,2026-09-18T0801Z
11172,Romero,Carlos Romero,Villarreal,10,5,2.000,2026-27,2026-09-18T0801Z
11678,Mouriño,Santiago Mouriño,Villarreal,9,5,1.800,2026-27,2026-09-18T0801Z
12139,Mikautadze,Georges Mikautadze,Villarreal,35,6,5.830,2026-27,2026-09-18T0801Z
12860,Pau Navarro,Pau Navarro,Villarreal,5,2,2.500,2026-27,2026-09-18T0801Z
16938,Carlos Macià,Carlos Macià,Villarreal,9,3,3.000,2026-27,2026-09-18T0801Z
17275,Freeman,Alex Freeman,Villarreal,15,5,3.000,2026-27,2026-09-18T0801Z
17695,Saliba,Nathan-Dylan Saliba,Villarreal,10,3,3.330,2026-27,2026-09-18T0801Z
18243,Iker Rodríguez,Iker Rodríguez,Barcelona,0,0,0.000,2026-27,2026-09-19T2039Z
1927,Pere Milla,Pere Milla,Espanyol,9,5,1.800,2026-27,2026-09-19T2039Z
3738,Edu Expósito,Edu Expósito,Espanyol,40,7,5.710,2026-27,2026-09-19T2039Z
3759,Dmitrovic,Marko Dmitrovic,Espanyol,51,7,7.290,2026-27,2026-09-19T2039Z
3785,U. Núñez,Unai Núñez,Espanyol,23,5,4.600,2026-27,2026-09-19T2039Z
8228,Urko,Urko González de Zarate,Espanyol,19,7,2.710,2026-27,2026-09-19T2039Z
9987,Roberto,Roberto Fernández,Espanyol,55,7,7.860,2026-27,2026-09-19T2039Z
10893,Marcos,Marcos Fernández,Espanyol,26,6,4.330,2026-27,2026-09-19T2039Z
11467,Hartman,Quilindschy Hartman,Espanyol,6,3,2.000,2026-27,2026-09-19T2039Z
11863,Calatrava,Álex Calatrava,Espanyol,19,7,2.710,2026-27,2026-09-19T2039Z
14024,Javier Hernández,Javier Hernández,Espanyol,32,7,4.570,2026-27,2026-09-19T2039Z
14928,José Ángel,José Ángel López,Espanyol,1,1,1.000,2026-27,2026-09-19T2039Z
15316,Hinojo,Roger Hinojo,Espanyol,15,7,2.140,2026-27,2026-09-19T2039Z
16202,Dolan,Tyrhys Dolan,Espanyol,27,6,4.500,2026-27,2026-09-19T2039Z
16308,Riedel,Clemens Riedel,Espanyol,24,6,4.000,2026-27,2026-09-19T2039Z
582,Cabrera,Leandro Cabrera,Espanyol,19,4,4.750,2026-27,2026-09-19T2039Z
9779,Bryan,Bryan Zaragoza,Espanyol,11,4,2.750,2026-27,2026-09-19T2039Z
3799,Gorosabel,Andoni Gorosabel,Espanyol,0,0,0.000,2026-27,2026-09-19T2039Z
18308,Mullerat,Víctor Mullerat,Espanyol,0,0,0.000,2026-27,2026-09-19T2039Z
404,Bigas,Pedro Bigas,Elche,5,4,1.250,2026-27,2026-09-19T2039Z
5227,Villar,Gonzalo Villar,Elche,28,7,4.000,2026-27,2026-09-19T2039Z
6882,Tete Morente,Tete Morente,Elche,34,7,4.860,2026-27,2026-09-19T2039Z
7081,Fer Niño,Fernando Niño,Elche,48,7,6.860,2026-27,2026-09-19T2039Z
7658,Valera,Germán Valera,Elche,28,7,4.000,2026-27,2026-09-19T2039Z
8273,Chust,Víctor Chust,Elche,17,7,2.430,2026-27,2026-09-19T2039Z
9161,Dituro,Matías Dituro,Elche,20,7,2.860,2026-27,2026-09-19T2039Z
12878,Sangaré,Buba Sangaré,Elche,16,7,2.290,2026-27,2026-09-19T2039Z
14115,Barzic,Matia Barzic,Elche,3,1,3.000,2026-27,2026-09-19T2039Z
15505,Redondo,Federico Redondo,Elche,18,5,3.600,2026-27,2026-09-19T2039Z
17248,Cepeda,Lucas Cepeda,Elche,29,7,4.140,2026-27,2026-09-19T2039Z
17495,Morcillo,Javi Morcillo,Elche,13,5,2.600,2026-27,2026-09-19T2039Z
17151,Osorio,Abiel Osorio,Elche,10,4,2.500,2026-27,2026-09-19T2039Z
3427,Lemar,Thomas Lemar,Elche,17,4,4.250,2026-27,2026-09-19T2039Z
9695,Rubén Sánchez,Rubén Sánchez,Elche,6,3,2.000,2026-27,2026-09-19T2039Z
14377,Revivo,Roy Revivo,Elche,19,4,4.750,2026-27,2026-09-19T2039Z
44,R. de Galarreta,Íñigo Ruiz de Galarreta,Athletic,28,5,5.600,2026-27,2026-09-20T0525Z
697,Laporte,Aymeric Laporte,Athletic,37,6,6.170,2026-27,2026-09-20T0525Z
735,Yuri,Yuri Berchiche,Athletic,27,5,5.400,2026-27,2026-09-20T0525Z
1934,I. Williams,Iñaki Williams,Athletic,36,6,6.000,2026-27,2026-09-20T0525Z
3204,Berenguer,Álex Berenguer,Athletic,27,6,4.500,2026-27,2026-09-20T0525Z
3693,Unai Simón,Unai Simón,Athletic,46,6,7.670,2026-27,2026-09-20T0525Z
7006,Sancet,Oihan Sancet,Athletic,33,6,5.500,2026-27,2026-09-20T0525Z
7293,Navarro,Robert Navarro,Athletic,42,5,8.400,2026-27,2026-09-20T0525Z
7638,Areso,Jesús Areso,Athletic,16,5,3.200,2026-27,2026-09-20T0525Z
7916,Paredes,Aitor Paredes,Athletic,34,4,8.500,2026-27,2026-09-20T0525Z
8693,N. Williams,Nico Williams,Athletic,33,6,5.500,2026-27,2026-09-20T0525Z
12605,Jauregizar,Mikel Jauregizar,Athletic,18,5,3.600,2026-27,2026-09-20T0525Z
13830,Sannadi,Maroan Sannadi,Athletic,6,3,2.000,2026-27,2026-09-20T0525Z
14017,Canales,Peio Canales,Athletic,5,4,1.250,2026-27,2026-09-20T0525Z
16229,Johaneko,Johaneko Louis-Jean,Athletic,14,5,2.800,2026-27,2026-09-20T0525Z
7920,Serrano,Nico Serrano,Athletic,2,1,2.000,2026-27,2026-09-20T0525Z
1882,Cancelo,Joao Cancelo,Barcelona,19,6,3.170,2026-27,2026-09-20T0525Z
2288,Olmo,Dani Olmo,Barcelona,35,7,5.000,2026-27,2026-09-20T0525Z
2417,A. Christensen,Andreas Christensen,Barcelona,26,6,4.330,2026-27,2026-09-20T0525Z
4288,Raphinha,Raphinha,Barcelona,117,7,16.710,2026-27,2026-09-20T0525Z
7257,Pedri,Pedri González,Barcelona,49,7,7.000,2026-27,2026-09-20T0525Z
7542,Eric Garcia,Eric Garcia,Barcelona,32,6,5.330,2026-27,2026-09-20T0525Z
7595,Gordon,Anthony Gordon,Barcelona,32,6,5.330,2026-27,2026-09-20T0525Z
8395,Adeyemi,Karim Adeyemi,Barcelona,47,7,6.710,2026-27,2026-09-20T0525Z
11520,Yamal,Lamine Yamal,Barcelona,98,7,14.000,2026-27,2026-09-20T0525Z
11706,Cubarsí,Pau Cubarsí,Barcelona,27,5,5.400,2026-27,2026-09-20T0525Z
11709,Fermín,Fermín López,Barcelona,61,6,10.170,2026-27,2026-09-20T0525Z
12641,Martín,Gerard Martín,Barcelona,37,6,6.170,2026-27,2026-09-20T0525Z
13864,Bernal,Marc Bernal,Barcelona,36,7,5.140,2026-27,2026-09-20T0525Z
2733,Rodri,Rodri Hernández,Barcelona,29,6,4.830,2026-27,2026-09-20T0525Z
3589,Livakovic,Dominik Livakovic,Barcelona,6,1,6.000,2026-27,2026-09-20T0525Z
3724,Gabriel Jesús,Gabriel Jesus,Barcelona,12,3,4.000,2026-27,2026-09-20T0525Z
1945,Iglesias,Borja Iglesias,Celta,4,2,2.000,2026-27,2026-09-20T0525Z
5978,Radu,Ionut Radu,Celta,56,7,8.000,2026-27,2026-09-20T0525Z
6487,Galán,Javi Galán,Celta,16,6,2.670,2026-27,2026-09-20T0525Z
7199,Carreira,Sergio Carreira,Celta,24,7,3.430,2026-27,2026-09-20T0525Z
7842,Jutglà,Ferran Jutglà,Celta,31,7,4.430,2026-27,2026-09-20T0525Z
8082,Moriba,Ilaix Moriba,Celta,35,7,5.000,2026-27,2026-09-20T0525Z
9740,Hugo Álvarez,Hugo Álvarez,Celta,29,5,5.800,2026-27,2026-09-20T0525Z
9744,Hugo González,Hugo González,Celta,32,4,8.000,2026-27,2026-09-20T0525Z
10207,Swedberg,Williot Swedberg,Celta,14,6,2.330,2026-27,2026-09-20T0525Z
10822,Durán,Pablo Durán,Celta,24,5,4.800,2026-27,2026-09-20T0525Z
11767,Á. Núñez,Álvaro Núñez,Celta,17,3,5.670,2026-27,2026-09-20T0525Z
13035,Rueda,Javi Rueda,Celta,21,7,3.000,2026-27,2026-09-20T0525Z
13036,Lago,Yoel Lago,Celta,30,7,4.290,2026-27,2026-09-20T0525Z
13808,Román,Miguel Román,Celta,50,7,7.140,2026-27,2026-09-20T0525Z
16803,Burcio,Hugo Burcio,Celta,2,2,1.000,2026-27,2026-09-20T0525Z
13608,Cáceres,Sebastián Cáceres,Celta,8,2,4.000,2026-27,2026-09-20T0525Z
18242,Herrera,Asier Herrera,Levante,0,0,0.000,2026-27,2026-09-20T0525Z
14177,Céspedes,Andrés Céspedes,Málaga,0,0,0.000,2026-27,2026-09-20T0525Z
660,Rubén G.,Rubén García,Osasuna,25,7,3.570,2026-27,2026-09-20T0525Z
829,Aitor,Aitor Fernández,Osasuna,8,2,4.000,2026-27,2026-09-20T0525Z
1928,Torró,Lucas Torró,Osasuna,10,5,2.000,2026-27,2026-09-20T0525Z
3206,Kike Barja,Kike Barja,Osasuna,17,6,2.830,2026-27,2026-09-20T0525Z
3235,Diego Rico,Diego Rico,Osasuna,-1,2,-0.500,2026-27,2026-09-20T0525Z
6493,Catena,Alejandro Catena,Osasuna,28,6,4.670,2026-27,2026-09-20T0525Z
6611,Herrera,Sergio Herrera,Osasuna,22,5,4.400,2026-27,2026-09-20T0525Z
6635,Budimir,Ante Budimir,Osasuna,53,7,7.570,2026-27,2026-09-20T0525Z
7027,Raúl García,Raúl García,Osasuna,20,7,2.860,2026-27,2026-09-20T0525Z
7204,Moncayola,Jon Moncayola,Osasuna,19,7,2.710,2026-27,2026-09-20T0525Z
7870,Raul Moro,Raul Moro,Osasuna,13,5,2.600,2026-27,2026-09-20T0525Z
10208,Dubasin,Jonathan Dubasin,Osasuna,14,7,2.000,2026-27,2026-09-20T0525Z
11230,Bretones,Abel Bretones,Osasuna,20,7,2.860,2026-27,2026-09-20T0525Z
11362,Iker Muñoz,Iker Muñoz,Osasuna,17,6,2.830,2026-27,2026-09-20T0525Z
12453,Osambela,Asier Osambela,Osasuna,11,5,2.200,2026-27,2026-09-20T0525Z
12823,Arguibide,Iñigo Arguibide,Osasuna,16,7,2.290,2026-27,2026-09-20T0525Z
16982,Unai Santos,Unai Santos,Osasuna,3,2,1.500,2026-27,2026-09-20T0525Z
863,Lejeune,Florian Lejeune,Rayo,16,7,2.290,2026-27,2026-09-20T0525Z
867,Álvaro García,Álvaro García,Rayo,31,7,4.430,2026-27,2026-09-20T0525Z
1881,Unai López,Unai López,Rayo,39,7,5.570,2026-27,2026-09-20T0525Z
3623,Pedro Díaz,Pedro Díaz,Rayo,17,6,2.830,2026-27,2026-09-20T0525Z
6560,Ratiu,Andrei Ratiu,Rayo,21,6,3.500,2026-27,2026-09-20T0525Z
6562,Camello,Sergio Camello,Rayo,57,7,8.140,2026-27,2026-09-20T0525Z
6633,De Frutos,Jorge de Frutos,Rayo,16,5,3.200,2026-27,2026-09-20T0525Z
6889,Valentín,Óscar Valentín,Rayo,20,7,2.860,2026-27,2026-09-20T0525Z
7251,Balliu,Iván Balliu,Rayo,3,6,0.500,2026-27,2026-09-20T0525Z
7307,Pathé Ciss,Pathé Ciss,Rayo,34,7,4.860,2026-27,2026-09-20T0525Z
11758,Alemão,Alemão,Rayo,5,6,0.830,2026-27,2026-09-20T0525Z
8337,Tsitaishvili,Georgiy Tsitaishvili,Rayo,7,4,1.750,2026-27,2026-09-20T0525Z
5587,Pedrosa,Adrià Pedrosa,Rayo,24,5,4.800,2026-27,2026-09-20T0525Z
18273,Bouare,Gnangoro Bouare,Rayo,4,5,0.800,2026-27,2026-09-20T0525Z
2413,Audero,Emil Audero,Rayo,15,3,5.000,2026-27,2026-09-20T0525Z
5228,Mujaid,Mujaid Sadick,Rayo,10,3,3.330,2026-27,2026-09-20T0525Z
10830,Marín,Pablo Marín,Real Sociedad,0,0,0.000,2026-27,2026-09-20T0525Z
3736,Guridi,Jon Guridi,Sevilla,26,7,3.710,2026-27,2026-09-20T0525Z
6235,Vlachodimos,Odysseas Vlachodimos,Sevilla,46,7,6.570,2026-27,2026-09-20T0525Z
7249,Agoume,Lucien Agoume,Sevilla,37,7,5.290,2026-27,2026-09-20T0525Z
8686,Iglesias,Juan Iglesias,Sevilla,36,7,5.140,2026-27,2026-09-20T0525Z
9317,Carmona,José Ángel Carmona,Sevilla,4,3,1.330,2026-27,2026-09-20T0525Z
11680,Romero,Isaac Romero,Sevilla,20,6,3.330,2026-27,2026-09-20T0525Z
12042,Ejuke,Chidera Ejuke,Sevilla,22,6,3.670,2026-27,2026-09-20T0525Z
12358,Suazo,Gabriel Suazo,Sevilla,27,7,3.860,2026-27,2026-09-20T0525Z
13888,Castrín,Andrés Castrín,Sevilla,34,6,5.670,2026-27,2026-09-20T0525Z
16236,Sierra,Miguel Sierra,Sevilla,45,7,6.430,2026-27,2026-09-20T0525Z
18014,Sangante,Arouna Sangante,Sevilla,12,4,3.000,2026-27,2026-09-20T0525Z
18314,Ure,Robbie Ure,Sevilla,16,7,2.290,2026-27,2026-09-20T0525Z
7786,Kochorashvili,Giorgi Kochorashvili,Sevilla,16,5,3.200,2026-27,2026-09-20T0525Z
8703,Alfon,Alfonso González,Sevilla,4,2,2.000,2026-27,2026-09-20T0525Z
8091,Félix Correia,Félix Correia,Sevilla,15,3,5.000,2026-27,2026-09-20T0525Z
9670,Fofana,Youssouf Fofana,Sevilla,25,4,6.250,2026-27,2026-09-20T0525Z
189,Jonny,Jonny Castro,Alavés,36,6,6.000,2026-27,2026-09-20T0525Z
1059,Sivera,Antonio Sivera,Alavés,65,7,9.290,2026-27,2026-09-20T0525Z
2759,Aleñá,Carles Aleñá,Alavés,18,6,3.000,2026-27,2026-09-20T0525Z
3226,Mariano,Mariano Díaz,Alavés,44,7,6.290,2026-27,2026-09-20T0525Z
3802,Guevara,Ander Guevara,Alavés,10,3,3.330,2026-27,2026-09-20T0525Z
5032,Toni Martinez,Toni Martinez,Alavés,21,6,3.500,2026-27,2026-09-20T0525Z
5124,Boyé,Lucas Boyé,Alavés,40,6,6.670,2026-27,2026-09-20T0525Z
8737,Blanco,Antonio Blanco,Alavés,26,7,3.710,2026-27,2026-09-20T0525Z
9909,Tenaglia,Nahuel Tenaglia,Alavés,42,7,6.000,2026-27,2026-09-20T0525Z
10258,Ibáñez,Pablo Ibáñez,Alavés,37,7,5.290,2026-27,2026-09-20T0525Z
10448,Protesoni,Carlos Benavidez,Alavés,12,3,4.000,2026-27,2026-09-20T0525Z
10476,Rebbach,Abde Rebbach,Alavés,26,7,3.710,2026-27,2026-09-20T0525Z
14935,Youssef,Youssef Enríquez,Alavés,17,6,2.830,2026-27,2026-09-20T0525Z
15127,Ángel Pérez,Ángel Pérez,Alavés,53,7,7.570,2026-27,2026-09-20T0525Z
17284,Koski,Ville Koski,Alavés,50,7,7.140,2026-27,2026-09-20T0525Z
14979,Valentini,Nicolás Valentini,Alavés,14,4,3.500,2026-27,2026-09-20T0525Z
132,Canales,Sergio Canales,Racing,24,7,3.430,2026-27,2026-09-20T0525Z
3671,Villalibre,Asier Villalibre,Racing,9,6,1.500,2026-27,2026-09-20T0525Z
6442,Iñigo Vicente,Iñigo Vicente,Racing,37,7,5.290,2026-27,2026-09-20T0525Z
8972,Pablo Ramón,Pablo Ramón,Racing,16,5,3.200,2026-27,2026-09-20T0525Z
9213,Agirrezabala,Julen Agirrezabala,Racing,42,7,6.000,2026-27,2026-09-20T0525Z
10336,Mantilla,Álvaro Mantilla,Racing,6,6,1.000,2026-27,2026-09-20T0525Z
10338,Sainz-Maza,Íñigo Sainz-Maza,Racing,1,2,0.500,2026-27,2026-09-20T0525Z
14105,Salinas,Jorge Salinas,Racing,15,7,2.140,2026-27,2026-09-20T0525Z
18282,Zabiri,Yassir Zabiri,Racing,43,7,6.140,2026-27,2026-09-20T0525Z
10533,Almeida,André Almeida,Racing,5,3,1.670,2026-27,2026-09-20T0525Z
13822,Pablo García,Pablo García,Racing,21,6,3.500,2026-27,2026-09-20T0525Z
6563,Iván Martín,Iván Martín,Racing,16,5,3.200,2026-27,2026-09-20T0525Z
17148,Guliashvili,Giorgi Guliashvili,Racing,2,4,0.500,2026-27,2026-09-20T0525Z
3246,Aarón,Aarón Martín,Racing,0,3,0.000,2026-27,2026-09-20T0525Z
11286,Belocian,Jeanuël Belocian,Racing,8,3,2.670,2026-27,2026-09-20T0525Z
17130,Luque,Iker Luque,Racing,2,3,0.670,2026-27,2026-09-20T0525Z
63,Koke,Koke Resurrección,Atlético,32,7,4.570,2026-27,2026-09-21T0544Z
1826,Oblak,Jan Oblak,Atlético,49,7,7.000,2026-27,2026-09-21T0544Z
1931,M. Llorente,Marcos Llorente,Atlético,41,7,5.860,2026-27,2026-09-21T0544Z
2771,Grimaldo,Álex Grimaldo,Atlético,50,6,8.330,2026-27,2026-09-21T0544Z
4434,Lookman,Ademola Lookman,Atlético,30,7,4.290,2026-27,2026-09-21T0544Z
5995,Hancko,David Hancko,Atlético,44,7,6.290,2026-27,2026-09-21T0544Z
6002,Le Normand,Robin Le Normand,Atlético,27,4,6.750,2026-27,2026-09-21T0544Z
6337,Kang-In Lee,Kang-In Lee,Atlético,52,7,7.430,2026-27,2026-09-21T0544Z
7645,Baena,Álex Baena,Atlético,54,7,7.710,2026-27,2026-09-21T0544Z
9276,Giuliano,Giuliano Simeone,Atlético,43,7,6.140,2026-27,2026-09-21T0544Z
9823,Pubill,Marc Pubill,Atlético,25,6,4.170,2026-27,2026-09-21T0544Z
10393,Hjulmand,Morten Hjulmand,Atlético,22,7,3.140,2026-27,2026-09-21T0544Z
12647,Cardoso,Johnny Cardoso,Atlético,20,5,4.000,2026-27,2026-09-21T0544Z
10287,Alvarez,Julián Álvarez,Atlético,11,3,3.670,2026-27,2026-09-21T0544Z
6310,Romero,Cristian Romero,Atlético,30,4,7.500,2026-27,2026-09-21T0544Z
9573,Jonathan David,Jonathan David,Atlético,38,3,12.670,2026-27,2026-09-21T0544Z
322,Bartra,Marc Bartra,Betis,32,5,6.400,2026-27,2026-09-21T0544Z
336,Isco,Isco Alarcón,Betis,27,7,3.860,2026-27,2026-09-21T0544Z
2153,Bellerín,Héctor Bellerín,Betis,25,7,3.570,2026-27,2026-09-21T0544Z
2632,Fornals,Pablo Fornals,Betis,33,6,5.500,2026-27,2026-09-21T0544Z
3215,Marc Roca,Marc Roca,Betis,37,5,7.400,2026-27,2026-09-21T0544Z
3686,Valles,Álvaro Valles,Betis,76,7,10.860,2026-27,2026-09-21T0544Z
5546,Cucho,Cucho Hernández,Betis,39,7,5.570,2026-27,2026-09-21T0544Z
6392,Fran García,Fran García,Betis,28,6,4.670,2026-27,2026-09-21T0544Z
6450,Riquelme,Rodrigo Riquelme,Betis,35,7,5.000,2026-27,2026-09-21T0544Z
8405,Antony,Antony,Betis,42,7,6.000,2026-27,2026-09-21T0544Z
11813,Natan,Natan,Betis,47,6,7.830,2026-27,2026-09-21T0544Z
15696,Deossa,Nelson Deossa,Betis,41,7,5.860,2026-27,2026-09-21T0544Z
15736,Bernal,Facundo Bernal,Betis,27,7,3.860,2026-27,2026-09-21T0544Z
16203,Valentín Gómez,Valentín Gómez,Betis,29,3,9.670,2026-27,2026-09-21T0544Z
9750,Abde,Abde Ezzalzouli,Betis,24,4,6.000,2026-27,2026-09-21T0544Z
1062,Ceballos,Dani Ceballos,Betis,7,3,2.330,2026-27,2026-09-21T0544Z
392,Ximo,Ximo Navarro,Deportivo,19,6,3.170,2026-27,2026-09-21T0544Z
3414,Aubameyang,Pierre-Emerick Aubameyang,Deportivo,65,7,9.290,2026-27,2026-09-21T0544Z
7309,Riki,Riki Rodríguez,Deportivo,8,4,2.000,2026-27,2026-09-21T0544Z
8712,Mario,Mario Soriano,Deportivo,41,7,5.860,2026-27,2026-09-21T0544Z
9405,Leo Román,Leo Román,Deportivo,40,7,5.710,2026-27,2026-09-21T0544Z
9772,Luismi,Luismi Cruz,Deportivo,37,7,5.290,2026-27,2026-09-21T0544Z
10473,Quagliata,Giacomo Quagliata,Deportivo,23,7,3.290,2026-27,2026-09-21T0544Z
13972,Villares,Diego Villares,Deportivo,15,3,5.000,2026-27,2026-09-21T0544Z
13975,Mella,David Mella,Deportivo,6,3,2.000,2026-27,2026-09-21T0544Z
15351,Asp Jensen,Jonathan Asp Jensen,Deportivo,16,5,3.200,2026-27,2026-09-21T0544Z
16863,Bil Nsongo,Bil Nsongo,Deportivo,26,7,3.710,2026-27,2026-09-21T0544Z
18030,Ede,Bright Ede,Deportivo,17,4,4.250,2026-27,2026-09-21T0544Z
775,Giménez,José María Giménez,Deportivo,24,6,4.000,2026-27,2026-09-21T0544Z
13974,Yeremay,Yeremay Hernández,Deportivo,19,6,3.170,2026-27,2026-09-21T0544Z
972,A. Traoré,Adama Traoré,Deportivo,6,4,1.500,2026-27,2026-09-21T0544Z
10217,Casadó,Marc Casadó,Deportivo,9,3,3.000,2026-27,2026-09-21T0544Z
13970,Barcia,Dani Barcia,Deportivo,0,0,0.000,2026-27,2026-09-21T0544Z
899,Mojica,Johan Mojica,Getafe,27,6,4.500,2026-27,2026-09-21T0544Z
1919,Soria,David Soria,Getafe,53,7,7.570,2026-27,2026-09-21T0544Z
3751,Enes Ünal,Enes Ünal,Getafe,18,7,2.570,2026-27,2026-09-21T0544Z
3881,Djené,Dakonam Djené,Getafe,37,7,5.290,2026-27,2026-09-21T0544Z
8496,Satriano,Martín Satriano,Getafe,36,7,5.140,2026-27,2026-09-21T0544Z
8944,Terrats,Ramón Terrats,Getafe,41,6,6.830,2026-27,2026-09-21T0544Z
10463,Mangala,Orel Mangala,Getafe,24,7,3.430,2026-27,2026-09-21T0544Z
11905,Sazonov,Saba Sazonov,Getafe,8,4,2.000,2026-27,2026-09-21T0544Z
11916,Andrés García,Andrés García,Getafe,27,6,4.500,2026-27,2026-09-21T0544Z
14210,Romero,Zaid Romero,Getafe,42,6,7.000,2026-27,2026-09-21T0544Z
16004,Davinchi,Davinchi,Getafe,2,4,0.500,2026-27,2026-09-21T0544Z
7995,Francho,Francho Serrano,Getafe,16,5,3.200,2026-27,2026-09-21T0544Z
7028,Gudelj,Nemanja Gudelj,Getafe,15,5,3.000,2026-27,2026-09-21T0544Z
8782,Iván Azón,Iván Azón,Getafe,23,4,5.750,2026-27,2026-09-21T0544Z
1566,Mandi,Aissa Mandi,Levante,21,6,3.500,2026-27,2026-09-21T0544Z
1743,Ryan,Mathew Ryan,Levante,45,6,7.500,2026-27,2026-09-21T0544Z
4976,Toljan,Jeremy Toljan,Levante,10,6,1.670,2026-27,2026-09-21T0544Z
6346,De la Fuente,Adrián de la Fuente,Levante,30,6,5.000,2026-27,2026-09-21T0544Z
6605,Manu Sánchez,Manu Sánchez,Levante,16,6,2.670,2026-27,2026-09-21T0544Z
7629,Iván Romero,Iván Romero,Levante,29,6,4.830,2026-27,2026-09-21T0544Z
7644,Víctor García,Víctor García,Levante,6,5,1.200,2026-27,2026-09-21T0544Z
8088,Oriol Rey,Oriol Rey,Levante,24,6,4.000,2026-27,2026-09-21T0544Z
8961,Olasagasti,Jon Ander Olasagasti,Levante,29,6,4.830,2026-27,2026-09-21T0544Z
18006,Bardeli,Enzo Bardelli,Levante,30,6,5.000,2026-27,2026-09-21T0544Z
9157,Brugui,Roger Brugué,Levante,30,5,6.000,2026-27,2026-09-21T0544Z
12598,Requena,Dani Requena,Levante,2,3,0.670,2026-27,2026-09-21T0544Z
17116,Thiago,Thiago Fernández,Levante,14,4,3.500,2026-27,2026-09-21T0544Z
18406,Ndukwe,Ifeanyi Ndukwe,Levante,4,2,2.000,2026-27,2026-09-21T0544Z
18294,Musuayi,Yanis Musuayi,Levante,4,2,2.000,2026-27,2026-09-21T0544Z
11998,Ratkov,Petar Ratkov,Levante,2,2,1.000,2026-27,2026-09-21T0544Z
6050,Joaquín,Joaquín Muñoz,Málaga,21,7,3.000,2026-27,2026-09-21T0544Z
6814,Jauregi,Eneko Jauregi,Málaga,1,2,0.500,2026-27,2026-09-21T0544Z
6973,Herrero,Alfonso Herrero,Málaga,37,7,5.290,2026-27,2026-09-21T0544Z
7703,Enríquez,Ramón Enríquez,Málaga,9,7,1.290,2026-27,2026-09-21T0544Z
8250,Salinas,José Salinas,Málaga,16,6,2.670,2026-27,2026-09-21T0544Z
8780,Larrubia,David Larrubia,Málaga,17,7,2.430,2026-27,2026-09-21T0544Z
10823,Juan Cruz,Juan Cruz,Málaga,13,7,1.860,2026-27,2026-09-21T0544Z
10860,Dotor,Carlos Dotor,Málaga,28,6,4.670,2026-27,2026-09-21T0544Z
14096,Chupete,Chupete,Málaga,15,7,2.140,2026-27,2026-09-21T0544Z
15336,Rafa Rodríguez,Rafa Rodríguez,Málaga,8,4,2.000,2026-27,2026-09-21T0544Z
15344,Rafita,Rafa Garrido,Málaga,26,7,3.710,2026-27,2026-09-21T0544Z
15417,Recio,Angel Recio,Málaga,25,7,3.570,2026-27,2026-09-21T0544Z
16286,Lorenzo,Dani Lorenzo,Málaga,28,6,4.670,2026-27,2026-09-21T0544Z
7614,Pablo Martínez,Pablo Martínez,Málaga,19,5,3.800,2026-27,2026-09-21T0544Z
5671,Berrocal,Juan Berrocal,Málaga,8,2,4.000,2026-27,2026-09-21T0544Z
12475,Niño,Adrián Niño,Málaga,10,3,3.330,2026-27,2026-09-21T0544Z
59,Courtois,Thibaut Courtois,Real Madrid,41,7,5.860,2026-27,2026-09-21T0544Z
2536,Rüdiger,Antonio Rüdiger,Real Madrid,26,3,8.670,2026-27,2026-09-21T0544Z
3429,Mbappé,Kylian Mbappé,Real Madrid,82,7,11.710,2026-27,2026-09-21T0544Z
3431,Bernardo Silva,Bernardo Silva,Real Madrid,23,6,3.830,2026-27,2026-09-21T0544Z
3758,Valverde,Federico Valverde,Real Madrid,32,7,4.570,2026-27,2026-09-21T0544Z
4884,Konaté,Ibrahima Konaté,Real Madrid,19,6,3.170,2026-27,2026-09-21T0544Z
5013,Cucurella,Marc Cucurella,Real Madrid,20,7,2.860,2026-27,2026-09-21T0544Z
5565,Vinicius,Vinicius Junior,Real Madrid,50,7,7.140,2026-27,2026-09-21T0544Z
6055,Dumfries,Denzel Dumfries,Real Madrid,12,6,2.000,2026-27,2026-09-21T0544Z
8386,Bellingham,Jude Bellingham,Real Madrid,71,7,10.140,2026-27,2026-09-21T0544Z
8479,Camavinga,Eduardo Camavinga,Real Madrid,16,6,2.670,2026-27,2026-09-21T0544Z
11439,Güler,Arda Güler,Real Madrid,64,7,9.140,2026-27,2026-09-21T0544Z
11830,Huijsen,Dean Huijsen,Real Madrid,29,6,4.830,2026-27,2026-09-21T0544Z
15342,Y. Diomande,Yan Diomande,Real Madrid,30,7,4.290,2026-27,2026-09-21T0544Z
9669,Tchouaméni,Aurélien Tchouaméni,Real Madrid,9,3,3.000,2026-27,2026-09-21T0544Z
1975,Remiro,Álex Remiro,Real Sociedad,33,6,5.500,2026-27,2026-09-21T0544Z
2675,Oyarzabal,Mikel Oyarzabal,Real Sociedad,33,7,4.710,2026-27,2026-09-21T0544Z
2799,Carlos Soler,Carlos Soler,Real Sociedad,45,7,6.430,2026-27,2026-09-21T0544Z
6180,Sergio Gómez,Sergio Gómez,Real Sociedad,22,7,3.140,2026-27,2026-09-21T0544Z
6363,Barrenetxea,Ander Barrenetxea,Real Sociedad,30,6,5.000,2026-27,2026-09-21T0544Z
6394,Aihen,Aihen Muñoz,Real Sociedad,3,2,1.500,2026-27,2026-09-21T0544Z
6446,Herrera,Yangel Herrera,Real Sociedad,25,7,3.570,2026-27,2026-09-21T0544Z
8392,L. Sucic,Luka Sucic,Real Sociedad,40,7,5.710,2026-27,2026-09-21T0544Z
9011,Zakharyan,Arsen Zakharyan,Real Sociedad,4,3,1.330,2026-27,2026-09-21T0544Z
10660,Óskarsson,Orri Steinn Óskarsson,Real Sociedad,14,6,2.330,2026-27,2026-09-21T0544Z
11792,Jon Martín,Jon Martín,Real Sociedad,13,6,2.170,2026-27,2026-09-21T0544Z
12538,Aramburu,Jon Aramburu,Real Sociedad,21,7,3.000,2026-27,2026-09-21T0544Z
14021,Ochieng,Job Ochieng,Real Sociedad,23,4,5.750,2026-27,2026-09-21T0544Z
15273,Beitia,Luken Beitia,Real Sociedad,2,3,0.670,2026-27,2026-09-21T0544Z
2242,Guedes,Gonçalo Guedes,Real Sociedad,22,6,3.670,2026-27,2026-09-21T0544Z
11683,Gorrotxategi,Jon Gorrotxategi,Real Sociedad,9,5,1.800,2026-27,2026-09-21T0544Z
663,Gayà,José Gayà,Valencia,19,5,3.800,2026-27,2026-09-21T0544Z
989,Dimitrievski,Stole Dimitrievski,Valencia,36,7,5.140,2026-27,2026-09-21T0544Z
2663,Maffeo,Pablo Maffeo,Valencia,11,6,1.830,2026-27,2026-09-21T0544Z
2715,Pepelu,Pepelu,Valencia,33,7,4.710,2026-27,2026-09-21T0544Z
5019,Duro,Hugo Duro,Valencia,17,7,2.430,2026-27,2026-09-21T0544Z
6174,Danjuma,Arnaut Danjuma,Valencia,25,7,3.570,2026-27,2026-09-21T0544Z
7676,Guido,Guido Rodríguez,Valencia,21,4,5.250,2026-27,2026-09-21T0544Z
8684,Jesús Vázquez,Jesús Vázquez,Valencia,14,7,2.000,2026-27,2026-09-21T0544Z
9927,Javi Guerra,Javi Guerra,Valencia,30,7,4.290,2026-27,2026-09-21T0544Z
12025,Ugrinic,Filip Ugrinic,Valencia,20,7,2.860,2026-27,2026-09-21T0544Z
12594,Otorbi,David Otorbi,Valencia,5,6,0.830,2026-27,2026-09-21T0544Z
18018,De Haas,Justin de Haas,Valencia,12,3,4.000,2026-27,2026-09-21T0544Z
6665,Rioja,Luis Rioja,Valencia,18,4,4.500,2026-27,2026-09-21T0544Z
17376,Mayol,Aaron Ndive Mayol,Valencia,9,2,4.500,2026-27,2026-09-21T0544Z
6580,Elliott,Harvey Elliott,Valencia,4,3,1.330,2026-27,2026-09-21T0544Z
16018,Blázquez,Aimar Blázquez,Valencia,0,1,0.000,2026-27,2026-09-21T0544Z
843,Gerard,Gerard Moreno,Villarreal,38,6,6.330,2026-27,2026-09-21T0544Z
3106,Gulacsi,Péter Gulácsi,Villarreal,18,3,6.000,2026-27,2026-09-21T0544Z
4511,Ayoze,Ayoze Pérez,Villarreal,35,7,5.000,2026-27,2026-09-21T0544Z
7209,Pépé,Nicolas Pépé,Villarreal,40,6,6.670,2026-27,2026-09-21T0544Z
8413,Pape Gueye,Pape Gueye,Villarreal,38,7,5.430,2026-27,2026-09-21T0544Z
9763,Akhomach,Ilias Akhomach,Villarreal,29,6,4.830,2026-27,2026-09-21T0544Z
9989,S. Cardona,Sergi Cardona,Villarreal,9,3,3.000,2026-27,2026-09-21T0544Z
9990,Moleiro,Alberto Moleiro,Villarreal,52,7,7.430,2026-27,2026-09-21T0544Z
10114,Veiga,Renato Veiga,Villarreal,30,7,4.290,2026-27,2026-09-21T0544Z
10638,Buchanan,Tajon Buchanan,Villarreal,16,7,2.290,2026-27,2026-09-21T0544Z
11678,Mouriño,Santiago Mouriño,Villarreal,11,6,1.830,2026-27,2026-09-21T0544Z
12139,Mikautadze,Georges Mikautadze,Villarreal,45,7,6.430,2026-27,2026-09-21T0544Z
12860,Pau Navarro,Pau Navarro,Villarreal,9,3,3.000,2026-27,2026-09-21T0544Z
16938,Carlos Macià,Carlos Macià,Villarreal,11,4,2.750,2026-27,2026-09-21T0544Z
17275,Freeman,Alex Freeman,Villarreal,20,6,3.330,2026-27,2026-09-21T0544Z
17695,Saliba,Nathan-Dylan Saliba,Villarreal,16,4,4.000,2026-27,2026-09-21T0544Z
